acasxu_2023,/home/elipregerson/nnenum/vnncomp2025_benchmarks/benchmarks/acasxu_2023/onnx/ACASXU_run2a_1_1_batch_2000.onnx,/home/elipregerson/nnenum/vnncomp2025_benchmarks/benchmarks/acasxu_2023/vnnlib/prop_1.vnnlib,.009728377,unsat,.777124426
acasxu_2023,/home/elipregerson/nnenum/vnncomp2025_benchmarks/benchmarks/acasxu_2023/onnx/ACASXU_run2a_1_2_batch_2000.onnx,/home/elipregerson/nnenum/vnncomp2025_benchmarks/benchmarks/acasxu_2023/vnnlib/prop_1.vnnlib,.006055960,unsat,.865868796
acasxu_2023,/home/elipregerson/nnenum/vnncomp2025_benchmarks/benchmarks/acasxu_2023/onnx/ACASXU_run2a_1_3_batch_2000.onnx,/home/elipregerson/nnenum/vnncomp2025_benchmarks/benchmarks/acasxu_2023/vnnlib/prop_1.vnnlib,.006108733,unsat,.857826432
acasxu_2023,/home/elipregerson/nnenum/vnncomp2025_benchmarks/benchmarks/acasxu_2023/onnx/ACASXU_run2a_1_4_batch_2000.onnx,/home/elipregerson/nnenum/vnncomp2025_benchmarks/benchmarks/acasxu_2023/vnnlib/prop_1.vnnlib,.005903419,unsat,.883820777
acasxu_2023,/home/elipregerson/nnenum/vnncomp2025_benchmarks/benchmarks/acasxu_2023/onnx/ACASXU_run2a_1_5_batch_2000.onnx,/home/elipregerson/nnenum/vnncomp2025_benchmarks/benchmarks/acasxu_2023/vnnlib/prop_1.vnnlib,.005858474,unsat,.818865116
acasxu_2023,/home/elipregerson/nnenum/vnncomp2025_benchmarks/benchmarks/acasxu_2023/onnx/ACASXU_run2a_1_6_batch_2000.onnx,/home/elipregerson/nnenum/vnncomp2025_benchmarks/benchmarks/acasxu_2023/vnnlib/prop_1.vnnlib,.006040058,unsat,.910544677
acasxu_2023,/home/elipregerson/nnenum/vnncomp2025_benchmarks/benchmarks/acasxu_2023/onnx/ACASXU_run2a_1_7_batch_2000.onnx,/home/elipregerson/nnenum/vnncomp2025_benchmarks/benchmarks/acasxu_2023/vnnlib/prop_1.vnnlib,.005968514,unsat,.777423078
acasxu_2023,/home/elipregerson/nnenum/vnncomp2025_benchmarks/benchmarks/acasxu_2023/onnx/ACASXU_run2a_1_8_batch_2000.onnx,/home/elipregerson/nnenum/vnncomp2025_benchmarks/benchmarks/acasxu_2023/vnnlib/prop_1.vnnlib,.005983233,unsat,.867486603
acasxu_2023,/home/elipregerson/nnenum/vnncomp2025_benchmarks/benchmarks/acasxu_2023/onnx/ACASXU_run2a_1_9_batch_2000.onnx,/home/elipregerson/nnenum/vnncomp2025_benchmarks/benchmarks/acasxu_2023/vnnlib/prop_1.vnnlib,.006030230,unsat,.748755122
acasxu_2023,/home/elipregerson/nnenum/vnncomp2025_benchmarks/benchmarks/acasxu_2023/onnx/ACASXU_run2a_2_1_batch_2000.onnx,/home/elipregerson/nnenum/vnncomp2025_benchmarks/benchmarks/acasxu_2023/vnnlib/prop_1.vnnlib,.006092219,unsat,.924812453
acasxu_2023,/home/elipregerson/nnenum/vnncomp2025_benchmarks/benchmarks/acasxu_2023/onnx/ACASXU_run2a_2_2_batch_2000.onnx,/home/elipregerson/nnenum/vnncomp2025_benchmarks/benchmarks/acasxu_2023/vnnlib/prop_1.vnnlib,.006026135,unsat,1.296079388
acasxu_2023,/home/elipregerson/nnenum/vnncomp2025_benchmarks/benchmarks/acasxu_2023/onnx/ACASXU_run2a_2_3_batch_2000.onnx,/home/elipregerson/nnenum/vnncomp2025_benchmarks/benchmarks/acasxu_2023/vnnlib/prop_1.vnnlib,.006272992,unsat,1.107474206
acasxu_2023,/home/elipregerson/nnenum/vnncomp2025_benchmarks/benchmarks/acasxu_2023/onnx/ACASXU_run2a_2_4_batch_2000.onnx,/home/elipregerson/nnenum/vnncomp2025_benchmarks/benchmarks/acasxu_2023/vnnlib/prop_1.vnnlib,.005866171,unsat,.948202103
acasxu_2023,/home/elipregerson/nnenum/vnncomp2025_benchmarks/benchmarks/acasxu_2023/onnx/ACASXU_run2a_2_5_batch_2000.onnx,/home/elipregerson/nnenum/vnncomp2025_benchmarks/benchmarks/acasxu_2023/vnnlib/prop_1.vnnlib,.006081101,unsat,1.478631904
acasxu_2023,/home/elipregerson/nnenum/vnncomp2025_benchmarks/benchmarks/acasxu_2023/onnx/ACASXU_run2a_2_6_batch_2000.onnx,/home/elipregerson/nnenum/vnncomp2025_benchmarks/benchmarks/acasxu_2023/vnnlib/prop_1.vnnlib,.006043495,unsat,1.205515860
acasxu_2023,/home/elipregerson/nnenum/vnncomp2025_benchmarks/benchmarks/acasxu_2023/onnx/ACASXU_run2a_2_7_batch_2000.onnx,/home/elipregerson/nnenum/vnncomp2025_benchmarks/benchmarks/acasxu_2023/vnnlib/prop_1.vnnlib,.006059800,unsat,1.914298269
acasxu_2023,/home/elipregerson/nnenum/vnncomp2025_benchmarks/benchmarks/acasxu_2023/onnx/ACASXU_run2a_2_8_batch_2000.onnx,/home/elipregerson/nnenum/vnncomp2025_benchmarks/benchmarks/acasxu_2023/vnnlib/prop_1.vnnlib,.005932502,unsat,1.762072387
acasxu_2023,/home/elipregerson/nnenum/vnncomp2025_benchmarks/benchmarks/acasxu_2023/onnx/ACASXU_run2a_2_9_batch_2000.onnx,/home/elipregerson/nnenum/vnncomp2025_benchmarks/benchmarks/acasxu_2023/vnnlib/prop_1.vnnlib,.005919322,unsat,2.054122468
acasxu_2023,/home/elipregerson/nnenum/vnncomp2025_benchmarks/benchmarks/acasxu_2023/onnx/ACASXU_run2a_3_1_batch_2000.onnx,/home/elipregerson/nnenum/vnncomp2025_benchmarks/benchmarks/acasxu_2023/vnnlib/prop_1.vnnlib,.005984310,unsat,1.027039553
acasxu_2023,/home/elipregerson/nnenum/vnncomp2025_benchmarks/benchmarks/acasxu_2023/onnx/ACASXU_run2a_3_2_batch_2000.onnx,/home/elipregerson/nnenum/vnncomp2025_benchmarks/benchmarks/acasxu_2023/vnnlib/prop_1.vnnlib,.005942874,unsat,.949101389
acasxu_2023,/home/elipregerson/nnenum/vnncomp2025_benchmarks/benchmarks/acasxu_2023/onnx/ACASXU_run2a_3_3_batch_2000.onnx,/home/elipregerson/nnenum/vnncomp2025_benchmarks/benchmarks/acasxu_2023/vnnlib/prop_1.vnnlib,.006041060,unsat,.968610859
acasxu_2023,/home/elipregerson/nnenum/vnncomp2025_benchmarks/benchmarks/acasxu_2023/onnx/ACASXU_run2a_3_4_batch_2000.onnx,/home/elipregerson/nnenum/vnncomp2025_benchmarks/benchmarks/acasxu_2023/vnnlib/prop_1.vnnlib,.006241623,unsat,.925491136
acasxu_2023,/home/elipregerson/nnenum/vnncomp2025_benchmarks/benchmarks/acasxu_2023/onnx/ACASXU_run2a_3_5_batch_2000.onnx,/home/elipregerson/nnenum/vnncomp2025_benchmarks/benchmarks/acasxu_2023/vnnlib/prop_1.vnnlib,.006236258,unsat,1.440923283
acasxu_2023,/home/elipregerson/nnenum/vnncomp2025_benchmarks/benchmarks/acasxu_2023/onnx/ACASXU_run2a_3_6_batch_2000.onnx,/home/elipregerson/nnenum/vnncomp2025_benchmarks/benchmarks/acasxu_2023/vnnlib/prop_1.vnnlib,.006115167,unsat,2.185101322
acasxu_2023,/home/elipregerson/nnenum/vnncomp2025_benchmarks/benchmarks/acasxu_2023/onnx/ACASXU_run2a_3_7_batch_2000.onnx,/home/elipregerson/nnenum/vnncomp2025_benchmarks/benchmarks/acasxu_2023/vnnlib/prop_1.vnnlib,.006067430,unsat,1.977046310
acasxu_2023,/home/elipregerson/nnenum/vnncomp2025_benchmarks/benchmarks/acasxu_2023/onnx/ACASXU_run2a_3_8_batch_2000.onnx,/home/elipregerson/nnenum/vnncomp2025_benchmarks/benchmarks/acasxu_2023/vnnlib/prop_1.vnnlib,.006395868,unsat,1.660097346
acasxu_2023,/home/elipregerson/nnenum/vnncomp2025_benchmarks/benchmarks/acasxu_2023/onnx/ACASXU_run2a_3_9_batch_2000.onnx,/home/elipregerson/nnenum/vnncomp2025_benchmarks/benchmarks/acasxu_2023/vnnlib/prop_1.vnnlib,.006005540,unsat,1.596993289
acasxu_2023,/home/elipregerson/nnenum/vnncomp2025_benchmarks/benchmarks/acasxu_2023/onnx/ACASXU_run2a_4_1_batch_2000.onnx,/home/elipregerson/nnenum/vnncomp2025_benchmarks/benchmarks/acasxu_2023/vnnlib/prop_1.vnnlib,.006220827,unsat,1.466270105
acasxu_2023,/home/elipregerson/nnenum/vnncomp2025_benchmarks/benchmarks/acasxu_2023/onnx/ACASXU_run2a_4_2_batch_2000.onnx,/home/elipregerson/nnenum/vnncomp2025_benchmarks/benchmarks/acasxu_2023/vnnlib/prop_1.vnnlib,.006076031,unsat,1.136847804
acasxu_2023,/home/elipregerson/nnenum/vnncomp2025_benchmarks/benchmarks/acasxu_2023/onnx/ACASXU_run2a_4_3_batch_2000.onnx,/home/elipregerson/nnenum/vnncomp2025_benchmarks/benchmarks/acasxu_2023/vnnlib/prop_1.vnnlib,.010586655,unsat,1.000302770
acasxu_2023,/home/elipregerson/nnenum/vnncomp2025_benchmarks/benchmarks/acasxu_2023/onnx/ACASXU_run2a_4_4_batch_2000.onnx,/home/elipregerson/nnenum/vnncomp2025_benchmarks/benchmarks/acasxu_2023/vnnlib/prop_1.vnnlib,.006165887,unsat,.898841874
acasxu_2023,/home/elipregerson/nnenum/vnncomp2025_benchmarks/benchmarks/acasxu_2023/onnx/ACASXU_run2a_4_5_batch_2000.onnx,/home/elipregerson/nnenum/vnncomp2025_benchmarks/benchmarks/acasxu_2023/vnnlib/prop_1.vnnlib,.006136591,unsat,1.315279401
acasxu_2023,/home/elipregerson/nnenum/vnncomp2025_benchmarks/benchmarks/acasxu_2023/onnx/ACASXU_run2a_4_6_batch_2000.onnx,/home/elipregerson/nnenum/vnncomp2025_benchmarks/benchmarks/acasxu_2023/vnnlib/prop_1.vnnlib,.006062428,unsat,2.668096866
acasxu_2023,/home/elipregerson/nnenum/vnncomp2025_benchmarks/benchmarks/acasxu_2023/onnx/ACASXU_run2a_4_7_batch_2000.onnx,/home/elipregerson/nnenum/vnncomp2025_benchmarks/benchmarks/acasxu_2023/vnnlib/prop_1.vnnlib,.006079960,unsat,1.931133199
acasxu_2023,/home/elipregerson/nnenum/vnncomp2025_benchmarks/benchmarks/acasxu_2023/onnx/ACASXU_run2a_4_8_batch_2000.onnx,/home/elipregerson/nnenum/vnncomp2025_benchmarks/benchmarks/acasxu_2023/vnnlib/prop_1.vnnlib,.006060867,unsat,1.608172203
acasxu_2023,/home/elipregerson/nnenum/vnncomp2025_benchmarks/benchmarks/acasxu_2023/onnx/ACASXU_run2a_4_9_batch_2000.onnx,/home/elipregerson/nnenum/vnncomp2025_benchmarks/benchmarks/acasxu_2023/vnnlib/prop_1.vnnlib,.006148062,unsat,3.421062860
acasxu_2023,/home/elipregerson/nnenum/vnncomp2025_benchmarks/benchmarks/acasxu_2023/onnx/ACASXU_run2a_5_1_batch_2000.onnx,/home/elipregerson/nnenum/vnncomp2025_benchmarks/benchmarks/acasxu_2023/vnnlib/prop_1.vnnlib,.005936290,unsat,.902781395
acasxu_2023,/home/elipregerson/nnenum/vnncomp2025_benchmarks/benchmarks/acasxu_2023/onnx/ACASXU_run2a_5_2_batch_2000.onnx,/home/elipregerson/nnenum/vnncomp2025_benchmarks/benchmarks/acasxu_2023/vnnlib/prop_1.vnnlib,.006024477,unsat,1.019697625
acasxu_2023,/home/elipregerson/nnenum/vnncomp2025_benchmarks/benchmarks/acasxu_2023/onnx/ACASXU_run2a_5_3_batch_2000.onnx,/home/elipregerson/nnenum/vnncomp2025_benchmarks/benchmarks/acasxu_2023/vnnlib/prop_1.vnnlib,.006018217,unsat,.825868168
acasxu_2023,/home/elipregerson/nnenum/vnncomp2025_benchmarks/benchmarks/acasxu_2023/onnx/ACASXU_run2a_5_4_batch_2000.onnx,/home/elipregerson/nnenum/vnncomp2025_benchmarks/benchmarks/acasxu_2023/vnnlib/prop_1.vnnlib,.006454007,unsat,.979586539
acasxu_2023,/home/elipregerson/nnenum/vnncomp2025_benchmarks/benchmarks/acasxu_2023/onnx/ACASXU_run2a_5_5_batch_2000.onnx,/home/elipregerson/nnenum/vnncomp2025_benchmarks/benchmarks/acasxu_2023/vnnlib/prop_1.vnnlib,.006300529,unsat,1.127360790
acasxu_2023,/home/elipregerson/nnenum/vnncomp2025_benchmarks/benchmarks/acasxu_2023/onnx/ACASXU_run2a_5_6_batch_2000.onnx,/home/elipregerson/nnenum/vnncomp2025_benchmarks/benchmarks/acasxu_2023/vnnlib/prop_1.vnnlib,.006053648,unsat,1.556723813
acasxu_2023,/home/elipregerson/nnenum/vnncomp2025_benchmarks/benchmarks/acasxu_2023/onnx/ACASXU_run2a_5_7_batch_2000.onnx,/home/elipregerson/nnenum/vnncomp2025_benchmarks/benchmarks/acasxu_2023/vnnlib/prop_1.vnnlib,.006031710,unsat,1.429990842
acasxu_2023,/home/elipregerson/nnenum/vnncomp2025_benchmarks/benchmarks/acasxu_2023/onnx/ACASXU_run2a_5_8_batch_2000.onnx,/home/elipregerson/nnenum/vnncomp2025_benchmarks/benchmarks/acasxu_2023/vnnlib/prop_1.vnnlib,.006105334,unsat,1.621711369
acasxu_2023,/home/elipregerson/nnenum/vnncomp2025_benchmarks/benchmarks/acasxu_2023/onnx/ACASXU_run2a_5_9_batch_2000.onnx,/home/elipregerson/nnenum/vnncomp2025_benchmarks/benchmarks/acasxu_2023/vnnlib/prop_1.vnnlib,.006011612,unsat,1.944358475
acasxu_2023,/home/elipregerson/nnenum/vnncomp2025_benchmarks/benchmarks/acasxu_2023/onnx/ACASXU_run2a_1_1_batch_2000.onnx,/home/elipregerson/nnenum/vnncomp2025_benchmarks/benchmarks/acasxu_2023/vnnlib/prop_2.vnnlib,.006238902,unsat,.864877218
acasxu_2023,/home/elipregerson/nnenum/vnncomp2025_benchmarks/benchmarks/acasxu_2023/onnx/ACASXU_run2a_1_2_batch_2000.onnx,/home/elipregerson/nnenum/vnncomp2025_benchmarks/benchmarks/acasxu_2023/vnnlib/prop_2.vnnlib,.006041225,sat,.650925620
acasxu_2023,/home/elipregerson/nnenum/vnncomp2025_benchmarks/benchmarks/acasxu_2023/onnx/ACASXU_run2a_1_3_batch_2000.onnx,/home/elipregerson/nnenum/vnncomp2025_benchmarks/benchmarks/acasxu_2023/vnnlib/prop_2.vnnlib,.006213611,sat,1.052769262
acasxu_2023,/home/elipregerson/nnenum/vnncomp2025_benchmarks/benchmarks/acasxu_2023/onnx/ACASXU_run2a_1_4_batch_2000.onnx,/home/elipregerson/nnenum/vnncomp2025_benchmarks/benchmarks/acasxu_2023/vnnlib/prop_2.vnnlib,.005985914,sat,.656155058
acasxu_2023,/home/elipregerson/nnenum/vnncomp2025_benchmarks/benchmarks/acasxu_2023/onnx/ACASXU_run2a_1_5_batch_2000.onnx,/home/elipregerson/nnenum/vnncomp2025_benchmarks/benchmarks/acasxu_2023/vnnlib/prop_2.vnnlib,.006220326,sat,.654049607
acasxu_2023,/home/elipregerson/nnenum/vnncomp2025_benchmarks/benchmarks/acasxu_2023/onnx/ACASXU_run2a_1_6_batch_2000.onnx,/home/elipregerson/nnenum/vnncomp2025_benchmarks/benchmarks/acasxu_2023/vnnlib/prop_2.vnnlib,.006151972,sat,.892724621
acasxu_2023,/home/elipregerson/nnenum/vnncomp2025_benchmarks/benchmarks/acasxu_2023/onnx/ACASXU_run2a_1_7_batch_2000.onnx,/home/elipregerson/nnenum/vnncomp2025_benchmarks/benchmarks/acasxu_2023/vnnlib/prop_2.vnnlib,.006076930,unsat,1.030635770
acasxu_2023,/home/elipregerson/nnenum/vnncomp2025_benchmarks/benchmarks/acasxu_2023/onnx/ACASXU_run2a_1_8_batch_2000.onnx,/home/elipregerson/nnenum/vnncomp2025_benchmarks/benchmarks/acasxu_2023/vnnlib/prop_2.vnnlib,.006082977,unsat,1.298444258
acasxu_2023,/home/elipregerson/nnenum/vnncomp2025_benchmarks/benchmarks/acasxu_2023/onnx/ACASXU_run2a_1_9_batch_2000.onnx,/home/elipregerson/nnenum/vnncomp2025_benchmarks/benchmarks/acasxu_2023/vnnlib/prop_2.vnnlib,.006591546,unsat,.998164242
acasxu_2023,/home/elipregerson/nnenum/vnncomp2025_benchmarks/benchmarks/acasxu_2023/onnx/ACASXU_run2a_2_1_batch_2000.onnx,/home/elipregerson/nnenum/vnncomp2025_benchmarks/benchmarks/acasxu_2023/vnnlib/prop_2.vnnlib,.005926623,sat,.626091541
acasxu_2023,/home/elipregerson/nnenum/vnncomp2025_benchmarks/benchmarks/acasxu_2023/onnx/ACASXU_run2a_2_2_batch_2000.onnx,/home/elipregerson/nnenum/vnncomp2025_benchmarks/benchmarks/acasxu_2023/vnnlib/prop_2.vnnlib,.006085471,sat,.599829646
acasxu_2023,/home/elipregerson/nnenum/vnncomp2025_benchmarks/benchmarks/acasxu_2023/onnx/ACASXU_run2a_2_3_batch_2000.onnx,/home/elipregerson/nnenum/vnncomp2025_benchmarks/benchmarks/acasxu_2023/vnnlib/prop_2.vnnlib,.005975970,sat,.591157470
acasxu_2023,/home/elipregerson/nnenum/vnncomp2025_benchmarks/benchmarks/acasxu_2023/onnx/ACASXU_run2a_2_4_batch_2000.onnx,/home/elipregerson/nnenum/vnncomp2025_benchmarks/benchmarks/acasxu_2023/vnnlib/prop_2.vnnlib,.006276345,sat,.596299118
acasxu_2023,/home/elipregerson/nnenum/vnncomp2025_benchmarks/benchmarks/acasxu_2023/onnx/ACASXU_run2a_2_5_batch_2000.onnx,/home/elipregerson/nnenum/vnncomp2025_benchmarks/benchmarks/acasxu_2023/vnnlib/prop_2.vnnlib,.006015723,sat,.592254610
acasxu_2023,/home/elipregerson/nnenum/vnncomp2025_benchmarks/benchmarks/acasxu_2023/onnx/ACASXU_run2a_2_6_batch_2000.onnx,/home/elipregerson/nnenum/vnncomp2025_benchmarks/benchmarks/acasxu_2023/vnnlib/prop_2.vnnlib,.006015572,sat,.601313529
acasxu_2023,/home/elipregerson/nnenum/vnncomp2025_benchmarks/benchmarks/acasxu_2023/onnx/ACASXU_run2a_2_7_batch_2000.onnx,/home/elipregerson/nnenum/vnncomp2025_benchmarks/benchmarks/acasxu_2023/vnnlib/prop_2.vnnlib,.006065819,sat,.603590591
acasxu_2023,/home/elipregerson/nnenum/vnncomp2025_benchmarks/benchmarks/acasxu_2023/onnx/ACASXU_run2a_2_8_batch_2000.onnx,/home/elipregerson/nnenum/vnncomp2025_benchmarks/benchmarks/acasxu_2023/vnnlib/prop_2.vnnlib,.005965359,sat,.589941917
acasxu_2023,/home/elipregerson/nnenum/vnncomp2025_benchmarks/benchmarks/acasxu_2023/onnx/ACASXU_run2a_2_9_batch_2000.onnx,/home/elipregerson/nnenum/vnncomp2025_benchmarks/benchmarks/acasxu_2023/vnnlib/prop_2.vnnlib,.006174201,sat,.695286577
acasxu_2023,/home/elipregerson/nnenum/vnncomp2025_benchmarks/benchmarks/acasxu_2023/onnx/ACASXU_run2a_3_1_batch_2000.onnx,/home/elipregerson/nnenum/vnncomp2025_benchmarks/benchmarks/acasxu_2023/vnnlib/prop_2.vnnlib,.006046811,sat,.610422325
acasxu_2023,/home/elipregerson/nnenum/vnncomp2025_benchmarks/benchmarks/acasxu_2023/onnx/ACASXU_run2a_3_2_batch_2000.onnx,/home/elipregerson/nnenum/vnncomp2025_benchmarks/benchmarks/acasxu_2023/vnnlib/prop_2.vnnlib,.006053860,sat,.650345239
acasxu_2023,/home/elipregerson/nnenum/vnncomp2025_benchmarks/benchmarks/acasxu_2023/onnx/ACASXU_run2a_3_3_batch_2000.onnx,/home/elipregerson/nnenum/vnncomp2025_benchmarks/benchmarks/acasxu_2023/vnnlib/prop_2.vnnlib,.006039862,unsat,5.888606083
acasxu_2023,/home/elipregerson/nnenum/vnncomp2025_benchmarks/benchmarks/acasxu_2023/onnx/ACASXU_run2a_3_4_batch_2000.onnx,/home/elipregerson/nnenum/vnncomp2025_benchmarks/benchmarks/acasxu_2023/vnnlib/prop_2.vnnlib,.006055355,sat,.634366892
acasxu_2023,/home/elipregerson/nnenum/vnncomp2025_benchmarks/benchmarks/acasxu_2023/onnx/ACASXU_run2a_3_5_batch_2000.onnx,/home/elipregerson/nnenum/vnncomp2025_benchmarks/benchmarks/acasxu_2023/vnnlib/prop_2.vnnlib,.006103635,sat,.614178298
acasxu_2023,/home/elipregerson/nnenum/vnncomp2025_benchmarks/benchmarks/acasxu_2023/onnx/ACASXU_run2a_3_6_batch_2000.onnx,/home/elipregerson/nnenum/vnncomp2025_benchmarks/benchmarks/acasxu_2023/vnnlib/prop_2.vnnlib,.006300859,sat,.648063318
acasxu_2023,/home/elipregerson/nnenum/vnncomp2025_benchmarks/benchmarks/acasxu_2023/onnx/ACASXU_run2a_3_7_batch_2000.onnx,/home/elipregerson/nnenum/vnncomp2025_benchmarks/benchmarks/acasxu_2023/vnnlib/prop_2.vnnlib,.005935351,sat,1.051399805
acasxu_2023,/home/elipregerson/nnenum/vnncomp2025_benchmarks/benchmarks/acasxu_2023/onnx/ACASXU_run2a_3_8_batch_2000.onnx,/home/elipregerson/nnenum/vnncomp2025_benchmarks/benchmarks/acasxu_2023/vnnlib/prop_2.vnnlib,.006120702,sat,.643129199
acasxu_2023,/home/elipregerson/nnenum/vnncomp2025_benchmarks/benchmarks/acasxu_2023/onnx/ACASXU_run2a_3_9_batch_2000.onnx,/home/elipregerson/nnenum/vnncomp2025_benchmarks/benchmarks/acasxu_2023/vnnlib/prop_2.vnnlib,.005994567,sat,.625100615
acasxu_2023,/home/elipregerson/nnenum/vnncomp2025_benchmarks/benchmarks/acasxu_2023/onnx/ACASXU_run2a_4_1_batch_2000.onnx,/home/elipregerson/nnenum/vnncomp2025_benchmarks/benchmarks/acasxu_2023/vnnlib/prop_2.vnnlib,.006440924,sat,.607289993
acasxu_2023,/home/elipregerson/nnenum/vnncomp2025_benchmarks/benchmarks/acasxu_2023/onnx/ACASXU_run2a_4_2_batch_2000.onnx,/home/elipregerson/nnenum/vnncomp2025_benchmarks/benchmarks/acasxu_2023/vnnlib/prop_2.vnnlib,.005993045,unsat,5.864622112
acasxu_2023,/home/elipregerson/nnenum/vnncomp2025_benchmarks/benchmarks/acasxu_2023/onnx/ACASXU_run2a_4_3_batch_2000.onnx,/home/elipregerson/nnenum/vnncomp2025_benchmarks/benchmarks/acasxu_2023/vnnlib/prop_2.vnnlib,.006005075,sat,.610094555
acasxu_2023,/home/elipregerson/nnenum/vnncomp2025_benchmarks/benchmarks/acasxu_2023/onnx/ACASXU_run2a_4_4_batch_2000.onnx,/home/elipregerson/nnenum/vnncomp2025_benchmarks/benchmarks/acasxu_2023/vnnlib/prop_2.vnnlib,.005899285,sat,.607686840
acasxu_2023,/home/elipregerson/nnenum/vnncomp2025_benchmarks/benchmarks/acasxu_2023/onnx/ACASXU_run2a_4_5_batch_2000.onnx,/home/elipregerson/nnenum/vnncomp2025_benchmarks/benchmarks/acasxu_2023/vnnlib/prop_2.vnnlib,.005951370,sat,.613244845
acasxu_2023,/home/elipregerson/nnenum/vnncomp2025_benchmarks/benchmarks/acasxu_2023/onnx/ACASXU_run2a_4_6_batch_2000.onnx,/home/elipregerson/nnenum/vnncomp2025_benchmarks/benchmarks/acasxu_2023/vnnlib/prop_2.vnnlib,.006067077,sat,.610572410
acasxu_2023,/home/elipregerson/nnenum/vnncomp2025_benchmarks/benchmarks/acasxu_2023/onnx/ACASXU_run2a_4_7_batch_2000.onnx,/home/elipregerson/nnenum/vnncomp2025_benchmarks/benchmarks/acasxu_2023/vnnlib/prop_2.vnnlib,.006217390,sat,.617493260
acasxu_2023,/home/elipregerson/nnenum/vnncomp2025_benchmarks/benchmarks/acasxu_2023/onnx/ACASXU_run2a_4_8_batch_2000.onnx,/home/elipregerson/nnenum/vnncomp2025_benchmarks/benchmarks/acasxu_2023/vnnlib/prop_2.vnnlib,.006298311,sat,.607656047
acasxu_2023,/home/elipregerson/nnenum/vnncomp2025_benchmarks/benchmarks/acasxu_2023/onnx/ACASXU_run2a_4_9_batch_2000.onnx,/home/elipregerson/nnenum/vnncomp2025_benchmarks/benchmarks/acasxu_2023/vnnlib/prop_2.vnnlib,.006063498,sat,.632044640
acasxu_2023,/home/elipregerson/nnenum/vnncomp2025_benchmarks/benchmarks/acasxu_2023/onnx/ACASXU_run2a_5_1_batch_2000.onnx,/home/elipregerson/nnenum/vnncomp2025_benchmarks/benchmarks/acasxu_2023/vnnlib/prop_2.vnnlib,.006022544,sat,.605423012
acasxu_2023,/home/elipregerson/nnenum/vnncomp2025_benchmarks/benchmarks/acasxu_2023/onnx/ACASXU_run2a_5_2_batch_2000.onnx,/home/elipregerson/nnenum/vnncomp2025_benchmarks/benchmarks/acasxu_2023/vnnlib/prop_2.vnnlib,.006284966,sat,.610163913
acasxu_2023,/home/elipregerson/nnenum/vnncomp2025_benchmarks/benchmarks/acasxu_2023/onnx/ACASXU_run2a_5_3_batch_2000.onnx,/home/elipregerson/nnenum/vnncomp2025_benchmarks/benchmarks/acasxu_2023/vnnlib/prop_2.vnnlib,.006032338,sat,1.040416739
acasxu_2023,/home/elipregerson/nnenum/vnncomp2025_benchmarks/benchmarks/acasxu_2023/onnx/ACASXU_run2a_5_4_batch_2000.onnx,/home/elipregerson/nnenum/vnncomp2025_benchmarks/benchmarks/acasxu_2023/vnnlib/prop_2.vnnlib,.006253012,sat,.600046397
acasxu_2023,/home/elipregerson/nnenum/vnncomp2025_benchmarks/benchmarks/acasxu_2023/onnx/ACASXU_run2a_5_5_batch_2000.onnx,/home/elipregerson/nnenum/vnncomp2025_benchmarks/benchmarks/acasxu_2023/vnnlib/prop_2.vnnlib,.006109813,sat,.600807269
acasxu_2023,/home/elipregerson/nnenum/vnncomp2025_benchmarks/benchmarks/acasxu_2023/onnx/ACASXU_run2a_5_6_batch_2000.onnx,/home/elipregerson/nnenum/vnncomp2025_benchmarks/benchmarks/acasxu_2023/vnnlib/prop_2.vnnlib,.006290853,sat,.619820957
acasxu_2023,/home/elipregerson/nnenum/vnncomp2025_benchmarks/benchmarks/acasxu_2023/onnx/ACASXU_run2a_5_7_batch_2000.onnx,/home/elipregerson/nnenum/vnncomp2025_benchmarks/benchmarks/acasxu_2023/vnnlib/prop_2.vnnlib,.006163831,sat,.603733571
acasxu_2023,/home/elipregerson/nnenum/vnncomp2025_benchmarks/benchmarks/acasxu_2023/onnx/ACASXU_run2a_5_8_batch_2000.onnx,/home/elipregerson/nnenum/vnncomp2025_benchmarks/benchmarks/acasxu_2023/vnnlib/prop_2.vnnlib,.006110574,sat,.604605692
acasxu_2023,/home/elipregerson/nnenum/vnncomp2025_benchmarks/benchmarks/acasxu_2023/onnx/ACASXU_run2a_5_9_batch_2000.onnx,/home/elipregerson/nnenum/vnncomp2025_benchmarks/benchmarks/acasxu_2023/vnnlib/prop_2.vnnlib,.006085921,sat,.602892990
acasxu_2023,/home/elipregerson/nnenum/vnncomp2025_benchmarks/benchmarks/acasxu_2023/onnx/ACASXU_run2a_1_1_batch_2000.onnx,/home/elipregerson/nnenum/vnncomp2025_benchmarks/benchmarks/acasxu_2023/vnnlib/prop_3.vnnlib,.006045643,unsat,.860662905
acasxu_2023,/home/elipregerson/nnenum/vnncomp2025_benchmarks/benchmarks/acasxu_2023/onnx/ACASXU_run2a_1_2_batch_2000.onnx,/home/elipregerson/nnenum/vnncomp2025_benchmarks/benchmarks/acasxu_2023/vnnlib/prop_3.vnnlib,.006160170,unsat,.818072919
acasxu_2023,/home/elipregerson/nnenum/vnncomp2025_benchmarks/benchmarks/acasxu_2023/onnx/ACASXU_run2a_1_3_batch_2000.onnx,/home/elipregerson/nnenum/vnncomp2025_benchmarks/benchmarks/acasxu_2023/vnnlib/prop_3.vnnlib,.006211568,unsat,.773272058
acasxu_2023,/home/elipregerson/nnenum/vnncomp2025_benchmarks/benchmarks/acasxu_2023/onnx/ACASXU_run2a_1_4_batch_2000.onnx,/home/elipregerson/nnenum/vnncomp2025_benchmarks/benchmarks/acasxu_2023/vnnlib/prop_3.vnnlib,.006041974,unsat,.618423787
acasxu_2023,/home/elipregerson/nnenum/vnncomp2025_benchmarks/benchmarks/acasxu_2023/onnx/ACASXU_run2a_1_5_batch_2000.onnx,/home/elipregerson/nnenum/vnncomp2025_benchmarks/benchmarks/acasxu_2023/vnnlib/prop_3.vnnlib,.019230320,unsat,.640280371
acasxu_2023,/home/elipregerson/nnenum/vnncomp2025_benchmarks/benchmarks/acasxu_2023/onnx/ACASXU_run2a_1_6_batch_2000.onnx,/home/elipregerson/nnenum/vnncomp2025_benchmarks/benchmarks/acasxu_2023/vnnlib/prop_3.vnnlib,.006255867,unsat,.608175045
acasxu_2023,/home/elipregerson/nnenum/vnncomp2025_benchmarks/benchmarks/acasxu_2023/onnx/ACASXU_run2a_1_7_batch_2000.onnx,/home/elipregerson/nnenum/vnncomp2025_benchmarks/benchmarks/acasxu_2023/vnnlib/prop_3.vnnlib,.005915424,sat,.611561766
acasxu_2023,/home/elipregerson/nnenum/vnncomp2025_benchmarks/benchmarks/acasxu_2023/onnx/ACASXU_run2a_1_8_batch_2000.onnx,/home/elipregerson/nnenum/vnncomp2025_benchmarks/benchmarks/acasxu_2023/vnnlib/prop_3.vnnlib,.006045719,sat,.594518126
acasxu_2023,/home/elipregerson/nnenum/vnncomp2025_benchmarks/benchmarks/acasxu_2023/onnx/ACASXU_run2a_1_9_batch_2000.onnx,/home/elipregerson/nnenum/vnncomp2025_benchmarks/benchmarks/acasxu_2023/vnnlib/prop_3.vnnlib,.005867306,sat,.603415327
acasxu_2023,/home/elipregerson/nnenum/vnncomp2025_benchmarks/benchmarks/acasxu_2023/onnx/ACASXU_run2a_2_1_batch_2000.onnx,/home/elipregerson/nnenum/vnncomp2025_benchmarks/benchmarks/acasxu_2023/vnnlib/prop_3.vnnlib,.006035281,unsat,.695146029
acasxu_2023,/home/elipregerson/nnenum/vnncomp2025_benchmarks/benchmarks/acasxu_2023/onnx/ACASXU_run2a_2_2_batch_2000.onnx,/home/elipregerson/nnenum/vnncomp2025_benchmarks/benchmarks/acasxu_2023/vnnlib/prop_3.vnnlib,.008020870,unsat,.669641926
acasxu_2023,/home/elipregerson/nnenum/vnncomp2025_benchmarks/benchmarks/acasxu_2023/onnx/ACASXU_run2a_2_3_batch_2000.onnx,/home/elipregerson/nnenum/vnncomp2025_benchmarks/benchmarks/acasxu_2023/vnnlib/prop_3.vnnlib,.006092034,unsat,.793741386
acasxu_2023,/home/elipregerson/nnenum/vnncomp2025_benchmarks/benchmarks/acasxu_2023/onnx/ACASXU_run2a_2_4_batch_2000.onnx,/home/elipregerson/nnenum/vnncomp2025_benchmarks/benchmarks/acasxu_2023/vnnlib/prop_3.vnnlib,.006201905,unsat,.547858105
acasxu_2023,/home/elipregerson/nnenum/vnncomp2025_benchmarks/benchmarks/acasxu_2023/onnx/ACASXU_run2a_2_5_batch_2000.onnx,/home/elipregerson/nnenum/vnncomp2025_benchmarks/benchmarks/acasxu_2023/vnnlib/prop_3.vnnlib,.006094093,unsat,.610122195
acasxu_2023,/home/elipregerson/nnenum/vnncomp2025_benchmarks/benchmarks/acasxu_2023/onnx/ACASXU_run2a_2_6_batch_2000.onnx,/home/elipregerson/nnenum/vnncomp2025_benchmarks/benchmarks/acasxu_2023/vnnlib/prop_3.vnnlib,.005930694,unsat,.601137694
acasxu_2023,/home/elipregerson/nnenum/vnncomp2025_benchmarks/benchmarks/acasxu_2023/onnx/ACASXU_run2a_2_7_batch_2000.onnx,/home/elipregerson/nnenum/vnncomp2025_benchmarks/benchmarks/acasxu_2023/vnnlib/prop_3.vnnlib,.006139027,unsat,.595185455
acasxu_2023,/home/elipregerson/nnenum/vnncomp2025_benchmarks/benchmarks/acasxu_2023/onnx/ACASXU_run2a_2_8_batch_2000.onnx,/home/elipregerson/nnenum/vnncomp2025_benchmarks/benchmarks/acasxu_2023/vnnlib/prop_3.vnnlib,.006077344,unsat,.604533754
acasxu_2023,/home/elipregerson/nnenum/vnncomp2025_benchmarks/benchmarks/acasxu_2023/onnx/ACASXU_run2a_2_9_batch_2000.onnx,/home/elipregerson/nnenum/vnncomp2025_benchmarks/benchmarks/acasxu_2023/vnnlib/prop_3.vnnlib,.006299729,unsat,.532754314
acasxu_2023,/home/elipregerson/nnenum/vnncomp2025_benchmarks/benchmarks/acasxu_2023/onnx/ACASXU_run2a_3_1_batch_2000.onnx,/home/elipregerson/nnenum/vnncomp2025_benchmarks/benchmarks/acasxu_2023/vnnlib/prop_3.vnnlib,.006058668,unsat,.606837825
acasxu_2023,/home/elipregerson/nnenum/vnncomp2025_benchmarks/benchmarks/acasxu_2023/onnx/ACASXU_run2a_3_2_batch_2000.onnx,/home/elipregerson/nnenum/vnncomp2025_benchmarks/benchmarks/acasxu_2023/vnnlib/prop_3.vnnlib,.006080189,unsat,.798840045
acasxu_2023,/home/elipregerson/nnenum/vnncomp2025_benchmarks/benchmarks/acasxu_2023/onnx/ACASXU_run2a_3_3_batch_2000.onnx,/home/elipregerson/nnenum/vnncomp2025_benchmarks/benchmarks/acasxu_2023/vnnlib/prop_3.vnnlib,.006103377,unsat,.706400181
acasxu_2023,/home/elipregerson/nnenum/vnncomp2025_benchmarks/benchmarks/acasxu_2023/onnx/ACASXU_run2a_3_4_batch_2000.onnx,/home/elipregerson/nnenum/vnncomp2025_benchmarks/benchmarks/acasxu_2023/vnnlib/prop_3.vnnlib,.005992635,unsat,.607760596
acasxu_2023,/home/elipregerson/nnenum/vnncomp2025_benchmarks/benchmarks/acasxu_2023/onnx/ACASXU_run2a_3_5_batch_2000.onnx,/home/elipregerson/nnenum/vnncomp2025_benchmarks/benchmarks/acasxu_2023/vnnlib/prop_3.vnnlib,.005903682,unsat,.599453585
acasxu_2023,/home/elipregerson/nnenum/vnncomp2025_benchmarks/benchmarks/acasxu_2023/onnx/ACASXU_run2a_3_6_batch_2000.onnx,/home/elipregerson/nnenum/vnncomp2025_benchmarks/benchmarks/acasxu_2023/vnnlib/prop_3.vnnlib,.006043002,unsat,.617835411
acasxu_2023,/home/elipregerson/nnenum/vnncomp2025_benchmarks/benchmarks/acasxu_2023/onnx/ACASXU_run2a_3_7_batch_2000.onnx,/home/elipregerson/nnenum/vnncomp2025_benchmarks/benchmarks/acasxu_2023/vnnlib/prop_3.vnnlib,.006134664,unsat,.605351621
acasxu_2023,/home/elipregerson/nnenum/vnncomp2025_benchmarks/benchmarks/acasxu_2023/onnx/ACASXU_run2a_3_8_batch_2000.onnx,/home/elipregerson/nnenum/vnncomp2025_benchmarks/benchmarks/acasxu_2023/vnnlib/prop_3.vnnlib,.005999733,unsat,.603354120
acasxu_2023,/home/elipregerson/nnenum/vnncomp2025_benchmarks/benchmarks/acasxu_2023/onnx/ACASXU_run2a_3_9_batch_2000.onnx,/home/elipregerson/nnenum/vnncomp2025_benchmarks/benchmarks/acasxu_2023/vnnlib/prop_3.vnnlib,.005928894,unsat,.605912278
acasxu_2023,/home/elipregerson/nnenum/vnncomp2025_benchmarks/benchmarks/acasxu_2023/onnx/ACASXU_run2a_4_1_batch_2000.onnx,/home/elipregerson/nnenum/vnncomp2025_benchmarks/benchmarks/acasxu_2023/vnnlib/prop_3.vnnlib,.006679324,unsat,.650117059
acasxu_2023,/home/elipregerson/nnenum/vnncomp2025_benchmarks/benchmarks/acasxu_2023/onnx/ACASXU_run2a_4_2_batch_2000.onnx,/home/elipregerson/nnenum/vnncomp2025_benchmarks/benchmarks/acasxu_2023/vnnlib/prop_3.vnnlib,.005958278,unsat,.806559482
acasxu_2023,/home/elipregerson/nnenum/vnncomp2025_benchmarks/benchmarks/acasxu_2023/onnx/ACASXU_run2a_4_3_batch_2000.onnx,/home/elipregerson/nnenum/vnncomp2025_benchmarks/benchmarks/acasxu_2023/vnnlib/prop_3.vnnlib,.005995999,unsat,.838188807
acasxu_2023,/home/elipregerson/nnenum/vnncomp2025_benchmarks/benchmarks/acasxu_2023/onnx/ACASXU_run2a_4_4_batch_2000.onnx,/home/elipregerson/nnenum/vnncomp2025_benchmarks/benchmarks/acasxu_2023/vnnlib/prop_3.vnnlib,.006137675,unsat,.590303296
acasxu_2023,/home/elipregerson/nnenum/vnncomp2025_benchmarks/benchmarks/acasxu_2023/onnx/ACASXU_run2a_4_5_batch_2000.onnx,/home/elipregerson/nnenum/vnncomp2025_benchmarks/benchmarks/acasxu_2023/vnnlib/prop_3.vnnlib,.006115731,unsat,.598048570
acasxu_2023,/home/elipregerson/nnenum/vnncomp2025_benchmarks/benchmarks/acasxu_2023/onnx/ACASXU_run2a_4_6_batch_2000.onnx,/home/elipregerson/nnenum/vnncomp2025_benchmarks/benchmarks/acasxu_2023/vnnlib/prop_3.vnnlib,.005872285,unsat,.635094806
acasxu_2023,/home/elipregerson/nnenum/vnncomp2025_benchmarks/benchmarks/acasxu_2023/onnx/ACASXU_run2a_4_7_batch_2000.onnx,/home/elipregerson/nnenum/vnncomp2025_benchmarks/benchmarks/acasxu_2023/vnnlib/prop_3.vnnlib,.006134567,unsat,.608422482
acasxu_2023,/home/elipregerson/nnenum/vnncomp2025_benchmarks/benchmarks/acasxu_2023/onnx/ACASXU_run2a_4_8_batch_2000.onnx,/home/elipregerson/nnenum/vnncomp2025_benchmarks/benchmarks/acasxu_2023/vnnlib/prop_3.vnnlib,.006077393,unsat,.606595886
acasxu_2023,/home/elipregerson/nnenum/vnncomp2025_benchmarks/benchmarks/acasxu_2023/onnx/ACASXU_run2a_4_9_batch_2000.onnx,/home/elipregerson/nnenum/vnncomp2025_benchmarks/benchmarks/acasxu_2023/vnnlib/prop_3.vnnlib,.005944833,unsat,.636686478
acasxu_2023,/home/elipregerson/nnenum/vnncomp2025_benchmarks/benchmarks/acasxu_2023/onnx/ACASXU_run2a_5_1_batch_2000.onnx,/home/elipregerson/nnenum/vnncomp2025_benchmarks/benchmarks/acasxu_2023/vnnlib/prop_3.vnnlib,.005962209,unsat,.783962516
acasxu_2023,/home/elipregerson/nnenum/vnncomp2025_benchmarks/benchmarks/acasxu_2023/onnx/ACASXU_run2a_5_2_batch_2000.onnx,/home/elipregerson/nnenum/vnncomp2025_benchmarks/benchmarks/acasxu_2023/vnnlib/prop_3.vnnlib,.005900802,unsat,.605798176
acasxu_2023,/home/elipregerson/nnenum/vnncomp2025_benchmarks/benchmarks/acasxu_2023/onnx/ACASXU_run2a_5_3_batch_2000.onnx,/home/elipregerson/nnenum/vnncomp2025_benchmarks/benchmarks/acasxu_2023/vnnlib/prop_3.vnnlib,.006199351,unsat,.605620332
acasxu_2023,/home/elipregerson/nnenum/vnncomp2025_benchmarks/benchmarks/acasxu_2023/onnx/ACASXU_run2a_5_4_batch_2000.onnx,/home/elipregerson/nnenum/vnncomp2025_benchmarks/benchmarks/acasxu_2023/vnnlib/prop_3.vnnlib,.006023908,unsat,.594915949
acasxu_2023,/home/elipregerson/nnenum/vnncomp2025_benchmarks/benchmarks/acasxu_2023/onnx/ACASXU_run2a_5_5_batch_2000.onnx,/home/elipregerson/nnenum/vnncomp2025_benchmarks/benchmarks/acasxu_2023/vnnlib/prop_3.vnnlib,.006066781,unsat,.596048973
acasxu_2023,/home/elipregerson/nnenum/vnncomp2025_benchmarks/benchmarks/acasxu_2023/onnx/ACASXU_run2a_5_6_batch_2000.onnx,/home/elipregerson/nnenum/vnncomp2025_benchmarks/benchmarks/acasxu_2023/vnnlib/prop_3.vnnlib,.006082835,unsat,.601726115
acasxu_2023,/home/elipregerson/nnenum/vnncomp2025_benchmarks/benchmarks/acasxu_2023/onnx/ACASXU_run2a_5_7_batch_2000.onnx,/home/elipregerson/nnenum/vnncomp2025_benchmarks/benchmarks/acasxu_2023/vnnlib/prop_3.vnnlib,.006120194,unsat,.538036249
acasxu_2023,/home/elipregerson/nnenum/vnncomp2025_benchmarks/benchmarks/acasxu_2023/onnx/ACASXU_run2a_5_8_batch_2000.onnx,/home/elipregerson/nnenum/vnncomp2025_benchmarks/benchmarks/acasxu_2023/vnnlib/prop_3.vnnlib,.006138545,unsat,.600924207
acasxu_2023,/home/elipregerson/nnenum/vnncomp2025_benchmarks/benchmarks/acasxu_2023/onnx/ACASXU_run2a_5_9_batch_2000.onnx,/home/elipregerson/nnenum/vnncomp2025_benchmarks/benchmarks/acasxu_2023/vnnlib/prop_3.vnnlib,.006159850,unsat,.551454405
acasxu_2023,/home/elipregerson/nnenum/vnncomp2025_benchmarks/benchmarks/acasxu_2023/onnx/ACASXU_run2a_1_1_batch_2000.onnx,/home/elipregerson/nnenum/vnncomp2025_benchmarks/benchmarks/acasxu_2023/vnnlib/prop_4.vnnlib,.006017535,unsat,.775272053
acasxu_2023,/home/elipregerson/nnenum/vnncomp2025_benchmarks/benchmarks/acasxu_2023/onnx/ACASXU_run2a_1_2_batch_2000.onnx,/home/elipregerson/nnenum/vnncomp2025_benchmarks/benchmarks/acasxu_2023/vnnlib/prop_4.vnnlib,.005917025,unsat,.707660272
acasxu_2023,/home/elipregerson/nnenum/vnncomp2025_benchmarks/benchmarks/acasxu_2023/onnx/ACASXU_run2a_1_3_batch_2000.onnx,/home/elipregerson/nnenum/vnncomp2025_benchmarks/benchmarks/acasxu_2023/vnnlib/prop_4.vnnlib,.006046485,unsat,.690033366
acasxu_2023,/home/elipregerson/nnenum/vnncomp2025_benchmarks/benchmarks/acasxu_2023/onnx/ACASXU_run2a_1_4_batch_2000.onnx,/home/elipregerson/nnenum/vnncomp2025_benchmarks/benchmarks/acasxu_2023/vnnlib/prop_4.vnnlib,.005918404,unsat,.610814882
acasxu_2023,/home/elipregerson/nnenum/vnncomp2025_benchmarks/benchmarks/acasxu_2023/onnx/ACASXU_run2a_1_5_batch_2000.onnx,/home/elipregerson/nnenum/vnncomp2025_benchmarks/benchmarks/acasxu_2023/vnnlib/prop_4.vnnlib,.006274023,unsat,.636321896
acasxu_2023,/home/elipregerson/nnenum/vnncomp2025_benchmarks/benchmarks/acasxu_2023/onnx/ACASXU_run2a_1_6_batch_2000.onnx,/home/elipregerson/nnenum/vnncomp2025_benchmarks/benchmarks/acasxu_2023/vnnlib/prop_4.vnnlib,.005894169,unsat,.610724282
acasxu_2023,/home/elipregerson/nnenum/vnncomp2025_benchmarks/benchmarks/acasxu_2023/onnx/ACASXU_run2a_1_7_batch_2000.onnx,/home/elipregerson/nnenum/vnncomp2025_benchmarks/benchmarks/acasxu_2023/vnnlib/prop_4.vnnlib,.006131764,sat,.604434335
acasxu_2023,/home/elipregerson/nnenum/vnncomp2025_benchmarks/benchmarks/acasxu_2023/onnx/ACASXU_run2a_1_8_batch_2000.onnx,/home/elipregerson/nnenum/vnncomp2025_benchmarks/benchmarks/acasxu_2023/vnnlib/prop_4.vnnlib,.005946443,sat,.607884341
acasxu_2023,/home/elipregerson/nnenum/vnncomp2025_benchmarks/benchmarks/acasxu_2023/onnx/ACASXU_run2a_1_9_batch_2000.onnx,/home/elipregerson/nnenum/vnncomp2025_benchmarks/benchmarks/acasxu_2023/vnnlib/prop_4.vnnlib,.006120874,sat,.612195669
acasxu_2023,/home/elipregerson/nnenum/vnncomp2025_benchmarks/benchmarks/acasxu_2023/onnx/ACASXU_run2a_2_1_batch_2000.onnx,/home/elipregerson/nnenum/vnncomp2025_benchmarks/benchmarks/acasxu_2023/vnnlib/prop_4.vnnlib,.006082848,unsat,.622544942
acasxu_2023,/home/elipregerson/nnenum/vnncomp2025_benchmarks/benchmarks/acasxu_2023/onnx/ACASXU_run2a_2_2_batch_2000.onnx,/home/elipregerson/nnenum/vnncomp2025_benchmarks/benchmarks/acasxu_2023/vnnlib/prop_4.vnnlib,.006105083,unsat,.628914956
acasxu_2023,/home/elipregerson/nnenum/vnncomp2025_benchmarks/benchmarks/acasxu_2023/onnx/ACASXU_run2a_2_3_batch_2000.onnx,/home/elipregerson/nnenum/vnncomp2025_benchmarks/benchmarks/acasxu_2023/vnnlib/prop_4.vnnlib,.006248819,unsat,.610458333
acasxu_2023,/home/elipregerson/nnenum/vnncomp2025_benchmarks/benchmarks/acasxu_2023/onnx/ACASXU_run2a_2_4_batch_2000.onnx,/home/elipregerson/nnenum/vnncomp2025_benchmarks/benchmarks/acasxu_2023/vnnlib/prop_4.vnnlib,.006354794,unsat,.603700686
acasxu_2023,/home/elipregerson/nnenum/vnncomp2025_benchmarks/benchmarks/acasxu_2023/onnx/ACASXU_run2a_2_5_batch_2000.onnx,/home/elipregerson/nnenum/vnncomp2025_benchmarks/benchmarks/acasxu_2023/vnnlib/prop_4.vnnlib,.006067373,unsat,.609421802
acasxu_2023,/home/elipregerson/nnenum/vnncomp2025_benchmarks/benchmarks/acasxu_2023/onnx/ACASXU_run2a_2_6_batch_2000.onnx,/home/elipregerson/nnenum/vnncomp2025_benchmarks/benchmarks/acasxu_2023/vnnlib/prop_4.vnnlib,.005947110,unsat,.608742203
acasxu_2023,/home/elipregerson/nnenum/vnncomp2025_benchmarks/benchmarks/acasxu_2023/onnx/ACASXU_run2a_2_7_batch_2000.onnx,/home/elipregerson/nnenum/vnncomp2025_benchmarks/benchmarks/acasxu_2023/vnnlib/prop_4.vnnlib,.005980275,unsat,.608997252
acasxu_2023,/home/elipregerson/nnenum/vnncomp2025_benchmarks/benchmarks/acasxu_2023/onnx/ACASXU_run2a_2_8_batch_2000.onnx,/home/elipregerson/nnenum/vnncomp2025_benchmarks/benchmarks/acasxu_2023/vnnlib/prop_4.vnnlib,.006300269,unsat,.647638421
acasxu_2023,/home/elipregerson/nnenum/vnncomp2025_benchmarks/benchmarks/acasxu_2023/onnx/ACASXU_run2a_2_9_batch_2000.onnx,/home/elipregerson/nnenum/vnncomp2025_benchmarks/benchmarks/acasxu_2023/vnnlib/prop_4.vnnlib,.005974264,unsat,.546597948
acasxu_2023,/home/elipregerson/nnenum/vnncomp2025_benchmarks/benchmarks/acasxu_2023/onnx/ACASXU_run2a_3_1_batch_2000.onnx,/home/elipregerson/nnenum/vnncomp2025_benchmarks/benchmarks/acasxu_2023/vnnlib/prop_4.vnnlib,.006153946,unsat,.615199975
acasxu_2023,/home/elipregerson/nnenum/vnncomp2025_benchmarks/benchmarks/acasxu_2023/onnx/ACASXU_run2a_3_2_batch_2000.onnx,/home/elipregerson/nnenum/vnncomp2025_benchmarks/benchmarks/acasxu_2023/vnnlib/prop_4.vnnlib,.006210232,unsat,.608029822
acasxu_2023,/home/elipregerson/nnenum/vnncomp2025_benchmarks/benchmarks/acasxu_2023/onnx/ACASXU_run2a_3_3_batch_2000.onnx,/home/elipregerson/nnenum/vnncomp2025_benchmarks/benchmarks/acasxu_2023/vnnlib/prop_4.vnnlib,.006147684,unsat,.597214317
acasxu_2023,/home/elipregerson/nnenum/vnncomp2025_benchmarks/benchmarks/acasxu_2023/onnx/ACASXU_run2a_3_4_batch_2000.onnx,/home/elipregerson/nnenum/vnncomp2025_benchmarks/benchmarks/acasxu_2023/vnnlib/prop_4.vnnlib,.005952945,unsat,.595555455
acasxu_2023,/home/elipregerson/nnenum/vnncomp2025_benchmarks/benchmarks/acasxu_2023/onnx/ACASXU_run2a_3_5_batch_2000.onnx,/home/elipregerson/nnenum/vnncomp2025_benchmarks/benchmarks/acasxu_2023/vnnlib/prop_4.vnnlib,.006153388,unsat,.618364433
acasxu_2023,/home/elipregerson/nnenum/vnncomp2025_benchmarks/benchmarks/acasxu_2023/onnx/ACASXU_run2a_3_6_batch_2000.onnx,/home/elipregerson/nnenum/vnncomp2025_benchmarks/benchmarks/acasxu_2023/vnnlib/prop_4.vnnlib,.005979691,unsat,.615070893
acasxu_2023,/home/elipregerson/nnenum/vnncomp2025_benchmarks/benchmarks/acasxu_2023/onnx/ACASXU_run2a_3_7_batch_2000.onnx,/home/elipregerson/nnenum/vnncomp2025_benchmarks/benchmarks/acasxu_2023/vnnlib/prop_4.vnnlib,.006145968,unsat,.596744646
acasxu_2023,/home/elipregerson/nnenum/vnncomp2025_benchmarks/benchmarks/acasxu_2023/onnx/ACASXU_run2a_3_8_batch_2000.onnx,/home/elipregerson/nnenum/vnncomp2025_benchmarks/benchmarks/acasxu_2023/vnnlib/prop_4.vnnlib,.006190424,unsat,.631343047
acasxu_2023,/home/elipregerson/nnenum/vnncomp2025_benchmarks/benchmarks/acasxu_2023/onnx/ACASXU_run2a_3_9_batch_2000.onnx,/home/elipregerson/nnenum/vnncomp2025_benchmarks/benchmarks/acasxu_2023/vnnlib/prop_4.vnnlib,.006082222,unsat,.618800890
acasxu_2023,/home/elipregerson/nnenum/vnncomp2025_benchmarks/benchmarks/acasxu_2023/onnx/ACASXU_run2a_4_1_batch_2000.onnx,/home/elipregerson/nnenum/vnncomp2025_benchmarks/benchmarks/acasxu_2023/vnnlib/prop_4.vnnlib,.006005381,unsat,.600941626
acasxu_2023,/home/elipregerson/nnenum/vnncomp2025_benchmarks/benchmarks/acasxu_2023/onnx/ACASXU_run2a_4_2_batch_2000.onnx,/home/elipregerson/nnenum/vnncomp2025_benchmarks/benchmarks/acasxu_2023/vnnlib/prop_4.vnnlib,.006113675,unsat,.601569212
acasxu_2023,/home/elipregerson/nnenum/vnncomp2025_benchmarks/benchmarks/acasxu_2023/onnx/ACASXU_run2a_4_3_batch_2000.onnx,/home/elipregerson/nnenum/vnncomp2025_benchmarks/benchmarks/acasxu_2023/vnnlib/prop_4.vnnlib,.005970709,unsat,.631758528
acasxu_2023,/home/elipregerson/nnenum/vnncomp2025_benchmarks/benchmarks/acasxu_2023/onnx/ACASXU_run2a_4_4_batch_2000.onnx,/home/elipregerson/nnenum/vnncomp2025_benchmarks/benchmarks/acasxu_2023/vnnlib/prop_4.vnnlib,.006074792,unsat,.623176082
acasxu_2023,/home/elipregerson/nnenum/vnncomp2025_benchmarks/benchmarks/acasxu_2023/onnx/ACASXU_run2a_4_5_batch_2000.onnx,/home/elipregerson/nnenum/vnncomp2025_benchmarks/benchmarks/acasxu_2023/vnnlib/prop_4.vnnlib,.006192279,unsat,.602419656
acasxu_2023,/home/elipregerson/nnenum/vnncomp2025_benchmarks/benchmarks/acasxu_2023/onnx/ACASXU_run2a_4_6_batch_2000.onnx,/home/elipregerson/nnenum/vnncomp2025_benchmarks/benchmarks/acasxu_2023/vnnlib/prop_4.vnnlib,.006249654,unsat,.600211473
acasxu_2023,/home/elipregerson/nnenum/vnncomp2025_benchmarks/benchmarks/acasxu_2023/onnx/ACASXU_run2a_4_7_batch_2000.onnx,/home/elipregerson/nnenum/vnncomp2025_benchmarks/benchmarks/acasxu_2023/vnnlib/prop_4.vnnlib,.006213506,unsat,.598757341
acasxu_2023,/home/elipregerson/nnenum/vnncomp2025_benchmarks/benchmarks/acasxu_2023/onnx/ACASXU_run2a_4_8_batch_2000.onnx,/home/elipregerson/nnenum/vnncomp2025_benchmarks/benchmarks/acasxu_2023/vnnlib/prop_4.vnnlib,.006129755,unsat,.600102345
acasxu_2023,/home/elipregerson/nnenum/vnncomp2025_benchmarks/benchmarks/acasxu_2023/onnx/ACASXU_run2a_4_9_batch_2000.onnx,/home/elipregerson/nnenum/vnncomp2025_benchmarks/benchmarks/acasxu_2023/vnnlib/prop_4.vnnlib,.006552861,unsat,.615606481
acasxu_2023,/home/elipregerson/nnenum/vnncomp2025_benchmarks/benchmarks/acasxu_2023/onnx/ACASXU_run2a_5_1_batch_2000.onnx,/home/elipregerson/nnenum/vnncomp2025_benchmarks/benchmarks/acasxu_2023/vnnlib/prop_4.vnnlib,.005980321,unsat,.618693292
acasxu_2023,/home/elipregerson/nnenum/vnncomp2025_benchmarks/benchmarks/acasxu_2023/onnx/ACASXU_run2a_5_2_batch_2000.onnx,/home/elipregerson/nnenum/vnncomp2025_benchmarks/benchmarks/acasxu_2023/vnnlib/prop_4.vnnlib,.011983436,unsat,.622218693
acasxu_2023,/home/elipregerson/nnenum/vnncomp2025_benchmarks/benchmarks/acasxu_2023/onnx/ACASXU_run2a_5_3_batch_2000.onnx,/home/elipregerson/nnenum/vnncomp2025_benchmarks/benchmarks/acasxu_2023/vnnlib/prop_4.vnnlib,.006033916,unsat,.602657375
acasxu_2023,/home/elipregerson/nnenum/vnncomp2025_benchmarks/benchmarks/acasxu_2023/onnx/ACASXU_run2a_5_4_batch_2000.onnx,/home/elipregerson/nnenum/vnncomp2025_benchmarks/benchmarks/acasxu_2023/vnnlib/prop_4.vnnlib,.006302384,unsat,.604651825
acasxu_2023,/home/elipregerson/nnenum/vnncomp2025_benchmarks/benchmarks/acasxu_2023/onnx/ACASXU_run2a_5_5_batch_2000.onnx,/home/elipregerson/nnenum/vnncomp2025_benchmarks/benchmarks/acasxu_2023/vnnlib/prop_4.vnnlib,.006284396,unsat,.600270930
acasxu_2023,/home/elipregerson/nnenum/vnncomp2025_benchmarks/benchmarks/acasxu_2023/onnx/ACASXU_run2a_5_6_batch_2000.onnx,/home/elipregerson/nnenum/vnncomp2025_benchmarks/benchmarks/acasxu_2023/vnnlib/prop_4.vnnlib,.005912908,unsat,.601518210
acasxu_2023,/home/elipregerson/nnenum/vnncomp2025_benchmarks/benchmarks/acasxu_2023/onnx/ACASXU_run2a_5_7_batch_2000.onnx,/home/elipregerson/nnenum/vnncomp2025_benchmarks/benchmarks/acasxu_2023/vnnlib/prop_4.vnnlib,.005993921,unsat,.604752539
acasxu_2023,/home/elipregerson/nnenum/vnncomp2025_benchmarks/benchmarks/acasxu_2023/onnx/ACASXU_run2a_5_8_batch_2000.onnx,/home/elipregerson/nnenum/vnncomp2025_benchmarks/benchmarks/acasxu_2023/vnnlib/prop_4.vnnlib,.009437006,unsat,.635774622
acasxu_2023,/home/elipregerson/nnenum/vnncomp2025_benchmarks/benchmarks/acasxu_2023/onnx/ACASXU_run2a_5_9_batch_2000.onnx,/home/elipregerson/nnenum/vnncomp2025_benchmarks/benchmarks/acasxu_2023/vnnlib/prop_4.vnnlib,.005888973,unsat,.608329956
acasxu_2023,/home/elipregerson/nnenum/vnncomp2025_benchmarks/benchmarks/acasxu_2023/onnx/ACASXU_run2a_1_1_batch_2000.onnx,/home/elipregerson/nnenum/vnncomp2025_benchmarks/benchmarks/acasxu_2023/vnnlib/prop_5.vnnlib,.006028404,unsat,1.415306363
acasxu_2023,/home/elipregerson/nnenum/vnncomp2025_benchmarks/benchmarks/acasxu_2023/onnx/ACASXU_run2a_1_1_batch_2000.onnx,/home/elipregerson/nnenum/vnncomp2025_benchmarks/benchmarks/acasxu_2023/vnnlib/prop_6.vnnlib,.005931320,unsat,3.418569864
acasxu_2023,/home/elipregerson/nnenum/vnncomp2025_benchmarks/benchmarks/acasxu_2023/onnx/ACASXU_run2a_1_9_batch_2000.onnx,/home/elipregerson/nnenum/vnncomp2025_benchmarks/benchmarks/acasxu_2023/vnnlib/prop_7.vnnlib,.006106768,sat,.749615278
acasxu_2023,/home/elipregerson/nnenum/vnncomp2025_benchmarks/benchmarks/acasxu_2023/onnx/ACASXU_run2a_2_9_batch_2000.onnx,/home/elipregerson/nnenum/vnncomp2025_benchmarks/benchmarks/acasxu_2023/vnnlib/prop_8.vnnlib,.005980587,sat,.677009414
acasxu_2023,/home/elipregerson/nnenum/vnncomp2025_benchmarks/benchmarks/acasxu_2023/onnx/ACASXU_run2a_3_3_batch_2000.onnx,/home/elipregerson/nnenum/vnncomp2025_benchmarks/benchmarks/acasxu_2023/vnnlib/prop_9.vnnlib,.006171403,unsat,2.159674072
acasxu_2023,/home/elipregerson/nnenum/vnncomp2025_benchmarks/benchmarks/acasxu_2023/onnx/ACASXU_run2a_4_5_batch_2000.onnx,/home/elipregerson/nnenum/vnncomp2025_benchmarks/benchmarks/acasxu_2023/vnnlib/prop_10.vnnlib,.006061622,unsat,.947407702
acasxu_2023,/home/elipregerson/nnenum/vnncomp2025_benchmarks/benchmarks/test/onnx/test_nano.onnx,/home/elipregerson/nnenum/vnncomp2025_benchmarks/benchmarks/test/vnnlib/test_nano.vnnlib,.005973129,error_exit_code_1,.526919089
cctsdb_yolo_2023,/home/elipregerson/nnenum/vnncomp2025_benchmarks/benchmarks/cctsdb_yolo_2023/onnx/patch-1.onnx,/home/elipregerson/nnenum/vnncomp2025_benchmarks/benchmarks/cctsdb_yolo_2023/vnnlib/spec_onnx_patch-1_idx_00559_0.vnnlib,.006160624,error_exit_code_1,.627232858
cctsdb_yolo_2023,/home/elipregerson/nnenum/vnncomp2025_benchmarks/benchmarks/cctsdb_yolo_2023/onnx/patch-1.onnx,/home/elipregerson/nnenum/vnncomp2025_benchmarks/benchmarks/cctsdb_yolo_2023/vnnlib/spec_onnx_patch-1_idx_16972_2.vnnlib,.006052767,error_exit_code_1,.618468869
cctsdb_yolo_2023,/home/elipregerson/nnenum/vnncomp2025_benchmarks/benchmarks/cctsdb_yolo_2023/onnx/patch-3.onnx,/home/elipregerson/nnenum/vnncomp2025_benchmarks/benchmarks/cctsdb_yolo_2023/vnnlib/spec_onnx_patch-3_idx_05840_0.vnnlib,.006039670,error_exit_code_1,.618673854
cctsdb_yolo_2023,/home/elipregerson/nnenum/vnncomp2025_benchmarks/benchmarks/cctsdb_yolo_2023/onnx/patch-1.onnx,/home/elipregerson/nnenum/vnncomp2025_benchmarks/benchmarks/cctsdb_yolo_2023/vnnlib/spec_onnx_patch-1_idx_01937_0.vnnlib,.006080011,error_exit_code_1,.615159981
cctsdb_yolo_2023,/home/elipregerson/nnenum/vnncomp2025_benchmarks/benchmarks/cctsdb_yolo_2023/onnx/patch-1.onnx,/home/elipregerson/nnenum/vnncomp2025_benchmarks/benchmarks/cctsdb_yolo_2023/vnnlib/spec_onnx_patch-1_idx_12559_0.vnnlib,.006111223,error_exit_code_1,.618195181
cctsdb_yolo_2023,/home/elipregerson/nnenum/vnncomp2025_benchmarks/benchmarks/cctsdb_yolo_2023/onnx/patch-3.onnx,/home/elipregerson/nnenum/vnncomp2025_benchmarks/benchmarks/cctsdb_yolo_2023/vnnlib/spec_onnx_patch-3_idx_00303_0.vnnlib,.006170519,error_exit_code_1,.617526001
cctsdb_yolo_2023,/home/elipregerson/nnenum/vnncomp2025_benchmarks/benchmarks/cctsdb_yolo_2023/onnx/patch-3.onnx,/home/elipregerson/nnenum/vnncomp2025_benchmarks/benchmarks/cctsdb_yolo_2023/vnnlib/spec_onnx_patch-3_idx_03292_0.vnnlib,.006021527,error_exit_code_1,.616690127
cctsdb_yolo_2023,/home/elipregerson/nnenum/vnncomp2025_benchmarks/benchmarks/cctsdb_yolo_2023/onnx/patch-1.onnx,/home/elipregerson/nnenum/vnncomp2025_benchmarks/benchmarks/cctsdb_yolo_2023/vnnlib/spec_onnx_patch-1_idx_01849_0.vnnlib,.005896042,error_exit_code_1,.615298944
cctsdb_yolo_2023,/home/elipregerson/nnenum/vnncomp2025_benchmarks/benchmarks/cctsdb_yolo_2023/onnx/patch-1.onnx,/home/elipregerson/nnenum/vnncomp2025_benchmarks/benchmarks/cctsdb_yolo_2023/vnnlib/spec_onnx_patch-1_idx_02037_0.vnnlib,.005968495,error_exit_code_1,.610356835
cctsdb_yolo_2023,/home/elipregerson/nnenum/vnncomp2025_benchmarks/benchmarks/cctsdb_yolo_2023/onnx/patch-1.onnx,/home/elipregerson/nnenum/vnncomp2025_benchmarks/benchmarks/cctsdb_yolo_2023/vnnlib/spec_onnx_patch-1_idx_13786_0.vnnlib,.005934304,error_exit_code_1,.635199880
cctsdb_yolo_2023,/home/elipregerson/nnenum/vnncomp2025_benchmarks/benchmarks/cctsdb_yolo_2023/onnx/patch-1.onnx,/home/elipregerson/nnenum/vnncomp2025_benchmarks/benchmarks/cctsdb_yolo_2023/vnnlib/spec_onnx_patch-1_idx_07658_0.vnnlib,.006150400,error_exit_code_1,.616481048
cctsdb_yolo_2023,/home/elipregerson/nnenum/vnncomp2025_benchmarks/benchmarks/cctsdb_yolo_2023/onnx/patch-3.onnx,/home/elipregerson/nnenum/vnncomp2025_benchmarks/benchmarks/cctsdb_yolo_2023/vnnlib/spec_onnx_patch-3_idx_01534_0.vnnlib,.006164586,error_exit_code_1,.619032118
cctsdb_yolo_2023,/home/elipregerson/nnenum/vnncomp2025_benchmarks/benchmarks/cctsdb_yolo_2023/onnx/patch-3.onnx,/home/elipregerson/nnenum/vnncomp2025_benchmarks/benchmarks/cctsdb_yolo_2023/vnnlib/spec_onnx_patch-3_idx_15377_1.vnnlib,.006163095,error_exit_code_1,.626629630
cctsdb_yolo_2023,/home/elipregerson/nnenum/vnncomp2025_benchmarks/benchmarks/cctsdb_yolo_2023/onnx/patch-3.onnx,/home/elipregerson/nnenum/vnncomp2025_benchmarks/benchmarks/cctsdb_yolo_2023/vnnlib/spec_onnx_patch-3_idx_03396_1.vnnlib,.006125944,error_exit_code_1,.637473056
cctsdb_yolo_2023,/home/elipregerson/nnenum/vnncomp2025_benchmarks/benchmarks/cctsdb_yolo_2023/onnx/patch-1.onnx,/home/elipregerson/nnenum/vnncomp2025_benchmarks/benchmarks/cctsdb_yolo_2023/vnnlib/spec_onnx_patch-1_idx_00087_1.vnnlib,.005995416,error_exit_code_1,.618977925
cctsdb_yolo_2023,/home/elipregerson/nnenum/vnncomp2025_benchmarks/benchmarks/cctsdb_yolo_2023/onnx/patch-3.onnx,/home/elipregerson/nnenum/vnncomp2025_benchmarks/benchmarks/cctsdb_yolo_2023/vnnlib/spec_onnx_patch-3_idx_12878_4.vnnlib,.006002407,error_exit_code_1,.619564254
cctsdb_yolo_2023,/home/elipregerson/nnenum/vnncomp2025_benchmarks/benchmarks/cctsdb_yolo_2023/onnx/patch-1.onnx,/home/elipregerson/nnenum/vnncomp2025_benchmarks/benchmarks/cctsdb_yolo_2023/vnnlib/spec_onnx_patch-1_idx_03775_0.vnnlib,.006064346,error_exit_code_1,.620445067
cctsdb_yolo_2023,/home/elipregerson/nnenum/vnncomp2025_benchmarks/benchmarks/cctsdb_yolo_2023/onnx/patch-1.onnx,/home/elipregerson/nnenum/vnncomp2025_benchmarks/benchmarks/cctsdb_yolo_2023/vnnlib/spec_onnx_patch-1_idx_00099_1.vnnlib,.005997759,error_exit_code_1,.620601602
cctsdb_yolo_2023,/home/elipregerson/nnenum/vnncomp2025_benchmarks/benchmarks/cctsdb_yolo_2023/onnx/patch-3.onnx,/home/elipregerson/nnenum/vnncomp2025_benchmarks/benchmarks/cctsdb_yolo_2023/vnnlib/spec_onnx_patch-3_idx_14771_0.vnnlib,.005897273,error_exit_code_1,.616100954
cctsdb_yolo_2023,/home/elipregerson/nnenum/vnncomp2025_benchmarks/benchmarks/cctsdb_yolo_2023/onnx/patch-1.onnx,/home/elipregerson/nnenum/vnncomp2025_benchmarks/benchmarks/cctsdb_yolo_2023/vnnlib/spec_onnx_patch-1_idx_00269_0.vnnlib,.005780158,error_exit_code_1,.621781546
cctsdb_yolo_2023,/home/elipregerson/nnenum/vnncomp2025_benchmarks/benchmarks/cctsdb_yolo_2023/onnx/patch-3.onnx,/home/elipregerson/nnenum/vnncomp2025_benchmarks/benchmarks/cctsdb_yolo_2023/vnnlib/spec_onnx_patch-3_idx_01673_0.vnnlib,.005956773,error_exit_code_1,.628853687
cctsdb_yolo_2023,/home/elipregerson/nnenum/vnncomp2025_benchmarks/benchmarks/cctsdb_yolo_2023/onnx/patch-3.onnx,/home/elipregerson/nnenum/vnncomp2025_benchmarks/benchmarks/cctsdb_yolo_2023/vnnlib/spec_onnx_patch-3_idx_01613_0.vnnlib,.005950298,error_exit_code_1,.633695164
cctsdb_yolo_2023,/home/elipregerson/nnenum/vnncomp2025_benchmarks/benchmarks/cctsdb_yolo_2023/onnx/patch-1.onnx,/home/elipregerson/nnenum/vnncomp2025_benchmarks/benchmarks/cctsdb_yolo_2023/vnnlib/spec_onnx_patch-1_idx_16845_1.vnnlib,.006051609,error_exit_code_1,.622865836
cctsdb_yolo_2023,/home/elipregerson/nnenum/vnncomp2025_benchmarks/benchmarks/cctsdb_yolo_2023/onnx/patch-1.onnx,/home/elipregerson/nnenum/vnncomp2025_benchmarks/benchmarks/cctsdb_yolo_2023/vnnlib/spec_onnx_patch-1_idx_00206_0.vnnlib,.005987973,error_exit_code_1,.623168719
cctsdb_yolo_2023,/home/elipregerson/nnenum/vnncomp2025_benchmarks/benchmarks/cctsdb_yolo_2023/onnx/patch-3.onnx,/home/elipregerson/nnenum/vnncomp2025_benchmarks/benchmarks/cctsdb_yolo_2023/vnnlib/spec_onnx_patch-3_idx_08544_0.vnnlib,.006032038,error_exit_code_1,.622187880
cctsdb_yolo_2023,/home/elipregerson/nnenum/vnncomp2025_benchmarks/benchmarks/cctsdb_yolo_2023/onnx/patch-1.onnx,/home/elipregerson/nnenum/vnncomp2025_benchmarks/benchmarks/cctsdb_yolo_2023/vnnlib/spec_onnx_patch-1_idx_04746_0.vnnlib,.006276481,error_exit_code_1,.622844482
cctsdb_yolo_2023,/home/elipregerson/nnenum/vnncomp2025_benchmarks/benchmarks/cctsdb_yolo_2023/onnx/patch-3.onnx,/home/elipregerson/nnenum/vnncomp2025_benchmarks/benchmarks/cctsdb_yolo_2023/vnnlib/spec_onnx_patch-3_idx_03372_1.vnnlib,.006036549,error_exit_code_1,.622921623
cctsdb_yolo_2023,/home/elipregerson/nnenum/vnncomp2025_benchmarks/benchmarks/cctsdb_yolo_2023/onnx/patch-3.onnx,/home/elipregerson/nnenum/vnncomp2025_benchmarks/benchmarks/cctsdb_yolo_2023/vnnlib/spec_onnx_patch-3_idx_01366_0.vnnlib,.006030952,error_exit_code_1,.625737627
cctsdb_yolo_2023,/home/elipregerson/nnenum/vnncomp2025_benchmarks/benchmarks/cctsdb_yolo_2023/onnx/patch-3.onnx,/home/elipregerson/nnenum/vnncomp2025_benchmarks/benchmarks/cctsdb_yolo_2023/vnnlib/spec_onnx_patch-3_idx_02945_0.vnnlib,.006121342,error_exit_code_1,.618918450
cctsdb_yolo_2023,/home/elipregerson/nnenum/vnncomp2025_benchmarks/benchmarks/cctsdb_yolo_2023/onnx/patch-1.onnx,/home/elipregerson/nnenum/vnncomp2025_benchmarks/benchmarks/cctsdb_yolo_2023/vnnlib/spec_onnx_patch-1_idx_02827_0.vnnlib,.006121402,error_exit_code_1,.617283941
cctsdb_yolo_2023,/home/elipregerson/nnenum/vnncomp2025_benchmarks/benchmarks/cctsdb_yolo_2023/onnx/patch-3.onnx,/home/elipregerson/nnenum/vnncomp2025_benchmarks/benchmarks/cctsdb_yolo_2023/vnnlib/spec_onnx_patch-3_idx_00055_0.vnnlib,.006018311,error_exit_code_1,.629416581
cctsdb_yolo_2023,/home/elipregerson/nnenum/vnncomp2025_benchmarks/benchmarks/cctsdb_yolo_2023/onnx/patch-1.onnx,/home/elipregerson/nnenum/vnncomp2025_benchmarks/benchmarks/cctsdb_yolo_2023/vnnlib/spec_onnx_patch-1_idx_15842_2.vnnlib,.005970510,error_exit_code_1,.636561992
cctsdb_yolo_2023,/home/elipregerson/nnenum/vnncomp2025_benchmarks/benchmarks/cctsdb_yolo_2023/onnx/patch-1.onnx,/home/elipregerson/nnenum/vnncomp2025_benchmarks/benchmarks/cctsdb_yolo_2023/vnnlib/spec_onnx_patch-1_idx_01613_0.vnnlib,.006117850,error_exit_code_1,.621951094
cctsdb_yolo_2023,/home/elipregerson/nnenum/vnncomp2025_benchmarks/benchmarks/cctsdb_yolo_2023/onnx/patch-3.onnx,/home/elipregerson/nnenum/vnncomp2025_benchmarks/benchmarks/cctsdb_yolo_2023/vnnlib/spec_onnx_patch-3_idx_03746_1.vnnlib,.006114934,error_exit_code_1,.631774273
cctsdb_yolo_2023,/home/elipregerson/nnenum/vnncomp2025_benchmarks/benchmarks/cctsdb_yolo_2023/onnx/patch-3.onnx,/home/elipregerson/nnenum/vnncomp2025_benchmarks/benchmarks/cctsdb_yolo_2023/vnnlib/spec_onnx_patch-3_idx_06844_2.vnnlib,.006100959,error_exit_code_1,.622243971
cctsdb_yolo_2023,/home/elipregerson/nnenum/vnncomp2025_benchmarks/benchmarks/cctsdb_yolo_2023/onnx/patch-1.onnx,/home/elipregerson/nnenum/vnncomp2025_benchmarks/benchmarks/cctsdb_yolo_2023/vnnlib/spec_onnx_patch-1_idx_01045_0.vnnlib,.006158499,error_exit_code_1,.626998510
cctsdb_yolo_2023,/home/elipregerson/nnenum/vnncomp2025_benchmarks/benchmarks/cctsdb_yolo_2023/onnx/patch-3.onnx,/home/elipregerson/nnenum/vnncomp2025_benchmarks/benchmarks/cctsdb_yolo_2023/vnnlib/spec_onnx_patch-3_idx_13330_0.vnnlib,.006090061,error_exit_code_1,.626365437
cctsdb_yolo_2023,/home/elipregerson/nnenum/vnncomp2025_benchmarks/benchmarks/cctsdb_yolo_2023/onnx/patch-3.onnx,/home/elipregerson/nnenum/vnncomp2025_benchmarks/benchmarks/cctsdb_yolo_2023/vnnlib/spec_onnx_patch-3_idx_00559_0.vnnlib,.005886624,error_exit_code_1,.606344571
cctsdb_yolo_2023,/home/elipregerson/nnenum/vnncomp2025_benchmarks/benchmarks/cctsdb_yolo_2023/onnx/patch-3.onnx,/home/elipregerson/nnenum/vnncomp2025_benchmarks/benchmarks/cctsdb_yolo_2023/vnnlib/spec_onnx_patch-3_idx_16384_0.vnnlib,.006028854,error_exit_code_1,.626477237
cctsdb_yolo_2023,/home/elipregerson/nnenum/vnncomp2025_benchmarks/benchmarks/test/onnx/test_nano.onnx,/home/elipregerson/nnenum/vnncomp2025_benchmarks/benchmarks/test/vnnlib/test_nano.vnnlib,.006213053,error_exit_code_1,.532044061
cersyve,/home/elipregerson/nnenum/vnncomp2025_benchmarks/benchmarks/cersyve/onnx/lane_keep_pretrain_con.onnx,/home/elipregerson/nnenum/vnncomp2025_benchmarks/benchmarks/cersyve/vnnlib/prop_lane_keep.vnnlib,.006091310,error_exit_code_1,.531378482
cersyve,/home/elipregerson/nnenum/vnncomp2025_benchmarks/benchmarks/cersyve/onnx/lane_keep_pretrain_inv.onnx,/home/elipregerson/nnenum/vnncomp2025_benchmarks/benchmarks/cersyve/vnnlib/prop_lane_keep.vnnlib,.006263735,error_exit_code_1,.531926480
cersyve,/home/elipregerson/nnenum/vnncomp2025_benchmarks/benchmarks/cersyve/onnx/lane_keep_finetune_con.onnx,/home/elipregerson/nnenum/vnncomp2025_benchmarks/benchmarks/cersyve/vnnlib/prop_lane_keep.vnnlib,.005991959,error_exit_code_1,.529673650
cersyve,/home/elipregerson/nnenum/vnncomp2025_benchmarks/benchmarks/cersyve/onnx/lane_keep_finetune_inv.onnx,/home/elipregerson/nnenum/vnncomp2025_benchmarks/benchmarks/cersyve/vnnlib/prop_lane_keep.vnnlib,.006092770,error_exit_code_1,.527831115
cersyve,/home/elipregerson/nnenum/vnncomp2025_benchmarks/benchmarks/cersyve/onnx/pendulum_pretrain_con.onnx,/home/elipregerson/nnenum/vnncomp2025_benchmarks/benchmarks/cersyve/vnnlib/prop_pendulum.vnnlib,.006075430,error_exit_code_1,.540207828
cersyve,/home/elipregerson/nnenum/vnncomp2025_benchmarks/benchmarks/cersyve/onnx/pendulum_pretrain_inv.onnx,/home/elipregerson/nnenum/vnncomp2025_benchmarks/benchmarks/cersyve/vnnlib/prop_pendulum.vnnlib,.005974908,error_exit_code_1,.530549127
cersyve,/home/elipregerson/nnenum/vnncomp2025_benchmarks/benchmarks/cersyve/onnx/pendulum_finetune_con.onnx,/home/elipregerson/nnenum/vnncomp2025_benchmarks/benchmarks/cersyve/vnnlib/prop_pendulum.vnnlib,.005947867,error_exit_code_1,.522483611
cersyve,/home/elipregerson/nnenum/vnncomp2025_benchmarks/benchmarks/cersyve/onnx/pendulum_finetune_inv.onnx,/home/elipregerson/nnenum/vnncomp2025_benchmarks/benchmarks/cersyve/vnnlib/prop_pendulum.vnnlib,.005884983,error_exit_code_1,.528190199
cersyve,/home/elipregerson/nnenum/vnncomp2025_benchmarks/benchmarks/cersyve/onnx/point_mass_pretrain_con.onnx,/home/elipregerson/nnenum/vnncomp2025_benchmarks/benchmarks/cersyve/vnnlib/prop_point_mass.vnnlib,.005975293,error_exit_code_1,.528304658
cersyve,/home/elipregerson/nnenum/vnncomp2025_benchmarks/benchmarks/cersyve/onnx/point_mass_pretrain_inv.onnx,/home/elipregerson/nnenum/vnncomp2025_benchmarks/benchmarks/cersyve/vnnlib/prop_point_mass.vnnlib,.005912569,error_exit_code_1,.524685047
cersyve,/home/elipregerson/nnenum/vnncomp2025_benchmarks/benchmarks/cersyve/onnx/point_mass_finetune_con.onnx,/home/elipregerson/nnenum/vnncomp2025_benchmarks/benchmarks/cersyve/vnnlib/prop_point_mass.vnnlib,.006001693,error_exit_code_1,.531527387
cersyve,/home/elipregerson/nnenum/vnncomp2025_benchmarks/benchmarks/cersyve/onnx/point_mass_finetune_inv.onnx,/home/elipregerson/nnenum/vnncomp2025_benchmarks/benchmarks/cersyve/vnnlib/prop_point_mass.vnnlib,.005907680,error_exit_code_1,.523498002
cersyve,/home/elipregerson/nnenum/vnncomp2025_benchmarks/benchmarks/test/onnx/test_nano.onnx,/home/elipregerson/nnenum/vnncomp2025_benchmarks/benchmarks/test/vnnlib/test_nano.vnnlib,.006030942,error_exit_code_1,.522089403
cgan_2023,/home/elipregerson/nnenum/vnncomp2025_benchmarks/benchmarks/cgan_2023/onnx/cGAN_imgSz32_nCh_1.onnx,/home/elipregerson/nnenum/vnncomp2025_benchmarks/benchmarks/cgan_2023/vnnlib/cGAN_imgSz32_nCh_1_prop_0_input_eps_0.010_output_eps_0.015.vnnlib,.006154212,error_exit_code_1,.557709209
cgan_2023,/home/elipregerson/nnenum/vnncomp2025_benchmarks/benchmarks/cgan_2023/onnx/cGAN_imgSz32_nCh_1.onnx,/home/elipregerson/nnenum/vnncomp2025_benchmarks/benchmarks/cgan_2023/vnnlib/cGAN_imgSz32_nCh_1_prop_1_input_eps_0.010_output_eps_0.015.vnnlib,.006061667,error_exit_code_1,.556304630
cgan_2023,/home/elipregerson/nnenum/vnncomp2025_benchmarks/benchmarks/cgan_2023/onnx/cGAN_imgSz32_nCh_1.onnx,/home/elipregerson/nnenum/vnncomp2025_benchmarks/benchmarks/cgan_2023/vnnlib/cGAN_imgSz32_nCh_1_prop_2_input_eps_0.020_output_eps_0.025.vnnlib,.005960637,error_exit_code_1,.560580211
cgan_2023,/home/elipregerson/nnenum/vnncomp2025_benchmarks/benchmarks/cgan_2023/onnx/cGAN_imgSz32_nCh_1.onnx,/home/elipregerson/nnenum/vnncomp2025_benchmarks/benchmarks/cgan_2023/vnnlib/cGAN_imgSz32_nCh_1_prop_3_input_eps_0.010_output_eps_0.015.vnnlib,.006058294,error_exit_code_1,.558884613
cgan_2023,/home/elipregerson/nnenum/vnncomp2025_benchmarks/benchmarks/cgan_2023/onnx/cGAN_imgSz32_nCh_3.onnx,/home/elipregerson/nnenum/vnncomp2025_benchmarks/benchmarks/cgan_2023/vnnlib/cGAN_imgSz32_nCh_3_prop_0_input_eps_0.015_output_eps_0.020.vnnlib,.006129008,error_exit_code_1,.559987839
cgan_2023,/home/elipregerson/nnenum/vnncomp2025_benchmarks/benchmarks/cgan_2023/onnx/cGAN_imgSz32_nCh_3.onnx,/home/elipregerson/nnenum/vnncomp2025_benchmarks/benchmarks/cgan_2023/vnnlib/cGAN_imgSz32_nCh_3_prop_1_input_eps_0.015_output_eps_0.020.vnnlib,.006263346,error_exit_code_1,.559030571
cgan_2023,/home/elipregerson/nnenum/vnncomp2025_benchmarks/benchmarks/cgan_2023/onnx/cGAN_imgSz32_nCh_3.onnx,/home/elipregerson/nnenum/vnncomp2025_benchmarks/benchmarks/cgan_2023/vnnlib/cGAN_imgSz32_nCh_3_prop_2_input_eps_0.015_output_eps_0.020.vnnlib,.006022492,error_exit_code_1,.560624455
cgan_2023,/home/elipregerson/nnenum/vnncomp2025_benchmarks/benchmarks/cgan_2023/onnx/cGAN_imgSz32_nCh_3.onnx,/home/elipregerson/nnenum/vnncomp2025_benchmarks/benchmarks/cgan_2023/vnnlib/cGAN_imgSz32_nCh_3_prop_3_input_eps_0.015_output_eps_0.020.vnnlib,.005972000,error_exit_code_1,.553950780
cgan_2023,/home/elipregerson/nnenum/vnncomp2025_benchmarks/benchmarks/cgan_2023/onnx/cGAN_imgSz64_nCh_1.onnx,/home/elipregerson/nnenum/vnncomp2025_benchmarks/benchmarks/cgan_2023/vnnlib/cGAN_imgSz64_nCh_1_prop_0_input_eps_0.010_output_eps_0.015.vnnlib,.005968897,error_exit_code_1,.553812535
cgan_2023,/home/elipregerson/nnenum/vnncomp2025_benchmarks/benchmarks/cgan_2023/onnx/cGAN_imgSz64_nCh_1.onnx,/home/elipregerson/nnenum/vnncomp2025_benchmarks/benchmarks/cgan_2023/vnnlib/cGAN_imgSz64_nCh_1_prop_1_input_eps_0.010_output_eps_0.015.vnnlib,.006008452,error_exit_code_1,.561578185
cgan_2023,/home/elipregerson/nnenum/vnncomp2025_benchmarks/benchmarks/cgan_2023/onnx/cGAN_imgSz64_nCh_1.onnx,/home/elipregerson/nnenum/vnncomp2025_benchmarks/benchmarks/cgan_2023/vnnlib/cGAN_imgSz64_nCh_1_prop_2_input_eps_0.005_output_eps_0.010.vnnlib,.005959495,error_exit_code_1,.576518951
cgan_2023,/home/elipregerson/nnenum/vnncomp2025_benchmarks/benchmarks/cgan_2023/onnx/cGAN_imgSz64_nCh_1.onnx,/home/elipregerson/nnenum/vnncomp2025_benchmarks/benchmarks/cgan_2023/vnnlib/cGAN_imgSz64_nCh_1_prop_3_input_eps_0.010_output_eps_0.015.vnnlib,.006064652,error_exit_code_1,.570545284
cgan_2023,/home/elipregerson/nnenum/vnncomp2025_benchmarks/benchmarks/cgan_2023/onnx/cGAN_imgSz64_nCh_3.onnx,/home/elipregerson/nnenum/vnncomp2025_benchmarks/benchmarks/cgan_2023/vnnlib/cGAN_imgSz64_nCh_3_prop_0_input_eps_0.005_output_eps_0.010.vnnlib,.006008663,error_exit_code_1,.559410055
cgan_2023,/home/elipregerson/nnenum/vnncomp2025_benchmarks/benchmarks/cgan_2023/onnx/cGAN_imgSz64_nCh_3.onnx,/home/elipregerson/nnenum/vnncomp2025_benchmarks/benchmarks/cgan_2023/vnnlib/cGAN_imgSz64_nCh_3_prop_1_input_eps_0.010_output_eps_0.015.vnnlib,.006130843,error_exit_code_1,.557617269
cgan_2023,/home/elipregerson/nnenum/vnncomp2025_benchmarks/benchmarks/cgan_2023/onnx/cGAN_imgSz64_nCh_3.onnx,/home/elipregerson/nnenum/vnncomp2025_benchmarks/benchmarks/cgan_2023/vnnlib/cGAN_imgSz64_nCh_3_prop_2_input_eps_0.005_output_eps_0.010.vnnlib,.006255267,error_exit_code_1,.568486243
cgan_2023,/home/elipregerson/nnenum/vnncomp2025_benchmarks/benchmarks/cgan_2023/onnx/cGAN_imgSz64_nCh_3.onnx,/home/elipregerson/nnenum/vnncomp2025_benchmarks/benchmarks/cgan_2023/vnnlib/cGAN_imgSz64_nCh_3_prop_3_input_eps_0.010_output_eps_0.015.vnnlib,.005956956,error_exit_code_1,.569218354
cgan_2023,/home/elipregerson/nnenum/vnncomp2025_benchmarks/benchmarks/cgan_2023/onnx/cGAN_imgSz32_nCh_3_nonlinear_activations.onnx,/home/elipregerson/nnenum/vnncomp2025_benchmarks/benchmarks/cgan_2023/vnnlib/cGAN_imgSz32_nCh_3_nonlinear_activations_prop_0_input_eps_0.015_output_eps_0.020.vnnlib,.006171704,error_exit_code_1,.553251217
cgan_2023,/home/elipregerson/nnenum/vnncomp2025_benchmarks/benchmarks/cgan_2023/onnx/cGAN_imgSz32_nCh_1_transposedConvPadding_1.onnx,/home/elipregerson/nnenum/vnncomp2025_benchmarks/benchmarks/cgan_2023/vnnlib/cGAN_imgSz32_nCh_1_transposedConvPadding_1_prop_0_input_eps_0.015_output_eps_0.020.vnnlib,.005987491,error_exit_code_1,.555993831
cgan_2023,/home/elipregerson/nnenum/vnncomp2025_benchmarks/benchmarks/cgan_2023/onnx/cGAN_imgSz32_nCh_3_upsample.onnx,/home/elipregerson/nnenum/vnncomp2025_benchmarks/benchmarks/cgan_2023/vnnlib/cGAN_imgSz32_nCh_3_upsample_prop_0_input_eps_0.015_output_eps_0.020.vnnlib,.005940989,error_exit_code_1,.551249103
cgan_2023,/home/elipregerson/nnenum/vnncomp2025_benchmarks/benchmarks/cgan_2023/onnx/cGAN_imgSz32_nCh_3_small_transformer.onnx,/home/elipregerson/nnenum/vnncomp2025_benchmarks/benchmarks/cgan_2023/vnnlib/cGAN_imgSz32_nCh_3_small_transformer_prop_0_input_eps_0.005_output_eps_0.010.vnnlib,.006090614,error_exit_code_1,4.698045377
cgan_2023,/home/elipregerson/nnenum/vnncomp2025_benchmarks/benchmarks/cgan_2023/onnx/cGAN_imgSz32_nCh_3_small_transformer.onnx,/home/elipregerson/nnenum/vnncomp2025_benchmarks/benchmarks/cgan_2023/vnnlib/cGAN_imgSz32_nCh_3_small_transformer_prop_1_input_eps_0.010_output_eps_0.015.vnnlib,.006181192,error_exit_code_1,4.671915249
cgan_2023,/home/elipregerson/nnenum/vnncomp2025_benchmarks/benchmarks/test/onnx/test_nano.onnx,/home/elipregerson/nnenum/vnncomp2025_benchmarks/benchmarks/test/vnnlib/test_nano.vnnlib,.006124624,error_exit_code_1,.510537575
cifar100_2024,/home/elipregerson/nnenum/vnncomp2025_benchmarks/benchmarks/cifar100_2024/onnx/CIFAR100_resnet_medium.onnx,/home/elipregerson/nnenum/vnncomp2025_benchmarks/benchmarks/cifar100_2024/vnnlib/CIFAR100_resnet_medium_prop_idx_7641_sidx_1041_eps_0.0039.vnnlib,.005881005,error_exit_code_1,1.223489180
cifar100_2024,/home/elipregerson/nnenum/vnncomp2025_benchmarks/benchmarks/cifar100_2024/onnx/CIFAR100_resnet_medium.onnx,/home/elipregerson/nnenum/vnncomp2025_benchmarks/benchmarks/cifar100_2024/vnnlib/CIFAR100_resnet_medium_prop_idx_2132_sidx_6868_eps_0.0039.vnnlib,.006032337,error_exit_code_1,1.254043587
cifar100_2024,/home/elipregerson/nnenum/vnncomp2025_benchmarks/benchmarks/cifar100_2024/onnx/CIFAR100_resnet_medium.onnx,/home/elipregerson/nnenum/vnncomp2025_benchmarks/benchmarks/cifar100_2024/vnnlib/CIFAR100_resnet_medium_prop_idx_6232_sidx_3020_eps_0.0039.vnnlib,.006417623,error_exit_code_1,1.264812568
cifar100_2024,/home/elipregerson/nnenum/vnncomp2025_benchmarks/benchmarks/cifar100_2024/onnx/CIFAR100_resnet_medium.onnx,/home/elipregerson/nnenum/vnncomp2025_benchmarks/benchmarks/cifar100_2024/vnnlib/CIFAR100_resnet_medium_prop_idx_9694_sidx_2810_eps_0.0039.vnnlib,.006047378,error_exit_code_1,1.224389983
cifar100_2024,/home/elipregerson/nnenum/vnncomp2025_benchmarks/benchmarks/cifar100_2024/onnx/CIFAR100_resnet_medium.onnx,/home/elipregerson/nnenum/vnncomp2025_benchmarks/benchmarks/cifar100_2024/vnnlib/CIFAR100_resnet_medium_prop_idx_4760_sidx_4651_eps_0.0039.vnnlib,.005997273,error_exit_code_1,1.249620138
cifar100_2024,/home/elipregerson/nnenum/vnncomp2025_benchmarks/benchmarks/cifar100_2024/onnx/CIFAR100_resnet_medium.onnx,/home/elipregerson/nnenum/vnncomp2025_benchmarks/benchmarks/cifar100_2024/vnnlib/CIFAR100_resnet_medium_prop_idx_6135_sidx_4586_eps_0.0039.vnnlib,.005985626,error_exit_code_1,1.249924804
cifar100_2024,/home/elipregerson/nnenum/vnncomp2025_benchmarks/benchmarks/cifar100_2024/onnx/CIFAR100_resnet_medium.onnx,/home/elipregerson/nnenum/vnncomp2025_benchmarks/benchmarks/cifar100_2024/vnnlib/CIFAR100_resnet_medium_prop_idx_4921_sidx_3617_eps_0.0039.vnnlib,.005888998,error_exit_code_1,1.243546861
cifar100_2024,/home/elipregerson/nnenum/vnncomp2025_benchmarks/benchmarks/cifar100_2024/onnx/CIFAR100_resnet_medium.onnx,/home/elipregerson/nnenum/vnncomp2025_benchmarks/benchmarks/cifar100_2024/vnnlib/CIFAR100_resnet_medium_prop_idx_5242_sidx_1208_eps_0.0039.vnnlib,.005962050,error_exit_code_1,1.238961543
cifar100_2024,/home/elipregerson/nnenum/vnncomp2025_benchmarks/benchmarks/cifar100_2024/onnx/CIFAR100_resnet_medium.onnx,/home/elipregerson/nnenum/vnncomp2025_benchmarks/benchmarks/cifar100_2024/vnnlib/CIFAR100_resnet_medium_prop_idx_2176_sidx_3285_eps_0.0039.vnnlib,.005966586,error_exit_code_1,1.238169643
cifar100_2024,/home/elipregerson/nnenum/vnncomp2025_benchmarks/benchmarks/cifar100_2024/onnx/CIFAR100_resnet_medium.onnx,/home/elipregerson/nnenum/vnncomp2025_benchmarks/benchmarks/cifar100_2024/vnnlib/CIFAR100_resnet_medium_prop_idx_8762_sidx_3374_eps_0.0039.vnnlib,.005983063,error_exit_code_1,1.242849193
cifar100_2024,/home/elipregerson/nnenum/vnncomp2025_benchmarks/benchmarks/cifar100_2024/onnx/CIFAR100_resnet_medium.onnx,/home/elipregerson/nnenum/vnncomp2025_benchmarks/benchmarks/cifar100_2024/vnnlib/CIFAR100_resnet_medium_prop_idx_7704_sidx_3701_eps_0.0039.vnnlib,.006042947,error_exit_code_1,1.239856871
cifar100_2024,/home/elipregerson/nnenum/vnncomp2025_benchmarks/benchmarks/cifar100_2024/onnx/CIFAR100_resnet_medium.onnx,/home/elipregerson/nnenum/vnncomp2025_benchmarks/benchmarks/cifar100_2024/vnnlib/CIFAR100_resnet_medium_prop_idx_4752_sidx_1800_eps_0.0039.vnnlib,.006120496,error_exit_code_1,1.274638680
cifar100_2024,/home/elipregerson/nnenum/vnncomp2025_benchmarks/benchmarks/cifar100_2024/onnx/CIFAR100_resnet_medium.onnx,/home/elipregerson/nnenum/vnncomp2025_benchmarks/benchmarks/cifar100_2024/vnnlib/CIFAR100_resnet_medium_prop_idx_6415_sidx_4543_eps_0.0039.vnnlib,.006039478,error_exit_code_1,1.253666813
cifar100_2024,/home/elipregerson/nnenum/vnncomp2025_benchmarks/benchmarks/cifar100_2024/onnx/CIFAR100_resnet_medium.onnx,/home/elipregerson/nnenum/vnncomp2025_benchmarks/benchmarks/cifar100_2024/vnnlib/CIFAR100_resnet_medium_prop_idx_2477_sidx_388_eps_0.0039.vnnlib,.006005438,error_exit_code_1,1.256242876
cifar100_2024,/home/elipregerson/nnenum/vnncomp2025_benchmarks/benchmarks/cifar100_2024/onnx/CIFAR100_resnet_medium.onnx,/home/elipregerson/nnenum/vnncomp2025_benchmarks/benchmarks/cifar100_2024/vnnlib/CIFAR100_resnet_medium_prop_idx_6553_sidx_7265_eps_0.0039.vnnlib,.006041125,error_exit_code_1,1.247417378
cifar100_2024,/home/elipregerson/nnenum/vnncomp2025_benchmarks/benchmarks/cifar100_2024/onnx/CIFAR100_resnet_medium.onnx,/home/elipregerson/nnenum/vnncomp2025_benchmarks/benchmarks/cifar100_2024/vnnlib/CIFAR100_resnet_medium_prop_idx_8600_sidx_2721_eps_0.0039.vnnlib,.005981613,error_exit_code_1,1.242477792
cifar100_2024,/home/elipregerson/nnenum/vnncomp2025_benchmarks/benchmarks/cifar100_2024/onnx/CIFAR100_resnet_medium.onnx,/home/elipregerson/nnenum/vnncomp2025_benchmarks/benchmarks/cifar100_2024/vnnlib/CIFAR100_resnet_medium_prop_idx_7258_sidx_3539_eps_0.0039.vnnlib,.006048420,error_exit_code_1,1.271994928
cifar100_2024,/home/elipregerson/nnenum/vnncomp2025_benchmarks/benchmarks/cifar100_2024/onnx/CIFAR100_resnet_medium.onnx,/home/elipregerson/nnenum/vnncomp2025_benchmarks/benchmarks/cifar100_2024/vnnlib/CIFAR100_resnet_medium_prop_idx_6659_sidx_4583_eps_0.0039.vnnlib,.007226857,error_exit_code_1,1.248694034
cifar100_2024,/home/elipregerson/nnenum/vnncomp2025_benchmarks/benchmarks/cifar100_2024/onnx/CIFAR100_resnet_medium.onnx,/home/elipregerson/nnenum/vnncomp2025_benchmarks/benchmarks/cifar100_2024/vnnlib/CIFAR100_resnet_medium_prop_idx_885_sidx_7654_eps_0.0039.vnnlib,.006179469,error_exit_code_1,1.263126651
cifar100_2024,/home/elipregerson/nnenum/vnncomp2025_benchmarks/benchmarks/cifar100_2024/onnx/CIFAR100_resnet_medium.onnx,/home/elipregerson/nnenum/vnncomp2025_benchmarks/benchmarks/cifar100_2024/vnnlib/CIFAR100_resnet_medium_prop_idx_3006_sidx_928_eps_0.0039.vnnlib,.005928933,error_exit_code_1,1.249773437
cifar100_2024,/home/elipregerson/nnenum/vnncomp2025_benchmarks/benchmarks/cifar100_2024/onnx/CIFAR100_resnet_medium.onnx,/home/elipregerson/nnenum/vnncomp2025_benchmarks/benchmarks/cifar100_2024/vnnlib/CIFAR100_resnet_medium_prop_idx_1588_sidx_6654_eps_0.0039.vnnlib,.006092531,error_exit_code_1,1.253349442
cifar100_2024,/home/elipregerson/nnenum/vnncomp2025_benchmarks/benchmarks/cifar100_2024/onnx/CIFAR100_resnet_medium.onnx,/home/elipregerson/nnenum/vnncomp2025_benchmarks/benchmarks/cifar100_2024/vnnlib/CIFAR100_resnet_medium_prop_idx_8594_sidx_5815_eps_0.0039.vnnlib,.006020903,error_exit_code_1,1.259391635
cifar100_2024,/home/elipregerson/nnenum/vnncomp2025_benchmarks/benchmarks/cifar100_2024/onnx/CIFAR100_resnet_medium.onnx,/home/elipregerson/nnenum/vnncomp2025_benchmarks/benchmarks/cifar100_2024/vnnlib/CIFAR100_resnet_medium_prop_idx_9658_sidx_1660_eps_0.0039.vnnlib,.006076747,error_exit_code_1,1.270617720
cifar100_2024,/home/elipregerson/nnenum/vnncomp2025_benchmarks/benchmarks/cifar100_2024/onnx/CIFAR100_resnet_medium.onnx,/home/elipregerson/nnenum/vnncomp2025_benchmarks/benchmarks/cifar100_2024/vnnlib/CIFAR100_resnet_medium_prop_idx_8505_sidx_1690_eps_0.0039.vnnlib,.006016047,error_exit_code_1,1.259821247
cifar100_2024,/home/elipregerson/nnenum/vnncomp2025_benchmarks/benchmarks/cifar100_2024/onnx/CIFAR100_resnet_medium.onnx,/home/elipregerson/nnenum/vnncomp2025_benchmarks/benchmarks/cifar100_2024/vnnlib/CIFAR100_resnet_medium_prop_idx_8945_sidx_3584_eps_0.0039.vnnlib,.005930975,error_exit_code_1,1.241124595
cifar100_2024,/home/elipregerson/nnenum/vnncomp2025_benchmarks/benchmarks/cifar100_2024/onnx/CIFAR100_resnet_medium.onnx,/home/elipregerson/nnenum/vnncomp2025_benchmarks/benchmarks/cifar100_2024/vnnlib/CIFAR100_resnet_medium_prop_idx_6585_sidx_533_eps_0.0039.vnnlib,.006107650,error_exit_code_1,1.252941262
cifar100_2024,/home/elipregerson/nnenum/vnncomp2025_benchmarks/benchmarks/cifar100_2024/onnx/CIFAR100_resnet_medium.onnx,/home/elipregerson/nnenum/vnncomp2025_benchmarks/benchmarks/cifar100_2024/vnnlib/CIFAR100_resnet_medium_prop_idx_6573_sidx_5525_eps_0.0039.vnnlib,.006052437,error_exit_code_1,1.244704266
cifar100_2024,/home/elipregerson/nnenum/vnncomp2025_benchmarks/benchmarks/cifar100_2024/onnx/CIFAR100_resnet_medium.onnx,/home/elipregerson/nnenum/vnncomp2025_benchmarks/benchmarks/cifar100_2024/vnnlib/CIFAR100_resnet_medium_prop_idx_8619_sidx_4461_eps_0.0039.vnnlib,.006104793,error_exit_code_1,1.264720514
cifar100_2024,/home/elipregerson/nnenum/vnncomp2025_benchmarks/benchmarks/cifar100_2024/onnx/CIFAR100_resnet_medium.onnx,/home/elipregerson/nnenum/vnncomp2025_benchmarks/benchmarks/cifar100_2024/vnnlib/CIFAR100_resnet_medium_prop_idx_54_sidx_9735_eps_0.0039.vnnlib,.005958784,error_exit_code_1,1.252937680
cifar100_2024,/home/elipregerson/nnenum/vnncomp2025_benchmarks/benchmarks/cifar100_2024/onnx/CIFAR100_resnet_medium.onnx,/home/elipregerson/nnenum/vnncomp2025_benchmarks/benchmarks/cifar100_2024/vnnlib/CIFAR100_resnet_medium_prop_idx_4429_sidx_1471_eps_0.0039.vnnlib,.006094994,error_exit_code_1,1.272556532
cifar100_2024,/home/elipregerson/nnenum/vnncomp2025_benchmarks/benchmarks/cifar100_2024/onnx/CIFAR100_resnet_medium.onnx,/home/elipregerson/nnenum/vnncomp2025_benchmarks/benchmarks/cifar100_2024/vnnlib/CIFAR100_resnet_medium_prop_idx_1190_sidx_8846_eps_0.0039.vnnlib,.005995912,error_exit_code_1,1.230608914
cifar100_2024,/home/elipregerson/nnenum/vnncomp2025_benchmarks/benchmarks/cifar100_2024/onnx/CIFAR100_resnet_medium.onnx,/home/elipregerson/nnenum/vnncomp2025_benchmarks/benchmarks/cifar100_2024/vnnlib/CIFAR100_resnet_medium_prop_idx_7569_sidx_2906_eps_0.0039.vnnlib,.006142783,error_exit_code_1,1.235762359
cifar100_2024,/home/elipregerson/nnenum/vnncomp2025_benchmarks/benchmarks/cifar100_2024/onnx/CIFAR100_resnet_medium.onnx,/home/elipregerson/nnenum/vnncomp2025_benchmarks/benchmarks/cifar100_2024/vnnlib/CIFAR100_resnet_medium_prop_idx_9897_sidx_9124_eps_0.0039.vnnlib,.005986086,error_exit_code_1,1.235825757
cifar100_2024,/home/elipregerson/nnenum/vnncomp2025_benchmarks/benchmarks/cifar100_2024/onnx/CIFAR100_resnet_medium.onnx,/home/elipregerson/nnenum/vnncomp2025_benchmarks/benchmarks/cifar100_2024/vnnlib/CIFAR100_resnet_medium_prop_idx_5831_sidx_5506_eps_0.0039.vnnlib,.006037912,error_exit_code_1,1.241914438
cifar100_2024,/home/elipregerson/nnenum/vnncomp2025_benchmarks/benchmarks/cifar100_2024/onnx/CIFAR100_resnet_medium.onnx,/home/elipregerson/nnenum/vnncomp2025_benchmarks/benchmarks/cifar100_2024/vnnlib/CIFAR100_resnet_medium_prop_idx_4169_sidx_9758_eps_0.0039.vnnlib,.006038734,error_exit_code_1,1.269232510
cifar100_2024,/home/elipregerson/nnenum/vnncomp2025_benchmarks/benchmarks/cifar100_2024/onnx/CIFAR100_resnet_medium.onnx,/home/elipregerson/nnenum/vnncomp2025_benchmarks/benchmarks/cifar100_2024/vnnlib/CIFAR100_resnet_medium_prop_idx_8196_sidx_3864_eps_0.0039.vnnlib,.006001494,error_exit_code_1,1.241023943
cifar100_2024,/home/elipregerson/nnenum/vnncomp2025_benchmarks/benchmarks/cifar100_2024/onnx/CIFAR100_resnet_medium.onnx,/home/elipregerson/nnenum/vnncomp2025_benchmarks/benchmarks/cifar100_2024/vnnlib/CIFAR100_resnet_medium_prop_idx_6583_sidx_8860_eps_0.0039.vnnlib,.006098783,error_exit_code_1,1.226619179
cifar100_2024,/home/elipregerson/nnenum/vnncomp2025_benchmarks/benchmarks/cifar100_2024/onnx/CIFAR100_resnet_medium.onnx,/home/elipregerson/nnenum/vnncomp2025_benchmarks/benchmarks/cifar100_2024/vnnlib/CIFAR100_resnet_medium_prop_idx_8523_sidx_9936_eps_0.0039.vnnlib,.006125959,error_exit_code_1,1.226169581
cifar100_2024,/home/elipregerson/nnenum/vnncomp2025_benchmarks/benchmarks/cifar100_2024/onnx/CIFAR100_resnet_medium.onnx,/home/elipregerson/nnenum/vnncomp2025_benchmarks/benchmarks/cifar100_2024/vnnlib/CIFAR100_resnet_medium_prop_idx_3418_sidx_4225_eps_0.0039.vnnlib,.006311045,error_exit_code_1,1.267233978
cifar100_2024,/home/elipregerson/nnenum/vnncomp2025_benchmarks/benchmarks/cifar100_2024/onnx/CIFAR100_resnet_medium.onnx,/home/elipregerson/nnenum/vnncomp2025_benchmarks/benchmarks/cifar100_2024/vnnlib/CIFAR100_resnet_medium_prop_idx_7431_sidx_7329_eps_0.0039.vnnlib,.006015700,error_exit_code_1,1.245272203
cifar100_2024,/home/elipregerson/nnenum/vnncomp2025_benchmarks/benchmarks/cifar100_2024/onnx/CIFAR100_resnet_medium.onnx,/home/elipregerson/nnenum/vnncomp2025_benchmarks/benchmarks/cifar100_2024/vnnlib/CIFAR100_resnet_medium_prop_idx_6010_sidx_5369_eps_0.0039.vnnlib,.005907606,error_exit_code_1,1.235072246
cifar100_2024,/home/elipregerson/nnenum/vnncomp2025_benchmarks/benchmarks/cifar100_2024/onnx/CIFAR100_resnet_medium.onnx,/home/elipregerson/nnenum/vnncomp2025_benchmarks/benchmarks/cifar100_2024/vnnlib/CIFAR100_resnet_medium_prop_idx_5127_sidx_993_eps_0.0039.vnnlib,.006155211,error_exit_code_1,1.245072887
cifar100_2024,/home/elipregerson/nnenum/vnncomp2025_benchmarks/benchmarks/cifar100_2024/onnx/CIFAR100_resnet_medium.onnx,/home/elipregerson/nnenum/vnncomp2025_benchmarks/benchmarks/cifar100_2024/vnnlib/CIFAR100_resnet_medium_prop_idx_6263_sidx_7644_eps_0.0039.vnnlib,.006123285,error_exit_code_1,1.244786819
cifar100_2024,/home/elipregerson/nnenum/vnncomp2025_benchmarks/benchmarks/cifar100_2024/onnx/CIFAR100_resnet_medium.onnx,/home/elipregerson/nnenum/vnncomp2025_benchmarks/benchmarks/cifar100_2024/vnnlib/CIFAR100_resnet_medium_prop_idx_5001_sidx_1154_eps_0.0039.vnnlib,.006047897,error_exit_code_1,1.258353066
cifar100_2024,/home/elipregerson/nnenum/vnncomp2025_benchmarks/benchmarks/cifar100_2024/onnx/CIFAR100_resnet_medium.onnx,/home/elipregerson/nnenum/vnncomp2025_benchmarks/benchmarks/cifar100_2024/vnnlib/CIFAR100_resnet_medium_prop_idx_4597_sidx_282_eps_0.0039.vnnlib,.006126767,error_exit_code_1,1.251971214
cifar100_2024,/home/elipregerson/nnenum/vnncomp2025_benchmarks/benchmarks/cifar100_2024/onnx/CIFAR100_resnet_medium.onnx,/home/elipregerson/nnenum/vnncomp2025_benchmarks/benchmarks/cifar100_2024/vnnlib/CIFAR100_resnet_medium_prop_idx_3184_sidx_9092_eps_0.0039.vnnlib,.005958391,error_exit_code_1,1.252972341
cifar100_2024,/home/elipregerson/nnenum/vnncomp2025_benchmarks/benchmarks/cifar100_2024/onnx/CIFAR100_resnet_medium.onnx,/home/elipregerson/nnenum/vnncomp2025_benchmarks/benchmarks/cifar100_2024/vnnlib/CIFAR100_resnet_medium_prop_idx_3343_sidx_1406_eps_0.0039.vnnlib,.006202318,error_exit_code_1,1.259268209
cifar100_2024,/home/elipregerson/nnenum/vnncomp2025_benchmarks/benchmarks/cifar100_2024/onnx/CIFAR100_resnet_medium.onnx,/home/elipregerson/nnenum/vnncomp2025_benchmarks/benchmarks/cifar100_2024/vnnlib/CIFAR100_resnet_medium_prop_idx_8330_sidx_7593_eps_0.0039.vnnlib,.006033031,error_exit_code_1,1.245925463
cifar100_2024,/home/elipregerson/nnenum/vnncomp2025_benchmarks/benchmarks/cifar100_2024/onnx/CIFAR100_resnet_medium.onnx,/home/elipregerson/nnenum/vnncomp2025_benchmarks/benchmarks/cifar100_2024/vnnlib/CIFAR100_resnet_medium_prop_idx_5634_sidx_9441_eps_0.0039.vnnlib,.006045454,error_exit_code_1,1.252146886
cifar100_2024,/home/elipregerson/nnenum/vnncomp2025_benchmarks/benchmarks/cifar100_2024/onnx/CIFAR100_resnet_medium.onnx,/home/elipregerson/nnenum/vnncomp2025_benchmarks/benchmarks/cifar100_2024/vnnlib/CIFAR100_resnet_medium_prop_idx_7478_sidx_6593_eps_0.0039.vnnlib,.006109273,error_exit_code_1,1.245091690
cifar100_2024,/home/elipregerson/nnenum/vnncomp2025_benchmarks/benchmarks/cifar100_2024/onnx/CIFAR100_resnet_medium.onnx,/home/elipregerson/nnenum/vnncomp2025_benchmarks/benchmarks/cifar100_2024/vnnlib/CIFAR100_resnet_medium_prop_idx_913_sidx_2404_eps_0.0039.vnnlib,.005909777,error_exit_code_1,1.244442672
cifar100_2024,/home/elipregerson/nnenum/vnncomp2025_benchmarks/benchmarks/cifar100_2024/onnx/CIFAR100_resnet_medium.onnx,/home/elipregerson/nnenum/vnncomp2025_benchmarks/benchmarks/cifar100_2024/vnnlib/CIFAR100_resnet_medium_prop_idx_1761_sidx_3933_eps_0.0039.vnnlib,.006085588,error_exit_code_1,1.263969625
cifar100_2024,/home/elipregerson/nnenum/vnncomp2025_benchmarks/benchmarks/cifar100_2024/onnx/CIFAR100_resnet_medium.onnx,/home/elipregerson/nnenum/vnncomp2025_benchmarks/benchmarks/cifar100_2024/vnnlib/CIFAR100_resnet_medium_prop_idx_1798_sidx_1061_eps_0.0039.vnnlib,.005972899,error_exit_code_1,1.243449411
cifar100_2024,/home/elipregerson/nnenum/vnncomp2025_benchmarks/benchmarks/cifar100_2024/onnx/CIFAR100_resnet_medium.onnx,/home/elipregerson/nnenum/vnncomp2025_benchmarks/benchmarks/cifar100_2024/vnnlib/CIFAR100_resnet_medium_prop_idx_8450_sidx_9332_eps_0.0039.vnnlib,.005994763,error_exit_code_1,1.250720999
cifar100_2024,/home/elipregerson/nnenum/vnncomp2025_benchmarks/benchmarks/cifar100_2024/onnx/CIFAR100_resnet_medium.onnx,/home/elipregerson/nnenum/vnncomp2025_benchmarks/benchmarks/cifar100_2024/vnnlib/CIFAR100_resnet_medium_prop_idx_1592_sidx_3741_eps_0.0039.vnnlib,.005912466,error_exit_code_1,1.242046347
cifar100_2024,/home/elipregerson/nnenum/vnncomp2025_benchmarks/benchmarks/cifar100_2024/onnx/CIFAR100_resnet_medium.onnx,/home/elipregerson/nnenum/vnncomp2025_benchmarks/benchmarks/cifar100_2024/vnnlib/CIFAR100_resnet_medium_prop_idx_230_sidx_1968_eps_0.0039.vnnlib,.005935659,error_exit_code_1,1.269060929
cifar100_2024,/home/elipregerson/nnenum/vnncomp2025_benchmarks/benchmarks/cifar100_2024/onnx/CIFAR100_resnet_medium.onnx,/home/elipregerson/nnenum/vnncomp2025_benchmarks/benchmarks/cifar100_2024/vnnlib/CIFAR100_resnet_medium_prop_idx_5791_sidx_5659_eps_0.0039.vnnlib,.006016589,error_exit_code_1,1.248172132
cifar100_2024,/home/elipregerson/nnenum/vnncomp2025_benchmarks/benchmarks/cifar100_2024/onnx/CIFAR100_resnet_medium.onnx,/home/elipregerson/nnenum/vnncomp2025_benchmarks/benchmarks/cifar100_2024/vnnlib/CIFAR100_resnet_medium_prop_idx_4475_sidx_752_eps_0.0039.vnnlib,.006134399,error_exit_code_1,1.254991536
cifar100_2024,/home/elipregerson/nnenum/vnncomp2025_benchmarks/benchmarks/cifar100_2024/onnx/CIFAR100_resnet_medium.onnx,/home/elipregerson/nnenum/vnncomp2025_benchmarks/benchmarks/cifar100_2024/vnnlib/CIFAR100_resnet_medium_prop_idx_3247_sidx_1605_eps_0.0039.vnnlib,.006050599,error_exit_code_1,1.257387224
cifar100_2024,/home/elipregerson/nnenum/vnncomp2025_benchmarks/benchmarks/cifar100_2024/onnx/CIFAR100_resnet_medium.onnx,/home/elipregerson/nnenum/vnncomp2025_benchmarks/benchmarks/cifar100_2024/vnnlib/CIFAR100_resnet_medium_prop_idx_2557_sidx_6196_eps_0.0039.vnnlib,.005920835,error_exit_code_1,1.231709221
cifar100_2024,/home/elipregerson/nnenum/vnncomp2025_benchmarks/benchmarks/cifar100_2024/onnx/CIFAR100_resnet_medium.onnx,/home/elipregerson/nnenum/vnncomp2025_benchmarks/benchmarks/cifar100_2024/vnnlib/CIFAR100_resnet_medium_prop_idx_4191_sidx_3301_eps_0.0039.vnnlib,.006119340,error_exit_code_1,1.245819475
cifar100_2024,/home/elipregerson/nnenum/vnncomp2025_benchmarks/benchmarks/cifar100_2024/onnx/CIFAR100_resnet_medium.onnx,/home/elipregerson/nnenum/vnncomp2025_benchmarks/benchmarks/cifar100_2024/vnnlib/CIFAR100_resnet_medium_prop_idx_2697_sidx_4836_eps_0.0039.vnnlib,.006093852,error_exit_code_1,1.282121499
cifar100_2024,/home/elipregerson/nnenum/vnncomp2025_benchmarks/benchmarks/cifar100_2024/onnx/CIFAR100_resnet_medium.onnx,/home/elipregerson/nnenum/vnncomp2025_benchmarks/benchmarks/cifar100_2024/vnnlib/CIFAR100_resnet_medium_prop_idx_9665_sidx_9074_eps_0.0039.vnnlib,.006019378,error_exit_code_1,1.262765095
cifar100_2024,/home/elipregerson/nnenum/vnncomp2025_benchmarks/benchmarks/cifar100_2024/onnx/CIFAR100_resnet_medium.onnx,/home/elipregerson/nnenum/vnncomp2025_benchmarks/benchmarks/cifar100_2024/vnnlib/CIFAR100_resnet_medium_prop_idx_9518_sidx_9183_eps_0.0039.vnnlib,.006063603,error_exit_code_1,1.243420299
cifar100_2024,/home/elipregerson/nnenum/vnncomp2025_benchmarks/benchmarks/cifar100_2024/onnx/CIFAR100_resnet_medium.onnx,/home/elipregerson/nnenum/vnncomp2025_benchmarks/benchmarks/cifar100_2024/vnnlib/CIFAR100_resnet_medium_prop_idx_5973_sidx_7841_eps_0.0039.vnnlib,.005922611,error_exit_code_1,1.247613656
cifar100_2024,/home/elipregerson/nnenum/vnncomp2025_benchmarks/benchmarks/cifar100_2024/onnx/CIFAR100_resnet_medium.onnx,/home/elipregerson/nnenum/vnncomp2025_benchmarks/benchmarks/cifar100_2024/vnnlib/CIFAR100_resnet_medium_prop_idx_9845_sidx_200_eps_0.0039.vnnlib,.006053315,error_exit_code_1,1.237606121
cifar100_2024,/home/elipregerson/nnenum/vnncomp2025_benchmarks/benchmarks/cifar100_2024/onnx/CIFAR100_resnet_medium.onnx,/home/elipregerson/nnenum/vnncomp2025_benchmarks/benchmarks/cifar100_2024/vnnlib/CIFAR100_resnet_medium_prop_idx_2779_sidx_6416_eps_0.0039.vnnlib,.006133033,error_exit_code_1,1.265136029
cifar100_2024,/home/elipregerson/nnenum/vnncomp2025_benchmarks/benchmarks/cifar100_2024/onnx/CIFAR100_resnet_medium.onnx,/home/elipregerson/nnenum/vnncomp2025_benchmarks/benchmarks/cifar100_2024/vnnlib/CIFAR100_resnet_medium_prop_idx_6292_sidx_5430_eps_0.0039.vnnlib,.005977533,error_exit_code_1,1.259069727
cifar100_2024,/home/elipregerson/nnenum/vnncomp2025_benchmarks/benchmarks/cifar100_2024/onnx/CIFAR100_resnet_medium.onnx,/home/elipregerson/nnenum/vnncomp2025_benchmarks/benchmarks/cifar100_2024/vnnlib/CIFAR100_resnet_medium_prop_idx_8642_sidx_9095_eps_0.0039.vnnlib,.005994771,error_exit_code_1,1.233041196
cifar100_2024,/home/elipregerson/nnenum/vnncomp2025_benchmarks/benchmarks/cifar100_2024/onnx/CIFAR100_resnet_medium.onnx,/home/elipregerson/nnenum/vnncomp2025_benchmarks/benchmarks/cifar100_2024/vnnlib/CIFAR100_resnet_medium_prop_idx_6049_sidx_4719_eps_0.0039.vnnlib,.006133877,error_exit_code_1,1.279419347
cifar100_2024,/home/elipregerson/nnenum/vnncomp2025_benchmarks/benchmarks/cifar100_2024/onnx/CIFAR100_resnet_medium.onnx,/home/elipregerson/nnenum/vnncomp2025_benchmarks/benchmarks/cifar100_2024/vnnlib/CIFAR100_resnet_medium_prop_idx_8739_sidx_1540_eps_0.0039.vnnlib,.005990705,error_exit_code_1,1.242610582
cifar100_2024,/home/elipregerson/nnenum/vnncomp2025_benchmarks/benchmarks/cifar100_2024/onnx/CIFAR100_resnet_medium.onnx,/home/elipregerson/nnenum/vnncomp2025_benchmarks/benchmarks/cifar100_2024/vnnlib/CIFAR100_resnet_medium_prop_idx_7034_sidx_4129_eps_0.0039.vnnlib,.005971939,error_exit_code_1,1.265920329
cifar100_2024,/home/elipregerson/nnenum/vnncomp2025_benchmarks/benchmarks/cifar100_2024/onnx/CIFAR100_resnet_medium.onnx,/home/elipregerson/nnenum/vnncomp2025_benchmarks/benchmarks/cifar100_2024/vnnlib/CIFAR100_resnet_medium_prop_idx_1498_sidx_792_eps_0.0039.vnnlib,.005927567,error_exit_code_1,1.248778398
cifar100_2024,/home/elipregerson/nnenum/vnncomp2025_benchmarks/benchmarks/cifar100_2024/onnx/CIFAR100_resnet_medium.onnx,/home/elipregerson/nnenum/vnncomp2025_benchmarks/benchmarks/cifar100_2024/vnnlib/CIFAR100_resnet_medium_prop_idx_3898_sidx_9109_eps_0.0039.vnnlib,.006061468,error_exit_code_1,1.248067282
cifar100_2024,/home/elipregerson/nnenum/vnncomp2025_benchmarks/benchmarks/cifar100_2024/onnx/CIFAR100_resnet_medium.onnx,/home/elipregerson/nnenum/vnncomp2025_benchmarks/benchmarks/cifar100_2024/vnnlib/CIFAR100_resnet_medium_prop_idx_854_sidx_6893_eps_0.0039.vnnlib,.005974733,error_exit_code_1,1.274988077
cifar100_2024,/home/elipregerson/nnenum/vnncomp2025_benchmarks/benchmarks/cifar100_2024/onnx/CIFAR100_resnet_medium.onnx,/home/elipregerson/nnenum/vnncomp2025_benchmarks/benchmarks/cifar100_2024/vnnlib/CIFAR100_resnet_medium_prop_idx_9502_sidx_7197_eps_0.0039.vnnlib,.005916040,error_exit_code_1,1.240861894
cifar100_2024,/home/elipregerson/nnenum/vnncomp2025_benchmarks/benchmarks/cifar100_2024/onnx/CIFAR100_resnet_medium.onnx,/home/elipregerson/nnenum/vnncomp2025_benchmarks/benchmarks/cifar100_2024/vnnlib/CIFAR100_resnet_medium_prop_idx_2551_sidx_9941_eps_0.0039.vnnlib,.006089674,error_exit_code_1,1.240474885
cifar100_2024,/home/elipregerson/nnenum/vnncomp2025_benchmarks/benchmarks/cifar100_2024/onnx/CIFAR100_resnet_medium.onnx,/home/elipregerson/nnenum/vnncomp2025_benchmarks/benchmarks/cifar100_2024/vnnlib/CIFAR100_resnet_medium_prop_idx_7658_sidx_1537_eps_0.0039.vnnlib,.006026741,error_exit_code_1,1.230608404
cifar100_2024,/home/elipregerson/nnenum/vnncomp2025_benchmarks/benchmarks/cifar100_2024/onnx/CIFAR100_resnet_medium.onnx,/home/elipregerson/nnenum/vnncomp2025_benchmarks/benchmarks/cifar100_2024/vnnlib/CIFAR100_resnet_medium_prop_idx_9726_sidx_4400_eps_0.0039.vnnlib,.006078467,error_exit_code_1,1.240213972
cifar100_2024,/home/elipregerson/nnenum/vnncomp2025_benchmarks/benchmarks/cifar100_2024/onnx/CIFAR100_resnet_medium.onnx,/home/elipregerson/nnenum/vnncomp2025_benchmarks/benchmarks/cifar100_2024/vnnlib/CIFAR100_resnet_medium_prop_idx_9313_sidx_6462_eps_0.0039.vnnlib,.006084176,error_exit_code_1,1.235253691
cifar100_2024,/home/elipregerson/nnenum/vnncomp2025_benchmarks/benchmarks/cifar100_2024/onnx/CIFAR100_resnet_medium.onnx,/home/elipregerson/nnenum/vnncomp2025_benchmarks/benchmarks/cifar100_2024/vnnlib/CIFAR100_resnet_medium_prop_idx_815_sidx_1902_eps_0.0039.vnnlib,.006005381,error_exit_code_1,1.271127494
cifar100_2024,/home/elipregerson/nnenum/vnncomp2025_benchmarks/benchmarks/cifar100_2024/onnx/CIFAR100_resnet_medium.onnx,/home/elipregerson/nnenum/vnncomp2025_benchmarks/benchmarks/cifar100_2024/vnnlib/CIFAR100_resnet_medium_prop_idx_6491_sidx_3620_eps_0.0039.vnnlib,.006078602,error_exit_code_1,1.268990470
cifar100_2024,/home/elipregerson/nnenum/vnncomp2025_benchmarks/benchmarks/cifar100_2024/onnx/CIFAR100_resnet_medium.onnx,/home/elipregerson/nnenum/vnncomp2025_benchmarks/benchmarks/cifar100_2024/vnnlib/CIFAR100_resnet_medium_prop_idx_4605_sidx_6225_eps_0.0039.vnnlib,.006087545,error_exit_code_1,1.286984782
cifar100_2024,/home/elipregerson/nnenum/vnncomp2025_benchmarks/benchmarks/cifar100_2024/onnx/CIFAR100_resnet_medium.onnx,/home/elipregerson/nnenum/vnncomp2025_benchmarks/benchmarks/cifar100_2024/vnnlib/CIFAR100_resnet_medium_prop_idx_2352_sidx_2704_eps_0.0039.vnnlib,.006154318,error_exit_code_1,1.240678000
cifar100_2024,/home/elipregerson/nnenum/vnncomp2025_benchmarks/benchmarks/cifar100_2024/onnx/CIFAR100_resnet_medium.onnx,/home/elipregerson/nnenum/vnncomp2025_benchmarks/benchmarks/cifar100_2024/vnnlib/CIFAR100_resnet_medium_prop_idx_1642_sidx_7494_eps_0.0039.vnnlib,.005946402,error_exit_code_1,1.251464456
cifar100_2024,/home/elipregerson/nnenum/vnncomp2025_benchmarks/benchmarks/cifar100_2024/onnx/CIFAR100_resnet_medium.onnx,/home/elipregerson/nnenum/vnncomp2025_benchmarks/benchmarks/cifar100_2024/vnnlib/CIFAR100_resnet_medium_prop_idx_8502_sidx_2893_eps_0.0039.vnnlib,.006048524,error_exit_code_1,1.237378890
cifar100_2024,/home/elipregerson/nnenum/vnncomp2025_benchmarks/benchmarks/cifar100_2024/onnx/CIFAR100_resnet_medium.onnx,/home/elipregerson/nnenum/vnncomp2025_benchmarks/benchmarks/cifar100_2024/vnnlib/CIFAR100_resnet_medium_prop_idx_4964_sidx_5266_eps_0.0039.vnnlib,.006203347,error_exit_code_1,1.256161943
cifar100_2024,/home/elipregerson/nnenum/vnncomp2025_benchmarks/benchmarks/cifar100_2024/onnx/CIFAR100_resnet_medium.onnx,/home/elipregerson/nnenum/vnncomp2025_benchmarks/benchmarks/cifar100_2024/vnnlib/CIFAR100_resnet_medium_prop_idx_6369_sidx_8824_eps_0.0039.vnnlib,.005952221,error_exit_code_1,1.244103849
cifar100_2024,/home/elipregerson/nnenum/vnncomp2025_benchmarks/benchmarks/cifar100_2024/onnx/CIFAR100_resnet_medium.onnx,/home/elipregerson/nnenum/vnncomp2025_benchmarks/benchmarks/cifar100_2024/vnnlib/CIFAR100_resnet_medium_prop_idx_966_sidx_2330_eps_0.0039.vnnlib,.006051592,error_exit_code_1,1.264523982
cifar100_2024,/home/elipregerson/nnenum/vnncomp2025_benchmarks/benchmarks/cifar100_2024/onnx/CIFAR100_resnet_medium.onnx,/home/elipregerson/nnenum/vnncomp2025_benchmarks/benchmarks/cifar100_2024/vnnlib/CIFAR100_resnet_medium_prop_idx_9162_sidx_4337_eps_0.0039.vnnlib,.005949524,error_exit_code_1,1.261740387
cifar100_2024,/home/elipregerson/nnenum/vnncomp2025_benchmarks/benchmarks/cifar100_2024/onnx/CIFAR100_resnet_medium.onnx,/home/elipregerson/nnenum/vnncomp2025_benchmarks/benchmarks/cifar100_2024/vnnlib/CIFAR100_resnet_medium_prop_idx_425_sidx_9099_eps_0.0039.vnnlib,.006068637,error_exit_code_1,1.236649143
cifar100_2024,/home/elipregerson/nnenum/vnncomp2025_benchmarks/benchmarks/cifar100_2024/onnx/CIFAR100_resnet_medium.onnx,/home/elipregerson/nnenum/vnncomp2025_benchmarks/benchmarks/cifar100_2024/vnnlib/CIFAR100_resnet_medium_prop_idx_4898_sidx_6695_eps_0.0039.vnnlib,.006019248,error_exit_code_1,1.244357150
cifar100_2024,/home/elipregerson/nnenum/vnncomp2025_benchmarks/benchmarks/cifar100_2024/onnx/CIFAR100_resnet_medium.onnx,/home/elipregerson/nnenum/vnncomp2025_benchmarks/benchmarks/cifar100_2024/vnnlib/CIFAR100_resnet_medium_prop_idx_7500_sidx_40_eps_0.0039.vnnlib,.006042117,error_exit_code_1,1.259378460
cifar100_2024,/home/elipregerson/nnenum/vnncomp2025_benchmarks/benchmarks/cifar100_2024/onnx/CIFAR100_resnet_medium.onnx,/home/elipregerson/nnenum/vnncomp2025_benchmarks/benchmarks/cifar100_2024/vnnlib/CIFAR100_resnet_medium_prop_idx_7176_sidx_1522_eps_0.0039.vnnlib,.006040033,error_exit_code_1,1.234944185
cifar100_2024,/home/elipregerson/nnenum/vnncomp2025_benchmarks/benchmarks/cifar100_2024/onnx/CIFAR100_resnet_medium.onnx,/home/elipregerson/nnenum/vnncomp2025_benchmarks/benchmarks/cifar100_2024/vnnlib/CIFAR100_resnet_medium_prop_idx_2050_sidx_8228_eps_0.0039.vnnlib,.006009414,error_exit_code_1,1.250395786
cifar100_2024,/home/elipregerson/nnenum/vnncomp2025_benchmarks/benchmarks/cifar100_2024/onnx/CIFAR100_resnet_medium.onnx,/home/elipregerson/nnenum/vnncomp2025_benchmarks/benchmarks/cifar100_2024/vnnlib/CIFAR100_resnet_medium_prop_idx_7470_sidx_4555_eps_0.0039.vnnlib,.005946208,error_exit_code_1,1.250820073
cifar100_2024,/home/elipregerson/nnenum/vnncomp2025_benchmarks/benchmarks/cifar100_2024/onnx/CIFAR100_resnet_medium.onnx,/home/elipregerson/nnenum/vnncomp2025_benchmarks/benchmarks/cifar100_2024/vnnlib/CIFAR100_resnet_medium_prop_idx_5797_sidx_6343_eps_0.0039.vnnlib,.006055881,error_exit_code_1,1.250849590
cifar100_2024,/home/elipregerson/nnenum/vnncomp2025_benchmarks/benchmarks/cifar100_2024/onnx/CIFAR100_resnet_medium.onnx,/home/elipregerson/nnenum/vnncomp2025_benchmarks/benchmarks/cifar100_2024/vnnlib/CIFAR100_resnet_medium_prop_idx_5894_sidx_5577_eps_0.0039.vnnlib,.005972016,error_exit_code_1,1.254243127
cifar100_2024,/home/elipregerson/nnenum/vnncomp2025_benchmarks/benchmarks/cifar100_2024/onnx/CIFAR100_resnet_medium.onnx,/home/elipregerson/nnenum/vnncomp2025_benchmarks/benchmarks/cifar100_2024/vnnlib/CIFAR100_resnet_medium_prop_idx_3852_sidx_2848_eps_0.0039.vnnlib,.006074165,error_exit_code_1,1.233320674
cifar100_2024,/home/elipregerson/nnenum/vnncomp2025_benchmarks/benchmarks/cifar100_2024/onnx/CIFAR100_resnet_medium.onnx,/home/elipregerson/nnenum/vnncomp2025_benchmarks/benchmarks/cifar100_2024/vnnlib/CIFAR100_resnet_medium_prop_idx_2925_sidx_8815_eps_0.0039.vnnlib,.007227381,error_exit_code_1,1.277045253
cifar100_2024,/home/elipregerson/nnenum/vnncomp2025_benchmarks/benchmarks/cifar100_2024/onnx/CIFAR100_resnet_large.onnx,/home/elipregerson/nnenum/vnncomp2025_benchmarks/benchmarks/cifar100_2024/vnnlib/CIFAR100_resnet_large_prop_idx_496_sidx_1194_eps_0.0039.vnnlib,.005975925,error_exit_code_1,1.274818320
cifar100_2024,/home/elipregerson/nnenum/vnncomp2025_benchmarks/benchmarks/cifar100_2024/onnx/CIFAR100_resnet_large.onnx,/home/elipregerson/nnenum/vnncomp2025_benchmarks/benchmarks/cifar100_2024/vnnlib/CIFAR100_resnet_large_prop_idx_4385_sidx_9116_eps_0.0039.vnnlib,.005969142,error_exit_code_1,1.272587767
cifar100_2024,/home/elipregerson/nnenum/vnncomp2025_benchmarks/benchmarks/cifar100_2024/onnx/CIFAR100_resnet_large.onnx,/home/elipregerson/nnenum/vnncomp2025_benchmarks/benchmarks/cifar100_2024/vnnlib/CIFAR100_resnet_large_prop_idx_5308_sidx_1650_eps_0.0039.vnnlib,.005870481,error_exit_code_1,1.273341721
cifar100_2024,/home/elipregerson/nnenum/vnncomp2025_benchmarks/benchmarks/cifar100_2024/onnx/CIFAR100_resnet_large.onnx,/home/elipregerson/nnenum/vnncomp2025_benchmarks/benchmarks/cifar100_2024/vnnlib/CIFAR100_resnet_large_prop_idx_4757_sidx_803_eps_0.0039.vnnlib,.006210152,error_exit_code_1,1.276598920
cifar100_2024,/home/elipregerson/nnenum/vnncomp2025_benchmarks/benchmarks/cifar100_2024/onnx/CIFAR100_resnet_large.onnx,/home/elipregerson/nnenum/vnncomp2025_benchmarks/benchmarks/cifar100_2024/vnnlib/CIFAR100_resnet_large_prop_idx_4227_sidx_5883_eps_0.0039.vnnlib,.006101604,error_exit_code_1,1.271238336
cifar100_2024,/home/elipregerson/nnenum/vnncomp2025_benchmarks/benchmarks/cifar100_2024/onnx/CIFAR100_resnet_large.onnx,/home/elipregerson/nnenum/vnncomp2025_benchmarks/benchmarks/cifar100_2024/vnnlib/CIFAR100_resnet_large_prop_idx_8589_sidx_3105_eps_0.0039.vnnlib,.005934494,error_exit_code_1,1.280921087
cifar100_2024,/home/elipregerson/nnenum/vnncomp2025_benchmarks/benchmarks/cifar100_2024/onnx/CIFAR100_resnet_large.onnx,/home/elipregerson/nnenum/vnncomp2025_benchmarks/benchmarks/cifar100_2024/vnnlib/CIFAR100_resnet_large_prop_idx_8476_sidx_3906_eps_0.0039.vnnlib,.006097848,error_exit_code_1,1.255966890
cifar100_2024,/home/elipregerson/nnenum/vnncomp2025_benchmarks/benchmarks/cifar100_2024/onnx/CIFAR100_resnet_large.onnx,/home/elipregerson/nnenum/vnncomp2025_benchmarks/benchmarks/cifar100_2024/vnnlib/CIFAR100_resnet_large_prop_idx_1456_sidx_5797_eps_0.0039.vnnlib,.005918430,error_exit_code_1,1.264483502
cifar100_2024,/home/elipregerson/nnenum/vnncomp2025_benchmarks/benchmarks/cifar100_2024/onnx/CIFAR100_resnet_large.onnx,/home/elipregerson/nnenum/vnncomp2025_benchmarks/benchmarks/cifar100_2024/vnnlib/CIFAR100_resnet_large_prop_idx_998_sidx_7605_eps_0.0039.vnnlib,.006049020,error_exit_code_1,1.281646966
cifar100_2024,/home/elipregerson/nnenum/vnncomp2025_benchmarks/benchmarks/cifar100_2024/onnx/CIFAR100_resnet_large.onnx,/home/elipregerson/nnenum/vnncomp2025_benchmarks/benchmarks/cifar100_2024/vnnlib/CIFAR100_resnet_large_prop_idx_9778_sidx_7516_eps_0.0039.vnnlib,.006274349,error_exit_code_1,1.274031042
cifar100_2024,/home/elipregerson/nnenum/vnncomp2025_benchmarks/benchmarks/cifar100_2024/onnx/CIFAR100_resnet_large.onnx,/home/elipregerson/nnenum/vnncomp2025_benchmarks/benchmarks/cifar100_2024/vnnlib/CIFAR100_resnet_large_prop_idx_1063_sidx_7948_eps_0.0039.vnnlib,.006066814,error_exit_code_1,1.281412109
cifar100_2024,/home/elipregerson/nnenum/vnncomp2025_benchmarks/benchmarks/cifar100_2024/onnx/CIFAR100_resnet_large.onnx,/home/elipregerson/nnenum/vnncomp2025_benchmarks/benchmarks/cifar100_2024/vnnlib/CIFAR100_resnet_large_prop_idx_1426_sidx_3855_eps_0.0039.vnnlib,.005935926,error_exit_code_1,1.288644868
cifar100_2024,/home/elipregerson/nnenum/vnncomp2025_benchmarks/benchmarks/cifar100_2024/onnx/CIFAR100_resnet_large.onnx,/home/elipregerson/nnenum/vnncomp2025_benchmarks/benchmarks/cifar100_2024/vnnlib/CIFAR100_resnet_large_prop_idx_3355_sidx_212_eps_0.0039.vnnlib,.006170988,error_exit_code_1,1.281185484
cifar100_2024,/home/elipregerson/nnenum/vnncomp2025_benchmarks/benchmarks/cifar100_2024/onnx/CIFAR100_resnet_large.onnx,/home/elipregerson/nnenum/vnncomp2025_benchmarks/benchmarks/cifar100_2024/vnnlib/CIFAR100_resnet_large_prop_idx_1439_sidx_8354_eps_0.0039.vnnlib,.005955543,error_exit_code_1,1.302529834
cifar100_2024,/home/elipregerson/nnenum/vnncomp2025_benchmarks/benchmarks/cifar100_2024/onnx/CIFAR100_resnet_large.onnx,/home/elipregerson/nnenum/vnncomp2025_benchmarks/benchmarks/cifar100_2024/vnnlib/CIFAR100_resnet_large_prop_idx_3585_sidx_3469_eps_0.0039.vnnlib,.006016830,error_exit_code_1,1.277675621
cifar100_2024,/home/elipregerson/nnenum/vnncomp2025_benchmarks/benchmarks/cifar100_2024/onnx/CIFAR100_resnet_large.onnx,/home/elipregerson/nnenum/vnncomp2025_benchmarks/benchmarks/cifar100_2024/vnnlib/CIFAR100_resnet_large_prop_idx_2636_sidx_1992_eps_0.0039.vnnlib,.006063334,error_exit_code_1,1.285562863
cifar100_2024,/home/elipregerson/nnenum/vnncomp2025_benchmarks/benchmarks/cifar100_2024/onnx/CIFAR100_resnet_large.onnx,/home/elipregerson/nnenum/vnncomp2025_benchmarks/benchmarks/cifar100_2024/vnnlib/CIFAR100_resnet_large_prop_idx_6101_sidx_3593_eps_0.0039.vnnlib,.005893617,error_exit_code_1,1.271171704
cifar100_2024,/home/elipregerson/nnenum/vnncomp2025_benchmarks/benchmarks/cifar100_2024/onnx/CIFAR100_resnet_large.onnx,/home/elipregerson/nnenum/vnncomp2025_benchmarks/benchmarks/cifar100_2024/vnnlib/CIFAR100_resnet_large_prop_idx_1059_sidx_6596_eps_0.0039.vnnlib,.005970798,error_exit_code_1,1.286920441
cifar100_2024,/home/elipregerson/nnenum/vnncomp2025_benchmarks/benchmarks/cifar100_2024/onnx/CIFAR100_resnet_large.onnx,/home/elipregerson/nnenum/vnncomp2025_benchmarks/benchmarks/cifar100_2024/vnnlib/CIFAR100_resnet_large_prop_idx_9773_sidx_3718_eps_0.0039.vnnlib,.006028960,error_exit_code_1,1.292998205
cifar100_2024,/home/elipregerson/nnenum/vnncomp2025_benchmarks/benchmarks/cifar100_2024/onnx/CIFAR100_resnet_large.onnx,/home/elipregerson/nnenum/vnncomp2025_benchmarks/benchmarks/cifar100_2024/vnnlib/CIFAR100_resnet_large_prop_idx_7890_sidx_4421_eps_0.0039.vnnlib,.006019241,error_exit_code_1,1.274061222
cifar100_2024,/home/elipregerson/nnenum/vnncomp2025_benchmarks/benchmarks/cifar100_2024/onnx/CIFAR100_resnet_large.onnx,/home/elipregerson/nnenum/vnncomp2025_benchmarks/benchmarks/cifar100_2024/vnnlib/CIFAR100_resnet_large_prop_idx_2993_sidx_2485_eps_0.0039.vnnlib,.006090687,error_exit_code_1,1.269472899
cifar100_2024,/home/elipregerson/nnenum/vnncomp2025_benchmarks/benchmarks/cifar100_2024/onnx/CIFAR100_resnet_large.onnx,/home/elipregerson/nnenum/vnncomp2025_benchmarks/benchmarks/cifar100_2024/vnnlib/CIFAR100_resnet_large_prop_idx_1105_sidx_9000_eps_0.0039.vnnlib,.006083121,error_exit_code_1,1.279744685
cifar100_2024,/home/elipregerson/nnenum/vnncomp2025_benchmarks/benchmarks/cifar100_2024/onnx/CIFAR100_resnet_large.onnx,/home/elipregerson/nnenum/vnncomp2025_benchmarks/benchmarks/cifar100_2024/vnnlib/CIFAR100_resnet_large_prop_idx_383_sidx_3388_eps_0.0039.vnnlib,.006000788,error_exit_code_1,1.268915349
cifar100_2024,/home/elipregerson/nnenum/vnncomp2025_benchmarks/benchmarks/cifar100_2024/onnx/CIFAR100_resnet_large.onnx,/home/elipregerson/nnenum/vnncomp2025_benchmarks/benchmarks/cifar100_2024/vnnlib/CIFAR100_resnet_large_prop_idx_6341_sidx_3142_eps_0.0039.vnnlib,.006226521,error_exit_code_1,1.276683871
cifar100_2024,/home/elipregerson/nnenum/vnncomp2025_benchmarks/benchmarks/cifar100_2024/onnx/CIFAR100_resnet_large.onnx,/home/elipregerson/nnenum/vnncomp2025_benchmarks/benchmarks/cifar100_2024/vnnlib/CIFAR100_resnet_large_prop_idx_2132_sidx_6868_eps_0.0039.vnnlib,.006113186,error_exit_code_1,1.279996208
cifar100_2024,/home/elipregerson/nnenum/vnncomp2025_benchmarks/benchmarks/cifar100_2024/onnx/CIFAR100_resnet_large.onnx,/home/elipregerson/nnenum/vnncomp2025_benchmarks/benchmarks/cifar100_2024/vnnlib/CIFAR100_resnet_large_prop_idx_3443_sidx_918_eps_0.0039.vnnlib,.006258215,error_exit_code_1,1.272512009
cifar100_2024,/home/elipregerson/nnenum/vnncomp2025_benchmarks/benchmarks/cifar100_2024/onnx/CIFAR100_resnet_large.onnx,/home/elipregerson/nnenum/vnncomp2025_benchmarks/benchmarks/cifar100_2024/vnnlib/CIFAR100_resnet_large_prop_idx_8119_sidx_972_eps_0.0039.vnnlib,.006021295,error_exit_code_1,1.276079766
cifar100_2024,/home/elipregerson/nnenum/vnncomp2025_benchmarks/benchmarks/cifar100_2024/onnx/CIFAR100_resnet_large.onnx,/home/elipregerson/nnenum/vnncomp2025_benchmarks/benchmarks/cifar100_2024/vnnlib/CIFAR100_resnet_large_prop_idx_484_sidx_161_eps_0.0039.vnnlib,.005955588,error_exit_code_1,1.275604002
cifar100_2024,/home/elipregerson/nnenum/vnncomp2025_benchmarks/benchmarks/cifar100_2024/onnx/CIFAR100_resnet_large.onnx,/home/elipregerson/nnenum/vnncomp2025_benchmarks/benchmarks/cifar100_2024/vnnlib/CIFAR100_resnet_large_prop_idx_62_sidx_313_eps_0.0039.vnnlib,.006086928,error_exit_code_1,1.279253104
cifar100_2024,/home/elipregerson/nnenum/vnncomp2025_benchmarks/benchmarks/cifar100_2024/onnx/CIFAR100_resnet_large.onnx,/home/elipregerson/nnenum/vnncomp2025_benchmarks/benchmarks/cifar100_2024/vnnlib/CIFAR100_resnet_large_prop_idx_6269_sidx_6873_eps_0.0039.vnnlib,.006018070,error_exit_code_1,1.268719417
cifar100_2024,/home/elipregerson/nnenum/vnncomp2025_benchmarks/benchmarks/cifar100_2024/onnx/CIFAR100_resnet_large.onnx,/home/elipregerson/nnenum/vnncomp2025_benchmarks/benchmarks/cifar100_2024/vnnlib/CIFAR100_resnet_large_prop_idx_3703_sidx_3842_eps_0.0039.vnnlib,.006177314,error_exit_code_1,1.268518448
cifar100_2024,/home/elipregerson/nnenum/vnncomp2025_benchmarks/benchmarks/cifar100_2024/onnx/CIFAR100_resnet_large.onnx,/home/elipregerson/nnenum/vnncomp2025_benchmarks/benchmarks/cifar100_2024/vnnlib/CIFAR100_resnet_large_prop_idx_2998_sidx_6947_eps_0.0039.vnnlib,.006056223,error_exit_code_1,1.297143542
cifar100_2024,/home/elipregerson/nnenum/vnncomp2025_benchmarks/benchmarks/cifar100_2024/onnx/CIFAR100_resnet_large.onnx,/home/elipregerson/nnenum/vnncomp2025_benchmarks/benchmarks/cifar100_2024/vnnlib/CIFAR100_resnet_large_prop_idx_7926_sidx_589_eps_0.0039.vnnlib,.005999399,error_exit_code_1,1.272158631
cifar100_2024,/home/elipregerson/nnenum/vnncomp2025_benchmarks/benchmarks/cifar100_2024/onnx/CIFAR100_resnet_large.onnx,/home/elipregerson/nnenum/vnncomp2025_benchmarks/benchmarks/cifar100_2024/vnnlib/CIFAR100_resnet_large_prop_idx_3681_sidx_4987_eps_0.0039.vnnlib,.006096609,error_exit_code_1,1.267868044
cifar100_2024,/home/elipregerson/nnenum/vnncomp2025_benchmarks/benchmarks/cifar100_2024/onnx/CIFAR100_resnet_large.onnx,/home/elipregerson/nnenum/vnncomp2025_benchmarks/benchmarks/cifar100_2024/vnnlib/CIFAR100_resnet_large_prop_idx_5410_sidx_2762_eps_0.0039.vnnlib,.005989674,error_exit_code_1,1.256962351
cifar100_2024,/home/elipregerson/nnenum/vnncomp2025_benchmarks/benchmarks/cifar100_2024/onnx/CIFAR100_resnet_large.onnx,/home/elipregerson/nnenum/vnncomp2025_benchmarks/benchmarks/cifar100_2024/vnnlib/CIFAR100_resnet_large_prop_idx_1280_sidx_5310_eps_0.0039.vnnlib,.005954913,error_exit_code_1,1.268815945
cifar100_2024,/home/elipregerson/nnenum/vnncomp2025_benchmarks/benchmarks/cifar100_2024/onnx/CIFAR100_resnet_large.onnx,/home/elipregerson/nnenum/vnncomp2025_benchmarks/benchmarks/cifar100_2024/vnnlib/CIFAR100_resnet_large_prop_idx_7233_sidx_4318_eps_0.0039.vnnlib,.006112844,error_exit_code_1,1.268643672
cifar100_2024,/home/elipregerson/nnenum/vnncomp2025_benchmarks/benchmarks/cifar100_2024/onnx/CIFAR100_resnet_large.onnx,/home/elipregerson/nnenum/vnncomp2025_benchmarks/benchmarks/cifar100_2024/vnnlib/CIFAR100_resnet_large_prop_idx_2724_sidx_6459_eps_0.0039.vnnlib,.005899589,error_exit_code_1,1.257519307
cifar100_2024,/home/elipregerson/nnenum/vnncomp2025_benchmarks/benchmarks/cifar100_2024/onnx/CIFAR100_resnet_large.onnx,/home/elipregerson/nnenum/vnncomp2025_benchmarks/benchmarks/cifar100_2024/vnnlib/CIFAR100_resnet_large_prop_idx_3894_sidx_5803_eps_0.0039.vnnlib,.005957958,error_exit_code_1,1.266573030
cifar100_2024,/home/elipregerson/nnenum/vnncomp2025_benchmarks/benchmarks/cifar100_2024/onnx/CIFAR100_resnet_large.onnx,/home/elipregerson/nnenum/vnncomp2025_benchmarks/benchmarks/cifar100_2024/vnnlib/CIFAR100_resnet_large_prop_idx_3858_sidx_134_eps_0.0039.vnnlib,.006077717,error_exit_code_1,1.277412621
cifar100_2024,/home/elipregerson/nnenum/vnncomp2025_benchmarks/benchmarks/cifar100_2024/onnx/CIFAR100_resnet_large.onnx,/home/elipregerson/nnenum/vnncomp2025_benchmarks/benchmarks/cifar100_2024/vnnlib/CIFAR100_resnet_large_prop_idx_8005_sidx_2582_eps_0.0039.vnnlib,.005914766,error_exit_code_1,1.281627831
cifar100_2024,/home/elipregerson/nnenum/vnncomp2025_benchmarks/benchmarks/cifar100_2024/onnx/CIFAR100_resnet_large.onnx,/home/elipregerson/nnenum/vnncomp2025_benchmarks/benchmarks/cifar100_2024/vnnlib/CIFAR100_resnet_large_prop_idx_1298_sidx_33_eps_0.0039.vnnlib,.005991806,error_exit_code_1,1.287837635
cifar100_2024,/home/elipregerson/nnenum/vnncomp2025_benchmarks/benchmarks/cifar100_2024/onnx/CIFAR100_resnet_large.onnx,/home/elipregerson/nnenum/vnncomp2025_benchmarks/benchmarks/cifar100_2024/vnnlib/CIFAR100_resnet_large_prop_idx_9935_sidx_75_eps_0.0039.vnnlib,.005951519,error_exit_code_1,1.271176222
cifar100_2024,/home/elipregerson/nnenum/vnncomp2025_benchmarks/benchmarks/cifar100_2024/onnx/CIFAR100_resnet_large.onnx,/home/elipregerson/nnenum/vnncomp2025_benchmarks/benchmarks/cifar100_2024/vnnlib/CIFAR100_resnet_large_prop_idx_276_sidx_476_eps_0.0039.vnnlib,.005987981,error_exit_code_1,1.283529024
cifar100_2024,/home/elipregerson/nnenum/vnncomp2025_benchmarks/benchmarks/cifar100_2024/onnx/CIFAR100_resnet_large.onnx,/home/elipregerson/nnenum/vnncomp2025_benchmarks/benchmarks/cifar100_2024/vnnlib/CIFAR100_resnet_large_prop_idx_1913_sidx_2767_eps_0.0039.vnnlib,.006127468,error_exit_code_1,1.273846951
cifar100_2024,/home/elipregerson/nnenum/vnncomp2025_benchmarks/benchmarks/cifar100_2024/onnx/CIFAR100_resnet_large.onnx,/home/elipregerson/nnenum/vnncomp2025_benchmarks/benchmarks/cifar100_2024/vnnlib/CIFAR100_resnet_large_prop_idx_1309_sidx_8525_eps_0.0039.vnnlib,.005903540,error_exit_code_1,1.284385155
cifar100_2024,/home/elipregerson/nnenum/vnncomp2025_benchmarks/benchmarks/cifar100_2024/onnx/CIFAR100_resnet_large.onnx,/home/elipregerson/nnenum/vnncomp2025_benchmarks/benchmarks/cifar100_2024/vnnlib/CIFAR100_resnet_large_prop_idx_4862_sidx_9853_eps_0.0039.vnnlib,.006062319,error_exit_code_1,1.281653802
cifar100_2024,/home/elipregerson/nnenum/vnncomp2025_benchmarks/benchmarks/cifar100_2024/onnx/CIFAR100_resnet_large.onnx,/home/elipregerson/nnenum/vnncomp2025_benchmarks/benchmarks/cifar100_2024/vnnlib/CIFAR100_resnet_large_prop_idx_7554_sidx_8201_eps_0.0039.vnnlib,.006072518,error_exit_code_1,1.295342492
cifar100_2024,/home/elipregerson/nnenum/vnncomp2025_benchmarks/benchmarks/cifar100_2024/onnx/CIFAR100_resnet_large.onnx,/home/elipregerson/nnenum/vnncomp2025_benchmarks/benchmarks/cifar100_2024/vnnlib/CIFAR100_resnet_large_prop_idx_4571_sidx_3801_eps_0.0039.vnnlib,.005811228,error_exit_code_1,1.283957469
cifar100_2024,/home/elipregerson/nnenum/vnncomp2025_benchmarks/benchmarks/cifar100_2024/onnx/CIFAR100_resnet_large.onnx,/home/elipregerson/nnenum/vnncomp2025_benchmarks/benchmarks/cifar100_2024/vnnlib/CIFAR100_resnet_large_prop_idx_5769_sidx_1524_eps_0.0039.vnnlib,.010514005,error_exit_code_1,1.296759611
cifar100_2024,/home/elipregerson/nnenum/vnncomp2025_benchmarks/benchmarks/cifar100_2024/onnx/CIFAR100_resnet_large.onnx,/home/elipregerson/nnenum/vnncomp2025_benchmarks/benchmarks/cifar100_2024/vnnlib/CIFAR100_resnet_large_prop_idx_8748_sidx_4804_eps_0.0039.vnnlib,.006120197,error_exit_code_1,1.270217186
cifar100_2024,/home/elipregerson/nnenum/vnncomp2025_benchmarks/benchmarks/cifar100_2024/onnx/CIFAR100_resnet_large.onnx,/home/elipregerson/nnenum/vnncomp2025_benchmarks/benchmarks/cifar100_2024/vnnlib/CIFAR100_resnet_large_prop_idx_3950_sidx_4217_eps_0.0039.vnnlib,.006000528,error_exit_code_1,1.272767308
cifar100_2024,/home/elipregerson/nnenum/vnncomp2025_benchmarks/benchmarks/cifar100_2024/onnx/CIFAR100_resnet_large.onnx,/home/elipregerson/nnenum/vnncomp2025_benchmarks/benchmarks/cifar100_2024/vnnlib/CIFAR100_resnet_large_prop_idx_7886_sidx_7064_eps_0.0039.vnnlib,.006044209,error_exit_code_1,1.277386603
cifar100_2024,/home/elipregerson/nnenum/vnncomp2025_benchmarks/benchmarks/cifar100_2024/onnx/CIFAR100_resnet_large.onnx,/home/elipregerson/nnenum/vnncomp2025_benchmarks/benchmarks/cifar100_2024/vnnlib/CIFAR100_resnet_large_prop_idx_4652_sidx_1371_eps_0.0039.vnnlib,.005965852,error_exit_code_1,1.275864232
cifar100_2024,/home/elipregerson/nnenum/vnncomp2025_benchmarks/benchmarks/cifar100_2024/onnx/CIFAR100_resnet_large.onnx,/home/elipregerson/nnenum/vnncomp2025_benchmarks/benchmarks/cifar100_2024/vnnlib/CIFAR100_resnet_large_prop_idx_1938_sidx_6556_eps_0.0039.vnnlib,.006055423,error_exit_code_1,1.258371486
cifar100_2024,/home/elipregerson/nnenum/vnncomp2025_benchmarks/benchmarks/cifar100_2024/onnx/CIFAR100_resnet_large.onnx,/home/elipregerson/nnenum/vnncomp2025_benchmarks/benchmarks/cifar100_2024/vnnlib/CIFAR100_resnet_large_prop_idx_8332_sidx_4482_eps_0.0039.vnnlib,.006183405,error_exit_code_1,1.280011708
cifar100_2024,/home/elipregerson/nnenum/vnncomp2025_benchmarks/benchmarks/cifar100_2024/onnx/CIFAR100_resnet_large.onnx,/home/elipregerson/nnenum/vnncomp2025_benchmarks/benchmarks/cifar100_2024/vnnlib/CIFAR100_resnet_large_prop_idx_2302_sidx_3657_eps_0.0039.vnnlib,.005952742,error_exit_code_1,1.275518979
cifar100_2024,/home/elipregerson/nnenum/vnncomp2025_benchmarks/benchmarks/cifar100_2024/onnx/CIFAR100_resnet_large.onnx,/home/elipregerson/nnenum/vnncomp2025_benchmarks/benchmarks/cifar100_2024/vnnlib/CIFAR100_resnet_large_prop_idx_7104_sidx_9469_eps_0.0039.vnnlib,.005937180,error_exit_code_1,1.268875765
cifar100_2024,/home/elipregerson/nnenum/vnncomp2025_benchmarks/benchmarks/cifar100_2024/onnx/CIFAR100_resnet_large.onnx,/home/elipregerson/nnenum/vnncomp2025_benchmarks/benchmarks/cifar100_2024/vnnlib/CIFAR100_resnet_large_prop_idx_2783_sidx_8903_eps_0.0039.vnnlib,.005963945,error_exit_code_1,1.283867074
cifar100_2024,/home/elipregerson/nnenum/vnncomp2025_benchmarks/benchmarks/cifar100_2024/onnx/CIFAR100_resnet_large.onnx,/home/elipregerson/nnenum/vnncomp2025_benchmarks/benchmarks/cifar100_2024/vnnlib/CIFAR100_resnet_large_prop_idx_6491_sidx_3620_eps_0.0039.vnnlib,.006123154,error_exit_code_1,1.275586784
cifar100_2024,/home/elipregerson/nnenum/vnncomp2025_benchmarks/benchmarks/cifar100_2024/onnx/CIFAR100_resnet_large.onnx,/home/elipregerson/nnenum/vnncomp2025_benchmarks/benchmarks/cifar100_2024/vnnlib/CIFAR100_resnet_large_prop_idx_5162_sidx_8126_eps_0.0039.vnnlib,.006148781,error_exit_code_1,1.265765440
cifar100_2024,/home/elipregerson/nnenum/vnncomp2025_benchmarks/benchmarks/cifar100_2024/onnx/CIFAR100_resnet_large.onnx,/home/elipregerson/nnenum/vnncomp2025_benchmarks/benchmarks/cifar100_2024/vnnlib/CIFAR100_resnet_large_prop_idx_8502_sidx_2893_eps_0.0039.vnnlib,.006077121,error_exit_code_1,1.271307825
cifar100_2024,/home/elipregerson/nnenum/vnncomp2025_benchmarks/benchmarks/cifar100_2024/onnx/CIFAR100_resnet_large.onnx,/home/elipregerson/nnenum/vnncomp2025_benchmarks/benchmarks/cifar100_2024/vnnlib/CIFAR100_resnet_large_prop_idx_3143_sidx_9413_eps_0.0039.vnnlib,.006230939,error_exit_code_1,1.281528413
cifar100_2024,/home/elipregerson/nnenum/vnncomp2025_benchmarks/benchmarks/cifar100_2024/onnx/CIFAR100_resnet_large.onnx,/home/elipregerson/nnenum/vnncomp2025_benchmarks/benchmarks/cifar100_2024/vnnlib/CIFAR100_resnet_large_prop_idx_656_sidx_2209_eps_0.0039.vnnlib,.005886224,error_exit_code_1,1.264611334
cifar100_2024,/home/elipregerson/nnenum/vnncomp2025_benchmarks/benchmarks/cifar100_2024/onnx/CIFAR100_resnet_large.onnx,/home/elipregerson/nnenum/vnncomp2025_benchmarks/benchmarks/cifar100_2024/vnnlib/CIFAR100_resnet_large_prop_idx_4322_sidx_9995_eps_0.0039.vnnlib,.006031680,error_exit_code_1,1.301373603
cifar100_2024,/home/elipregerson/nnenum/vnncomp2025_benchmarks/benchmarks/cifar100_2024/onnx/CIFAR100_resnet_large.onnx,/home/elipregerson/nnenum/vnncomp2025_benchmarks/benchmarks/cifar100_2024/vnnlib/CIFAR100_resnet_large_prop_idx_5804_sidx_1885_eps_0.0039.vnnlib,.006031491,error_exit_code_1,1.272058215
cifar100_2024,/home/elipregerson/nnenum/vnncomp2025_benchmarks/benchmarks/cifar100_2024/onnx/CIFAR100_resnet_large.onnx,/home/elipregerson/nnenum/vnncomp2025_benchmarks/benchmarks/cifar100_2024/vnnlib/CIFAR100_resnet_large_prop_idx_2630_sidx_1753_eps_0.0039.vnnlib,.006046816,error_exit_code_1,1.278108052
cifar100_2024,/home/elipregerson/nnenum/vnncomp2025_benchmarks/benchmarks/cifar100_2024/onnx/CIFAR100_resnet_large.onnx,/home/elipregerson/nnenum/vnncomp2025_benchmarks/benchmarks/cifar100_2024/vnnlib/CIFAR100_resnet_large_prop_idx_2461_sidx_2912_eps_0.0039.vnnlib,.005956851,error_exit_code_1,1.269399721
cifar100_2024,/home/elipregerson/nnenum/vnncomp2025_benchmarks/benchmarks/cifar100_2024/onnx/CIFAR100_resnet_large.onnx,/home/elipregerson/nnenum/vnncomp2025_benchmarks/benchmarks/cifar100_2024/vnnlib/CIFAR100_resnet_large_prop_idx_4486_sidx_8828_eps_0.0039.vnnlib,.006124634,error_exit_code_1,1.264912511
cifar100_2024,/home/elipregerson/nnenum/vnncomp2025_benchmarks/benchmarks/cifar100_2024/onnx/CIFAR100_resnet_large.onnx,/home/elipregerson/nnenum/vnncomp2025_benchmarks/benchmarks/cifar100_2024/vnnlib/CIFAR100_resnet_large_prop_idx_5810_sidx_7106_eps_0.0039.vnnlib,.006090569,error_exit_code_1,1.290945497
cifar100_2024,/home/elipregerson/nnenum/vnncomp2025_benchmarks/benchmarks/cifar100_2024/onnx/CIFAR100_resnet_large.onnx,/home/elipregerson/nnenum/vnncomp2025_benchmarks/benchmarks/cifar100_2024/vnnlib/CIFAR100_resnet_large_prop_idx_6343_sidx_1886_eps_0.0039.vnnlib,.005999791,error_exit_code_1,1.262052278
cifar100_2024,/home/elipregerson/nnenum/vnncomp2025_benchmarks/benchmarks/cifar100_2024/onnx/CIFAR100_resnet_large.onnx,/home/elipregerson/nnenum/vnncomp2025_benchmarks/benchmarks/cifar100_2024/vnnlib/CIFAR100_resnet_large_prop_idx_9640_sidx_7273_eps_0.0039.vnnlib,.005966994,error_exit_code_1,1.274227733
cifar100_2024,/home/elipregerson/nnenum/vnncomp2025_benchmarks/benchmarks/cifar100_2024/onnx/CIFAR100_resnet_large.onnx,/home/elipregerson/nnenum/vnncomp2025_benchmarks/benchmarks/cifar100_2024/vnnlib/CIFAR100_resnet_large_prop_idx_5522_sidx_5863_eps_0.0039.vnnlib,.005920655,error_exit_code_1,1.263880183
cifar100_2024,/home/elipregerson/nnenum/vnncomp2025_benchmarks/benchmarks/cifar100_2024/onnx/CIFAR100_resnet_large.onnx,/home/elipregerson/nnenum/vnncomp2025_benchmarks/benchmarks/cifar100_2024/vnnlib/CIFAR100_resnet_large_prop_idx_9460_sidx_4347_eps_0.0039.vnnlib,.006134001,error_exit_code_1,1.286910037
cifar100_2024,/home/elipregerson/nnenum/vnncomp2025_benchmarks/benchmarks/cifar100_2024/onnx/CIFAR100_resnet_large.onnx,/home/elipregerson/nnenum/vnncomp2025_benchmarks/benchmarks/cifar100_2024/vnnlib/CIFAR100_resnet_large_prop_idx_8865_sidx_700_eps_0.0039.vnnlib,.006006723,error_exit_code_1,1.263675216
cifar100_2024,/home/elipregerson/nnenum/vnncomp2025_benchmarks/benchmarks/cifar100_2024/onnx/CIFAR100_resnet_large.onnx,/home/elipregerson/nnenum/vnncomp2025_benchmarks/benchmarks/cifar100_2024/vnnlib/CIFAR100_resnet_large_prop_idx_8395_sidx_8915_eps_0.0039.vnnlib,.006066798,error_exit_code_1,1.267265069
cifar100_2024,/home/elipregerson/nnenum/vnncomp2025_benchmarks/benchmarks/cifar100_2024/onnx/CIFAR100_resnet_large.onnx,/home/elipregerson/nnenum/vnncomp2025_benchmarks/benchmarks/cifar100_2024/vnnlib/CIFAR100_resnet_large_prop_idx_9883_sidx_7162_eps_0.0039.vnnlib,.006034920,error_exit_code_1,1.268404790
cifar100_2024,/home/elipregerson/nnenum/vnncomp2025_benchmarks/benchmarks/cifar100_2024/onnx/CIFAR100_resnet_large.onnx,/home/elipregerson/nnenum/vnncomp2025_benchmarks/benchmarks/cifar100_2024/vnnlib/CIFAR100_resnet_large_prop_idx_3573_sidx_2903_eps_0.0039.vnnlib,.006116298,error_exit_code_1,1.285920439
cifar100_2024,/home/elipregerson/nnenum/vnncomp2025_benchmarks/benchmarks/cifar100_2024/onnx/CIFAR100_resnet_large.onnx,/home/elipregerson/nnenum/vnncomp2025_benchmarks/benchmarks/cifar100_2024/vnnlib/CIFAR100_resnet_large_prop_idx_6418_sidx_7923_eps_0.0039.vnnlib,.006075650,error_exit_code_1,1.279791754
cifar100_2024,/home/elipregerson/nnenum/vnncomp2025_benchmarks/benchmarks/cifar100_2024/onnx/CIFAR100_resnet_large.onnx,/home/elipregerson/nnenum/vnncomp2025_benchmarks/benchmarks/cifar100_2024/vnnlib/CIFAR100_resnet_large_prop_idx_2668_sidx_2652_eps_0.0039.vnnlib,.006091779,error_exit_code_1,1.291520453
cifar100_2024,/home/elipregerson/nnenum/vnncomp2025_benchmarks/benchmarks/cifar100_2024/onnx/CIFAR100_resnet_large.onnx,/home/elipregerson/nnenum/vnncomp2025_benchmarks/benchmarks/cifar100_2024/vnnlib/CIFAR100_resnet_large_prop_idx_1216_sidx_6431_eps_0.0039.vnnlib,.006059953,error_exit_code_1,1.285448241
cifar100_2024,/home/elipregerson/nnenum/vnncomp2025_benchmarks/benchmarks/cifar100_2024/onnx/CIFAR100_resnet_large.onnx,/home/elipregerson/nnenum/vnncomp2025_benchmarks/benchmarks/cifar100_2024/vnnlib/CIFAR100_resnet_large_prop_idx_6583_sidx_8860_eps_0.0039.vnnlib,.006027880,error_exit_code_1,1.284319688
cifar100_2024,/home/elipregerson/nnenum/vnncomp2025_benchmarks/benchmarks/cifar100_2024/onnx/CIFAR100_resnet_large.onnx,/home/elipregerson/nnenum/vnncomp2025_benchmarks/benchmarks/cifar100_2024/vnnlib/CIFAR100_resnet_large_prop_idx_5546_sidx_4338_eps_0.0039.vnnlib,.005918155,error_exit_code_1,1.279335855
cifar100_2024,/home/elipregerson/nnenum/vnncomp2025_benchmarks/benchmarks/cifar100_2024/onnx/CIFAR100_resnet_large.onnx,/home/elipregerson/nnenum/vnncomp2025_benchmarks/benchmarks/cifar100_2024/vnnlib/CIFAR100_resnet_large_prop_idx_9845_sidx_200_eps_0.0039.vnnlib,.006056173,error_exit_code_1,1.264721708
cifar100_2024,/home/elipregerson/nnenum/vnncomp2025_benchmarks/benchmarks/cifar100_2024/onnx/CIFAR100_resnet_large.onnx,/home/elipregerson/nnenum/vnncomp2025_benchmarks/benchmarks/cifar100_2024/vnnlib/CIFAR100_resnet_large_prop_idx_8012_sidx_5910_eps_0.0039.vnnlib,.005783556,error_exit_code_1,1.291188765
cifar100_2024,/home/elipregerson/nnenum/vnncomp2025_benchmarks/benchmarks/cifar100_2024/onnx/CIFAR100_resnet_large.onnx,/home/elipregerson/nnenum/vnncomp2025_benchmarks/benchmarks/cifar100_2024/vnnlib/CIFAR100_resnet_large_prop_idx_7884_sidx_6926_eps_0.0039.vnnlib,.006084926,error_exit_code_1,1.279319374
cifar100_2024,/home/elipregerson/nnenum/vnncomp2025_benchmarks/benchmarks/cifar100_2024/onnx/CIFAR100_resnet_large.onnx,/home/elipregerson/nnenum/vnncomp2025_benchmarks/benchmarks/cifar100_2024/vnnlib/CIFAR100_resnet_large_prop_idx_8381_sidx_4474_eps_0.0039.vnnlib,.005972523,error_exit_code_1,1.271054140
cifar100_2024,/home/elipregerson/nnenum/vnncomp2025_benchmarks/benchmarks/cifar100_2024/onnx/CIFAR100_resnet_large.onnx,/home/elipregerson/nnenum/vnncomp2025_benchmarks/benchmarks/cifar100_2024/vnnlib/CIFAR100_resnet_large_prop_idx_483_sidx_7371_eps_0.0039.vnnlib,.006043757,error_exit_code_1,1.272590647
cifar100_2024,/home/elipregerson/nnenum/vnncomp2025_benchmarks/benchmarks/cifar100_2024/onnx/CIFAR100_resnet_large.onnx,/home/elipregerson/nnenum/vnncomp2025_benchmarks/benchmarks/cifar100_2024/vnnlib/CIFAR100_resnet_large_prop_idx_7640_sidx_9025_eps_0.0039.vnnlib,.006116447,error_exit_code_1,1.271356096
cifar100_2024,/home/elipregerson/nnenum/vnncomp2025_benchmarks/benchmarks/cifar100_2024/onnx/CIFAR100_resnet_large.onnx,/home/elipregerson/nnenum/vnncomp2025_benchmarks/benchmarks/cifar100_2024/vnnlib/CIFAR100_resnet_large_prop_idx_5230_sidx_242_eps_0.0039.vnnlib,.006195282,error_exit_code_1,1.281950818
cifar100_2024,/home/elipregerson/nnenum/vnncomp2025_benchmarks/benchmarks/cifar100_2024/onnx/CIFAR100_resnet_large.onnx,/home/elipregerson/nnenum/vnncomp2025_benchmarks/benchmarks/cifar100_2024/vnnlib/CIFAR100_resnet_large_prop_idx_9476_sidx_5602_eps_0.0039.vnnlib,.006077837,error_exit_code_1,1.282850154
cifar100_2024,/home/elipregerson/nnenum/vnncomp2025_benchmarks/benchmarks/cifar100_2024/onnx/CIFAR100_resnet_large.onnx,/home/elipregerson/nnenum/vnncomp2025_benchmarks/benchmarks/cifar100_2024/vnnlib/CIFAR100_resnet_large_prop_idx_7866_sidx_7980_eps_0.0039.vnnlib,.006074704,error_exit_code_1,1.273304011
cifar100_2024,/home/elipregerson/nnenum/vnncomp2025_benchmarks/benchmarks/cifar100_2024/onnx/CIFAR100_resnet_large.onnx,/home/elipregerson/nnenum/vnncomp2025_benchmarks/benchmarks/cifar100_2024/vnnlib/CIFAR100_resnet_large_prop_idx_7436_sidx_5742_eps_0.0039.vnnlib,.006332613,error_exit_code_1,1.269330621
cifar100_2024,/home/elipregerson/nnenum/vnncomp2025_benchmarks/benchmarks/cifar100_2024/onnx/CIFAR100_resnet_large.onnx,/home/elipregerson/nnenum/vnncomp2025_benchmarks/benchmarks/cifar100_2024/vnnlib/CIFAR100_resnet_large_prop_idx_2624_sidx_917_eps_0.0039.vnnlib,.006005135,error_exit_code_1,1.262688346
cifar100_2024,/home/elipregerson/nnenum/vnncomp2025_benchmarks/benchmarks/cifar100_2024/onnx/CIFAR100_resnet_large.onnx,/home/elipregerson/nnenum/vnncomp2025_benchmarks/benchmarks/cifar100_2024/vnnlib/CIFAR100_resnet_large_prop_idx_1241_sidx_5679_eps_0.0039.vnnlib,.006119635,error_exit_code_1,1.269209432
cifar100_2024,/home/elipregerson/nnenum/vnncomp2025_benchmarks/benchmarks/cifar100_2024/onnx/CIFAR100_resnet_large.onnx,/home/elipregerson/nnenum/vnncomp2025_benchmarks/benchmarks/cifar100_2024/vnnlib/CIFAR100_resnet_large_prop_idx_3812_sidx_8477_eps_0.0039.vnnlib,.006085404,error_exit_code_1,1.279283685
cifar100_2024,/home/elipregerson/nnenum/vnncomp2025_benchmarks/benchmarks/cifar100_2024/onnx/CIFAR100_resnet_large.onnx,/home/elipregerson/nnenum/vnncomp2025_benchmarks/benchmarks/cifar100_2024/vnnlib/CIFAR100_resnet_large_prop_idx_9372_sidx_3515_eps_0.0039.vnnlib,.006558449,error_exit_code_1,1.276290946
cifar100_2024,/home/elipregerson/nnenum/vnncomp2025_benchmarks/benchmarks/cifar100_2024/onnx/CIFAR100_resnet_large.onnx,/home/elipregerson/nnenum/vnncomp2025_benchmarks/benchmarks/cifar100_2024/vnnlib/CIFAR100_resnet_large_prop_idx_1590_sidx_2858_eps_0.0039.vnnlib,.006099592,error_exit_code_1,1.269083700
cifar100_2024,/home/elipregerson/nnenum/vnncomp2025_benchmarks/benchmarks/cifar100_2024/onnx/CIFAR100_resnet_large.onnx,/home/elipregerson/nnenum/vnncomp2025_benchmarks/benchmarks/cifar100_2024/vnnlib/CIFAR100_resnet_large_prop_idx_6337_sidx_2381_eps_0.0039.vnnlib,.005934232,error_exit_code_1,1.291636676
cifar100_2024,/home/elipregerson/nnenum/vnncomp2025_benchmarks/benchmarks/cifar100_2024/onnx/CIFAR100_resnet_large.onnx,/home/elipregerson/nnenum/vnncomp2025_benchmarks/benchmarks/cifar100_2024/vnnlib/CIFAR100_resnet_large_prop_idx_6757_sidx_2400_eps_0.0039.vnnlib,.006040547,error_exit_code_1,1.296861815
cifar100_2024,/home/elipregerson/nnenum/vnncomp2025_benchmarks/benchmarks/test/onnx/test_nano.onnx,/home/elipregerson/nnenum/vnncomp2025_benchmarks/benchmarks/test/vnnlib/test_nano.vnnlib,.006161666,error_exit_code_1,.526838391
collins_aerospace_benchmark,/home/elipregerson/nnenum/vnncomp2025_benchmarks/benchmarks/collins_aerospace_benchmark/onnx/yolov5nano_LRelu_640.onnx,/home/elipregerson/nnenum/vnncomp2025_benchmarks/benchmarks/collins_aerospace_benchmark/vnnlib/img_14421_perturbed_bbox_3_delta_0.001.vnnlib,.005994032,error_exit_code_1,52.632515770
collins_aerospace_benchmark,/home/elipregerson/nnenum/vnncomp2025_benchmarks/benchmarks/collins_aerospace_benchmark/onnx/yolov5nano_LRelu_640.onnx,/home/elipregerson/nnenum/vnncomp2025_benchmarks/benchmarks/collins_aerospace_benchmark/vnnlib/img_6876_perturbed_bbox_0_delta_0.005.vnnlib,.006097472,error_exit_code_1,53.416324450
collins_aerospace_benchmark,/home/elipregerson/nnenum/vnncomp2025_benchmarks/benchmarks/collins_aerospace_benchmark/onnx/yolov5nano_LRelu_640.onnx,/home/elipregerson/nnenum/vnncomp2025_benchmarks/benchmarks/collins_aerospace_benchmark/vnnlib/img_14386_perturbed_bbox_7_delta_0.01.vnnlib,.006013291,error_exit_code_1,52.290191550
collins_aerospace_benchmark,/home/elipregerson/nnenum/vnncomp2025_benchmarks/benchmarks/collins_aerospace_benchmark/onnx/yolov5nano_LRelu_640.onnx,/home/elipregerson/nnenum/vnncomp2025_benchmarks/benchmarks/collins_aerospace_benchmark/vnnlib/img_8758_perturbed_bbox_3_delta_0.02.vnnlib,.005972536,error_exit_code_1,52.438900101
collins_aerospace_benchmark,/home/elipregerson/nnenum/vnncomp2025_benchmarks/benchmarks/collins_aerospace_benchmark/onnx/yolov5nano_LRelu_640.onnx,/home/elipregerson/nnenum/vnncomp2025_benchmarks/benchmarks/collins_aerospace_benchmark/vnnlib/img_8758_perturbed_bbox_4_delta_0.05.vnnlib,.006015425,error_exit_code_1,52.224090892
collins_aerospace_benchmark,/home/elipregerson/nnenum/vnncomp2025_benchmarks/benchmarks/collins_aerospace_benchmark/onnx/yolov5nano_LRelu_640.onnx,/home/elipregerson/nnenum/vnncomp2025_benchmarks/benchmarks/collins_aerospace_benchmark/vnnlib/img_12761_perturbed_bbox_0_delta_0.1.vnnlib,.005822918,error_exit_code_1,52.757718672
collins_aerospace_benchmark,/home/elipregerson/nnenum/vnncomp2025_benchmarks/benchmarks/test/onnx/test_nano.onnx,/home/elipregerson/nnenum/vnncomp2025_benchmarks/benchmarks/test/vnnlib/test_nano.vnnlib,.006036427,error_exit_code_1,.524486549
collins_rul_cnn_2022,/home/elipregerson/nnenum/vnncomp2025_benchmarks/benchmarks/collins_rul_cnn_2022/onnx/NN_rul_small_window_20.onnx,/home/elipregerson/nnenum/vnncomp2025_benchmarks/benchmarks/collins_rul_cnn_2022/vnnlib/robustness_2perturbations_delta5_epsilon10_w20.vnnlib,.006098348,error_exit_code_1,.528489051
collins_rul_cnn_2022,/home/elipregerson/nnenum/vnncomp2025_benchmarks/benchmarks/collins_rul_cnn_2022/onnx/NN_rul_small_window_20.onnx,/home/elipregerson/nnenum/vnncomp2025_benchmarks/benchmarks/collins_rul_cnn_2022/vnnlib/robustness_2perturbations_delta10_epsilon10_w20.vnnlib,.005981731,error_exit_code_1,.533409495
collins_rul_cnn_2022,/home/elipregerson/nnenum/vnncomp2025_benchmarks/benchmarks/collins_rul_cnn_2022/onnx/NN_rul_small_window_20.onnx,/home/elipregerson/nnenum/vnncomp2025_benchmarks/benchmarks/collins_rul_cnn_2022/vnnlib/robustness_2perturbations_delta20_epsilon10_w20.vnnlib,.006065770,error_exit_code_1,.538791352
collins_rul_cnn_2022,/home/elipregerson/nnenum/vnncomp2025_benchmarks/benchmarks/collins_rul_cnn_2022/onnx/NN_rul_small_window_20.onnx,/home/elipregerson/nnenum/vnncomp2025_benchmarks/benchmarks/collins_rul_cnn_2022/vnnlib/robustness_2perturbations_delta40_epsilon10_w20.vnnlib,.006146718,error_exit_code_1,.550108452
collins_rul_cnn_2022,/home/elipregerson/nnenum/vnncomp2025_benchmarks/benchmarks/collins_rul_cnn_2022/onnx/NN_rul_small_window_20.onnx,/home/elipregerson/nnenum/vnncomp2025_benchmarks/benchmarks/collins_rul_cnn_2022/vnnlib/robustness_4perturbations_delta5_epsilon10_w20.vnnlib,.005949293,error_exit_code_1,.532242326
collins_rul_cnn_2022,/home/elipregerson/nnenum/vnncomp2025_benchmarks/benchmarks/collins_rul_cnn_2022/onnx/NN_rul_small_window_20.onnx,/home/elipregerson/nnenum/vnncomp2025_benchmarks/benchmarks/collins_rul_cnn_2022/vnnlib/robustness_4perturbations_delta10_epsilon10_w20.vnnlib,.006026915,error_exit_code_1,.532976762
collins_rul_cnn_2022,/home/elipregerson/nnenum/vnncomp2025_benchmarks/benchmarks/collins_rul_cnn_2022/onnx/NN_rul_small_window_20.onnx,/home/elipregerson/nnenum/vnncomp2025_benchmarks/benchmarks/collins_rul_cnn_2022/vnnlib/robustness_4perturbations_delta20_epsilon10_w20.vnnlib,.005900089,error_exit_code_1,.526838571
collins_rul_cnn_2022,/home/elipregerson/nnenum/vnncomp2025_benchmarks/benchmarks/collins_rul_cnn_2022/onnx/NN_rul_small_window_20.onnx,/home/elipregerson/nnenum/vnncomp2025_benchmarks/benchmarks/collins_rul_cnn_2022/vnnlib/robustness_4perturbations_delta40_epsilon10_w20.vnnlib,.005850760,error_exit_code_1,.538903511
collins_rul_cnn_2022,/home/elipregerson/nnenum/vnncomp2025_benchmarks/benchmarks/collins_rul_cnn_2022/onnx/NN_rul_small_window_20.onnx,/home/elipregerson/nnenum/vnncomp2025_benchmarks/benchmarks/collins_rul_cnn_2022/vnnlib/robustness_8perturbations_delta5_epsilon10_w20.vnnlib,.005857348,error_exit_code_1,.530023574
collins_rul_cnn_2022,/home/elipregerson/nnenum/vnncomp2025_benchmarks/benchmarks/collins_rul_cnn_2022/onnx/NN_rul_small_window_20.onnx,/home/elipregerson/nnenum/vnncomp2025_benchmarks/benchmarks/collins_rul_cnn_2022/vnnlib/robustness_8perturbations_delta10_epsilon10_w20.vnnlib,.005913161,error_exit_code_1,.541941275
collins_rul_cnn_2022,/home/elipregerson/nnenum/vnncomp2025_benchmarks/benchmarks/collins_rul_cnn_2022/onnx/NN_rul_small_window_20.onnx,/home/elipregerson/nnenum/vnncomp2025_benchmarks/benchmarks/collins_rul_cnn_2022/vnnlib/robustness_8perturbations_delta20_epsilon10_w20.vnnlib,.005916350,error_exit_code_1,.532629926
collins_rul_cnn_2022,/home/elipregerson/nnenum/vnncomp2025_benchmarks/benchmarks/collins_rul_cnn_2022/onnx/NN_rul_small_window_20.onnx,/home/elipregerson/nnenum/vnncomp2025_benchmarks/benchmarks/collins_rul_cnn_2022/vnnlib/robustness_8perturbations_delta40_epsilon10_w20.vnnlib,.006269152,error_exit_code_1,.527524165
collins_rul_cnn_2022,/home/elipregerson/nnenum/vnncomp2025_benchmarks/benchmarks/collins_rul_cnn_2022/onnx/NN_rul_small_window_20.onnx,/home/elipregerson/nnenum/vnncomp2025_benchmarks/benchmarks/collins_rul_cnn_2022/vnnlib/robustness_16perturbations_delta5_epsilon10_w20.vnnlib,.006032506,error_exit_code_1,.526972443
collins_rul_cnn_2022,/home/elipregerson/nnenum/vnncomp2025_benchmarks/benchmarks/collins_rul_cnn_2022/onnx/NN_rul_small_window_20.onnx,/home/elipregerson/nnenum/vnncomp2025_benchmarks/benchmarks/collins_rul_cnn_2022/vnnlib/robustness_16perturbations_delta10_epsilon10_w20.vnnlib,.005996623,error_exit_code_1,.530559031
collins_rul_cnn_2022,/home/elipregerson/nnenum/vnncomp2025_benchmarks/benchmarks/collins_rul_cnn_2022/onnx/NN_rul_small_window_20.onnx,/home/elipregerson/nnenum/vnncomp2025_benchmarks/benchmarks/collins_rul_cnn_2022/vnnlib/robustness_16perturbations_delta20_epsilon10_w20.vnnlib,.006107376,error_exit_code_1,.537564726
collins_rul_cnn_2022,/home/elipregerson/nnenum/vnncomp2025_benchmarks/benchmarks/collins_rul_cnn_2022/onnx/NN_rul_small_window_20.onnx,/home/elipregerson/nnenum/vnncomp2025_benchmarks/benchmarks/collins_rul_cnn_2022/vnnlib/robustness_16perturbations_delta40_epsilon10_w20.vnnlib,.005977440,error_exit_code_1,.528291110
collins_rul_cnn_2022,/home/elipregerson/nnenum/vnncomp2025_benchmarks/benchmarks/collins_rul_cnn_2022/onnx/NN_rul_small_window_20.onnx,/home/elipregerson/nnenum/vnncomp2025_benchmarks/benchmarks/collins_rul_cnn_2022/vnnlib/monotonicity_CI_shift5_w20.vnnlib,.006002322,error_exit_code_1,.528766162
collins_rul_cnn_2022,/home/elipregerson/nnenum/vnncomp2025_benchmarks/benchmarks/collins_rul_cnn_2022/onnx/NN_rul_small_window_20.onnx,/home/elipregerson/nnenum/vnncomp2025_benchmarks/benchmarks/collins_rul_cnn_2022/vnnlib/monotonicity_CI_shift10_w20.vnnlib,.006120935,error_exit_code_1,.532082213
collins_rul_cnn_2022,/home/elipregerson/nnenum/vnncomp2025_benchmarks/benchmarks/collins_rul_cnn_2022/onnx/NN_rul_small_window_20.onnx,/home/elipregerson/nnenum/vnncomp2025_benchmarks/benchmarks/collins_rul_cnn_2022/vnnlib/monotonicity_CI_shift20_w20.vnnlib,.006029497,error_exit_code_1,.534997081
collins_rul_cnn_2022,/home/elipregerson/nnenum/vnncomp2025_benchmarks/benchmarks/collins_rul_cnn_2022/onnx/NN_rul_small_window_20.onnx,/home/elipregerson/nnenum/vnncomp2025_benchmarks/benchmarks/collins_rul_cnn_2022/vnnlib/if_then_5levels_w20.vnnlib,.006079262,error_exit_code_1,.529989878
collins_rul_cnn_2022,/home/elipregerson/nnenum/vnncomp2025_benchmarks/benchmarks/collins_rul_cnn_2022/onnx/NN_rul_small_window_20.onnx,/home/elipregerson/nnenum/vnncomp2025_benchmarks/benchmarks/collins_rul_cnn_2022/vnnlib/if_then_7levels_w20.vnnlib,.006043862,error_exit_code_1,.533969398
collins_rul_cnn_2022,/home/elipregerson/nnenum/vnncomp2025_benchmarks/benchmarks/collins_rul_cnn_2022/onnx/NN_rul_small_window_20.onnx,/home/elipregerson/nnenum/vnncomp2025_benchmarks/benchmarks/collins_rul_cnn_2022/vnnlib/if_then_9levels_w20.vnnlib,.006054697,error_exit_code_1,.533757508
collins_rul_cnn_2022,/home/elipregerson/nnenum/vnncomp2025_benchmarks/benchmarks/collins_rul_cnn_2022/onnx/NN_rul_full_window_20.onnx,/home/elipregerson/nnenum/vnncomp2025_benchmarks/benchmarks/collins_rul_cnn_2022/vnnlib/robustness_2perturbations_delta5_epsilon10_w20.vnnlib,.006082923,error_exit_code_1,.540264144
collins_rul_cnn_2022,/home/elipregerson/nnenum/vnncomp2025_benchmarks/benchmarks/collins_rul_cnn_2022/onnx/NN_rul_full_window_20.onnx,/home/elipregerson/nnenum/vnncomp2025_benchmarks/benchmarks/collins_rul_cnn_2022/vnnlib/robustness_2perturbations_delta10_epsilon10_w20.vnnlib,.005943854,error_exit_code_1,.532565388
collins_rul_cnn_2022,/home/elipregerson/nnenum/vnncomp2025_benchmarks/benchmarks/collins_rul_cnn_2022/onnx/NN_rul_full_window_20.onnx,/home/elipregerson/nnenum/vnncomp2025_benchmarks/benchmarks/collins_rul_cnn_2022/vnnlib/robustness_2perturbations_delta20_epsilon10_w20.vnnlib,.005972877,error_exit_code_1,.532904543
collins_rul_cnn_2022,/home/elipregerson/nnenum/vnncomp2025_benchmarks/benchmarks/collins_rul_cnn_2022/onnx/NN_rul_full_window_20.onnx,/home/elipregerson/nnenum/vnncomp2025_benchmarks/benchmarks/collins_rul_cnn_2022/vnnlib/robustness_2perturbations_delta40_epsilon10_w20.vnnlib,.006177114,error_exit_code_1,.522796106
collins_rul_cnn_2022,/home/elipregerson/nnenum/vnncomp2025_benchmarks/benchmarks/collins_rul_cnn_2022/onnx/NN_rul_full_window_20.onnx,/home/elipregerson/nnenum/vnncomp2025_benchmarks/benchmarks/collins_rul_cnn_2022/vnnlib/robustness_4perturbations_delta5_epsilon10_w20.vnnlib,.006136996,error_exit_code_1,.535934264
collins_rul_cnn_2022,/home/elipregerson/nnenum/vnncomp2025_benchmarks/benchmarks/collins_rul_cnn_2022/onnx/NN_rul_full_window_20.onnx,/home/elipregerson/nnenum/vnncomp2025_benchmarks/benchmarks/collins_rul_cnn_2022/vnnlib/robustness_4perturbations_delta10_epsilon10_w20.vnnlib,.006067996,error_exit_code_1,.532446316
collins_rul_cnn_2022,/home/elipregerson/nnenum/vnncomp2025_benchmarks/benchmarks/collins_rul_cnn_2022/onnx/NN_rul_full_window_20.onnx,/home/elipregerson/nnenum/vnncomp2025_benchmarks/benchmarks/collins_rul_cnn_2022/vnnlib/robustness_4perturbations_delta20_epsilon10_w20.vnnlib,.005933227,error_exit_code_1,.527717174
collins_rul_cnn_2022,/home/elipregerson/nnenum/vnncomp2025_benchmarks/benchmarks/collins_rul_cnn_2022/onnx/NN_rul_full_window_20.onnx,/home/elipregerson/nnenum/vnncomp2025_benchmarks/benchmarks/collins_rul_cnn_2022/vnnlib/robustness_4perturbations_delta40_epsilon10_w20.vnnlib,.006043488,error_exit_code_1,.535978570
collins_rul_cnn_2022,/home/elipregerson/nnenum/vnncomp2025_benchmarks/benchmarks/collins_rul_cnn_2022/onnx/NN_rul_full_window_20.onnx,/home/elipregerson/nnenum/vnncomp2025_benchmarks/benchmarks/collins_rul_cnn_2022/vnnlib/robustness_8perturbations_delta5_epsilon10_w20.vnnlib,.006098970,error_exit_code_1,.526425598
collins_rul_cnn_2022,/home/elipregerson/nnenum/vnncomp2025_benchmarks/benchmarks/collins_rul_cnn_2022/onnx/NN_rul_full_window_20.onnx,/home/elipregerson/nnenum/vnncomp2025_benchmarks/benchmarks/collins_rul_cnn_2022/vnnlib/robustness_8perturbations_delta10_epsilon10_w20.vnnlib,.005970754,error_exit_code_1,.534479639
collins_rul_cnn_2022,/home/elipregerson/nnenum/vnncomp2025_benchmarks/benchmarks/collins_rul_cnn_2022/onnx/NN_rul_full_window_20.onnx,/home/elipregerson/nnenum/vnncomp2025_benchmarks/benchmarks/collins_rul_cnn_2022/vnnlib/robustness_8perturbations_delta20_epsilon10_w20.vnnlib,.006144577,error_exit_code_1,.533109039
collins_rul_cnn_2022,/home/elipregerson/nnenum/vnncomp2025_benchmarks/benchmarks/collins_rul_cnn_2022/onnx/NN_rul_full_window_20.onnx,/home/elipregerson/nnenum/vnncomp2025_benchmarks/benchmarks/collins_rul_cnn_2022/vnnlib/robustness_8perturbations_delta40_epsilon10_w20.vnnlib,.006138174,error_exit_code_1,.534509200
collins_rul_cnn_2022,/home/elipregerson/nnenum/vnncomp2025_benchmarks/benchmarks/collins_rul_cnn_2022/onnx/NN_rul_full_window_20.onnx,/home/elipregerson/nnenum/vnncomp2025_benchmarks/benchmarks/collins_rul_cnn_2022/vnnlib/robustness_16perturbations_delta5_epsilon10_w20.vnnlib,.006002435,error_exit_code_1,.526457438
collins_rul_cnn_2022,/home/elipregerson/nnenum/vnncomp2025_benchmarks/benchmarks/collins_rul_cnn_2022/onnx/NN_rul_full_window_20.onnx,/home/elipregerson/nnenum/vnncomp2025_benchmarks/benchmarks/collins_rul_cnn_2022/vnnlib/robustness_16perturbations_delta10_epsilon10_w20.vnnlib,.006094361,error_exit_code_1,.534490161
collins_rul_cnn_2022,/home/elipregerson/nnenum/vnncomp2025_benchmarks/benchmarks/collins_rul_cnn_2022/onnx/NN_rul_full_window_20.onnx,/home/elipregerson/nnenum/vnncomp2025_benchmarks/benchmarks/collins_rul_cnn_2022/vnnlib/robustness_16perturbations_delta20_epsilon10_w20.vnnlib,.006097126,error_exit_code_1,.531828681
collins_rul_cnn_2022,/home/elipregerson/nnenum/vnncomp2025_benchmarks/benchmarks/collins_rul_cnn_2022/onnx/NN_rul_full_window_20.onnx,/home/elipregerson/nnenum/vnncomp2025_benchmarks/benchmarks/collins_rul_cnn_2022/vnnlib/robustness_16perturbations_delta40_epsilon10_w20.vnnlib,.005895901,error_exit_code_1,.526024367
collins_rul_cnn_2022,/home/elipregerson/nnenum/vnncomp2025_benchmarks/benchmarks/collins_rul_cnn_2022/onnx/NN_rul_full_window_20.onnx,/home/elipregerson/nnenum/vnncomp2025_benchmarks/benchmarks/collins_rul_cnn_2022/vnnlib/monotonicity_CI_shift5_w20.vnnlib,.005882085,error_exit_code_1,.527467821
collins_rul_cnn_2022,/home/elipregerson/nnenum/vnncomp2025_benchmarks/benchmarks/collins_rul_cnn_2022/onnx/NN_rul_full_window_20.onnx,/home/elipregerson/nnenum/vnncomp2025_benchmarks/benchmarks/collins_rul_cnn_2022/vnnlib/monotonicity_CI_shift10_w20.vnnlib,.006042084,error_exit_code_1,.533524812
collins_rul_cnn_2022,/home/elipregerson/nnenum/vnncomp2025_benchmarks/benchmarks/collins_rul_cnn_2022/onnx/NN_rul_full_window_20.onnx,/home/elipregerson/nnenum/vnncomp2025_benchmarks/benchmarks/collins_rul_cnn_2022/vnnlib/monotonicity_CI_shift20_w20.vnnlib,.006135080,error_exit_code_1,.531491816
collins_rul_cnn_2022,/home/elipregerson/nnenum/vnncomp2025_benchmarks/benchmarks/collins_rul_cnn_2022/onnx/NN_rul_full_window_20.onnx,/home/elipregerson/nnenum/vnncomp2025_benchmarks/benchmarks/collins_rul_cnn_2022/vnnlib/if_then_7levels_w20.vnnlib,.006207442,error_exit_code_1,.529256723
collins_rul_cnn_2022,/home/elipregerson/nnenum/vnncomp2025_benchmarks/benchmarks/collins_rul_cnn_2022/onnx/NN_rul_full_window_20.onnx,/home/elipregerson/nnenum/vnncomp2025_benchmarks/benchmarks/collins_rul_cnn_2022/vnnlib/if_then_9levels_w20.vnnlib,.006048729,error_exit_code_1,.530226526
collins_rul_cnn_2022,/home/elipregerson/nnenum/vnncomp2025_benchmarks/benchmarks/collins_rul_cnn_2022/onnx/NN_rul_full_window_40.onnx,/home/elipregerson/nnenum/vnncomp2025_benchmarks/benchmarks/collins_rul_cnn_2022/vnnlib/robustness_2perturbations_delta5_epsilon10_w40.vnnlib,.006128630,error_exit_code_1,.548711022
collins_rul_cnn_2022,/home/elipregerson/nnenum/vnncomp2025_benchmarks/benchmarks/collins_rul_cnn_2022/onnx/NN_rul_full_window_40.onnx,/home/elipregerson/nnenum/vnncomp2025_benchmarks/benchmarks/collins_rul_cnn_2022/vnnlib/robustness_2perturbations_delta10_epsilon10_w40.vnnlib,.006177783,error_exit_code_1,.547884851
collins_rul_cnn_2022,/home/elipregerson/nnenum/vnncomp2025_benchmarks/benchmarks/collins_rul_cnn_2022/onnx/NN_rul_full_window_40.onnx,/home/elipregerson/nnenum/vnncomp2025_benchmarks/benchmarks/collins_rul_cnn_2022/vnnlib/robustness_2perturbations_delta20_epsilon10_w40.vnnlib,.006058686,error_exit_code_1,.539044822
collins_rul_cnn_2022,/home/elipregerson/nnenum/vnncomp2025_benchmarks/benchmarks/collins_rul_cnn_2022/onnx/NN_rul_full_window_40.onnx,/home/elipregerson/nnenum/vnncomp2025_benchmarks/benchmarks/collins_rul_cnn_2022/vnnlib/robustness_2perturbations_delta40_epsilon10_w40.vnnlib,.005937640,error_exit_code_1,.534635970
collins_rul_cnn_2022,/home/elipregerson/nnenum/vnncomp2025_benchmarks/benchmarks/collins_rul_cnn_2022/onnx/NN_rul_full_window_40.onnx,/home/elipregerson/nnenum/vnncomp2025_benchmarks/benchmarks/collins_rul_cnn_2022/vnnlib/robustness_4perturbations_delta5_epsilon10_w40.vnnlib,.006207966,error_exit_code_1,.537670314
collins_rul_cnn_2022,/home/elipregerson/nnenum/vnncomp2025_benchmarks/benchmarks/collins_rul_cnn_2022/onnx/NN_rul_full_window_40.onnx,/home/elipregerson/nnenum/vnncomp2025_benchmarks/benchmarks/collins_rul_cnn_2022/vnnlib/robustness_4perturbations_delta10_epsilon10_w40.vnnlib,.006094161,error_exit_code_1,.537358636
collins_rul_cnn_2022,/home/elipregerson/nnenum/vnncomp2025_benchmarks/benchmarks/collins_rul_cnn_2022/onnx/NN_rul_full_window_40.onnx,/home/elipregerson/nnenum/vnncomp2025_benchmarks/benchmarks/collins_rul_cnn_2022/vnnlib/robustness_4perturbations_delta20_epsilon10_w40.vnnlib,.006089147,error_exit_code_1,.540976477
collins_rul_cnn_2022,/home/elipregerson/nnenum/vnncomp2025_benchmarks/benchmarks/collins_rul_cnn_2022/onnx/NN_rul_full_window_40.onnx,/home/elipregerson/nnenum/vnncomp2025_benchmarks/benchmarks/collins_rul_cnn_2022/vnnlib/robustness_4perturbations_delta40_epsilon10_w40.vnnlib,.006109227,error_exit_code_1,.547895205
collins_rul_cnn_2022,/home/elipregerson/nnenum/vnncomp2025_benchmarks/benchmarks/collins_rul_cnn_2022/onnx/NN_rul_full_window_40.onnx,/home/elipregerson/nnenum/vnncomp2025_benchmarks/benchmarks/collins_rul_cnn_2022/vnnlib/robustness_8perturbations_delta5_epsilon10_w40.vnnlib,.006019582,error_exit_code_1,.551859807
collins_rul_cnn_2022,/home/elipregerson/nnenum/vnncomp2025_benchmarks/benchmarks/collins_rul_cnn_2022/onnx/NN_rul_full_window_40.onnx,/home/elipregerson/nnenum/vnncomp2025_benchmarks/benchmarks/collins_rul_cnn_2022/vnnlib/robustness_8perturbations_delta10_epsilon10_w40.vnnlib,.006156494,error_exit_code_1,.545635297
collins_rul_cnn_2022,/home/elipregerson/nnenum/vnncomp2025_benchmarks/benchmarks/collins_rul_cnn_2022/onnx/NN_rul_full_window_40.onnx,/home/elipregerson/nnenum/vnncomp2025_benchmarks/benchmarks/collins_rul_cnn_2022/vnnlib/robustness_8perturbations_delta20_epsilon10_w40.vnnlib,.006153897,error_exit_code_1,.545342145
collins_rul_cnn_2022,/home/elipregerson/nnenum/vnncomp2025_benchmarks/benchmarks/collins_rul_cnn_2022/onnx/NN_rul_full_window_40.onnx,/home/elipregerson/nnenum/vnncomp2025_benchmarks/benchmarks/collins_rul_cnn_2022/vnnlib/robustness_8perturbations_delta40_epsilon10_w40.vnnlib,.005930866,error_exit_code_1,.541542324
collins_rul_cnn_2022,/home/elipregerson/nnenum/vnncomp2025_benchmarks/benchmarks/collins_rul_cnn_2022/onnx/NN_rul_full_window_40.onnx,/home/elipregerson/nnenum/vnncomp2025_benchmarks/benchmarks/collins_rul_cnn_2022/vnnlib/robustness_16perturbations_delta5_epsilon10_w40.vnnlib,.006114397,error_exit_code_1,.543087388
collins_rul_cnn_2022,/home/elipregerson/nnenum/vnncomp2025_benchmarks/benchmarks/collins_rul_cnn_2022/onnx/NN_rul_full_window_40.onnx,/home/elipregerson/nnenum/vnncomp2025_benchmarks/benchmarks/collins_rul_cnn_2022/vnnlib/robustness_16perturbations_delta10_epsilon10_w40.vnnlib,.006006688,error_exit_code_1,.548545010
collins_rul_cnn_2022,/home/elipregerson/nnenum/vnncomp2025_benchmarks/benchmarks/collins_rul_cnn_2022/onnx/NN_rul_full_window_40.onnx,/home/elipregerson/nnenum/vnncomp2025_benchmarks/benchmarks/collins_rul_cnn_2022/vnnlib/robustness_16perturbations_delta20_epsilon10_w40.vnnlib,.006701188,error_exit_code_1,.541158088
collins_rul_cnn_2022,/home/elipregerson/nnenum/vnncomp2025_benchmarks/benchmarks/collins_rul_cnn_2022/onnx/NN_rul_full_window_40.onnx,/home/elipregerson/nnenum/vnncomp2025_benchmarks/benchmarks/collins_rul_cnn_2022/vnnlib/robustness_16perturbations_delta40_epsilon10_w40.vnnlib,.007175511,error_exit_code_1,.560036100
collins_rul_cnn_2022,/home/elipregerson/nnenum/vnncomp2025_benchmarks/benchmarks/collins_rul_cnn_2022/onnx/NN_rul_full_window_40.onnx,/home/elipregerson/nnenum/vnncomp2025_benchmarks/benchmarks/collins_rul_cnn_2022/vnnlib/monotonicity_CI_shift5_w40.vnnlib,.006027183,error_exit_code_1,.534235038
collins_rul_cnn_2022,/home/elipregerson/nnenum/vnncomp2025_benchmarks/benchmarks/collins_rul_cnn_2022/onnx/NN_rul_full_window_40.onnx,/home/elipregerson/nnenum/vnncomp2025_benchmarks/benchmarks/collins_rul_cnn_2022/vnnlib/monotonicity_CI_shift10_w40.vnnlib,.006011713,error_exit_code_1,.545032678
collins_rul_cnn_2022,/home/elipregerson/nnenum/vnncomp2025_benchmarks/benchmarks/collins_rul_cnn_2022/onnx/NN_rul_full_window_40.onnx,/home/elipregerson/nnenum/vnncomp2025_benchmarks/benchmarks/collins_rul_cnn_2022/vnnlib/monotonicity_CI_shift20_w40.vnnlib,.005975912,error_exit_code_1,.538782299
collins_rul_cnn_2022,/home/elipregerson/nnenum/vnncomp2025_benchmarks/benchmarks/test/onnx/test_nano.onnx,/home/elipregerson/nnenum/vnncomp2025_benchmarks/benchmarks/test/vnnlib/test_nano.vnnlib,.006009879,error_exit_code_1,.530111206
cora_2024,/home/elipregerson/nnenum/vnncomp2025_benchmarks/benchmarks/cora_2024/./onnx/mnist-point.onnx,/home/elipregerson/nnenum/vnncomp2025_benchmarks/benchmarks/cora_2024/vnnlib/mnist-img0.vnnlib,.006710696,error_exit_code_1,.582275871
cora_2024,/home/elipregerson/nnenum/vnncomp2025_benchmarks/benchmarks/cora_2024/./onnx/mnist-trades.onnx,/home/elipregerson/nnenum/vnncomp2025_benchmarks/benchmarks/cora_2024/vnnlib/mnist-img0.vnnlib,.006200630,error_exit_code_1,.579882562
cora_2024,/home/elipregerson/nnenum/vnncomp2025_benchmarks/benchmarks/cora_2024/./onnx/mnist-set.onnx,/home/elipregerson/nnenum/vnncomp2025_benchmarks/benchmarks/cora_2024/vnnlib/mnist-img0.vnnlib,.006071597,error_exit_code_1,.579513915
cora_2024,/home/elipregerson/nnenum/vnncomp2025_benchmarks/benchmarks/cora_2024/./onnx/mnist-point.onnx,/home/elipregerson/nnenum/vnncomp2025_benchmarks/benchmarks/cora_2024/vnnlib/mnist-img1.vnnlib,.006091622,error_exit_code_1,.572893681
cora_2024,/home/elipregerson/nnenum/vnncomp2025_benchmarks/benchmarks/cora_2024/./onnx/mnist-trades.onnx,/home/elipregerson/nnenum/vnncomp2025_benchmarks/benchmarks/cora_2024/vnnlib/mnist-img1.vnnlib,.006102927,error_exit_code_1,.574134048
cora_2024,/home/elipregerson/nnenum/vnncomp2025_benchmarks/benchmarks/cora_2024/./onnx/mnist-set.onnx,/home/elipregerson/nnenum/vnncomp2025_benchmarks/benchmarks/cora_2024/vnnlib/mnist-img1.vnnlib,.006158354,error_exit_code_1,.572890070
cora_2024,/home/elipregerson/nnenum/vnncomp2025_benchmarks/benchmarks/cora_2024/./onnx/mnist-point.onnx,/home/elipregerson/nnenum/vnncomp2025_benchmarks/benchmarks/cora_2024/vnnlib/mnist-img2.vnnlib,.006070137,error_exit_code_1,.570939294
cora_2024,/home/elipregerson/nnenum/vnncomp2025_benchmarks/benchmarks/cora_2024/./onnx/mnist-trades.onnx,/home/elipregerson/nnenum/vnncomp2025_benchmarks/benchmarks/cora_2024/vnnlib/mnist-img2.vnnlib,.006012867,error_exit_code_1,.584930770
cora_2024,/home/elipregerson/nnenum/vnncomp2025_benchmarks/benchmarks/cora_2024/./onnx/mnist-set.onnx,/home/elipregerson/nnenum/vnncomp2025_benchmarks/benchmarks/cora_2024/vnnlib/mnist-img2.vnnlib,.006035862,error_exit_code_1,.578045838
cora_2024,/home/elipregerson/nnenum/vnncomp2025_benchmarks/benchmarks/cora_2024/./onnx/mnist-point.onnx,/home/elipregerson/nnenum/vnncomp2025_benchmarks/benchmarks/cora_2024/vnnlib/mnist-img3.vnnlib,.007705201,error_exit_code_1,.594833139
cora_2024,/home/elipregerson/nnenum/vnncomp2025_benchmarks/benchmarks/cora_2024/./onnx/mnist-trades.onnx,/home/elipregerson/nnenum/vnncomp2025_benchmarks/benchmarks/cora_2024/vnnlib/mnist-img3.vnnlib,.006071539,error_exit_code_1,.589931112
cora_2024,/home/elipregerson/nnenum/vnncomp2025_benchmarks/benchmarks/cora_2024/./onnx/mnist-set.onnx,/home/elipregerson/nnenum/vnncomp2025_benchmarks/benchmarks/cora_2024/vnnlib/mnist-img3.vnnlib,.006169071,error_exit_code_1,.587131987
cora_2024,/home/elipregerson/nnenum/vnncomp2025_benchmarks/benchmarks/cora_2024/./onnx/mnist-point.onnx,/home/elipregerson/nnenum/vnncomp2025_benchmarks/benchmarks/cora_2024/vnnlib/mnist-img4.vnnlib,.006158924,error_exit_code_1,.581967793
cora_2024,/home/elipregerson/nnenum/vnncomp2025_benchmarks/benchmarks/cora_2024/./onnx/mnist-trades.onnx,/home/elipregerson/nnenum/vnncomp2025_benchmarks/benchmarks/cora_2024/vnnlib/mnist-img4.vnnlib,.006143877,error_exit_code_1,.578656912
cora_2024,/home/elipregerson/nnenum/vnncomp2025_benchmarks/benchmarks/cora_2024/./onnx/mnist-set.onnx,/home/elipregerson/nnenum/vnncomp2025_benchmarks/benchmarks/cora_2024/vnnlib/mnist-img4.vnnlib,.006027184,error_exit_code_1,.582382427
cora_2024,/home/elipregerson/nnenum/vnncomp2025_benchmarks/benchmarks/cora_2024/./onnx/mnist-point.onnx,/home/elipregerson/nnenum/vnncomp2025_benchmarks/benchmarks/cora_2024/vnnlib/mnist-img5.vnnlib,.005983891,error_exit_code_1,.572564389
cora_2024,/home/elipregerson/nnenum/vnncomp2025_benchmarks/benchmarks/cora_2024/./onnx/mnist-trades.onnx,/home/elipregerson/nnenum/vnncomp2025_benchmarks/benchmarks/cora_2024/vnnlib/mnist-img5.vnnlib,.006137665,error_exit_code_1,.575069469
cora_2024,/home/elipregerson/nnenum/vnncomp2025_benchmarks/benchmarks/cora_2024/./onnx/mnist-set.onnx,/home/elipregerson/nnenum/vnncomp2025_benchmarks/benchmarks/cora_2024/vnnlib/mnist-img5.vnnlib,.006025950,error_exit_code_1,.575978004
cora_2024,/home/elipregerson/nnenum/vnncomp2025_benchmarks/benchmarks/cora_2024/./onnx/mnist-point.onnx,/home/elipregerson/nnenum/vnncomp2025_benchmarks/benchmarks/cora_2024/vnnlib/mnist-img6.vnnlib,.005837384,error_exit_code_1,.571308813
cora_2024,/home/elipregerson/nnenum/vnncomp2025_benchmarks/benchmarks/cora_2024/./onnx/mnist-trades.onnx,/home/elipregerson/nnenum/vnncomp2025_benchmarks/benchmarks/cora_2024/vnnlib/mnist-img6.vnnlib,.006116590,error_exit_code_1,.571208463
cora_2024,/home/elipregerson/nnenum/vnncomp2025_benchmarks/benchmarks/cora_2024/./onnx/mnist-set.onnx,/home/elipregerson/nnenum/vnncomp2025_benchmarks/benchmarks/cora_2024/vnnlib/mnist-img6.vnnlib,.006057301,error_exit_code_1,.572971448
cora_2024,/home/elipregerson/nnenum/vnncomp2025_benchmarks/benchmarks/cora_2024/./onnx/mnist-point.onnx,/home/elipregerson/nnenum/vnncomp2025_benchmarks/benchmarks/cora_2024/vnnlib/mnist-img7.vnnlib,.006106464,error_exit_code_1,.570084001
cora_2024,/home/elipregerson/nnenum/vnncomp2025_benchmarks/benchmarks/cora_2024/./onnx/mnist-trades.onnx,/home/elipregerson/nnenum/vnncomp2025_benchmarks/benchmarks/cora_2024/vnnlib/mnist-img7.vnnlib,.005939380,error_exit_code_1,.575196706
cora_2024,/home/elipregerson/nnenum/vnncomp2025_benchmarks/benchmarks/cora_2024/./onnx/mnist-set.onnx,/home/elipregerson/nnenum/vnncomp2025_benchmarks/benchmarks/cora_2024/vnnlib/mnist-img7.vnnlib,.006071069,error_exit_code_1,.570336670
cora_2024,/home/elipregerson/nnenum/vnncomp2025_benchmarks/benchmarks/cora_2024/./onnx/mnist-point.onnx,/home/elipregerson/nnenum/vnncomp2025_benchmarks/benchmarks/cora_2024/vnnlib/mnist-img8.vnnlib,.006005393,error_exit_code_1,.573511640
cora_2024,/home/elipregerson/nnenum/vnncomp2025_benchmarks/benchmarks/cora_2024/./onnx/mnist-trades.onnx,/home/elipregerson/nnenum/vnncomp2025_benchmarks/benchmarks/cora_2024/vnnlib/mnist-img8.vnnlib,.006075487,error_exit_code_1,.577931711
cora_2024,/home/elipregerson/nnenum/vnncomp2025_benchmarks/benchmarks/cora_2024/./onnx/mnist-set.onnx,/home/elipregerson/nnenum/vnncomp2025_benchmarks/benchmarks/cora_2024/vnnlib/mnist-img8.vnnlib,.006136097,error_exit_code_1,.574663169
cora_2024,/home/elipregerson/nnenum/vnncomp2025_benchmarks/benchmarks/cora_2024/./onnx/mnist-point.onnx,/home/elipregerson/nnenum/vnncomp2025_benchmarks/benchmarks/cora_2024/vnnlib/mnist-img9.vnnlib,.006074750,error_exit_code_1,.578074365
cora_2024,/home/elipregerson/nnenum/vnncomp2025_benchmarks/benchmarks/cora_2024/./onnx/mnist-trades.onnx,/home/elipregerson/nnenum/vnncomp2025_benchmarks/benchmarks/cora_2024/vnnlib/mnist-img9.vnnlib,.005919399,error_exit_code_1,.572013787
cora_2024,/home/elipregerson/nnenum/vnncomp2025_benchmarks/benchmarks/cora_2024/./onnx/mnist-set.onnx,/home/elipregerson/nnenum/vnncomp2025_benchmarks/benchmarks/cora_2024/vnnlib/mnist-img9.vnnlib,.006025081,error_exit_code_1,.567238818
cora_2024,/home/elipregerson/nnenum/vnncomp2025_benchmarks/benchmarks/cora_2024/./onnx/mnist-point.onnx,/home/elipregerson/nnenum/vnncomp2025_benchmarks/benchmarks/cora_2024/vnnlib/mnist-img10.vnnlib,.006096343,error_exit_code_1,.582383072
cora_2024,/home/elipregerson/nnenum/vnncomp2025_benchmarks/benchmarks/cora_2024/./onnx/mnist-trades.onnx,/home/elipregerson/nnenum/vnncomp2025_benchmarks/benchmarks/cora_2024/vnnlib/mnist-img10.vnnlib,.006012973,error_exit_code_1,.583320292
cora_2024,/home/elipregerson/nnenum/vnncomp2025_benchmarks/benchmarks/cora_2024/./onnx/mnist-set.onnx,/home/elipregerson/nnenum/vnncomp2025_benchmarks/benchmarks/cora_2024/vnnlib/mnist-img10.vnnlib,.006083584,error_exit_code_1,.579754301
cora_2024,/home/elipregerson/nnenum/vnncomp2025_benchmarks/benchmarks/cora_2024/./onnx/mnist-point.onnx,/home/elipregerson/nnenum/vnncomp2025_benchmarks/benchmarks/cora_2024/vnnlib/mnist-img11.vnnlib,.006083972,error_exit_code_1,.574743944
cora_2024,/home/elipregerson/nnenum/vnncomp2025_benchmarks/benchmarks/cora_2024/./onnx/mnist-trades.onnx,/home/elipregerson/nnenum/vnncomp2025_benchmarks/benchmarks/cora_2024/vnnlib/mnist-img11.vnnlib,.006182410,error_exit_code_1,.574687122
cora_2024,/home/elipregerson/nnenum/vnncomp2025_benchmarks/benchmarks/cora_2024/./onnx/mnist-set.onnx,/home/elipregerson/nnenum/vnncomp2025_benchmarks/benchmarks/cora_2024/vnnlib/mnist-img11.vnnlib,.006167768,error_exit_code_1,.577781874
cora_2024,/home/elipregerson/nnenum/vnncomp2025_benchmarks/benchmarks/cora_2024/./onnx/mnist-point.onnx,/home/elipregerson/nnenum/vnncomp2025_benchmarks/benchmarks/cora_2024/vnnlib/mnist-img13.vnnlib,.006036001,error_exit_code_1,.574590854
cora_2024,/home/elipregerson/nnenum/vnncomp2025_benchmarks/benchmarks/cora_2024/./onnx/mnist-trades.onnx,/home/elipregerson/nnenum/vnncomp2025_benchmarks/benchmarks/cora_2024/vnnlib/mnist-img13.vnnlib,.005988536,error_exit_code_1,.586518157
cora_2024,/home/elipregerson/nnenum/vnncomp2025_benchmarks/benchmarks/cora_2024/./onnx/mnist-set.onnx,/home/elipregerson/nnenum/vnncomp2025_benchmarks/benchmarks/cora_2024/vnnlib/mnist-img13.vnnlib,.006073029,error_exit_code_1,.577349096
cora_2024,/home/elipregerson/nnenum/vnncomp2025_benchmarks/benchmarks/cora_2024/./onnx/mnist-point.onnx,/home/elipregerson/nnenum/vnncomp2025_benchmarks/benchmarks/cora_2024/vnnlib/mnist-img14.vnnlib,.006225359,error_exit_code_1,.575089580
cora_2024,/home/elipregerson/nnenum/vnncomp2025_benchmarks/benchmarks/cora_2024/./onnx/mnist-trades.onnx,/home/elipregerson/nnenum/vnncomp2025_benchmarks/benchmarks/cora_2024/vnnlib/mnist-img14.vnnlib,.006044471,error_exit_code_1,.574932090
cora_2024,/home/elipregerson/nnenum/vnncomp2025_benchmarks/benchmarks/cora_2024/./onnx/mnist-set.onnx,/home/elipregerson/nnenum/vnncomp2025_benchmarks/benchmarks/cora_2024/vnnlib/mnist-img14.vnnlib,.006065036,error_exit_code_1,.573733810
cora_2024,/home/elipregerson/nnenum/vnncomp2025_benchmarks/benchmarks/cora_2024/./onnx/mnist-point.onnx,/home/elipregerson/nnenum/vnncomp2025_benchmarks/benchmarks/cora_2024/vnnlib/mnist-img15.vnnlib,.005953335,error_exit_code_1,.585601326
cora_2024,/home/elipregerson/nnenum/vnncomp2025_benchmarks/benchmarks/cora_2024/./onnx/mnist-trades.onnx,/home/elipregerson/nnenum/vnncomp2025_benchmarks/benchmarks/cora_2024/vnnlib/mnist-img15.vnnlib,.006113614,error_exit_code_1,.582724269
cora_2024,/home/elipregerson/nnenum/vnncomp2025_benchmarks/benchmarks/cora_2024/./onnx/mnist-set.onnx,/home/elipregerson/nnenum/vnncomp2025_benchmarks/benchmarks/cora_2024/vnnlib/mnist-img15.vnnlib,.006037516,error_exit_code_1,.584435217
cora_2024,/home/elipregerson/nnenum/vnncomp2025_benchmarks/benchmarks/cora_2024/./onnx/mnist-point.onnx,/home/elipregerson/nnenum/vnncomp2025_benchmarks/benchmarks/cora_2024/vnnlib/mnist-img16.vnnlib,.006038901,error_exit_code_1,.577926105
cora_2024,/home/elipregerson/nnenum/vnncomp2025_benchmarks/benchmarks/cora_2024/./onnx/mnist-trades.onnx,/home/elipregerson/nnenum/vnncomp2025_benchmarks/benchmarks/cora_2024/vnnlib/mnist-img16.vnnlib,.006048720,error_exit_code_1,.584417465
cora_2024,/home/elipregerson/nnenum/vnncomp2025_benchmarks/benchmarks/cora_2024/./onnx/mnist-set.onnx,/home/elipregerson/nnenum/vnncomp2025_benchmarks/benchmarks/cora_2024/vnnlib/mnist-img16.vnnlib,.006036477,error_exit_code_1,.585509048
cora_2024,/home/elipregerson/nnenum/vnncomp2025_benchmarks/benchmarks/cora_2024/./onnx/mnist-point.onnx,/home/elipregerson/nnenum/vnncomp2025_benchmarks/benchmarks/cora_2024/vnnlib/mnist-img17.vnnlib,.006086167,error_exit_code_1,.577190016
cora_2024,/home/elipregerson/nnenum/vnncomp2025_benchmarks/benchmarks/cora_2024/./onnx/mnist-trades.onnx,/home/elipregerson/nnenum/vnncomp2025_benchmarks/benchmarks/cora_2024/vnnlib/mnist-img17.vnnlib,.006079232,error_exit_code_1,.571787836
cora_2024,/home/elipregerson/nnenum/vnncomp2025_benchmarks/benchmarks/cora_2024/./onnx/mnist-set.onnx,/home/elipregerson/nnenum/vnncomp2025_benchmarks/benchmarks/cora_2024/vnnlib/mnist-img17.vnnlib,.006298209,error_exit_code_1,.582203991
cora_2024,/home/elipregerson/nnenum/vnncomp2025_benchmarks/benchmarks/cora_2024/./onnx/mnist-point.onnx,/home/elipregerson/nnenum/vnncomp2025_benchmarks/benchmarks/cora_2024/vnnlib/mnist-img18.vnnlib,.005961387,error_exit_code_1,.582559151
cora_2024,/home/elipregerson/nnenum/vnncomp2025_benchmarks/benchmarks/cora_2024/./onnx/mnist-trades.onnx,/home/elipregerson/nnenum/vnncomp2025_benchmarks/benchmarks/cora_2024/vnnlib/mnist-img18.vnnlib,.006069889,error_exit_code_1,.586819245
cora_2024,/home/elipregerson/nnenum/vnncomp2025_benchmarks/benchmarks/cora_2024/./onnx/mnist-set.onnx,/home/elipregerson/nnenum/vnncomp2025_benchmarks/benchmarks/cora_2024/vnnlib/mnist-img18.vnnlib,.006033794,error_exit_code_1,.582660443
cora_2024,/home/elipregerson/nnenum/vnncomp2025_benchmarks/benchmarks/cora_2024/./onnx/mnist-point.onnx,/home/elipregerson/nnenum/vnncomp2025_benchmarks/benchmarks/cora_2024/vnnlib/mnist-img19.vnnlib,.005895748,error_exit_code_1,.579476698
cora_2024,/home/elipregerson/nnenum/vnncomp2025_benchmarks/benchmarks/cora_2024/./onnx/mnist-trades.onnx,/home/elipregerson/nnenum/vnncomp2025_benchmarks/benchmarks/cora_2024/vnnlib/mnist-img19.vnnlib,.006169498,error_exit_code_1,.567763307
cora_2024,/home/elipregerson/nnenum/vnncomp2025_benchmarks/benchmarks/cora_2024/./onnx/mnist-set.onnx,/home/elipregerson/nnenum/vnncomp2025_benchmarks/benchmarks/cora_2024/vnnlib/mnist-img19.vnnlib,.006100607,error_exit_code_1,.579274327
cora_2024,/home/elipregerson/nnenum/vnncomp2025_benchmarks/benchmarks/cora_2024/./onnx/mnist-point.onnx,/home/elipregerson/nnenum/vnncomp2025_benchmarks/benchmarks/cora_2024/vnnlib/mnist-img20.vnnlib,.006047034,error_exit_code_1,.576644352
cora_2024,/home/elipregerson/nnenum/vnncomp2025_benchmarks/benchmarks/cora_2024/./onnx/mnist-trades.onnx,/home/elipregerson/nnenum/vnncomp2025_benchmarks/benchmarks/cora_2024/vnnlib/mnist-img20.vnnlib,.006006071,error_exit_code_1,.574845684
cora_2024,/home/elipregerson/nnenum/vnncomp2025_benchmarks/benchmarks/cora_2024/./onnx/mnist-set.onnx,/home/elipregerson/nnenum/vnncomp2025_benchmarks/benchmarks/cora_2024/vnnlib/mnist-img20.vnnlib,.006022710,error_exit_code_1,.578437682
cora_2024,/home/elipregerson/nnenum/vnncomp2025_benchmarks/benchmarks/cora_2024/./onnx/svhn-point.onnx,/home/elipregerson/nnenum/vnncomp2025_benchmarks/benchmarks/cora_2024/vnnlib/svhn-img14.vnnlib,.006105963,error_exit_code_1,.621634762
cora_2024,/home/elipregerson/nnenum/vnncomp2025_benchmarks/benchmarks/cora_2024/./onnx/svhn-trades.onnx,/home/elipregerson/nnenum/vnncomp2025_benchmarks/benchmarks/cora_2024/vnnlib/svhn-img14.vnnlib,.006006223,error_exit_code_1,.625683172
cora_2024,/home/elipregerson/nnenum/vnncomp2025_benchmarks/benchmarks/cora_2024/./onnx/svhn-set.onnx,/home/elipregerson/nnenum/vnncomp2025_benchmarks/benchmarks/cora_2024/vnnlib/svhn-img14.vnnlib,.006013575,error_exit_code_1,.617354684
cora_2024,/home/elipregerson/nnenum/vnncomp2025_benchmarks/benchmarks/cora_2024/./onnx/svhn-point.onnx,/home/elipregerson/nnenum/vnncomp2025_benchmarks/benchmarks/cora_2024/vnnlib/svhn-img130.vnnlib,.006141130,error_exit_code_1,.619504552
cora_2024,/home/elipregerson/nnenum/vnncomp2025_benchmarks/benchmarks/cora_2024/./onnx/svhn-trades.onnx,/home/elipregerson/nnenum/vnncomp2025_benchmarks/benchmarks/cora_2024/vnnlib/svhn-img130.vnnlib,.006031733,error_exit_code_1,.627468997
cora_2024,/home/elipregerson/nnenum/vnncomp2025_benchmarks/benchmarks/cora_2024/./onnx/svhn-set.onnx,/home/elipregerson/nnenum/vnncomp2025_benchmarks/benchmarks/cora_2024/vnnlib/svhn-img130.vnnlib,.006176824,error_exit_code_1,.622591832
cora_2024,/home/elipregerson/nnenum/vnncomp2025_benchmarks/benchmarks/cora_2024/./onnx/svhn-point.onnx,/home/elipregerson/nnenum/vnncomp2025_benchmarks/benchmarks/cora_2024/vnnlib/svhn-img137.vnnlib,.006367114,error_exit_code_1,.630954202
cora_2024,/home/elipregerson/nnenum/vnncomp2025_benchmarks/benchmarks/cora_2024/./onnx/svhn-trades.onnx,/home/elipregerson/nnenum/vnncomp2025_benchmarks/benchmarks/cora_2024/vnnlib/svhn-img137.vnnlib,.006190491,error_exit_code_1,.628009772
cora_2024,/home/elipregerson/nnenum/vnncomp2025_benchmarks/benchmarks/cora_2024/./onnx/svhn-set.onnx,/home/elipregerson/nnenum/vnncomp2025_benchmarks/benchmarks/cora_2024/vnnlib/svhn-img137.vnnlib,.006011854,error_exit_code_1,.623471691
cora_2024,/home/elipregerson/nnenum/vnncomp2025_benchmarks/benchmarks/cora_2024/./onnx/svhn-point.onnx,/home/elipregerson/nnenum/vnncomp2025_benchmarks/benchmarks/cora_2024/vnnlib/svhn-img153.vnnlib,.006004877,error_exit_code_1,.616734078
cora_2024,/home/elipregerson/nnenum/vnncomp2025_benchmarks/benchmarks/cora_2024/./onnx/svhn-trades.onnx,/home/elipregerson/nnenum/vnncomp2025_benchmarks/benchmarks/cora_2024/vnnlib/svhn-img153.vnnlib,.005993234,error_exit_code_1,.620816502
cora_2024,/home/elipregerson/nnenum/vnncomp2025_benchmarks/benchmarks/cora_2024/./onnx/svhn-set.onnx,/home/elipregerson/nnenum/vnncomp2025_benchmarks/benchmarks/cora_2024/vnnlib/svhn-img153.vnnlib,.005987771,error_exit_code_1,.622446900
cora_2024,/home/elipregerson/nnenum/vnncomp2025_benchmarks/benchmarks/cora_2024/./onnx/svhn-point.onnx,/home/elipregerson/nnenum/vnncomp2025_benchmarks/benchmarks/cora_2024/vnnlib/svhn-img164.vnnlib,.006054699,error_exit_code_1,.614577894
cora_2024,/home/elipregerson/nnenum/vnncomp2025_benchmarks/benchmarks/cora_2024/./onnx/svhn-trades.onnx,/home/elipregerson/nnenum/vnncomp2025_benchmarks/benchmarks/cora_2024/vnnlib/svhn-img164.vnnlib,.006201465,error_exit_code_1,.630071462
cora_2024,/home/elipregerson/nnenum/vnncomp2025_benchmarks/benchmarks/cora_2024/./onnx/svhn-set.onnx,/home/elipregerson/nnenum/vnncomp2025_benchmarks/benchmarks/cora_2024/vnnlib/svhn-img164.vnnlib,.006195585,error_exit_code_1,.624140932
cora_2024,/home/elipregerson/nnenum/vnncomp2025_benchmarks/benchmarks/cora_2024/./onnx/svhn-point.onnx,/home/elipregerson/nnenum/vnncomp2025_benchmarks/benchmarks/cora_2024/vnnlib/svhn-img182.vnnlib,.006011068,error_exit_code_1,.622524231
cora_2024,/home/elipregerson/nnenum/vnncomp2025_benchmarks/benchmarks/cora_2024/./onnx/svhn-trades.onnx,/home/elipregerson/nnenum/vnncomp2025_benchmarks/benchmarks/cora_2024/vnnlib/svhn-img182.vnnlib,.006100984,error_exit_code_1,.621329780
cora_2024,/home/elipregerson/nnenum/vnncomp2025_benchmarks/benchmarks/cora_2024/./onnx/svhn-set.onnx,/home/elipregerson/nnenum/vnncomp2025_benchmarks/benchmarks/cora_2024/vnnlib/svhn-img182.vnnlib,.006110867,error_exit_code_1,.613572388
cora_2024,/home/elipregerson/nnenum/vnncomp2025_benchmarks/benchmarks/cora_2024/./onnx/svhn-point.onnx,/home/elipregerson/nnenum/vnncomp2025_benchmarks/benchmarks/cora_2024/vnnlib/svhn-img225.vnnlib,.006025971,error_exit_code_1,.622225549
cora_2024,/home/elipregerson/nnenum/vnncomp2025_benchmarks/benchmarks/cora_2024/./onnx/svhn-trades.onnx,/home/elipregerson/nnenum/vnncomp2025_benchmarks/benchmarks/cora_2024/vnnlib/svhn-img225.vnnlib,.006110240,error_exit_code_1,.621605096
cora_2024,/home/elipregerson/nnenum/vnncomp2025_benchmarks/benchmarks/cora_2024/./onnx/svhn-set.onnx,/home/elipregerson/nnenum/vnncomp2025_benchmarks/benchmarks/cora_2024/vnnlib/svhn-img225.vnnlib,.006391499,error_exit_code_1,.618561967
cora_2024,/home/elipregerson/nnenum/vnncomp2025_benchmarks/benchmarks/cora_2024/./onnx/svhn-point.onnx,/home/elipregerson/nnenum/vnncomp2025_benchmarks/benchmarks/cora_2024/vnnlib/svhn-img263.vnnlib,.005921723,error_exit_code_1,.613247903
cora_2024,/home/elipregerson/nnenum/vnncomp2025_benchmarks/benchmarks/cora_2024/./onnx/svhn-trades.onnx,/home/elipregerson/nnenum/vnncomp2025_benchmarks/benchmarks/cora_2024/vnnlib/svhn-img263.vnnlib,.005973456,error_exit_code_1,.616924869
cora_2024,/home/elipregerson/nnenum/vnncomp2025_benchmarks/benchmarks/cora_2024/./onnx/svhn-set.onnx,/home/elipregerson/nnenum/vnncomp2025_benchmarks/benchmarks/cora_2024/vnnlib/svhn-img263.vnnlib,.005982997,error_exit_code_1,.624292781
cora_2024,/home/elipregerson/nnenum/vnncomp2025_benchmarks/benchmarks/cora_2024/./onnx/svhn-point.onnx,/home/elipregerson/nnenum/vnncomp2025_benchmarks/benchmarks/cora_2024/vnnlib/svhn-img279.vnnlib,.006079369,error_exit_code_1,.620064420
cora_2024,/home/elipregerson/nnenum/vnncomp2025_benchmarks/benchmarks/cora_2024/./onnx/svhn-trades.onnx,/home/elipregerson/nnenum/vnncomp2025_benchmarks/benchmarks/cora_2024/vnnlib/svhn-img279.vnnlib,.005971895,error_exit_code_1,.635457982
cora_2024,/home/elipregerson/nnenum/vnncomp2025_benchmarks/benchmarks/cora_2024/./onnx/svhn-set.onnx,/home/elipregerson/nnenum/vnncomp2025_benchmarks/benchmarks/cora_2024/vnnlib/svhn-img279.vnnlib,.006013610,error_exit_code_1,.618902533
cora_2024,/home/elipregerson/nnenum/vnncomp2025_benchmarks/benchmarks/cora_2024/./onnx/svhn-point.onnx,/home/elipregerson/nnenum/vnncomp2025_benchmarks/benchmarks/cora_2024/vnnlib/svhn-img289.vnnlib,.006170266,error_exit_code_1,.617033173
cora_2024,/home/elipregerson/nnenum/vnncomp2025_benchmarks/benchmarks/cora_2024/./onnx/svhn-trades.onnx,/home/elipregerson/nnenum/vnncomp2025_benchmarks/benchmarks/cora_2024/vnnlib/svhn-img289.vnnlib,.006057378,error_exit_code_1,.621342474
cora_2024,/home/elipregerson/nnenum/vnncomp2025_benchmarks/benchmarks/cora_2024/./onnx/svhn-set.onnx,/home/elipregerson/nnenum/vnncomp2025_benchmarks/benchmarks/cora_2024/vnnlib/svhn-img289.vnnlib,.005925791,error_exit_code_1,.626350209
cora_2024,/home/elipregerson/nnenum/vnncomp2025_benchmarks/benchmarks/cora_2024/./onnx/svhn-point.onnx,/home/elipregerson/nnenum/vnncomp2025_benchmarks/benchmarks/cora_2024/vnnlib/svhn-img337.vnnlib,.006068370,error_exit_code_1,.619189388
cora_2024,/home/elipregerson/nnenum/vnncomp2025_benchmarks/benchmarks/cora_2024/./onnx/svhn-trades.onnx,/home/elipregerson/nnenum/vnncomp2025_benchmarks/benchmarks/cora_2024/vnnlib/svhn-img337.vnnlib,.006061995,error_exit_code_1,.619442403
cora_2024,/home/elipregerson/nnenum/vnncomp2025_benchmarks/benchmarks/cora_2024/./onnx/svhn-set.onnx,/home/elipregerson/nnenum/vnncomp2025_benchmarks/benchmarks/cora_2024/vnnlib/svhn-img337.vnnlib,.006101089,error_exit_code_1,.619073819
cora_2024,/home/elipregerson/nnenum/vnncomp2025_benchmarks/benchmarks/cora_2024/./onnx/svhn-point.onnx,/home/elipregerson/nnenum/vnncomp2025_benchmarks/benchmarks/cora_2024/vnnlib/svhn-img349.vnnlib,.006079577,error_exit_code_1,.627136206
cora_2024,/home/elipregerson/nnenum/vnncomp2025_benchmarks/benchmarks/cora_2024/./onnx/svhn-trades.onnx,/home/elipregerson/nnenum/vnncomp2025_benchmarks/benchmarks/cora_2024/vnnlib/svhn-img349.vnnlib,.006113910,error_exit_code_1,.612946721
cora_2024,/home/elipregerson/nnenum/vnncomp2025_benchmarks/benchmarks/cora_2024/./onnx/svhn-set.onnx,/home/elipregerson/nnenum/vnncomp2025_benchmarks/benchmarks/cora_2024/vnnlib/svhn-img349.vnnlib,.006226397,error_exit_code_1,.619703445
cora_2024,/home/elipregerson/nnenum/vnncomp2025_benchmarks/benchmarks/cora_2024/./onnx/svhn-point.onnx,/home/elipregerson/nnenum/vnncomp2025_benchmarks/benchmarks/cora_2024/vnnlib/svhn-img530.vnnlib,.006013877,error_exit_code_1,.619160474
cora_2024,/home/elipregerson/nnenum/vnncomp2025_benchmarks/benchmarks/cora_2024/./onnx/svhn-trades.onnx,/home/elipregerson/nnenum/vnncomp2025_benchmarks/benchmarks/cora_2024/vnnlib/svhn-img530.vnnlib,.006044932,error_exit_code_1,.622856482
cora_2024,/home/elipregerson/nnenum/vnncomp2025_benchmarks/benchmarks/cora_2024/./onnx/svhn-set.onnx,/home/elipregerson/nnenum/vnncomp2025_benchmarks/benchmarks/cora_2024/vnnlib/svhn-img530.vnnlib,.005912430,error_exit_code_1,.636859321
cora_2024,/home/elipregerson/nnenum/vnncomp2025_benchmarks/benchmarks/cora_2024/./onnx/svhn-point.onnx,/home/elipregerson/nnenum/vnncomp2025_benchmarks/benchmarks/cora_2024/vnnlib/svhn-img601.vnnlib,.006082021,error_exit_code_1,.621518702
cora_2024,/home/elipregerson/nnenum/vnncomp2025_benchmarks/benchmarks/cora_2024/./onnx/svhn-trades.onnx,/home/elipregerson/nnenum/vnncomp2025_benchmarks/benchmarks/cora_2024/vnnlib/svhn-img601.vnnlib,.006019972,error_exit_code_1,.629414132
cora_2024,/home/elipregerson/nnenum/vnncomp2025_benchmarks/benchmarks/cora_2024/./onnx/svhn-set.onnx,/home/elipregerson/nnenum/vnncomp2025_benchmarks/benchmarks/cora_2024/vnnlib/svhn-img601.vnnlib,.006088174,error_exit_code_1,.615772731
cora_2024,/home/elipregerson/nnenum/vnncomp2025_benchmarks/benchmarks/cora_2024/./onnx/svhn-point.onnx,/home/elipregerson/nnenum/vnncomp2025_benchmarks/benchmarks/cora_2024/vnnlib/svhn-img637.vnnlib,.006069665,error_exit_code_1,.623107790
cora_2024,/home/elipregerson/nnenum/vnncomp2025_benchmarks/benchmarks/cora_2024/./onnx/svhn-trades.onnx,/home/elipregerson/nnenum/vnncomp2025_benchmarks/benchmarks/cora_2024/vnnlib/svhn-img637.vnnlib,.006041119,error_exit_code_1,.625232803
cora_2024,/home/elipregerson/nnenum/vnncomp2025_benchmarks/benchmarks/cora_2024/./onnx/svhn-set.onnx,/home/elipregerson/nnenum/vnncomp2025_benchmarks/benchmarks/cora_2024/vnnlib/svhn-img637.vnnlib,.006033985,error_exit_code_1,.625677517
cora_2024,/home/elipregerson/nnenum/vnncomp2025_benchmarks/benchmarks/cora_2024/./onnx/svhn-point.onnx,/home/elipregerson/nnenum/vnncomp2025_benchmarks/benchmarks/cora_2024/vnnlib/svhn-img692.vnnlib,.005978370,error_exit_code_1,.617798073
cora_2024,/home/elipregerson/nnenum/vnncomp2025_benchmarks/benchmarks/cora_2024/./onnx/svhn-trades.onnx,/home/elipregerson/nnenum/vnncomp2025_benchmarks/benchmarks/cora_2024/vnnlib/svhn-img692.vnnlib,.006042066,error_exit_code_1,.624308611
cora_2024,/home/elipregerson/nnenum/vnncomp2025_benchmarks/benchmarks/cora_2024/./onnx/svhn-set.onnx,/home/elipregerson/nnenum/vnncomp2025_benchmarks/benchmarks/cora_2024/vnnlib/svhn-img692.vnnlib,.005974732,error_exit_code_1,.617929929
cora_2024,/home/elipregerson/nnenum/vnncomp2025_benchmarks/benchmarks/cora_2024/./onnx/svhn-point.onnx,/home/elipregerson/nnenum/vnncomp2025_benchmarks/benchmarks/cora_2024/vnnlib/svhn-img718.vnnlib,.006037915,error_exit_code_1,.609885156
cora_2024,/home/elipregerson/nnenum/vnncomp2025_benchmarks/benchmarks/cora_2024/./onnx/svhn-trades.onnx,/home/elipregerson/nnenum/vnncomp2025_benchmarks/benchmarks/cora_2024/vnnlib/svhn-img718.vnnlib,.006053540,error_exit_code_1,.622174866
cora_2024,/home/elipregerson/nnenum/vnncomp2025_benchmarks/benchmarks/cora_2024/./onnx/svhn-set.onnx,/home/elipregerson/nnenum/vnncomp2025_benchmarks/benchmarks/cora_2024/vnnlib/svhn-img718.vnnlib,.005982117,error_exit_code_1,.617844001
cora_2024,/home/elipregerson/nnenum/vnncomp2025_benchmarks/benchmarks/cora_2024/./onnx/svhn-point.onnx,/home/elipregerson/nnenum/vnncomp2025_benchmarks/benchmarks/cora_2024/vnnlib/svhn-img735.vnnlib,.006158685,error_exit_code_1,.621562549
cora_2024,/home/elipregerson/nnenum/vnncomp2025_benchmarks/benchmarks/cora_2024/./onnx/svhn-trades.onnx,/home/elipregerson/nnenum/vnncomp2025_benchmarks/benchmarks/cora_2024/vnnlib/svhn-img735.vnnlib,.006019368,error_exit_code_1,.628745343
cora_2024,/home/elipregerson/nnenum/vnncomp2025_benchmarks/benchmarks/cora_2024/./onnx/svhn-set.onnx,/home/elipregerson/nnenum/vnncomp2025_benchmarks/benchmarks/cora_2024/vnnlib/svhn-img735.vnnlib,.005945761,error_exit_code_1,.626133939
cora_2024,/home/elipregerson/nnenum/vnncomp2025_benchmarks/benchmarks/cora_2024/./onnx/svhn-point.onnx,/home/elipregerson/nnenum/vnncomp2025_benchmarks/benchmarks/cora_2024/vnnlib/svhn-img745.vnnlib,.005992024,error_exit_code_1,.622010130
cora_2024,/home/elipregerson/nnenum/vnncomp2025_benchmarks/benchmarks/cora_2024/./onnx/svhn-trades.onnx,/home/elipregerson/nnenum/vnncomp2025_benchmarks/benchmarks/cora_2024/vnnlib/svhn-img745.vnnlib,.005940323,error_exit_code_1,.623540182
cora_2024,/home/elipregerson/nnenum/vnncomp2025_benchmarks/benchmarks/cora_2024/./onnx/svhn-set.onnx,/home/elipregerson/nnenum/vnncomp2025_benchmarks/benchmarks/cora_2024/vnnlib/svhn-img745.vnnlib,.005936638,error_exit_code_1,.623820634
cora_2024,/home/elipregerson/nnenum/vnncomp2025_benchmarks/benchmarks/cora_2024/./onnx/svhn-point.onnx,/home/elipregerson/nnenum/vnncomp2025_benchmarks/benchmarks/cora_2024/vnnlib/svhn-img760.vnnlib,.006078314,error_exit_code_1,.624681066
cora_2024,/home/elipregerson/nnenum/vnncomp2025_benchmarks/benchmarks/cora_2024/./onnx/svhn-trades.onnx,/home/elipregerson/nnenum/vnncomp2025_benchmarks/benchmarks/cora_2024/vnnlib/svhn-img760.vnnlib,.006153763,error_exit_code_1,.619338759
cora_2024,/home/elipregerson/nnenum/vnncomp2025_benchmarks/benchmarks/cora_2024/./onnx/svhn-set.onnx,/home/elipregerson/nnenum/vnncomp2025_benchmarks/benchmarks/cora_2024/vnnlib/svhn-img760.vnnlib,.006024733,error_exit_code_1,.621403103
cora_2024,/home/elipregerson/nnenum/vnncomp2025_benchmarks/benchmarks/cora_2024/./onnx/cifar10-point.onnx,/home/elipregerson/nnenum/vnncomp2025_benchmarks/benchmarks/cora_2024/vnnlib/cifar10-img66.vnnlib,.006082637,error_exit_code_1,.617194563
cora_2024,/home/elipregerson/nnenum/vnncomp2025_benchmarks/benchmarks/cora_2024/./onnx/cifar10-trades.onnx,/home/elipregerson/nnenum/vnncomp2025_benchmarks/benchmarks/cora_2024/vnnlib/cifar10-img66.vnnlib,.005962393,error_exit_code_1,.619103904
cora_2024,/home/elipregerson/nnenum/vnncomp2025_benchmarks/benchmarks/cora_2024/./onnx/cifar10-set.onnx,/home/elipregerson/nnenum/vnncomp2025_benchmarks/benchmarks/cora_2024/vnnlib/cifar10-img66.vnnlib,.006178738,error_exit_code_1,.630728120
cora_2024,/home/elipregerson/nnenum/vnncomp2025_benchmarks/benchmarks/cora_2024/./onnx/cifar10-point.onnx,/home/elipregerson/nnenum/vnncomp2025_benchmarks/benchmarks/cora_2024/vnnlib/cifar10-img77.vnnlib,.005985511,error_exit_code_1,.618390281
cora_2024,/home/elipregerson/nnenum/vnncomp2025_benchmarks/benchmarks/cora_2024/./onnx/cifar10-trades.onnx,/home/elipregerson/nnenum/vnncomp2025_benchmarks/benchmarks/cora_2024/vnnlib/cifar10-img77.vnnlib,.006117820,error_exit_code_1,.626709617
cora_2024,/home/elipregerson/nnenum/vnncomp2025_benchmarks/benchmarks/cora_2024/./onnx/cifar10-set.onnx,/home/elipregerson/nnenum/vnncomp2025_benchmarks/benchmarks/cora_2024/vnnlib/cifar10-img77.vnnlib,.006172916,error_exit_code_1,.621577449
cora_2024,/home/elipregerson/nnenum/vnncomp2025_benchmarks/benchmarks/cora_2024/./onnx/cifar10-point.onnx,/home/elipregerson/nnenum/vnncomp2025_benchmarks/benchmarks/cora_2024/vnnlib/cifar10-img96.vnnlib,.006111016,error_exit_code_1,.623000409
cora_2024,/home/elipregerson/nnenum/vnncomp2025_benchmarks/benchmarks/cora_2024/./onnx/cifar10-trades.onnx,/home/elipregerson/nnenum/vnncomp2025_benchmarks/benchmarks/cora_2024/vnnlib/cifar10-img96.vnnlib,.006109880,error_exit_code_1,.621522616
cora_2024,/home/elipregerson/nnenum/vnncomp2025_benchmarks/benchmarks/cora_2024/./onnx/cifar10-set.onnx,/home/elipregerson/nnenum/vnncomp2025_benchmarks/benchmarks/cora_2024/vnnlib/cifar10-img96.vnnlib,.006089523,error_exit_code_1,.625474457
cora_2024,/home/elipregerson/nnenum/vnncomp2025_benchmarks/benchmarks/cora_2024/./onnx/cifar10-point.onnx,/home/elipregerson/nnenum/vnncomp2025_benchmarks/benchmarks/cora_2024/vnnlib/cifar10-img100.vnnlib,.006075796,error_exit_code_1,.621582179
cora_2024,/home/elipregerson/nnenum/vnncomp2025_benchmarks/benchmarks/cora_2024/./onnx/cifar10-trades.onnx,/home/elipregerson/nnenum/vnncomp2025_benchmarks/benchmarks/cora_2024/vnnlib/cifar10-img100.vnnlib,.006040855,error_exit_code_1,.618259061
cora_2024,/home/elipregerson/nnenum/vnncomp2025_benchmarks/benchmarks/cora_2024/./onnx/cifar10-set.onnx,/home/elipregerson/nnenum/vnncomp2025_benchmarks/benchmarks/cora_2024/vnnlib/cifar10-img100.vnnlib,.006444603,error_exit_code_1,.621261245
cora_2024,/home/elipregerson/nnenum/vnncomp2025_benchmarks/benchmarks/cora_2024/./onnx/cifar10-point.onnx,/home/elipregerson/nnenum/vnncomp2025_benchmarks/benchmarks/cora_2024/vnnlib/cifar10-img126.vnnlib,.005961074,error_exit_code_1,.634538805
cora_2024,/home/elipregerson/nnenum/vnncomp2025_benchmarks/benchmarks/cora_2024/./onnx/cifar10-trades.onnx,/home/elipregerson/nnenum/vnncomp2025_benchmarks/benchmarks/cora_2024/vnnlib/cifar10-img126.vnnlib,.006122795,error_exit_code_1,.630529089
cora_2024,/home/elipregerson/nnenum/vnncomp2025_benchmarks/benchmarks/cora_2024/./onnx/cifar10-set.onnx,/home/elipregerson/nnenum/vnncomp2025_benchmarks/benchmarks/cora_2024/vnnlib/cifar10-img126.vnnlib,.006002140,error_exit_code_1,.612000767
cora_2024,/home/elipregerson/nnenum/vnncomp2025_benchmarks/benchmarks/cora_2024/./onnx/cifar10-point.onnx,/home/elipregerson/nnenum/vnncomp2025_benchmarks/benchmarks/cora_2024/vnnlib/cifar10-img135.vnnlib,.006059227,error_exit_code_1,.621376644
cora_2024,/home/elipregerson/nnenum/vnncomp2025_benchmarks/benchmarks/cora_2024/./onnx/cifar10-trades.onnx,/home/elipregerson/nnenum/vnncomp2025_benchmarks/benchmarks/cora_2024/vnnlib/cifar10-img135.vnnlib,.006069915,error_exit_code_1,.629538388
cora_2024,/home/elipregerson/nnenum/vnncomp2025_benchmarks/benchmarks/cora_2024/./onnx/cifar10-set.onnx,/home/elipregerson/nnenum/vnncomp2025_benchmarks/benchmarks/cora_2024/vnnlib/cifar10-img135.vnnlib,.006034553,error_exit_code_1,.620193010
cora_2024,/home/elipregerson/nnenum/vnncomp2025_benchmarks/benchmarks/cora_2024/./onnx/cifar10-point.onnx,/home/elipregerson/nnenum/vnncomp2025_benchmarks/benchmarks/cora_2024/vnnlib/cifar10-img160.vnnlib,.005937286,error_exit_code_1,.612541323
cora_2024,/home/elipregerson/nnenum/vnncomp2025_benchmarks/benchmarks/cora_2024/./onnx/cifar10-trades.onnx,/home/elipregerson/nnenum/vnncomp2025_benchmarks/benchmarks/cora_2024/vnnlib/cifar10-img160.vnnlib,.005960812,error_exit_code_1,.623562155
cora_2024,/home/elipregerson/nnenum/vnncomp2025_benchmarks/benchmarks/cora_2024/./onnx/cifar10-set.onnx,/home/elipregerson/nnenum/vnncomp2025_benchmarks/benchmarks/cora_2024/vnnlib/cifar10-img160.vnnlib,.006046560,error_exit_code_1,.613175759
cora_2024,/home/elipregerson/nnenum/vnncomp2025_benchmarks/benchmarks/cora_2024/./onnx/cifar10-point.onnx,/home/elipregerson/nnenum/vnncomp2025_benchmarks/benchmarks/cora_2024/vnnlib/cifar10-img166.vnnlib,.006087966,error_exit_code_1,.617113252
cora_2024,/home/elipregerson/nnenum/vnncomp2025_benchmarks/benchmarks/cora_2024/./onnx/cifar10-trades.onnx,/home/elipregerson/nnenum/vnncomp2025_benchmarks/benchmarks/cora_2024/vnnlib/cifar10-img166.vnnlib,.006011712,error_exit_code_1,.615077693
cora_2024,/home/elipregerson/nnenum/vnncomp2025_benchmarks/benchmarks/cora_2024/./onnx/cifar10-set.onnx,/home/elipregerson/nnenum/vnncomp2025_benchmarks/benchmarks/cora_2024/vnnlib/cifar10-img166.vnnlib,.005971519,error_exit_code_1,.619206021
cora_2024,/home/elipregerson/nnenum/vnncomp2025_benchmarks/benchmarks/cora_2024/./onnx/cifar10-point.onnx,/home/elipregerson/nnenum/vnncomp2025_benchmarks/benchmarks/cora_2024/vnnlib/cifar10-img206.vnnlib,.005913710,error_exit_code_1,.621105723
cora_2024,/home/elipregerson/nnenum/vnncomp2025_benchmarks/benchmarks/cora_2024/./onnx/cifar10-trades.onnx,/home/elipregerson/nnenum/vnncomp2025_benchmarks/benchmarks/cora_2024/vnnlib/cifar10-img206.vnnlib,.006085335,error_exit_code_1,.619522526
cora_2024,/home/elipregerson/nnenum/vnncomp2025_benchmarks/benchmarks/cora_2024/./onnx/cifar10-set.onnx,/home/elipregerson/nnenum/vnncomp2025_benchmarks/benchmarks/cora_2024/vnnlib/cifar10-img206.vnnlib,.005995665,error_exit_code_1,.625999891
cora_2024,/home/elipregerson/nnenum/vnncomp2025_benchmarks/benchmarks/cora_2024/./onnx/cifar10-point.onnx,/home/elipregerson/nnenum/vnncomp2025_benchmarks/benchmarks/cora_2024/vnnlib/cifar10-img207.vnnlib,.006061675,error_exit_code_1,.635887894
cora_2024,/home/elipregerson/nnenum/vnncomp2025_benchmarks/benchmarks/cora_2024/./onnx/cifar10-trades.onnx,/home/elipregerson/nnenum/vnncomp2025_benchmarks/benchmarks/cora_2024/vnnlib/cifar10-img207.vnnlib,.006018533,error_exit_code_1,.615851779
cora_2024,/home/elipregerson/nnenum/vnncomp2025_benchmarks/benchmarks/cora_2024/./onnx/cifar10-set.onnx,/home/elipregerson/nnenum/vnncomp2025_benchmarks/benchmarks/cora_2024/vnnlib/cifar10-img207.vnnlib,.006223914,error_exit_code_1,.608556731
cora_2024,/home/elipregerson/nnenum/vnncomp2025_benchmarks/benchmarks/cora_2024/./onnx/cifar10-point.onnx,/home/elipregerson/nnenum/vnncomp2025_benchmarks/benchmarks/cora_2024/vnnlib/cifar10-img244.vnnlib,.006179751,error_exit_code_1,.613875896
cora_2024,/home/elipregerson/nnenum/vnncomp2025_benchmarks/benchmarks/cora_2024/./onnx/cifar10-trades.onnx,/home/elipregerson/nnenum/vnncomp2025_benchmarks/benchmarks/cora_2024/vnnlib/cifar10-img244.vnnlib,.006271169,error_exit_code_1,.623242955
cora_2024,/home/elipregerson/nnenum/vnncomp2025_benchmarks/benchmarks/cora_2024/./onnx/cifar10-set.onnx,/home/elipregerson/nnenum/vnncomp2025_benchmarks/benchmarks/cora_2024/vnnlib/cifar10-img244.vnnlib,.005961697,error_exit_code_1,.620802963
cora_2024,/home/elipregerson/nnenum/vnncomp2025_benchmarks/benchmarks/cora_2024/./onnx/cifar10-point.onnx,/home/elipregerson/nnenum/vnncomp2025_benchmarks/benchmarks/cora_2024/vnnlib/cifar10-img292.vnnlib,.006068223,error_exit_code_1,.618021624
cora_2024,/home/elipregerson/nnenum/vnncomp2025_benchmarks/benchmarks/cora_2024/./onnx/cifar10-trades.onnx,/home/elipregerson/nnenum/vnncomp2025_benchmarks/benchmarks/cora_2024/vnnlib/cifar10-img292.vnnlib,.006020085,error_exit_code_1,.623692868
cora_2024,/home/elipregerson/nnenum/vnncomp2025_benchmarks/benchmarks/cora_2024/./onnx/cifar10-set.onnx,/home/elipregerson/nnenum/vnncomp2025_benchmarks/benchmarks/cora_2024/vnnlib/cifar10-img292.vnnlib,.006010270,error_exit_code_1,.627796169
cora_2024,/home/elipregerson/nnenum/vnncomp2025_benchmarks/benchmarks/cora_2024/./onnx/cifar10-point.onnx,/home/elipregerson/nnenum/vnncomp2025_benchmarks/benchmarks/cora_2024/vnnlib/cifar10-img328.vnnlib,.005970772,error_exit_code_1,.619111359
cora_2024,/home/elipregerson/nnenum/vnncomp2025_benchmarks/benchmarks/cora_2024/./onnx/cifar10-trades.onnx,/home/elipregerson/nnenum/vnncomp2025_benchmarks/benchmarks/cora_2024/vnnlib/cifar10-img328.vnnlib,.005997986,error_exit_code_1,.617570489
cora_2024,/home/elipregerson/nnenum/vnncomp2025_benchmarks/benchmarks/cora_2024/./onnx/cifar10-set.onnx,/home/elipregerson/nnenum/vnncomp2025_benchmarks/benchmarks/cora_2024/vnnlib/cifar10-img328.vnnlib,.006045938,error_exit_code_1,.611219993
cora_2024,/home/elipregerson/nnenum/vnncomp2025_benchmarks/benchmarks/cora_2024/./onnx/cifar10-point.onnx,/home/elipregerson/nnenum/vnncomp2025_benchmarks/benchmarks/cora_2024/vnnlib/cifar10-img332.vnnlib,.006029018,error_exit_code_1,.623150671
cora_2024,/home/elipregerson/nnenum/vnncomp2025_benchmarks/benchmarks/cora_2024/./onnx/cifar10-trades.onnx,/home/elipregerson/nnenum/vnncomp2025_benchmarks/benchmarks/cora_2024/vnnlib/cifar10-img332.vnnlib,.006060916,error_exit_code_1,.626193293
cora_2024,/home/elipregerson/nnenum/vnncomp2025_benchmarks/benchmarks/cora_2024/./onnx/cifar10-set.onnx,/home/elipregerson/nnenum/vnncomp2025_benchmarks/benchmarks/cora_2024/vnnlib/cifar10-img332.vnnlib,.006191391,error_exit_code_1,.623658332
cora_2024,/home/elipregerson/nnenum/vnncomp2025_benchmarks/benchmarks/cora_2024/./onnx/cifar10-point.onnx,/home/elipregerson/nnenum/vnncomp2025_benchmarks/benchmarks/cora_2024/vnnlib/cifar10-img339.vnnlib,.006251511,error_exit_code_1,.628213919
cora_2024,/home/elipregerson/nnenum/vnncomp2025_benchmarks/benchmarks/cora_2024/./onnx/cifar10-trades.onnx,/home/elipregerson/nnenum/vnncomp2025_benchmarks/benchmarks/cora_2024/vnnlib/cifar10-img339.vnnlib,.006136105,error_exit_code_1,.624859916
cora_2024,/home/elipregerson/nnenum/vnncomp2025_benchmarks/benchmarks/cora_2024/./onnx/cifar10-set.onnx,/home/elipregerson/nnenum/vnncomp2025_benchmarks/benchmarks/cora_2024/vnnlib/cifar10-img339.vnnlib,.006018360,error_exit_code_1,.617127929
cora_2024,/home/elipregerson/nnenum/vnncomp2025_benchmarks/benchmarks/cora_2024/./onnx/cifar10-point.onnx,/home/elipregerson/nnenum/vnncomp2025_benchmarks/benchmarks/cora_2024/vnnlib/cifar10-img340.vnnlib,.006175276,error_exit_code_1,.614165260
cora_2024,/home/elipregerson/nnenum/vnncomp2025_benchmarks/benchmarks/cora_2024/./onnx/cifar10-trades.onnx,/home/elipregerson/nnenum/vnncomp2025_benchmarks/benchmarks/cora_2024/vnnlib/cifar10-img340.vnnlib,.006059195,error_exit_code_1,.621339068
cora_2024,/home/elipregerson/nnenum/vnncomp2025_benchmarks/benchmarks/cora_2024/./onnx/cifar10-set.onnx,/home/elipregerson/nnenum/vnncomp2025_benchmarks/benchmarks/cora_2024/vnnlib/cifar10-img340.vnnlib,.005951126,error_exit_code_1,.611204196
cora_2024,/home/elipregerson/nnenum/vnncomp2025_benchmarks/benchmarks/cora_2024/./onnx/cifar10-point.onnx,/home/elipregerson/nnenum/vnncomp2025_benchmarks/benchmarks/cora_2024/vnnlib/cifar10-img386.vnnlib,.006212735,error_exit_code_1,.620825584
cora_2024,/home/elipregerson/nnenum/vnncomp2025_benchmarks/benchmarks/cora_2024/./onnx/cifar10-trades.onnx,/home/elipregerson/nnenum/vnncomp2025_benchmarks/benchmarks/cora_2024/vnnlib/cifar10-img386.vnnlib,.006066412,error_exit_code_1,.619471107
cora_2024,/home/elipregerson/nnenum/vnncomp2025_benchmarks/benchmarks/cora_2024/./onnx/cifar10-set.onnx,/home/elipregerson/nnenum/vnncomp2025_benchmarks/benchmarks/cora_2024/vnnlib/cifar10-img386.vnnlib,.005881784,error_exit_code_1,.612982987
cora_2024,/home/elipregerson/nnenum/vnncomp2025_benchmarks/benchmarks/cora_2024/./onnx/cifar10-point.onnx,/home/elipregerson/nnenum/vnncomp2025_benchmarks/benchmarks/cora_2024/vnnlib/cifar10-img398.vnnlib,.006092313,error_exit_code_1,.625537721
cora_2024,/home/elipregerson/nnenum/vnncomp2025_benchmarks/benchmarks/cora_2024/./onnx/cifar10-trades.onnx,/home/elipregerson/nnenum/vnncomp2025_benchmarks/benchmarks/cora_2024/vnnlib/cifar10-img398.vnnlib,.006252822,error_exit_code_1,.616479891
cora_2024,/home/elipregerson/nnenum/vnncomp2025_benchmarks/benchmarks/cora_2024/./onnx/cifar10-set.onnx,/home/elipregerson/nnenum/vnncomp2025_benchmarks/benchmarks/cora_2024/vnnlib/cifar10-img398.vnnlib,.005960203,error_exit_code_1,.622370828
cora_2024,/home/elipregerson/nnenum/vnncomp2025_benchmarks/benchmarks/cora_2024/./onnx/cifar10-point.onnx,/home/elipregerson/nnenum/vnncomp2025_benchmarks/benchmarks/cora_2024/vnnlib/cifar10-img440.vnnlib,.005809084,error_exit_code_1,.623665211
cora_2024,/home/elipregerson/nnenum/vnncomp2025_benchmarks/benchmarks/cora_2024/./onnx/cifar10-trades.onnx,/home/elipregerson/nnenum/vnncomp2025_benchmarks/benchmarks/cora_2024/vnnlib/cifar10-img440.vnnlib,.006306855,error_exit_code_1,.629926367
cora_2024,/home/elipregerson/nnenum/vnncomp2025_benchmarks/benchmarks/cora_2024/./onnx/cifar10-set.onnx,/home/elipregerson/nnenum/vnncomp2025_benchmarks/benchmarks/cora_2024/vnnlib/cifar10-img440.vnnlib,.006023704,error_exit_code_1,.633212642
cora_2024,/home/elipregerson/nnenum/vnncomp2025_benchmarks/benchmarks/cora_2024/./onnx/cifar10-point.onnx,/home/elipregerson/nnenum/vnncomp2025_benchmarks/benchmarks/cora_2024/vnnlib/cifar10-img479.vnnlib,.006047498,error_exit_code_1,.623670614
cora_2024,/home/elipregerson/nnenum/vnncomp2025_benchmarks/benchmarks/cora_2024/./onnx/cifar10-trades.onnx,/home/elipregerson/nnenum/vnncomp2025_benchmarks/benchmarks/cora_2024/vnnlib/cifar10-img479.vnnlib,.005947974,error_exit_code_1,.617505300
cora_2024,/home/elipregerson/nnenum/vnncomp2025_benchmarks/benchmarks/cora_2024/./onnx/cifar10-set.onnx,/home/elipregerson/nnenum/vnncomp2025_benchmarks/benchmarks/cora_2024/vnnlib/cifar10-img479.vnnlib,.006121861,error_exit_code_1,.609839324
cora_2024,/home/elipregerson/nnenum/vnncomp2025_benchmarks/benchmarks/test/onnx/test_nano.onnx,/home/elipregerson/nnenum/vnncomp2025_benchmarks/benchmarks/test/vnnlib/test_nano.vnnlib,.006139323,error_exit_code_1,.521919117
dist_shift_2023,/home/elipregerson/nnenum/vnncomp2025_benchmarks/benchmarks/dist_shift_2023/./onnx/mnist_concat.onnx,/home/elipregerson/nnenum/vnncomp2025_benchmarks/benchmarks/dist_shift_2023/./vnnlib/index7901_delta0.13.vnnlib,.005990266,error_exit_code_1,.533744083
dist_shift_2023,/home/elipregerson/nnenum/vnncomp2025_benchmarks/benchmarks/dist_shift_2023/./onnx/mnist_concat.onnx,/home/elipregerson/nnenum/vnncomp2025_benchmarks/benchmarks/dist_shift_2023/./vnnlib/index6323_delta0.13.vnnlib,.006021708,error_exit_code_1,.538645158
dist_shift_2023,/home/elipregerson/nnenum/vnncomp2025_benchmarks/benchmarks/dist_shift_2023/./onnx/mnist_concat.onnx,/home/elipregerson/nnenum/vnncomp2025_benchmarks/benchmarks/dist_shift_2023/./vnnlib/index7027_delta0.13.vnnlib,.005983971,error_exit_code_1,.545759654
dist_shift_2023,/home/elipregerson/nnenum/vnncomp2025_benchmarks/benchmarks/dist_shift_2023/./onnx/mnist_concat.onnx,/home/elipregerson/nnenum/vnncomp2025_benchmarks/benchmarks/dist_shift_2023/./vnnlib/index7116_delta0.13.vnnlib,.006036195,error_exit_code_1,.551607894
dist_shift_2023,/home/elipregerson/nnenum/vnncomp2025_benchmarks/benchmarks/dist_shift_2023/./onnx/mnist_concat.onnx,/home/elipregerson/nnenum/vnncomp2025_benchmarks/benchmarks/dist_shift_2023/./vnnlib/index1373_delta0.13.vnnlib,.006105697,error_exit_code_1,.549685928
dist_shift_2023,/home/elipregerson/nnenum/vnncomp2025_benchmarks/benchmarks/dist_shift_2023/./onnx/mnist_concat.onnx,/home/elipregerson/nnenum/vnncomp2025_benchmarks/benchmarks/dist_shift_2023/./vnnlib/index6957_delta0.13.vnnlib,.006094302,error_exit_code_1,.547913243
dist_shift_2023,/home/elipregerson/nnenum/vnncomp2025_benchmarks/benchmarks/dist_shift_2023/./onnx/mnist_concat.onnx,/home/elipregerson/nnenum/vnncomp2025_benchmarks/benchmarks/dist_shift_2023/./vnnlib/index365_delta0.13.vnnlib,.006245204,error_exit_code_1,.561738680
dist_shift_2023,/home/elipregerson/nnenum/vnncomp2025_benchmarks/benchmarks/dist_shift_2023/./onnx/mnist_concat.onnx,/home/elipregerson/nnenum/vnncomp2025_benchmarks/benchmarks/dist_shift_2023/./vnnlib/index8900_delta0.13.vnnlib,.006129673,error_exit_code_1,.548785763
dist_shift_2023,/home/elipregerson/nnenum/vnncomp2025_benchmarks/benchmarks/dist_shift_2023/./onnx/mnist_concat.onnx,/home/elipregerson/nnenum/vnncomp2025_benchmarks/benchmarks/dist_shift_2023/./vnnlib/index9733_delta0.13.vnnlib,.006134929,error_exit_code_1,.542070853
dist_shift_2023,/home/elipregerson/nnenum/vnncomp2025_benchmarks/benchmarks/dist_shift_2023/./onnx/mnist_concat.onnx,/home/elipregerson/nnenum/vnncomp2025_benchmarks/benchmarks/dist_shift_2023/./vnnlib/index9154_delta0.13.vnnlib,.005983915,error_exit_code_1,.541078799
dist_shift_2023,/home/elipregerson/nnenum/vnncomp2025_benchmarks/benchmarks/dist_shift_2023/./onnx/mnist_concat.onnx,/home/elipregerson/nnenum/vnncomp2025_benchmarks/benchmarks/dist_shift_2023/./vnnlib/index5938_delta0.13.vnnlib,.006124120,error_exit_code_1,.570093143
dist_shift_2023,/home/elipregerson/nnenum/vnncomp2025_benchmarks/benchmarks/dist_shift_2023/./onnx/mnist_concat.onnx,/home/elipregerson/nnenum/vnncomp2025_benchmarks/benchmarks/dist_shift_2023/./vnnlib/index8964_delta0.13.vnnlib,.005941888,error_exit_code_1,.569827421
dist_shift_2023,/home/elipregerson/nnenum/vnncomp2025_benchmarks/benchmarks/dist_shift_2023/./onnx/mnist_concat.onnx,/home/elipregerson/nnenum/vnncomp2025_benchmarks/benchmarks/dist_shift_2023/./vnnlib/index4665_delta0.13.vnnlib,.006017825,error_exit_code_1,.540644821
dist_shift_2023,/home/elipregerson/nnenum/vnncomp2025_benchmarks/benchmarks/dist_shift_2023/./onnx/mnist_concat.onnx,/home/elipregerson/nnenum/vnncomp2025_benchmarks/benchmarks/dist_shift_2023/./vnnlib/index2204_delta0.13.vnnlib,.006062515,error_exit_code_1,.564105818
dist_shift_2023,/home/elipregerson/nnenum/vnncomp2025_benchmarks/benchmarks/dist_shift_2023/./onnx/mnist_concat.onnx,/home/elipregerson/nnenum/vnncomp2025_benchmarks/benchmarks/dist_shift_2023/./vnnlib/index6405_delta0.13.vnnlib,.006028744,error_exit_code_1,.553303429
dist_shift_2023,/home/elipregerson/nnenum/vnncomp2025_benchmarks/benchmarks/dist_shift_2023/./onnx/mnist_concat.onnx,/home/elipregerson/nnenum/vnncomp2025_benchmarks/benchmarks/dist_shift_2023/./vnnlib/index4739_delta0.13.vnnlib,.005936991,error_exit_code_1,.561109208
dist_shift_2023,/home/elipregerson/nnenum/vnncomp2025_benchmarks/benchmarks/dist_shift_2023/./onnx/mnist_concat.onnx,/home/elipregerson/nnenum/vnncomp2025_benchmarks/benchmarks/dist_shift_2023/./vnnlib/index5291_delta0.13.vnnlib,.005962721,error_exit_code_1,.566942616
dist_shift_2023,/home/elipregerson/nnenum/vnncomp2025_benchmarks/benchmarks/dist_shift_2023/./onnx/mnist_concat.onnx,/home/elipregerson/nnenum/vnncomp2025_benchmarks/benchmarks/dist_shift_2023/./vnnlib/index5206_delta0.13.vnnlib,.006029807,error_exit_code_1,.562145804
dist_shift_2023,/home/elipregerson/nnenum/vnncomp2025_benchmarks/benchmarks/dist_shift_2023/./onnx/mnist_concat.onnx,/home/elipregerson/nnenum/vnncomp2025_benchmarks/benchmarks/dist_shift_2023/./vnnlib/index7329_delta0.13.vnnlib,.006077928,error_exit_code_1,.569374802
dist_shift_2023,/home/elipregerson/nnenum/vnncomp2025_benchmarks/benchmarks/dist_shift_2023/./onnx/mnist_concat.onnx,/home/elipregerson/nnenum/vnncomp2025_benchmarks/benchmarks/dist_shift_2023/./vnnlib/index292_delta0.13.vnnlib,.006123304,error_exit_code_1,.535941519
dist_shift_2023,/home/elipregerson/nnenum/vnncomp2025_benchmarks/benchmarks/dist_shift_2023/./onnx/mnist_concat.onnx,/home/elipregerson/nnenum/vnncomp2025_benchmarks/benchmarks/dist_shift_2023/./vnnlib/index1282_delta0.13.vnnlib,.005980365,error_exit_code_1,.534814012
dist_shift_2023,/home/elipregerson/nnenum/vnncomp2025_benchmarks/benchmarks/dist_shift_2023/./onnx/mnist_concat.onnx,/home/elipregerson/nnenum/vnncomp2025_benchmarks/benchmarks/dist_shift_2023/./vnnlib/index2251_delta0.13.vnnlib,.006113377,error_exit_code_1,.536877659
dist_shift_2023,/home/elipregerson/nnenum/vnncomp2025_benchmarks/benchmarks/dist_shift_2023/./onnx/mnist_concat.onnx,/home/elipregerson/nnenum/vnncomp2025_benchmarks/benchmarks/dist_shift_2023/./vnnlib/index1921_delta0.13.vnnlib,.006028699,error_exit_code_1,.531246362
dist_shift_2023,/home/elipregerson/nnenum/vnncomp2025_benchmarks/benchmarks/dist_shift_2023/./onnx/mnist_concat.onnx,/home/elipregerson/nnenum/vnncomp2025_benchmarks/benchmarks/dist_shift_2023/./vnnlib/index1285_delta0.13.vnnlib,.006186997,error_exit_code_1,.531068307
dist_shift_2023,/home/elipregerson/nnenum/vnncomp2025_benchmarks/benchmarks/dist_shift_2023/./onnx/mnist_concat.onnx,/home/elipregerson/nnenum/vnncomp2025_benchmarks/benchmarks/dist_shift_2023/./vnnlib/index9211_delta0.13.vnnlib,.005943571,error_exit_code_1,.548415854
dist_shift_2023,/home/elipregerson/nnenum/vnncomp2025_benchmarks/benchmarks/dist_shift_2023/./onnx/mnist_concat.onnx,/home/elipregerson/nnenum/vnncomp2025_benchmarks/benchmarks/dist_shift_2023/./vnnlib/index1159_delta0.13.vnnlib,.006112498,error_exit_code_1,.554153033
dist_shift_2023,/home/elipregerson/nnenum/vnncomp2025_benchmarks/benchmarks/dist_shift_2023/./onnx/mnist_concat.onnx,/home/elipregerson/nnenum/vnncomp2025_benchmarks/benchmarks/dist_shift_2023/./vnnlib/index4901_delta0.13.vnnlib,.005956425,error_exit_code_1,.579304209
dist_shift_2023,/home/elipregerson/nnenum/vnncomp2025_benchmarks/benchmarks/dist_shift_2023/./onnx/mnist_concat.onnx,/home/elipregerson/nnenum/vnncomp2025_benchmarks/benchmarks/dist_shift_2023/./vnnlib/index1662_delta0.13.vnnlib,.006006047,error_exit_code_1,.568386877
dist_shift_2023,/home/elipregerson/nnenum/vnncomp2025_benchmarks/benchmarks/dist_shift_2023/./onnx/mnist_concat.onnx,/home/elipregerson/nnenum/vnncomp2025_benchmarks/benchmarks/dist_shift_2023/./vnnlib/index7606_delta0.13.vnnlib,.006291250,error_exit_code_1,.540573113
dist_shift_2023,/home/elipregerson/nnenum/vnncomp2025_benchmarks/benchmarks/dist_shift_2023/./onnx/mnist_concat.onnx,/home/elipregerson/nnenum/vnncomp2025_benchmarks/benchmarks/dist_shift_2023/./vnnlib/index1537_delta0.13.vnnlib,.006343199,error_exit_code_1,.554993509
dist_shift_2023,/home/elipregerson/nnenum/vnncomp2025_benchmarks/benchmarks/dist_shift_2023/./onnx/mnist_concat.onnx,/home/elipregerson/nnenum/vnncomp2025_benchmarks/benchmarks/dist_shift_2023/./vnnlib/index3863_delta0.13.vnnlib,.005941316,error_exit_code_1,.544771012
dist_shift_2023,/home/elipregerson/nnenum/vnncomp2025_benchmarks/benchmarks/dist_shift_2023/./onnx/mnist_concat.onnx,/home/elipregerson/nnenum/vnncomp2025_benchmarks/benchmarks/dist_shift_2023/./vnnlib/index6792_delta0.13.vnnlib,.005942756,error_exit_code_1,.558903788
dist_shift_2023,/home/elipregerson/nnenum/vnncomp2025_benchmarks/benchmarks/dist_shift_2023/./onnx/mnist_concat.onnx,/home/elipregerson/nnenum/vnncomp2025_benchmarks/benchmarks/dist_shift_2023/./vnnlib/index2481_delta0.13.vnnlib,.006036613,error_exit_code_1,.553776530
dist_shift_2023,/home/elipregerson/nnenum/vnncomp2025_benchmarks/benchmarks/dist_shift_2023/./onnx/mnist_concat.onnx,/home/elipregerson/nnenum/vnncomp2025_benchmarks/benchmarks/dist_shift_2023/./vnnlib/index9027_delta0.13.vnnlib,.006072698,error_exit_code_1,.539391817
dist_shift_2023,/home/elipregerson/nnenum/vnncomp2025_benchmarks/benchmarks/dist_shift_2023/./onnx/mnist_concat.onnx,/home/elipregerson/nnenum/vnncomp2025_benchmarks/benchmarks/dist_shift_2023/./vnnlib/index6136_delta0.13.vnnlib,.005959718,error_exit_code_1,.558124186
dist_shift_2023,/home/elipregerson/nnenum/vnncomp2025_benchmarks/benchmarks/dist_shift_2023/./onnx/mnist_concat.onnx,/home/elipregerson/nnenum/vnncomp2025_benchmarks/benchmarks/dist_shift_2023/./vnnlib/index4799_delta0.13.vnnlib,.006193029,error_exit_code_1,.559125355
dist_shift_2023,/home/elipregerson/nnenum/vnncomp2025_benchmarks/benchmarks/dist_shift_2023/./onnx/mnist_concat.onnx,/home/elipregerson/nnenum/vnncomp2025_benchmarks/benchmarks/dist_shift_2023/./vnnlib/index3444_delta0.13.vnnlib,.006168252,error_exit_code_1,.552361131
dist_shift_2023,/home/elipregerson/nnenum/vnncomp2025_benchmarks/benchmarks/dist_shift_2023/./onnx/mnist_concat.onnx,/home/elipregerson/nnenum/vnncomp2025_benchmarks/benchmarks/dist_shift_2023/./vnnlib/index5328_delta0.13.vnnlib,.006164183,error_exit_code_1,.545617072
dist_shift_2023,/home/elipregerson/nnenum/vnncomp2025_benchmarks/benchmarks/dist_shift_2023/./onnx/mnist_concat.onnx,/home/elipregerson/nnenum/vnncomp2025_benchmarks/benchmarks/dist_shift_2023/./vnnlib/index1031_delta0.13.vnnlib,.006177267,error_exit_code_1,.538882043
dist_shift_2023,/home/elipregerson/nnenum/vnncomp2025_benchmarks/benchmarks/dist_shift_2023/./onnx/mnist_concat.onnx,/home/elipregerson/nnenum/vnncomp2025_benchmarks/benchmarks/dist_shift_2023/./vnnlib/index3401_delta0.13.vnnlib,.006051218,error_exit_code_1,.560397830
dist_shift_2023,/home/elipregerson/nnenum/vnncomp2025_benchmarks/benchmarks/dist_shift_2023/./onnx/mnist_concat.onnx,/home/elipregerson/nnenum/vnncomp2025_benchmarks/benchmarks/dist_shift_2023/./vnnlib/index9101_delta0.13.vnnlib,.005979249,error_exit_code_1,.547956951
dist_shift_2023,/home/elipregerson/nnenum/vnncomp2025_benchmarks/benchmarks/dist_shift_2023/./onnx/mnist_concat.onnx,/home/elipregerson/nnenum/vnncomp2025_benchmarks/benchmarks/dist_shift_2023/./vnnlib/index7109_delta0.13.vnnlib,.009544616,error_exit_code_1,.573172397
dist_shift_2023,/home/elipregerson/nnenum/vnncomp2025_benchmarks/benchmarks/dist_shift_2023/./onnx/mnist_concat.onnx,/home/elipregerson/nnenum/vnncomp2025_benchmarks/benchmarks/dist_shift_2023/./vnnlib/index4312_delta0.13.vnnlib,.006181805,error_exit_code_1,.554130506
dist_shift_2023,/home/elipregerson/nnenum/vnncomp2025_benchmarks/benchmarks/dist_shift_2023/./onnx/mnist_concat.onnx,/home/elipregerson/nnenum/vnncomp2025_benchmarks/benchmarks/dist_shift_2023/./vnnlib/index9203_delta0.13.vnnlib,.006117089,error_exit_code_1,.553584961
dist_shift_2023,/home/elipregerson/nnenum/vnncomp2025_benchmarks/benchmarks/dist_shift_2023/./onnx/mnist_concat.onnx,/home/elipregerson/nnenum/vnncomp2025_benchmarks/benchmarks/dist_shift_2023/./vnnlib/index1929_delta0.13.vnnlib,.006177522,error_exit_code_1,.552009479
dist_shift_2023,/home/elipregerson/nnenum/vnncomp2025_benchmarks/benchmarks/dist_shift_2023/./onnx/mnist_concat.onnx,/home/elipregerson/nnenum/vnncomp2025_benchmarks/benchmarks/dist_shift_2023/./vnnlib/index6217_delta0.13.vnnlib,.006111291,error_exit_code_1,.538600008
dist_shift_2023,/home/elipregerson/nnenum/vnncomp2025_benchmarks/benchmarks/dist_shift_2023/./onnx/mnist_concat.onnx,/home/elipregerson/nnenum/vnncomp2025_benchmarks/benchmarks/dist_shift_2023/./vnnlib/index4272_delta0.13.vnnlib,.006062963,error_exit_code_1,.540904706
dist_shift_2023,/home/elipregerson/nnenum/vnncomp2025_benchmarks/benchmarks/dist_shift_2023/./onnx/mnist_concat.onnx,/home/elipregerson/nnenum/vnncomp2025_benchmarks/benchmarks/dist_shift_2023/./vnnlib/index316_delta0.13.vnnlib,.006295272,error_exit_code_1,.547702521
dist_shift_2023,/home/elipregerson/nnenum/vnncomp2025_benchmarks/benchmarks/dist_shift_2023/./onnx/mnist_concat.onnx,/home/elipregerson/nnenum/vnncomp2025_benchmarks/benchmarks/dist_shift_2023/./vnnlib/index2750_delta0.13.vnnlib,.005883013,error_exit_code_1,.533286287
dist_shift_2023,/home/elipregerson/nnenum/vnncomp2025_benchmarks/benchmarks/dist_shift_2023/./onnx/mnist_concat.onnx,/home/elipregerson/nnenum/vnncomp2025_benchmarks/benchmarks/dist_shift_2023/./vnnlib/index7336_delta0.13.vnnlib,.006059396,error_exit_code_1,.533460350
dist_shift_2023,/home/elipregerson/nnenum/vnncomp2025_benchmarks/benchmarks/dist_shift_2023/./onnx/mnist_concat.onnx,/home/elipregerson/nnenum/vnncomp2025_benchmarks/benchmarks/dist_shift_2023/./vnnlib/index1453_delta0.13.vnnlib,.005956320,error_exit_code_1,.546277281
dist_shift_2023,/home/elipregerson/nnenum/vnncomp2025_benchmarks/benchmarks/dist_shift_2023/./onnx/mnist_concat.onnx,/home/elipregerson/nnenum/vnncomp2025_benchmarks/benchmarks/dist_shift_2023/./vnnlib/index112_delta0.13.vnnlib,.005984399,error_exit_code_1,.540192337
dist_shift_2023,/home/elipregerson/nnenum/vnncomp2025_benchmarks/benchmarks/dist_shift_2023/./onnx/mnist_concat.onnx,/home/elipregerson/nnenum/vnncomp2025_benchmarks/benchmarks/dist_shift_2023/./vnnlib/index6936_delta0.13.vnnlib,.006288413,error_exit_code_1,.579812403
dist_shift_2023,/home/elipregerson/nnenum/vnncomp2025_benchmarks/benchmarks/dist_shift_2023/./onnx/mnist_concat.onnx,/home/elipregerson/nnenum/vnncomp2025_benchmarks/benchmarks/dist_shift_2023/./vnnlib/index6574_delta0.13.vnnlib,.006194554,error_exit_code_1,.553879979
dist_shift_2023,/home/elipregerson/nnenum/vnncomp2025_benchmarks/benchmarks/dist_shift_2023/./onnx/mnist_concat.onnx,/home/elipregerson/nnenum/vnncomp2025_benchmarks/benchmarks/dist_shift_2023/./vnnlib/index7281_delta0.13.vnnlib,.006099416,error_exit_code_1,.559246470
dist_shift_2023,/home/elipregerson/nnenum/vnncomp2025_benchmarks/benchmarks/dist_shift_2023/./onnx/mnist_concat.onnx,/home/elipregerson/nnenum/vnncomp2025_benchmarks/benchmarks/dist_shift_2023/./vnnlib/index6551_delta0.13.vnnlib,.006210545,error_exit_code_1,.556242662
dist_shift_2023,/home/elipregerson/nnenum/vnncomp2025_benchmarks/benchmarks/dist_shift_2023/./onnx/mnist_concat.onnx,/home/elipregerson/nnenum/vnncomp2025_benchmarks/benchmarks/dist_shift_2023/./vnnlib/index6412_delta0.13.vnnlib,.005985717,error_exit_code_1,.555379872
dist_shift_2023,/home/elipregerson/nnenum/vnncomp2025_benchmarks/benchmarks/dist_shift_2023/./onnx/mnist_concat.onnx,/home/elipregerson/nnenum/vnncomp2025_benchmarks/benchmarks/dist_shift_2023/./vnnlib/index3552_delta0.13.vnnlib,.006053711,error_exit_code_1,.539672809
dist_shift_2023,/home/elipregerson/nnenum/vnncomp2025_benchmarks/benchmarks/dist_shift_2023/./onnx/mnist_concat.onnx,/home/elipregerson/nnenum/vnncomp2025_benchmarks/benchmarks/dist_shift_2023/./vnnlib/index3805_delta0.13.vnnlib,.005981907,error_exit_code_1,.556726714
dist_shift_2023,/home/elipregerson/nnenum/vnncomp2025_benchmarks/benchmarks/dist_shift_2023/./onnx/mnist_concat.onnx,/home/elipregerson/nnenum/vnncomp2025_benchmarks/benchmarks/dist_shift_2023/./vnnlib/index668_delta0.13.vnnlib,.005948519,error_exit_code_1,.554130597
dist_shift_2023,/home/elipregerson/nnenum/vnncomp2025_benchmarks/benchmarks/dist_shift_2023/./onnx/mnist_concat.onnx,/home/elipregerson/nnenum/vnncomp2025_benchmarks/benchmarks/dist_shift_2023/./vnnlib/index7175_delta0.13.vnnlib,.006216544,error_exit_code_1,.545170736
dist_shift_2023,/home/elipregerson/nnenum/vnncomp2025_benchmarks/benchmarks/dist_shift_2023/./onnx/mnist_concat.onnx,/home/elipregerson/nnenum/vnncomp2025_benchmarks/benchmarks/dist_shift_2023/./vnnlib/index4286_delta0.13.vnnlib,.006111151,error_exit_code_1,.535077669
dist_shift_2023,/home/elipregerson/nnenum/vnncomp2025_benchmarks/benchmarks/dist_shift_2023/./onnx/mnist_concat.onnx,/home/elipregerson/nnenum/vnncomp2025_benchmarks/benchmarks/dist_shift_2023/./vnnlib/index5385_delta0.13.vnnlib,.006151844,error_exit_code_1,.536717874
dist_shift_2023,/home/elipregerson/nnenum/vnncomp2025_benchmarks/benchmarks/dist_shift_2023/./onnx/mnist_concat.onnx,/home/elipregerson/nnenum/vnncomp2025_benchmarks/benchmarks/dist_shift_2023/./vnnlib/index5391_delta0.13.vnnlib,.006220226,error_exit_code_1,.545129632
dist_shift_2023,/home/elipregerson/nnenum/vnncomp2025_benchmarks/benchmarks/dist_shift_2023/./onnx/mnist_concat.onnx,/home/elipregerson/nnenum/vnncomp2025_benchmarks/benchmarks/dist_shift_2023/./vnnlib/index6354_delta0.13.vnnlib,.006052309,error_exit_code_1,.555901816
dist_shift_2023,/home/elipregerson/nnenum/vnncomp2025_benchmarks/benchmarks/dist_shift_2023/./onnx/mnist_concat.onnx,/home/elipregerson/nnenum/vnncomp2025_benchmarks/benchmarks/dist_shift_2023/./vnnlib/index5020_delta0.13.vnnlib,.006004226,error_exit_code_1,.565430887
dist_shift_2023,/home/elipregerson/nnenum/vnncomp2025_benchmarks/benchmarks/dist_shift_2023/./onnx/mnist_concat.onnx,/home/elipregerson/nnenum/vnncomp2025_benchmarks/benchmarks/dist_shift_2023/./vnnlib/index7106_delta0.13.vnnlib,.006120260,error_exit_code_1,.537661587
dist_shift_2023,/home/elipregerson/nnenum/vnncomp2025_benchmarks/benchmarks/dist_shift_2023/./onnx/mnist_concat.onnx,/home/elipregerson/nnenum/vnncomp2025_benchmarks/benchmarks/dist_shift_2023/./vnnlib/index4148_delta0.13.vnnlib,.006047083,error_exit_code_1,.555531322
dist_shift_2023,/home/elipregerson/nnenum/vnncomp2025_benchmarks/benchmarks/dist_shift_2023/./onnx/mnist_concat.onnx,/home/elipregerson/nnenum/vnncomp2025_benchmarks/benchmarks/dist_shift_2023/./vnnlib/index6199_delta0.13.vnnlib,.006036078,error_exit_code_1,.560720171
dist_shift_2023,/home/elipregerson/nnenum/vnncomp2025_benchmarks/benchmarks/dist_shift_2023/./onnx/mnist_concat.onnx,/home/elipregerson/nnenum/vnncomp2025_benchmarks/benchmarks/dist_shift_2023/./vnnlib/index7534_delta0.13.vnnlib,.006015936,error_exit_code_1,.560651810
dist_shift_2023,/home/elipregerson/nnenum/vnncomp2025_benchmarks/benchmarks/dist_shift_2023/./onnx/mnist_concat.onnx,/home/elipregerson/nnenum/vnncomp2025_benchmarks/benchmarks/dist_shift_2023/./vnnlib/index9021_delta0.13.vnnlib,.006120829,error_exit_code_1,.557923729
dist_shift_2023,/home/elipregerson/nnenum/vnncomp2025_benchmarks/benchmarks/dist_shift_2023/./onnx/mnist_concat.onnx,/home/elipregerson/nnenum/vnncomp2025_benchmarks/benchmarks/dist_shift_2023/./vnnlib/index6107_delta0.13.vnnlib,.006031248,error_exit_code_1,.546413417
dist_shift_2023,/home/elipregerson/nnenum/vnncomp2025_benchmarks/benchmarks/test/onnx/test_nano.onnx,/home/elipregerson/nnenum/vnncomp2025_benchmarks/benchmarks/test/vnnlib/test_nano.vnnlib,.006036971,error_exit_code_1,.514732533
linearizenn_2024,/home/elipregerson/nnenum/vnncomp2025_benchmarks/benchmarks/linearizenn_2024/onnx/AllInOne_10_10.onnx,/home/elipregerson/nnenum/vnncomp2025_benchmarks/benchmarks/linearizenn_2024/vnnlib/prop_10_10.vnnlib,.005948353,sat,.883662333
linearizenn_2024,/home/elipregerson/nnenum/vnncomp2025_benchmarks/benchmarks/linearizenn_2024/onnx/AllInOne_10_10.onnx,/home/elipregerson/nnenum/vnncomp2025_benchmarks/benchmarks/linearizenn_2024/vnnlib/prop_10_10_0.vnnlib,.006182727,unsat,.779403223
linearizenn_2024,/home/elipregerson/nnenum/vnncomp2025_benchmarks/benchmarks/linearizenn_2024/onnx/AllInOne_10_10.onnx,/home/elipregerson/nnenum/vnncomp2025_benchmarks/benchmarks/linearizenn_2024/vnnlib/prop_10_10_1.vnnlib,.006030555,unsat,.775589234
linearizenn_2024,/home/elipregerson/nnenum/vnncomp2025_benchmarks/benchmarks/linearizenn_2024/onnx/AllInOne_10_10.onnx,/home/elipregerson/nnenum/vnncomp2025_benchmarks/benchmarks/linearizenn_2024/vnnlib/prop_10_10_2.vnnlib,.006078332,unsat,.774246555
linearizenn_2024,/home/elipregerson/nnenum/vnncomp2025_benchmarks/benchmarks/linearizenn_2024/onnx/AllInOne_10_10.onnx,/home/elipregerson/nnenum/vnncomp2025_benchmarks/benchmarks/linearizenn_2024/vnnlib/prop_10_10_3.vnnlib,.006066981,unsat,.764429516
linearizenn_2024,/home/elipregerson/nnenum/vnncomp2025_benchmarks/benchmarks/linearizenn_2024/onnx/AllInOne_10_10.onnx,/home/elipregerson/nnenum/vnncomp2025_benchmarks/benchmarks/linearizenn_2024/vnnlib/prop_10_10_4.vnnlib,.006031368,unsat,.775360192
linearizenn_2024,/home/elipregerson/nnenum/vnncomp2025_benchmarks/benchmarks/linearizenn_2024/onnx/AllInOne_30_30.onnx,/home/elipregerson/nnenum/vnncomp2025_benchmarks/benchmarks/linearizenn_2024/vnnlib/prop_30_30.vnnlib,.006017468,unsat,1.305180033
linearizenn_2024,/home/elipregerson/nnenum/vnncomp2025_benchmarks/benchmarks/linearizenn_2024/onnx/AllInOne_30_30.onnx,/home/elipregerson/nnenum/vnncomp2025_benchmarks/benchmarks/linearizenn_2024/vnnlib/prop_30_30_0.vnnlib,.005991464,unsat,.960906286
linearizenn_2024,/home/elipregerson/nnenum/vnncomp2025_benchmarks/benchmarks/linearizenn_2024/onnx/AllInOne_30_30.onnx,/home/elipregerson/nnenum/vnncomp2025_benchmarks/benchmarks/linearizenn_2024/vnnlib/prop_30_30_1.vnnlib,.006166713,unsat,.879916626
linearizenn_2024,/home/elipregerson/nnenum/vnncomp2025_benchmarks/benchmarks/linearizenn_2024/onnx/AllInOne_30_30.onnx,/home/elipregerson/nnenum/vnncomp2025_benchmarks/benchmarks/linearizenn_2024/vnnlib/prop_30_30_2.vnnlib,.005963689,unsat,.988616368
linearizenn_2024,/home/elipregerson/nnenum/vnncomp2025_benchmarks/benchmarks/linearizenn_2024/onnx/AllInOne_30_30.onnx,/home/elipregerson/nnenum/vnncomp2025_benchmarks/benchmarks/linearizenn_2024/vnnlib/prop_30_30_3.vnnlib,.006003513,unsat,1.026749978
linearizenn_2024,/home/elipregerson/nnenum/vnncomp2025_benchmarks/benchmarks/linearizenn_2024/onnx/AllInOne_30_30.onnx,/home/elipregerson/nnenum/vnncomp2025_benchmarks/benchmarks/linearizenn_2024/vnnlib/prop_30_30_4.vnnlib,.006040024,unsat,.967549877
linearizenn_2024,/home/elipregerson/nnenum/vnncomp2025_benchmarks/benchmarks/linearizenn_2024/onnx/AllInOne_30_80.onnx,/home/elipregerson/nnenum/vnncomp2025_benchmarks/benchmarks/linearizenn_2024/vnnlib/prop_30_80.vnnlib,.005828643,unsat,4.793280074
linearizenn_2024,/home/elipregerson/nnenum/vnncomp2025_benchmarks/benchmarks/linearizenn_2024/onnx/AllInOne_30_80.onnx,/home/elipregerson/nnenum/vnncomp2025_benchmarks/benchmarks/linearizenn_2024/vnnlib/prop_30_80_0.vnnlib,.011005345,unsat,3.078482246
linearizenn_2024,/home/elipregerson/nnenum/vnncomp2025_benchmarks/benchmarks/linearizenn_2024/onnx/AllInOne_30_80.onnx,/home/elipregerson/nnenum/vnncomp2025_benchmarks/benchmarks/linearizenn_2024/vnnlib/prop_30_80_1.vnnlib,.006009402,unsat,2.537057489
linearizenn_2024,/home/elipregerson/nnenum/vnncomp2025_benchmarks/benchmarks/linearizenn_2024/onnx/AllInOne_30_80.onnx,/home/elipregerson/nnenum/vnncomp2025_benchmarks/benchmarks/linearizenn_2024/vnnlib/prop_30_80_2.vnnlib,.006072794,unsat,2.090261535
linearizenn_2024,/home/elipregerson/nnenum/vnncomp2025_benchmarks/benchmarks/linearizenn_2024/onnx/AllInOne_30_80.onnx,/home/elipregerson/nnenum/vnncomp2025_benchmarks/benchmarks/linearizenn_2024/vnnlib/prop_30_80_3.vnnlib,.006040243,unsat,2.066279229
linearizenn_2024,/home/elipregerson/nnenum/vnncomp2025_benchmarks/benchmarks/linearizenn_2024/onnx/AllInOne_30_80.onnx,/home/elipregerson/nnenum/vnncomp2025_benchmarks/benchmarks/linearizenn_2024/vnnlib/prop_30_80_4.vnnlib,.005920153,unsat,1.889606831
linearizenn_2024,/home/elipregerson/nnenum/vnncomp2025_benchmarks/benchmarks/linearizenn_2024/onnx/AllInOne_50_50.onnx,/home/elipregerson/nnenum/vnncomp2025_benchmarks/benchmarks/linearizenn_2024/vnnlib/prop_50_50.vnnlib,.006094615,unsat,2.344252995
linearizenn_2024,/home/elipregerson/nnenum/vnncomp2025_benchmarks/benchmarks/linearizenn_2024/onnx/AllInOne_50_50.onnx,/home/elipregerson/nnenum/vnncomp2025_benchmarks/benchmarks/linearizenn_2024/vnnlib/prop_50_50_0.vnnlib,.006084889,unsat,1.431377267
linearizenn_2024,/home/elipregerson/nnenum/vnncomp2025_benchmarks/benchmarks/linearizenn_2024/onnx/AllInOne_50_50.onnx,/home/elipregerson/nnenum/vnncomp2025_benchmarks/benchmarks/linearizenn_2024/vnnlib/prop_50_50_1.vnnlib,.006345805,unsat,1.312968169
linearizenn_2024,/home/elipregerson/nnenum/vnncomp2025_benchmarks/benchmarks/linearizenn_2024/onnx/AllInOne_50_50.onnx,/home/elipregerson/nnenum/vnncomp2025_benchmarks/benchmarks/linearizenn_2024/vnnlib/prop_50_50_2.vnnlib,.006252767,unsat,1.509958575
linearizenn_2024,/home/elipregerson/nnenum/vnncomp2025_benchmarks/benchmarks/linearizenn_2024/onnx/AllInOne_50_50.onnx,/home/elipregerson/nnenum/vnncomp2025_benchmarks/benchmarks/linearizenn_2024/vnnlib/prop_50_50_3.vnnlib,.005982076,unsat,1.418794589
linearizenn_2024,/home/elipregerson/nnenum/vnncomp2025_benchmarks/benchmarks/linearizenn_2024/onnx/AllInOne_50_50.onnx,/home/elipregerson/nnenum/vnncomp2025_benchmarks/benchmarks/linearizenn_2024/vnnlib/prop_50_50_4.vnnlib,.006039679,unsat,1.630337955
linearizenn_2024,/home/elipregerson/nnenum/vnncomp2025_benchmarks/benchmarks/linearizenn_2024/onnx/AllInOne_50_120.onnx,/home/elipregerson/nnenum/vnncomp2025_benchmarks/benchmarks/linearizenn_2024/vnnlib/prop_50_120.vnnlib,.006176342,unsat,4.653190014
linearizenn_2024,/home/elipregerson/nnenum/vnncomp2025_benchmarks/benchmarks/linearizenn_2024/onnx/AllInOne_50_120.onnx,/home/elipregerson/nnenum/vnncomp2025_benchmarks/benchmarks/linearizenn_2024/vnnlib/prop_50_120_0.vnnlib,.006105323,unsat,2.700259660
linearizenn_2024,/home/elipregerson/nnenum/vnncomp2025_benchmarks/benchmarks/linearizenn_2024/onnx/AllInOne_50_120.onnx,/home/elipregerson/nnenum/vnncomp2025_benchmarks/benchmarks/linearizenn_2024/vnnlib/prop_50_120_1.vnnlib,.005969843,unsat,2.501511132
linearizenn_2024,/home/elipregerson/nnenum/vnncomp2025_benchmarks/benchmarks/linearizenn_2024/onnx/AllInOne_50_120.onnx,/home/elipregerson/nnenum/vnncomp2025_benchmarks/benchmarks/linearizenn_2024/vnnlib/prop_50_120_2.vnnlib,.005919338,unsat,2.652448466
linearizenn_2024,/home/elipregerson/nnenum/vnncomp2025_benchmarks/benchmarks/linearizenn_2024/onnx/AllInOne_50_120.onnx,/home/elipregerson/nnenum/vnncomp2025_benchmarks/benchmarks/linearizenn_2024/vnnlib/prop_50_120_3.vnnlib,.006001531,unsat,2.804355630
linearizenn_2024,/home/elipregerson/nnenum/vnncomp2025_benchmarks/benchmarks/linearizenn_2024/onnx/AllInOne_50_120.onnx,/home/elipregerson/nnenum/vnncomp2025_benchmarks/benchmarks/linearizenn_2024/vnnlib/prop_50_120_4.vnnlib,.005904092,unsat,2.423307278
linearizenn_2024,/home/elipregerson/nnenum/vnncomp2025_benchmarks/benchmarks/linearizenn_2024/onnx/AllInOne_80_30.onnx,/home/elipregerson/nnenum/vnncomp2025_benchmarks/benchmarks/linearizenn_2024/vnnlib/prop_80_30.vnnlib,.005958811,unsat,10.076800197
linearizenn_2024,/home/elipregerson/nnenum/vnncomp2025_benchmarks/benchmarks/linearizenn_2024/onnx/AllInOne_80_30.onnx,/home/elipregerson/nnenum/vnncomp2025_benchmarks/benchmarks/linearizenn_2024/vnnlib/prop_80_30_0.vnnlib,.006343644,unsat,4.518900693
linearizenn_2024,/home/elipregerson/nnenum/vnncomp2025_benchmarks/benchmarks/linearizenn_2024/onnx/AllInOne_80_30.onnx,/home/elipregerson/nnenum/vnncomp2025_benchmarks/benchmarks/linearizenn_2024/vnnlib/prop_80_30_1.vnnlib,.006220589,unsat,3.893593578
linearizenn_2024,/home/elipregerson/nnenum/vnncomp2025_benchmarks/benchmarks/linearizenn_2024/onnx/AllInOne_80_30.onnx,/home/elipregerson/nnenum/vnncomp2025_benchmarks/benchmarks/linearizenn_2024/vnnlib/prop_80_30_2.vnnlib,.006029869,unsat,4.348893438
linearizenn_2024,/home/elipregerson/nnenum/vnncomp2025_benchmarks/benchmarks/linearizenn_2024/onnx/AllInOne_80_30.onnx,/home/elipregerson/nnenum/vnncomp2025_benchmarks/benchmarks/linearizenn_2024/vnnlib/prop_80_30_3.vnnlib,.006216029,unsat,3.236181560
linearizenn_2024,/home/elipregerson/nnenum/vnncomp2025_benchmarks/benchmarks/linearizenn_2024/onnx/AllInOne_80_30.onnx,/home/elipregerson/nnenum/vnncomp2025_benchmarks/benchmarks/linearizenn_2024/vnnlib/prop_80_30_4.vnnlib,.006095520,unsat,3.664705270
linearizenn_2024,/home/elipregerson/nnenum/vnncomp2025_benchmarks/benchmarks/linearizenn_2024/onnx/AllInOne_80_80.onnx,/home/elipregerson/nnenum/vnncomp2025_benchmarks/benchmarks/linearizenn_2024/vnnlib/prop_80_80.vnnlib,.006100618,unsat,6.018282444
linearizenn_2024,/home/elipregerson/nnenum/vnncomp2025_benchmarks/benchmarks/linearizenn_2024/onnx/AllInOne_80_80.onnx,/home/elipregerson/nnenum/vnncomp2025_benchmarks/benchmarks/linearizenn_2024/vnnlib/prop_80_80_0.vnnlib,.006239475,unsat,2.514415280
linearizenn_2024,/home/elipregerson/nnenum/vnncomp2025_benchmarks/benchmarks/linearizenn_2024/onnx/AllInOne_80_80.onnx,/home/elipregerson/nnenum/vnncomp2025_benchmarks/benchmarks/linearizenn_2024/vnnlib/prop_80_80_1.vnnlib,.009958784,unsat,1.410147349
linearizenn_2024,/home/elipregerson/nnenum/vnncomp2025_benchmarks/benchmarks/linearizenn_2024/onnx/AllInOne_80_80.onnx,/home/elipregerson/nnenum/vnncomp2025_benchmarks/benchmarks/linearizenn_2024/vnnlib/prop_80_80_2.vnnlib,.006126429,unsat,2.034655885
linearizenn_2024,/home/elipregerson/nnenum/vnncomp2025_benchmarks/benchmarks/linearizenn_2024/onnx/AllInOne_80_80.onnx,/home/elipregerson/nnenum/vnncomp2025_benchmarks/benchmarks/linearizenn_2024/vnnlib/prop_80_80_3.vnnlib,.006149973,unsat,2.393990190
linearizenn_2024,/home/elipregerson/nnenum/vnncomp2025_benchmarks/benchmarks/linearizenn_2024/onnx/AllInOne_80_80.onnx,/home/elipregerson/nnenum/vnncomp2025_benchmarks/benchmarks/linearizenn_2024/vnnlib/prop_80_80_4.vnnlib,.006113470,unsat,2.055049753
linearizenn_2024,/home/elipregerson/nnenum/vnncomp2025_benchmarks/benchmarks/linearizenn_2024/onnx/AllInOne_120_30.onnx,/home/elipregerson/nnenum/vnncomp2025_benchmarks/benchmarks/linearizenn_2024/vnnlib/prop_120_30.vnnlib,.006072840,unsat,4.879333257
linearizenn_2024,/home/elipregerson/nnenum/vnncomp2025_benchmarks/benchmarks/linearizenn_2024/onnx/AllInOne_120_30.onnx,/home/elipregerson/nnenum/vnncomp2025_benchmarks/benchmarks/linearizenn_2024/vnnlib/prop_120_30_0.vnnlib,.006545093,unsat,2.675186745
linearizenn_2024,/home/elipregerson/nnenum/vnncomp2025_benchmarks/benchmarks/linearizenn_2024/onnx/AllInOne_120_30.onnx,/home/elipregerson/nnenum/vnncomp2025_benchmarks/benchmarks/linearizenn_2024/vnnlib/prop_120_30_1.vnnlib,.005993172,unsat,2.814417575
linearizenn_2024,/home/elipregerson/nnenum/vnncomp2025_benchmarks/benchmarks/linearizenn_2024/onnx/AllInOne_120_30.onnx,/home/elipregerson/nnenum/vnncomp2025_benchmarks/benchmarks/linearizenn_2024/vnnlib/prop_120_30_2.vnnlib,.005976519,unsat,2.900107362
linearizenn_2024,/home/elipregerson/nnenum/vnncomp2025_benchmarks/benchmarks/linearizenn_2024/onnx/AllInOne_120_30.onnx,/home/elipregerson/nnenum/vnncomp2025_benchmarks/benchmarks/linearizenn_2024/vnnlib/prop_120_30_3.vnnlib,.005948352,unsat,2.454296665
linearizenn_2024,/home/elipregerson/nnenum/vnncomp2025_benchmarks/benchmarks/linearizenn_2024/onnx/AllInOne_120_30.onnx,/home/elipregerson/nnenum/vnncomp2025_benchmarks/benchmarks/linearizenn_2024/vnnlib/prop_120_30_4.vnnlib,.005976385,unsat,2.893745029
linearizenn_2024,/home/elipregerson/nnenum/vnncomp2025_benchmarks/benchmarks/linearizenn_2024/onnx/AllInOne_120_50.onnx,/home/elipregerson/nnenum/vnncomp2025_benchmarks/benchmarks/linearizenn_2024/vnnlib/prop_120_50.vnnlib,.006025792,unsat,3.373987446
linearizenn_2024,/home/elipregerson/nnenum/vnncomp2025_benchmarks/benchmarks/linearizenn_2024/onnx/AllInOne_120_50.onnx,/home/elipregerson/nnenum/vnncomp2025_benchmarks/benchmarks/linearizenn_2024/vnnlib/prop_120_50_0.vnnlib,.006103707,unsat,2.016213675
linearizenn_2024,/home/elipregerson/nnenum/vnncomp2025_benchmarks/benchmarks/linearizenn_2024/onnx/AllInOne_120_50.onnx,/home/elipregerson/nnenum/vnncomp2025_benchmarks/benchmarks/linearizenn_2024/vnnlib/prop_120_50_1.vnnlib,.006215496,unsat,1.808020340
linearizenn_2024,/home/elipregerson/nnenum/vnncomp2025_benchmarks/benchmarks/linearizenn_2024/onnx/AllInOne_120_50.onnx,/home/elipregerson/nnenum/vnncomp2025_benchmarks/benchmarks/linearizenn_2024/vnnlib/prop_120_50_2.vnnlib,.006132027,unsat,1.967699875
linearizenn_2024,/home/elipregerson/nnenum/vnncomp2025_benchmarks/benchmarks/linearizenn_2024/onnx/AllInOne_120_50.onnx,/home/elipregerson/nnenum/vnncomp2025_benchmarks/benchmarks/linearizenn_2024/vnnlib/prop_120_50_3.vnnlib,.006632549,unsat,2.034080629
linearizenn_2024,/home/elipregerson/nnenum/vnncomp2025_benchmarks/benchmarks/linearizenn_2024/onnx/AllInOne_120_50.onnx,/home/elipregerson/nnenum/vnncomp2025_benchmarks/benchmarks/linearizenn_2024/vnnlib/prop_120_50_4.vnnlib,.006232369,unsat,1.561723773
linearizenn_2024,/home/elipregerson/nnenum/vnncomp2025_benchmarks/benchmarks/linearizenn_2024/onnx/AllInOne_120_120.onnx,/home/elipregerson/nnenum/vnncomp2025_benchmarks/benchmarks/linearizenn_2024/vnnlib/prop_120_120.vnnlib,.006169792,unsat,1.042407993
linearizenn_2024,/home/elipregerson/nnenum/vnncomp2025_benchmarks/benchmarks/linearizenn_2024/onnx/AllInOne_120_120.onnx,/home/elipregerson/nnenum/vnncomp2025_benchmarks/benchmarks/linearizenn_2024/vnnlib/prop_120_120_0.vnnlib,.006172064,unsat,.909461243
linearizenn_2024,/home/elipregerson/nnenum/vnncomp2025_benchmarks/benchmarks/linearizenn_2024/onnx/AllInOne_120_120.onnx,/home/elipregerson/nnenum/vnncomp2025_benchmarks/benchmarks/linearizenn_2024/vnnlib/prop_120_120_1.vnnlib,.006010090,unsat,.894486361
linearizenn_2024,/home/elipregerson/nnenum/vnncomp2025_benchmarks/benchmarks/linearizenn_2024/onnx/AllInOne_120_120.onnx,/home/elipregerson/nnenum/vnncomp2025_benchmarks/benchmarks/linearizenn_2024/vnnlib/prop_120_120_2.vnnlib,.006182148,unsat,.863511696
linearizenn_2024,/home/elipregerson/nnenum/vnncomp2025_benchmarks/benchmarks/linearizenn_2024/onnx/AllInOne_120_120.onnx,/home/elipregerson/nnenum/vnncomp2025_benchmarks/benchmarks/linearizenn_2024/vnnlib/prop_120_120_3.vnnlib,.006141809,unsat,.868609453
linearizenn_2024,/home/elipregerson/nnenum/vnncomp2025_benchmarks/benchmarks/linearizenn_2024/onnx/AllInOne_120_120.onnx,/home/elipregerson/nnenum/vnncomp2025_benchmarks/benchmarks/linearizenn_2024/vnnlib/prop_120_120_4.vnnlib,.006165458,unsat,.896782037
linearizenn_2024,/home/elipregerson/nnenum/vnncomp2025_benchmarks/benchmarks/test/onnx/test_nano.onnx,/home/elipregerson/nnenum/vnncomp2025_benchmarks/benchmarks/test/vnnlib/test_nano.vnnlib,.006203653,error_exit_code_1,.517380675
lsnc_relu,/home/elipregerson/nnenum/vnncomp2025_benchmarks/benchmarks/lsnc_relu/onnx/relu_quadrotor2d_state.onnx,/home/elipregerson/nnenum/vnncomp2025_benchmarks/benchmarks/lsnc_relu/vnnlib/quadrotor2d_state_0.vnnlib,.006062489,error_exit_code_1,.563527073
lsnc_relu,/home/elipregerson/nnenum/vnncomp2025_benchmarks/benchmarks/lsnc_relu/onnx/relu_quadrotor2d_state.onnx,/home/elipregerson/nnenum/vnncomp2025_benchmarks/benchmarks/lsnc_relu/vnnlib/quadrotor2d_state_1.vnnlib,.006027245,error_exit_code_1,.524694655
lsnc_relu,/home/elipregerson/nnenum/vnncomp2025_benchmarks/benchmarks/lsnc_relu/onnx/relu_quadrotor2d_state.onnx,/home/elipregerson/nnenum/vnncomp2025_benchmarks/benchmarks/lsnc_relu/vnnlib/quadrotor2d_state_2.vnnlib,.006035728,error_exit_code_1,.527616306
lsnc_relu,/home/elipregerson/nnenum/vnncomp2025_benchmarks/benchmarks/lsnc_relu/onnx/relu_quadrotor2d_state.onnx,/home/elipregerson/nnenum/vnncomp2025_benchmarks/benchmarks/lsnc_relu/vnnlib/quadrotor2d_state_3.vnnlib,.005967260,error_exit_code_1,.537569504
lsnc_relu,/home/elipregerson/nnenum/vnncomp2025_benchmarks/benchmarks/lsnc_relu/onnx/relu_quadrotor2d_state.onnx,/home/elipregerson/nnenum/vnncomp2025_benchmarks/benchmarks/lsnc_relu/vnnlib/quadrotor2d_state_4.vnnlib,.005933761,error_exit_code_1,.521654169
lsnc_relu,/home/elipregerson/nnenum/vnncomp2025_benchmarks/benchmarks/lsnc_relu/onnx/relu_quadrotor2d_state.onnx,/home/elipregerson/nnenum/vnncomp2025_benchmarks/benchmarks/lsnc_relu/vnnlib/quadrotor2d_state_5.vnnlib,.006001754,error_exit_code_1,.584443974
lsnc_relu,/home/elipregerson/nnenum/vnncomp2025_benchmarks/benchmarks/lsnc_relu/onnx/relu_quadrotor2d_state.onnx,/home/elipregerson/nnenum/vnncomp2025_benchmarks/benchmarks/lsnc_relu/vnnlib/quadrotor2d_state_6.vnnlib,.006142393,error_exit_code_1,.533096336
lsnc_relu,/home/elipregerson/nnenum/vnncomp2025_benchmarks/benchmarks/lsnc_relu/onnx/relu_quadrotor2d_state.onnx,/home/elipregerson/nnenum/vnncomp2025_benchmarks/benchmarks/lsnc_relu/vnnlib/quadrotor2d_state_7.vnnlib,.006059911,error_exit_code_1,.548537619
lsnc_relu,/home/elipregerson/nnenum/vnncomp2025_benchmarks/benchmarks/lsnc_relu/onnx/relu_quadrotor2d_state.onnx,/home/elipregerson/nnenum/vnncomp2025_benchmarks/benchmarks/lsnc_relu/vnnlib/quadrotor2d_state_8.vnnlib,.006034077,error_exit_code_1,.529868319
lsnc_relu,/home/elipregerson/nnenum/vnncomp2025_benchmarks/benchmarks/lsnc_relu/onnx/relu_quadrotor2d_state.onnx,/home/elipregerson/nnenum/vnncomp2025_benchmarks/benchmarks/lsnc_relu/vnnlib/quadrotor2d_state_9.vnnlib,.005990791,error_exit_code_1,.533263469
lsnc_relu,/home/elipregerson/nnenum/vnncomp2025_benchmarks/benchmarks/lsnc_relu/onnx/relu_quadrotor2d_state.onnx,/home/elipregerson/nnenum/vnncomp2025_benchmarks/benchmarks/lsnc_relu/vnnlib/quadrotor2d_state_10.vnnlib,.006113077,error_exit_code_1,.526765168
lsnc_relu,/home/elipregerson/nnenum/vnncomp2025_benchmarks/benchmarks/lsnc_relu/onnx/relu_quadrotor2d_state.onnx,/home/elipregerson/nnenum/vnncomp2025_benchmarks/benchmarks/lsnc_relu/vnnlib/quadrotor2d_state_11.vnnlib,.006125652,error_exit_code_1,.528816128
lsnc_relu,/home/elipregerson/nnenum/vnncomp2025_benchmarks/benchmarks/lsnc_relu/onnx/relu_quadrotor2d_state.onnx,/home/elipregerson/nnenum/vnncomp2025_benchmarks/benchmarks/lsnc_relu/vnnlib/quadrotor2d_state_12.vnnlib,.006059348,error_exit_code_1,.546657806
lsnc_relu,/home/elipregerson/nnenum/vnncomp2025_benchmarks/benchmarks/lsnc_relu/onnx/relu_quadrotor2d_state.onnx,/home/elipregerson/nnenum/vnncomp2025_benchmarks/benchmarks/lsnc_relu/vnnlib/quadrotor2d_state_13.vnnlib,.006160283,error_exit_code_1,.565379107
lsnc_relu,/home/elipregerson/nnenum/vnncomp2025_benchmarks/benchmarks/lsnc_relu/onnx/relu_quadrotor2d_state.onnx,/home/elipregerson/nnenum/vnncomp2025_benchmarks/benchmarks/lsnc_relu/vnnlib/quadrotor2d_state_14.vnnlib,.006384847,error_exit_code_1,.546265446
lsnc_relu,/home/elipregerson/nnenum/vnncomp2025_benchmarks/benchmarks/lsnc_relu/onnx/relu_quadrotor2d_state.onnx,/home/elipregerson/nnenum/vnncomp2025_benchmarks/benchmarks/lsnc_relu/vnnlib/quadrotor2d_state_15.vnnlib,.006221810,error_exit_code_1,.553946359
lsnc_relu,/home/elipregerson/nnenum/vnncomp2025_benchmarks/benchmarks/lsnc_relu/onnx/relu_quadrotor2d_state.onnx,/home/elipregerson/nnenum/vnncomp2025_benchmarks/benchmarks/lsnc_relu/vnnlib/quadrotor2d_state_16.vnnlib,.005974864,error_exit_code_1,.542003546
lsnc_relu,/home/elipregerson/nnenum/vnncomp2025_benchmarks/benchmarks/lsnc_relu/onnx/relu_quadrotor2d_state.onnx,/home/elipregerson/nnenum/vnncomp2025_benchmarks/benchmarks/lsnc_relu/vnnlib/quadrotor2d_state_17.vnnlib,.006124122,error_exit_code_1,.551850536
lsnc_relu,/home/elipregerson/nnenum/vnncomp2025_benchmarks/benchmarks/lsnc_relu/onnx/relu_quadrotor2d_state.onnx,/home/elipregerson/nnenum/vnncomp2025_benchmarks/benchmarks/lsnc_relu/vnnlib/quadrotor2d_state_18.vnnlib,.006132929,error_exit_code_1,.557874776
lsnc_relu,/home/elipregerson/nnenum/vnncomp2025_benchmarks/benchmarks/lsnc_relu/onnx/relu_quadrotor2d_state.onnx,/home/elipregerson/nnenum/vnncomp2025_benchmarks/benchmarks/lsnc_relu/vnnlib/quadrotor2d_state_19.vnnlib,.006073004,error_exit_code_1,.558560963
lsnc_relu,/home/elipregerson/nnenum/vnncomp2025_benchmarks/benchmarks/lsnc_relu/onnx/relu_quadrotor2d_state.onnx,/home/elipregerson/nnenum/vnncomp2025_benchmarks/benchmarks/lsnc_relu/vnnlib/quadrotor2d_state_20.vnnlib,.007736621,error_exit_code_1,.562082961
lsnc_relu,/home/elipregerson/nnenum/vnncomp2025_benchmarks/benchmarks/lsnc_relu/onnx/relu_quadrotor2d_state.onnx,/home/elipregerson/nnenum/vnncomp2025_benchmarks/benchmarks/lsnc_relu/vnnlib/quadrotor2d_state_21.vnnlib,.006037391,error_exit_code_1,.558284617
lsnc_relu,/home/elipregerson/nnenum/vnncomp2025_benchmarks/benchmarks/lsnc_relu/onnx/relu_quadrotor2d_state.onnx,/home/elipregerson/nnenum/vnncomp2025_benchmarks/benchmarks/lsnc_relu/vnnlib/quadrotor2d_state_22.vnnlib,.006092491,error_exit_code_1,.551838227
lsnc_relu,/home/elipregerson/nnenum/vnncomp2025_benchmarks/benchmarks/lsnc_relu/onnx/relu_quadrotor2d_state.onnx,/home/elipregerson/nnenum/vnncomp2025_benchmarks/benchmarks/lsnc_relu/vnnlib/quadrotor2d_state_23.vnnlib,.010056425,error_exit_code_1,.558649023
lsnc_relu,/home/elipregerson/nnenum/vnncomp2025_benchmarks/benchmarks/lsnc_relu/onnx/relu_quadrotor2d_state.onnx,/home/elipregerson/nnenum/vnncomp2025_benchmarks/benchmarks/lsnc_relu/vnnlib/quadrotor2d_state_24.vnnlib,.006174624,error_exit_code_1,.538039434
lsnc_relu,/home/elipregerson/nnenum/vnncomp2025_benchmarks/benchmarks/lsnc_relu/onnx/relu_quadrotor2d_state.onnx,/home/elipregerson/nnenum/vnncomp2025_benchmarks/benchmarks/lsnc_relu/vnnlib/quadrotor2d_state_25.vnnlib,.006084082,error_exit_code_1,.542374192
lsnc_relu,/home/elipregerson/nnenum/vnncomp2025_benchmarks/benchmarks/lsnc_relu/onnx/relu_quadrotor2d_state.onnx,/home/elipregerson/nnenum/vnncomp2025_benchmarks/benchmarks/lsnc_relu/vnnlib/quadrotor2d_state_26.vnnlib,.005965279,error_exit_code_1,.540241356
lsnc_relu,/home/elipregerson/nnenum/vnncomp2025_benchmarks/benchmarks/lsnc_relu/onnx/relu_quadrotor2d_state.onnx,/home/elipregerson/nnenum/vnncomp2025_benchmarks/benchmarks/lsnc_relu/vnnlib/quadrotor2d_state_27.vnnlib,.006089740,error_exit_code_1,.554805185
lsnc_relu,/home/elipregerson/nnenum/vnncomp2025_benchmarks/benchmarks/lsnc_relu/onnx/relu_quadrotor2d_state.onnx,/home/elipregerson/nnenum/vnncomp2025_benchmarks/benchmarks/lsnc_relu/vnnlib/quadrotor2d_state_28.vnnlib,.006060231,error_exit_code_1,.537698678
lsnc_relu,/home/elipregerson/nnenum/vnncomp2025_benchmarks/benchmarks/lsnc_relu/onnx/relu_quadrotor2d_state.onnx,/home/elipregerson/nnenum/vnncomp2025_benchmarks/benchmarks/lsnc_relu/vnnlib/quadrotor2d_state_29.vnnlib,.005972254,error_exit_code_1,.526898250
lsnc_relu,/home/elipregerson/nnenum/vnncomp2025_benchmarks/benchmarks/lsnc_relu/onnx/relu_quadrotor2d_state.onnx,/home/elipregerson/nnenum/vnncomp2025_benchmarks/benchmarks/lsnc_relu/vnnlib/quadrotor2d_state_30.vnnlib,.006165193,error_exit_code_1,.525723259
lsnc_relu,/home/elipregerson/nnenum/vnncomp2025_benchmarks/benchmarks/lsnc_relu/onnx/relu_quadrotor2d_state.onnx,/home/elipregerson/nnenum/vnncomp2025_benchmarks/benchmarks/lsnc_relu/vnnlib/quadrotor2d_state_31.vnnlib,.006123893,error_exit_code_1,.546272376
lsnc_relu,/home/elipregerson/nnenum/vnncomp2025_benchmarks/benchmarks/lsnc_relu/onnx/relu_quadrotor2d_state.onnx,/home/elipregerson/nnenum/vnncomp2025_benchmarks/benchmarks/lsnc_relu/vnnlib/quadrotor2d_state_32.vnnlib,.006376716,error_exit_code_1,.543663652
lsnc_relu,/home/elipregerson/nnenum/vnncomp2025_benchmarks/benchmarks/lsnc_relu/onnx/relu_quadrotor2d_state.onnx,/home/elipregerson/nnenum/vnncomp2025_benchmarks/benchmarks/lsnc_relu/vnnlib/quadrotor2d_state_33.vnnlib,.006143447,error_exit_code_1,.537990238
lsnc_relu,/home/elipregerson/nnenum/vnncomp2025_benchmarks/benchmarks/lsnc_relu/onnx/relu_quadrotor2d_state.onnx,/home/elipregerson/nnenum/vnncomp2025_benchmarks/benchmarks/lsnc_relu/vnnlib/quadrotor2d_state_34.vnnlib,.006106856,error_exit_code_1,.552879599
lsnc_relu,/home/elipregerson/nnenum/vnncomp2025_benchmarks/benchmarks/lsnc_relu/onnx/relu_quadrotor2d_state.onnx,/home/elipregerson/nnenum/vnncomp2025_benchmarks/benchmarks/lsnc_relu/vnnlib/quadrotor2d_state_35.vnnlib,.006056444,error_exit_code_1,.554410028
lsnc_relu,/home/elipregerson/nnenum/vnncomp2025_benchmarks/benchmarks/lsnc_relu/onnx/relu_quadrotor2d_state.onnx,/home/elipregerson/nnenum/vnncomp2025_benchmarks/benchmarks/lsnc_relu/vnnlib/quadrotor2d_state_36.vnnlib,.006152776,error_exit_code_1,.543682286
lsnc_relu,/home/elipregerson/nnenum/vnncomp2025_benchmarks/benchmarks/lsnc_relu/onnx/relu_quadrotor2d_state.onnx,/home/elipregerson/nnenum/vnncomp2025_benchmarks/benchmarks/lsnc_relu/vnnlib/quadrotor2d_state_37.vnnlib,.006358019,error_exit_code_1,.549848991
lsnc_relu,/home/elipregerson/nnenum/vnncomp2025_benchmarks/benchmarks/lsnc_relu/onnx/relu_quadrotor2d_state.onnx,/home/elipregerson/nnenum/vnncomp2025_benchmarks/benchmarks/lsnc_relu/vnnlib/quadrotor2d_state_38.vnnlib,.006144741,error_exit_code_1,.560195958
lsnc_relu,/home/elipregerson/nnenum/vnncomp2025_benchmarks/benchmarks/lsnc_relu/onnx/relu_quadrotor2d_state.onnx,/home/elipregerson/nnenum/vnncomp2025_benchmarks/benchmarks/lsnc_relu/vnnlib/quadrotor2d_state_39.vnnlib,.006033076,error_exit_code_1,.536449810
lsnc_relu,/home/elipregerson/nnenum/vnncomp2025_benchmarks/benchmarks/lsnc_relu/onnx/relu_quadrotor2d_state.onnx,/home/elipregerson/nnenum/vnncomp2025_benchmarks/benchmarks/lsnc_relu/vnnlib/quadrotor2d_state_40.vnnlib,.006108982,error_exit_code_1,.534505664
lsnc_relu,/home/elipregerson/nnenum/vnncomp2025_benchmarks/benchmarks/lsnc_relu/onnx/relu_quadrotor2d_state.onnx,/home/elipregerson/nnenum/vnncomp2025_benchmarks/benchmarks/lsnc_relu/vnnlib/quadrotor2d_state_41.vnnlib,.006360559,error_exit_code_1,.546200373
lsnc_relu,/home/elipregerson/nnenum/vnncomp2025_benchmarks/benchmarks/lsnc_relu/onnx/relu_quadrotor2d_state.onnx,/home/elipregerson/nnenum/vnncomp2025_benchmarks/benchmarks/lsnc_relu/vnnlib/quadrotor2d_state_42.vnnlib,.006203154,error_exit_code_1,.541993245
lsnc_relu,/home/elipregerson/nnenum/vnncomp2025_benchmarks/benchmarks/lsnc_relu/onnx/relu_quadrotor2d_state.onnx,/home/elipregerson/nnenum/vnncomp2025_benchmarks/benchmarks/lsnc_relu/vnnlib/quadrotor2d_state_43.vnnlib,.006189915,error_exit_code_1,.540971554
lsnc_relu,/home/elipregerson/nnenum/vnncomp2025_benchmarks/benchmarks/lsnc_relu/onnx/relu_quadrotor2d_state.onnx,/home/elipregerson/nnenum/vnncomp2025_benchmarks/benchmarks/lsnc_relu/vnnlib/quadrotor2d_state_44.vnnlib,.006147560,error_exit_code_1,.584105689
lsnc_relu,/home/elipregerson/nnenum/vnncomp2025_benchmarks/benchmarks/lsnc_relu/onnx/relu_quadrotor2d_state.onnx,/home/elipregerson/nnenum/vnncomp2025_benchmarks/benchmarks/lsnc_relu/vnnlib/quadrotor2d_state_45.vnnlib,.006408459,error_exit_code_1,.564718968
lsnc_relu,/home/elipregerson/nnenum/vnncomp2025_benchmarks/benchmarks/lsnc_relu/onnx/relu_quadrotor2d_state.onnx,/home/elipregerson/nnenum/vnncomp2025_benchmarks/benchmarks/lsnc_relu/vnnlib/quadrotor2d_state_46.vnnlib,.008155403,error_exit_code_1,.557064283
lsnc_relu,/home/elipregerson/nnenum/vnncomp2025_benchmarks/benchmarks/lsnc_relu/onnx/relu_quadrotor2d_state.onnx,/home/elipregerson/nnenum/vnncomp2025_benchmarks/benchmarks/lsnc_relu/vnnlib/quadrotor2d_state_47.vnnlib,.005979154,error_exit_code_1,.543297708
lsnc_relu,/home/elipregerson/nnenum/vnncomp2025_benchmarks/benchmarks/lsnc_relu/onnx/relu_quadrotor2d_state.onnx,/home/elipregerson/nnenum/vnncomp2025_benchmarks/benchmarks/lsnc_relu/vnnlib/quadrotor2d_state_48.vnnlib,.006028612,error_exit_code_1,.519563169
lsnc_relu,/home/elipregerson/nnenum/vnncomp2025_benchmarks/benchmarks/lsnc_relu/onnx/relu_quadrotor2d_state.onnx,/home/elipregerson/nnenum/vnncomp2025_benchmarks/benchmarks/lsnc_relu/vnnlib/quadrotor2d_state_49.vnnlib,.006077012,error_exit_code_1,.516993441
lsnc_relu,/home/elipregerson/nnenum/vnncomp2025_benchmarks/benchmarks/lsnc_relu/onnx/relu_quadrotor2d_state.onnx,/home/elipregerson/nnenum/vnncomp2025_benchmarks/benchmarks/lsnc_relu/vnnlib/quadrotor2d_state_50.vnnlib,.005960988,error_exit_code_1,.523621207
lsnc_relu,/home/elipregerson/nnenum/vnncomp2025_benchmarks/benchmarks/lsnc_relu/onnx/relu_quadrotor2d_state.onnx,/home/elipregerson/nnenum/vnncomp2025_benchmarks/benchmarks/lsnc_relu/vnnlib/quadrotor2d_state_51.vnnlib,.005929709,error_exit_code_1,.529477140
lsnc_relu,/home/elipregerson/nnenum/vnncomp2025_benchmarks/benchmarks/lsnc_relu/onnx/relu_quadrotor2d_state.onnx,/home/elipregerson/nnenum/vnncomp2025_benchmarks/benchmarks/lsnc_relu/vnnlib/quadrotor2d_state_52.vnnlib,.006026380,error_exit_code_1,.529729992
lsnc_relu,/home/elipregerson/nnenum/vnncomp2025_benchmarks/benchmarks/lsnc_relu/onnx/relu_quadrotor2d_state.onnx,/home/elipregerson/nnenum/vnncomp2025_benchmarks/benchmarks/lsnc_relu/vnnlib/quadrotor2d_state_53.vnnlib,.006139167,error_exit_code_1,.525439214
lsnc_relu,/home/elipregerson/nnenum/vnncomp2025_benchmarks/benchmarks/lsnc_relu/onnx/relu_quadrotor2d_state.onnx,/home/elipregerson/nnenum/vnncomp2025_benchmarks/benchmarks/lsnc_relu/vnnlib/quadrotor2d_state_54.vnnlib,.006064462,error_exit_code_1,.529348600
lsnc_relu,/home/elipregerson/nnenum/vnncomp2025_benchmarks/benchmarks/lsnc_relu/onnx/relu_quadrotor2d_state.onnx,/home/elipregerson/nnenum/vnncomp2025_benchmarks/benchmarks/lsnc_relu/vnnlib/quadrotor2d_state_55.vnnlib,.006000479,error_exit_code_1,.532938064
lsnc_relu,/home/elipregerson/nnenum/vnncomp2025_benchmarks/benchmarks/lsnc_relu/onnx/relu_quadrotor2d_state.onnx,/home/elipregerson/nnenum/vnncomp2025_benchmarks/benchmarks/lsnc_relu/vnnlib/quadrotor2d_state_56.vnnlib,.006082563,error_exit_code_1,.526061521
lsnc_relu,/home/elipregerson/nnenum/vnncomp2025_benchmarks/benchmarks/lsnc_relu/onnx/relu_quadrotor2d_state.onnx,/home/elipregerson/nnenum/vnncomp2025_benchmarks/benchmarks/lsnc_relu/vnnlib/quadrotor2d_state_57.vnnlib,.006146423,error_exit_code_1,.527103512
lsnc_relu,/home/elipregerson/nnenum/vnncomp2025_benchmarks/benchmarks/lsnc_relu/onnx/relu_quadrotor2d_state.onnx,/home/elipregerson/nnenum/vnncomp2025_benchmarks/benchmarks/lsnc_relu/vnnlib/quadrotor2d_state_58.vnnlib,.006017414,error_exit_code_1,.542501628
lsnc_relu,/home/elipregerson/nnenum/vnncomp2025_benchmarks/benchmarks/lsnc_relu/onnx/relu_quadrotor2d_state.onnx,/home/elipregerson/nnenum/vnncomp2025_benchmarks/benchmarks/lsnc_relu/vnnlib/quadrotor2d_state_59.vnnlib,.006057983,error_exit_code_1,.533699233
lsnc_relu,/home/elipregerson/nnenum/vnncomp2025_benchmarks/benchmarks/lsnc_relu/onnx/relu_quadrotor2d_state.onnx,/home/elipregerson/nnenum/vnncomp2025_benchmarks/benchmarks/lsnc_relu/vnnlib/quadrotor2d_state_60.vnnlib,.006028928,error_exit_code_1,.520537876
lsnc_relu,/home/elipregerson/nnenum/vnncomp2025_benchmarks/benchmarks/lsnc_relu/onnx/relu_quadrotor2d_state.onnx,/home/elipregerson/nnenum/vnncomp2025_benchmarks/benchmarks/lsnc_relu/vnnlib/quadrotor2d_state_61.vnnlib,.006134481,error_exit_code_1,.522430445
lsnc_relu,/home/elipregerson/nnenum/vnncomp2025_benchmarks/benchmarks/lsnc_relu/onnx/relu_quadrotor2d_state.onnx,/home/elipregerson/nnenum/vnncomp2025_benchmarks/benchmarks/lsnc_relu/vnnlib/quadrotor2d_state_62.vnnlib,.006043626,error_exit_code_1,.527200496
lsnc_relu,/home/elipregerson/nnenum/vnncomp2025_benchmarks/benchmarks/lsnc_relu/onnx/relu_quadrotor2d_state.onnx,/home/elipregerson/nnenum/vnncomp2025_benchmarks/benchmarks/lsnc_relu/vnnlib/quadrotor2d_state_63.vnnlib,.006055744,error_exit_code_1,.525582891
lsnc_relu,/home/elipregerson/nnenum/vnncomp2025_benchmarks/benchmarks/lsnc_relu/onnx/relu_quadrotor2d_state.onnx,/home/elipregerson/nnenum/vnncomp2025_benchmarks/benchmarks/lsnc_relu/vnnlib/quadrotor2d_state_64.vnnlib,.006152675,error_exit_code_1,.532978662
lsnc_relu,/home/elipregerson/nnenum/vnncomp2025_benchmarks/benchmarks/lsnc_relu/onnx/relu_quadrotor2d_state.onnx,/home/elipregerson/nnenum/vnncomp2025_benchmarks/benchmarks/lsnc_relu/vnnlib/quadrotor2d_state_65.vnnlib,.006213026,error_exit_code_1,.526135438
lsnc_relu,/home/elipregerson/nnenum/vnncomp2025_benchmarks/benchmarks/lsnc_relu/onnx/relu_quadrotor2d_state.onnx,/home/elipregerson/nnenum/vnncomp2025_benchmarks/benchmarks/lsnc_relu/vnnlib/quadrotor2d_state_66.vnnlib,.006122485,error_exit_code_1,.540324916
lsnc_relu,/home/elipregerson/nnenum/vnncomp2025_benchmarks/benchmarks/lsnc_relu/onnx/relu_quadrotor2d_state.onnx,/home/elipregerson/nnenum/vnncomp2025_benchmarks/benchmarks/lsnc_relu/vnnlib/quadrotor2d_state_67.vnnlib,.006038447,error_exit_code_1,.525052211
lsnc_relu,/home/elipregerson/nnenum/vnncomp2025_benchmarks/benchmarks/lsnc_relu/onnx/relu_quadrotor2d_state.onnx,/home/elipregerson/nnenum/vnncomp2025_benchmarks/benchmarks/lsnc_relu/vnnlib/quadrotor2d_state_68.vnnlib,.006299198,error_exit_code_1,.522179375
lsnc_relu,/home/elipregerson/nnenum/vnncomp2025_benchmarks/benchmarks/lsnc_relu/onnx/relu_quadrotor2d_state.onnx,/home/elipregerson/nnenum/vnncomp2025_benchmarks/benchmarks/lsnc_relu/vnnlib/quadrotor2d_state_69.vnnlib,.006145210,error_exit_code_1,.519126346
lsnc_relu,/home/elipregerson/nnenum/vnncomp2025_benchmarks/benchmarks/lsnc_relu/onnx/relu_quadrotor2d_state.onnx,/home/elipregerson/nnenum/vnncomp2025_benchmarks/benchmarks/lsnc_relu/vnnlib/quadrotor2d_state_70.vnnlib,.006234220,error_exit_code_1,.527390106
lsnc_relu,/home/elipregerson/nnenum/vnncomp2025_benchmarks/benchmarks/lsnc_relu/onnx/relu_quadrotor2d_state.onnx,/home/elipregerson/nnenum/vnncomp2025_benchmarks/benchmarks/lsnc_relu/vnnlib/quadrotor2d_state_71.vnnlib,.006371987,error_exit_code_1,.528519365
lsnc_relu,/home/elipregerson/nnenum/vnncomp2025_benchmarks/benchmarks/lsnc_relu/onnx/relu_quadrotor2d_state.onnx,/home/elipregerson/nnenum/vnncomp2025_benchmarks/benchmarks/lsnc_relu/vnnlib/quadrotor2d_state_72.vnnlib,.006066905,error_exit_code_1,.522812705
lsnc_relu,/home/elipregerson/nnenum/vnncomp2025_benchmarks/benchmarks/lsnc_relu/onnx/relu_quadrotor2d_state.onnx,/home/elipregerson/nnenum/vnncomp2025_benchmarks/benchmarks/lsnc_relu/vnnlib/quadrotor2d_state_73.vnnlib,.006097188,error_exit_code_1,.531679451
lsnc_relu,/home/elipregerson/nnenum/vnncomp2025_benchmarks/benchmarks/lsnc_relu/onnx/relu_quadrotor2d_state.onnx,/home/elipregerson/nnenum/vnncomp2025_benchmarks/benchmarks/lsnc_relu/vnnlib/quadrotor2d_state_74.vnnlib,.006339134,error_exit_code_1,.527377869
lsnc_relu,/home/elipregerson/nnenum/vnncomp2025_benchmarks/benchmarks/lsnc_relu/onnx/relu_quadrotor2d_state.onnx,/home/elipregerson/nnenum/vnncomp2025_benchmarks/benchmarks/lsnc_relu/vnnlib/quadrotor2d_state_75.vnnlib,.006098323,error_exit_code_1,.522192450
lsnc_relu,/home/elipregerson/nnenum/vnncomp2025_benchmarks/benchmarks/lsnc_relu/onnx/relu_quadrotor2d_state.onnx,/home/elipregerson/nnenum/vnncomp2025_benchmarks/benchmarks/lsnc_relu/vnnlib/quadrotor2d_state_76.vnnlib,.006023138,error_exit_code_1,.530793160
lsnc_relu,/home/elipregerson/nnenum/vnncomp2025_benchmarks/benchmarks/lsnc_relu/onnx/relu_quadrotor2d_state.onnx,/home/elipregerson/nnenum/vnncomp2025_benchmarks/benchmarks/lsnc_relu/vnnlib/quadrotor2d_state_77.vnnlib,.006174903,error_exit_code_1,.548791712
lsnc_relu,/home/elipregerson/nnenum/vnncomp2025_benchmarks/benchmarks/lsnc_relu/onnx/relu_quadrotor2d_state.onnx,/home/elipregerson/nnenum/vnncomp2025_benchmarks/benchmarks/lsnc_relu/vnnlib/quadrotor2d_state_78.vnnlib,.006166639,error_exit_code_1,.540086121
lsnc_relu,/home/elipregerson/nnenum/vnncomp2025_benchmarks/benchmarks/lsnc_relu/onnx/relu_quadrotor2d_state.onnx,/home/elipregerson/nnenum/vnncomp2025_benchmarks/benchmarks/lsnc_relu/vnnlib/quadrotor2d_state_79.vnnlib,.006057131,error_exit_code_1,.540244742
lsnc_relu,/home/elipregerson/nnenum/vnncomp2025_benchmarks/benchmarks/test/onnx/test_nano.onnx,/home/elipregerson/nnenum/vnncomp2025_benchmarks/benchmarks/test/vnnlib/test_nano.vnnlib,.006169998,error_exit_code_1,.535263247
malbeware,/home/elipregerson/nnenum/vnncomp2025_benchmarks/benchmarks/malbeware/onnx/malware_malimg_family_scaled_linear-25.onnx,/home/elipregerson/nnenum/vnncomp2025_benchmarks/benchmarks/malbeware/vnnlib/malbeware_family-Obfuscator.AD_label-17_eps-1_idx-89.vnnlib,.006086262,unsat,1.869300494
malbeware,/home/elipregerson/nnenum/vnncomp2025_benchmarks/benchmarks/malbeware/onnx/malware_malimg_family_scaled_linear-25.onnx,/home/elipregerson/nnenum/vnncomp2025_benchmarks/benchmarks/malbeware/vnnlib/malbeware_family-VB.AT_label-22_eps-3_idx-112.vnnlib,.006119432,unsat,1.928574647
malbeware,/home/elipregerson/nnenum/vnncomp2025_benchmarks/benchmarks/malbeware/onnx/malware_malimg_family_scaled_linear-25.onnx,/home/elipregerson/nnenum/vnncomp2025_benchmarks/benchmarks/malbeware/vnnlib/malbeware_family-Allaple.A_label-2_eps-3_idx-11.vnnlib,.006107560,unsat,1.899820315
malbeware,/home/elipregerson/nnenum/vnncomp2025_benchmarks/benchmarks/malbeware/onnx/malware_malimg_family_scaled_linear-25.onnx,/home/elipregerson/nnenum/vnncomp2025_benchmarks/benchmarks/malbeware/vnnlib/malbeware_family-Skintrim.N_label-19_eps-3_idx-96.vnnlib,.005982079,unsat,1.902688750
malbeware,/home/elipregerson/nnenum/vnncomp2025_benchmarks/benchmarks/malbeware/onnx/malware_malimg_family_scaled_linear-25.onnx,/home/elipregerson/nnenum/vnncomp2025_benchmarks/benchmarks/malbeware/vnnlib/malbeware_family-Lolyda.AA1_label-12_eps-3_idx-64.vnnlib,.006117033,unsat,1.929166682
malbeware,/home/elipregerson/nnenum/vnncomp2025_benchmarks/benchmarks/malbeware/onnx/malware_malimg_family_scaled_linear-25.onnx,/home/elipregerson/nnenum/vnncomp2025_benchmarks/benchmarks/malbeware/vnnlib/malbeware_family-Agent.FYI_label-1_eps-2_idx-8.vnnlib,.006308889,unsat,1.893135276
malbeware,/home/elipregerson/nnenum/vnncomp2025_benchmarks/benchmarks/malbeware/onnx/malware_malimg_family_scaled_linear-25.onnx,/home/elipregerson/nnenum/vnncomp2025_benchmarks/benchmarks/malbeware/vnnlib/malbeware_family-Alueron.gen!J_label-4_eps-3_idx-21.vnnlib,.006200636,unsat,1.899364816
malbeware,/home/elipregerson/nnenum/vnncomp2025_benchmarks/benchmarks/malbeware/onnx/malware_malimg_family_scaled_linear-25.onnx,/home/elipregerson/nnenum/vnncomp2025_benchmarks/benchmarks/malbeware/vnnlib/malbeware_family-Rbotigen_label-18_eps-2_idx-92.vnnlib,.006023349,unsat,1.876801463
malbeware,/home/elipregerson/nnenum/vnncomp2025_benchmarks/benchmarks/malbeware/onnx/malware_malimg_family_scaled_linear-25.onnx,/home/elipregerson/nnenum/vnncomp2025_benchmarks/benchmarks/malbeware/vnnlib/malbeware_family-Yuner.A_label-24_eps-3_idx-120.vnnlib,.006110344,unsat,1.875074598
malbeware,/home/elipregerson/nnenum/vnncomp2025_benchmarks/benchmarks/malbeware/onnx/malware_malimg_family_scaled_linear-25.onnx,/home/elipregerson/nnenum/vnncomp2025_benchmarks/benchmarks/malbeware/vnnlib/malbeware_family-Swizzor.gen!E_label-20_eps-3_idx-102.vnnlib,.005989851,unsat,1.886764279
malbeware,/home/elipregerson/nnenum/vnncomp2025_benchmarks/benchmarks/malbeware/onnx/malware_malimg_family_scaled_linear-25.onnx,/home/elipregerson/nnenum/vnncomp2025_benchmarks/benchmarks/malbeware/vnnlib/malbeware_family-Lolyda.AA1_label-12_eps-3_idx-60.vnnlib,.006055699,unsat,1.844106032
malbeware,/home/elipregerson/nnenum/vnncomp2025_benchmarks/benchmarks/malbeware/onnx/malware_malimg_family_scaled_linear-25.onnx,/home/elipregerson/nnenum/vnncomp2025_benchmarks/benchmarks/malbeware/vnnlib/malbeware_family-Skintrim.N_label-19_eps-1_idx-96.vnnlib,.006076467,unsat,1.874979267
malbeware,/home/elipregerson/nnenum/vnncomp2025_benchmarks/benchmarks/malbeware/onnx/malware_malimg_family_scaled_linear-25.onnx,/home/elipregerson/nnenum/vnncomp2025_benchmarks/benchmarks/malbeware/vnnlib/malbeware_family-Fakerean_label-10_eps-3_idx-54.vnnlib,.006105426,unsat,1.871900425
malbeware,/home/elipregerson/nnenum/vnncomp2025_benchmarks/benchmarks/malbeware/onnx/malware_malimg_family_scaled_linear-25.onnx,/home/elipregerson/nnenum/vnncomp2025_benchmarks/benchmarks/malbeware/vnnlib/malbeware_family-Allaple.L_label-3_eps-2_idx-16.vnnlib,.006019301,unsat,1.866917773
malbeware,/home/elipregerson/nnenum/vnncomp2025_benchmarks/benchmarks/malbeware/onnx/malware_malimg_family_scaled_linear-25.onnx,/home/elipregerson/nnenum/vnncomp2025_benchmarks/benchmarks/malbeware/vnnlib/malbeware_family-Adialer.C_label-0_eps-1_idx-4.vnnlib,.005941242,unsat,1.877881359
malbeware,/home/elipregerson/nnenum/vnncomp2025_benchmarks/benchmarks/malbeware/onnx/malware_malimg_family_scaled_linear-25.onnx,/home/elipregerson/nnenum/vnncomp2025_benchmarks/benchmarks/malbeware/vnnlib/malbeware_family-Wintrim.BX_label-23_eps-3_idx-119.vnnlib,.006237752,unsat,1.891010736
malbeware,/home/elipregerson/nnenum/vnncomp2025_benchmarks/benchmarks/malbeware/onnx/malware_malimg_family_scaled_linear-25.onnx,/home/elipregerson/nnenum/vnncomp2025_benchmarks/benchmarks/malbeware/vnnlib/malbeware_family-Rbotigen_label-18_eps-2_idx-94.vnnlib,.006055947,unsat,1.884096790
malbeware,/home/elipregerson/nnenum/vnncomp2025_benchmarks/benchmarks/malbeware/onnx/malware_malimg_family_scaled_linear-25.onnx,/home/elipregerson/nnenum/vnncomp2025_benchmarks/benchmarks/malbeware/vnnlib/malbeware_family-Obfuscator.AD_label-17_eps-2_idx-87.vnnlib,.006043330,unsat,1.883360092
malbeware,/home/elipregerson/nnenum/vnncomp2025_benchmarks/benchmarks/malbeware/onnx/malware_malimg_family_scaled_linear-25.onnx,/home/elipregerson/nnenum/vnncomp2025_benchmarks/benchmarks/malbeware/vnnlib/malbeware_family-Lolyda.AA3_label-14_eps-1_idx-71.vnnlib,.006012359,unsat,1.876861037
malbeware,/home/elipregerson/nnenum/vnncomp2025_benchmarks/benchmarks/malbeware/onnx/malware_malimg_family_scaled_linear-25.onnx,/home/elipregerson/nnenum/vnncomp2025_benchmarks/benchmarks/malbeware/vnnlib/malbeware_family-Malex.gen!J_label-16_eps-1_idx-84.vnnlib,.006014591,unsat,1.890049588
malbeware,/home/elipregerson/nnenum/vnncomp2025_benchmarks/benchmarks/malbeware/onnx/malware_malimg_family_scaled_linear-25.onnx,/home/elipregerson/nnenum/vnncomp2025_benchmarks/benchmarks/malbeware/vnnlib/malbeware_family-Dontovo.A_label-9_eps-1_idx-48.vnnlib,.006119061,unsat,1.861757888
malbeware,/home/elipregerson/nnenum/vnncomp2025_benchmarks/benchmarks/malbeware/onnx/malware_malimg_family_scaled_linear-25.onnx,/home/elipregerson/nnenum/vnncomp2025_benchmarks/benchmarks/malbeware/vnnlib/malbeware_family-Swizzor.gen!E_label-20_eps-3_idx-100.vnnlib,.006376167,sat,2.734528996
malbeware,/home/elipregerson/nnenum/vnncomp2025_benchmarks/benchmarks/malbeware/onnx/malware_malimg_family_scaled_linear-25.onnx,/home/elipregerson/nnenum/vnncomp2025_benchmarks/benchmarks/malbeware/vnnlib/malbeware_family-Wintrim.BX_label-23_eps-2_idx-117.vnnlib,.006249361,unsat,1.865416641
malbeware,/home/elipregerson/nnenum/vnncomp2025_benchmarks/benchmarks/malbeware/onnx/malware_malimg_family_scaled_linear-25.onnx,/home/elipregerson/nnenum/vnncomp2025_benchmarks/benchmarks/malbeware/vnnlib/malbeware_family-Autorun.K_label-5_eps-1_idx-25.vnnlib,.006090294,unsat,1.830159541
malbeware,/home/elipregerson/nnenum/vnncomp2025_benchmarks/benchmarks/malbeware/onnx/malware_malimg_family_scaled_linear-25.onnx,/home/elipregerson/nnenum/vnncomp2025_benchmarks/benchmarks/malbeware/vnnlib/malbeware_family-Lolyda.AA3_label-14_eps-3_idx-71.vnnlib,.006262320,unsat,1.860568336
malbeware,/home/elipregerson/nnenum/vnncomp2025_benchmarks/benchmarks/malbeware/onnx/malware_malimg_family_scaled_linear-25.onnx,/home/elipregerson/nnenum/vnncomp2025_benchmarks/benchmarks/malbeware/vnnlib/malbeware_family-Agent.FYI_label-1_eps-3_idx-8.vnnlib,.006634742,unsat,1.870700141
malbeware,/home/elipregerson/nnenum/vnncomp2025_benchmarks/benchmarks/malbeware/onnx/malware_malimg_family_scaled_linear-25.onnx,/home/elipregerson/nnenum/vnncomp2025_benchmarks/benchmarks/malbeware/vnnlib/malbeware_family-Allaple.A_label-2_eps-3_idx-12.vnnlib,.005955723,unsat,1.874147017
malbeware,/home/elipregerson/nnenum/vnncomp2025_benchmarks/benchmarks/malbeware/onnx/malware_malimg_family_scaled_linear-25.onnx,/home/elipregerson/nnenum/vnncomp2025_benchmarks/benchmarks/malbeware/vnnlib/malbeware_family-Lolyda.AA2_label-13_eps-2_idx-68.vnnlib,.006168245,unsat,1.881656923
malbeware,/home/elipregerson/nnenum/vnncomp2025_benchmarks/benchmarks/malbeware/onnx/malware_malimg_family_scaled_linear-25.onnx,/home/elipregerson/nnenum/vnncomp2025_benchmarks/benchmarks/malbeware/vnnlib/malbeware_family-Lolyda.AA2_label-13_eps-1_idx-66.vnnlib,.006271563,unsat,1.895191458
malbeware,/home/elipregerson/nnenum/vnncomp2025_benchmarks/benchmarks/malbeware/onnx/malware_malimg_family_scaled_linear-25.onnx,/home/elipregerson/nnenum/vnncomp2025_benchmarks/benchmarks/malbeware/vnnlib/malbeware_family-Autorun.K_label-5_eps-2_idx-29.vnnlib,.006236547,unsat,1.878279177
malbeware,/home/elipregerson/nnenum/vnncomp2025_benchmarks/benchmarks/malbeware/onnx/malware_malimg_family_scaled_linear-25.onnx,/home/elipregerson/nnenum/vnncomp2025_benchmarks/benchmarks/malbeware/vnnlib/malbeware_family-Lolyda.AT_label-15_eps-1_idx-79.vnnlib,.006204716,unsat,1.878443074
malbeware,/home/elipregerson/nnenum/vnncomp2025_benchmarks/benchmarks/malbeware/onnx/malware_malimg_family_scaled_linear-25.onnx,/home/elipregerson/nnenum/vnncomp2025_benchmarks/benchmarks/malbeware/vnnlib/malbeware_family-VB.AT_label-22_eps-2_idx-112.vnnlib,.006351063,unsat,1.891075429
malbeware,/home/elipregerson/nnenum/vnncomp2025_benchmarks/benchmarks/malbeware/onnx/malware_malimg_family_scaled_linear-25.onnx,/home/elipregerson/nnenum/vnncomp2025_benchmarks/benchmarks/malbeware/vnnlib/malbeware_family-C2LOP.P_label-6_eps-2_idx-30.vnnlib,.006020803,unsat,1.892201176
malbeware,/home/elipregerson/nnenum/vnncomp2025_benchmarks/benchmarks/malbeware/onnx/malware_malimg_family_scaled_linear-25.onnx,/home/elipregerson/nnenum/vnncomp2025_benchmarks/benchmarks/malbeware/vnnlib/malbeware_family-Instantaccess_label-11_eps-2_idx-57.vnnlib,.006011135,unsat,1.845041688
malbeware,/home/elipregerson/nnenum/vnncomp2025_benchmarks/benchmarks/malbeware/onnx/malware_malimg_family_scaled_linear-25.onnx,/home/elipregerson/nnenum/vnncomp2025_benchmarks/benchmarks/malbeware/vnnlib/malbeware_family-Dialplatform.B_label-8_eps-1_idx-40.vnnlib,.006132336,unsat,1.882185742
malbeware,/home/elipregerson/nnenum/vnncomp2025_benchmarks/benchmarks/malbeware/onnx/malware_malimg_family_scaled_linear-25.onnx,/home/elipregerson/nnenum/vnncomp2025_benchmarks/benchmarks/malbeware/vnnlib/malbeware_family-Malex.gen!J_label-16_eps-3_idx-82.vnnlib,.006082829,unsat,1.867716186
malbeware,/home/elipregerson/nnenum/vnncomp2025_benchmarks/benchmarks/malbeware/onnx/malware_malimg_family_scaled_linear-25.onnx,/home/elipregerson/nnenum/vnncomp2025_benchmarks/benchmarks/malbeware/vnnlib/malbeware_family-Autorun.K_label-5_eps-1_idx-27.vnnlib,.006082207,unsat,1.887303024
malbeware,/home/elipregerson/nnenum/vnncomp2025_benchmarks/benchmarks/malbeware/onnx/malware_malimg_family_scaled_linear-25.onnx,/home/elipregerson/nnenum/vnncomp2025_benchmarks/benchmarks/malbeware/vnnlib/malbeware_family-Allaple.L_label-3_eps-3_idx-16.vnnlib,.005995944,unsat,1.912316663
malbeware,/home/elipregerson/nnenum/vnncomp2025_benchmarks/benchmarks/malbeware/onnx/malware_malimg_family_scaled_linear-25.onnx,/home/elipregerson/nnenum/vnncomp2025_benchmarks/benchmarks/malbeware/vnnlib/malbeware_family-Allaple.L_label-3_eps-1_idx-18.vnnlib,.005975676,unsat,1.873441389
malbeware,/home/elipregerson/nnenum/vnncomp2025_benchmarks/benchmarks/malbeware/onnx/malware_malimg_family_scaled_linear-25.onnx,/home/elipregerson/nnenum/vnncomp2025_benchmarks/benchmarks/malbeware/vnnlib/malbeware_family-Swizzor.gen!E_label-20_eps-2_idx-104.vnnlib,.006450465,unsat,1.887939244
malbeware,/home/elipregerson/nnenum/vnncomp2025_benchmarks/benchmarks/malbeware/onnx/malware_malimg_family_scaled_linear-25.onnx,/home/elipregerson/nnenum/vnncomp2025_benchmarks/benchmarks/malbeware/vnnlib/malbeware_family-VB.AT_label-22_eps-3_idx-111.vnnlib,.005993122,unsat,1.891595387
malbeware,/home/elipregerson/nnenum/vnncomp2025_benchmarks/benchmarks/malbeware/onnx/malware_malimg_family_scaled_linear-25.onnx,/home/elipregerson/nnenum/vnncomp2025_benchmarks/benchmarks/malbeware/vnnlib/malbeware_family-Rbotigen_label-18_eps-2_idx-93.vnnlib,.005950716,unsat,1.875105441
malbeware,/home/elipregerson/nnenum/vnncomp2025_benchmarks/benchmarks/malbeware/onnx/malware_malimg_family_scaled_linear-25.onnx,/home/elipregerson/nnenum/vnncomp2025_benchmarks/benchmarks/malbeware/vnnlib/malbeware_family-Lolyda.AT_label-15_eps-2_idx-76.vnnlib,.006020171,unsat,1.879333821
malbeware,/home/elipregerson/nnenum/vnncomp2025_benchmarks/benchmarks/malbeware/onnx/malware_malimg_family_scaled_linear-25.onnx,/home/elipregerson/nnenum/vnncomp2025_benchmarks/benchmarks/malbeware/vnnlib/malbeware_family-C2LOP.P_label-6_eps-2_idx-31.vnnlib,.006143226,unsat,1.882057972
malbeware,/home/elipregerson/nnenum/vnncomp2025_benchmarks/benchmarks/malbeware/onnx/malware_malimg_family_scaled_linear-25.onnx,/home/elipregerson/nnenum/vnncomp2025_benchmarks/benchmarks/malbeware/vnnlib/malbeware_family-Allaple.L_label-3_eps-2_idx-18.vnnlib,.006080097,unsat,1.884336555
malbeware,/home/elipregerson/nnenum/vnncomp2025_benchmarks/benchmarks/malbeware/onnx/malware_malimg_family_scaled_linear-25.onnx,/home/elipregerson/nnenum/vnncomp2025_benchmarks/benchmarks/malbeware/vnnlib/malbeware_family-Autorun.K_label-5_eps-1_idx-28.vnnlib,.006141794,unsat,1.902398931
malbeware,/home/elipregerson/nnenum/vnncomp2025_benchmarks/benchmarks/malbeware/onnx/malware_malimg_family_scaled_linear-25.onnx,/home/elipregerson/nnenum/vnncomp2025_benchmarks/benchmarks/malbeware/vnnlib/malbeware_family-Allaple.A_label-2_eps-2_idx-13.vnnlib,.006003832,unsat,1.894346975
malbeware,/home/elipregerson/nnenum/vnncomp2025_benchmarks/benchmarks/malbeware/onnx/malware_malimg_family_scaled_linear-25.onnx,/home/elipregerson/nnenum/vnncomp2025_benchmarks/benchmarks/malbeware/vnnlib/malbeware_family-Alueron.gen!J_label-4_eps-1_idx-23.vnnlib,.005984645,unsat,1.905165621
malbeware,/home/elipregerson/nnenum/vnncomp2025_benchmarks/benchmarks/malbeware/onnx/malware_malimg_family_scaled_linear-25.onnx,/home/elipregerson/nnenum/vnncomp2025_benchmarks/benchmarks/malbeware/vnnlib/malbeware_family-Dialplatform.B_label-8_eps-2_idx-43.vnnlib,.007557344,unsat,1.911751232
malbeware,/home/elipregerson/nnenum/vnncomp2025_benchmarks/benchmarks/malbeware/onnx/malware_malimg_family_scaled_linear-25.onnx,/home/elipregerson/nnenum/vnncomp2025_benchmarks/benchmarks/malbeware/vnnlib/malbeware_family-Instantaccess_label-11_eps-2_idx-55.vnnlib,.005994748,unsat,1.885966785
malbeware,/home/elipregerson/nnenum/vnncomp2025_benchmarks/benchmarks/malbeware/onnx/malware_malimg_family_scaled_4-25.onnx,/home/elipregerson/nnenum/vnncomp2025_benchmarks/benchmarks/malbeware/vnnlib/malbeware_family-Obfuscator.AD_label-17_eps-1_idx-89.vnnlib,.006122086,error_exit_code_1,.759599746
malbeware,/home/elipregerson/nnenum/vnncomp2025_benchmarks/benchmarks/malbeware/onnx/malware_malimg_family_scaled_4-25.onnx,/home/elipregerson/nnenum/vnncomp2025_benchmarks/benchmarks/malbeware/vnnlib/malbeware_family-VB.AT_label-22_eps-3_idx-112.vnnlib,.006259193,error_exit_code_1,.755829956
malbeware,/home/elipregerson/nnenum/vnncomp2025_benchmarks/benchmarks/malbeware/onnx/malware_malimg_family_scaled_4-25.onnx,/home/elipregerson/nnenum/vnncomp2025_benchmarks/benchmarks/malbeware/vnnlib/malbeware_family-Allaple.A_label-2_eps-3_idx-11.vnnlib,.005945148,error_exit_code_1,.741675465
malbeware,/home/elipregerson/nnenum/vnncomp2025_benchmarks/benchmarks/malbeware/onnx/malware_malimg_family_scaled_4-25.onnx,/home/elipregerson/nnenum/vnncomp2025_benchmarks/benchmarks/malbeware/vnnlib/malbeware_family-Skintrim.N_label-19_eps-3_idx-96.vnnlib,.007013040,error_exit_code_1,.756639963
malbeware,/home/elipregerson/nnenum/vnncomp2025_benchmarks/benchmarks/malbeware/onnx/malware_malimg_family_scaled_4-25.onnx,/home/elipregerson/nnenum/vnncomp2025_benchmarks/benchmarks/malbeware/vnnlib/malbeware_family-Lolyda.AA1_label-12_eps-3_idx-64.vnnlib,.005993105,error_exit_code_1,.761583818
malbeware,/home/elipregerson/nnenum/vnncomp2025_benchmarks/benchmarks/malbeware/onnx/malware_malimg_family_scaled_4-25.onnx,/home/elipregerson/nnenum/vnncomp2025_benchmarks/benchmarks/malbeware/vnnlib/malbeware_family-Agent.FYI_label-1_eps-2_idx-8.vnnlib,.006003376,error_exit_code_1,.744758977
malbeware,/home/elipregerson/nnenum/vnncomp2025_benchmarks/benchmarks/malbeware/onnx/malware_malimg_family_scaled_4-25.onnx,/home/elipregerson/nnenum/vnncomp2025_benchmarks/benchmarks/malbeware/vnnlib/malbeware_family-Alueron.gen!J_label-4_eps-3_idx-21.vnnlib,.006204175,error_exit_code_1,.751876849
malbeware,/home/elipregerson/nnenum/vnncomp2025_benchmarks/benchmarks/malbeware/onnx/malware_malimg_family_scaled_4-25.onnx,/home/elipregerson/nnenum/vnncomp2025_benchmarks/benchmarks/malbeware/vnnlib/malbeware_family-Rbotigen_label-18_eps-2_idx-92.vnnlib,.006171729,error_exit_code_1,.755081611
malbeware,/home/elipregerson/nnenum/vnncomp2025_benchmarks/benchmarks/malbeware/onnx/malware_malimg_family_scaled_4-25.onnx,/home/elipregerson/nnenum/vnncomp2025_benchmarks/benchmarks/malbeware/vnnlib/malbeware_family-Yuner.A_label-24_eps-3_idx-120.vnnlib,.006024805,error_exit_code_1,.758847804
malbeware,/home/elipregerson/nnenum/vnncomp2025_benchmarks/benchmarks/malbeware/onnx/malware_malimg_family_scaled_4-25.onnx,/home/elipregerson/nnenum/vnncomp2025_benchmarks/benchmarks/malbeware/vnnlib/malbeware_family-Swizzor.gen!E_label-20_eps-3_idx-102.vnnlib,.006067800,error_exit_code_1,.743672107
malbeware,/home/elipregerson/nnenum/vnncomp2025_benchmarks/benchmarks/malbeware/onnx/malware_malimg_family_scaled_4-25.onnx,/home/elipregerson/nnenum/vnncomp2025_benchmarks/benchmarks/malbeware/vnnlib/malbeware_family-Lolyda.AA1_label-12_eps-3_idx-60.vnnlib,.005950166,error_exit_code_1,.741145055
malbeware,/home/elipregerson/nnenum/vnncomp2025_benchmarks/benchmarks/malbeware/onnx/malware_malimg_family_scaled_4-25.onnx,/home/elipregerson/nnenum/vnncomp2025_benchmarks/benchmarks/malbeware/vnnlib/malbeware_family-Skintrim.N_label-19_eps-1_idx-96.vnnlib,.006091053,error_exit_code_1,.761224435
malbeware,/home/elipregerson/nnenum/vnncomp2025_benchmarks/benchmarks/malbeware/onnx/malware_malimg_family_scaled_4-25.onnx,/home/elipregerson/nnenum/vnncomp2025_benchmarks/benchmarks/malbeware/vnnlib/malbeware_family-Fakerean_label-10_eps-3_idx-54.vnnlib,.005918167,error_exit_code_1,.759025682
malbeware,/home/elipregerson/nnenum/vnncomp2025_benchmarks/benchmarks/malbeware/onnx/malware_malimg_family_scaled_4-25.onnx,/home/elipregerson/nnenum/vnncomp2025_benchmarks/benchmarks/malbeware/vnnlib/malbeware_family-Allaple.L_label-3_eps-2_idx-16.vnnlib,.006058133,error_exit_code_1,.754970714
malbeware,/home/elipregerson/nnenum/vnncomp2025_benchmarks/benchmarks/malbeware/onnx/malware_malimg_family_scaled_4-25.onnx,/home/elipregerson/nnenum/vnncomp2025_benchmarks/benchmarks/malbeware/vnnlib/malbeware_family-Adialer.C_label-0_eps-1_idx-4.vnnlib,.006075832,error_exit_code_1,.776653692
malbeware,/home/elipregerson/nnenum/vnncomp2025_benchmarks/benchmarks/malbeware/onnx/malware_malimg_family_scaled_4-25.onnx,/home/elipregerson/nnenum/vnncomp2025_benchmarks/benchmarks/malbeware/vnnlib/malbeware_family-Wintrim.BX_label-23_eps-3_idx-119.vnnlib,.006450935,error_exit_code_1,.774660789
malbeware,/home/elipregerson/nnenum/vnncomp2025_benchmarks/benchmarks/malbeware/onnx/malware_malimg_family_scaled_4-25.onnx,/home/elipregerson/nnenum/vnncomp2025_benchmarks/benchmarks/malbeware/vnnlib/malbeware_family-Rbotigen_label-18_eps-2_idx-94.vnnlib,.005971359,error_exit_code_1,.760199026
malbeware,/home/elipregerson/nnenum/vnncomp2025_benchmarks/benchmarks/malbeware/onnx/malware_malimg_family_scaled_4-25.onnx,/home/elipregerson/nnenum/vnncomp2025_benchmarks/benchmarks/malbeware/vnnlib/malbeware_family-Obfuscator.AD_label-17_eps-2_idx-87.vnnlib,.006094219,error_exit_code_1,.775698107
malbeware,/home/elipregerson/nnenum/vnncomp2025_benchmarks/benchmarks/malbeware/onnx/malware_malimg_family_scaled_4-25.onnx,/home/elipregerson/nnenum/vnncomp2025_benchmarks/benchmarks/malbeware/vnnlib/malbeware_family-Lolyda.AA3_label-14_eps-1_idx-71.vnnlib,.006205495,error_exit_code_1,.742347639
malbeware,/home/elipregerson/nnenum/vnncomp2025_benchmarks/benchmarks/malbeware/onnx/malware_malimg_family_scaled_4-25.onnx,/home/elipregerson/nnenum/vnncomp2025_benchmarks/benchmarks/malbeware/vnnlib/malbeware_family-Malex.gen!J_label-16_eps-1_idx-84.vnnlib,.006030555,error_exit_code_1,.746764554
malbeware,/home/elipregerson/nnenum/vnncomp2025_benchmarks/benchmarks/malbeware/onnx/malware_malimg_family_scaled_4-25.onnx,/home/elipregerson/nnenum/vnncomp2025_benchmarks/benchmarks/malbeware/vnnlib/malbeware_family-Dontovo.A_label-9_eps-1_idx-48.vnnlib,.006133108,error_exit_code_1,.735378498
malbeware,/home/elipregerson/nnenum/vnncomp2025_benchmarks/benchmarks/malbeware/onnx/malware_malimg_family_scaled_4-25.onnx,/home/elipregerson/nnenum/vnncomp2025_benchmarks/benchmarks/malbeware/vnnlib/malbeware_family-Swizzor.gen!E_label-20_eps-3_idx-100.vnnlib,.006087290,error_exit_code_1,.754734267
malbeware,/home/elipregerson/nnenum/vnncomp2025_benchmarks/benchmarks/malbeware/onnx/malware_malimg_family_scaled_4-25.onnx,/home/elipregerson/nnenum/vnncomp2025_benchmarks/benchmarks/malbeware/vnnlib/malbeware_family-Wintrim.BX_label-23_eps-2_idx-117.vnnlib,.005993029,error_exit_code_1,.740589191
malbeware,/home/elipregerson/nnenum/vnncomp2025_benchmarks/benchmarks/malbeware/onnx/malware_malimg_family_scaled_4-25.onnx,/home/elipregerson/nnenum/vnncomp2025_benchmarks/benchmarks/malbeware/vnnlib/malbeware_family-Autorun.K_label-5_eps-1_idx-25.vnnlib,.006058195,error_exit_code_1,.745761127
malbeware,/home/elipregerson/nnenum/vnncomp2025_benchmarks/benchmarks/malbeware/onnx/malware_malimg_family_scaled_4-25.onnx,/home/elipregerson/nnenum/vnncomp2025_benchmarks/benchmarks/malbeware/vnnlib/malbeware_family-Lolyda.AA3_label-14_eps-3_idx-71.vnnlib,.006168597,error_exit_code_1,.735641360
malbeware,/home/elipregerson/nnenum/vnncomp2025_benchmarks/benchmarks/malbeware/onnx/malware_malimg_family_scaled_4-25.onnx,/home/elipregerson/nnenum/vnncomp2025_benchmarks/benchmarks/malbeware/vnnlib/malbeware_family-Agent.FYI_label-1_eps-3_idx-8.vnnlib,.006005649,error_exit_code_1,.732736091
malbeware,/home/elipregerson/nnenum/vnncomp2025_benchmarks/benchmarks/malbeware/onnx/malware_malimg_family_scaled_4-25.onnx,/home/elipregerson/nnenum/vnncomp2025_benchmarks/benchmarks/malbeware/vnnlib/malbeware_family-Allaple.A_label-2_eps-3_idx-12.vnnlib,.006097000,error_exit_code_1,.748693182
malbeware,/home/elipregerson/nnenum/vnncomp2025_benchmarks/benchmarks/malbeware/onnx/malware_malimg_family_scaled_4-25.onnx,/home/elipregerson/nnenum/vnncomp2025_benchmarks/benchmarks/malbeware/vnnlib/malbeware_family-Lolyda.AA2_label-13_eps-2_idx-68.vnnlib,.006052178,error_exit_code_1,.743544953
malbeware,/home/elipregerson/nnenum/vnncomp2025_benchmarks/benchmarks/malbeware/onnx/malware_malimg_family_scaled_4-25.onnx,/home/elipregerson/nnenum/vnncomp2025_benchmarks/benchmarks/malbeware/vnnlib/malbeware_family-Lolyda.AA2_label-13_eps-1_idx-66.vnnlib,.006110898,error_exit_code_1,.753089897
malbeware,/home/elipregerson/nnenum/vnncomp2025_benchmarks/benchmarks/malbeware/onnx/malware_malimg_family_scaled_4-25.onnx,/home/elipregerson/nnenum/vnncomp2025_benchmarks/benchmarks/malbeware/vnnlib/malbeware_family-Autorun.K_label-5_eps-2_idx-29.vnnlib,.005945251,error_exit_code_1,.742929968
malbeware,/home/elipregerson/nnenum/vnncomp2025_benchmarks/benchmarks/malbeware/onnx/malware_malimg_family_scaled_4-25.onnx,/home/elipregerson/nnenum/vnncomp2025_benchmarks/benchmarks/malbeware/vnnlib/malbeware_family-Lolyda.AT_label-15_eps-1_idx-79.vnnlib,.006165533,error_exit_code_1,.748932816
malbeware,/home/elipregerson/nnenum/vnncomp2025_benchmarks/benchmarks/malbeware/onnx/malware_malimg_family_scaled_4-25.onnx,/home/elipregerson/nnenum/vnncomp2025_benchmarks/benchmarks/malbeware/vnnlib/malbeware_family-VB.AT_label-22_eps-2_idx-112.vnnlib,.006122722,error_exit_code_1,.756615870
malbeware,/home/elipregerson/nnenum/vnncomp2025_benchmarks/benchmarks/malbeware/onnx/malware_malimg_family_scaled_4-25.onnx,/home/elipregerson/nnenum/vnncomp2025_benchmarks/benchmarks/malbeware/vnnlib/malbeware_family-C2LOP.P_label-6_eps-2_idx-30.vnnlib,.006153696,error_exit_code_1,.764559347
malbeware,/home/elipregerson/nnenum/vnncomp2025_benchmarks/benchmarks/malbeware/onnx/malware_malimg_family_scaled_4-25.onnx,/home/elipregerson/nnenum/vnncomp2025_benchmarks/benchmarks/malbeware/vnnlib/malbeware_family-Instantaccess_label-11_eps-2_idx-57.vnnlib,.006216723,error_exit_code_1,.746989713
malbeware,/home/elipregerson/nnenum/vnncomp2025_benchmarks/benchmarks/malbeware/onnx/malware_malimg_family_scaled_4-25.onnx,/home/elipregerson/nnenum/vnncomp2025_benchmarks/benchmarks/malbeware/vnnlib/malbeware_family-Dialplatform.B_label-8_eps-1_idx-40.vnnlib,.006103343,error_exit_code_1,.741174037
malbeware,/home/elipregerson/nnenum/vnncomp2025_benchmarks/benchmarks/malbeware/onnx/malware_malimg_family_scaled_4-25.onnx,/home/elipregerson/nnenum/vnncomp2025_benchmarks/benchmarks/malbeware/vnnlib/malbeware_family-Malex.gen!J_label-16_eps-3_idx-82.vnnlib,.006172567,error_exit_code_1,.743545871
malbeware,/home/elipregerson/nnenum/vnncomp2025_benchmarks/benchmarks/malbeware/onnx/malware_malimg_family_scaled_4-25.onnx,/home/elipregerson/nnenum/vnncomp2025_benchmarks/benchmarks/malbeware/vnnlib/malbeware_family-Autorun.K_label-5_eps-1_idx-27.vnnlib,.005989485,error_exit_code_1,.743278680
malbeware,/home/elipregerson/nnenum/vnncomp2025_benchmarks/benchmarks/malbeware/onnx/malware_malimg_family_scaled_4-25.onnx,/home/elipregerson/nnenum/vnncomp2025_benchmarks/benchmarks/malbeware/vnnlib/malbeware_family-Allaple.L_label-3_eps-3_idx-16.vnnlib,.006213407,error_exit_code_1,.739350415
malbeware,/home/elipregerson/nnenum/vnncomp2025_benchmarks/benchmarks/malbeware/onnx/malware_malimg_family_scaled_4-25.onnx,/home/elipregerson/nnenum/vnncomp2025_benchmarks/benchmarks/malbeware/vnnlib/malbeware_family-Allaple.L_label-3_eps-1_idx-18.vnnlib,.005962880,error_exit_code_1,.750151632
malbeware,/home/elipregerson/nnenum/vnncomp2025_benchmarks/benchmarks/malbeware/onnx/malware_malimg_family_scaled_4-25.onnx,/home/elipregerson/nnenum/vnncomp2025_benchmarks/benchmarks/malbeware/vnnlib/malbeware_family-Swizzor.gen!E_label-20_eps-2_idx-104.vnnlib,.005996766,error_exit_code_1,.752125037
malbeware,/home/elipregerson/nnenum/vnncomp2025_benchmarks/benchmarks/malbeware/onnx/malware_malimg_family_scaled_4-25.onnx,/home/elipregerson/nnenum/vnncomp2025_benchmarks/benchmarks/malbeware/vnnlib/malbeware_family-VB.AT_label-22_eps-3_idx-111.vnnlib,.005844952,error_exit_code_1,.743309630
malbeware,/home/elipregerson/nnenum/vnncomp2025_benchmarks/benchmarks/malbeware/onnx/malware_malimg_family_scaled_4-25.onnx,/home/elipregerson/nnenum/vnncomp2025_benchmarks/benchmarks/malbeware/vnnlib/malbeware_family-Rbotigen_label-18_eps-2_idx-93.vnnlib,.006061218,error_exit_code_1,.740655091
malbeware,/home/elipregerson/nnenum/vnncomp2025_benchmarks/benchmarks/malbeware/onnx/malware_malimg_family_scaled_4-25.onnx,/home/elipregerson/nnenum/vnncomp2025_benchmarks/benchmarks/malbeware/vnnlib/malbeware_family-Lolyda.AT_label-15_eps-2_idx-76.vnnlib,.006109324,error_exit_code_1,.738306631
malbeware,/home/elipregerson/nnenum/vnncomp2025_benchmarks/benchmarks/malbeware/onnx/malware_malimg_family_scaled_4-25.onnx,/home/elipregerson/nnenum/vnncomp2025_benchmarks/benchmarks/malbeware/vnnlib/malbeware_family-C2LOP.P_label-6_eps-2_idx-31.vnnlib,.006022506,error_exit_code_1,.741023277
malbeware,/home/elipregerson/nnenum/vnncomp2025_benchmarks/benchmarks/malbeware/onnx/malware_malimg_family_scaled_4-25.onnx,/home/elipregerson/nnenum/vnncomp2025_benchmarks/benchmarks/malbeware/vnnlib/malbeware_family-Allaple.L_label-3_eps-2_idx-18.vnnlib,.006111546,error_exit_code_1,.742649161
malbeware,/home/elipregerson/nnenum/vnncomp2025_benchmarks/benchmarks/malbeware/onnx/malware_malimg_family_scaled_4-25.onnx,/home/elipregerson/nnenum/vnncomp2025_benchmarks/benchmarks/malbeware/vnnlib/malbeware_family-Autorun.K_label-5_eps-1_idx-28.vnnlib,.006102366,error_exit_code_1,.738325968
malbeware,/home/elipregerson/nnenum/vnncomp2025_benchmarks/benchmarks/malbeware/onnx/malware_malimg_family_scaled_4-25.onnx,/home/elipregerson/nnenum/vnncomp2025_benchmarks/benchmarks/malbeware/vnnlib/malbeware_family-Allaple.A_label-2_eps-2_idx-13.vnnlib,.006043838,error_exit_code_1,.747330460
malbeware,/home/elipregerson/nnenum/vnncomp2025_benchmarks/benchmarks/malbeware/onnx/malware_malimg_family_scaled_4-25.onnx,/home/elipregerson/nnenum/vnncomp2025_benchmarks/benchmarks/malbeware/vnnlib/malbeware_family-Alueron.gen!J_label-4_eps-1_idx-23.vnnlib,.006080118,error_exit_code_1,.743618768
malbeware,/home/elipregerson/nnenum/vnncomp2025_benchmarks/benchmarks/malbeware/onnx/malware_malimg_family_scaled_4-25.onnx,/home/elipregerson/nnenum/vnncomp2025_benchmarks/benchmarks/malbeware/vnnlib/malbeware_family-Dialplatform.B_label-8_eps-2_idx-43.vnnlib,.006006148,error_exit_code_1,.748251185
malbeware,/home/elipregerson/nnenum/vnncomp2025_benchmarks/benchmarks/malbeware/onnx/malware_malimg_family_scaled_4-25.onnx,/home/elipregerson/nnenum/vnncomp2025_benchmarks/benchmarks/malbeware/vnnlib/malbeware_family-Instantaccess_label-11_eps-2_idx-55.vnnlib,.006052337,error_exit_code_1,.739856375
malbeware,/home/elipregerson/nnenum/vnncomp2025_benchmarks/benchmarks/malbeware/onnx/malware_malimg_family_scaled_16-25.onnx,/home/elipregerson/nnenum/vnncomp2025_benchmarks/benchmarks/malbeware/vnnlib/malbeware_family-Obfuscator.AD_label-17_eps-1_idx-89.vnnlib,.006268119,error_exit_code_1,.772304645
malbeware,/home/elipregerson/nnenum/vnncomp2025_benchmarks/benchmarks/malbeware/onnx/malware_malimg_family_scaled_16-25.onnx,/home/elipregerson/nnenum/vnncomp2025_benchmarks/benchmarks/malbeware/vnnlib/malbeware_family-VB.AT_label-22_eps-3_idx-112.vnnlib,.006051274,error_exit_code_1,.776846781
malbeware,/home/elipregerson/nnenum/vnncomp2025_benchmarks/benchmarks/malbeware/onnx/malware_malimg_family_scaled_16-25.onnx,/home/elipregerson/nnenum/vnncomp2025_benchmarks/benchmarks/malbeware/vnnlib/malbeware_family-Allaple.A_label-2_eps-3_idx-11.vnnlib,.005992075,error_exit_code_1,.778201072
malbeware,/home/elipregerson/nnenum/vnncomp2025_benchmarks/benchmarks/malbeware/onnx/malware_malimg_family_scaled_16-25.onnx,/home/elipregerson/nnenum/vnncomp2025_benchmarks/benchmarks/malbeware/vnnlib/malbeware_family-Skintrim.N_label-19_eps-3_idx-96.vnnlib,.006128084,error_exit_code_1,.770500982
malbeware,/home/elipregerson/nnenum/vnncomp2025_benchmarks/benchmarks/malbeware/onnx/malware_malimg_family_scaled_16-25.onnx,/home/elipregerson/nnenum/vnncomp2025_benchmarks/benchmarks/malbeware/vnnlib/malbeware_family-Lolyda.AA1_label-12_eps-3_idx-64.vnnlib,.006110377,error_exit_code_1,.768234727
malbeware,/home/elipregerson/nnenum/vnncomp2025_benchmarks/benchmarks/malbeware/onnx/malware_malimg_family_scaled_16-25.onnx,/home/elipregerson/nnenum/vnncomp2025_benchmarks/benchmarks/malbeware/vnnlib/malbeware_family-Agent.FYI_label-1_eps-2_idx-8.vnnlib,.006051744,error_exit_code_1,.780229291
malbeware,/home/elipregerson/nnenum/vnncomp2025_benchmarks/benchmarks/malbeware/onnx/malware_malimg_family_scaled_16-25.onnx,/home/elipregerson/nnenum/vnncomp2025_benchmarks/benchmarks/malbeware/vnnlib/malbeware_family-Alueron.gen!J_label-4_eps-3_idx-21.vnnlib,.006098142,error_exit_code_1,.775253624
malbeware,/home/elipregerson/nnenum/vnncomp2025_benchmarks/benchmarks/malbeware/onnx/malware_malimg_family_scaled_16-25.onnx,/home/elipregerson/nnenum/vnncomp2025_benchmarks/benchmarks/malbeware/vnnlib/malbeware_family-Rbotigen_label-18_eps-2_idx-92.vnnlib,.006009172,error_exit_code_1,.780488404
malbeware,/home/elipregerson/nnenum/vnncomp2025_benchmarks/benchmarks/malbeware/onnx/malware_malimg_family_scaled_16-25.onnx,/home/elipregerson/nnenum/vnncomp2025_benchmarks/benchmarks/malbeware/vnnlib/malbeware_family-Yuner.A_label-24_eps-3_idx-120.vnnlib,.006047885,error_exit_code_1,.783913340
malbeware,/home/elipregerson/nnenum/vnncomp2025_benchmarks/benchmarks/malbeware/onnx/malware_malimg_family_scaled_16-25.onnx,/home/elipregerson/nnenum/vnncomp2025_benchmarks/benchmarks/malbeware/vnnlib/malbeware_family-Swizzor.gen!E_label-20_eps-3_idx-102.vnnlib,.006088570,error_exit_code_1,.779067743
malbeware,/home/elipregerson/nnenum/vnncomp2025_benchmarks/benchmarks/malbeware/onnx/malware_malimg_family_scaled_16-25.onnx,/home/elipregerson/nnenum/vnncomp2025_benchmarks/benchmarks/malbeware/vnnlib/malbeware_family-Lolyda.AA1_label-12_eps-3_idx-60.vnnlib,.006114537,error_exit_code_1,.777564417
malbeware,/home/elipregerson/nnenum/vnncomp2025_benchmarks/benchmarks/malbeware/onnx/malware_malimg_family_scaled_16-25.onnx,/home/elipregerson/nnenum/vnncomp2025_benchmarks/benchmarks/malbeware/vnnlib/malbeware_family-Skintrim.N_label-19_eps-1_idx-96.vnnlib,.005943867,error_exit_code_1,.778543654
malbeware,/home/elipregerson/nnenum/vnncomp2025_benchmarks/benchmarks/malbeware/onnx/malware_malimg_family_scaled_16-25.onnx,/home/elipregerson/nnenum/vnncomp2025_benchmarks/benchmarks/malbeware/vnnlib/malbeware_family-Fakerean_label-10_eps-3_idx-54.vnnlib,.006214612,error_exit_code_1,.785684167
malbeware,/home/elipregerson/nnenum/vnncomp2025_benchmarks/benchmarks/malbeware/onnx/malware_malimg_family_scaled_16-25.onnx,/home/elipregerson/nnenum/vnncomp2025_benchmarks/benchmarks/malbeware/vnnlib/malbeware_family-Allaple.L_label-3_eps-2_idx-16.vnnlib,.006048985,error_exit_code_1,.787996861
malbeware,/home/elipregerson/nnenum/vnncomp2025_benchmarks/benchmarks/malbeware/onnx/malware_malimg_family_scaled_16-25.onnx,/home/elipregerson/nnenum/vnncomp2025_benchmarks/benchmarks/malbeware/vnnlib/malbeware_family-Adialer.C_label-0_eps-1_idx-4.vnnlib,.006043030,error_exit_code_1,.783460333
malbeware,/home/elipregerson/nnenum/vnncomp2025_benchmarks/benchmarks/malbeware/onnx/malware_malimg_family_scaled_16-25.onnx,/home/elipregerson/nnenum/vnncomp2025_benchmarks/benchmarks/malbeware/vnnlib/malbeware_family-Wintrim.BX_label-23_eps-3_idx-119.vnnlib,.006160554,error_exit_code_1,.779442405
malbeware,/home/elipregerson/nnenum/vnncomp2025_benchmarks/benchmarks/malbeware/onnx/malware_malimg_family_scaled_16-25.onnx,/home/elipregerson/nnenum/vnncomp2025_benchmarks/benchmarks/malbeware/vnnlib/malbeware_family-Rbotigen_label-18_eps-2_idx-94.vnnlib,.006028427,error_exit_code_1,.779715841
malbeware,/home/elipregerson/nnenum/vnncomp2025_benchmarks/benchmarks/malbeware/onnx/malware_malimg_family_scaled_16-25.onnx,/home/elipregerson/nnenum/vnncomp2025_benchmarks/benchmarks/malbeware/vnnlib/malbeware_family-Obfuscator.AD_label-17_eps-2_idx-87.vnnlib,.006152154,error_exit_code_1,.767033928
malbeware,/home/elipregerson/nnenum/vnncomp2025_benchmarks/benchmarks/malbeware/onnx/malware_malimg_family_scaled_16-25.onnx,/home/elipregerson/nnenum/vnncomp2025_benchmarks/benchmarks/malbeware/vnnlib/malbeware_family-Lolyda.AA3_label-14_eps-1_idx-71.vnnlib,.006023701,error_exit_code_1,.761998274
malbeware,/home/elipregerson/nnenum/vnncomp2025_benchmarks/benchmarks/malbeware/onnx/malware_malimg_family_scaled_16-25.onnx,/home/elipregerson/nnenum/vnncomp2025_benchmarks/benchmarks/malbeware/vnnlib/malbeware_family-Malex.gen!J_label-16_eps-1_idx-84.vnnlib,.006341929,error_exit_code_1,.770871999
malbeware,/home/elipregerson/nnenum/vnncomp2025_benchmarks/benchmarks/malbeware/onnx/malware_malimg_family_scaled_16-25.onnx,/home/elipregerson/nnenum/vnncomp2025_benchmarks/benchmarks/malbeware/vnnlib/malbeware_family-Dontovo.A_label-9_eps-1_idx-48.vnnlib,.006125449,error_exit_code_1,.762821390
malbeware,/home/elipregerson/nnenum/vnncomp2025_benchmarks/benchmarks/malbeware/onnx/malware_malimg_family_scaled_16-25.onnx,/home/elipregerson/nnenum/vnncomp2025_benchmarks/benchmarks/malbeware/vnnlib/malbeware_family-Swizzor.gen!E_label-20_eps-3_idx-100.vnnlib,.005932639,error_exit_code_1,.772327831
malbeware,/home/elipregerson/nnenum/vnncomp2025_benchmarks/benchmarks/malbeware/onnx/malware_malimg_family_scaled_16-25.onnx,/home/elipregerson/nnenum/vnncomp2025_benchmarks/benchmarks/malbeware/vnnlib/malbeware_family-Wintrim.BX_label-23_eps-2_idx-117.vnnlib,.005964795,error_exit_code_1,.787386893
malbeware,/home/elipregerson/nnenum/vnncomp2025_benchmarks/benchmarks/malbeware/onnx/malware_malimg_family_scaled_16-25.onnx,/home/elipregerson/nnenum/vnncomp2025_benchmarks/benchmarks/malbeware/vnnlib/malbeware_family-Autorun.K_label-5_eps-1_idx-25.vnnlib,.006009290,error_exit_code_1,.763850852
malbeware,/home/elipregerson/nnenum/vnncomp2025_benchmarks/benchmarks/malbeware/onnx/malware_malimg_family_scaled_16-25.onnx,/home/elipregerson/nnenum/vnncomp2025_benchmarks/benchmarks/malbeware/vnnlib/malbeware_family-Lolyda.AA3_label-14_eps-3_idx-71.vnnlib,.005964151,error_exit_code_1,.772903971
malbeware,/home/elipregerson/nnenum/vnncomp2025_benchmarks/benchmarks/malbeware/onnx/malware_malimg_family_scaled_16-25.onnx,/home/elipregerson/nnenum/vnncomp2025_benchmarks/benchmarks/malbeware/vnnlib/malbeware_family-Agent.FYI_label-1_eps-3_idx-8.vnnlib,.006134623,error_exit_code_1,.771319666
malbeware,/home/elipregerson/nnenum/vnncomp2025_benchmarks/benchmarks/malbeware/onnx/malware_malimg_family_scaled_16-25.onnx,/home/elipregerson/nnenum/vnncomp2025_benchmarks/benchmarks/malbeware/vnnlib/malbeware_family-Allaple.A_label-2_eps-3_idx-12.vnnlib,.006086703,error_exit_code_1,.773200479
malbeware,/home/elipregerson/nnenum/vnncomp2025_benchmarks/benchmarks/malbeware/onnx/malware_malimg_family_scaled_16-25.onnx,/home/elipregerson/nnenum/vnncomp2025_benchmarks/benchmarks/malbeware/vnnlib/malbeware_family-Lolyda.AA2_label-13_eps-2_idx-68.vnnlib,.006091424,error_exit_code_1,.770420600
malbeware,/home/elipregerson/nnenum/vnncomp2025_benchmarks/benchmarks/malbeware/onnx/malware_malimg_family_scaled_16-25.onnx,/home/elipregerson/nnenum/vnncomp2025_benchmarks/benchmarks/malbeware/vnnlib/malbeware_family-Lolyda.AA2_label-13_eps-1_idx-66.vnnlib,.006150453,error_exit_code_1,.757534562
malbeware,/home/elipregerson/nnenum/vnncomp2025_benchmarks/benchmarks/malbeware/onnx/malware_malimg_family_scaled_16-25.onnx,/home/elipregerson/nnenum/vnncomp2025_benchmarks/benchmarks/malbeware/vnnlib/malbeware_family-Autorun.K_label-5_eps-2_idx-29.vnnlib,.005995880,error_exit_code_1,.782318922
malbeware,/home/elipregerson/nnenum/vnncomp2025_benchmarks/benchmarks/malbeware/onnx/malware_malimg_family_scaled_16-25.onnx,/home/elipregerson/nnenum/vnncomp2025_benchmarks/benchmarks/malbeware/vnnlib/malbeware_family-Lolyda.AT_label-15_eps-1_idx-79.vnnlib,.006136571,error_exit_code_1,.775496673
malbeware,/home/elipregerson/nnenum/vnncomp2025_benchmarks/benchmarks/malbeware/onnx/malware_malimg_family_scaled_16-25.onnx,/home/elipregerson/nnenum/vnncomp2025_benchmarks/benchmarks/malbeware/vnnlib/malbeware_family-VB.AT_label-22_eps-2_idx-112.vnnlib,.006239929,error_exit_code_1,.773168024
malbeware,/home/elipregerson/nnenum/vnncomp2025_benchmarks/benchmarks/malbeware/onnx/malware_malimg_family_scaled_16-25.onnx,/home/elipregerson/nnenum/vnncomp2025_benchmarks/benchmarks/malbeware/vnnlib/malbeware_family-C2LOP.P_label-6_eps-2_idx-30.vnnlib,.006080032,error_exit_code_1,.779305925
malbeware,/home/elipregerson/nnenum/vnncomp2025_benchmarks/benchmarks/malbeware/onnx/malware_malimg_family_scaled_16-25.onnx,/home/elipregerson/nnenum/vnncomp2025_benchmarks/benchmarks/malbeware/vnnlib/malbeware_family-Instantaccess_label-11_eps-2_idx-57.vnnlib,.006129211,error_exit_code_1,.769006814
malbeware,/home/elipregerson/nnenum/vnncomp2025_benchmarks/benchmarks/malbeware/onnx/malware_malimg_family_scaled_16-25.onnx,/home/elipregerson/nnenum/vnncomp2025_benchmarks/benchmarks/malbeware/vnnlib/malbeware_family-Dialplatform.B_label-8_eps-1_idx-40.vnnlib,.005914055,error_exit_code_1,.775083058
malbeware,/home/elipregerson/nnenum/vnncomp2025_benchmarks/benchmarks/malbeware/onnx/malware_malimg_family_scaled_16-25.onnx,/home/elipregerson/nnenum/vnncomp2025_benchmarks/benchmarks/malbeware/vnnlib/malbeware_family-Malex.gen!J_label-16_eps-3_idx-82.vnnlib,.006068198,error_exit_code_1,.767589659
malbeware,/home/elipregerson/nnenum/vnncomp2025_benchmarks/benchmarks/malbeware/onnx/malware_malimg_family_scaled_16-25.onnx,/home/elipregerson/nnenum/vnncomp2025_benchmarks/benchmarks/malbeware/vnnlib/malbeware_family-Autorun.K_label-5_eps-1_idx-27.vnnlib,.005967527,error_exit_code_1,.767088246
malbeware,/home/elipregerson/nnenum/vnncomp2025_benchmarks/benchmarks/malbeware/onnx/malware_malimg_family_scaled_16-25.onnx,/home/elipregerson/nnenum/vnncomp2025_benchmarks/benchmarks/malbeware/vnnlib/malbeware_family-Allaple.L_label-3_eps-3_idx-16.vnnlib,.006041938,error_exit_code_1,.775403738
malbeware,/home/elipregerson/nnenum/vnncomp2025_benchmarks/benchmarks/malbeware/onnx/malware_malimg_family_scaled_16-25.onnx,/home/elipregerson/nnenum/vnncomp2025_benchmarks/benchmarks/malbeware/vnnlib/malbeware_family-Allaple.L_label-3_eps-1_idx-18.vnnlib,.006048388,error_exit_code_1,.767606556
malbeware,/home/elipregerson/nnenum/vnncomp2025_benchmarks/benchmarks/malbeware/onnx/malware_malimg_family_scaled_16-25.onnx,/home/elipregerson/nnenum/vnncomp2025_benchmarks/benchmarks/malbeware/vnnlib/malbeware_family-Swizzor.gen!E_label-20_eps-2_idx-104.vnnlib,.005997281,error_exit_code_1,.777302242
malbeware,/home/elipregerson/nnenum/vnncomp2025_benchmarks/benchmarks/malbeware/onnx/malware_malimg_family_scaled_16-25.onnx,/home/elipregerson/nnenum/vnncomp2025_benchmarks/benchmarks/malbeware/vnnlib/malbeware_family-VB.AT_label-22_eps-3_idx-111.vnnlib,.005980274,error_exit_code_1,.770522518
malbeware,/home/elipregerson/nnenum/vnncomp2025_benchmarks/benchmarks/malbeware/onnx/malware_malimg_family_scaled_16-25.onnx,/home/elipregerson/nnenum/vnncomp2025_benchmarks/benchmarks/malbeware/vnnlib/malbeware_family-Rbotigen_label-18_eps-2_idx-93.vnnlib,.005913194,error_exit_code_1,.776707089
malbeware,/home/elipregerson/nnenum/vnncomp2025_benchmarks/benchmarks/malbeware/onnx/malware_malimg_family_scaled_16-25.onnx,/home/elipregerson/nnenum/vnncomp2025_benchmarks/benchmarks/malbeware/vnnlib/malbeware_family-Lolyda.AT_label-15_eps-2_idx-76.vnnlib,.006022356,error_exit_code_1,.781352212
malbeware,/home/elipregerson/nnenum/vnncomp2025_benchmarks/benchmarks/malbeware/onnx/malware_malimg_family_scaled_16-25.onnx,/home/elipregerson/nnenum/vnncomp2025_benchmarks/benchmarks/malbeware/vnnlib/malbeware_family-C2LOP.P_label-6_eps-2_idx-31.vnnlib,.006121002,error_exit_code_1,.772877734
malbeware,/home/elipregerson/nnenum/vnncomp2025_benchmarks/benchmarks/malbeware/onnx/malware_malimg_family_scaled_16-25.onnx,/home/elipregerson/nnenum/vnncomp2025_benchmarks/benchmarks/malbeware/vnnlib/malbeware_family-Allaple.L_label-3_eps-2_idx-18.vnnlib,.006096986,error_exit_code_1,.762981413
malbeware,/home/elipregerson/nnenum/vnncomp2025_benchmarks/benchmarks/malbeware/onnx/malware_malimg_family_scaled_16-25.onnx,/home/elipregerson/nnenum/vnncomp2025_benchmarks/benchmarks/malbeware/vnnlib/malbeware_family-Autorun.K_label-5_eps-1_idx-28.vnnlib,.006097278,error_exit_code_1,.777647583
malbeware,/home/elipregerson/nnenum/vnncomp2025_benchmarks/benchmarks/malbeware/onnx/malware_malimg_family_scaled_16-25.onnx,/home/elipregerson/nnenum/vnncomp2025_benchmarks/benchmarks/malbeware/vnnlib/malbeware_family-Allaple.A_label-2_eps-2_idx-13.vnnlib,.006057372,error_exit_code_1,.769244303
malbeware,/home/elipregerson/nnenum/vnncomp2025_benchmarks/benchmarks/malbeware/onnx/malware_malimg_family_scaled_16-25.onnx,/home/elipregerson/nnenum/vnncomp2025_benchmarks/benchmarks/malbeware/vnnlib/malbeware_family-Alueron.gen!J_label-4_eps-1_idx-23.vnnlib,.006138382,error_exit_code_1,.774712188
malbeware,/home/elipregerson/nnenum/vnncomp2025_benchmarks/benchmarks/malbeware/onnx/malware_malimg_family_scaled_16-25.onnx,/home/elipregerson/nnenum/vnncomp2025_benchmarks/benchmarks/malbeware/vnnlib/malbeware_family-Dialplatform.B_label-8_eps-2_idx-43.vnnlib,.006093629,error_exit_code_1,.771872848
malbeware,/home/elipregerson/nnenum/vnncomp2025_benchmarks/benchmarks/malbeware/onnx/malware_malimg_family_scaled_16-25.onnx,/home/elipregerson/nnenum/vnncomp2025_benchmarks/benchmarks/malbeware/vnnlib/malbeware_family-Instantaccess_label-11_eps-2_idx-55.vnnlib,.005994696,error_exit_code_1,.766638728
malbeware,/home/elipregerson/nnenum/vnncomp2025_benchmarks/benchmarks/test/onnx/test_nano.onnx,/home/elipregerson/nnenum/vnncomp2025_benchmarks/benchmarks/test/vnnlib/test_nano.vnnlib,.005995597,error_exit_code_1,.522040690
metaroom_2023,/home/elipregerson/nnenum/vnncomp2025_benchmarks/benchmarks/metaroom_2023/./onnx/6cnn_tz_35_5_no_custom_OP.onnx,/home/elipregerson/nnenum/vnncomp2025_benchmarks/benchmarks/metaroom_2023/./vnnlib/spec_idx_176_eps_0.00001000.vnnlib,.006088554,error_exit_code_1,.933623531
metaroom_2023,/home/elipregerson/nnenum/vnncomp2025_benchmarks/benchmarks/metaroom_2023/./onnx/4cnn_tz_65_10_no_custom_OP.onnx,/home/elipregerson/nnenum/vnncomp2025_benchmarks/benchmarks/metaroom_2023/./vnnlib/spec_idx_79_eps_0.00001000.vnnlib,.006146927,error_exit_code_1,.750306181
metaroom_2023,/home/elipregerson/nnenum/vnncomp2025_benchmarks/benchmarks/metaroom_2023/./onnx/6cnn_tz_65_10_no_custom_OP.onnx,/home/elipregerson/nnenum/vnncomp2025_benchmarks/benchmarks/metaroom_2023/./vnnlib/spec_idx_196_eps_0.00001000.vnnlib,.006123731,error_exit_code_1,.981470181
metaroom_2023,/home/elipregerson/nnenum/vnncomp2025_benchmarks/benchmarks/metaroom_2023/./onnx/6cnn_ry_30_5_no_custom_OP.onnx,/home/elipregerson/nnenum/vnncomp2025_benchmarks/benchmarks/metaroom_2023/./vnnlib/spec_idx_114_eps_0.00000436.vnnlib,.006047393,error_exit_code_1,.956035365
metaroom_2023,/home/elipregerson/nnenum/vnncomp2025_benchmarks/benchmarks/metaroom_2023/./onnx/4cnn_ry_47_7_no_custom_OP.onnx,/home/elipregerson/nnenum/vnncomp2025_benchmarks/benchmarks/metaroom_2023/./vnnlib/spec_idx_23_eps_0.00000436.vnnlib,.006030997,error_exit_code_1,.751787682
metaroom_2023,/home/elipregerson/nnenum/vnncomp2025_benchmarks/benchmarks/metaroom_2023/./onnx/6cnn_ry_5_0_no_custom_OP.onnx,/home/elipregerson/nnenum/vnncomp2025_benchmarks/benchmarks/metaroom_2023/./vnnlib/spec_idx_130_eps_0.00000436.vnnlib,.006158229,error_exit_code_1,.952020236
metaroom_2023,/home/elipregerson/nnenum/vnncomp2025_benchmarks/benchmarks/metaroom_2023/./onnx/4cnn_ry_65_10_no_custom_OP.onnx,/home/elipregerson/nnenum/vnncomp2025_benchmarks/benchmarks/metaroom_2023/./vnnlib/spec_idx_33_eps_0.00000436.vnnlib,.006072621,error_exit_code_1,.733807081
metaroom_2023,/home/elipregerson/nnenum/vnncomp2025_benchmarks/benchmarks/metaroom_2023/./onnx/4cnn_tz_8_1_no_custom_OP.onnx,/home/elipregerson/nnenum/vnncomp2025_benchmarks/benchmarks/metaroom_2023/./vnnlib/spec_idx_88_eps_0.00001000.vnnlib,.006172099,error_exit_code_1,.743098286
metaroom_2023,/home/elipregerson/nnenum/vnncomp2025_benchmarks/benchmarks/metaroom_2023/./onnx/6cnn_ry_38_6_no_custom_OP.onnx,/home/elipregerson/nnenum/vnncomp2025_benchmarks/benchmarks/metaroom_2023/./vnnlib/spec_idx_118_eps_0.00000436.vnnlib,.006666607,error_exit_code_1,.939846447
metaroom_2023,/home/elipregerson/nnenum/vnncomp2025_benchmarks/benchmarks/metaroom_2023/./onnx/6cnn_ry_49_8_no_custom_OP.onnx,/home/elipregerson/nnenum/vnncomp2025_benchmarks/benchmarks/metaroom_2023/./vnnlib/spec_idx_124_eps_0.00000436.vnnlib,.006088777,error_exit_code_1,.943856997
metaroom_2023,/home/elipregerson/nnenum/vnncomp2025_benchmarks/benchmarks/metaroom_2023/./onnx/4cnn_ry_34_5_no_custom_OP.onnx,/home/elipregerson/nnenum/vnncomp2025_benchmarks/benchmarks/metaroom_2023/./vnnlib/spec_idx_12_eps_0.00000436.vnnlib,.006045817,error_exit_code_1,.741484580
metaroom_2023,/home/elipregerson/nnenum/vnncomp2025_benchmarks/benchmarks/metaroom_2023/./onnx/4cnn_tz_37_6_no_custom_OP.onnx,/home/elipregerson/nnenum/vnncomp2025_benchmarks/benchmarks/metaroom_2023/./vnnlib/spec_idx_61_eps_0.00001000.vnnlib,.006129263,error_exit_code_1,.739343564
metaroom_2023,/home/elipregerson/nnenum/vnncomp2025_benchmarks/benchmarks/metaroom_2023/./onnx/6cnn_tz_114_19_no_custom_OP.onnx,/home/elipregerson/nnenum/vnncomp2025_benchmarks/benchmarks/metaroom_2023/./vnnlib/spec_idx_160_eps_0.00001000.vnnlib,.005883215,error_exit_code_1,.932805097
metaroom_2023,/home/elipregerson/nnenum/vnncomp2025_benchmarks/benchmarks/metaroom_2023/./onnx/4cnn_tz_31_5_no_custom_OP.onnx,/home/elipregerson/nnenum/vnncomp2025_benchmarks/benchmarks/metaroom_2023/./vnnlib/spec_idx_57_eps_0.00001000.vnnlib,.006019054,error_exit_code_1,.743922844
metaroom_2023,/home/elipregerson/nnenum/vnncomp2025_benchmarks/benchmarks/metaroom_2023/./onnx/6cnn_ry_93_15_no_custom_OP.onnx,/home/elipregerson/nnenum/vnncomp2025_benchmarks/benchmarks/metaroom_2023/./vnnlib/spec_idx_148_eps_0.00000436.vnnlib,.006134275,error_exit_code_1,.969119959
metaroom_2023,/home/elipregerson/nnenum/vnncomp2025_benchmarks/benchmarks/metaroom_2023/./onnx/4cnn_ry_56_9_no_custom_OP.onnx,/home/elipregerson/nnenum/vnncomp2025_benchmarks/benchmarks/metaroom_2023/./vnnlib/spec_idx_27_eps_0.00000436.vnnlib,.006156742,error_exit_code_1,.737586819
metaroom_2023,/home/elipregerson/nnenum/vnncomp2025_benchmarks/benchmarks/metaroom_2023/./onnx/6cnn_tz_91_15_no_custom_OP.onnx,/home/elipregerson/nnenum/vnncomp2025_benchmarks/benchmarks/metaroom_2023/./vnnlib/spec_idx_207_eps_0.00001000.vnnlib,.006208363,error_exit_code_1,.947664265
metaroom_2023,/home/elipregerson/nnenum/vnncomp2025_benchmarks/benchmarks/metaroom_2023/./onnx/6cnn_ry_48_8_no_custom_OP.onnx,/home/elipregerson/nnenum/vnncomp2025_benchmarks/benchmarks/metaroom_2023/./vnnlib/spec_idx_123_eps_0.00000436.vnnlib,.006029795,error_exit_code_1,.932555202
metaroom_2023,/home/elipregerson/nnenum/vnncomp2025_benchmarks/benchmarks/metaroom_2023/./onnx/6cnn_tz_62_10_no_custom_OP.onnx,/home/elipregerson/nnenum/vnncomp2025_benchmarks/benchmarks/metaroom_2023/./vnnlib/spec_idx_193_eps_0.00001000.vnnlib,.006248072,error_exit_code_1,.962718037
metaroom_2023,/home/elipregerson/nnenum/vnncomp2025_benchmarks/benchmarks/metaroom_2023/./onnx/6cnn_tz_75_12_no_custom_OP.onnx,/home/elipregerson/nnenum/vnncomp2025_benchmarks/benchmarks/metaroom_2023/./vnnlib/spec_idx_203_eps_0.00001000.vnnlib,.006052889,error_exit_code_1,.955146608
metaroom_2023,/home/elipregerson/nnenum/vnncomp2025_benchmarks/benchmarks/metaroom_2023/./onnx/4cnn_ry_6_1_no_custom_OP.onnx,/home/elipregerson/nnenum/vnncomp2025_benchmarks/benchmarks/metaroom_2023/./vnnlib/spec_idx_35_eps_0.00000436.vnnlib,.006039568,error_exit_code_1,.749298280
metaroom_2023,/home/elipregerson/nnenum/vnncomp2025_benchmarks/benchmarks/metaroom_2023/./onnx/4cnn_tz_70_11_no_custom_OP.onnx,/home/elipregerson/nnenum/vnncomp2025_benchmarks/benchmarks/metaroom_2023/./vnnlib/spec_idx_82_eps_0.00001000.vnnlib,.006037557,error_exit_code_1,.735542465
metaroom_2023,/home/elipregerson/nnenum/vnncomp2025_benchmarks/benchmarks/metaroom_2023/./onnx/4cnn_ry_117_19_no_custom_OP.onnx,/home/elipregerson/nnenum/vnncomp2025_benchmarks/benchmarks/metaroom_2023/./vnnlib/spec_idx_3_eps_0.00000436.vnnlib,.006131669,error_exit_code_1,.734327162
metaroom_2023,/home/elipregerson/nnenum/vnncomp2025_benchmarks/benchmarks/metaroom_2023/./onnx/4cnn_tz_117_19_no_custom_OP.onnx,/home/elipregerson/nnenum/vnncomp2025_benchmarks/benchmarks/metaroom_2023/./vnnlib/spec_idx_49_eps_0.00001000.vnnlib,.006011073,error_exit_code_1,.730279342
metaroom_2023,/home/elipregerson/nnenum/vnncomp2025_benchmarks/benchmarks/metaroom_2023/./onnx/4cnn_ry_68_11_no_custom_OP.onnx,/home/elipregerson/nnenum/vnncomp2025_benchmarks/benchmarks/metaroom_2023/./vnnlib/spec_idx_34_eps_0.00000436.vnnlib,.006044766,error_exit_code_1,.736575572
metaroom_2023,/home/elipregerson/nnenum/vnncomp2025_benchmarks/benchmarks/metaroom_2023/./onnx/4cnn_tz_33_5_no_custom_OP.onnx,/home/elipregerson/nnenum/vnncomp2025_benchmarks/benchmarks/metaroom_2023/./vnnlib/spec_idx_58_eps_0.00001000.vnnlib,.006156621,error_exit_code_1,.731291559
metaroom_2023,/home/elipregerson/nnenum/vnncomp2025_benchmarks/benchmarks/metaroom_2023/./onnx/6cnn_ry_57_9_no_custom_OP.onnx,/home/elipregerson/nnenum/vnncomp2025_benchmarks/benchmarks/metaroom_2023/./vnnlib/spec_idx_129_eps_0.00000436.vnnlib,.006124924,error_exit_code_1,.943859180
metaroom_2023,/home/elipregerson/nnenum/vnncomp2025_benchmarks/benchmarks/metaroom_2023/./onnx/6cnn_ry_1_0_no_custom_OP.onnx,/home/elipregerson/nnenum/vnncomp2025_benchmarks/benchmarks/metaroom_2023/./vnnlib/spec_idx_108_eps_0.00000436.vnnlib,.006083576,error_exit_code_1,.953313851
metaroom_2023,/home/elipregerson/nnenum/vnncomp2025_benchmarks/benchmarks/metaroom_2023/./onnx/6cnn_tz_52_8_no_custom_OP.onnx,/home/elipregerson/nnenum/vnncomp2025_benchmarks/benchmarks/metaroom_2023/./vnnlib/spec_idx_187_eps_0.00001000.vnnlib,.005955598,error_exit_code_1,.960708834
metaroom_2023,/home/elipregerson/nnenum/vnncomp2025_benchmarks/benchmarks/metaroom_2023/./onnx/6cnn_ry_64_10_no_custom_OP.onnx,/home/elipregerson/nnenum/vnncomp2025_benchmarks/benchmarks/metaroom_2023/./vnnlib/spec_idx_132_eps_0.00000436.vnnlib,.006113048,error_exit_code_1,.951480879
metaroom_2023,/home/elipregerson/nnenum/vnncomp2025_benchmarks/benchmarks/metaroom_2023/./onnx/6cnn_tz_49_8_no_custom_OP.onnx,/home/elipregerson/nnenum/vnncomp2025_benchmarks/benchmarks/metaroom_2023/./vnnlib/spec_idx_185_eps_0.00001000.vnnlib,.006008706,error_exit_code_1,.970724234
metaroom_2023,/home/elipregerson/nnenum/vnncomp2025_benchmarks/benchmarks/metaroom_2023/./onnx/6cnn_ry_66_11_no_custom_OP.onnx,/home/elipregerson/nnenum/vnncomp2025_benchmarks/benchmarks/metaroom_2023/./vnnlib/spec_idx_134_eps_0.00000436.vnnlib,.006016151,error_exit_code_1,.984460340
metaroom_2023,/home/elipregerson/nnenum/vnncomp2025_benchmarks/benchmarks/metaroom_2023/./onnx/4cnn_ry_20_3_no_custom_OP.onnx,/home/elipregerson/nnenum/vnncomp2025_benchmarks/benchmarks/metaroom_2023/./vnnlib/spec_idx_7_eps_0.00000436.vnnlib,.006024881,error_exit_code_1,.735745134
metaroom_2023,/home/elipregerson/nnenum/vnncomp2025_benchmarks/benchmarks/metaroom_2023/./onnx/6cnn_tz_103_17_no_custom_OP.onnx,/home/elipregerson/nnenum/vnncomp2025_benchmarks/benchmarks/metaroom_2023/./vnnlib/spec_idx_154_eps_0.00001000.vnnlib,.005961902,error_exit_code_1,.945334901
metaroom_2023,/home/elipregerson/nnenum/vnncomp2025_benchmarks/benchmarks/metaroom_2023/./onnx/4cnn_ry_44_7_no_custom_OP.onnx,/home/elipregerson/nnenum/vnncomp2025_benchmarks/benchmarks/metaroom_2023/./vnnlib/spec_idx_21_eps_0.00000436.vnnlib,.006129666,error_exit_code_1,.755981183
metaroom_2023,/home/elipregerson/nnenum/vnncomp2025_benchmarks/benchmarks/metaroom_2023/./onnx/4cnn_ry_99_16_no_custom_OP.onnx,/home/elipregerson/nnenum/vnncomp2025_benchmarks/benchmarks/metaroom_2023/./vnnlib/spec_idx_43_eps_0.00000436.vnnlib,.006145456,error_exit_code_1,.744068444
metaroom_2023,/home/elipregerson/nnenum/vnncomp2025_benchmarks/benchmarks/metaroom_2023/./onnx/4cnn_tz_19_3_no_custom_OP.onnx,/home/elipregerson/nnenum/vnncomp2025_benchmarks/benchmarks/metaroom_2023/./vnnlib/spec_idx_51_eps_0.00001000.vnnlib,.006111378,error_exit_code_1,.732089067
metaroom_2023,/home/elipregerson/nnenum/vnncomp2025_benchmarks/benchmarks/metaroom_2023/./onnx/6cnn_tz_66_11_no_custom_OP.onnx,/home/elipregerson/nnenum/vnncomp2025_benchmarks/benchmarks/metaroom_2023/./vnnlib/spec_idx_197_eps_0.00001000.vnnlib,.006090270,error_exit_code_1,.941606424
metaroom_2023,/home/elipregerson/nnenum/vnncomp2025_benchmarks/benchmarks/metaroom_2023/./onnx/6cnn_tz_0_0_no_custom_OP.onnx,/home/elipregerson/nnenum/vnncomp2025_benchmarks/benchmarks/metaroom_2023/./vnnlib/spec_idx_152_eps_0.00001000.vnnlib,.006028585,error_exit_code_1,.966965946
metaroom_2023,/home/elipregerson/nnenum/vnncomp2025_benchmarks/benchmarks/metaroom_2023/./onnx/6cnn_tz_118_19_no_custom_OP.onnx,/home/elipregerson/nnenum/vnncomp2025_benchmarks/benchmarks/metaroom_2023/./vnnlib/spec_idx_162_eps_0.00001000.vnnlib,.006070238,error_exit_code_1,.959965011
metaroom_2023,/home/elipregerson/nnenum/vnncomp2025_benchmarks/benchmarks/metaroom_2023/./onnx/6cnn_tz_67_11_no_custom_OP.onnx,/home/elipregerson/nnenum/vnncomp2025_benchmarks/benchmarks/metaroom_2023/./vnnlib/spec_idx_198_eps_0.00001000.vnnlib,.005974648,error_exit_code_1,.980996341
metaroom_2023,/home/elipregerson/nnenum/vnncomp2025_benchmarks/benchmarks/metaroom_2023/./onnx/6cnn_tz_21_3_no_custom_OP.onnx,/home/elipregerson/nnenum/vnncomp2025_benchmarks/benchmarks/metaroom_2023/./vnnlib/spec_idx_170_eps_0.00001000.vnnlib,.006091420,error_exit_code_1,.965497101
metaroom_2023,/home/elipregerson/nnenum/vnncomp2025_benchmarks/benchmarks/metaroom_2023/./onnx/4cnn_tz_1_0_no_custom_OP.onnx,/home/elipregerson/nnenum/vnncomp2025_benchmarks/benchmarks/metaroom_2023/./vnnlib/spec_idx_52_eps_0.00001000.vnnlib,.006018772,error_exit_code_1,.735620340
metaroom_2023,/home/elipregerson/nnenum/vnncomp2025_benchmarks/benchmarks/metaroom_2023/./onnx/4cnn_ry_48_8_no_custom_OP.onnx,/home/elipregerson/nnenum/vnncomp2025_benchmarks/benchmarks/metaroom_2023/./vnnlib/spec_idx_24_eps_0.00000436.vnnlib,.006076586,error_exit_code_1,.730314230
metaroom_2023,/home/elipregerson/nnenum/vnncomp2025_benchmarks/benchmarks/metaroom_2023/./onnx/4cnn_ry_61_10_no_custom_OP.onnx,/home/elipregerson/nnenum/vnncomp2025_benchmarks/benchmarks/metaroom_2023/./vnnlib/spec_idx_31_eps_0.00000436.vnnlib,.006044410,error_exit_code_1,.738869225
metaroom_2023,/home/elipregerson/nnenum/vnncomp2025_benchmarks/benchmarks/metaroom_2023/./onnx/6cnn_ry_81_13_no_custom_OP.onnx,/home/elipregerson/nnenum/vnncomp2025_benchmarks/benchmarks/metaroom_2023/./vnnlib/spec_idx_144_eps_0.00000436.vnnlib,.006056865,error_exit_code_1,.945523952
metaroom_2023,/home/elipregerson/nnenum/vnncomp2025_benchmarks/benchmarks/metaroom_2023/./onnx/6cnn_tz_38_6_no_custom_OP.onnx,/home/elipregerson/nnenum/vnncomp2025_benchmarks/benchmarks/metaroom_2023/./vnnlib/spec_idx_179_eps_0.00001000.vnnlib,.005900386,error_exit_code_1,.981792773
metaroom_2023,/home/elipregerson/nnenum/vnncomp2025_benchmarks/benchmarks/metaroom_2023/./onnx/6cnn_ry_53_8_no_custom_OP.onnx,/home/elipregerson/nnenum/vnncomp2025_benchmarks/benchmarks/metaroom_2023/./vnnlib/spec_idx_127_eps_0.00000436.vnnlib,.005962294,error_exit_code_1,.979624284
metaroom_2023,/home/elipregerson/nnenum/vnncomp2025_benchmarks/benchmarks/metaroom_2023/./onnx/6cnn_tz_94_15_no_custom_OP.onnx,/home/elipregerson/nnenum/vnncomp2025_benchmarks/benchmarks/metaroom_2023/./vnnlib/spec_idx_209_eps_0.00001000.vnnlib,.005931055,error_exit_code_1,1.002281417
metaroom_2023,/home/elipregerson/nnenum/vnncomp2025_benchmarks/benchmarks/metaroom_2023/./onnx/6cnn_ry_68_11_no_custom_OP.onnx,/home/elipregerson/nnenum/vnncomp2025_benchmarks/benchmarks/metaroom_2023/./vnnlib/spec_idx_136_eps_0.00000436.vnnlib,.006079508,error_exit_code_1,.968271961
metaroom_2023,/home/elipregerson/nnenum/vnncomp2025_benchmarks/benchmarks/metaroom_2023/./onnx/6cnn_ry_54_9_no_custom_OP.onnx,/home/elipregerson/nnenum/vnncomp2025_benchmarks/benchmarks/metaroom_2023/./vnnlib/spec_idx_128_eps_0.00000436.vnnlib,.006215005,error_exit_code_1,.953081665
metaroom_2023,/home/elipregerson/nnenum/vnncomp2025_benchmarks/benchmarks/metaroom_2023/./onnx/4cnn_ry_30_5_no_custom_OP.onnx,/home/elipregerson/nnenum/vnncomp2025_benchmarks/benchmarks/metaroom_2023/./vnnlib/spec_idx_9_eps_0.00000436.vnnlib,.006240573,error_exit_code_1,.737475839
metaroom_2023,/home/elipregerson/nnenum/vnncomp2025_benchmarks/benchmarks/metaroom_2023/./onnx/6cnn_ry_18_3_no_custom_OP.onnx,/home/elipregerson/nnenum/vnncomp2025_benchmarks/benchmarks/metaroom_2023/./vnnlib/spec_idx_107_eps_0.00000436.vnnlib,.006255534,error_exit_code_1,.950521637
metaroom_2023,/home/elipregerson/nnenum/vnncomp2025_benchmarks/benchmarks/metaroom_2023/./onnx/6cnn_tz_54_9_no_custom_OP.onnx,/home/elipregerson/nnenum/vnncomp2025_benchmarks/benchmarks/metaroom_2023/./vnnlib/spec_idx_189_eps_0.00001000.vnnlib,.006023576,error_exit_code_1,.957969858
metaroom_2023,/home/elipregerson/nnenum/vnncomp2025_benchmarks/benchmarks/metaroom_2023/./onnx/6cnn_tz_113_18_no_custom_OP.onnx,/home/elipregerson/nnenum/vnncomp2025_benchmarks/benchmarks/metaroom_2023/./vnnlib/spec_idx_159_eps_0.00001000.vnnlib,.006150460,error_exit_code_1,.946052215
metaroom_2023,/home/elipregerson/nnenum/vnncomp2025_benchmarks/benchmarks/metaroom_2023/./onnx/4cnn_ry_79_13_no_custom_OP.onnx,/home/elipregerson/nnenum/vnncomp2025_benchmarks/benchmarks/metaroom_2023/./vnnlib/spec_idx_38_eps_0.00000436.vnnlib,.006078809,error_exit_code_1,.737456910
metaroom_2023,/home/elipregerson/nnenum/vnncomp2025_benchmarks/benchmarks/metaroom_2023/./onnx/6cnn_tz_22_3_no_custom_OP.onnx,/home/elipregerson/nnenum/vnncomp2025_benchmarks/benchmarks/metaroom_2023/./vnnlib/spec_idx_171_eps_0.00001000.vnnlib,.006007903,error_exit_code_1,.940894994
metaroom_2023,/home/elipregerson/nnenum/vnncomp2025_benchmarks/benchmarks/metaroom_2023/./onnx/4cnn_ry_19_3_no_custom_OP.onnx,/home/elipregerson/nnenum/vnncomp2025_benchmarks/benchmarks/metaroom_2023/./vnnlib/spec_idx_5_eps_0.00000436.vnnlib,.005946375,error_exit_code_1,.747183705
metaroom_2023,/home/elipregerson/nnenum/vnncomp2025_benchmarks/benchmarks/metaroom_2023/./onnx/4cnn_tz_94_15_no_custom_OP.onnx,/home/elipregerson/nnenum/vnncomp2025_benchmarks/benchmarks/metaroom_2023/./vnnlib/spec_idx_90_eps_0.00001000.vnnlib,.006280915,error_exit_code_1,.760568023
metaroom_2023,/home/elipregerson/nnenum/vnncomp2025_benchmarks/benchmarks/metaroom_2023/./onnx/6cnn_tz_10_1_no_custom_OP.onnx,/home/elipregerson/nnenum/vnncomp2025_benchmarks/benchmarks/metaroom_2023/./vnnlib/spec_idx_158_eps_0.00001000.vnnlib,.006278690,error_exit_code_1,.982107463
metaroom_2023,/home/elipregerson/nnenum/vnncomp2025_benchmarks/benchmarks/metaroom_2023/./onnx/6cnn_ry_35_5_no_custom_OP.onnx,/home/elipregerson/nnenum/vnncomp2025_benchmarks/benchmarks/metaroom_2023/./vnnlib/spec_idx_115_eps_0.00000436.vnnlib,.006188967,error_exit_code_1,.988890223
metaroom_2023,/home/elipregerson/nnenum/vnncomp2025_benchmarks/benchmarks/metaroom_2023/./onnx/4cnn_ry_58_9_no_custom_OP.onnx,/home/elipregerson/nnenum/vnncomp2025_benchmarks/benchmarks/metaroom_2023/./vnnlib/spec_idx_29_eps_0.00000436.vnnlib,.006411877,error_exit_code_1,.777935306
metaroom_2023,/home/elipregerson/nnenum/vnncomp2025_benchmarks/benchmarks/metaroom_2023/./onnx/4cnn_tz_103_17_no_custom_OP.onnx,/home/elipregerson/nnenum/vnncomp2025_benchmarks/benchmarks/metaroom_2023/./vnnlib/spec_idx_47_eps_0.00001000.vnnlib,.006307219,error_exit_code_1,.749464462
metaroom_2023,/home/elipregerson/nnenum/vnncomp2025_benchmarks/benchmarks/metaroom_2023/./onnx/6cnn_tz_78_13_no_custom_OP.onnx,/home/elipregerson/nnenum/vnncomp2025_benchmarks/benchmarks/metaroom_2023/./vnnlib/spec_idx_204_eps_0.00001000.vnnlib,.006141957,error_exit_code_1,.959547401
metaroom_2023,/home/elipregerson/nnenum/vnncomp2025_benchmarks/benchmarks/metaroom_2023/./onnx/6cnn_tz_6_1_no_custom_OP.onnx,/home/elipregerson/nnenum/vnncomp2025_benchmarks/benchmarks/metaroom_2023/./vnnlib/spec_idx_200_eps_0.00001000.vnnlib,.005866682,error_exit_code_1,.955875145
metaroom_2023,/home/elipregerson/nnenum/vnncomp2025_benchmarks/benchmarks/metaroom_2023/./onnx/6cnn_tz_3_0_no_custom_OP.onnx,/home/elipregerson/nnenum/vnncomp2025_benchmarks/benchmarks/metaroom_2023/./vnnlib/spec_idx_181_eps_0.00001000.vnnlib,.005977971,error_exit_code_1,.970255065
metaroom_2023,/home/elipregerson/nnenum/vnncomp2025_benchmarks/benchmarks/metaroom_2023/./onnx/6cnn_ry_4_0_no_custom_OP.onnx,/home/elipregerson/nnenum/vnncomp2025_benchmarks/benchmarks/metaroom_2023/./vnnlib/spec_idx_125_eps_0.00000436.vnnlib,.006083218,error_exit_code_1,.954357042
metaroom_2023,/home/elipregerson/nnenum/vnncomp2025_benchmarks/benchmarks/metaroom_2023/./onnx/6cnn_ry_95_15_no_custom_OP.onnx,/home/elipregerson/nnenum/vnncomp2025_benchmarks/benchmarks/metaroom_2023/./vnnlib/spec_idx_150_eps_0.00000436.vnnlib,.006024993,error_exit_code_1,.960289015
metaroom_2023,/home/elipregerson/nnenum/vnncomp2025_benchmarks/benchmarks/metaroom_2023/./onnx/6cnn_tz_37_6_no_custom_OP.onnx,/home/elipregerson/nnenum/vnncomp2025_benchmarks/benchmarks/metaroom_2023/./vnnlib/spec_idx_178_eps_0.00001000.vnnlib,.006117965,error_exit_code_1,.957999554
metaroom_2023,/home/elipregerson/nnenum/vnncomp2025_benchmarks/benchmarks/metaroom_2023/./onnx/4cnn_ry_71_11_no_custom_OP.onnx,/home/elipregerson/nnenum/vnncomp2025_benchmarks/benchmarks/metaroom_2023/./vnnlib/spec_idx_37_eps_0.00000436.vnnlib,.006037887,error_exit_code_1,.739109597
metaroom_2023,/home/elipregerson/nnenum/vnncomp2025_benchmarks/benchmarks/metaroom_2023/./onnx/6cnn_ry_114_19_no_custom_OP.onnx,/home/elipregerson/nnenum/vnncomp2025_benchmarks/benchmarks/metaroom_2023/./vnnlib/spec_idx_100_eps_0.00000436.vnnlib,.006080804,error_exit_code_1,.949277431
metaroom_2023,/home/elipregerson/nnenum/vnncomp2025_benchmarks/benchmarks/metaroom_2023/./onnx/4cnn_ry_70_11_no_custom_OP.onnx,/home/elipregerson/nnenum/vnncomp2025_benchmarks/benchmarks/metaroom_2023/./vnnlib/spec_idx_36_eps_0.00000436.vnnlib,.005982256,error_exit_code_1,.733584690
metaroom_2023,/home/elipregerson/nnenum/vnncomp2025_benchmarks/benchmarks/metaroom_2023/./onnx/4cnn_tz_20_3_no_custom_OP.onnx,/home/elipregerson/nnenum/vnncomp2025_benchmarks/benchmarks/metaroom_2023/./vnnlib/spec_idx_53_eps_0.00001000.vnnlib,.006044814,error_exit_code_1,.738710780
metaroom_2023,/home/elipregerson/nnenum/vnncomp2025_benchmarks/benchmarks/metaroom_2023/./onnx/4cnn_ry_52_8_no_custom_OP.onnx,/home/elipregerson/nnenum/vnncomp2025_benchmarks/benchmarks/metaroom_2023/./vnnlib/spec_idx_25_eps_0.00000436.vnnlib,.006134554,error_exit_code_1,.739865627
metaroom_2023,/home/elipregerson/nnenum/vnncomp2025_benchmarks/benchmarks/metaroom_2023/./onnx/6cnn_tz_4_0_no_custom_OP.onnx,/home/elipregerson/nnenum/vnncomp2025_benchmarks/benchmarks/metaroom_2023/./vnnlib/spec_idx_186_eps_0.00001000.vnnlib,.006062271,error_exit_code_1,.962720369
metaroom_2023,/home/elipregerson/nnenum/vnncomp2025_benchmarks/benchmarks/metaroom_2023/./onnx/6cnn_ry_91_15_no_custom_OP.onnx,/home/elipregerson/nnenum/vnncomp2025_benchmarks/benchmarks/metaroom_2023/./vnnlib/spec_idx_146_eps_0.00000436.vnnlib,.006097192,error_exit_code_1,.955098594
metaroom_2023,/home/elipregerson/nnenum/vnncomp2025_benchmarks/benchmarks/metaroom_2023/./onnx/4cnn_tz_4_0_no_custom_OP.onnx,/home/elipregerson/nnenum/vnncomp2025_benchmarks/benchmarks/metaroom_2023/./vnnlib/spec_idx_71_eps_0.00001000.vnnlib,.006135326,error_exit_code_1,.769812447
metaroom_2023,/home/elipregerson/nnenum/vnncomp2025_benchmarks/benchmarks/metaroom_2023/./onnx/4cnn_tz_47_7_no_custom_OP.onnx,/home/elipregerson/nnenum/vnncomp2025_benchmarks/benchmarks/metaroom_2023/./vnnlib/spec_idx_69_eps_0.00001000.vnnlib,.005990886,error_exit_code_1,.728249602
metaroom_2023,/home/elipregerson/nnenum/vnncomp2025_benchmarks/benchmarks/metaroom_2023/./onnx/4cnn_ry_57_9_no_custom_OP.onnx,/home/elipregerson/nnenum/vnncomp2025_benchmarks/benchmarks/metaroom_2023/./vnnlib/spec_idx_28_eps_0.00000436.vnnlib,.006054016,error_exit_code_1,.755798650
metaroom_2023,/home/elipregerson/nnenum/vnncomp2025_benchmarks/benchmarks/metaroom_2023/./onnx/6cnn_ry_67_11_no_custom_OP.onnx,/home/elipregerson/nnenum/vnncomp2025_benchmarks/benchmarks/metaroom_2023/./vnnlib/spec_idx_135_eps_0.00000436.vnnlib,.006117724,error_exit_code_1,.984593764
metaroom_2023,/home/elipregerson/nnenum/vnncomp2025_benchmarks/benchmarks/metaroom_2023/./onnx/4cnn_tz_34_5_no_custom_OP.onnx,/home/elipregerson/nnenum/vnncomp2025_benchmarks/benchmarks/metaroom_2023/./vnnlib/spec_idx_59_eps_0.00001000.vnnlib,.005985800,error_exit_code_1,.740580626
metaroom_2023,/home/elipregerson/nnenum/vnncomp2025_benchmarks/benchmarks/metaroom_2023/./onnx/4cnn_tz_41_6_no_custom_OP.onnx,/home/elipregerson/nnenum/vnncomp2025_benchmarks/benchmarks/metaroom_2023/./vnnlib/spec_idx_66_eps_0.00001000.vnnlib,.006157973,error_exit_code_1,.744354589
metaroom_2023,/home/elipregerson/nnenum/vnncomp2025_benchmarks/benchmarks/metaroom_2023/./onnx/4cnn_tz_99_16_no_custom_OP.onnx,/home/elipregerson/nnenum/vnncomp2025_benchmarks/benchmarks/metaroom_2023/./vnnlib/spec_idx_91_eps_0.00001000.vnnlib,.005902654,error_exit_code_1,.732825779
metaroom_2023,/home/elipregerson/nnenum/vnncomp2025_benchmarks/benchmarks/metaroom_2023/./onnx/6cnn_ry_12_2_no_custom_OP.onnx,/home/elipregerson/nnenum/vnncomp2025_benchmarks/benchmarks/metaroom_2023/./vnnlib/spec_idx_105_eps_0.00000436.vnnlib,.006087776,error_exit_code_1,.955686700
metaroom_2023,/home/elipregerson/nnenum/vnncomp2025_benchmarks/benchmarks/metaroom_2023/./onnx/6cnn_tz_93_15_no_custom_OP.onnx,/home/elipregerson/nnenum/vnncomp2025_benchmarks/benchmarks/metaroom_2023/./vnnlib/spec_idx_208_eps_0.00001000.vnnlib,.006128085,error_exit_code_1,.977722733
metaroom_2023,/home/elipregerson/nnenum/vnncomp2025_benchmarks/benchmarks/metaroom_2023/./onnx/4cnn_tz_44_7_no_custom_OP.onnx,/home/elipregerson/nnenum/vnncomp2025_benchmarks/benchmarks/metaroom_2023/./vnnlib/spec_idx_68_eps_0.00001000.vnnlib,.006064175,error_exit_code_1,.752013295
metaroom_2023,/home/elipregerson/nnenum/vnncomp2025_benchmarks/benchmarks/metaroom_2023/./onnx/6cnn_tz_79_13_no_custom_OP.onnx,/home/elipregerson/nnenum/vnncomp2025_benchmarks/benchmarks/metaroom_2023/./vnnlib/spec_idx_205_eps_0.00001000.vnnlib,.005970870,error_exit_code_1,.955739201
metaroom_2023,/home/elipregerson/nnenum/vnncomp2025_benchmarks/benchmarks/metaroom_2023/./onnx/6cnn_ry_6_1_no_custom_OP.onnx,/home/elipregerson/nnenum/vnncomp2025_benchmarks/benchmarks/metaroom_2023/./vnnlib/spec_idx_137_eps_0.00000436.vnnlib,.005975432,error_exit_code_1,.949610802
metaroom_2023,/home/elipregerson/nnenum/vnncomp2025_benchmarks/benchmarks/metaroom_2023/./onnx/6cnn_ry_52_8_no_custom_OP.onnx,/home/elipregerson/nnenum/vnncomp2025_benchmarks/benchmarks/metaroom_2023/./vnnlib/spec_idx_126_eps_0.00000436.vnnlib,.005990994,error_exit_code_1,.975400204
metaroom_2023,/home/elipregerson/nnenum/vnncomp2025_benchmarks/benchmarks/metaroom_2023/./onnx/4cnn_tz_82_13_no_custom_OP.onnx,/home/elipregerson/nnenum/vnncomp2025_benchmarks/benchmarks/metaroom_2023/./vnnlib/spec_idx_87_eps_0.00001000.vnnlib,.006220400,error_exit_code_1,.743866353
metaroom_2023,/home/elipregerson/nnenum/vnncomp2025_benchmarks/benchmarks/metaroom_2023/./onnx/6cnn_ry_28_4_no_custom_OP.onnx,/home/elipregerson/nnenum/vnncomp2025_benchmarks/benchmarks/metaroom_2023/./vnnlib/spec_idx_113_eps_0.00000436.vnnlib,.006164698,error_exit_code_1,.958961220
metaroom_2023,/home/elipregerson/nnenum/vnncomp2025_benchmarks/benchmarks/metaroom_2023/./onnx/6cnn_tz_28_4_no_custom_OP.onnx,/home/elipregerson/nnenum/vnncomp2025_benchmarks/benchmarks/metaroom_2023/./vnnlib/spec_idx_173_eps_0.00001000.vnnlib,.006316328,error_exit_code_1,.960454266
metaroom_2023,/home/elipregerson/nnenum/vnncomp2025_benchmarks/benchmarks/metaroom_2023/./onnx/6cnn_tz_104_17_no_custom_OP.onnx,/home/elipregerson/nnenum/vnncomp2025_benchmarks/benchmarks/metaroom_2023/./vnnlib/spec_idx_155_eps_0.00001000.vnnlib,.005995911,error_exit_code_1,.976284497
metaroom_2023,/home/elipregerson/nnenum/vnncomp2025_benchmarks/benchmarks/metaroom_2023/./onnx/6cnn_tz_18_3_no_custom_OP.onnx,/home/elipregerson/nnenum/vnncomp2025_benchmarks/benchmarks/metaroom_2023/./vnnlib/spec_idx_166_eps_0.00001000.vnnlib,.006149759,error_exit_code_1,.958033274
metaroom_2023,/home/elipregerson/nnenum/vnncomp2025_benchmarks/benchmarks/metaroom_2023/./onnx/6cnn_ry_36_6_no_custom_OP.onnx,/home/elipregerson/nnenum/vnncomp2025_benchmarks/benchmarks/metaroom_2023/./vnnlib/spec_idx_116_eps_0.00000436.vnnlib,.006017091,error_exit_code_1,.956493131
metaroom_2023,/home/elipregerson/nnenum/vnncomp2025_benchmarks/benchmarks/metaroom_2023/./onnx/6cnn_ry_117_19_no_custom_OP.onnx,/home/elipregerson/nnenum/vnncomp2025_benchmarks/benchmarks/metaroom_2023/./vnnlib/spec_idx_101_eps_0.00000436.vnnlib,.005986559,error_exit_code_1,.944863062
metaroom_2023,/home/elipregerson/nnenum/vnncomp2025_benchmarks/benchmarks/metaroom_2023/./onnx/6cnn_ry_92_15_no_custom_OP.onnx,/home/elipregerson/nnenum/vnncomp2025_benchmarks/benchmarks/metaroom_2023/./vnnlib/spec_idx_147_eps_0.00000436.vnnlib,.006248371,error_exit_code_1,.980144461
metaroom_2023,/home/elipregerson/nnenum/vnncomp2025_benchmarks/benchmarks/metaroom_2023/./onnx/6cnn_ry_39_6_no_custom_OP.onnx,/home/elipregerson/nnenum/vnncomp2025_benchmarks/benchmarks/metaroom_2023/./vnnlib/spec_idx_119_eps_0.00000436.vnnlib,.006248126,error_exit_code_1,.973195578
metaroom_2023,/home/elipregerson/nnenum/vnncomp2025_benchmarks/benchmarks/metaroom_2023/./onnx/4cnn_tz_39_6_no_custom_OP.onnx,/home/elipregerson/nnenum/vnncomp2025_benchmarks/benchmarks/metaroom_2023/./vnnlib/spec_idx_63_eps_0.00001000.vnnlib,.006616740,error_exit_code_1,.772788169
metaroom_2023,/home/elipregerson/nnenum/vnncomp2025_benchmarks/benchmarks/metaroom_2023/./onnx/6cnn_tz_23_3_no_custom_OP.onnx,/home/elipregerson/nnenum/vnncomp2025_benchmarks/benchmarks/metaroom_2023/./vnnlib/spec_idx_172_eps_0.00001000.vnnlib,.006044603,error_exit_code_1,.996242484
metaroom_2023,/home/elipregerson/nnenum/vnncomp2025_benchmarks/benchmarks/test/onnx/test_nano.onnx,/home/elipregerson/nnenum/vnncomp2025_benchmarks/benchmarks/test/vnnlib/test_nano.vnnlib,.006389071,error_exit_code_1,.528324048
ml4acopf_2024,/home/elipregerson/nnenum/vnncomp2025_benchmarks/benchmarks/ml4acopf_2024/./onnx/14_ieee_ml4acopf-linear-residual.onnx,/home/elipregerson/nnenum/vnncomp2025_benchmarks/benchmarks/ml4acopf_2024/./vnnlib/14_ieee_prop9.vnnlib,.006000096,error_exit_code_1,.557267982
ml4acopf_2024,/home/elipregerson/nnenum/vnncomp2025_benchmarks/benchmarks/ml4acopf_2024/./onnx/14_ieee_ml4acopf-linear-residual.onnx,/home/elipregerson/nnenum/vnncomp2025_benchmarks/benchmarks/ml4acopf_2024/./vnnlib/14_ieee_prop7.vnnlib,.006009849,error_exit_code_1,.564516738
ml4acopf_2024,/home/elipregerson/nnenum/vnncomp2025_benchmarks/benchmarks/ml4acopf_2024/./onnx/14_ieee_ml4acopf-linear-residual.onnx,/home/elipregerson/nnenum/vnncomp2025_benchmarks/benchmarks/ml4acopf_2024/./vnnlib/14_ieee_prop2.vnnlib,.005967517,error_exit_code_1,.571427332
ml4acopf_2024,/home/elipregerson/nnenum/vnncomp2025_benchmarks/benchmarks/ml4acopf_2024/./onnx/14_ieee_ml4acopf-linear-residual.onnx,/home/elipregerson/nnenum/vnncomp2025_benchmarks/benchmarks/ml4acopf_2024/./vnnlib/14_ieee_prop8.vnnlib,.006082134,error_exit_code_1,.564328446
ml4acopf_2024,/home/elipregerson/nnenum/vnncomp2025_benchmarks/benchmarks/ml4acopf_2024/./onnx/14_ieee_ml4acopf-linear-residual.onnx,/home/elipregerson/nnenum/vnncomp2025_benchmarks/benchmarks/ml4acopf_2024/./vnnlib/14_ieee_prop4.vnnlib,.006190829,error_exit_code_1,.558978713
ml4acopf_2024,/home/elipregerson/nnenum/vnncomp2025_benchmarks/benchmarks/ml4acopf_2024/./onnx/14_ieee_ml4acopf-linear-residual.onnx,/home/elipregerson/nnenum/vnncomp2025_benchmarks/benchmarks/ml4acopf_2024/./vnnlib/14_ieee_prop6.vnnlib,.005918608,error_exit_code_1,.546022431
ml4acopf_2024,/home/elipregerson/nnenum/vnncomp2025_benchmarks/benchmarks/ml4acopf_2024/./onnx/14_ieee_ml4acopf-linear-residual.onnx,/home/elipregerson/nnenum/vnncomp2025_benchmarks/benchmarks/ml4acopf_2024/./vnnlib/14_ieee_prop12.vnnlib,.006215493,error_exit_code_1,.551223326
ml4acopf_2024,/home/elipregerson/nnenum/vnncomp2025_benchmarks/benchmarks/ml4acopf_2024/./onnx/14_ieee_ml4acopf-linear-residual.onnx,/home/elipregerson/nnenum/vnncomp2025_benchmarks/benchmarks/ml4acopf_2024/./vnnlib/14_ieee_prop13.vnnlib,.006359845,error_exit_code_1,.542160548
ml4acopf_2024,/home/elipregerson/nnenum/vnncomp2025_benchmarks/benchmarks/ml4acopf_2024/./onnx/14_ieee_ml4acopf-linear-residual.onnx,/home/elipregerson/nnenum/vnncomp2025_benchmarks/benchmarks/ml4acopf_2024/./vnnlib/14_ieee_prop11.vnnlib,.005946182,error_exit_code_1,.559134922
ml4acopf_2024,/home/elipregerson/nnenum/vnncomp2025_benchmarks/benchmarks/ml4acopf_2024/./onnx/14_ieee_ml4acopf-linear-residual.onnx,/home/elipregerson/nnenum/vnncomp2025_benchmarks/benchmarks/ml4acopf_2024/./vnnlib/14_ieee_prop1.vnnlib,.006288484,error_exit_code_1,.546186557
ml4acopf_2024,/home/elipregerson/nnenum/vnncomp2025_benchmarks/benchmarks/ml4acopf_2024/./onnx/14_ieee_ml4acopf-linear-residual.onnx,/home/elipregerson/nnenum/vnncomp2025_benchmarks/benchmarks/ml4acopf_2024/./vnnlib/14_ieee_prop3.vnnlib,.006016855,error_exit_code_1,.588194717
ml4acopf_2024,/home/elipregerson/nnenum/vnncomp2025_benchmarks/benchmarks/ml4acopf_2024/./onnx/14_ieee_ml4acopf-linear-residual.onnx,/home/elipregerson/nnenum/vnncomp2025_benchmarks/benchmarks/ml4acopf_2024/./vnnlib/14_ieee_prop14.vnnlib,.005904632,error_exit_code_1,.566361736
ml4acopf_2024,/home/elipregerson/nnenum/vnncomp2025_benchmarks/benchmarks/ml4acopf_2024/./onnx/14_ieee_ml4acopf-linear-residual.onnx,/home/elipregerson/nnenum/vnncomp2025_benchmarks/benchmarks/ml4acopf_2024/./vnnlib/14_ieee_prop10.vnnlib,.006757080,error_exit_code_1,.561935771
ml4acopf_2024,/home/elipregerson/nnenum/vnncomp2025_benchmarks/benchmarks/ml4acopf_2024/./onnx/14_ieee_ml4acopf-linear-residual.onnx,/home/elipregerson/nnenum/vnncomp2025_benchmarks/benchmarks/ml4acopf_2024/./vnnlib/14_ieee_prop5.vnnlib,.006113822,error_exit_code_1,.545438861
ml4acopf_2024,/home/elipregerson/nnenum/vnncomp2025_benchmarks/benchmarks/ml4acopf_2024/./onnx/118_ieee_ml4acopf.onnx,/home/elipregerson/nnenum/vnncomp2025_benchmarks/benchmarks/ml4acopf_2024/./vnnlib/118_ieee_prop2.vnnlib,.006107150,error_exit_code_1,.575310365
ml4acopf_2024,/home/elipregerson/nnenum/vnncomp2025_benchmarks/benchmarks/ml4acopf_2024/./onnx/118_ieee_ml4acopf.onnx,/home/elipregerson/nnenum/vnncomp2025_benchmarks/benchmarks/ml4acopf_2024/./vnnlib/118_ieee_prop4.vnnlib,.006106153,error_exit_code_1,.655259637
ml4acopf_2024,/home/elipregerson/nnenum/vnncomp2025_benchmarks/benchmarks/ml4acopf_2024/./onnx/118_ieee_ml4acopf.onnx,/home/elipregerson/nnenum/vnncomp2025_benchmarks/benchmarks/ml4acopf_2024/./vnnlib/118_ieee_prop3.vnnlib,.005987718,error_exit_code_1,.612153327
ml4acopf_2024,/home/elipregerson/nnenum/vnncomp2025_benchmarks/benchmarks/ml4acopf_2024/./onnx/118_ieee_ml4acopf.onnx,/home/elipregerson/nnenum/vnncomp2025_benchmarks/benchmarks/ml4acopf_2024/./vnnlib/118_ieee_prop5.vnnlib,.005947336,error_exit_code_1,.533206522
ml4acopf_2024,/home/elipregerson/nnenum/vnncomp2025_benchmarks/benchmarks/ml4acopf_2024/./onnx/118_ieee_ml4acopf.onnx,/home/elipregerson/nnenum/vnncomp2025_benchmarks/benchmarks/ml4acopf_2024/./vnnlib/118_ieee_prop6.vnnlib,.006073690,error_exit_code_1,.536536561
ml4acopf_2024,/home/elipregerson/nnenum/vnncomp2025_benchmarks/benchmarks/ml4acopf_2024/./onnx/300_ieee_ml4acopf-linear-nonresidual.onnx,/home/elipregerson/nnenum/vnncomp2025_benchmarks/benchmarks/ml4acopf_2024/./vnnlib/300_ieee_prop3.vnnlib,.006102716,error_exit_code_1,.778761054
ml4acopf_2024,/home/elipregerson/nnenum/vnncomp2025_benchmarks/benchmarks/ml4acopf_2024/./onnx/300_ieee_ml4acopf-linear-nonresidual.onnx,/home/elipregerson/nnenum/vnncomp2025_benchmarks/benchmarks/ml4acopf_2024/./vnnlib/300_ieee_prop105.vnnlib,.006194892,error_exit_code_1,.558098036
ml4acopf_2024,/home/elipregerson/nnenum/vnncomp2025_benchmarks/benchmarks/ml4acopf_2024/./onnx/300_ieee_ml4acopf-linear-nonresidual.onnx,/home/elipregerson/nnenum/vnncomp2025_benchmarks/benchmarks/ml4acopf_2024/./vnnlib/300_ieee_prop2.vnnlib,.005986999,error_exit_code_1,.570917376
ml4acopf_2024,/home/elipregerson/nnenum/vnncomp2025_benchmarks/benchmarks/ml4acopf_2024/./onnx/300_ieee_ml4acopf-linear-nonresidual.onnx,/home/elipregerson/nnenum/vnncomp2025_benchmarks/benchmarks/ml4acopf_2024/./vnnlib/300_ieee_prop4.vnnlib,.006082873,error_exit_code_1,1.076424431
ml4acopf_2024,/home/elipregerson/nnenum/vnncomp2025_benchmarks/benchmarks/ml4acopf_2024/./onnx/14_ieee_ml4acopf-linear-nonresidual.onnx,/home/elipregerson/nnenum/vnncomp2025_benchmarks/benchmarks/ml4acopf_2024/./vnnlib/14_ieee_prop9.vnnlib,.006062288,error_exit_code_1,.542254414
ml4acopf_2024,/home/elipregerson/nnenum/vnncomp2025_benchmarks/benchmarks/ml4acopf_2024/./onnx/14_ieee_ml4acopf-linear-nonresidual.onnx,/home/elipregerson/nnenum/vnncomp2025_benchmarks/benchmarks/ml4acopf_2024/./vnnlib/14_ieee_prop7.vnnlib,.005925048,error_exit_code_1,.575466922
ml4acopf_2024,/home/elipregerson/nnenum/vnncomp2025_benchmarks/benchmarks/ml4acopf_2024/./onnx/14_ieee_ml4acopf-linear-nonresidual.onnx,/home/elipregerson/nnenum/vnncomp2025_benchmarks/benchmarks/ml4acopf_2024/./vnnlib/14_ieee_prop2.vnnlib,.006242553,error_exit_code_1,.539622481
ml4acopf_2024,/home/elipregerson/nnenum/vnncomp2025_benchmarks/benchmarks/ml4acopf_2024/./onnx/14_ieee_ml4acopf-linear-nonresidual.onnx,/home/elipregerson/nnenum/vnncomp2025_benchmarks/benchmarks/ml4acopf_2024/./vnnlib/14_ieee_prop8.vnnlib,.005932644,error_exit_code_1,.553732181
ml4acopf_2024,/home/elipregerson/nnenum/vnncomp2025_benchmarks/benchmarks/ml4acopf_2024/./onnx/14_ieee_ml4acopf-linear-nonresidual.onnx,/home/elipregerson/nnenum/vnncomp2025_benchmarks/benchmarks/ml4acopf_2024/./vnnlib/14_ieee_prop4.vnnlib,.005879080,error_exit_code_1,.549714748
ml4acopf_2024,/home/elipregerson/nnenum/vnncomp2025_benchmarks/benchmarks/ml4acopf_2024/./onnx/14_ieee_ml4acopf-linear-nonresidual.onnx,/home/elipregerson/nnenum/vnncomp2025_benchmarks/benchmarks/ml4acopf_2024/./vnnlib/14_ieee_prop6.vnnlib,.006143835,error_exit_code_1,.563896141
ml4acopf_2024,/home/elipregerson/nnenum/vnncomp2025_benchmarks/benchmarks/ml4acopf_2024/./onnx/14_ieee_ml4acopf-linear-nonresidual.onnx,/home/elipregerson/nnenum/vnncomp2025_benchmarks/benchmarks/ml4acopf_2024/./vnnlib/14_ieee_prop12.vnnlib,.006144781,error_exit_code_1,.566431237
ml4acopf_2024,/home/elipregerson/nnenum/vnncomp2025_benchmarks/benchmarks/ml4acopf_2024/./onnx/14_ieee_ml4acopf-linear-nonresidual.onnx,/home/elipregerson/nnenum/vnncomp2025_benchmarks/benchmarks/ml4acopf_2024/./vnnlib/14_ieee_prop13.vnnlib,.005958946,error_exit_code_1,.541264115
ml4acopf_2024,/home/elipregerson/nnenum/vnncomp2025_benchmarks/benchmarks/ml4acopf_2024/./onnx/14_ieee_ml4acopf-linear-nonresidual.onnx,/home/elipregerson/nnenum/vnncomp2025_benchmarks/benchmarks/ml4acopf_2024/./vnnlib/14_ieee_prop11.vnnlib,.006128036,error_exit_code_1,.555791403
ml4acopf_2024,/home/elipregerson/nnenum/vnncomp2025_benchmarks/benchmarks/ml4acopf_2024/./onnx/14_ieee_ml4acopf-linear-nonresidual.onnx,/home/elipregerson/nnenum/vnncomp2025_benchmarks/benchmarks/ml4acopf_2024/./vnnlib/14_ieee_prop1.vnnlib,.006059217,error_exit_code_1,.557785229
ml4acopf_2024,/home/elipregerson/nnenum/vnncomp2025_benchmarks/benchmarks/ml4acopf_2024/./onnx/14_ieee_ml4acopf-linear-nonresidual.onnx,/home/elipregerson/nnenum/vnncomp2025_benchmarks/benchmarks/ml4acopf_2024/./vnnlib/14_ieee_prop3.vnnlib,.006085901,error_exit_code_1,.559523646
ml4acopf_2024,/home/elipregerson/nnenum/vnncomp2025_benchmarks/benchmarks/ml4acopf_2024/./onnx/14_ieee_ml4acopf-linear-nonresidual.onnx,/home/elipregerson/nnenum/vnncomp2025_benchmarks/benchmarks/ml4acopf_2024/./vnnlib/14_ieee_prop14.vnnlib,.006244883,error_exit_code_1,.548249143
ml4acopf_2024,/home/elipregerson/nnenum/vnncomp2025_benchmarks/benchmarks/ml4acopf_2024/./onnx/14_ieee_ml4acopf-linear-nonresidual.onnx,/home/elipregerson/nnenum/vnncomp2025_benchmarks/benchmarks/ml4acopf_2024/./vnnlib/14_ieee_prop10.vnnlib,.006060429,error_exit_code_1,.549088626
ml4acopf_2024,/home/elipregerson/nnenum/vnncomp2025_benchmarks/benchmarks/ml4acopf_2024/./onnx/14_ieee_ml4acopf-linear-nonresidual.onnx,/home/elipregerson/nnenum/vnncomp2025_benchmarks/benchmarks/ml4acopf_2024/./vnnlib/14_ieee_prop5.vnnlib,.006130196,error_exit_code_1,.538239149
ml4acopf_2024,/home/elipregerson/nnenum/vnncomp2025_benchmarks/benchmarks/ml4acopf_2024/./onnx/118_ieee_ml4acopf-linear-nonresidual.onnx,/home/elipregerson/nnenum/vnncomp2025_benchmarks/benchmarks/ml4acopf_2024/./vnnlib/118_ieee_prop2.vnnlib,.006064008,error_exit_code_1,.561320405
ml4acopf_2024,/home/elipregerson/nnenum/vnncomp2025_benchmarks/benchmarks/ml4acopf_2024/./onnx/118_ieee_ml4acopf-linear-nonresidual.onnx,/home/elipregerson/nnenum/vnncomp2025_benchmarks/benchmarks/ml4acopf_2024/./vnnlib/118_ieee_prop4.vnnlib,.006076990,error_exit_code_1,.654421872
ml4acopf_2024,/home/elipregerson/nnenum/vnncomp2025_benchmarks/benchmarks/ml4acopf_2024/./onnx/118_ieee_ml4acopf-linear-nonresidual.onnx,/home/elipregerson/nnenum/vnncomp2025_benchmarks/benchmarks/ml4acopf_2024/./vnnlib/118_ieee_prop3.vnnlib,.006099685,error_exit_code_1,.631467655
ml4acopf_2024,/home/elipregerson/nnenum/vnncomp2025_benchmarks/benchmarks/ml4acopf_2024/./onnx/118_ieee_ml4acopf-linear-nonresidual.onnx,/home/elipregerson/nnenum/vnncomp2025_benchmarks/benchmarks/ml4acopf_2024/./vnnlib/118_ieee_prop5.vnnlib,.005852734,error_exit_code_1,.588855945
ml4acopf_2024,/home/elipregerson/nnenum/vnncomp2025_benchmarks/benchmarks/ml4acopf_2024/./onnx/118_ieee_ml4acopf-linear-nonresidual.onnx,/home/elipregerson/nnenum/vnncomp2025_benchmarks/benchmarks/ml4acopf_2024/./vnnlib/118_ieee_prop6.vnnlib,.006033944,error_exit_code_1,.566643905
ml4acopf_2024,/home/elipregerson/nnenum/vnncomp2025_benchmarks/benchmarks/ml4acopf_2024/./onnx/14_ieee_ml4acopf.onnx,/home/elipregerson/nnenum/vnncomp2025_benchmarks/benchmarks/ml4acopf_2024/./vnnlib/14_ieee_prop9.vnnlib,.005913473,error_exit_code_1,.544586195
ml4acopf_2024,/home/elipregerson/nnenum/vnncomp2025_benchmarks/benchmarks/ml4acopf_2024/./onnx/14_ieee_ml4acopf.onnx,/home/elipregerson/nnenum/vnncomp2025_benchmarks/benchmarks/ml4acopf_2024/./vnnlib/14_ieee_prop7.vnnlib,.005924704,error_exit_code_1,.536507427
ml4acopf_2024,/home/elipregerson/nnenum/vnncomp2025_benchmarks/benchmarks/ml4acopf_2024/./onnx/14_ieee_ml4acopf.onnx,/home/elipregerson/nnenum/vnncomp2025_benchmarks/benchmarks/ml4acopf_2024/./vnnlib/14_ieee_prop2.vnnlib,.005977861,error_exit_code_1,.534406218
ml4acopf_2024,/home/elipregerson/nnenum/vnncomp2025_benchmarks/benchmarks/ml4acopf_2024/./onnx/14_ieee_ml4acopf.onnx,/home/elipregerson/nnenum/vnncomp2025_benchmarks/benchmarks/ml4acopf_2024/./vnnlib/14_ieee_prop8.vnnlib,.006079807,error_exit_code_1,.530758686
ml4acopf_2024,/home/elipregerson/nnenum/vnncomp2025_benchmarks/benchmarks/ml4acopf_2024/./onnx/14_ieee_ml4acopf.onnx,/home/elipregerson/nnenum/vnncomp2025_benchmarks/benchmarks/ml4acopf_2024/./vnnlib/14_ieee_prop4.vnnlib,.006146164,error_exit_code_1,.538597084
ml4acopf_2024,/home/elipregerson/nnenum/vnncomp2025_benchmarks/benchmarks/ml4acopf_2024/./onnx/14_ieee_ml4acopf.onnx,/home/elipregerson/nnenum/vnncomp2025_benchmarks/benchmarks/ml4acopf_2024/./vnnlib/14_ieee_prop6.vnnlib,.006005502,error_exit_code_1,.528668941
ml4acopf_2024,/home/elipregerson/nnenum/vnncomp2025_benchmarks/benchmarks/ml4acopf_2024/./onnx/14_ieee_ml4acopf.onnx,/home/elipregerson/nnenum/vnncomp2025_benchmarks/benchmarks/ml4acopf_2024/./vnnlib/14_ieee_prop12.vnnlib,.006030881,error_exit_code_1,.532706351
ml4acopf_2024,/home/elipregerson/nnenum/vnncomp2025_benchmarks/benchmarks/ml4acopf_2024/./onnx/14_ieee_ml4acopf.onnx,/home/elipregerson/nnenum/vnncomp2025_benchmarks/benchmarks/ml4acopf_2024/./vnnlib/14_ieee_prop13.vnnlib,.006136050,error_exit_code_1,.534505453
ml4acopf_2024,/home/elipregerson/nnenum/vnncomp2025_benchmarks/benchmarks/ml4acopf_2024/./onnx/14_ieee_ml4acopf.onnx,/home/elipregerson/nnenum/vnncomp2025_benchmarks/benchmarks/ml4acopf_2024/./vnnlib/14_ieee_prop11.vnnlib,.006043579,error_exit_code_1,.539760596
ml4acopf_2024,/home/elipregerson/nnenum/vnncomp2025_benchmarks/benchmarks/ml4acopf_2024/./onnx/14_ieee_ml4acopf.onnx,/home/elipregerson/nnenum/vnncomp2025_benchmarks/benchmarks/ml4acopf_2024/./vnnlib/14_ieee_prop1.vnnlib,.005908676,error_exit_code_1,.537246419
ml4acopf_2024,/home/elipregerson/nnenum/vnncomp2025_benchmarks/benchmarks/ml4acopf_2024/./onnx/14_ieee_ml4acopf.onnx,/home/elipregerson/nnenum/vnncomp2025_benchmarks/benchmarks/ml4acopf_2024/./vnnlib/14_ieee_prop3.vnnlib,.006005404,error_exit_code_1,.533830211
ml4acopf_2024,/home/elipregerson/nnenum/vnncomp2025_benchmarks/benchmarks/ml4acopf_2024/./onnx/14_ieee_ml4acopf.onnx,/home/elipregerson/nnenum/vnncomp2025_benchmarks/benchmarks/ml4acopf_2024/./vnnlib/14_ieee_prop14.vnnlib,.006089172,error_exit_code_1,.533349712
ml4acopf_2024,/home/elipregerson/nnenum/vnncomp2025_benchmarks/benchmarks/ml4acopf_2024/./onnx/14_ieee_ml4acopf.onnx,/home/elipregerson/nnenum/vnncomp2025_benchmarks/benchmarks/ml4acopf_2024/./vnnlib/14_ieee_prop10.vnnlib,.005936796,error_exit_code_1,.542238785
ml4acopf_2024,/home/elipregerson/nnenum/vnncomp2025_benchmarks/benchmarks/ml4acopf_2024/./onnx/14_ieee_ml4acopf.onnx,/home/elipregerson/nnenum/vnncomp2025_benchmarks/benchmarks/ml4acopf_2024/./vnnlib/14_ieee_prop5.vnnlib,.006049357,error_exit_code_1,.527286642
ml4acopf_2024,/home/elipregerson/nnenum/vnncomp2025_benchmarks/benchmarks/ml4acopf_2024/./onnx/300_ieee_ml4acopf-linear-residual.onnx,/home/elipregerson/nnenum/vnncomp2025_benchmarks/benchmarks/ml4acopf_2024/./vnnlib/300_ieee_prop3.vnnlib,.005953522,error_exit_code_1,.795631204
ml4acopf_2024,/home/elipregerson/nnenum/vnncomp2025_benchmarks/benchmarks/ml4acopf_2024/./onnx/300_ieee_ml4acopf-linear-residual.onnx,/home/elipregerson/nnenum/vnncomp2025_benchmarks/benchmarks/ml4acopf_2024/./vnnlib/300_ieee_prop105.vnnlib,.006003187,error_exit_code_1,.577806412
ml4acopf_2024,/home/elipregerson/nnenum/vnncomp2025_benchmarks/benchmarks/ml4acopf_2024/./onnx/300_ieee_ml4acopf-linear-residual.onnx,/home/elipregerson/nnenum/vnncomp2025_benchmarks/benchmarks/ml4acopf_2024/./vnnlib/300_ieee_prop2.vnnlib,.006025136,error_exit_code_1,.585556858
ml4acopf_2024,/home/elipregerson/nnenum/vnncomp2025_benchmarks/benchmarks/ml4acopf_2024/./onnx/300_ieee_ml4acopf-linear-residual.onnx,/home/elipregerson/nnenum/vnncomp2025_benchmarks/benchmarks/ml4acopf_2024/./vnnlib/300_ieee_prop4.vnnlib,.006048564,error_exit_code_1,1.114990702
ml4acopf_2024,/home/elipregerson/nnenum/vnncomp2025_benchmarks/benchmarks/ml4acopf_2024/./onnx/118_ieee_ml4acopf-linear-residual.onnx,/home/elipregerson/nnenum/vnncomp2025_benchmarks/benchmarks/ml4acopf_2024/./vnnlib/118_ieee_prop2.vnnlib,.006053299,error_exit_code_1,.573238165
ml4acopf_2024,/home/elipregerson/nnenum/vnncomp2025_benchmarks/benchmarks/ml4acopf_2024/./onnx/118_ieee_ml4acopf-linear-residual.onnx,/home/elipregerson/nnenum/vnncomp2025_benchmarks/benchmarks/ml4acopf_2024/./vnnlib/118_ieee_prop4.vnnlib,.006032758,error_exit_code_1,.650852238
ml4acopf_2024,/home/elipregerson/nnenum/vnncomp2025_benchmarks/benchmarks/ml4acopf_2024/./onnx/118_ieee_ml4acopf-linear-residual.onnx,/home/elipregerson/nnenum/vnncomp2025_benchmarks/benchmarks/ml4acopf_2024/./vnnlib/118_ieee_prop3.vnnlib,.005938347,error_exit_code_1,.641979279
ml4acopf_2024,/home/elipregerson/nnenum/vnncomp2025_benchmarks/benchmarks/ml4acopf_2024/./onnx/118_ieee_ml4acopf-linear-residual.onnx,/home/elipregerson/nnenum/vnncomp2025_benchmarks/benchmarks/ml4acopf_2024/./vnnlib/118_ieee_prop5.vnnlib,.005988859,error_exit_code_1,.569124076
ml4acopf_2024,/home/elipregerson/nnenum/vnncomp2025_benchmarks/benchmarks/ml4acopf_2024/./onnx/118_ieee_ml4acopf-linear-residual.onnx,/home/elipregerson/nnenum/vnncomp2025_benchmarks/benchmarks/ml4acopf_2024/./vnnlib/118_ieee_prop6.vnnlib,.006159105,error_exit_code_1,.570573756
ml4acopf_2024,/home/elipregerson/nnenum/vnncomp2025_benchmarks/benchmarks/ml4acopf_2024/./onnx/300_ieee_ml4acopf.onnx,/home/elipregerson/nnenum/vnncomp2025_benchmarks/benchmarks/ml4acopf_2024/./vnnlib/300_ieee_prop3.vnnlib,.011682644,error_exit_code_1,.812395380
ml4acopf_2024,/home/elipregerson/nnenum/vnncomp2025_benchmarks/benchmarks/ml4acopf_2024/./onnx/300_ieee_ml4acopf.onnx,/home/elipregerson/nnenum/vnncomp2025_benchmarks/benchmarks/ml4acopf_2024/./vnnlib/300_ieee_prop105.vnnlib,.006185285,error_exit_code_1,.571652106
ml4acopf_2024,/home/elipregerson/nnenum/vnncomp2025_benchmarks/benchmarks/ml4acopf_2024/./onnx/300_ieee_ml4acopf.onnx,/home/elipregerson/nnenum/vnncomp2025_benchmarks/benchmarks/ml4acopf_2024/./vnnlib/300_ieee_prop2.vnnlib,.006099206,error_exit_code_1,.580439954
ml4acopf_2024,/home/elipregerson/nnenum/vnncomp2025_benchmarks/benchmarks/ml4acopf_2024/./onnx/300_ieee_ml4acopf.onnx,/home/elipregerson/nnenum/vnncomp2025_benchmarks/benchmarks/ml4acopf_2024/./vnnlib/300_ieee_prop4.vnnlib,.005953810,error_exit_code_1,1.075278054
ml4acopf_2024,/home/elipregerson/nnenum/vnncomp2025_benchmarks/benchmarks/test/onnx/test_nano.onnx,/home/elipregerson/nnenum/vnncomp2025_benchmarks/benchmarks/test/vnnlib/test_nano.vnnlib,.006135574,error_exit_code_1,.522404936
nn4sys,/home/elipregerson/nnenum/vnncomp2025_benchmarks/benchmarks/nn4sys/onnx/pensieve_small_simple.onnx,/home/elipregerson/nnenum/vnncomp2025_benchmarks/benchmarks/nn4sys/vnnlib/pensieve_simple_0.vnnlib,.006175244,error_exit_code_1,.532945447
nn4sys,/home/elipregerson/nnenum/vnncomp2025_benchmarks/benchmarks/nn4sys/onnx/pensieve_big_parallel.onnx,/home/elipregerson/nnenum/vnncomp2025_benchmarks/benchmarks/nn4sys/vnnlib/pensieve_parallel_1.vnnlib,.006061833,error_exit_code_1,.557863893
nn4sys,/home/elipregerson/nnenum/vnncomp2025_benchmarks/benchmarks/nn4sys/onnx/pensieve_small_simple.onnx,/home/elipregerson/nnenum/vnncomp2025_benchmarks/benchmarks/nn4sys/vnnlib/pensieve_simple_2.vnnlib,.005945297,error_exit_code_1,.538257487
nn4sys,/home/elipregerson/nnenum/vnncomp2025_benchmarks/benchmarks/nn4sys/onnx/pensieve_small_simple.onnx,/home/elipregerson/nnenum/vnncomp2025_benchmarks/benchmarks/nn4sys/vnnlib/pensieve_simple_3.vnnlib,.005867423,error_exit_code_1,.536462509
nn4sys,/home/elipregerson/nnenum/vnncomp2025_benchmarks/benchmarks/nn4sys/onnx/pensieve_small_parallel.onnx,/home/elipregerson/nnenum/vnncomp2025_benchmarks/benchmarks/nn4sys/vnnlib/pensieve_parallel_4.vnnlib,.005995167,error_exit_code_1,.533809769
nn4sys,/home/elipregerson/nnenum/vnncomp2025_benchmarks/benchmarks/nn4sys/onnx/pensieve_small_simple.onnx,/home/elipregerson/nnenum/vnncomp2025_benchmarks/benchmarks/nn4sys/vnnlib/pensieve_simple_5.vnnlib,.006028430,error_exit_code_1,.534481750
nn4sys,/home/elipregerson/nnenum/vnncomp2025_benchmarks/benchmarks/nn4sys/onnx/pensieve_mid_simple.onnx,/home/elipregerson/nnenum/vnncomp2025_benchmarks/benchmarks/nn4sys/vnnlib/pensieve_simple_6.vnnlib,.006026285,error_exit_code_1,.541540313
nn4sys,/home/elipregerson/nnenum/vnncomp2025_benchmarks/benchmarks/nn4sys/onnx/pensieve_big_simple.onnx,/home/elipregerson/nnenum/vnncomp2025_benchmarks/benchmarks/nn4sys/vnnlib/pensieve_simple_7.vnnlib,.006008537,error_exit_code_1,.558129182
nn4sys,/home/elipregerson/nnenum/vnncomp2025_benchmarks/benchmarks/nn4sys/onnx/pensieve_big_parallel.onnx,/home/elipregerson/nnenum/vnncomp2025_benchmarks/benchmarks/nn4sys/vnnlib/pensieve_parallel_8.vnnlib,.005914073,error_exit_code_1,.578071029
nn4sys,/home/elipregerson/nnenum/vnncomp2025_benchmarks/benchmarks/nn4sys/onnx/pensieve_small_parallel.onnx,/home/elipregerson/nnenum/vnncomp2025_benchmarks/benchmarks/nn4sys/vnnlib/pensieve_parallel_9.vnnlib,.006007366,error_exit_code_1,.537321703
nn4sys,/home/elipregerson/nnenum/vnncomp2025_benchmarks/benchmarks/nn4sys/onnx/pensieve_big_simple.onnx,/home/elipregerson/nnenum/vnncomp2025_benchmarks/benchmarks/nn4sys/vnnlib/pensieve_simple_10.vnnlib,.005999439,error_exit_code_1,.538424003
nn4sys,/home/elipregerson/nnenum/vnncomp2025_benchmarks/benchmarks/nn4sys/onnx/pensieve_mid_simple.onnx,/home/elipregerson/nnenum/vnncomp2025_benchmarks/benchmarks/nn4sys/vnnlib/pensieve_simple_11.vnnlib,.005930687,error_exit_code_1,.526407035
nn4sys,/home/elipregerson/nnenum/vnncomp2025_benchmarks/benchmarks/nn4sys/onnx/pensieve_big_simple.onnx,/home/elipregerson/nnenum/vnncomp2025_benchmarks/benchmarks/nn4sys/vnnlib/pensieve_simple_12.vnnlib,.006099733,error_exit_code_1,.538188139
nn4sys,/home/elipregerson/nnenum/vnncomp2025_benchmarks/benchmarks/nn4sys/onnx/pensieve_small_simple.onnx,/home/elipregerson/nnenum/vnncomp2025_benchmarks/benchmarks/nn4sys/vnnlib/pensieve_simple_13.vnnlib,.005933753,error_exit_code_1,.532681523
nn4sys,/home/elipregerson/nnenum/vnncomp2025_benchmarks/benchmarks/nn4sys/onnx/pensieve_big_simple.onnx,/home/elipregerson/nnenum/vnncomp2025_benchmarks/benchmarks/nn4sys/vnnlib/pensieve_simple_14.vnnlib,.005935584,error_exit_code_1,.581035945
nn4sys,/home/elipregerson/nnenum/vnncomp2025_benchmarks/benchmarks/nn4sys/onnx/pensieve_small_simple.onnx,/home/elipregerson/nnenum/vnncomp2025_benchmarks/benchmarks/nn4sys/vnnlib/pensieve_simple_15.vnnlib,.005906585,error_exit_code_1,.528720762
nn4sys,/home/elipregerson/nnenum/vnncomp2025_benchmarks/benchmarks/nn4sys/onnx/pensieve_small_simple.onnx,/home/elipregerson/nnenum/vnncomp2025_benchmarks/benchmarks/nn4sys/vnnlib/pensieve_simple_16.vnnlib,.005961519,error_exit_code_1,.551249791
nn4sys,/home/elipregerson/nnenum/vnncomp2025_benchmarks/benchmarks/nn4sys/onnx/pensieve_small_parallel.onnx,/home/elipregerson/nnenum/vnncomp2025_benchmarks/benchmarks/nn4sys/vnnlib/pensieve_parallel_17.vnnlib,.005878854,error_exit_code_1,.559023690
nn4sys,/home/elipregerson/nnenum/vnncomp2025_benchmarks/benchmarks/nn4sys/onnx/pensieve_small_simple.onnx,/home/elipregerson/nnenum/vnncomp2025_benchmarks/benchmarks/nn4sys/vnnlib/pensieve_simple_18.vnnlib,.006101412,error_exit_code_1,.547339838
nn4sys,/home/elipregerson/nnenum/vnncomp2025_benchmarks/benchmarks/nn4sys/onnx/pensieve_small_parallel.onnx,/home/elipregerson/nnenum/vnncomp2025_benchmarks/benchmarks/nn4sys/vnnlib/pensieve_parallel_19.vnnlib,.006055051,error_exit_code_1,.540043698
nn4sys,/home/elipregerson/nnenum/vnncomp2025_benchmarks/benchmarks/nn4sys/onnx/pensieve_small_parallel.onnx,/home/elipregerson/nnenum/vnncomp2025_benchmarks/benchmarks/nn4sys/vnnlib/pensieve_parallel_20.vnnlib,.006079588,error_exit_code_1,.524214641
nn4sys,/home/elipregerson/nnenum/vnncomp2025_benchmarks/benchmarks/nn4sys/onnx/pensieve_mid_simple.onnx,/home/elipregerson/nnenum/vnncomp2025_benchmarks/benchmarks/nn4sys/vnnlib/pensieve_simple_21.vnnlib,.006083608,error_exit_code_1,.539483284
nn4sys,/home/elipregerson/nnenum/vnncomp2025_benchmarks/benchmarks/nn4sys/onnx/pensieve_big_simple.onnx,/home/elipregerson/nnenum/vnncomp2025_benchmarks/benchmarks/nn4sys/vnnlib/pensieve_simple_22.vnnlib,.006021286,error_exit_code_1,.539884163
nn4sys,/home/elipregerson/nnenum/vnncomp2025_benchmarks/benchmarks/nn4sys/onnx/pensieve_big_parallel.onnx,/home/elipregerson/nnenum/vnncomp2025_benchmarks/benchmarks/nn4sys/vnnlib/pensieve_parallel_23.vnnlib,.005990128,error_exit_code_1,.560366600
nn4sys,/home/elipregerson/nnenum/vnncomp2025_benchmarks/benchmarks/nn4sys/onnx/pensieve_big_parallel.onnx,/home/elipregerson/nnenum/vnncomp2025_benchmarks/benchmarks/nn4sys/vnnlib/pensieve_parallel_24.vnnlib,.005965568,error_exit_code_1,.572557557
nn4sys,/home/elipregerson/nnenum/vnncomp2025_benchmarks/benchmarks/nn4sys/onnx/pensieve_big_simple.onnx,/home/elipregerson/nnenum/vnncomp2025_benchmarks/benchmarks/nn4sys/vnnlib/pensieve_simple_25.vnnlib,.006095548,error_exit_code_1,.546011271
nn4sys,/home/elipregerson/nnenum/vnncomp2025_benchmarks/benchmarks/nn4sys/onnx/pensieve_big_simple.onnx,/home/elipregerson/nnenum/vnncomp2025_benchmarks/benchmarks/nn4sys/vnnlib/pensieve_simple_26.vnnlib,.006004547,error_exit_code_1,.545472608
nn4sys,/home/elipregerson/nnenum/vnncomp2025_benchmarks/benchmarks/nn4sys/onnx/pensieve_small_parallel.onnx,/home/elipregerson/nnenum/vnncomp2025_benchmarks/benchmarks/nn4sys/vnnlib/pensieve_parallel_27.vnnlib,.005972971,error_exit_code_1,.536506746
nn4sys,/home/elipregerson/nnenum/vnncomp2025_benchmarks/benchmarks/nn4sys/onnx/pensieve_small_simple.onnx,/home/elipregerson/nnenum/vnncomp2025_benchmarks/benchmarks/nn4sys/vnnlib/pensieve_simple_28.vnnlib,.005889357,error_exit_code_1,.543957016
nn4sys,/home/elipregerson/nnenum/vnncomp2025_benchmarks/benchmarks/nn4sys/onnx/pensieve_big_simple.onnx,/home/elipregerson/nnenum/vnncomp2025_benchmarks/benchmarks/nn4sys/vnnlib/pensieve_simple_29.vnnlib,.006031064,error_exit_code_1,.574173819
nn4sys,/home/elipregerson/nnenum/vnncomp2025_benchmarks/benchmarks/nn4sys/onnx/pensieve_big_parallel.onnx,/home/elipregerson/nnenum/vnncomp2025_benchmarks/benchmarks/nn4sys/vnnlib/pensieve_parallel_30.vnnlib,.006131974,error_exit_code_1,.570177619
nn4sys,/home/elipregerson/nnenum/vnncomp2025_benchmarks/benchmarks/nn4sys/onnx/pensieve_big_simple.onnx,/home/elipregerson/nnenum/vnncomp2025_benchmarks/benchmarks/nn4sys/vnnlib/pensieve_simple_31.vnnlib,.005996318,error_exit_code_1,.556910133
nn4sys,/home/elipregerson/nnenum/vnncomp2025_benchmarks/benchmarks/nn4sys/onnx/pensieve_small_parallel.onnx,/home/elipregerson/nnenum/vnncomp2025_benchmarks/benchmarks/nn4sys/vnnlib/pensieve_parallel_32.vnnlib,.005891021,error_exit_code_1,.540220302
nn4sys,/home/elipregerson/nnenum/vnncomp2025_benchmarks/benchmarks/nn4sys/onnx/pensieve_small_parallel.onnx,/home/elipregerson/nnenum/vnncomp2025_benchmarks/benchmarks/nn4sys/vnnlib/pensieve_parallel_33.vnnlib,.006002672,error_exit_code_1,.534751489
nn4sys,/home/elipregerson/nnenum/vnncomp2025_benchmarks/benchmarks/nn4sys/onnx/pensieve_small_simple.onnx,/home/elipregerson/nnenum/vnncomp2025_benchmarks/benchmarks/nn4sys/vnnlib/pensieve_simple_34.vnnlib,.005939280,error_exit_code_1,.538649982
nn4sys,/home/elipregerson/nnenum/vnncomp2025_benchmarks/benchmarks/nn4sys/onnx/pensieve_big_parallel.onnx,/home/elipregerson/nnenum/vnncomp2025_benchmarks/benchmarks/nn4sys/vnnlib/pensieve_parallel_35.vnnlib,.005894931,error_exit_code_1,.537313155
nn4sys,/home/elipregerson/nnenum/vnncomp2025_benchmarks/benchmarks/nn4sys/onnx/pensieve_big_parallel.onnx,/home/elipregerson/nnenum/vnncomp2025_benchmarks/benchmarks/nn4sys/vnnlib/pensieve_parallel_36.vnnlib,.006034724,error_exit_code_1,.553470846
nn4sys,/home/elipregerson/nnenum/vnncomp2025_benchmarks/benchmarks/nn4sys/onnx/pensieve_big_parallel.onnx,/home/elipregerson/nnenum/vnncomp2025_benchmarks/benchmarks/nn4sys/vnnlib/pensieve_parallel_37.vnnlib,.005942575,error_exit_code_1,.573949985
nn4sys,/home/elipregerson/nnenum/vnncomp2025_benchmarks/benchmarks/nn4sys/onnx/pensieve_big_parallel.onnx,/home/elipregerson/nnenum/vnncomp2025_benchmarks/benchmarks/nn4sys/vnnlib/pensieve_parallel_38.vnnlib,.006023442,error_exit_code_1,.568012655
nn4sys,/home/elipregerson/nnenum/vnncomp2025_benchmarks/benchmarks/nn4sys/onnx/pensieve_big_parallel.onnx,/home/elipregerson/nnenum/vnncomp2025_benchmarks/benchmarks/nn4sys/vnnlib/pensieve_parallel_39.vnnlib,.005918204,error_exit_code_1,.539616199
nn4sys,/home/elipregerson/nnenum/vnncomp2025_benchmarks/benchmarks/nn4sys/onnx/pensieve_big_parallel.onnx,/home/elipregerson/nnenum/vnncomp2025_benchmarks/benchmarks/nn4sys/vnnlib/pensieve_parallel_40.vnnlib,.005940179,error_exit_code_1,.550738883
nn4sys,/home/elipregerson/nnenum/vnncomp2025_benchmarks/benchmarks/nn4sys/onnx/pensieve_big_parallel.onnx,/home/elipregerson/nnenum/vnncomp2025_benchmarks/benchmarks/nn4sys/vnnlib/pensieve_parallel_41.vnnlib,.006064934,error_exit_code_1,.544272592
nn4sys,/home/elipregerson/nnenum/vnncomp2025_benchmarks/benchmarks/nn4sys/onnx/pensieve_big_parallel.onnx,/home/elipregerson/nnenum/vnncomp2025_benchmarks/benchmarks/nn4sys/vnnlib/pensieve_parallel_42.vnnlib,.006003897,error_exit_code_1,.557400448
nn4sys,/home/elipregerson/nnenum/vnncomp2025_benchmarks/benchmarks/nn4sys/onnx/pensieve_big_parallel.onnx,/home/elipregerson/nnenum/vnncomp2025_benchmarks/benchmarks/nn4sys/vnnlib/pensieve_parallel_43.vnnlib,.006054428,error_exit_code_1,.546251216
nn4sys,/home/elipregerson/nnenum/vnncomp2025_benchmarks/benchmarks/nn4sys/onnx/pensieve_big_parallel.onnx,/home/elipregerson/nnenum/vnncomp2025_benchmarks/benchmarks/nn4sys/vnnlib/pensieve_parallel_44.vnnlib,.005982248,error_exit_code_1,.542153437
nn4sys,/home/elipregerson/nnenum/vnncomp2025_benchmarks/benchmarks/nn4sys/onnx/pensieve_big_parallel.onnx,/home/elipregerson/nnenum/vnncomp2025_benchmarks/benchmarks/nn4sys/vnnlib/pensieve_parallel_45.vnnlib,.006071365,error_exit_code_1,.540783919
nn4sys,/home/elipregerson/nnenum/vnncomp2025_benchmarks/benchmarks/nn4sys/onnx/pensieve_big_parallel.onnx,/home/elipregerson/nnenum/vnncomp2025_benchmarks/benchmarks/nn4sys/vnnlib/pensieve_parallel_46.vnnlib,.006005103,error_exit_code_1,.545813743
nn4sys,/home/elipregerson/nnenum/vnncomp2025_benchmarks/benchmarks/nn4sys/onnx/pensieve_big_parallel.onnx,/home/elipregerson/nnenum/vnncomp2025_benchmarks/benchmarks/nn4sys/vnnlib/pensieve_parallel_47.vnnlib,.005855984,error_exit_code_1,.545159795
nn4sys,/home/elipregerson/nnenum/vnncomp2025_benchmarks/benchmarks/nn4sys/onnx/pensieve_big_parallel.onnx,/home/elipregerson/nnenum/vnncomp2025_benchmarks/benchmarks/nn4sys/vnnlib/pensieve_parallel_48.vnnlib,.006202042,error_exit_code_1,.554608307
nn4sys,/home/elipregerson/nnenum/vnncomp2025_benchmarks/benchmarks/nn4sys/onnx/pensieve_big_parallel.onnx,/home/elipregerson/nnenum/vnncomp2025_benchmarks/benchmarks/nn4sys/vnnlib/pensieve_parallel_49.vnnlib,.005925246,error_exit_code_1,.536676708
nn4sys,/home/elipregerson/nnenum/vnncomp2025_benchmarks/benchmarks/nn4sys/onnx/pensieve_big_parallel.onnx,/home/elipregerson/nnenum/vnncomp2025_benchmarks/benchmarks/nn4sys/vnnlib/pensieve_parallel_50.vnnlib,.006234786,error_exit_code_1,.542945494
nn4sys,/home/elipregerson/nnenum/vnncomp2025_benchmarks/benchmarks/nn4sys/onnx/pensieve_big_parallel.onnx,/home/elipregerson/nnenum/vnncomp2025_benchmarks/benchmarks/nn4sys/vnnlib/pensieve_parallel_51.vnnlib,.006077070,error_exit_code_1,.538737775
nn4sys,/home/elipregerson/nnenum/vnncomp2025_benchmarks/benchmarks/nn4sys/onnx/pensieve_big_parallel.onnx,/home/elipregerson/nnenum/vnncomp2025_benchmarks/benchmarks/nn4sys/vnnlib/pensieve_parallel_52.vnnlib,.006004099,error_exit_code_1,.550418003
nn4sys,/home/elipregerson/nnenum/vnncomp2025_benchmarks/benchmarks/nn4sys/onnx/pensieve_big_parallel.onnx,/home/elipregerson/nnenum/vnncomp2025_benchmarks/benchmarks/nn4sys/vnnlib/pensieve_parallel_53.vnnlib,.005935235,error_exit_code_1,.542387055
nn4sys,/home/elipregerson/nnenum/vnncomp2025_benchmarks/benchmarks/nn4sys/onnx/pensieve_big_parallel.onnx,/home/elipregerson/nnenum/vnncomp2025_benchmarks/benchmarks/nn4sys/vnnlib/pensieve_parallel_54.vnnlib,.006027375,error_exit_code_1,.541137305
nn4sys,/home/elipregerson/nnenum/vnncomp2025_benchmarks/benchmarks/nn4sys/onnx/pensieve_big_parallel.onnx,/home/elipregerson/nnenum/vnncomp2025_benchmarks/benchmarks/nn4sys/vnnlib/pensieve_parallel_55.vnnlib,.006095034,error_exit_code_1,.554386286
nn4sys,/home/elipregerson/nnenum/vnncomp2025_benchmarks/benchmarks/nn4sys/onnx/pensieve_big_parallel.onnx,/home/elipregerson/nnenum/vnncomp2025_benchmarks/benchmarks/nn4sys/vnnlib/pensieve_parallel_56.vnnlib,.006218268,error_exit_code_1,.545507000
nn4sys,/home/elipregerson/nnenum/vnncomp2025_benchmarks/benchmarks/nn4sys/onnx/pensieve_big_parallel.onnx,/home/elipregerson/nnenum/vnncomp2025_benchmarks/benchmarks/nn4sys/vnnlib/pensieve_parallel_57.vnnlib,.005925011,error_exit_code_1,.560935216
nn4sys,/home/elipregerson/nnenum/vnncomp2025_benchmarks/benchmarks/nn4sys/onnx/pensieve_big_parallel.onnx,/home/elipregerson/nnenum/vnncomp2025_benchmarks/benchmarks/nn4sys/vnnlib/pensieve_parallel_58.vnnlib,.006331815,error_exit_code_1,.553748467
nn4sys,/home/elipregerson/nnenum/vnncomp2025_benchmarks/benchmarks/nn4sys/onnx/pensieve_big_parallel.onnx,/home/elipregerson/nnenum/vnncomp2025_benchmarks/benchmarks/nn4sys/vnnlib/pensieve_parallel_59.vnnlib,.005734377,error_exit_code_1,.546127643
nn4sys,/home/elipregerson/nnenum/vnncomp2025_benchmarks/benchmarks/nn4sys/onnx/pensieve_big_parallel.onnx,/home/elipregerson/nnenum/vnncomp2025_benchmarks/benchmarks/nn4sys/vnnlib/pensieve_parallel_60.vnnlib,.006545035,error_exit_code_1,.548488024
nn4sys,/home/elipregerson/nnenum/vnncomp2025_benchmarks/benchmarks/nn4sys/onnx/pensieve_big_parallel.onnx,/home/elipregerson/nnenum/vnncomp2025_benchmarks/benchmarks/nn4sys/vnnlib/pensieve_parallel_61.vnnlib,.006006072,error_exit_code_1,.549400338
nn4sys,/home/elipregerson/nnenum/vnncomp2025_benchmarks/benchmarks/nn4sys/onnx/pensieve_big_parallel.onnx,/home/elipregerson/nnenum/vnncomp2025_benchmarks/benchmarks/nn4sys/vnnlib/pensieve_parallel_62.vnnlib,.005912235,error_exit_code_1,.547457600
nn4sys,/home/elipregerson/nnenum/vnncomp2025_benchmarks/benchmarks/nn4sys/onnx/pensieve_big_parallel.onnx,/home/elipregerson/nnenum/vnncomp2025_benchmarks/benchmarks/nn4sys/vnnlib/pensieve_parallel_63.vnnlib,.006097783,error_exit_code_1,.544243768
nn4sys,/home/elipregerson/nnenum/vnncomp2025_benchmarks/benchmarks/nn4sys/onnx/pensieve_big_parallel.onnx,/home/elipregerson/nnenum/vnncomp2025_benchmarks/benchmarks/nn4sys/vnnlib/pensieve_parallel_64.vnnlib,.006204205,error_exit_code_1,.568018298
nn4sys,/home/elipregerson/nnenum/vnncomp2025_benchmarks/benchmarks/nn4sys/onnx/pensieve_big_parallel.onnx,/home/elipregerson/nnenum/vnncomp2025_benchmarks/benchmarks/nn4sys/vnnlib/pensieve_parallel_65.vnnlib,.005961384,error_exit_code_1,.548837832
nn4sys,/home/elipregerson/nnenum/vnncomp2025_benchmarks/benchmarks/nn4sys/onnx/pensieve_big_parallel.onnx,/home/elipregerson/nnenum/vnncomp2025_benchmarks/benchmarks/nn4sys/vnnlib/pensieve_parallel_66.vnnlib,.005957050,error_exit_code_1,.553032506
nn4sys,/home/elipregerson/nnenum/vnncomp2025_benchmarks/benchmarks/nn4sys/onnx/pensieve_big_parallel.onnx,/home/elipregerson/nnenum/vnncomp2025_benchmarks/benchmarks/nn4sys/vnnlib/pensieve_parallel_67.vnnlib,.006012077,error_exit_code_1,.543643071
nn4sys,/home/elipregerson/nnenum/vnncomp2025_benchmarks/benchmarks/nn4sys/onnx/pensieve_big_parallel.onnx,/home/elipregerson/nnenum/vnncomp2025_benchmarks/benchmarks/nn4sys/vnnlib/pensieve_parallel_68.vnnlib,.005911459,error_exit_code_1,.560654139
nn4sys,/home/elipregerson/nnenum/vnncomp2025_benchmarks/benchmarks/nn4sys/onnx/pensieve_big_parallel.onnx,/home/elipregerson/nnenum/vnncomp2025_benchmarks/benchmarks/nn4sys/vnnlib/pensieve_parallel_69.vnnlib,.006201384,error_exit_code_1,.534984585
nn4sys,/home/elipregerson/nnenum/vnncomp2025_benchmarks/benchmarks/nn4sys/onnx/pensieve_big_parallel.onnx,/home/elipregerson/nnenum/vnncomp2025_benchmarks/benchmarks/nn4sys/vnnlib/pensieve_parallel_70.vnnlib,.006053535,error_exit_code_1,.542916445
nn4sys,/home/elipregerson/nnenum/vnncomp2025_benchmarks/benchmarks/nn4sys/onnx/pensieve_big_parallel.onnx,/home/elipregerson/nnenum/vnncomp2025_benchmarks/benchmarks/nn4sys/vnnlib/pensieve_parallel_71.vnnlib,.005939037,error_exit_code_1,.538117846
nn4sys,/home/elipregerson/nnenum/vnncomp2025_benchmarks/benchmarks/nn4sys/onnx/pensieve_big_parallel.onnx,/home/elipregerson/nnenum/vnncomp2025_benchmarks/benchmarks/nn4sys/vnnlib/pensieve_parallel_72.vnnlib,.006022720,error_exit_code_1,.554616669
nn4sys,/home/elipregerson/nnenum/vnncomp2025_benchmarks/benchmarks/nn4sys/onnx/pensieve_big_parallel.onnx,/home/elipregerson/nnenum/vnncomp2025_benchmarks/benchmarks/nn4sys/vnnlib/pensieve_parallel_73.vnnlib,.006127305,error_exit_code_1,.546033857
nn4sys,/home/elipregerson/nnenum/vnncomp2025_benchmarks/benchmarks/nn4sys/onnx/pensieve_big_parallel.onnx,/home/elipregerson/nnenum/vnncomp2025_benchmarks/benchmarks/nn4sys/vnnlib/pensieve_parallel_74.vnnlib,.005985332,error_exit_code_1,.553060306
nn4sys,/home/elipregerson/nnenum/vnncomp2025_benchmarks/benchmarks/nn4sys/onnx/pensieve_big_parallel.onnx,/home/elipregerson/nnenum/vnncomp2025_benchmarks/benchmarks/nn4sys/vnnlib/pensieve_parallel_75.vnnlib,.005902508,error_exit_code_1,.542600199
nn4sys,/home/elipregerson/nnenum/vnncomp2025_benchmarks/benchmarks/nn4sys/onnx/pensieve_big_parallel.onnx,/home/elipregerson/nnenum/vnncomp2025_benchmarks/benchmarks/nn4sys/vnnlib/pensieve_parallel_76.vnnlib,.005950643,error_exit_code_1,.549031367
nn4sys,/home/elipregerson/nnenum/vnncomp2025_benchmarks/benchmarks/nn4sys/onnx/pensieve_big_parallel.onnx,/home/elipregerson/nnenum/vnncomp2025_benchmarks/benchmarks/nn4sys/vnnlib/pensieve_parallel_77.vnnlib,.005956381,error_exit_code_1,.547298217
nn4sys,/home/elipregerson/nnenum/vnncomp2025_benchmarks/benchmarks/nn4sys/onnx/pensieve_big_parallel.onnx,/home/elipregerson/nnenum/vnncomp2025_benchmarks/benchmarks/nn4sys/vnnlib/pensieve_parallel_78.vnnlib,.006027533,error_exit_code_1,.545951920
nn4sys,/home/elipregerson/nnenum/vnncomp2025_benchmarks/benchmarks/nn4sys/onnx/pensieve_big_parallel.onnx,/home/elipregerson/nnenum/vnncomp2025_benchmarks/benchmarks/nn4sys/vnnlib/pensieve_parallel_79.vnnlib,.006021809,error_exit_code_1,.549512873
nn4sys,/home/elipregerson/nnenum/vnncomp2025_benchmarks/benchmarks/nn4sys/onnx/pensieve_big_parallel.onnx,/home/elipregerson/nnenum/vnncomp2025_benchmarks/benchmarks/nn4sys/vnnlib/pensieve_parallel_80.vnnlib,.005980868,error_exit_code_1,.559725824
nn4sys,/home/elipregerson/nnenum/vnncomp2025_benchmarks/benchmarks/nn4sys/onnx/pensieve_big_parallel.onnx,/home/elipregerson/nnenum/vnncomp2025_benchmarks/benchmarks/nn4sys/vnnlib/pensieve_parallel_81.vnnlib,.005982019,error_exit_code_1,.546206728
nn4sys,/home/elipregerson/nnenum/vnncomp2025_benchmarks/benchmarks/nn4sys/onnx/pensieve_big_parallel.onnx,/home/elipregerson/nnenum/vnncomp2025_benchmarks/benchmarks/nn4sys/vnnlib/pensieve_parallel_82.vnnlib,.006091535,error_exit_code_1,.545544156
nn4sys,/home/elipregerson/nnenum/vnncomp2025_benchmarks/benchmarks/nn4sys/onnx/pensieve_big_parallel.onnx,/home/elipregerson/nnenum/vnncomp2025_benchmarks/benchmarks/nn4sys/vnnlib/pensieve_parallel_83.vnnlib,.006033335,error_exit_code_1,.543950718
nn4sys,/home/elipregerson/nnenum/vnncomp2025_benchmarks/benchmarks/nn4sys/onnx/pensieve_big_parallel.onnx,/home/elipregerson/nnenum/vnncomp2025_benchmarks/benchmarks/nn4sys/vnnlib/pensieve_parallel_84.vnnlib,.006210741,error_exit_code_1,.542627668
nn4sys,/home/elipregerson/nnenum/vnncomp2025_benchmarks/benchmarks/nn4sys/onnx/pensieve_big_parallel.onnx,/home/elipregerson/nnenum/vnncomp2025_benchmarks/benchmarks/nn4sys/vnnlib/pensieve_parallel_85.vnnlib,.005979307,error_exit_code_1,.550676007
nn4sys,/home/elipregerson/nnenum/vnncomp2025_benchmarks/benchmarks/nn4sys/onnx/pensieve_big_parallel.onnx,/home/elipregerson/nnenum/vnncomp2025_benchmarks/benchmarks/nn4sys/vnnlib/pensieve_parallel_86.vnnlib,.005983306,error_exit_code_1,.547187460
nn4sys,/home/elipregerson/nnenum/vnncomp2025_benchmarks/benchmarks/nn4sys/onnx/pensieve_big_parallel.onnx,/home/elipregerson/nnenum/vnncomp2025_benchmarks/benchmarks/nn4sys/vnnlib/pensieve_parallel_87.vnnlib,.006148968,error_exit_code_1,.545014520
nn4sys,/home/elipregerson/nnenum/vnncomp2025_benchmarks/benchmarks/nn4sys/onnx/pensieve_big_parallel.onnx,/home/elipregerson/nnenum/vnncomp2025_benchmarks/benchmarks/nn4sys/vnnlib/pensieve_parallel_88.vnnlib,.006145943,error_exit_code_1,.541830097
nn4sys,/home/elipregerson/nnenum/vnncomp2025_benchmarks/benchmarks/nn4sys/onnx/pensieve_big_parallel.onnx,/home/elipregerson/nnenum/vnncomp2025_benchmarks/benchmarks/nn4sys/vnnlib/pensieve_parallel_89.vnnlib,.006204268,error_exit_code_1,.542587360
nn4sys,/home/elipregerson/nnenum/vnncomp2025_benchmarks/benchmarks/nn4sys/onnx/pensieve_big_parallel.onnx,/home/elipregerson/nnenum/vnncomp2025_benchmarks/benchmarks/nn4sys/vnnlib/pensieve_parallel_90.vnnlib,.005999731,error_exit_code_1,.551175806
nn4sys,/home/elipregerson/nnenum/vnncomp2025_benchmarks/benchmarks/nn4sys/onnx/pensieve_big_parallel.onnx,/home/elipregerson/nnenum/vnncomp2025_benchmarks/benchmarks/nn4sys/vnnlib/pensieve_parallel_91.vnnlib,.006025330,error_exit_code_1,.543943535
nn4sys,/home/elipregerson/nnenum/vnncomp2025_benchmarks/benchmarks/nn4sys/onnx/pensieve_big_parallel.onnx,/home/elipregerson/nnenum/vnncomp2025_benchmarks/benchmarks/nn4sys/vnnlib/pensieve_parallel_92.vnnlib,.005920694,error_exit_code_1,.553303038
nn4sys,/home/elipregerson/nnenum/vnncomp2025_benchmarks/benchmarks/nn4sys/onnx/pensieve_big_parallel.onnx,/home/elipregerson/nnenum/vnncomp2025_benchmarks/benchmarks/nn4sys/vnnlib/pensieve_parallel_93.vnnlib,.006018881,error_exit_code_1,.545108114
nn4sys,/home/elipregerson/nnenum/vnncomp2025_benchmarks/benchmarks/nn4sys/onnx/pensieve_big_parallel.onnx,/home/elipregerson/nnenum/vnncomp2025_benchmarks/benchmarks/nn4sys/vnnlib/pensieve_parallel_94.vnnlib,.005934411,error_exit_code_1,.558676393
nn4sys,/home/elipregerson/nnenum/vnncomp2025_benchmarks/benchmarks/nn4sys/onnx/pensieve_big_parallel.onnx,/home/elipregerson/nnenum/vnncomp2025_benchmarks/benchmarks/nn4sys/vnnlib/pensieve_parallel_95.vnnlib,.006143868,error_exit_code_1,.545784192
nn4sys,/home/elipregerson/nnenum/vnncomp2025_benchmarks/benchmarks/nn4sys/onnx/pensieve_big_parallel.onnx,/home/elipregerson/nnenum/vnncomp2025_benchmarks/benchmarks/nn4sys/vnnlib/pensieve_parallel_96.vnnlib,.005991010,error_exit_code_1,.563435982
nn4sys,/home/elipregerson/nnenum/vnncomp2025_benchmarks/benchmarks/nn4sys/onnx/pensieve_big_parallel.onnx,/home/elipregerson/nnenum/vnncomp2025_benchmarks/benchmarks/nn4sys/vnnlib/pensieve_parallel_97.vnnlib,.005912336,error_exit_code_1,.567513887
nn4sys,/home/elipregerson/nnenum/vnncomp2025_benchmarks/benchmarks/nn4sys/onnx/pensieve_big_parallel.onnx,/home/elipregerson/nnenum/vnncomp2025_benchmarks/benchmarks/nn4sys/vnnlib/pensieve_parallel_98.vnnlib,.006152125,error_exit_code_1,.541790744
nn4sys,/home/elipregerson/nnenum/vnncomp2025_benchmarks/benchmarks/nn4sys/onnx/pensieve_big_parallel.onnx,/home/elipregerson/nnenum/vnncomp2025_benchmarks/benchmarks/nn4sys/vnnlib/pensieve_parallel_99.vnnlib,.006158483,error_exit_code_1,.542203729
nn4sys,/home/elipregerson/nnenum/vnncomp2025_benchmarks/benchmarks/nn4sys/onnx/pensieve_big_parallel.onnx,/home/elipregerson/nnenum/vnncomp2025_benchmarks/benchmarks/nn4sys/vnnlib/pensieve_parallel_100.vnnlib,.005956190,error_exit_code_1,.543033064
nn4sys,/home/elipregerson/nnenum/vnncomp2025_benchmarks/benchmarks/nn4sys/onnx/pensieve_big_parallel.onnx,/home/elipregerson/nnenum/vnncomp2025_benchmarks/benchmarks/nn4sys/vnnlib/pensieve_parallel_101.vnnlib,.006053206,error_exit_code_1,.540522146
nn4sys,/home/elipregerson/nnenum/vnncomp2025_benchmarks/benchmarks/nn4sys/onnx/pensieve_big_parallel.onnx,/home/elipregerson/nnenum/vnncomp2025_benchmarks/benchmarks/nn4sys/vnnlib/pensieve_parallel_102.vnnlib,.006179108,error_exit_code_1,.551512108
nn4sys,/home/elipregerson/nnenum/vnncomp2025_benchmarks/benchmarks/nn4sys/onnx/pensieve_big_parallel.onnx,/home/elipregerson/nnenum/vnncomp2025_benchmarks/benchmarks/nn4sys/vnnlib/pensieve_parallel_103.vnnlib,.006089836,error_exit_code_1,.564167403
nn4sys,/home/elipregerson/nnenum/vnncomp2025_benchmarks/benchmarks/nn4sys/onnx/pensieve_big_parallel.onnx,/home/elipregerson/nnenum/vnncomp2025_benchmarks/benchmarks/nn4sys/vnnlib/pensieve_parallel_104.vnnlib,.005884286,error_exit_code_1,.539410622
nn4sys,/home/elipregerson/nnenum/vnncomp2025_benchmarks/benchmarks/nn4sys/onnx/lindex.onnx,/home/elipregerson/nnenum/vnncomp2025_benchmarks/benchmarks/nn4sys/vnnlib/lindex_1.vnnlib,.005993327,error_exit_code_1,.526993529
nn4sys,/home/elipregerson/nnenum/vnncomp2025_benchmarks/benchmarks/nn4sys/onnx/lindex_deep.onnx,/home/elipregerson/nnenum/vnncomp2025_benchmarks/benchmarks/nn4sys/vnnlib/lindex_1.vnnlib,.005922819,error_exit_code_1,.519026923
nn4sys,/home/elipregerson/nnenum/vnncomp2025_benchmarks/benchmarks/nn4sys/onnx/lindex.onnx,/home/elipregerson/nnenum/vnncomp2025_benchmarks/benchmarks/nn4sys/vnnlib/lindex_200.vnnlib,.005858661,error_exit_code_1,.526633439
nn4sys,/home/elipregerson/nnenum/vnncomp2025_benchmarks/benchmarks/nn4sys/onnx/lindex_deep.onnx,/home/elipregerson/nnenum/vnncomp2025_benchmarks/benchmarks/nn4sys/vnnlib/lindex_200.vnnlib,.006265394,error_exit_code_1,.522867130
nn4sys,/home/elipregerson/nnenum/vnncomp2025_benchmarks/benchmarks/nn4sys/onnx/lindex.onnx,/home/elipregerson/nnenum/vnncomp2025_benchmarks/benchmarks/nn4sys/vnnlib/lindex_400.vnnlib,.005972384,error_exit_code_1,.533015742
nn4sys,/home/elipregerson/nnenum/vnncomp2025_benchmarks/benchmarks/nn4sys/onnx/lindex_deep.onnx,/home/elipregerson/nnenum/vnncomp2025_benchmarks/benchmarks/nn4sys/vnnlib/lindex_400.vnnlib,.006024136,error_exit_code_1,.533317842
nn4sys,/home/elipregerson/nnenum/vnncomp2025_benchmarks/benchmarks/nn4sys/onnx/lindex.onnx,/home/elipregerson/nnenum/vnncomp2025_benchmarks/benchmarks/nn4sys/vnnlib/lindex_600.vnnlib,.006228200,error_exit_code_1,.544691218
nn4sys,/home/elipregerson/nnenum/vnncomp2025_benchmarks/benchmarks/nn4sys/onnx/lindex_deep.onnx,/home/elipregerson/nnenum/vnncomp2025_benchmarks/benchmarks/nn4sys/vnnlib/lindex_600.vnnlib,.005951714,error_exit_code_1,.555446335
nn4sys,/home/elipregerson/nnenum/vnncomp2025_benchmarks/benchmarks/nn4sys/onnx/lindex.onnx,/home/elipregerson/nnenum/vnncomp2025_benchmarks/benchmarks/nn4sys/vnnlib/lindex_800.vnnlib,.005996378,error_exit_code_1,.555366015
nn4sys,/home/elipregerson/nnenum/vnncomp2025_benchmarks/benchmarks/nn4sys/onnx/lindex_deep.onnx,/home/elipregerson/nnenum/vnncomp2025_benchmarks/benchmarks/nn4sys/vnnlib/lindex_800.vnnlib,.006073244,error_exit_code_1,.547472771
nn4sys,/home/elipregerson/nnenum/vnncomp2025_benchmarks/benchmarks/nn4sys/onnx/lindex.onnx,/home/elipregerson/nnenum/vnncomp2025_benchmarks/benchmarks/nn4sys/vnnlib/lindex_1000.vnnlib,.005967855,error_exit_code_1,.549469440
nn4sys,/home/elipregerson/nnenum/vnncomp2025_benchmarks/benchmarks/nn4sys/onnx/lindex_deep.onnx,/home/elipregerson/nnenum/vnncomp2025_benchmarks/benchmarks/nn4sys/vnnlib/lindex_1000.vnnlib,.006066770,error_exit_code_1,.546654802
nn4sys,/home/elipregerson/nnenum/vnncomp2025_benchmarks/benchmarks/nn4sys/onnx/lindex.onnx,/home/elipregerson/nnenum/vnncomp2025_benchmarks/benchmarks/nn4sys/vnnlib/lindex_3000.vnnlib,.006017130,error_exit_code_1,.622354831
nn4sys,/home/elipregerson/nnenum/vnncomp2025_benchmarks/benchmarks/nn4sys/onnx/lindex_deep.onnx,/home/elipregerson/nnenum/vnncomp2025_benchmarks/benchmarks/nn4sys/vnnlib/lindex_3000.vnnlib,.006050380,error_exit_code_1,.628265201
nn4sys,/home/elipregerson/nnenum/vnncomp2025_benchmarks/benchmarks/nn4sys/onnx/lindex.onnx,/home/elipregerson/nnenum/vnncomp2025_benchmarks/benchmarks/nn4sys/vnnlib/lindex_5000.vnnlib,.006198361,error_exit_code_1,.703581566
nn4sys,/home/elipregerson/nnenum/vnncomp2025_benchmarks/benchmarks/nn4sys/onnx/lindex_deep.onnx,/home/elipregerson/nnenum/vnncomp2025_benchmarks/benchmarks/nn4sys/vnnlib/lindex_5000.vnnlib,.006165361,error_exit_code_1,.704361511
nn4sys,/home/elipregerson/nnenum/vnncomp2025_benchmarks/benchmarks/nn4sys/onnx/lindex.onnx,/home/elipregerson/nnenum/vnncomp2025_benchmarks/benchmarks/nn4sys/vnnlib/lindex_7000.vnnlib,.006258123,error_exit_code_1,.753541922
nn4sys,/home/elipregerson/nnenum/vnncomp2025_benchmarks/benchmarks/nn4sys/onnx/lindex_deep.onnx,/home/elipregerson/nnenum/vnncomp2025_benchmarks/benchmarks/nn4sys/vnnlib/lindex_7000.vnnlib,.006040586,error_exit_code_1,.763292041
nn4sys,/home/elipregerson/nnenum/vnncomp2025_benchmarks/benchmarks/nn4sys/onnx/lindex.onnx,/home/elipregerson/nnenum/vnncomp2025_benchmarks/benchmarks/nn4sys/vnnlib/lindex_9000.vnnlib,.005991479,error_exit_code_1,.849327963
nn4sys,/home/elipregerson/nnenum/vnncomp2025_benchmarks/benchmarks/nn4sys/onnx/lindex_deep.onnx,/home/elipregerson/nnenum/vnncomp2025_benchmarks/benchmarks/nn4sys/vnnlib/lindex_9000.vnnlib,.006055436,error_exit_code_1,.857942753
nn4sys,/home/elipregerson/nnenum/vnncomp2025_benchmarks/benchmarks/nn4sys/onnx/lindex.onnx,/home/elipregerson/nnenum/vnncomp2025_benchmarks/benchmarks/nn4sys/vnnlib/lindex_10000.vnnlib,.005968830,error_exit_code_1,.884048798
nn4sys,/home/elipregerson/nnenum/vnncomp2025_benchmarks/benchmarks/nn4sys/onnx/lindex_deep.onnx,/home/elipregerson/nnenum/vnncomp2025_benchmarks/benchmarks/nn4sys/vnnlib/lindex_10000.vnnlib,.005899672,error_exit_code_1,.890662459
nn4sys,/home/elipregerson/nnenum/vnncomp2025_benchmarks/benchmarks/nn4sys/onnx/lindex.onnx,/home/elipregerson/nnenum/vnncomp2025_benchmarks/benchmarks/nn4sys/vnnlib/lindex_60000.vnnlib,.006011027,error_exit_code_1,2.838195717
nn4sys,/home/elipregerson/nnenum/vnncomp2025_benchmarks/benchmarks/nn4sys/onnx/lindex_deep.onnx,/home/elipregerson/nnenum/vnncomp2025_benchmarks/benchmarks/nn4sys/vnnlib/lindex_60000.vnnlib,.005990592,error_exit_code_1,2.831927709
nn4sys,/home/elipregerson/nnenum/vnncomp2025_benchmarks/benchmarks/nn4sys/onnx/mscn_128d.onnx,/home/elipregerson/nnenum/vnncomp2025_benchmarks/benchmarks/nn4sys/vnnlib/cardinality_0_1_128.vnnlib,.006168769,error_exit_code_1,.522071647
nn4sys,/home/elipregerson/nnenum/vnncomp2025_benchmarks/benchmarks/nn4sys/onnx/mscn_128d.onnx,/home/elipregerson/nnenum/vnncomp2025_benchmarks/benchmarks/nn4sys/vnnlib/cardinality_0_500_128.vnnlib,.006001568,error_exit_code_1,1.258058803
nn4sys,/home/elipregerson/nnenum/vnncomp2025_benchmarks/benchmarks/nn4sys/onnx/mscn_128d.onnx,/home/elipregerson/nnenum/vnncomp2025_benchmarks/benchmarks/nn4sys/vnnlib/cardinality_0_750_128.vnnlib,.005923317,error_exit_code_1,1.615662155
nn4sys,/home/elipregerson/nnenum/vnncomp2025_benchmarks/benchmarks/nn4sys/onnx/mscn_128d.onnx,/home/elipregerson/nnenum/vnncomp2025_benchmarks/benchmarks/nn4sys/vnnlib/cardinality_0_1000_128.vnnlib,.006084828,error_exit_code_1,1.990779562
nn4sys,/home/elipregerson/nnenum/vnncomp2025_benchmarks/benchmarks/nn4sys/onnx/mscn_128d.onnx,/home/elipregerson/nnenum/vnncomp2025_benchmarks/benchmarks/nn4sys/vnnlib/cardinality_0_2120_128.vnnlib,.006002211,error_exit_code_1,3.688777775
nn4sys,/home/elipregerson/nnenum/vnncomp2025_benchmarks/benchmarks/nn4sys/onnx/mscn_128d.onnx,/home/elipregerson/nnenum/vnncomp2025_benchmarks/benchmarks/nn4sys/vnnlib/cardinality_0_2680_128.vnnlib,.005826928,error_exit_code_1,4.525077297
nn4sys,/home/elipregerson/nnenum/vnncomp2025_benchmarks/benchmarks/nn4sys/onnx/mscn_128d.onnx,/home/elipregerson/nnenum/vnncomp2025_benchmarks/benchmarks/nn4sys/vnnlib/cardinality_0_3240_128.vnnlib,.006129960,error_exit_code_1,5.468025944
nn4sys,/home/elipregerson/nnenum/vnncomp2025_benchmarks/benchmarks/nn4sys/onnx/mscn_128d.onnx,/home/elipregerson/nnenum/vnncomp2025_benchmarks/benchmarks/nn4sys/vnnlib/cardinality_0_3800_128.vnnlib,.005906512,error_exit_code_1,6.326198004
nn4sys,/home/elipregerson/nnenum/vnncomp2025_benchmarks/benchmarks/nn4sys/onnx/mscn_128d_dual.onnx,/home/elipregerson/nnenum/vnncomp2025_benchmarks/benchmarks/nn4sys/vnnlib/cardinality_1_1_128_dual.vnnlib,.006018500,error_exit_code_1,.547852001
nn4sys,/home/elipregerson/nnenum/vnncomp2025_benchmarks/benchmarks/nn4sys/onnx/mscn_128d_dual.onnx,/home/elipregerson/nnenum/vnncomp2025_benchmarks/benchmarks/nn4sys/vnnlib/cardinality_1_240_128_dual.vnnlib,.005872153,error_exit_code_1,.889301835
nn4sys,/home/elipregerson/nnenum/vnncomp2025_benchmarks/benchmarks/nn4sys/onnx/mscn_128d_dual.onnx,/home/elipregerson/nnenum/vnncomp2025_benchmarks/benchmarks/nn4sys/vnnlib/cardinality_1_360_128_dual.vnnlib,.007987687,error_exit_code_1,1.076044662
nn4sys,/home/elipregerson/nnenum/vnncomp2025_benchmarks/benchmarks/nn4sys/onnx/mscn_128d_dual.onnx,/home/elipregerson/nnenum/vnncomp2025_benchmarks/benchmarks/nn4sys/vnnlib/cardinality_1_480_128_dual.vnnlib,.005927980,error_exit_code_1,1.261216714
nn4sys,/home/elipregerson/nnenum/vnncomp2025_benchmarks/benchmarks/nn4sys/onnx/mscn_128d_dual.onnx,/home/elipregerson/nnenum/vnncomp2025_benchmarks/benchmarks/nn4sys/vnnlib/cardinality_1_600_128_dual.vnnlib,.006064303,error_exit_code_1,1.408220584
nn4sys,/home/elipregerson/nnenum/vnncomp2025_benchmarks/benchmarks/nn4sys/onnx/mscn_128d_dual.onnx,/home/elipregerson/nnenum/vnncomp2025_benchmarks/benchmarks/nn4sys/vnnlib/cardinality_1_720_128_dual.vnnlib,.005882097,error_exit_code_1,1.544100565
nn4sys,/home/elipregerson/nnenum/vnncomp2025_benchmarks/benchmarks/nn4sys/onnx/mscn_128d_dual.onnx,/home/elipregerson/nnenum/vnncomp2025_benchmarks/benchmarks/nn4sys/vnnlib/cardinality_1_840_128_dual.vnnlib,.006295839,error_exit_code_1,1.778775557
nn4sys,/home/elipregerson/nnenum/vnncomp2025_benchmarks/benchmarks/nn4sys/onnx/mscn_128d_dual.onnx,/home/elipregerson/nnenum/vnncomp2025_benchmarks/benchmarks/nn4sys/vnnlib/cardinality_1_960_128_dual.vnnlib,.005980191,error_exit_code_1,1.953304101
nn4sys,/home/elipregerson/nnenum/vnncomp2025_benchmarks/benchmarks/nn4sys/onnx/mscn_128d_dual.onnx,/home/elipregerson/nnenum/vnncomp2025_benchmarks/benchmarks/nn4sys/vnnlib/cardinality_1_2260_128_dual.vnnlib,.006226827,error_exit_code_1,3.881781477
nn4sys,/home/elipregerson/nnenum/vnncomp2025_benchmarks/benchmarks/nn4sys/onnx/mscn_128d_dual.onnx,/home/elipregerson/nnenum/vnncomp2025_benchmarks/benchmarks/nn4sys/vnnlib/cardinality_1_2890_128_dual.vnnlib,.005871214,error_exit_code_1,4.815020327
nn4sys,/home/elipregerson/nnenum/vnncomp2025_benchmarks/benchmarks/nn4sys/onnx/mscn_128d_dual.onnx,/home/elipregerson/nnenum/vnncomp2025_benchmarks/benchmarks/nn4sys/vnnlib/cardinality_1_3520_128_dual.vnnlib,.006023316,error_exit_code_1,5.886045021
nn4sys,/home/elipregerson/nnenum/vnncomp2025_benchmarks/benchmarks/nn4sys/onnx/mscn_128d_dual.onnx,/home/elipregerson/nnenum/vnncomp2025_benchmarks/benchmarks/nn4sys/vnnlib/cardinality_1_4150_128_dual.vnnlib,.005966968,error_exit_code_1,6.942222319
nn4sys,/home/elipregerson/nnenum/vnncomp2025_benchmarks/benchmarks/nn4sys/onnx/mscn_128d_dual.onnx,/home/elipregerson/nnenum/vnncomp2025_benchmarks/benchmarks/nn4sys/vnnlib/cardinality_1_4780_128_dual.vnnlib,.006022425,error_exit_code_1,7.815771400
nn4sys,/home/elipregerson/nnenum/vnncomp2025_benchmarks/benchmarks/nn4sys/onnx/mscn_128d_dual.onnx,/home/elipregerson/nnenum/vnncomp2025_benchmarks/benchmarks/nn4sys/vnnlib/cardinality_1_5410_128_dual.vnnlib,.005939988,error_exit_code_1,8.943894423
nn4sys,/home/elipregerson/nnenum/vnncomp2025_benchmarks/benchmarks/nn4sys/onnx/mscn_128d_dual.onnx,/home/elipregerson/nnenum/vnncomp2025_benchmarks/benchmarks/nn4sys/vnnlib/cardinality_1_6040_128_dual.vnnlib,.006050401,error_exit_code_1,9.902129009
nn4sys,/home/elipregerson/nnenum/vnncomp2025_benchmarks/benchmarks/nn4sys/onnx/mscn_128d_dual.onnx,/home/elipregerson/nnenum/vnncomp2025_benchmarks/benchmarks/nn4sys/vnnlib/cardinality_1_6670_128_dual.vnnlib,.006116506,error_exit_code_1,10.884969971
nn4sys,/home/elipregerson/nnenum/vnncomp2025_benchmarks/benchmarks/nn4sys/onnx/mscn_128d_dual.onnx,/home/elipregerson/nnenum/vnncomp2025_benchmarks/benchmarks/nn4sys/vnnlib/cardinality_1_7300_128_dual.vnnlib,.005867307,error_exit_code_1,11.793138224
nn4sys,/home/elipregerson/nnenum/vnncomp2025_benchmarks/benchmarks/nn4sys/onnx/mscn_128d_dual.onnx,/home/elipregerson/nnenum/vnncomp2025_benchmarks/benchmarks/nn4sys/vnnlib/cardinality_1_7930_128_dual.vnnlib,.006213879,error_exit_code_1,12.757371114
nn4sys,/home/elipregerson/nnenum/vnncomp2025_benchmarks/benchmarks/nn4sys/onnx/mscn_128d_dual.onnx,/home/elipregerson/nnenum/vnncomp2025_benchmarks/benchmarks/nn4sys/vnnlib/cardinality_1_8560_128_dual.vnnlib,.005767885,error_exit_code_1,13.870957777
nn4sys,/home/elipregerson/nnenum/vnncomp2025_benchmarks/benchmarks/nn4sys/onnx/mscn_128d_dual.onnx,/home/elipregerson/nnenum/vnncomp2025_benchmarks/benchmarks/nn4sys/vnnlib/cardinality_1_9190_128_dual.vnnlib,.005999993,error_exit_code_1,14.699074823
nn4sys,/home/elipregerson/nnenum/vnncomp2025_benchmarks/benchmarks/nn4sys/onnx/mscn_128d_dual.onnx,/home/elipregerson/nnenum/vnncomp2025_benchmarks/benchmarks/nn4sys/vnnlib/cardinality_1_9820_128_dual.vnnlib,.006092494,error_exit_code_1,15.544626484
nn4sys,/home/elipregerson/nnenum/vnncomp2025_benchmarks/benchmarks/nn4sys/onnx/mscn_128d_dual.onnx,/home/elipregerson/nnenum/vnncomp2025_benchmarks/benchmarks/nn4sys/vnnlib/cardinality_1_10450_128_dual.vnnlib,.006094789,error_exit_code_1,16.734638116
nn4sys,/home/elipregerson/nnenum/vnncomp2025_benchmarks/benchmarks/nn4sys/onnx/mscn_128d_dual.onnx,/home/elipregerson/nnenum/vnncomp2025_benchmarks/benchmarks/nn4sys/vnnlib/cardinality_1_11080_128_dual.vnnlib,.006055618,error_exit_code_1,17.875873903
nn4sys,/home/elipregerson/nnenum/vnncomp2025_benchmarks/benchmarks/nn4sys/onnx/mscn_2048d.onnx,/home/elipregerson/nnenum/vnncomp2025_benchmarks/benchmarks/nn4sys/vnnlib/cardinality_0_1_2048.vnnlib,.006020051,error_exit_code_1,1.817705102
nn4sys,/home/elipregerson/nnenum/vnncomp2025_benchmarks/benchmarks/nn4sys/onnx/mscn_2048d.onnx,/home/elipregerson/nnenum/vnncomp2025_benchmarks/benchmarks/nn4sys/vnnlib/cardinality_0_500_2048.vnnlib,.006082069,error_exit_code_1,2.555221208
nn4sys,/home/elipregerson/nnenum/vnncomp2025_benchmarks/benchmarks/nn4sys/onnx/mscn_2048d.onnx,/home/elipregerson/nnenum/vnncomp2025_benchmarks/benchmarks/nn4sys/vnnlib/cardinality_0_750_2048.vnnlib,.006043376,error_exit_code_1,2.899784017
nn4sys,/home/elipregerson/nnenum/vnncomp2025_benchmarks/benchmarks/nn4sys/onnx/mscn_2048d.onnx,/home/elipregerson/nnenum/vnncomp2025_benchmarks/benchmarks/nn4sys/vnnlib/cardinality_0_1000_2048.vnnlib,.006063175,error_exit_code_1,3.264585016
nn4sys,/home/elipregerson/nnenum/vnncomp2025_benchmarks/benchmarks/nn4sys/onnx/mscn_2048d.onnx,/home/elipregerson/nnenum/vnncomp2025_benchmarks/benchmarks/nn4sys/vnnlib/cardinality_0_2120_2048.vnnlib,.005871331,error_exit_code_1,4.888603334
nn4sys,/home/elipregerson/nnenum/vnncomp2025_benchmarks/benchmarks/nn4sys/onnx/mscn_2048d.onnx,/home/elipregerson/nnenum/vnncomp2025_benchmarks/benchmarks/nn4sys/vnnlib/cardinality_0_2680_2048.vnnlib,.005927065,error_exit_code_1,5.828283892
nn4sys,/home/elipregerson/nnenum/vnncomp2025_benchmarks/benchmarks/nn4sys/onnx/mscn_2048d.onnx,/home/elipregerson/nnenum/vnncomp2025_benchmarks/benchmarks/nn4sys/vnnlib/cardinality_0_3240_2048.vnnlib,.006014060,error_exit_code_1,6.693553834
nn4sys,/home/elipregerson/nnenum/vnncomp2025_benchmarks/benchmarks/nn4sys/onnx/mscn_2048d.onnx,/home/elipregerson/nnenum/vnncomp2025_benchmarks/benchmarks/nn4sys/vnnlib/cardinality_0_3800_2048.vnnlib,.005980845,error_exit_code_1,7.406838820
nn4sys,/home/elipregerson/nnenum/vnncomp2025_benchmarks/benchmarks/nn4sys/onnx/mscn_2048d.onnx,/home/elipregerson/nnenum/vnncomp2025_benchmarks/benchmarks/nn4sys/vnnlib/cardinality_0_4360_2048.vnnlib,.005993412,error_exit_code_1,8.397049680
nn4sys,/home/elipregerson/nnenum/vnncomp2025_benchmarks/benchmarks/nn4sys/onnx/mscn_2048d.onnx,/home/elipregerson/nnenum/vnncomp2025_benchmarks/benchmarks/nn4sys/vnnlib/cardinality_0_4920_2048.vnnlib,.005881961,error_exit_code_1,9.235070553
nn4sys,/home/elipregerson/nnenum/vnncomp2025_benchmarks/benchmarks/nn4sys/onnx/mscn_2048d.onnx,/home/elipregerson/nnenum/vnncomp2025_benchmarks/benchmarks/nn4sys/vnnlib/cardinality_0_5480_2048.vnnlib,.009373983,error_exit_code_1,10.192701210
nn4sys,/home/elipregerson/nnenum/vnncomp2025_benchmarks/benchmarks/nn4sys/onnx/mscn_2048d_dual.onnx,/home/elipregerson/nnenum/vnncomp2025_benchmarks/benchmarks/nn4sys/vnnlib/cardinality_1_1_2048_dual.vnnlib,.006002285,error_exit_code_1,2.680232275
nn4sys,/home/elipregerson/nnenum/vnncomp2025_benchmarks/benchmarks/nn4sys/onnx/mscn_2048d_dual.onnx,/home/elipregerson/nnenum/vnncomp2025_benchmarks/benchmarks/nn4sys/vnnlib/cardinality_1_240_2048_dual.vnnlib,.006059442,error_exit_code_1,3.044823577
nn4sys,/home/elipregerson/nnenum/vnncomp2025_benchmarks/benchmarks/nn4sys/onnx/mscn_2048d_dual.onnx,/home/elipregerson/nnenum/vnncomp2025_benchmarks/benchmarks/nn4sys/vnnlib/cardinality_1_360_2048_dual.vnnlib,.006053964,error_exit_code_1,3.194008065
nn4sys,/home/elipregerson/nnenum/vnncomp2025_benchmarks/benchmarks/nn4sys/onnx/mscn_2048d_dual.onnx,/home/elipregerson/nnenum/vnncomp2025_benchmarks/benchmarks/nn4sys/vnnlib/cardinality_1_480_2048_dual.vnnlib,.006085642,error_exit_code_1,3.367234422
nn4sys,/home/elipregerson/nnenum/vnncomp2025_benchmarks/benchmarks/nn4sys/onnx/mscn_2048d_dual.onnx,/home/elipregerson/nnenum/vnncomp2025_benchmarks/benchmarks/nn4sys/vnnlib/cardinality_1_600_2048_dual.vnnlib,.005974865,error_exit_code_1,3.534281905
nn4sys,/home/elipregerson/nnenum/vnncomp2025_benchmarks/benchmarks/nn4sys/onnx/mscn_2048d_dual.onnx,/home/elipregerson/nnenum/vnncomp2025_benchmarks/benchmarks/nn4sys/vnnlib/cardinality_1_720_2048_dual.vnnlib,.006106396,error_exit_code_1,3.730945533
nn4sys,/home/elipregerson/nnenum/vnncomp2025_benchmarks/benchmarks/nn4sys/onnx/mscn_2048d_dual.onnx,/home/elipregerson/nnenum/vnncomp2025_benchmarks/benchmarks/nn4sys/vnnlib/cardinality_1_840_2048_dual.vnnlib,.006038857,error_exit_code_1,3.945427009
nn4sys,/home/elipregerson/nnenum/vnncomp2025_benchmarks/benchmarks/nn4sys/onnx/mscn_2048d_dual.onnx,/home/elipregerson/nnenum/vnncomp2025_benchmarks/benchmarks/nn4sys/vnnlib/cardinality_1_960_2048_dual.vnnlib,.006001570,error_exit_code_1,4.092881444
nn4sys,/home/elipregerson/nnenum/vnncomp2025_benchmarks/benchmarks/nn4sys/onnx/mscn_2048d_dual.onnx,/home/elipregerson/nnenum/vnncomp2025_benchmarks/benchmarks/nn4sys/vnnlib/cardinality_1_2260_2048_dual.vnnlib,.005923804,error_exit_code_1,6.022474463
nn4sys,/home/elipregerson/nnenum/vnncomp2025_benchmarks/benchmarks/nn4sys/onnx/mscn_2048d_dual.onnx,/home/elipregerson/nnenum/vnncomp2025_benchmarks/benchmarks/nn4sys/vnnlib/cardinality_1_2890_2048_dual.vnnlib,.006079492,error_exit_code_1,7.042084943
nn4sys,/home/elipregerson/nnenum/vnncomp2025_benchmarks/benchmarks/nn4sys/onnx/mscn_2048d_dual.onnx,/home/elipregerson/nnenum/vnncomp2025_benchmarks/benchmarks/nn4sys/vnnlib/cardinality_1_3520_2048_dual.vnnlib,.005978497,error_exit_code_1,7.977340271
nn4sys,/home/elipregerson/nnenum/vnncomp2025_benchmarks/benchmarks/nn4sys/onnx/mscn_2048d_dual.onnx,/home/elipregerson/nnenum/vnncomp2025_benchmarks/benchmarks/nn4sys/vnnlib/cardinality_1_4150_2048_dual.vnnlib,.005969042,error_exit_code_1,8.977605865
nn4sys,/home/elipregerson/nnenum/vnncomp2025_benchmarks/benchmarks/nn4sys/onnx/mscn_2048d_dual.onnx,/home/elipregerson/nnenum/vnncomp2025_benchmarks/benchmarks/nn4sys/vnnlib/cardinality_1_4780_2048_dual.vnnlib,.005935916,error_exit_code_1,9.886176827
nn4sys,/home/elipregerson/nnenum/vnncomp2025_benchmarks/benchmarks/nn4sys/onnx/mscn_2048d_dual.onnx,/home/elipregerson/nnenum/vnncomp2025_benchmarks/benchmarks/nn4sys/vnnlib/cardinality_1_5410_2048_dual.vnnlib,.005997487,error_exit_code_1,10.937567967
nn4sys,/home/elipregerson/nnenum/vnncomp2025_benchmarks/benchmarks/nn4sys/onnx/mscn_2048d_dual.onnx,/home/elipregerson/nnenum/vnncomp2025_benchmarks/benchmarks/nn4sys/vnnlib/cardinality_1_6040_2048_dual.vnnlib,.005992637,error_exit_code_1,11.906761591
nn4sys,/home/elipregerson/nnenum/vnncomp2025_benchmarks/benchmarks/nn4sys/onnx/mscn_2048d_dual.onnx,/home/elipregerson/nnenum/vnncomp2025_benchmarks/benchmarks/nn4sys/vnnlib/cardinality_1_6670_2048_dual.vnnlib,.006023191,error_exit_code_1,12.964471998
nn4sys,/home/elipregerson/nnenum/vnncomp2025_benchmarks/benchmarks/nn4sys/onnx/mscn_2048d_dual.onnx,/home/elipregerson/nnenum/vnncomp2025_benchmarks/benchmarks/nn4sys/vnnlib/cardinality_1_7300_2048_dual.vnnlib,.006006346,error_exit_code_1,14.096604458
nn4sys,/home/elipregerson/nnenum/vnncomp2025_benchmarks/benchmarks/nn4sys/onnx/mscn_2048d_dual.onnx,/home/elipregerson/nnenum/vnncomp2025_benchmarks/benchmarks/nn4sys/vnnlib/cardinality_1_7930_2048_dual.vnnlib,.005983303,error_exit_code_1,14.962686169
nn4sys,/home/elipregerson/nnenum/vnncomp2025_benchmarks/benchmarks/nn4sys/onnx/mscn_2048d_dual.onnx,/home/elipregerson/nnenum/vnncomp2025_benchmarks/benchmarks/nn4sys/vnnlib/cardinality_1_8560_2048_dual.vnnlib,.006050214,error_exit_code_1,16.063416797
nn4sys,/home/elipregerson/nnenum/vnncomp2025_benchmarks/benchmarks/nn4sys/onnx/mscn_2048d_dual.onnx,/home/elipregerson/nnenum/vnncomp2025_benchmarks/benchmarks/nn4sys/vnnlib/cardinality_1_9190_2048_dual.vnnlib,.006007489,error_exit_code_1,16.894678776
nn4sys,/home/elipregerson/nnenum/vnncomp2025_benchmarks/benchmarks/nn4sys/onnx/mscn_2048d_dual.onnx,/home/elipregerson/nnenum/vnncomp2025_benchmarks/benchmarks/nn4sys/vnnlib/cardinality_1_9820_2048_dual.vnnlib,.006019765,error_exit_code_1,17.935934422
nn4sys,/home/elipregerson/nnenum/vnncomp2025_benchmarks/benchmarks/nn4sys/onnx/mscn_2048d_dual.onnx,/home/elipregerson/nnenum/vnncomp2025_benchmarks/benchmarks/nn4sys/vnnlib/cardinality_1_10450_2048_dual.vnnlib,.005950599,error_exit_code_1,19.054091509
nn4sys,/home/elipregerson/nnenum/vnncomp2025_benchmarks/benchmarks/nn4sys/onnx/mscn_2048d_dual.onnx,/home/elipregerson/nnenum/vnncomp2025_benchmarks/benchmarks/nn4sys/vnnlib/cardinality_1_11080_2048_dual.vnnlib,.006118660,error_exit_code_1,20.209331004
nn4sys,/home/elipregerson/nnenum/vnncomp2025_benchmarks/benchmarks/test/onnx/test_nano.onnx,/home/elipregerson/nnenum/vnncomp2025_benchmarks/benchmarks/test/vnnlib/test_nano.vnnlib,.006077656,error_exit_code_1,.526978729
relusplitter,/home/elipregerson/nnenum/vnncomp2025_benchmarks/benchmarks/relusplitter/onnx/mnist_fc_vnncomp2022_mnist-net_256x4.onnx,/home/elipregerson/nnenum/vnncomp2025_benchmarks/benchmarks/relusplitter/vnnlib/mnist_fc_vnncomp2022_prop_5_0.05.vnnlib,.005926283,timeout,30.623001061
relusplitter,/home/elipregerson/nnenum/vnncomp2025_benchmarks/benchmarks/relusplitter/onnx/mnist_fc_vnncomp2022_mnist-net_256x4_RSPLITTER_mnist_fc_vnncomp2022_prop_5_0.05.onnx,/home/elipregerson/nnenum/vnncomp2025_benchmarks/benchmarks/relusplitter/vnnlib/mnist_fc_vnncomp2022_prop_5_0.05.vnnlib,.006115508,error_exit_code_1,.555323101
relusplitter,/home/elipregerson/nnenum/vnncomp2025_benchmarks/benchmarks/relusplitter/onnx/mnist_fc_vnncomp2022_mnist-net_256x4.onnx,/home/elipregerson/nnenum/vnncomp2025_benchmarks/benchmarks/relusplitter/vnnlib/mnist_fc_vnncomp2022_prop_3_0.05.vnnlib,.005976367,unsat,2.308339144
relusplitter,/home/elipregerson/nnenum/vnncomp2025_benchmarks/benchmarks/relusplitter/onnx/mnist_fc_vnncomp2022_mnist-net_256x4_RSPLITTER_mnist_fc_vnncomp2022_prop_3_0.05.onnx,/home/elipregerson/nnenum/vnncomp2025_benchmarks/benchmarks/relusplitter/vnnlib/mnist_fc_vnncomp2022_prop_3_0.05.vnnlib,.005960826,error_exit_code_1,.558406977
relusplitter,/home/elipregerson/nnenum/vnncomp2025_benchmarks/benchmarks/relusplitter/onnx/mnist_fc_vnncomp2022_mnist-net_256x4.onnx,/home/elipregerson/nnenum/vnncomp2025_benchmarks/benchmarks/relusplitter/vnnlib/mnist_fc_vnncomp2022_prop_6_0.05.vnnlib,.006238622,timeout,30.603505275
relusplitter,/home/elipregerson/nnenum/vnncomp2025_benchmarks/benchmarks/relusplitter/onnx/mnist_fc_vnncomp2022_mnist-net_256x4_RSPLITTER_mnist_fc_vnncomp2022_prop_6_0.05.onnx,/home/elipregerson/nnenum/vnncomp2025_benchmarks/benchmarks/relusplitter/vnnlib/mnist_fc_vnncomp2022_prop_6_0.05.vnnlib,.006009239,error_exit_code_1,.557107293
relusplitter,/home/elipregerson/nnenum/vnncomp2025_benchmarks/benchmarks/relusplitter/onnx/mnist_fc_vnncomp2022_mnist-net_256x4.onnx,/home/elipregerson/nnenum/vnncomp2025_benchmarks/benchmarks/relusplitter/vnnlib/mnist_fc_vnncomp2022_prop_0_0.03.vnnlib,.005969408,timeout,30.687923156
relusplitter,/home/elipregerson/nnenum/vnncomp2025_benchmarks/benchmarks/relusplitter/onnx/mnist_fc_vnncomp2022_mnist-net_256x4_RSPLITTER_mnist_fc_vnncomp2022_prop_0_0.03.onnx,/home/elipregerson/nnenum/vnncomp2025_benchmarks/benchmarks/relusplitter/vnnlib/mnist_fc_vnncomp2022_prop_0_0.03.vnnlib,.005844307,error_exit_code_1,.557986119
relusplitter,/home/elipregerson/nnenum/vnncomp2025_benchmarks/benchmarks/relusplitter/onnx/mnist_fc_vnncomp2022_mnist-net_256x4.onnx,/home/elipregerson/nnenum/vnncomp2025_benchmarks/benchmarks/relusplitter/vnnlib/mnist_fc_vnncomp2022_prop_4_0.05.vnnlib,.006073116,timeout,30.681954829
relusplitter,/home/elipregerson/nnenum/vnncomp2025_benchmarks/benchmarks/relusplitter/onnx/mnist_fc_vnncomp2022_mnist-net_256x4_RSPLITTER_mnist_fc_vnncomp2022_prop_4_0.05.onnx,/home/elipregerson/nnenum/vnncomp2025_benchmarks/benchmarks/relusplitter/vnnlib/mnist_fc_vnncomp2022_prop_4_0.05.vnnlib,.005816241,error_exit_code_1,.563159140
relusplitter,/home/elipregerson/nnenum/vnncomp2025_benchmarks/benchmarks/relusplitter/onnx/mnist_fc_vnncomp2022_mnist-net_256x4.onnx,/home/elipregerson/nnenum/vnncomp2025_benchmarks/benchmarks/relusplitter/vnnlib/mnist_fc_vnncomp2022_prop_0_0.05.vnnlib,.006166400,timeout,30.654824968
relusplitter,/home/elipregerson/nnenum/vnncomp2025_benchmarks/benchmarks/relusplitter/onnx/mnist_fc_vnncomp2022_mnist-net_256x4_RSPLITTER_mnist_fc_vnncomp2022_prop_0_0.05.onnx,/home/elipregerson/nnenum/vnncomp2025_benchmarks/benchmarks/relusplitter/vnnlib/mnist_fc_vnncomp2022_prop_0_0.05.vnnlib,.006087937,error_exit_code_1,.567146199
relusplitter,/home/elipregerson/nnenum/vnncomp2025_benchmarks/benchmarks/relusplitter/onnx/mnist_fc_vnncomp2022_mnist-net_256x4.onnx,/home/elipregerson/nnenum/vnncomp2025_benchmarks/benchmarks/relusplitter/vnnlib/mnist_fc_vnncomp2022_prop_12_0.03.vnnlib,.005973096,unsat,.681102992
relusplitter,/home/elipregerson/nnenum/vnncomp2025_benchmarks/benchmarks/relusplitter/onnx/mnist_fc_vnncomp2022_mnist-net_256x4_RSPLITTER_mnist_fc_vnncomp2022_prop_12_0.03.onnx,/home/elipregerson/nnenum/vnncomp2025_benchmarks/benchmarks/relusplitter/vnnlib/mnist_fc_vnncomp2022_prop_12_0.03.vnnlib,.005981259,error_exit_code_1,.559529102
relusplitter,/home/elipregerson/nnenum/vnncomp2025_benchmarks/benchmarks/relusplitter/onnx/mnist_fc_vnncomp2022_mnist-net_256x4.onnx,/home/elipregerson/nnenum/vnncomp2025_benchmarks/benchmarks/relusplitter/vnnlib/mnist_fc_vnncomp2022_prop_7_0.03.vnnlib,.006113655,timeout,30.757539137
relusplitter,/home/elipregerson/nnenum/vnncomp2025_benchmarks/benchmarks/relusplitter/onnx/mnist_fc_vnncomp2022_mnist-net_256x4_RSPLITTER_mnist_fc_vnncomp2022_prop_7_0.03.onnx,/home/elipregerson/nnenum/vnncomp2025_benchmarks/benchmarks/relusplitter/vnnlib/mnist_fc_vnncomp2022_prop_7_0.03.vnnlib,.006029438,error_exit_code_1,.584430218
relusplitter,/home/elipregerson/nnenum/vnncomp2025_benchmarks/benchmarks/relusplitter/onnx/mnist_fc_vnncomp2022_mnist-net_256x4.onnx,/home/elipregerson/nnenum/vnncomp2025_benchmarks/benchmarks/relusplitter/vnnlib/mnist_fc_vnncomp2022_prop_1_0.05.vnnlib,.006053631,timeout,30.683411837
relusplitter,/home/elipregerson/nnenum/vnncomp2025_benchmarks/benchmarks/relusplitter/onnx/mnist_fc_vnncomp2022_mnist-net_256x4_RSPLITTER_mnist_fc_vnncomp2022_prop_1_0.05.onnx,/home/elipregerson/nnenum/vnncomp2025_benchmarks/benchmarks/relusplitter/vnnlib/mnist_fc_vnncomp2022_prop_1_0.05.vnnlib,.006040386,error_exit_code_1,.570848454
relusplitter,/home/elipregerson/nnenum/vnncomp2025_benchmarks/benchmarks/relusplitter/onnx/mnist_fc_vnncomp2022_mnist-net_256x4.onnx,/home/elipregerson/nnenum/vnncomp2025_benchmarks/benchmarks/relusplitter/vnnlib/mnist_fc_vnncomp2022_prop_7_0.05.vnnlib,.005990570,timeout,30.685384879
relusplitter,/home/elipregerson/nnenum/vnncomp2025_benchmarks/benchmarks/relusplitter/onnx/mnist_fc_vnncomp2022_mnist-net_256x4_RSPLITTER_mnist_fc_vnncomp2022_prop_7_0.05.onnx,/home/elipregerson/nnenum/vnncomp2025_benchmarks/benchmarks/relusplitter/vnnlib/mnist_fc_vnncomp2022_prop_7_0.05.vnnlib,.006119796,error_exit_code_1,.622496192
relusplitter,/home/elipregerson/nnenum/vnncomp2025_benchmarks/benchmarks/relusplitter/onnx/mnist_fc_vnncomp2022_mnist-net_256x4.onnx,/home/elipregerson/nnenum/vnncomp2025_benchmarks/benchmarks/relusplitter/vnnlib/mnist_fc_vnncomp2022_prop_8_0.05.vnnlib,.006340699,timeout,30.714247710
relusplitter,/home/elipregerson/nnenum/vnncomp2025_benchmarks/benchmarks/relusplitter/onnx/mnist_fc_vnncomp2022_mnist-net_256x4_RSPLITTER_mnist_fc_vnncomp2022_prop_8_0.05.onnx,/home/elipregerson/nnenum/vnncomp2025_benchmarks/benchmarks/relusplitter/vnnlib/mnist_fc_vnncomp2022_prop_8_0.05.vnnlib,.006232165,error_exit_code_1,.585037681
relusplitter,/home/elipregerson/nnenum/vnncomp2025_benchmarks/benchmarks/relusplitter/onnx/mnist_fc_vnncomp2022_mnist-net_256x4.onnx,/home/elipregerson/nnenum/vnncomp2025_benchmarks/benchmarks/relusplitter/vnnlib/mnist_fc_vnncomp2022_prop_14_0.03.vnnlib,.006039248,unsat,1.804369256
relusplitter,/home/elipregerson/nnenum/vnncomp2025_benchmarks/benchmarks/relusplitter/onnx/mnist_fc_vnncomp2022_mnist-net_256x4_RSPLITTER_mnist_fc_vnncomp2022_prop_14_0.03.onnx,/home/elipregerson/nnenum/vnncomp2025_benchmarks/benchmarks/relusplitter/vnnlib/mnist_fc_vnncomp2022_prop_14_0.03.vnnlib,.006277568,error_exit_code_1,.576727354
relusplitter,/home/elipregerson/nnenum/vnncomp2025_benchmarks/benchmarks/relusplitter/onnx/mnist_fc_vnncomp2022_mnist-net_256x4.onnx,/home/elipregerson/nnenum/vnncomp2025_benchmarks/benchmarks/relusplitter/vnnlib/mnist_fc_vnncomp2022_prop_13_0.03.vnnlib,.006211426,timeout,30.681652143
relusplitter,/home/elipregerson/nnenum/vnncomp2025_benchmarks/benchmarks/relusplitter/onnx/mnist_fc_vnncomp2022_mnist-net_256x4_RSPLITTER_mnist_fc_vnncomp2022_prop_13_0.03.onnx,/home/elipregerson/nnenum/vnncomp2025_benchmarks/benchmarks/relusplitter/vnnlib/mnist_fc_vnncomp2022_prop_13_0.03.vnnlib,.006197554,error_exit_code_1,.571251233
relusplitter,/home/elipregerson/nnenum/vnncomp2025_benchmarks/benchmarks/relusplitter/onnx/mnist_fc_vnncomp2022_mnist-net_256x4.onnx,/home/elipregerson/nnenum/vnncomp2025_benchmarks/benchmarks/relusplitter/vnnlib/mnist_fc_vnncomp2022_prop_2_0.05.vnnlib,.006087567,timeout,33.342808279
relusplitter,/home/elipregerson/nnenum/vnncomp2025_benchmarks/benchmarks/relusplitter/onnx/mnist_fc_vnncomp2022_mnist-net_256x4_RSPLITTER_mnist_fc_vnncomp2022_prop_2_0.05.onnx,/home/elipregerson/nnenum/vnncomp2025_benchmarks/benchmarks/relusplitter/vnnlib/mnist_fc_vnncomp2022_prop_2_0.05.vnnlib,.006346785,error_exit_code_1,.585012772
relusplitter,/home/elipregerson/nnenum/vnncomp2025_benchmarks/benchmarks/relusplitter/onnx/mnist_fc_vnncomp2022_mnist-net_256x4.onnx,/home/elipregerson/nnenum/vnncomp2025_benchmarks/benchmarks/relusplitter/vnnlib/mnist_fc_vnncomp2022_prop_11_0.03.vnnlib,.006216690,unsat,.705011939
relusplitter,/home/elipregerson/nnenum/vnncomp2025_benchmarks/benchmarks/relusplitter/onnx/mnist_fc_vnncomp2022_mnist-net_256x4_RSPLITTER_mnist_fc_vnncomp2022_prop_11_0.03.onnx,/home/elipregerson/nnenum/vnncomp2025_benchmarks/benchmarks/relusplitter/vnnlib/mnist_fc_vnncomp2022_prop_11_0.03.vnnlib,.006110592,error_exit_code_1,.597065776
relusplitter,/home/elipregerson/nnenum/vnncomp2025_benchmarks/benchmarks/relusplitter/onnx/mnist_fc_vnncomp2022_mnist-net_256x4.onnx,/home/elipregerson/nnenum/vnncomp2025_benchmarks/benchmarks/relusplitter/vnnlib/mnist_fc_vnncomp2022_prop_11_0.05.vnnlib,.006184169,timeout,30.638802617
relusplitter,/home/elipregerson/nnenum/vnncomp2025_benchmarks/benchmarks/relusplitter/onnx/mnist_fc_vnncomp2022_mnist-net_256x4_RSPLITTER_mnist_fc_vnncomp2022_prop_11_0.05.onnx,/home/elipregerson/nnenum/vnncomp2025_benchmarks/benchmarks/relusplitter/vnnlib/mnist_fc_vnncomp2022_prop_11_0.05.vnnlib,.006148411,error_exit_code_1,.589662625
relusplitter,/home/elipregerson/nnenum/vnncomp2025_benchmarks/benchmarks/relusplitter/onnx/mnist_fc_vnncomp2022_mnist-net_256x4.onnx,/home/elipregerson/nnenum/vnncomp2025_benchmarks/benchmarks/relusplitter/vnnlib/mnist_fc_vnncomp2022_prop_10_0.03.vnnlib,.006288939,unsat,.694719466
relusplitter,/home/elipregerson/nnenum/vnncomp2025_benchmarks/benchmarks/relusplitter/onnx/mnist_fc_vnncomp2022_mnist-net_256x4_RSPLITTER_mnist_fc_vnncomp2022_prop_10_0.03.onnx,/home/elipregerson/nnenum/vnncomp2025_benchmarks/benchmarks/relusplitter/vnnlib/mnist_fc_vnncomp2022_prop_10_0.03.vnnlib,.006074512,error_exit_code_1,.578066712
relusplitter,/home/elipregerson/nnenum/vnncomp2025_benchmarks/benchmarks/relusplitter/onnx/mnist_fc_vnncomp2022_mnist-net_256x4.onnx,/home/elipregerson/nnenum/vnncomp2025_benchmarks/benchmarks/relusplitter/vnnlib/mnist_fc_vnncomp2022_prop_9_0.03.vnnlib,.006101497,unsat,2.327546538
relusplitter,/home/elipregerson/nnenum/vnncomp2025_benchmarks/benchmarks/relusplitter/onnx/mnist_fc_vnncomp2022_mnist-net_256x4_RSPLITTER_mnist_fc_vnncomp2022_prop_9_0.03.onnx,/home/elipregerson/nnenum/vnncomp2025_benchmarks/benchmarks/relusplitter/vnnlib/mnist_fc_vnncomp2022_prop_9_0.03.vnnlib,.006212923,error_exit_code_1,.596106218
relusplitter,/home/elipregerson/nnenum/vnncomp2025_benchmarks/benchmarks/relusplitter/onnx/mnist_fc_vnncomp2022_mnist-net_256x4.onnx,/home/elipregerson/nnenum/vnncomp2025_benchmarks/benchmarks/relusplitter/vnnlib/mnist_fc_vnncomp2022_prop_10_0.05.vnnlib,.006091267,timeout,30.691649881
relusplitter,/home/elipregerson/nnenum/vnncomp2025_benchmarks/benchmarks/relusplitter/onnx/mnist_fc_vnncomp2022_mnist-net_256x4_RSPLITTER_mnist_fc_vnncomp2022_prop_10_0.05.onnx,/home/elipregerson/nnenum/vnncomp2025_benchmarks/benchmarks/relusplitter/vnnlib/mnist_fc_vnncomp2022_prop_10_0.05.vnnlib,.005975592,error_exit_code_1,.582157997
relusplitter,/home/elipregerson/nnenum/vnncomp2025_benchmarks/benchmarks/relusplitter/onnx/mnist_fc_vnncomp2022_mnist-net_256x4.onnx,/home/elipregerson/nnenum/vnncomp2025_benchmarks/benchmarks/relusplitter/vnnlib/mnist_fc_vnncomp2022_prop_4_0.03.vnnlib,.006092793,unsat,12.421580610
relusplitter,/home/elipregerson/nnenum/vnncomp2025_benchmarks/benchmarks/relusplitter/onnx/mnist_fc_vnncomp2022_mnist-net_256x4_RSPLITTER_mnist_fc_vnncomp2022_prop_4_0.03.onnx,/home/elipregerson/nnenum/vnncomp2025_benchmarks/benchmarks/relusplitter/vnnlib/mnist_fc_vnncomp2022_prop_4_0.03.vnnlib,.006069776,error_exit_code_1,.588915419
relusplitter,/home/elipregerson/nnenum/vnncomp2025_benchmarks/benchmarks/relusplitter/onnx/mnist_fc_vnncomp2022_mnist-net_256x6.onnx,/home/elipregerson/nnenum/vnncomp2025_benchmarks/benchmarks/relusplitter/vnnlib/mnist_fc_vnncomp2022_prop_7_0.05.vnnlib,.006053271,timeout,31.003500663
relusplitter,/home/elipregerson/nnenum/vnncomp2025_benchmarks/benchmarks/relusplitter/onnx/mnist_fc_vnncomp2022_mnist-net_256x6_RSPLITTER_mnist_fc_vnncomp2022_prop_7_0.05.onnx,/home/elipregerson/nnenum/vnncomp2025_benchmarks/benchmarks/relusplitter/vnnlib/mnist_fc_vnncomp2022_prop_7_0.05.vnnlib,.006127529,error_exit_code_1,.599012856
relusplitter,/home/elipregerson/nnenum/vnncomp2025_benchmarks/benchmarks/relusplitter/onnx/mnist_fc_vnncomp2022_mnist-net_256x6.onnx,/home/elipregerson/nnenum/vnncomp2025_benchmarks/benchmarks/relusplitter/vnnlib/mnist_fc_vnncomp2022_prop_4_0.05.vnnlib,.006064708,timeout,30.725707329
relusplitter,/home/elipregerson/nnenum/vnncomp2025_benchmarks/benchmarks/relusplitter/onnx/mnist_fc_vnncomp2022_mnist-net_256x6_RSPLITTER_mnist_fc_vnncomp2022_prop_4_0.05.onnx,/home/elipregerson/nnenum/vnncomp2025_benchmarks/benchmarks/relusplitter/vnnlib/mnist_fc_vnncomp2022_prop_4_0.05.vnnlib,.006101654,error_exit_code_1,.570982205
relusplitter,/home/elipregerson/nnenum/vnncomp2025_benchmarks/benchmarks/relusplitter/onnx/mnist_fc_vnncomp2022_mnist-net_256x6.onnx,/home/elipregerson/nnenum/vnncomp2025_benchmarks/benchmarks/relusplitter/vnnlib/mnist_fc_vnncomp2022_prop_3_0.05.vnnlib,.006025153,unsat,4.557337468
relusplitter,/home/elipregerson/nnenum/vnncomp2025_benchmarks/benchmarks/relusplitter/onnx/mnist_fc_vnncomp2022_mnist-net_256x6_RSPLITTER_mnist_fc_vnncomp2022_prop_3_0.05.onnx,/home/elipregerson/nnenum/vnncomp2025_benchmarks/benchmarks/relusplitter/vnnlib/mnist_fc_vnncomp2022_prop_3_0.05.vnnlib,.005972968,error_exit_code_1,.588359888
relusplitter,/home/elipregerson/nnenum/vnncomp2025_benchmarks/benchmarks/relusplitter/onnx/mnist_fc_vnncomp2022_mnist-net_256x6.onnx,/home/elipregerson/nnenum/vnncomp2025_benchmarks/benchmarks/relusplitter/vnnlib/mnist_fc_vnncomp2022_prop_3_0.03.vnnlib,.006022973,unsat,.684875450
relusplitter,/home/elipregerson/nnenum/vnncomp2025_benchmarks/benchmarks/relusplitter/onnx/mnist_fc_vnncomp2022_mnist-net_256x6_RSPLITTER_mnist_fc_vnncomp2022_prop_3_0.03.onnx,/home/elipregerson/nnenum/vnncomp2025_benchmarks/benchmarks/relusplitter/vnnlib/mnist_fc_vnncomp2022_prop_3_0.03.vnnlib,.006029571,error_exit_code_1,.588088577
relusplitter,/home/elipregerson/nnenum/vnncomp2025_benchmarks/benchmarks/relusplitter/onnx/mnist_fc_vnncomp2022_mnist-net_256x6.onnx,/home/elipregerson/nnenum/vnncomp2025_benchmarks/benchmarks/relusplitter/vnnlib/mnist_fc_vnncomp2022_prop_14_0.05.vnnlib,.006135344,timeout,31.128701595
relusplitter,/home/elipregerson/nnenum/vnncomp2025_benchmarks/benchmarks/relusplitter/onnx/mnist_fc_vnncomp2022_mnist-net_256x6_RSPLITTER_mnist_fc_vnncomp2022_prop_14_0.05.onnx,/home/elipregerson/nnenum/vnncomp2025_benchmarks/benchmarks/relusplitter/vnnlib/mnist_fc_vnncomp2022_prop_14_0.05.vnnlib,.008157285,error_exit_code_1,.882541258
relusplitter,/home/elipregerson/nnenum/vnncomp2025_benchmarks/benchmarks/relusplitter/onnx/mnist_fc_vnncomp2022_mnist-net_256x6.onnx,/home/elipregerson/nnenum/vnncomp2025_benchmarks/benchmarks/relusplitter/vnnlib/mnist_fc_vnncomp2022_prop_0_0.05.vnnlib,.008842644,timeout,31.005704134
relusplitter,/home/elipregerson/nnenum/vnncomp2025_benchmarks/benchmarks/relusplitter/onnx/mnist_fc_vnncomp2022_mnist-net_256x6_RSPLITTER_mnist_fc_vnncomp2022_prop_0_0.05.onnx,/home/elipregerson/nnenum/vnncomp2025_benchmarks/benchmarks/relusplitter/vnnlib/mnist_fc_vnncomp2022_prop_0_0.05.vnnlib,.009496225,error_exit_code_1,.964072111
relusplitter,/home/elipregerson/nnenum/vnncomp2025_benchmarks/benchmarks/relusplitter/onnx/mnist_fc_vnncomp2022_mnist-net_256x6.onnx,/home/elipregerson/nnenum/vnncomp2025_benchmarks/benchmarks/relusplitter/vnnlib/mnist_fc_vnncomp2022_prop_9_0.03.vnnlib,.009911311,unsat,6.428006163
relusplitter,/home/elipregerson/nnenum/vnncomp2025_benchmarks/benchmarks/relusplitter/onnx/mnist_fc_vnncomp2022_mnist-net_256x6_RSPLITTER_mnist_fc_vnncomp2022_prop_9_0.03.onnx,/home/elipregerson/nnenum/vnncomp2025_benchmarks/benchmarks/relusplitter/vnnlib/mnist_fc_vnncomp2022_prop_9_0.03.vnnlib,.009520800,error_exit_code_1,.884436398
relusplitter,/home/elipregerson/nnenum/vnncomp2025_benchmarks/benchmarks/relusplitter/onnx/mnist_fc_vnncomp2022_mnist-net_256x6.onnx,/home/elipregerson/nnenum/vnncomp2025_benchmarks/benchmarks/relusplitter/vnnlib/mnist_fc_vnncomp2022_prop_12_0.03.vnnlib,.008156653,timeout,30.963304490
relusplitter,/home/elipregerson/nnenum/vnncomp2025_benchmarks/benchmarks/relusplitter/onnx/mnist_fc_vnncomp2022_mnist-net_256x6_RSPLITTER_mnist_fc_vnncomp2022_prop_12_0.03.onnx,/home/elipregerson/nnenum/vnncomp2025_benchmarks/benchmarks/relusplitter/vnnlib/mnist_fc_vnncomp2022_prop_12_0.03.vnnlib,.006518698,error_exit_code_1,.603214107
relusplitter,/home/elipregerson/nnenum/vnncomp2025_benchmarks/benchmarks/relusplitter/onnx/mnist_fc_vnncomp2022_mnist-net_256x6.onnx,/home/elipregerson/nnenum/vnncomp2025_benchmarks/benchmarks/relusplitter/vnnlib/mnist_fc_vnncomp2022_prop_1_0.03.vnnlib,.006155306,timeout,35.263914848
relusplitter,/home/elipregerson/nnenum/vnncomp2025_benchmarks/benchmarks/relusplitter/onnx/mnist_fc_vnncomp2022_mnist-net_256x6_RSPLITTER_mnist_fc_vnncomp2022_prop_1_0.03.onnx,/home/elipregerson/nnenum/vnncomp2025_benchmarks/benchmarks/relusplitter/vnnlib/mnist_fc_vnncomp2022_prop_1_0.03.vnnlib,.006443300,error_exit_code_1,.607507482
relusplitter,/home/elipregerson/nnenum/vnncomp2025_benchmarks/benchmarks/relusplitter/onnx/mnist_fc_vnncomp2022_mnist-net_256x6.onnx,/home/elipregerson/nnenum/vnncomp2025_benchmarks/benchmarks/relusplitter/vnnlib/mnist_fc_vnncomp2022_prop_5_0.05.vnnlib,.006125368,timeout,30.692620033
relusplitter,/home/elipregerson/nnenum/vnncomp2025_benchmarks/benchmarks/relusplitter/onnx/mnist_fc_vnncomp2022_mnist-net_256x6_RSPLITTER_mnist_fc_vnncomp2022_prop_5_0.05.onnx,/home/elipregerson/nnenum/vnncomp2025_benchmarks/benchmarks/relusplitter/vnnlib/mnist_fc_vnncomp2022_prop_5_0.05.vnnlib,.006101448,error_exit_code_1,.584069740
relusplitter,/home/elipregerson/nnenum/vnncomp2025_benchmarks/benchmarks/relusplitter/onnx/mnist_fc_vnncomp2022_mnist-net_256x6.onnx,/home/elipregerson/nnenum/vnncomp2025_benchmarks/benchmarks/relusplitter/vnnlib/mnist_fc_vnncomp2022_prop_10_0.05.vnnlib,.006150020,timeout,32.267410922
relusplitter,/home/elipregerson/nnenum/vnncomp2025_benchmarks/benchmarks/relusplitter/onnx/mnist_fc_vnncomp2022_mnist-net_256x6_RSPLITTER_mnist_fc_vnncomp2022_prop_10_0.05.onnx,/home/elipregerson/nnenum/vnncomp2025_benchmarks/benchmarks/relusplitter/vnnlib/mnist_fc_vnncomp2022_prop_10_0.05.vnnlib,.006885139,error_exit_code_1,.578796124
relusplitter,/home/elipregerson/nnenum/vnncomp2025_benchmarks/benchmarks/relusplitter/onnx/mnist_fc_vnncomp2022_mnist-net_256x6.onnx,/home/elipregerson/nnenum/vnncomp2025_benchmarks/benchmarks/relusplitter/vnnlib/mnist_fc_vnncomp2022_prop_11_0.03.vnnlib,.006060755,unsat,7.180620172
relusplitter,/home/elipregerson/nnenum/vnncomp2025_benchmarks/benchmarks/relusplitter/onnx/mnist_fc_vnncomp2022_mnist-net_256x6_RSPLITTER_mnist_fc_vnncomp2022_prop_11_0.03.onnx,/home/elipregerson/nnenum/vnncomp2025_benchmarks/benchmarks/relusplitter/vnnlib/mnist_fc_vnncomp2022_prop_11_0.03.vnnlib,.006259430,error_exit_code_1,.607622035
relusplitter,/home/elipregerson/nnenum/vnncomp2025_benchmarks/benchmarks/relusplitter/onnx/mnist_fc_vnncomp2022_mnist-net_256x6.onnx,/home/elipregerson/nnenum/vnncomp2025_benchmarks/benchmarks/relusplitter/vnnlib/mnist_fc_vnncomp2022_prop_6_0.03.vnnlib,.006031984,unsat,.685648363
relusplitter,/home/elipregerson/nnenum/vnncomp2025_benchmarks/benchmarks/relusplitter/onnx/mnist_fc_vnncomp2022_mnist-net_256x6_RSPLITTER_mnist_fc_vnncomp2022_prop_6_0.03.onnx,/home/elipregerson/nnenum/vnncomp2025_benchmarks/benchmarks/relusplitter/vnnlib/mnist_fc_vnncomp2022_prop_6_0.03.vnnlib,.006280599,error_exit_code_1,.587362209
relusplitter,/home/elipregerson/nnenum/vnncomp2025_benchmarks/benchmarks/relusplitter/onnx/mnist_fc_vnncomp2022_mnist-net_256x6.onnx,/home/elipregerson/nnenum/vnncomp2025_benchmarks/benchmarks/relusplitter/vnnlib/mnist_fc_vnncomp2022_prop_14_0.03.vnnlib,.006103281,unsat,8.080013031
relusplitter,/home/elipregerson/nnenum/vnncomp2025_benchmarks/benchmarks/relusplitter/onnx/mnist_fc_vnncomp2022_mnist-net_256x6_RSPLITTER_mnist_fc_vnncomp2022_prop_14_0.03.onnx,/home/elipregerson/nnenum/vnncomp2025_benchmarks/benchmarks/relusplitter/vnnlib/mnist_fc_vnncomp2022_prop_14_0.03.vnnlib,.010594628,error_exit_code_1,.582254476
relusplitter,/home/elipregerson/nnenum/vnncomp2025_benchmarks/benchmarks/relusplitter/onnx/mnist_fc_vnncomp2022_mnist-net_256x6.onnx,/home/elipregerson/nnenum/vnncomp2025_benchmarks/benchmarks/relusplitter/vnnlib/mnist_fc_vnncomp2022_prop_7_0.03.vnnlib,.006318122,timeout,30.657816173
relusplitter,/home/elipregerson/nnenum/vnncomp2025_benchmarks/benchmarks/relusplitter/onnx/mnist_fc_vnncomp2022_mnist-net_256x6_RSPLITTER_mnist_fc_vnncomp2022_prop_7_0.03.onnx,/home/elipregerson/nnenum/vnncomp2025_benchmarks/benchmarks/relusplitter/vnnlib/mnist_fc_vnncomp2022_prop_7_0.03.vnnlib,.005983261,error_exit_code_1,.569505601
relusplitter,/home/elipregerson/nnenum/vnncomp2025_benchmarks/benchmarks/relusplitter/onnx/mnist_fc_vnncomp2022_mnist-net_256x6.onnx,/home/elipregerson/nnenum/vnncomp2025_benchmarks/benchmarks/relusplitter/vnnlib/mnist_fc_vnncomp2022_prop_8_0.05.vnnlib,.006151106,timeout,30.675831021
relusplitter,/home/elipregerson/nnenum/vnncomp2025_benchmarks/benchmarks/relusplitter/onnx/mnist_fc_vnncomp2022_mnist-net_256x6_RSPLITTER_mnist_fc_vnncomp2022_prop_8_0.05.onnx,/home/elipregerson/nnenum/vnncomp2025_benchmarks/benchmarks/relusplitter/vnnlib/mnist_fc_vnncomp2022_prop_8_0.05.vnnlib,.006510895,error_exit_code_1,.577168720
relusplitter,/home/elipregerson/nnenum/vnncomp2025_benchmarks/benchmarks/relusplitter/onnx/mnist_fc_vnncomp2022_mnist-net_256x6.onnx,/home/elipregerson/nnenum/vnncomp2025_benchmarks/benchmarks/relusplitter/vnnlib/mnist_fc_vnncomp2022_prop_4_0.03.vnnlib,.005949557,timeout,30.627160017
relusplitter,/home/elipregerson/nnenum/vnncomp2025_benchmarks/benchmarks/relusplitter/onnx/mnist_fc_vnncomp2022_mnist-net_256x6_RSPLITTER_mnist_fc_vnncomp2022_prop_4_0.03.onnx,/home/elipregerson/nnenum/vnncomp2025_benchmarks/benchmarks/relusplitter/vnnlib/mnist_fc_vnncomp2022_prop_4_0.03.vnnlib,.006072219,error_exit_code_1,.639290398
relusplitter,/home/elipregerson/nnenum/vnncomp2025_benchmarks/benchmarks/relusplitter/onnx/mnist_fc_vnncomp2022_mnist-net_256x6.onnx,/home/elipregerson/nnenum/vnncomp2025_benchmarks/benchmarks/relusplitter/vnnlib/mnist_fc_vnncomp2022_prop_6_0.05.vnnlib,.006277427,timeout,30.691080140
relusplitter,/home/elipregerson/nnenum/vnncomp2025_benchmarks/benchmarks/relusplitter/onnx/mnist_fc_vnncomp2022_mnist-net_256x6_RSPLITTER_mnist_fc_vnncomp2022_prop_6_0.05.onnx,/home/elipregerson/nnenum/vnncomp2025_benchmarks/benchmarks/relusplitter/vnnlib/mnist_fc_vnncomp2022_prop_6_0.05.vnnlib,.006097456,error_exit_code_1,.580324672
relusplitter,/home/elipregerson/nnenum/vnncomp2025_benchmarks/benchmarks/relusplitter/onnx/mnist_fc_vnncomp2022_mnist-net_256x6.onnx,/home/elipregerson/nnenum/vnncomp2025_benchmarks/benchmarks/relusplitter/vnnlib/mnist_fc_vnncomp2022_prop_9_0.05.vnnlib,.006183738,timeout,30.866162842
relusplitter,/home/elipregerson/nnenum/vnncomp2025_benchmarks/benchmarks/relusplitter/onnx/mnist_fc_vnncomp2022_mnist-net_256x6_RSPLITTER_mnist_fc_vnncomp2022_prop_9_0.05.onnx,/home/elipregerson/nnenum/vnncomp2025_benchmarks/benchmarks/relusplitter/vnnlib/mnist_fc_vnncomp2022_prop_9_0.05.vnnlib,.006330622,error_exit_code_1,.589688646
relusplitter,/home/elipregerson/nnenum/vnncomp2025_benchmarks/benchmarks/relusplitter/onnx/mnist_fc_vnncomp2022_mnist-net_256x6.onnx,/home/elipregerson/nnenum/vnncomp2025_benchmarks/benchmarks/relusplitter/vnnlib/mnist_fc_vnncomp2022_prop_13_0.03.vnnlib,.006128713,timeout,31.023445555
relusplitter,/home/elipregerson/nnenum/vnncomp2025_benchmarks/benchmarks/relusplitter/onnx/mnist_fc_vnncomp2022_mnist-net_256x6_RSPLITTER_mnist_fc_vnncomp2022_prop_13_0.03.onnx,/home/elipregerson/nnenum/vnncomp2025_benchmarks/benchmarks/relusplitter/vnnlib/mnist_fc_vnncomp2022_prop_13_0.03.vnnlib,.006158327,error_exit_code_1,.597130744
relusplitter,/home/elipregerson/nnenum/vnncomp2025_benchmarks/benchmarks/relusplitter/onnx/oval21-benchmark_cifar_base_kw.onnx,/home/elipregerson/nnenum/vnncomp2025_benchmarks/benchmarks/relusplitter/vnnlib/oval21-benchmark_cifar_base_kw-img3365-eps0.0407843137254902.vnnlib,.005951331,error_exit_code_1,.622515939
relusplitter,/home/elipregerson/nnenum/vnncomp2025_benchmarks/benchmarks/relusplitter/onnx/oval21-benchmark_cifar_base_kw_RSPLITTER_oval21-benchmark_cifar_base_kw-img3365-eps0.0407843137254902.onnx,/home/elipregerson/nnenum/vnncomp2025_benchmarks/benchmarks/relusplitter/vnnlib/oval21-benchmark_cifar_base_kw-img3365-eps0.0407843137254902.vnnlib,.005958445,error_exit_code_1,.622129833
relusplitter,/home/elipregerson/nnenum/vnncomp2025_benchmarks/benchmarks/relusplitter/onnx/oval21-benchmark_cifar_base_kw.onnx,/home/elipregerson/nnenum/vnncomp2025_benchmarks/benchmarks/relusplitter/vnnlib/oval21-benchmark_cifar_base_kw-img2537-eps0.006666666666666667.vnnlib,.006097075,error_exit_code_1,.617289128
relusplitter,/home/elipregerson/nnenum/vnncomp2025_benchmarks/benchmarks/relusplitter/onnx/oval21-benchmark_cifar_base_kw_RSPLITTER_oval21-benchmark_cifar_base_kw-img2537-eps0.006666666666666667.onnx,/home/elipregerson/nnenum/vnncomp2025_benchmarks/benchmarks/relusplitter/vnnlib/oval21-benchmark_cifar_base_kw-img2537-eps0.006666666666666667.vnnlib,.006203696,error_exit_code_1,.609460376
relusplitter,/home/elipregerson/nnenum/vnncomp2025_benchmarks/benchmarks/relusplitter/onnx/oval21-benchmark_cifar_base_kw.onnx,/home/elipregerson/nnenum/vnncomp2025_benchmarks/benchmarks/relusplitter/vnnlib/oval21-benchmark_cifar_base_kw-img1900-eps0.03934640522875817.vnnlib,.006009635,error_exit_code_1,.616415473
relusplitter,/home/elipregerson/nnenum/vnncomp2025_benchmarks/benchmarks/relusplitter/onnx/oval21-benchmark_cifar_base_kw_RSPLITTER_oval21-benchmark_cifar_base_kw-img1900-eps0.03934640522875817.onnx,/home/elipregerson/nnenum/vnncomp2025_benchmarks/benchmarks/relusplitter/vnnlib/oval21-benchmark_cifar_base_kw-img1900-eps0.03934640522875817.vnnlib,.006000915,error_exit_code_1,.624026164
relusplitter,/home/elipregerson/nnenum/vnncomp2025_benchmarks/benchmarks/relusplitter/onnx/oval21-benchmark_cifar_base_kw.onnx,/home/elipregerson/nnenum/vnncomp2025_benchmarks/benchmarks/relusplitter/vnnlib/oval21-benchmark_cifar_base_kw-img395-eps0.003790849673202614.vnnlib,.005969734,error_exit_code_1,.605570738
relusplitter,/home/elipregerson/nnenum/vnncomp2025_benchmarks/benchmarks/relusplitter/onnx/oval21-benchmark_cifar_base_kw_RSPLITTER_oval21-benchmark_cifar_base_kw-img395-eps0.003790849673202614.onnx,/home/elipregerson/nnenum/vnncomp2025_benchmarks/benchmarks/relusplitter/vnnlib/oval21-benchmark_cifar_base_kw-img395-eps0.003790849673202614.vnnlib,.005907185,error_exit_code_1,.594291868
relusplitter,/home/elipregerson/nnenum/vnncomp2025_benchmarks/benchmarks/relusplitter/onnx/oval21-benchmark_cifar_base_kw.onnx,/home/elipregerson/nnenum/vnncomp2025_benchmarks/benchmarks/relusplitter/vnnlib/oval21-benchmark_cifar_base_kw-img6098-eps0.006666666666666666.vnnlib,.005967260,error_exit_code_1,.617407053
relusplitter,/home/elipregerson/nnenum/vnncomp2025_benchmarks/benchmarks/relusplitter/onnx/oval21-benchmark_cifar_base_kw_RSPLITTER_oval21-benchmark_cifar_base_kw-img6098-eps0.006666666666666666.onnx,/home/elipregerson/nnenum/vnncomp2025_benchmarks/benchmarks/relusplitter/vnnlib/oval21-benchmark_cifar_base_kw-img6098-eps0.006666666666666666.vnnlib,.006188461,error_exit_code_1,.603676315
relusplitter,/home/elipregerson/nnenum/vnncomp2025_benchmarks/benchmarks/relusplitter/onnx/oval21-benchmark_cifar_base_kw.onnx,/home/elipregerson/nnenum/vnncomp2025_benchmarks/benchmarks/relusplitter/vnnlib/oval21-benchmark_cifar_base_kw-img2153-eps0.04196078431372549.vnnlib,.005938354,error_exit_code_1,.609283230
relusplitter,/home/elipregerson/nnenum/vnncomp2025_benchmarks/benchmarks/relusplitter/onnx/oval21-benchmark_cifar_base_kw_RSPLITTER_oval21-benchmark_cifar_base_kw-img2153-eps0.04196078431372549.onnx,/home/elipregerson/nnenum/vnncomp2025_benchmarks/benchmarks/relusplitter/vnnlib/oval21-benchmark_cifar_base_kw-img2153-eps0.04196078431372549.vnnlib,.006204903,error_exit_code_1,.605414679
relusplitter,/home/elipregerson/nnenum/vnncomp2025_benchmarks/benchmarks/relusplitter/onnx/oval21-benchmark_cifar_base_kw.onnx,/home/elipregerson/nnenum/vnncomp2025_benchmarks/benchmarks/relusplitter/vnnlib/oval21-benchmark_cifar_base_kw-img1204-eps0.024967320261437907.vnnlib,.006255266,error_exit_code_1,.626500773
relusplitter,/home/elipregerson/nnenum/vnncomp2025_benchmarks/benchmarks/relusplitter/onnx/oval21-benchmark_cifar_base_kw_RSPLITTER_oval21-benchmark_cifar_base_kw-img1204-eps0.024967320261437907.onnx,/home/elipregerson/nnenum/vnncomp2025_benchmarks/benchmarks/relusplitter/vnnlib/oval21-benchmark_cifar_base_kw-img1204-eps0.024967320261437907.vnnlib,.006013205,error_exit_code_1,.611849830
relusplitter,/home/elipregerson/nnenum/vnncomp2025_benchmarks/benchmarks/relusplitter/onnx/oval21-benchmark_cifar_base_kw.onnx,/home/elipregerson/nnenum/vnncomp2025_benchmarks/benchmarks/relusplitter/vnnlib/oval21-benchmark_cifar_base_kw-img2341-eps0.049150326797385624.vnnlib,.006286927,error_exit_code_1,.612930196
relusplitter,/home/elipregerson/nnenum/vnncomp2025_benchmarks/benchmarks/relusplitter/onnx/oval21-benchmark_cifar_base_kw_RSPLITTER_oval21-benchmark_cifar_base_kw-img2341-eps0.049150326797385624.onnx,/home/elipregerson/nnenum/vnncomp2025_benchmarks/benchmarks/relusplitter/vnnlib/oval21-benchmark_cifar_base_kw-img2341-eps0.049150326797385624.vnnlib,.006003566,error_exit_code_1,.617974165
relusplitter,/home/elipregerson/nnenum/vnncomp2025_benchmarks/benchmarks/relusplitter/onnx/oval21-benchmark_cifar_base_kw.onnx,/home/elipregerson/nnenum/vnncomp2025_benchmarks/benchmarks/relusplitter/vnnlib/oval21-benchmark_cifar_base_kw-img8258-eps0.005620915032679739.vnnlib,.006344555,error_exit_code_1,.621563347
relusplitter,/home/elipregerson/nnenum/vnncomp2025_benchmarks/benchmarks/relusplitter/onnx/oval21-benchmark_cifar_base_kw_RSPLITTER_oval21-benchmark_cifar_base_kw-img8258-eps0.005620915032679739.onnx,/home/elipregerson/nnenum/vnncomp2025_benchmarks/benchmarks/relusplitter/vnnlib/oval21-benchmark_cifar_base_kw-img8258-eps0.005620915032679739.vnnlib,.006133151,error_exit_code_1,.616108777
relusplitter,/home/elipregerson/nnenum/vnncomp2025_benchmarks/benchmarks/relusplitter/onnx/oval21-benchmark_cifar_base_kw.onnx,/home/elipregerson/nnenum/vnncomp2025_benchmarks/benchmarks/relusplitter/vnnlib/oval21-benchmark_cifar_base_kw-img4386-eps0.011111111111111112.vnnlib,.006103654,error_exit_code_1,.657781706
relusplitter,/home/elipregerson/nnenum/vnncomp2025_benchmarks/benchmarks/relusplitter/onnx/oval21-benchmark_cifar_base_kw_RSPLITTER_oval21-benchmark_cifar_base_kw-img4386-eps0.011111111111111112.onnx,/home/elipregerson/nnenum/vnncomp2025_benchmarks/benchmarks/relusplitter/vnnlib/oval21-benchmark_cifar_base_kw-img4386-eps0.011111111111111112.vnnlib,.006228950,error_exit_code_1,.665068226
relusplitter,/home/elipregerson/nnenum/vnncomp2025_benchmarks/benchmarks/relusplitter/onnx/oval21-benchmark_cifar_deep_kw.onnx,/home/elipregerson/nnenum/vnncomp2025_benchmarks/benchmarks/relusplitter/vnnlib/oval21-benchmark_cifar_deep_kw-img3039-eps0.035686274509803925.vnnlib,.006388214,error_exit_code_1,.640086413
relusplitter,/home/elipregerson/nnenum/vnncomp2025_benchmarks/benchmarks/relusplitter/onnx/oval21-benchmark_cifar_deep_kw_RSPLITTER_oval21-benchmark_cifar_deep_kw-img3039-eps0.035686274509803925.onnx,/home/elipregerson/nnenum/vnncomp2025_benchmarks/benchmarks/relusplitter/vnnlib/oval21-benchmark_cifar_deep_kw-img3039-eps0.035686274509803925.vnnlib,.006263943,error_exit_code_1,.635493994
relusplitter,/home/elipregerson/nnenum/vnncomp2025_benchmarks/benchmarks/relusplitter/onnx/oval21-benchmark_cifar_deep_kw.onnx,/home/elipregerson/nnenum/vnncomp2025_benchmarks/benchmarks/relusplitter/vnnlib/oval21-benchmark_cifar_deep_kw-img6995-eps0.00954248366013072.vnnlib,.006251812,error_exit_code_1,.637147335
relusplitter,/home/elipregerson/nnenum/vnncomp2025_benchmarks/benchmarks/relusplitter/onnx/oval21-benchmark_cifar_deep_kw_RSPLITTER_oval21-benchmark_cifar_deep_kw-img6995-eps0.00954248366013072.onnx,/home/elipregerson/nnenum/vnncomp2025_benchmarks/benchmarks/relusplitter/vnnlib/oval21-benchmark_cifar_deep_kw-img6995-eps0.00954248366013072.vnnlib,.006172471,error_exit_code_1,.633859955
relusplitter,/home/elipregerson/nnenum/vnncomp2025_benchmarks/benchmarks/relusplitter/onnx/oval21-benchmark_cifar_deep_kw.onnx,/home/elipregerson/nnenum/vnncomp2025_benchmarks/benchmarks/relusplitter/vnnlib/oval21-benchmark_cifar_deep_kw-img7358-eps0.03869281045751634.vnnlib,.006220351,error_exit_code_1,.606702755
relusplitter,/home/elipregerson/nnenum/vnncomp2025_benchmarks/benchmarks/relusplitter/onnx/oval21-benchmark_cifar_deep_kw_RSPLITTER_oval21-benchmark_cifar_deep_kw-img7358-eps0.03869281045751634.onnx,/home/elipregerson/nnenum/vnncomp2025_benchmarks/benchmarks/relusplitter/vnnlib/oval21-benchmark_cifar_deep_kw-img7358-eps0.03869281045751634.vnnlib,.006003068,error_exit_code_1,.599160874
relusplitter,/home/elipregerson/nnenum/vnncomp2025_benchmarks/benchmarks/relusplitter/onnx/oval21-benchmark_cifar_deep_kw.onnx,/home/elipregerson/nnenum/vnncomp2025_benchmarks/benchmarks/relusplitter/vnnlib/oval21-benchmark_cifar_deep_kw-img4387-eps0.04705882352941177.vnnlib,.005909599,error_exit_code_1,.591664063
relusplitter,/home/elipregerson/nnenum/vnncomp2025_benchmarks/benchmarks/relusplitter/onnx/oval21-benchmark_cifar_deep_kw_RSPLITTER_oval21-benchmark_cifar_deep_kw-img4387-eps0.04705882352941177.onnx,/home/elipregerson/nnenum/vnncomp2025_benchmarks/benchmarks/relusplitter/vnnlib/oval21-benchmark_cifar_deep_kw-img4387-eps0.04705882352941177.vnnlib,.005873517,error_exit_code_1,.593880163
relusplitter,/home/elipregerson/nnenum/vnncomp2025_benchmarks/benchmarks/relusplitter/onnx/oval21-benchmark_cifar_deep_kw.onnx,/home/elipregerson/nnenum/vnncomp2025_benchmarks/benchmarks/relusplitter/vnnlib/oval21-benchmark_cifar_deep_kw-img2920-eps0.014248366013071896.vnnlib,.005965911,error_exit_code_1,.592549648
relusplitter,/home/elipregerson/nnenum/vnncomp2025_benchmarks/benchmarks/relusplitter/onnx/oval21-benchmark_cifar_deep_kw_RSPLITTER_oval21-benchmark_cifar_deep_kw-img2920-eps0.014248366013071896.onnx,/home/elipregerson/nnenum/vnncomp2025_benchmarks/benchmarks/relusplitter/vnnlib/oval21-benchmark_cifar_deep_kw-img2920-eps0.014248366013071896.vnnlib,.006075237,error_exit_code_1,.637707764
relusplitter,/home/elipregerson/nnenum/vnncomp2025_benchmarks/benchmarks/relusplitter/onnx/oval21-benchmark_cifar_deep_kw.onnx,/home/elipregerson/nnenum/vnncomp2025_benchmarks/benchmarks/relusplitter/vnnlib/oval21-benchmark_cifar_deep_kw-img4740-eps0.01647058823529412.vnnlib,.006447645,error_exit_code_1,.630394223
relusplitter,/home/elipregerson/nnenum/vnncomp2025_benchmarks/benchmarks/relusplitter/onnx/oval21-benchmark_cifar_deep_kw_RSPLITTER_oval21-benchmark_cifar_deep_kw-img4740-eps0.01647058823529412.onnx,/home/elipregerson/nnenum/vnncomp2025_benchmarks/benchmarks/relusplitter/vnnlib/oval21-benchmark_cifar_deep_kw-img4740-eps0.01647058823529412.vnnlib,.006199972,error_exit_code_1,.607103183
relusplitter,/home/elipregerson/nnenum/vnncomp2025_benchmarks/benchmarks/relusplitter/onnx/oval21-benchmark_cifar_deep_kw.onnx,/home/elipregerson/nnenum/vnncomp2025_benchmarks/benchmarks/relusplitter/vnnlib/oval21-benchmark_cifar_deep_kw-img917-eps0.04235294117647059.vnnlib,.005935569,error_exit_code_1,.611831701
relusplitter,/home/elipregerson/nnenum/vnncomp2025_benchmarks/benchmarks/relusplitter/onnx/oval21-benchmark_cifar_deep_kw_RSPLITTER_oval21-benchmark_cifar_deep_kw-img917-eps0.04235294117647059.onnx,/home/elipregerson/nnenum/vnncomp2025_benchmarks/benchmarks/relusplitter/vnnlib/oval21-benchmark_cifar_deep_kw-img917-eps0.04235294117647059.vnnlib,.018330679,error_exit_code_1,.616817326
relusplitter,/home/elipregerson/nnenum/vnncomp2025_benchmarks/benchmarks/relusplitter/onnx/oval21-benchmark_cifar_deep_kw.onnx,/home/elipregerson/nnenum/vnncomp2025_benchmarks/benchmarks/relusplitter/vnnlib/oval21-benchmark_cifar_deep_kw-img5988-eps0.037516339869281046.vnnlib,.006011052,error_exit_code_1,.610117917
relusplitter,/home/elipregerson/nnenum/vnncomp2025_benchmarks/benchmarks/relusplitter/onnx/oval21-benchmark_cifar_deep_kw_RSPLITTER_oval21-benchmark_cifar_deep_kw-img5988-eps0.037516339869281046.onnx,/home/elipregerson/nnenum/vnncomp2025_benchmarks/benchmarks/relusplitter/vnnlib/oval21-benchmark_cifar_deep_kw-img5988-eps0.037516339869281046.vnnlib,.005875134,error_exit_code_1,.598625981
relusplitter,/home/elipregerson/nnenum/vnncomp2025_benchmarks/benchmarks/relusplitter/onnx/oval21-benchmark_cifar_deep_kw.onnx,/home/elipregerson/nnenum/vnncomp2025_benchmarks/benchmarks/relusplitter/vnnlib/oval21-benchmark_cifar_deep_kw-img6254-eps0.013594771241830067.vnnlib,.008781353,error_exit_code_1,.601886364
relusplitter,/home/elipregerson/nnenum/vnncomp2025_benchmarks/benchmarks/relusplitter/onnx/oval21-benchmark_cifar_deep_kw_RSPLITTER_oval21-benchmark_cifar_deep_kw-img6254-eps0.013594771241830067.onnx,/home/elipregerson/nnenum/vnncomp2025_benchmarks/benchmarks/relusplitter/vnnlib/oval21-benchmark_cifar_deep_kw-img6254-eps0.013594771241830067.vnnlib,.005947672,error_exit_code_1,.606686149
relusplitter,/home/elipregerson/nnenum/vnncomp2025_benchmarks/benchmarks/relusplitter/onnx/oval21-benchmark_cifar_deep_kw.onnx,/home/elipregerson/nnenum/vnncomp2025_benchmarks/benchmarks/relusplitter/vnnlib/oval21-benchmark_cifar_deep_kw-img3782-eps0.053202614379084974.vnnlib,.006254307,error_exit_code_1,.588249232
relusplitter,/home/elipregerson/nnenum/vnncomp2025_benchmarks/benchmarks/relusplitter/onnx/oval21-benchmark_cifar_deep_kw_RSPLITTER_oval21-benchmark_cifar_deep_kw-img3782-eps0.053202614379084974.onnx,/home/elipregerson/nnenum/vnncomp2025_benchmarks/benchmarks/relusplitter/vnnlib/oval21-benchmark_cifar_deep_kw-img3782-eps0.053202614379084974.vnnlib,.005986319,error_exit_code_1,.588615071
relusplitter,/home/elipregerson/nnenum/vnncomp2025_benchmarks/benchmarks/relusplitter/onnx/oval21-benchmark_cifar_wide_kw.onnx,/home/elipregerson/nnenum/vnncomp2025_benchmarks/benchmarks/relusplitter/vnnlib/oval21-benchmark_cifar_wide_kw-img4351-eps0.03633986928104575.vnnlib,.006044383,error_exit_code_1,.602248951
relusplitter,/home/elipregerson/nnenum/vnncomp2025_benchmarks/benchmarks/relusplitter/onnx/oval21-benchmark_cifar_wide_kw_RSPLITTER_oval21-benchmark_cifar_wide_kw-img4351-eps0.03633986928104575.onnx,/home/elipregerson/nnenum/vnncomp2025_benchmarks/benchmarks/relusplitter/vnnlib/oval21-benchmark_cifar_wide_kw-img4351-eps0.03633986928104575.vnnlib,.006015604,error_exit_code_1,.590916083
relusplitter,/home/elipregerson/nnenum/vnncomp2025_benchmarks/benchmarks/relusplitter/onnx/oval21-benchmark_cifar_wide_kw.onnx,/home/elipregerson/nnenum/vnncomp2025_benchmarks/benchmarks/relusplitter/vnnlib/oval21-benchmark_cifar_wide_kw-img7814-eps0.01738562091503268.vnnlib,.006074239,error_exit_code_1,.600553366
relusplitter,/home/elipregerson/nnenum/vnncomp2025_benchmarks/benchmarks/relusplitter/onnx/oval21-benchmark_cifar_wide_kw_RSPLITTER_oval21-benchmark_cifar_wide_kw-img7814-eps0.01738562091503268.onnx,/home/elipregerson/nnenum/vnncomp2025_benchmarks/benchmarks/relusplitter/vnnlib/oval21-benchmark_cifar_wide_kw-img7814-eps0.01738562091503268.vnnlib,.005945079,error_exit_code_1,.599036111
relusplitter,/home/elipregerson/nnenum/vnncomp2025_benchmarks/benchmarks/relusplitter/onnx/oval21-benchmark_cifar_wide_kw.onnx,/home/elipregerson/nnenum/vnncomp2025_benchmarks/benchmarks/relusplitter/vnnlib/oval21-benchmark_cifar_wide_kw-img2440-eps0.010588235294117648.vnnlib,.006008769,error_exit_code_1,.594796197
relusplitter,/home/elipregerson/nnenum/vnncomp2025_benchmarks/benchmarks/relusplitter/onnx/oval21-benchmark_cifar_wide_kw_RSPLITTER_oval21-benchmark_cifar_wide_kw-img2440-eps0.010588235294117648.onnx,/home/elipregerson/nnenum/vnncomp2025_benchmarks/benchmarks/relusplitter/vnnlib/oval21-benchmark_cifar_wide_kw-img2440-eps0.010588235294117648.vnnlib,.005865877,error_exit_code_1,.614917473
relusplitter,/home/elipregerson/nnenum/vnncomp2025_benchmarks/benchmarks/relusplitter/onnx/oval21-benchmark_cifar_wide_kw.onnx,/home/elipregerson/nnenum/vnncomp2025_benchmarks/benchmarks/relusplitter/vnnlib/oval21-benchmark_cifar_wide_kw-img6947-eps0.019084967320261437.vnnlib,.006084158,error_exit_code_1,.612998653
relusplitter,/home/elipregerson/nnenum/vnncomp2025_benchmarks/benchmarks/relusplitter/onnx/oval21-benchmark_cifar_wide_kw_RSPLITTER_oval21-benchmark_cifar_wide_kw-img6947-eps0.019084967320261437.onnx,/home/elipregerson/nnenum/vnncomp2025_benchmarks/benchmarks/relusplitter/vnnlib/oval21-benchmark_cifar_wide_kw-img6947-eps0.019084967320261437.vnnlib,.005982779,error_exit_code_1,.600881107
relusplitter,/home/elipregerson/nnenum/vnncomp2025_benchmarks/benchmarks/relusplitter/onnx/oval21-benchmark_cifar_wide_kw.onnx,/home/elipregerson/nnenum/vnncomp2025_benchmarks/benchmarks/relusplitter/vnnlib/oval21-benchmark_cifar_wide_kw-img4760-eps0.0134640522875817.vnnlib,.005953396,error_exit_code_1,.624847681
relusplitter,/home/elipregerson/nnenum/vnncomp2025_benchmarks/benchmarks/relusplitter/onnx/oval21-benchmark_cifar_wide_kw_RSPLITTER_oval21-benchmark_cifar_wide_kw-img4760-eps0.0134640522875817.onnx,/home/elipregerson/nnenum/vnncomp2025_benchmarks/benchmarks/relusplitter/vnnlib/oval21-benchmark_cifar_wide_kw-img4760-eps0.0134640522875817.vnnlib,.005959258,error_exit_code_1,.643037096
relusplitter,/home/elipregerson/nnenum/vnncomp2025_benchmarks/benchmarks/relusplitter/onnx/oval21-benchmark_cifar_wide_kw.onnx,/home/elipregerson/nnenum/vnncomp2025_benchmarks/benchmarks/relusplitter/vnnlib/oval21-benchmark_cifar_wide_kw-img4409-eps0.021307189542483663.vnnlib,.005883718,error_exit_code_1,.636823335
relusplitter,/home/elipregerson/nnenum/vnncomp2025_benchmarks/benchmarks/relusplitter/onnx/oval21-benchmark_cifar_wide_kw_RSPLITTER_oval21-benchmark_cifar_wide_kw-img4409-eps0.021307189542483663.onnx,/home/elipregerson/nnenum/vnncomp2025_benchmarks/benchmarks/relusplitter/vnnlib/oval21-benchmark_cifar_wide_kw-img4409-eps0.021307189542483663.vnnlib,.005892740,error_exit_code_1,.665848863
relusplitter,/home/elipregerson/nnenum/vnncomp2025_benchmarks/benchmarks/relusplitter/onnx/oval21-benchmark_cifar_wide_kw.onnx,/home/elipregerson/nnenum/vnncomp2025_benchmarks/benchmarks/relusplitter/vnnlib/oval21-benchmark_cifar_wide_kw-img773-eps0.0026143790849673205.vnnlib,.005992223,error_exit_code_1,.643141411
relusplitter,/home/elipregerson/nnenum/vnncomp2025_benchmarks/benchmarks/relusplitter/onnx/oval21-benchmark_cifar_wide_kw_RSPLITTER_oval21-benchmark_cifar_wide_kw-img773-eps0.0026143790849673205.onnx,/home/elipregerson/nnenum/vnncomp2025_benchmarks/benchmarks/relusplitter/vnnlib/oval21-benchmark_cifar_wide_kw-img773-eps0.0026143790849673205.vnnlib,.006058952,error_exit_code_1,.631375552
relusplitter,/home/elipregerson/nnenum/vnncomp2025_benchmarks/benchmarks/relusplitter/onnx/oval21-benchmark_cifar_wide_kw.onnx,/home/elipregerson/nnenum/vnncomp2025_benchmarks/benchmarks/relusplitter/vnnlib/oval21-benchmark_cifar_wide_kw-img7176-eps0.004183006535947713.vnnlib,.006032899,error_exit_code_1,.624303909
relusplitter,/home/elipregerson/nnenum/vnncomp2025_benchmarks/benchmarks/relusplitter/onnx/oval21-benchmark_cifar_wide_kw_RSPLITTER_oval21-benchmark_cifar_wide_kw-img7176-eps0.004183006535947713.onnx,/home/elipregerson/nnenum/vnncomp2025_benchmarks/benchmarks/relusplitter/vnnlib/oval21-benchmark_cifar_wide_kw-img7176-eps0.004183006535947713.vnnlib,.006013620,error_exit_code_1,.598888907
relusplitter,/home/elipregerson/nnenum/vnncomp2025_benchmarks/benchmarks/relusplitter/onnx/oval21-benchmark_cifar_wide_kw.onnx,/home/elipregerson/nnenum/vnncomp2025_benchmarks/benchmarks/relusplitter/vnnlib/oval21-benchmark_cifar_wide_kw-img4279-eps0.02143790849673203.vnnlib,.005976729,error_exit_code_1,.611956361
relusplitter,/home/elipregerson/nnenum/vnncomp2025_benchmarks/benchmarks/relusplitter/onnx/oval21-benchmark_cifar_wide_kw_RSPLITTER_oval21-benchmark_cifar_wide_kw-img4279-eps0.02143790849673203.onnx,/home/elipregerson/nnenum/vnncomp2025_benchmarks/benchmarks/relusplitter/vnnlib/oval21-benchmark_cifar_wide_kw-img4279-eps0.02143790849673203.vnnlib,.006069234,error_exit_code_1,.608550498
relusplitter,/home/elipregerson/nnenum/vnncomp2025_benchmarks/benchmarks/relusplitter/onnx/oval21-benchmark_cifar_wide_kw.onnx,/home/elipregerson/nnenum/vnncomp2025_benchmarks/benchmarks/relusplitter/vnnlib/oval21-benchmark_cifar_wide_kw-img7442-eps0.006666666666666667.vnnlib,.005884604,error_exit_code_1,.663658175
relusplitter,/home/elipregerson/nnenum/vnncomp2025_benchmarks/benchmarks/relusplitter/onnx/oval21-benchmark_cifar_wide_kw_RSPLITTER_oval21-benchmark_cifar_wide_kw-img7442-eps0.006666666666666667.onnx,/home/elipregerson/nnenum/vnncomp2025_benchmarks/benchmarks/relusplitter/vnnlib/oval21-benchmark_cifar_wide_kw-img7442-eps0.006666666666666667.vnnlib,.006293354,error_exit_code_1,.694029412
relusplitter,/home/elipregerson/nnenum/vnncomp2025_benchmarks/benchmarks/relusplitter/onnx/cifar_biasfield_vnncomp2022_cifar_bias_field_28.onnx,/home/elipregerson/nnenum/vnncomp2025_benchmarks/benchmarks/relusplitter/vnnlib/cifar_biasfield_vnncomp2022_prop_28.vnnlib,.005987803,error_exit_code_1,.576185232
relusplitter,/home/elipregerson/nnenum/vnncomp2025_benchmarks/benchmarks/relusplitter/onnx/cifar_biasfield_vnncomp2022_cifar_bias_field_28_RSPLITTER_cifar_biasfield_vnncomp2022_prop_28.onnx,/home/elipregerson/nnenum/vnncomp2025_benchmarks/benchmarks/relusplitter/vnnlib/cifar_biasfield_vnncomp2022_prop_28.vnnlib,.006221892,error_exit_code_1,.592642110
relusplitter,/home/elipregerson/nnenum/vnncomp2025_benchmarks/benchmarks/relusplitter/onnx/cifar_biasfield_vnncomp2022_cifar_bias_field_8.onnx,/home/elipregerson/nnenum/vnncomp2025_benchmarks/benchmarks/relusplitter/vnnlib/cifar_biasfield_vnncomp2022_prop_8.vnnlib,.006313706,error_exit_code_1,.583396243
relusplitter,/home/elipregerson/nnenum/vnncomp2025_benchmarks/benchmarks/relusplitter/onnx/cifar_biasfield_vnncomp2022_cifar_bias_field_8_RSPLITTER_cifar_biasfield_vnncomp2022_prop_8.onnx,/home/elipregerson/nnenum/vnncomp2025_benchmarks/benchmarks/relusplitter/vnnlib/cifar_biasfield_vnncomp2022_prop_8.vnnlib,.005902892,error_exit_code_1,.599912513
relusplitter,/home/elipregerson/nnenum/vnncomp2025_benchmarks/benchmarks/relusplitter/onnx/cifar_biasfield_vnncomp2022_cifar_bias_field_19.onnx,/home/elipregerson/nnenum/vnncomp2025_benchmarks/benchmarks/relusplitter/vnnlib/cifar_biasfield_vnncomp2022_prop_19.vnnlib,.006094674,error_exit_code_1,.579715245
relusplitter,/home/elipregerson/nnenum/vnncomp2025_benchmarks/benchmarks/relusplitter/onnx/cifar_biasfield_vnncomp2022_cifar_bias_field_19_RSPLITTER_cifar_biasfield_vnncomp2022_prop_19.onnx,/home/elipregerson/nnenum/vnncomp2025_benchmarks/benchmarks/relusplitter/vnnlib/cifar_biasfield_vnncomp2022_prop_19.vnnlib,.006230180,error_exit_code_1,.572858481
relusplitter,/home/elipregerson/nnenum/vnncomp2025_benchmarks/benchmarks/relusplitter/onnx/cifar_biasfield_vnncomp2022_cifar_bias_field_45.onnx,/home/elipregerson/nnenum/vnncomp2025_benchmarks/benchmarks/relusplitter/vnnlib/cifar_biasfield_vnncomp2022_prop_45.vnnlib,.006015460,error_exit_code_1,.568897244
relusplitter,/home/elipregerson/nnenum/vnncomp2025_benchmarks/benchmarks/relusplitter/onnx/cifar_biasfield_vnncomp2022_cifar_bias_field_45_RSPLITTER_cifar_biasfield_vnncomp2022_prop_45.onnx,/home/elipregerson/nnenum/vnncomp2025_benchmarks/benchmarks/relusplitter/vnnlib/cifar_biasfield_vnncomp2022_prop_45.vnnlib,.006173109,error_exit_code_1,.546259654
relusplitter,/home/elipregerson/nnenum/vnncomp2025_benchmarks/benchmarks/relusplitter/onnx/cifar_biasfield_vnncomp2022_cifar_bias_field_24.onnx,/home/elipregerson/nnenum/vnncomp2025_benchmarks/benchmarks/relusplitter/vnnlib/cifar_biasfield_vnncomp2022_prop_24.vnnlib,.006115906,error_exit_code_1,.553043226
relusplitter,/home/elipregerson/nnenum/vnncomp2025_benchmarks/benchmarks/relusplitter/onnx/cifar_biasfield_vnncomp2022_cifar_bias_field_24_RSPLITTER_cifar_biasfield_vnncomp2022_prop_24.onnx,/home/elipregerson/nnenum/vnncomp2025_benchmarks/benchmarks/relusplitter/vnnlib/cifar_biasfield_vnncomp2022_prop_24.vnnlib,.005927852,error_exit_code_1,.550110337
relusplitter,/home/elipregerson/nnenum/vnncomp2025_benchmarks/benchmarks/relusplitter/onnx/cifar_biasfield_vnncomp2022_cifar_bias_field_1.onnx,/home/elipregerson/nnenum/vnncomp2025_benchmarks/benchmarks/relusplitter/vnnlib/cifar_biasfield_vnncomp2022_prop_1.vnnlib,.006079157,error_exit_code_1,.549786791
relusplitter,/home/elipregerson/nnenum/vnncomp2025_benchmarks/benchmarks/relusplitter/onnx/cifar_biasfield_vnncomp2022_cifar_bias_field_1_RSPLITTER_cifar_biasfield_vnncomp2022_prop_1.onnx,/home/elipregerson/nnenum/vnncomp2025_benchmarks/benchmarks/relusplitter/vnnlib/cifar_biasfield_vnncomp2022_prop_1.vnnlib,.006244733,error_exit_code_1,.586963835
relusplitter,/home/elipregerson/nnenum/vnncomp2025_benchmarks/benchmarks/relusplitter/onnx/cifar_biasfield_vnncomp2022_cifar_bias_field_15.onnx,/home/elipregerson/nnenum/vnncomp2025_benchmarks/benchmarks/relusplitter/vnnlib/cifar_biasfield_vnncomp2022_prop_15.vnnlib,.006216591,error_exit_code_1,.550646426
relusplitter,/home/elipregerson/nnenum/vnncomp2025_benchmarks/benchmarks/relusplitter/onnx/cifar_biasfield_vnncomp2022_cifar_bias_field_15_RSPLITTER_cifar_biasfield_vnncomp2022_prop_15.onnx,/home/elipregerson/nnenum/vnncomp2025_benchmarks/benchmarks/relusplitter/vnnlib/cifar_biasfield_vnncomp2022_prop_15.vnnlib,.006016337,error_exit_code_1,.542398395
relusplitter,/home/elipregerson/nnenum/vnncomp2025_benchmarks/benchmarks/relusplitter/onnx/cifar_biasfield_vnncomp2022_cifar_bias_field_46.onnx,/home/elipregerson/nnenum/vnncomp2025_benchmarks/benchmarks/relusplitter/vnnlib/cifar_biasfield_vnncomp2022_prop_46.vnnlib,.006048638,error_exit_code_1,.554425653
relusplitter,/home/elipregerson/nnenum/vnncomp2025_benchmarks/benchmarks/relusplitter/onnx/cifar_biasfield_vnncomp2022_cifar_bias_field_46_RSPLITTER_cifar_biasfield_vnncomp2022_prop_46.onnx,/home/elipregerson/nnenum/vnncomp2025_benchmarks/benchmarks/relusplitter/vnnlib/cifar_biasfield_vnncomp2022_prop_46.vnnlib,.005985321,error_exit_code_1,.571387247
relusplitter,/home/elipregerson/nnenum/vnncomp2025_benchmarks/benchmarks/relusplitter/onnx/cifar_biasfield_vnncomp2022_cifar_bias_field_22.onnx,/home/elipregerson/nnenum/vnncomp2025_benchmarks/benchmarks/relusplitter/vnnlib/cifar_biasfield_vnncomp2022_prop_22.vnnlib,.006465783,error_exit_code_1,.558749989
relusplitter,/home/elipregerson/nnenum/vnncomp2025_benchmarks/benchmarks/relusplitter/onnx/cifar_biasfield_vnncomp2022_cifar_bias_field_22_RSPLITTER_cifar_biasfield_vnncomp2022_prop_22.onnx,/home/elipregerson/nnenum/vnncomp2025_benchmarks/benchmarks/relusplitter/vnnlib/cifar_biasfield_vnncomp2022_prop_22.vnnlib,.006020932,error_exit_code_1,.542153747
relusplitter,/home/elipregerson/nnenum/vnncomp2025_benchmarks/benchmarks/relusplitter/onnx/cifar_biasfield_vnncomp2022_cifar_bias_field_26.onnx,/home/elipregerson/nnenum/vnncomp2025_benchmarks/benchmarks/relusplitter/vnnlib/cifar_biasfield_vnncomp2022_prop_26.vnnlib,.005932136,error_exit_code_1,.538694837
relusplitter,/home/elipregerson/nnenum/vnncomp2025_benchmarks/benchmarks/relusplitter/onnx/cifar_biasfield_vnncomp2022_cifar_bias_field_26_RSPLITTER_cifar_biasfield_vnncomp2022_prop_26.onnx,/home/elipregerson/nnenum/vnncomp2025_benchmarks/benchmarks/relusplitter/vnnlib/cifar_biasfield_vnncomp2022_prop_26.vnnlib,.006627494,error_exit_code_1,.536302959
relusplitter,/home/elipregerson/nnenum/vnncomp2025_benchmarks/benchmarks/relusplitter/onnx/cifar_biasfield_vnncomp2022_cifar_bias_field_40.onnx,/home/elipregerson/nnenum/vnncomp2025_benchmarks/benchmarks/relusplitter/vnnlib/cifar_biasfield_vnncomp2022_prop_40.vnnlib,.007767118,error_exit_code_1,.546534733
relusplitter,/home/elipregerson/nnenum/vnncomp2025_benchmarks/benchmarks/relusplitter/onnx/cifar_biasfield_vnncomp2022_cifar_bias_field_40_RSPLITTER_cifar_biasfield_vnncomp2022_prop_40.onnx,/home/elipregerson/nnenum/vnncomp2025_benchmarks/benchmarks/relusplitter/vnnlib/cifar_biasfield_vnncomp2022_prop_40.vnnlib,.006149143,error_exit_code_1,.566333307
relusplitter,/home/elipregerson/nnenum/vnncomp2025_benchmarks/benchmarks/relusplitter/onnx/cifar_biasfield_vnncomp2022_cifar_bias_field_64.onnx,/home/elipregerson/nnenum/vnncomp2025_benchmarks/benchmarks/relusplitter/vnnlib/cifar_biasfield_vnncomp2022_prop_64.vnnlib,.006114606,error_exit_code_1,.548746649
relusplitter,/home/elipregerson/nnenum/vnncomp2025_benchmarks/benchmarks/relusplitter/onnx/cifar_biasfield_vnncomp2022_cifar_bias_field_64_RSPLITTER_cifar_biasfield_vnncomp2022_prop_64.onnx,/home/elipregerson/nnenum/vnncomp2025_benchmarks/benchmarks/relusplitter/vnnlib/cifar_biasfield_vnncomp2022_prop_64.vnnlib,.006034061,error_exit_code_1,.559507076
relusplitter,/home/elipregerson/nnenum/vnncomp2025_benchmarks/benchmarks/relusplitter/onnx/cifar_biasfield_vnncomp2022_cifar_bias_field_66.onnx,/home/elipregerson/nnenum/vnncomp2025_benchmarks/benchmarks/relusplitter/vnnlib/cifar_biasfield_vnncomp2022_prop_66.vnnlib,.006151093,error_exit_code_1,.547079045
relusplitter,/home/elipregerson/nnenum/vnncomp2025_benchmarks/benchmarks/relusplitter/onnx/cifar_biasfield_vnncomp2022_cifar_bias_field_66_RSPLITTER_cifar_biasfield_vnncomp2022_prop_66.onnx,/home/elipregerson/nnenum/vnncomp2025_benchmarks/benchmarks/relusplitter/vnnlib/cifar_biasfield_vnncomp2022_prop_66.vnnlib,.005982572,error_exit_code_1,.543285141
relusplitter,/home/elipregerson/nnenum/vnncomp2025_benchmarks/benchmarks/relusplitter/onnx/cifar_biasfield_vnncomp2022_cifar_bias_field_11.onnx,/home/elipregerson/nnenum/vnncomp2025_benchmarks/benchmarks/relusplitter/vnnlib/cifar_biasfield_vnncomp2022_prop_11.vnnlib,.006078194,error_exit_code_1,.568459359
relusplitter,/home/elipregerson/nnenum/vnncomp2025_benchmarks/benchmarks/relusplitter/onnx/cifar_biasfield_vnncomp2022_cifar_bias_field_11_RSPLITTER_cifar_biasfield_vnncomp2022_prop_11.onnx,/home/elipregerson/nnenum/vnncomp2025_benchmarks/benchmarks/relusplitter/vnnlib/cifar_biasfield_vnncomp2022_prop_11.vnnlib,.006017764,error_exit_code_1,.570742364
relusplitter,/home/elipregerson/nnenum/vnncomp2025_benchmarks/benchmarks/relusplitter/onnx/cifar_biasfield_vnncomp2022_cifar_bias_field_50.onnx,/home/elipregerson/nnenum/vnncomp2025_benchmarks/benchmarks/relusplitter/vnnlib/cifar_biasfield_vnncomp2022_prop_50.vnnlib,.005917795,error_exit_code_1,.562302182
relusplitter,/home/elipregerson/nnenum/vnncomp2025_benchmarks/benchmarks/relusplitter/onnx/cifar_biasfield_vnncomp2022_cifar_bias_field_50_RSPLITTER_cifar_biasfield_vnncomp2022_prop_50.onnx,/home/elipregerson/nnenum/vnncomp2025_benchmarks/benchmarks/relusplitter/vnnlib/cifar_biasfield_vnncomp2022_prop_50.vnnlib,.006144054,error_exit_code_1,.541173416
relusplitter,/home/elipregerson/nnenum/vnncomp2025_benchmarks/benchmarks/relusplitter/onnx/cifar_biasfield_vnncomp2022_cifar_bias_field_14.onnx,/home/elipregerson/nnenum/vnncomp2025_benchmarks/benchmarks/relusplitter/vnnlib/cifar_biasfield_vnncomp2022_prop_14.vnnlib,.006170823,error_exit_code_1,.576227914
relusplitter,/home/elipregerson/nnenum/vnncomp2025_benchmarks/benchmarks/relusplitter/onnx/cifar_biasfield_vnncomp2022_cifar_bias_field_14_RSPLITTER_cifar_biasfield_vnncomp2022_prop_14.onnx,/home/elipregerson/nnenum/vnncomp2025_benchmarks/benchmarks/relusplitter/vnnlib/cifar_biasfield_vnncomp2022_prop_14.vnnlib,.006358887,error_exit_code_1,.584491455
relusplitter,/home/elipregerson/nnenum/vnncomp2025_benchmarks/benchmarks/relusplitter/onnx/cifar_biasfield_vnncomp2022_cifar_bias_field_20.onnx,/home/elipregerson/nnenum/vnncomp2025_benchmarks/benchmarks/relusplitter/vnnlib/cifar_biasfield_vnncomp2022_prop_20.vnnlib,.006132963,error_exit_code_1,.579695484
relusplitter,/home/elipregerson/nnenum/vnncomp2025_benchmarks/benchmarks/relusplitter/onnx/cifar_biasfield_vnncomp2022_cifar_bias_field_20_RSPLITTER_cifar_biasfield_vnncomp2022_prop_20.onnx,/home/elipregerson/nnenum/vnncomp2025_benchmarks/benchmarks/relusplitter/vnnlib/cifar_biasfield_vnncomp2022_prop_20.vnnlib,.006072046,error_exit_code_1,.570607892
relusplitter,/home/elipregerson/nnenum/vnncomp2025_benchmarks/benchmarks/relusplitter/onnx/cifar_biasfield_vnncomp2022_cifar_bias_field_16.onnx,/home/elipregerson/nnenum/vnncomp2025_benchmarks/benchmarks/relusplitter/vnnlib/cifar_biasfield_vnncomp2022_prop_16.vnnlib,.006121581,error_exit_code_1,.555144382
relusplitter,/home/elipregerson/nnenum/vnncomp2025_benchmarks/benchmarks/relusplitter/onnx/cifar_biasfield_vnncomp2022_cifar_bias_field_16_RSPLITTER_cifar_biasfield_vnncomp2022_prop_16.onnx,/home/elipregerson/nnenum/vnncomp2025_benchmarks/benchmarks/relusplitter/vnnlib/cifar_biasfield_vnncomp2022_prop_16.vnnlib,.005985661,error_exit_code_1,.578695591
relusplitter,/home/elipregerson/nnenum/vnncomp2025_benchmarks/benchmarks/relusplitter/onnx/cifar_biasfield_vnncomp2022_cifar_bias_field_29.onnx,/home/elipregerson/nnenum/vnncomp2025_benchmarks/benchmarks/relusplitter/vnnlib/cifar_biasfield_vnncomp2022_prop_29.vnnlib,.005994697,error_exit_code_1,.537889083
relusplitter,/home/elipregerson/nnenum/vnncomp2025_benchmarks/benchmarks/relusplitter/onnx/cifar_biasfield_vnncomp2022_cifar_bias_field_29_RSPLITTER_cifar_biasfield_vnncomp2022_prop_29.onnx,/home/elipregerson/nnenum/vnncomp2025_benchmarks/benchmarks/relusplitter/vnnlib/cifar_biasfield_vnncomp2022_prop_29.vnnlib,.005993542,error_exit_code_1,.533752754
relusplitter,/home/elipregerson/nnenum/vnncomp2025_benchmarks/benchmarks/relusplitter/onnx/cifar_biasfield_vnncomp2022_cifar_bias_field_70.onnx,/home/elipregerson/nnenum/vnncomp2025_benchmarks/benchmarks/relusplitter/vnnlib/cifar_biasfield_vnncomp2022_prop_70.vnnlib,.006059281,error_exit_code_1,.543069336
relusplitter,/home/elipregerson/nnenum/vnncomp2025_benchmarks/benchmarks/relusplitter/onnx/cifar_biasfield_vnncomp2022_cifar_bias_field_70_RSPLITTER_cifar_biasfield_vnncomp2022_prop_70.onnx,/home/elipregerson/nnenum/vnncomp2025_benchmarks/benchmarks/relusplitter/vnnlib/cifar_biasfield_vnncomp2022_prop_70.vnnlib,.006165791,error_exit_code_1,.539456218
relusplitter,/home/elipregerson/nnenum/vnncomp2025_benchmarks/benchmarks/relusplitter/onnx/cifar_biasfield_vnncomp2022_cifar_bias_field_2.onnx,/home/elipregerson/nnenum/vnncomp2025_benchmarks/benchmarks/relusplitter/vnnlib/cifar_biasfield_vnncomp2022_prop_2.vnnlib,.006121321,error_exit_code_1,.534176733
relusplitter,/home/elipregerson/nnenum/vnncomp2025_benchmarks/benchmarks/relusplitter/onnx/cifar_biasfield_vnncomp2022_cifar_bias_field_2_RSPLITTER_cifar_biasfield_vnncomp2022_prop_2.onnx,/home/elipregerson/nnenum/vnncomp2025_benchmarks/benchmarks/relusplitter/vnnlib/cifar_biasfield_vnncomp2022_prop_2.vnnlib,.006120654,error_exit_code_1,.548695836
relusplitter,/home/elipregerson/nnenum/vnncomp2025_benchmarks/benchmarks/relusplitter/onnx/cifar_biasfield_vnncomp2022_cifar_bias_field_49.onnx,/home/elipregerson/nnenum/vnncomp2025_benchmarks/benchmarks/relusplitter/vnnlib/cifar_biasfield_vnncomp2022_prop_49.vnnlib,.006037019,error_exit_code_1,.548326416
relusplitter,/home/elipregerson/nnenum/vnncomp2025_benchmarks/benchmarks/relusplitter/onnx/cifar_biasfield_vnncomp2022_cifar_bias_field_49_RSPLITTER_cifar_biasfield_vnncomp2022_prop_49.onnx,/home/elipregerson/nnenum/vnncomp2025_benchmarks/benchmarks/relusplitter/vnnlib/cifar_biasfield_vnncomp2022_prop_49.vnnlib,.005907486,error_exit_code_1,.533389616
relusplitter,/home/elipregerson/nnenum/vnncomp2025_benchmarks/benchmarks/relusplitter/onnx/cifar_biasfield_vnncomp2022_cifar_bias_field_37.onnx,/home/elipregerson/nnenum/vnncomp2025_benchmarks/benchmarks/relusplitter/vnnlib/cifar_biasfield_vnncomp2022_prop_37.vnnlib,.006013925,error_exit_code_1,.544828130
relusplitter,/home/elipregerson/nnenum/vnncomp2025_benchmarks/benchmarks/relusplitter/onnx/cifar_biasfield_vnncomp2022_cifar_bias_field_37_RSPLITTER_cifar_biasfield_vnncomp2022_prop_37.onnx,/home/elipregerson/nnenum/vnncomp2025_benchmarks/benchmarks/relusplitter/vnnlib/cifar_biasfield_vnncomp2022_prop_37.vnnlib,.006045556,error_exit_code_1,.551836326
relusplitter,/home/elipregerson/nnenum/vnncomp2025_benchmarks/benchmarks/relusplitter/onnx/cifar_biasfield_vnncomp2022_cifar_bias_field_69.onnx,/home/elipregerson/nnenum/vnncomp2025_benchmarks/benchmarks/relusplitter/vnnlib/cifar_biasfield_vnncomp2022_prop_69.vnnlib,.006059076,error_exit_code_1,.552631075
relusplitter,/home/elipregerson/nnenum/vnncomp2025_benchmarks/benchmarks/relusplitter/onnx/cifar_biasfield_vnncomp2022_cifar_bias_field_69_RSPLITTER_cifar_biasfield_vnncomp2022_prop_69.onnx,/home/elipregerson/nnenum/vnncomp2025_benchmarks/benchmarks/relusplitter/vnnlib/cifar_biasfield_vnncomp2022_prop_69.vnnlib,.008000904,error_exit_code_1,.544914851
relusplitter,/home/elipregerson/nnenum/vnncomp2025_benchmarks/benchmarks/relusplitter/onnx/cifar_biasfield_vnncomp2022_cifar_bias_field_43.onnx,/home/elipregerson/nnenum/vnncomp2025_benchmarks/benchmarks/relusplitter/vnnlib/cifar_biasfield_vnncomp2022_prop_43.vnnlib,.006223109,error_exit_code_1,.566256674
relusplitter,/home/elipregerson/nnenum/vnncomp2025_benchmarks/benchmarks/relusplitter/onnx/cifar_biasfield_vnncomp2022_cifar_bias_field_43_RSPLITTER_cifar_biasfield_vnncomp2022_prop_43.onnx,/home/elipregerson/nnenum/vnncomp2025_benchmarks/benchmarks/relusplitter/vnnlib/cifar_biasfield_vnncomp2022_prop_43.vnnlib,.006215756,error_exit_code_1,.542201003
relusplitter,/home/elipregerson/nnenum/vnncomp2025_benchmarks/benchmarks/relusplitter/onnx/cifar_biasfield_vnncomp2022_cifar_bias_field_41.onnx,/home/elipregerson/nnenum/vnncomp2025_benchmarks/benchmarks/relusplitter/vnnlib/cifar_biasfield_vnncomp2022_prop_41.vnnlib,.005976016,error_exit_code_1,.544369106
relusplitter,/home/elipregerson/nnenum/vnncomp2025_benchmarks/benchmarks/relusplitter/onnx/cifar_biasfield_vnncomp2022_cifar_bias_field_41_RSPLITTER_cifar_biasfield_vnncomp2022_prop_41.onnx,/home/elipregerson/nnenum/vnncomp2025_benchmarks/benchmarks/relusplitter/vnnlib/cifar_biasfield_vnncomp2022_prop_41.vnnlib,.005855359,error_exit_code_1,.542638573
relusplitter,/home/elipregerson/nnenum/vnncomp2025_benchmarks/benchmarks/relusplitter/onnx/cifar_biasfield_vnncomp2022_cifar_bias_field_21.onnx,/home/elipregerson/nnenum/vnncomp2025_benchmarks/benchmarks/relusplitter/vnnlib/cifar_biasfield_vnncomp2022_prop_21.vnnlib,.006106214,error_exit_code_1,.546648182
relusplitter,/home/elipregerson/nnenum/vnncomp2025_benchmarks/benchmarks/relusplitter/onnx/cifar_biasfield_vnncomp2022_cifar_bias_field_21_RSPLITTER_cifar_biasfield_vnncomp2022_prop_21.onnx,/home/elipregerson/nnenum/vnncomp2025_benchmarks/benchmarks/relusplitter/vnnlib/cifar_biasfield_vnncomp2022_prop_21.vnnlib,.006006474,error_exit_code_1,.538582334
relusplitter,/home/elipregerson/nnenum/vnncomp2025_benchmarks/benchmarks/relusplitter/onnx/cifar_biasfield_vnncomp2022_cifar_bias_field_63.onnx,/home/elipregerson/nnenum/vnncomp2025_benchmarks/benchmarks/relusplitter/vnnlib/cifar_biasfield_vnncomp2022_prop_63.vnnlib,.005975871,error_exit_code_1,.581244659
relusplitter,/home/elipregerson/nnenum/vnncomp2025_benchmarks/benchmarks/relusplitter/onnx/cifar_biasfield_vnncomp2022_cifar_bias_field_63_RSPLITTER_cifar_biasfield_vnncomp2022_prop_63.onnx,/home/elipregerson/nnenum/vnncomp2025_benchmarks/benchmarks/relusplitter/vnnlib/cifar_biasfield_vnncomp2022_prop_63.vnnlib,.005997543,error_exit_code_1,.588034670
relusplitter,/home/elipregerson/nnenum/vnncomp2025_benchmarks/benchmarks/relusplitter/onnx/cifar_biasfield_vnncomp2022_cifar_bias_field_36.onnx,/home/elipregerson/nnenum/vnncomp2025_benchmarks/benchmarks/relusplitter/vnnlib/cifar_biasfield_vnncomp2022_prop_36.vnnlib,.006068493,error_exit_code_1,.551575072
relusplitter,/home/elipregerson/nnenum/vnncomp2025_benchmarks/benchmarks/relusplitter/onnx/cifar_biasfield_vnncomp2022_cifar_bias_field_36_RSPLITTER_cifar_biasfield_vnncomp2022_prop_36.onnx,/home/elipregerson/nnenum/vnncomp2025_benchmarks/benchmarks/relusplitter/vnnlib/cifar_biasfield_vnncomp2022_prop_36.vnnlib,.006021134,error_exit_code_1,.558256173
relusplitter,/home/elipregerson/nnenum/vnncomp2025_benchmarks/benchmarks/relusplitter/onnx/cifar_biasfield_vnncomp2022_cifar_bias_field_18.onnx,/home/elipregerson/nnenum/vnncomp2025_benchmarks/benchmarks/relusplitter/vnnlib/cifar_biasfield_vnncomp2022_prop_18.vnnlib,.005904032,error_exit_code_1,.546244116
relusplitter,/home/elipregerson/nnenum/vnncomp2025_benchmarks/benchmarks/relusplitter/onnx/cifar_biasfield_vnncomp2022_cifar_bias_field_18_RSPLITTER_cifar_biasfield_vnncomp2022_prop_18.onnx,/home/elipregerson/nnenum/vnncomp2025_benchmarks/benchmarks/relusplitter/vnnlib/cifar_biasfield_vnncomp2022_prop_18.vnnlib,.005947277,error_exit_code_1,.531385820
relusplitter,/home/elipregerson/nnenum/vnncomp2025_benchmarks/benchmarks/relusplitter/onnx/cifar_biasfield_vnncomp2022_cifar_bias_field_4.onnx,/home/elipregerson/nnenum/vnncomp2025_benchmarks/benchmarks/relusplitter/vnnlib/cifar_biasfield_vnncomp2022_prop_4.vnnlib,.005965192,error_exit_code_1,.555384588
relusplitter,/home/elipregerson/nnenum/vnncomp2025_benchmarks/benchmarks/relusplitter/onnx/cifar_biasfield_vnncomp2022_cifar_bias_field_4_RSPLITTER_cifar_biasfield_vnncomp2022_prop_4.onnx,/home/elipregerson/nnenum/vnncomp2025_benchmarks/benchmarks/relusplitter/vnnlib/cifar_biasfield_vnncomp2022_prop_4.vnnlib,.005986823,error_exit_code_1,.580929565
relusplitter,/home/elipregerson/nnenum/vnncomp2025_benchmarks/benchmarks/relusplitter/onnx/cifar_biasfield_vnncomp2022_cifar_bias_field_34.onnx,/home/elipregerson/nnenum/vnncomp2025_benchmarks/benchmarks/relusplitter/vnnlib/cifar_biasfield_vnncomp2022_prop_34.vnnlib,.005945446,error_exit_code_1,.580163013
relusplitter,/home/elipregerson/nnenum/vnncomp2025_benchmarks/benchmarks/relusplitter/onnx/cifar_biasfield_vnncomp2022_cifar_bias_field_34_RSPLITTER_cifar_biasfield_vnncomp2022_prop_34.onnx,/home/elipregerson/nnenum/vnncomp2025_benchmarks/benchmarks/relusplitter/vnnlib/cifar_biasfield_vnncomp2022_prop_34.vnnlib,.006081134,error_exit_code_1,.551655801
relusplitter,/home/elipregerson/nnenum/vnncomp2025_benchmarks/benchmarks/relusplitter/onnx/cifar_biasfield_vnncomp2022_cifar_bias_field_25.onnx,/home/elipregerson/nnenum/vnncomp2025_benchmarks/benchmarks/relusplitter/vnnlib/cifar_biasfield_vnncomp2022_prop_25.vnnlib,.005987676,error_exit_code_1,.544640127
relusplitter,/home/elipregerson/nnenum/vnncomp2025_benchmarks/benchmarks/relusplitter/onnx/cifar_biasfield_vnncomp2022_cifar_bias_field_25_RSPLITTER_cifar_biasfield_vnncomp2022_prop_25.onnx,/home/elipregerson/nnenum/vnncomp2025_benchmarks/benchmarks/relusplitter/vnnlib/cifar_biasfield_vnncomp2022_prop_25.vnnlib,.006063563,error_exit_code_1,.535704260
relusplitter,/home/elipregerson/nnenum/vnncomp2025_benchmarks/benchmarks/relusplitter/onnx/cifar_biasfield_vnncomp2022_cifar_bias_field_31.onnx,/home/elipregerson/nnenum/vnncomp2025_benchmarks/benchmarks/relusplitter/vnnlib/cifar_biasfield_vnncomp2022_prop_31.vnnlib,.006995699,error_exit_code_1,.557708909
relusplitter,/home/elipregerson/nnenum/vnncomp2025_benchmarks/benchmarks/relusplitter/onnx/cifar_biasfield_vnncomp2022_cifar_bias_field_31_RSPLITTER_cifar_biasfield_vnncomp2022_prop_31.onnx,/home/elipregerson/nnenum/vnncomp2025_benchmarks/benchmarks/relusplitter/vnnlib/cifar_biasfield_vnncomp2022_prop_31.vnnlib,.006136167,error_exit_code_1,.539724833
relusplitter,/home/elipregerson/nnenum/vnncomp2025_benchmarks/benchmarks/relusplitter/onnx/cifar_biasfield_vnncomp2022_cifar_bias_field_65.onnx,/home/elipregerson/nnenum/vnncomp2025_benchmarks/benchmarks/relusplitter/vnnlib/cifar_biasfield_vnncomp2022_prop_65.vnnlib,.005958441,error_exit_code_1,.538558661
relusplitter,/home/elipregerson/nnenum/vnncomp2025_benchmarks/benchmarks/relusplitter/onnx/cifar_biasfield_vnncomp2022_cifar_bias_field_65_RSPLITTER_cifar_biasfield_vnncomp2022_prop_65.onnx,/home/elipregerson/nnenum/vnncomp2025_benchmarks/benchmarks/relusplitter/vnnlib/cifar_biasfield_vnncomp2022_prop_65.vnnlib,.006036592,error_exit_code_1,.536247899
relusplitter,/home/elipregerson/nnenum/vnncomp2025_benchmarks/benchmarks/relusplitter/onnx/cifar_biasfield_vnncomp2022_cifar_bias_field_52.onnx,/home/elipregerson/nnenum/vnncomp2025_benchmarks/benchmarks/relusplitter/vnnlib/cifar_biasfield_vnncomp2022_prop_52.vnnlib,.006009410,error_exit_code_1,.546518349
relusplitter,/home/elipregerson/nnenum/vnncomp2025_benchmarks/benchmarks/relusplitter/onnx/cifar_biasfield_vnncomp2022_cifar_bias_field_52_RSPLITTER_cifar_biasfield_vnncomp2022_prop_52.onnx,/home/elipregerson/nnenum/vnncomp2025_benchmarks/benchmarks/relusplitter/vnnlib/cifar_biasfield_vnncomp2022_prop_52.vnnlib,.009225336,error_exit_code_1,.560922241
relusplitter,/home/elipregerson/nnenum/vnncomp2025_benchmarks/benchmarks/relusplitter/onnx/cifar_biasfield_vnncomp2022_cifar_bias_field_60.onnx,/home/elipregerson/nnenum/vnncomp2025_benchmarks/benchmarks/relusplitter/vnnlib/cifar_biasfield_vnncomp2022_prop_60.vnnlib,.006034416,error_exit_code_1,.542077211
relusplitter,/home/elipregerson/nnenum/vnncomp2025_benchmarks/benchmarks/relusplitter/onnx/cifar_biasfield_vnncomp2022_cifar_bias_field_60_RSPLITTER_cifar_biasfield_vnncomp2022_prop_60.onnx,/home/elipregerson/nnenum/vnncomp2025_benchmarks/benchmarks/relusplitter/vnnlib/cifar_biasfield_vnncomp2022_prop_60.vnnlib,.005999996,error_exit_code_1,.539554110
relusplitter,/home/elipregerson/nnenum/vnncomp2025_benchmarks/benchmarks/relusplitter/onnx/cifar_biasfield_vnncomp2022_cifar_bias_field_12.onnx,/home/elipregerson/nnenum/vnncomp2025_benchmarks/benchmarks/relusplitter/vnnlib/cifar_biasfield_vnncomp2022_prop_12.vnnlib,.005913883,error_exit_code_1,.536677869
relusplitter,/home/elipregerson/nnenum/vnncomp2025_benchmarks/benchmarks/relusplitter/onnx/cifar_biasfield_vnncomp2022_cifar_bias_field_12_RSPLITTER_cifar_biasfield_vnncomp2022_prop_12.onnx,/home/elipregerson/nnenum/vnncomp2025_benchmarks/benchmarks/relusplitter/vnnlib/cifar_biasfield_vnncomp2022_prop_12.vnnlib,.006071855,error_exit_code_1,.562378843
relusplitter,/home/elipregerson/nnenum/vnncomp2025_benchmarks/benchmarks/relusplitter/onnx/cifar_biasfield_vnncomp2022_cifar_bias_field_17.onnx,/home/elipregerson/nnenum/vnncomp2025_benchmarks/benchmarks/relusplitter/vnnlib/cifar_biasfield_vnncomp2022_prop_17.vnnlib,.006025481,error_exit_code_1,.571214918
relusplitter,/home/elipregerson/nnenum/vnncomp2025_benchmarks/benchmarks/relusplitter/onnx/cifar_biasfield_vnncomp2022_cifar_bias_field_17_RSPLITTER_cifar_biasfield_vnncomp2022_prop_17.onnx,/home/elipregerson/nnenum/vnncomp2025_benchmarks/benchmarks/relusplitter/vnnlib/cifar_biasfield_vnncomp2022_prop_17.vnnlib,.006320344,error_exit_code_1,.537264416
relusplitter,/home/elipregerson/nnenum/vnncomp2025_benchmarks/benchmarks/relusplitter/onnx/cifar_biasfield_vnncomp2022_cifar_bias_field_0.onnx,/home/elipregerson/nnenum/vnncomp2025_benchmarks/benchmarks/relusplitter/vnnlib/cifar_biasfield_vnncomp2022_prop_0.vnnlib,.006004904,error_exit_code_1,.536040395
relusplitter,/home/elipregerson/nnenum/vnncomp2025_benchmarks/benchmarks/relusplitter/onnx/cifar_biasfield_vnncomp2022_cifar_bias_field_0_RSPLITTER_cifar_biasfield_vnncomp2022_prop_0.onnx,/home/elipregerson/nnenum/vnncomp2025_benchmarks/benchmarks/relusplitter/vnnlib/cifar_biasfield_vnncomp2022_prop_0.vnnlib,.005977854,error_exit_code_1,.567546036
relusplitter,/home/elipregerson/nnenum/vnncomp2025_benchmarks/benchmarks/test/onnx/test_nano.onnx,/home/elipregerson/nnenum/vnncomp2025_benchmarks/benchmarks/test/vnnlib/test_nano.vnnlib,.006648290,error_exit_code_1,.575086886
safenlp_2024,/home/elipregerson/nnenum/vnncomp2025_benchmarks/benchmarks/safenlp_2024/onnx/medical/perturbations_0.onnx,/home/elipregerson/nnenum/vnncomp2025_benchmarks/benchmarks/safenlp_2024/vnnlib/medical/hyperrectangle_418.vnnlib,.006023559,sat,.697424242
safenlp_2024,/home/elipregerson/nnenum/vnncomp2025_benchmarks/benchmarks/safenlp_2024/onnx/ruarobot/perturbations_0.onnx,/home/elipregerson/nnenum/vnncomp2025_benchmarks/benchmarks/safenlp_2024/vnnlib/ruarobot/hyperrectangle_992.vnnlib,.006103435,timeout,20.592975976
safenlp_2024,/home/elipregerson/nnenum/vnncomp2025_benchmarks/benchmarks/safenlp_2024/onnx/ruarobot/perturbations_0.onnx,/home/elipregerson/nnenum/vnncomp2025_benchmarks/benchmarks/safenlp_2024/vnnlib/ruarobot/hyperrectangle_132.vnnlib,.009615628,sat,.775109822
safenlp_2024,/home/elipregerson/nnenum/vnncomp2025_benchmarks/benchmarks/safenlp_2024/onnx/ruarobot/perturbations_0.onnx,/home/elipregerson/nnenum/vnncomp2025_benchmarks/benchmarks/safenlp_2024/vnnlib/ruarobot/hyperrectangle_2674.vnnlib,.006119258,timeout,20.586072517
safenlp_2024,/home/elipregerson/nnenum/vnncomp2025_benchmarks/benchmarks/safenlp_2024/onnx/medical/perturbations_0.onnx,/home/elipregerson/nnenum/vnncomp2025_benchmarks/benchmarks/safenlp_2024/vnnlib/medical/hyperrectangle_2839.vnnlib,.006008977,unsat,.625962332
safenlp_2024,/home/elipregerson/nnenum/vnncomp2025_benchmarks/benchmarks/safenlp_2024/onnx/ruarobot/perturbations_0.onnx,/home/elipregerson/nnenum/vnncomp2025_benchmarks/benchmarks/safenlp_2024/vnnlib/ruarobot/hyperrectangle_6891.vnnlib,.006183585,sat,.684999705
safenlp_2024,/home/elipregerson/nnenum/vnncomp2025_benchmarks/benchmarks/safenlp_2024/onnx/ruarobot/perturbations_0.onnx,/home/elipregerson/nnenum/vnncomp2025_benchmarks/benchmarks/safenlp_2024/vnnlib/ruarobot/hyperrectangle_1921.vnnlib,.006188486,sat,.655551377
safenlp_2024,/home/elipregerson/nnenum/vnncomp2025_benchmarks/benchmarks/safenlp_2024/onnx/ruarobot/perturbations_0.onnx,/home/elipregerson/nnenum/vnncomp2025_benchmarks/benchmarks/safenlp_2024/vnnlib/ruarobot/hyperrectangle_3558.vnnlib,.006104173,timeout,20.573208188
safenlp_2024,/home/elipregerson/nnenum/vnncomp2025_benchmarks/benchmarks/safenlp_2024/onnx/medical/perturbations_0.onnx,/home/elipregerson/nnenum/vnncomp2025_benchmarks/benchmarks/safenlp_2024/vnnlib/medical/hyperrectangle_2884.vnnlib,.005954473,unsat,.606910786
safenlp_2024,/home/elipregerson/nnenum/vnncomp2025_benchmarks/benchmarks/safenlp_2024/onnx/ruarobot/perturbations_0.onnx,/home/elipregerson/nnenum/vnncomp2025_benchmarks/benchmarks/safenlp_2024/vnnlib/ruarobot/hyperrectangle_6394.vnnlib,.005904849,unsat,.976545312
safenlp_2024,/home/elipregerson/nnenum/vnncomp2025_benchmarks/benchmarks/safenlp_2024/onnx/medical/perturbations_0.onnx,/home/elipregerson/nnenum/vnncomp2025_benchmarks/benchmarks/safenlp_2024/vnnlib/medical/hyperrectangle_2330.vnnlib,.006201595,unsat,.932247037
safenlp_2024,/home/elipregerson/nnenum/vnncomp2025_benchmarks/benchmarks/safenlp_2024/onnx/medical/perturbations_0.onnx,/home/elipregerson/nnenum/vnncomp2025_benchmarks/benchmarks/safenlp_2024/vnnlib/medical/hyperrectangle_2626.vnnlib,.006041959,unsat,.778250207
safenlp_2024,/home/elipregerson/nnenum/vnncomp2025_benchmarks/benchmarks/safenlp_2024/onnx/ruarobot/perturbations_0.onnx,/home/elipregerson/nnenum/vnncomp2025_benchmarks/benchmarks/safenlp_2024/vnnlib/ruarobot/hyperrectangle_3536.vnnlib,.005921446,sat,.675870186
safenlp_2024,/home/elipregerson/nnenum/vnncomp2025_benchmarks/benchmarks/safenlp_2024/onnx/ruarobot/perturbations_0.onnx,/home/elipregerson/nnenum/vnncomp2025_benchmarks/benchmarks/safenlp_2024/vnnlib/ruarobot/hyperrectangle_5651.vnnlib,.006302447,sat,.654356924
safenlp_2024,/home/elipregerson/nnenum/vnncomp2025_benchmarks/benchmarks/safenlp_2024/onnx/ruarobot/perturbations_0.onnx,/home/elipregerson/nnenum/vnncomp2025_benchmarks/benchmarks/safenlp_2024/vnnlib/ruarobot/hyperrectangle_4032.vnnlib,.006013599,sat,.725852972
safenlp_2024,/home/elipregerson/nnenum/vnncomp2025_benchmarks/benchmarks/safenlp_2024/onnx/ruarobot/perturbations_0.onnx,/home/elipregerson/nnenum/vnncomp2025_benchmarks/benchmarks/safenlp_2024/vnnlib/ruarobot/hyperrectangle_6209.vnnlib,.006478472,sat,.733771749
safenlp_2024,/home/elipregerson/nnenum/vnncomp2025_benchmarks/benchmarks/safenlp_2024/onnx/medical/perturbations_0.onnx,/home/elipregerson/nnenum/vnncomp2025_benchmarks/benchmarks/safenlp_2024/vnnlib/medical/hyperrectangle_1590.vnnlib,.006148164,unsat,.628068418
safenlp_2024,/home/elipregerson/nnenum/vnncomp2025_benchmarks/benchmarks/safenlp_2024/onnx/ruarobot/perturbations_0.onnx,/home/elipregerson/nnenum/vnncomp2025_benchmarks/benchmarks/safenlp_2024/vnnlib/ruarobot/hyperrectangle_2411.vnnlib,.006357109,sat,.774449175
safenlp_2024,/home/elipregerson/nnenum/vnncomp2025_benchmarks/benchmarks/safenlp_2024/onnx/medical/perturbations_0.onnx,/home/elipregerson/nnenum/vnncomp2025_benchmarks/benchmarks/safenlp_2024/vnnlib/medical/hyperrectangle_83.vnnlib,.006274837,unsat,1.351255175
safenlp_2024,/home/elipregerson/nnenum/vnncomp2025_benchmarks/benchmarks/safenlp_2024/onnx/ruarobot/perturbations_0.onnx,/home/elipregerson/nnenum/vnncomp2025_benchmarks/benchmarks/safenlp_2024/vnnlib/ruarobot/hyperrectangle_706.vnnlib,.005971920,sat,.643014194
safenlp_2024,/home/elipregerson/nnenum/vnncomp2025_benchmarks/benchmarks/safenlp_2024/onnx/ruarobot/perturbations_0.onnx,/home/elipregerson/nnenum/vnncomp2025_benchmarks/benchmarks/safenlp_2024/vnnlib/ruarobot/hyperrectangle_2809.vnnlib,.006094339,sat,.636169376
safenlp_2024,/home/elipregerson/nnenum/vnncomp2025_benchmarks/benchmarks/safenlp_2024/onnx/ruarobot/perturbations_0.onnx,/home/elipregerson/nnenum/vnncomp2025_benchmarks/benchmarks/safenlp_2024/vnnlib/ruarobot/hyperrectangle_1889.vnnlib,.006040174,timeout,20.558434560
safenlp_2024,/home/elipregerson/nnenum/vnncomp2025_benchmarks/benchmarks/safenlp_2024/onnx/medical/perturbations_0.onnx,/home/elipregerson/nnenum/vnncomp2025_benchmarks/benchmarks/safenlp_2024/vnnlib/medical/hyperrectangle_1255.vnnlib,.005961700,unsat,.591665367
safenlp_2024,/home/elipregerson/nnenum/vnncomp2025_benchmarks/benchmarks/safenlp_2024/onnx/ruarobot/perturbations_0.onnx,/home/elipregerson/nnenum/vnncomp2025_benchmarks/benchmarks/safenlp_2024/vnnlib/ruarobot/hyperrectangle_486.vnnlib,.006105970,sat,.628409841
safenlp_2024,/home/elipregerson/nnenum/vnncomp2025_benchmarks/benchmarks/safenlp_2024/onnx/ruarobot/perturbations_0.onnx,/home/elipregerson/nnenum/vnncomp2025_benchmarks/benchmarks/safenlp_2024/vnnlib/ruarobot/hyperrectangle_6440.vnnlib,.006100076,sat,.647181526
safenlp_2024,/home/elipregerson/nnenum/vnncomp2025_benchmarks/benchmarks/safenlp_2024/onnx/medical/perturbations_0.onnx,/home/elipregerson/nnenum/vnncomp2025_benchmarks/benchmarks/safenlp_2024/vnnlib/medical/hyperrectangle_162.vnnlib,.005953928,unsat,2.359758765
safenlp_2024,/home/elipregerson/nnenum/vnncomp2025_benchmarks/benchmarks/safenlp_2024/onnx/medical/perturbations_0.onnx,/home/elipregerson/nnenum/vnncomp2025_benchmarks/benchmarks/safenlp_2024/vnnlib/medical/hyperrectangle_1899.vnnlib,.006060265,unsat,.599689615
safenlp_2024,/home/elipregerson/nnenum/vnncomp2025_benchmarks/benchmarks/safenlp_2024/onnx/medical/perturbations_0.onnx,/home/elipregerson/nnenum/vnncomp2025_benchmarks/benchmarks/safenlp_2024/vnnlib/medical/hyperrectangle_2660.vnnlib,.006104786,sat,.646806607
safenlp_2024,/home/elipregerson/nnenum/vnncomp2025_benchmarks/benchmarks/safenlp_2024/onnx/medical/perturbations_0.onnx,/home/elipregerson/nnenum/vnncomp2025_benchmarks/benchmarks/safenlp_2024/vnnlib/medical/hyperrectangle_2421.vnnlib,.006153822,unsat,2.686868081
safenlp_2024,/home/elipregerson/nnenum/vnncomp2025_benchmarks/benchmarks/safenlp_2024/onnx/ruarobot/perturbations_0.onnx,/home/elipregerson/nnenum/vnncomp2025_benchmarks/benchmarks/safenlp_2024/vnnlib/ruarobot/hyperrectangle_883.vnnlib,.006165240,sat,.661452926
safenlp_2024,/home/elipregerson/nnenum/vnncomp2025_benchmarks/benchmarks/safenlp_2024/onnx/ruarobot/perturbations_0.onnx,/home/elipregerson/nnenum/vnncomp2025_benchmarks/benchmarks/safenlp_2024/vnnlib/ruarobot/hyperrectangle_1268.vnnlib,.006135510,sat,.654404707
safenlp_2024,/home/elipregerson/nnenum/vnncomp2025_benchmarks/benchmarks/safenlp_2024/onnx/ruarobot/perturbations_0.onnx,/home/elipregerson/nnenum/vnncomp2025_benchmarks/benchmarks/safenlp_2024/vnnlib/ruarobot/hyperrectangle_956.vnnlib,.005919162,sat,.642431185
safenlp_2024,/home/elipregerson/nnenum/vnncomp2025_benchmarks/benchmarks/safenlp_2024/onnx/ruarobot/perturbations_0.onnx,/home/elipregerson/nnenum/vnncomp2025_benchmarks/benchmarks/safenlp_2024/vnnlib/ruarobot/hyperrectangle_859.vnnlib,.006028191,unsat,.907764333
safenlp_2024,/home/elipregerson/nnenum/vnncomp2025_benchmarks/benchmarks/safenlp_2024/onnx/ruarobot/perturbations_0.onnx,/home/elipregerson/nnenum/vnncomp2025_benchmarks/benchmarks/safenlp_2024/vnnlib/ruarobot/hyperrectangle_3159.vnnlib,.006066149,unsat,.597629103
safenlp_2024,/home/elipregerson/nnenum/vnncomp2025_benchmarks/benchmarks/safenlp_2024/onnx/ruarobot/perturbations_0.onnx,/home/elipregerson/nnenum/vnncomp2025_benchmarks/benchmarks/safenlp_2024/vnnlib/ruarobot/hyperrectangle_6504.vnnlib,.006110367,sat,.655468874
safenlp_2024,/home/elipregerson/nnenum/vnncomp2025_benchmarks/benchmarks/safenlp_2024/onnx/ruarobot/perturbations_0.onnx,/home/elipregerson/nnenum/vnncomp2025_benchmarks/benchmarks/safenlp_2024/vnnlib/ruarobot/hyperrectangle_6856.vnnlib,.005997707,sat,.648520388
safenlp_2024,/home/elipregerson/nnenum/vnncomp2025_benchmarks/benchmarks/safenlp_2024/onnx/ruarobot/perturbations_0.onnx,/home/elipregerson/nnenum/vnncomp2025_benchmarks/benchmarks/safenlp_2024/vnnlib/ruarobot/hyperrectangle_1784.vnnlib,.006198768,sat,.657777994
safenlp_2024,/home/elipregerson/nnenum/vnncomp2025_benchmarks/benchmarks/safenlp_2024/onnx/medical/perturbations_0.onnx,/home/elipregerson/nnenum/vnncomp2025_benchmarks/benchmarks/safenlp_2024/vnnlib/medical/hyperrectangle_990.vnnlib,.006444411,unsat,.598630078
safenlp_2024,/home/elipregerson/nnenum/vnncomp2025_benchmarks/benchmarks/safenlp_2024/onnx/ruarobot/perturbations_0.onnx,/home/elipregerson/nnenum/vnncomp2025_benchmarks/benchmarks/safenlp_2024/vnnlib/ruarobot/hyperrectangle_3147.vnnlib,.006051685,sat,.642781493
safenlp_2024,/home/elipregerson/nnenum/vnncomp2025_benchmarks/benchmarks/safenlp_2024/onnx/ruarobot/perturbations_0.onnx,/home/elipregerson/nnenum/vnncomp2025_benchmarks/benchmarks/safenlp_2024/vnnlib/ruarobot/hyperrectangle_3493.vnnlib,.006073776,sat,.704398284
safenlp_2024,/home/elipregerson/nnenum/vnncomp2025_benchmarks/benchmarks/safenlp_2024/onnx/ruarobot/perturbations_0.onnx,/home/elipregerson/nnenum/vnncomp2025_benchmarks/benchmarks/safenlp_2024/vnnlib/ruarobot/hyperrectangle_2470.vnnlib,.005883718,sat,.632474994
safenlp_2024,/home/elipregerson/nnenum/vnncomp2025_benchmarks/benchmarks/safenlp_2024/onnx/ruarobot/perturbations_0.onnx,/home/elipregerson/nnenum/vnncomp2025_benchmarks/benchmarks/safenlp_2024/vnnlib/ruarobot/hyperrectangle_522.vnnlib,.006109913,sat,.652715312
safenlp_2024,/home/elipregerson/nnenum/vnncomp2025_benchmarks/benchmarks/safenlp_2024/onnx/ruarobot/perturbations_0.onnx,/home/elipregerson/nnenum/vnncomp2025_benchmarks/benchmarks/safenlp_2024/vnnlib/ruarobot/hyperrectangle_2267.vnnlib,.005954381,unsat,.670245060
safenlp_2024,/home/elipregerson/nnenum/vnncomp2025_benchmarks/benchmarks/safenlp_2024/onnx/ruarobot/perturbations_0.onnx,/home/elipregerson/nnenum/vnncomp2025_benchmarks/benchmarks/safenlp_2024/vnnlib/ruarobot/hyperrectangle_3997.vnnlib,.006037285,unsat,1.691389240
safenlp_2024,/home/elipregerson/nnenum/vnncomp2025_benchmarks/benchmarks/safenlp_2024/onnx/ruarobot/perturbations_0.onnx,/home/elipregerson/nnenum/vnncomp2025_benchmarks/benchmarks/safenlp_2024/vnnlib/ruarobot/hyperrectangle_1181.vnnlib,.006171785,timeout,20.562155386
safenlp_2024,/home/elipregerson/nnenum/vnncomp2025_benchmarks/benchmarks/safenlp_2024/onnx/ruarobot/perturbations_0.onnx,/home/elipregerson/nnenum/vnncomp2025_benchmarks/benchmarks/safenlp_2024/vnnlib/ruarobot/hyperrectangle_7614.vnnlib,.006066453,unsat,.885341231
safenlp_2024,/home/elipregerson/nnenum/vnncomp2025_benchmarks/benchmarks/safenlp_2024/onnx/ruarobot/perturbations_0.onnx,/home/elipregerson/nnenum/vnncomp2025_benchmarks/benchmarks/safenlp_2024/vnnlib/ruarobot/hyperrectangle_5876.vnnlib,.006155319,sat,.733127131
safenlp_2024,/home/elipregerson/nnenum/vnncomp2025_benchmarks/benchmarks/safenlp_2024/onnx/medical/perturbations_0.onnx,/home/elipregerson/nnenum/vnncomp2025_benchmarks/benchmarks/safenlp_2024/vnnlib/medical/hyperrectangle_2375.vnnlib,.006231453,sat,.645455643
safenlp_2024,/home/elipregerson/nnenum/vnncomp2025_benchmarks/benchmarks/safenlp_2024/onnx/ruarobot/perturbations_0.onnx,/home/elipregerson/nnenum/vnncomp2025_benchmarks/benchmarks/safenlp_2024/vnnlib/ruarobot/hyperrectangle_6566.vnnlib,.006003654,unsat,.610203286
safenlp_2024,/home/elipregerson/nnenum/vnncomp2025_benchmarks/benchmarks/safenlp_2024/onnx/ruarobot/perturbations_0.onnx,/home/elipregerson/nnenum/vnncomp2025_benchmarks/benchmarks/safenlp_2024/vnnlib/ruarobot/hyperrectangle_6800.vnnlib,.006197645,sat,.662680329
safenlp_2024,/home/elipregerson/nnenum/vnncomp2025_benchmarks/benchmarks/safenlp_2024/onnx/ruarobot/perturbations_0.onnx,/home/elipregerson/nnenum/vnncomp2025_benchmarks/benchmarks/safenlp_2024/vnnlib/ruarobot/hyperrectangle_4389.vnnlib,.005992615,sat,.646682862
safenlp_2024,/home/elipregerson/nnenum/vnncomp2025_benchmarks/benchmarks/safenlp_2024/onnx/ruarobot/perturbations_0.onnx,/home/elipregerson/nnenum/vnncomp2025_benchmarks/benchmarks/safenlp_2024/vnnlib/ruarobot/hyperrectangle_7014.vnnlib,.005893479,sat,.657874133
safenlp_2024,/home/elipregerson/nnenum/vnncomp2025_benchmarks/benchmarks/safenlp_2024/onnx/medical/perturbations_0.onnx,/home/elipregerson/nnenum/vnncomp2025_benchmarks/benchmarks/safenlp_2024/vnnlib/medical/hyperrectangle_2848.vnnlib,.006019944,sat,.668628286
safenlp_2024,/home/elipregerson/nnenum/vnncomp2025_benchmarks/benchmarks/safenlp_2024/onnx/ruarobot/perturbations_0.onnx,/home/elipregerson/nnenum/vnncomp2025_benchmarks/benchmarks/safenlp_2024/vnnlib/ruarobot/hyperrectangle_7916.vnnlib,.006240272,sat,.661327866
safenlp_2024,/home/elipregerson/nnenum/vnncomp2025_benchmarks/benchmarks/safenlp_2024/onnx/ruarobot/perturbations_0.onnx,/home/elipregerson/nnenum/vnncomp2025_benchmarks/benchmarks/safenlp_2024/vnnlib/ruarobot/hyperrectangle_4147.vnnlib,.006024753,timeout,20.548604447
safenlp_2024,/home/elipregerson/nnenum/vnncomp2025_benchmarks/benchmarks/safenlp_2024/onnx/medical/perturbations_0.onnx,/home/elipregerson/nnenum/vnncomp2025_benchmarks/benchmarks/safenlp_2024/vnnlib/medical/hyperrectangle_1953.vnnlib,.006026134,unsat,.594604794
safenlp_2024,/home/elipregerson/nnenum/vnncomp2025_benchmarks/benchmarks/safenlp_2024/onnx/ruarobot/perturbations_0.onnx,/home/elipregerson/nnenum/vnncomp2025_benchmarks/benchmarks/safenlp_2024/vnnlib/ruarobot/hyperrectangle_3918.vnnlib,.005938071,sat,.635059365
safenlp_2024,/home/elipregerson/nnenum/vnncomp2025_benchmarks/benchmarks/safenlp_2024/onnx/ruarobot/perturbations_0.onnx,/home/elipregerson/nnenum/vnncomp2025_benchmarks/benchmarks/safenlp_2024/vnnlib/ruarobot/hyperrectangle_6974.vnnlib,.007000883,sat,.808709913
safenlp_2024,/home/elipregerson/nnenum/vnncomp2025_benchmarks/benchmarks/safenlp_2024/onnx/medical/perturbations_0.onnx,/home/elipregerson/nnenum/vnncomp2025_benchmarks/benchmarks/safenlp_2024/vnnlib/medical/hyperrectangle_1874.vnnlib,.006176856,timeout,20.563440551
safenlp_2024,/home/elipregerson/nnenum/vnncomp2025_benchmarks/benchmarks/safenlp_2024/onnx/ruarobot/perturbations_0.onnx,/home/elipregerson/nnenum/vnncomp2025_benchmarks/benchmarks/safenlp_2024/vnnlib/ruarobot/hyperrectangle_2067.vnnlib,.006117288,timeout,20.570411718
safenlp_2024,/home/elipregerson/nnenum/vnncomp2025_benchmarks/benchmarks/safenlp_2024/onnx/medical/perturbations_0.onnx,/home/elipregerson/nnenum/vnncomp2025_benchmarks/benchmarks/safenlp_2024/vnnlib/medical/hyperrectangle_256.vnnlib,.005872526,unsat,.925443445
safenlp_2024,/home/elipregerson/nnenum/vnncomp2025_benchmarks/benchmarks/safenlp_2024/onnx/ruarobot/perturbations_0.onnx,/home/elipregerson/nnenum/vnncomp2025_benchmarks/benchmarks/safenlp_2024/vnnlib/ruarobot/hyperrectangle_2417.vnnlib,.005878225,sat,.698366161
safenlp_2024,/home/elipregerson/nnenum/vnncomp2025_benchmarks/benchmarks/safenlp_2024/onnx/ruarobot/perturbations_0.onnx,/home/elipregerson/nnenum/vnncomp2025_benchmarks/benchmarks/safenlp_2024/vnnlib/ruarobot/hyperrectangle_4903.vnnlib,.006282156,unsat,1.743035201
safenlp_2024,/home/elipregerson/nnenum/vnncomp2025_benchmarks/benchmarks/safenlp_2024/onnx/medical/perturbations_0.onnx,/home/elipregerson/nnenum/vnncomp2025_benchmarks/benchmarks/safenlp_2024/vnnlib/medical/hyperrectangle_2395.vnnlib,.006323372,unsat,.722537074
safenlp_2024,/home/elipregerson/nnenum/vnncomp2025_benchmarks/benchmarks/safenlp_2024/onnx/ruarobot/perturbations_0.onnx,/home/elipregerson/nnenum/vnncomp2025_benchmarks/benchmarks/safenlp_2024/vnnlib/ruarobot/hyperrectangle_6725.vnnlib,.006047906,sat,.661628308
safenlp_2024,/home/elipregerson/nnenum/vnncomp2025_benchmarks/benchmarks/safenlp_2024/onnx/ruarobot/perturbations_0.onnx,/home/elipregerson/nnenum/vnncomp2025_benchmarks/benchmarks/safenlp_2024/vnnlib/ruarobot/hyperrectangle_2997.vnnlib,.005967700,sat,.644690975
safenlp_2024,/home/elipregerson/nnenum/vnncomp2025_benchmarks/benchmarks/safenlp_2024/onnx/ruarobot/perturbations_0.onnx,/home/elipregerson/nnenum/vnncomp2025_benchmarks/benchmarks/safenlp_2024/vnnlib/ruarobot/hyperrectangle_2410.vnnlib,.005822981,sat,.644032586
safenlp_2024,/home/elipregerson/nnenum/vnncomp2025_benchmarks/benchmarks/safenlp_2024/onnx/ruarobot/perturbations_0.onnx,/home/elipregerson/nnenum/vnncomp2025_benchmarks/benchmarks/safenlp_2024/vnnlib/ruarobot/hyperrectangle_7217.vnnlib,.006076216,sat,.656560078
safenlp_2024,/home/elipregerson/nnenum/vnncomp2025_benchmarks/benchmarks/safenlp_2024/onnx/ruarobot/perturbations_0.onnx,/home/elipregerson/nnenum/vnncomp2025_benchmarks/benchmarks/safenlp_2024/vnnlib/ruarobot/hyperrectangle_7864.vnnlib,.006070999,sat,.638207217
safenlp_2024,/home/elipregerson/nnenum/vnncomp2025_benchmarks/benchmarks/safenlp_2024/onnx/ruarobot/perturbations_0.onnx,/home/elipregerson/nnenum/vnncomp2025_benchmarks/benchmarks/safenlp_2024/vnnlib/ruarobot/hyperrectangle_4364.vnnlib,.006092781,sat,.733237059
safenlp_2024,/home/elipregerson/nnenum/vnncomp2025_benchmarks/benchmarks/safenlp_2024/onnx/ruarobot/perturbations_0.onnx,/home/elipregerson/nnenum/vnncomp2025_benchmarks/benchmarks/safenlp_2024/vnnlib/ruarobot/hyperrectangle_5932.vnnlib,.006676604,sat,.700385236
safenlp_2024,/home/elipregerson/nnenum/vnncomp2025_benchmarks/benchmarks/safenlp_2024/onnx/ruarobot/perturbations_0.onnx,/home/elipregerson/nnenum/vnncomp2025_benchmarks/benchmarks/safenlp_2024/vnnlib/ruarobot/hyperrectangle_4227.vnnlib,.006445197,sat,.676291629
safenlp_2024,/home/elipregerson/nnenum/vnncomp2025_benchmarks/benchmarks/safenlp_2024/onnx/ruarobot/perturbations_0.onnx,/home/elipregerson/nnenum/vnncomp2025_benchmarks/benchmarks/safenlp_2024/vnnlib/ruarobot/hyperrectangle_653.vnnlib,.006145565,sat,.677092074
safenlp_2024,/home/elipregerson/nnenum/vnncomp2025_benchmarks/benchmarks/safenlp_2024/onnx/ruarobot/perturbations_0.onnx,/home/elipregerson/nnenum/vnncomp2025_benchmarks/benchmarks/safenlp_2024/vnnlib/ruarobot/hyperrectangle_1343.vnnlib,.006148115,sat,.681453464
safenlp_2024,/home/elipregerson/nnenum/vnncomp2025_benchmarks/benchmarks/safenlp_2024/onnx/medical/perturbations_0.onnx,/home/elipregerson/nnenum/vnncomp2025_benchmarks/benchmarks/safenlp_2024/vnnlib/medical/hyperrectangle_1324.vnnlib,.006219748,unsat,.596672328
safenlp_2024,/home/elipregerson/nnenum/vnncomp2025_benchmarks/benchmarks/safenlp_2024/onnx/medical/perturbations_0.onnx,/home/elipregerson/nnenum/vnncomp2025_benchmarks/benchmarks/safenlp_2024/vnnlib/medical/hyperrectangle_2672.vnnlib,.006025128,timeout,20.569671284
safenlp_2024,/home/elipregerson/nnenum/vnncomp2025_benchmarks/benchmarks/safenlp_2024/onnx/ruarobot/perturbations_0.onnx,/home/elipregerson/nnenum/vnncomp2025_benchmarks/benchmarks/safenlp_2024/vnnlib/ruarobot/hyperrectangle_6615.vnnlib,.009550905,sat,.673883903
safenlp_2024,/home/elipregerson/nnenum/vnncomp2025_benchmarks/benchmarks/safenlp_2024/onnx/ruarobot/perturbations_0.onnx,/home/elipregerson/nnenum/vnncomp2025_benchmarks/benchmarks/safenlp_2024/vnnlib/ruarobot/hyperrectangle_4609.vnnlib,.006060059,sat,.654088899
safenlp_2024,/home/elipregerson/nnenum/vnncomp2025_benchmarks/benchmarks/safenlp_2024/onnx/ruarobot/perturbations_0.onnx,/home/elipregerson/nnenum/vnncomp2025_benchmarks/benchmarks/safenlp_2024/vnnlib/ruarobot/hyperrectangle_1723.vnnlib,.006243996,sat,.630460595
safenlp_2024,/home/elipregerson/nnenum/vnncomp2025_benchmarks/benchmarks/safenlp_2024/onnx/ruarobot/perturbations_0.onnx,/home/elipregerson/nnenum/vnncomp2025_benchmarks/benchmarks/safenlp_2024/vnnlib/ruarobot/hyperrectangle_554.vnnlib,.005989389,sat,.647581316
safenlp_2024,/home/elipregerson/nnenum/vnncomp2025_benchmarks/benchmarks/safenlp_2024/onnx/medical/perturbations_0.onnx,/home/elipregerson/nnenum/vnncomp2025_benchmarks/benchmarks/safenlp_2024/vnnlib/medical/hyperrectangle_1835.vnnlib,.006119026,sat,.632069244
safenlp_2024,/home/elipregerson/nnenum/vnncomp2025_benchmarks/benchmarks/safenlp_2024/onnx/ruarobot/perturbations_0.onnx,/home/elipregerson/nnenum/vnncomp2025_benchmarks/benchmarks/safenlp_2024/vnnlib/ruarobot/hyperrectangle_6609.vnnlib,.006371560,sat,.644877378
safenlp_2024,/home/elipregerson/nnenum/vnncomp2025_benchmarks/benchmarks/safenlp_2024/onnx/medical/perturbations_0.onnx,/home/elipregerson/nnenum/vnncomp2025_benchmarks/benchmarks/safenlp_2024/vnnlib/medical/hyperrectangle_826.vnnlib,.006071821,unsat,.598398087
safenlp_2024,/home/elipregerson/nnenum/vnncomp2025_benchmarks/benchmarks/safenlp_2024/onnx/ruarobot/perturbations_0.onnx,/home/elipregerson/nnenum/vnncomp2025_benchmarks/benchmarks/safenlp_2024/vnnlib/ruarobot/hyperrectangle_5442.vnnlib,.006065665,sat,.642403526
safenlp_2024,/home/elipregerson/nnenum/vnncomp2025_benchmarks/benchmarks/safenlp_2024/onnx/ruarobot/perturbations_0.onnx,/home/elipregerson/nnenum/vnncomp2025_benchmarks/benchmarks/safenlp_2024/vnnlib/ruarobot/hyperrectangle_1804.vnnlib,.005940874,sat,.631652711
safenlp_2024,/home/elipregerson/nnenum/vnncomp2025_benchmarks/benchmarks/safenlp_2024/onnx/ruarobot/perturbations_0.onnx,/home/elipregerson/nnenum/vnncomp2025_benchmarks/benchmarks/safenlp_2024/vnnlib/ruarobot/hyperrectangle_7302.vnnlib,.006534977,sat,.651882640
safenlp_2024,/home/elipregerson/nnenum/vnncomp2025_benchmarks/benchmarks/safenlp_2024/onnx/ruarobot/perturbations_0.onnx,/home/elipregerson/nnenum/vnncomp2025_benchmarks/benchmarks/safenlp_2024/vnnlib/ruarobot/hyperrectangle_7248.vnnlib,.006037603,sat,.693302412
safenlp_2024,/home/elipregerson/nnenum/vnncomp2025_benchmarks/benchmarks/safenlp_2024/onnx/medical/perturbations_0.onnx,/home/elipregerson/nnenum/vnncomp2025_benchmarks/benchmarks/safenlp_2024/vnnlib/medical/hyperrectangle_1430.vnnlib,.005837440,unsat,.600711376
safenlp_2024,/home/elipregerson/nnenum/vnncomp2025_benchmarks/benchmarks/safenlp_2024/onnx/ruarobot/perturbations_0.onnx,/home/elipregerson/nnenum/vnncomp2025_benchmarks/benchmarks/safenlp_2024/vnnlib/ruarobot/hyperrectangle_1078.vnnlib,.006176723,unsat,.598085969
safenlp_2024,/home/elipregerson/nnenum/vnncomp2025_benchmarks/benchmarks/safenlp_2024/onnx/ruarobot/perturbations_0.onnx,/home/elipregerson/nnenum/vnncomp2025_benchmarks/benchmarks/safenlp_2024/vnnlib/ruarobot/hyperrectangle_2079.vnnlib,.006010159,sat,.652230718
safenlp_2024,/home/elipregerson/nnenum/vnncomp2025_benchmarks/benchmarks/safenlp_2024/onnx/ruarobot/perturbations_0.onnx,/home/elipregerson/nnenum/vnncomp2025_benchmarks/benchmarks/safenlp_2024/vnnlib/ruarobot/hyperrectangle_530.vnnlib,.005985860,sat,.824171650
safenlp_2024,/home/elipregerson/nnenum/vnncomp2025_benchmarks/benchmarks/safenlp_2024/onnx/ruarobot/perturbations_0.onnx,/home/elipregerson/nnenum/vnncomp2025_benchmarks/benchmarks/safenlp_2024/vnnlib/ruarobot/hyperrectangle_2494.vnnlib,.006203426,sat,.658803044
safenlp_2024,/home/elipregerson/nnenum/vnncomp2025_benchmarks/benchmarks/safenlp_2024/onnx/ruarobot/perturbations_0.onnx,/home/elipregerson/nnenum/vnncomp2025_benchmarks/benchmarks/safenlp_2024/vnnlib/ruarobot/hyperrectangle_7817.vnnlib,.006117627,sat,.643376489
safenlp_2024,/home/elipregerson/nnenum/vnncomp2025_benchmarks/benchmarks/safenlp_2024/onnx/medical/perturbations_0.onnx,/home/elipregerson/nnenum/vnncomp2025_benchmarks/benchmarks/safenlp_2024/vnnlib/medical/hyperrectangle_1228.vnnlib,.005835018,timeout,20.555720656
safenlp_2024,/home/elipregerson/nnenum/vnncomp2025_benchmarks/benchmarks/safenlp_2024/onnx/medical/perturbations_0.onnx,/home/elipregerson/nnenum/vnncomp2025_benchmarks/benchmarks/safenlp_2024/vnnlib/medical/hyperrectangle_141.vnnlib,.005905392,unsat,.633147052
safenlp_2024,/home/elipregerson/nnenum/vnncomp2025_benchmarks/benchmarks/safenlp_2024/onnx/medical/perturbations_0.onnx,/home/elipregerson/nnenum/vnncomp2025_benchmarks/benchmarks/safenlp_2024/vnnlib/medical/hyperrectangle_2343.vnnlib,.006354210,timeout,20.563067817
safenlp_2024,/home/elipregerson/nnenum/vnncomp2025_benchmarks/benchmarks/safenlp_2024/onnx/ruarobot/perturbations_0.onnx,/home/elipregerson/nnenum/vnncomp2025_benchmarks/benchmarks/safenlp_2024/vnnlib/ruarobot/hyperrectangle_5503.vnnlib,.005943667,sat,.632659485
safenlp_2024,/home/elipregerson/nnenum/vnncomp2025_benchmarks/benchmarks/safenlp_2024/onnx/ruarobot/perturbations_0.onnx,/home/elipregerson/nnenum/vnncomp2025_benchmarks/benchmarks/safenlp_2024/vnnlib/ruarobot/hyperrectangle_1398.vnnlib,.006209564,sat,.781986435
safenlp_2024,/home/elipregerson/nnenum/vnncomp2025_benchmarks/benchmarks/safenlp_2024/onnx/medical/perturbations_0.onnx,/home/elipregerson/nnenum/vnncomp2025_benchmarks/benchmarks/safenlp_2024/vnnlib/medical/hyperrectangle_2281.vnnlib,.006234117,sat,.644216449
safenlp_2024,/home/elipregerson/nnenum/vnncomp2025_benchmarks/benchmarks/safenlp_2024/onnx/medical/perturbations_0.onnx,/home/elipregerson/nnenum/vnncomp2025_benchmarks/benchmarks/safenlp_2024/vnnlib/medical/hyperrectangle_1001.vnnlib,.006133692,unsat,.608070380
safenlp_2024,/home/elipregerson/nnenum/vnncomp2025_benchmarks/benchmarks/safenlp_2024/onnx/medical/perturbations_0.onnx,/home/elipregerson/nnenum/vnncomp2025_benchmarks/benchmarks/safenlp_2024/vnnlib/medical/hyperrectangle_895.vnnlib,.006312915,sat,.595584809
safenlp_2024,/home/elipregerson/nnenum/vnncomp2025_benchmarks/benchmarks/safenlp_2024/onnx/medical/perturbations_0.onnx,/home/elipregerson/nnenum/vnncomp2025_benchmarks/benchmarks/safenlp_2024/vnnlib/medical/hyperrectangle_1062.vnnlib,.006086247,unsat,.605478049
safenlp_2024,/home/elipregerson/nnenum/vnncomp2025_benchmarks/benchmarks/safenlp_2024/onnx/medical/perturbations_0.onnx,/home/elipregerson/nnenum/vnncomp2025_benchmarks/benchmarks/safenlp_2024/vnnlib/medical/hyperrectangle_2188.vnnlib,.005953798,sat,.644227095
safenlp_2024,/home/elipregerson/nnenum/vnncomp2025_benchmarks/benchmarks/safenlp_2024/onnx/ruarobot/perturbations_0.onnx,/home/elipregerson/nnenum/vnncomp2025_benchmarks/benchmarks/safenlp_2024/vnnlib/ruarobot/hyperrectangle_1353.vnnlib,.006195260,sat,.634979899
safenlp_2024,/home/elipregerson/nnenum/vnncomp2025_benchmarks/benchmarks/safenlp_2024/onnx/medical/perturbations_0.onnx,/home/elipregerson/nnenum/vnncomp2025_benchmarks/benchmarks/safenlp_2024/vnnlib/medical/hyperrectangle_2389.vnnlib,.005938381,sat,.645564814
safenlp_2024,/home/elipregerson/nnenum/vnncomp2025_benchmarks/benchmarks/safenlp_2024/onnx/ruarobot/perturbations_0.onnx,/home/elipregerson/nnenum/vnncomp2025_benchmarks/benchmarks/safenlp_2024/vnnlib/ruarobot/hyperrectangle_1883.vnnlib,.006099568,sat,.641871717
safenlp_2024,/home/elipregerson/nnenum/vnncomp2025_benchmarks/benchmarks/safenlp_2024/onnx/medical/perturbations_0.onnx,/home/elipregerson/nnenum/vnncomp2025_benchmarks/benchmarks/safenlp_2024/vnnlib/medical/hyperrectangle_1875.vnnlib,.006231629,unsat,.593909430
safenlp_2024,/home/elipregerson/nnenum/vnncomp2025_benchmarks/benchmarks/safenlp_2024/onnx/ruarobot/perturbations_0.onnx,/home/elipregerson/nnenum/vnncomp2025_benchmarks/benchmarks/safenlp_2024/vnnlib/ruarobot/hyperrectangle_1607.vnnlib,.006051606,unsat,1.628292504
safenlp_2024,/home/elipregerson/nnenum/vnncomp2025_benchmarks/benchmarks/safenlp_2024/onnx/ruarobot/perturbations_0.onnx,/home/elipregerson/nnenum/vnncomp2025_benchmarks/benchmarks/safenlp_2024/vnnlib/ruarobot/hyperrectangle_3809.vnnlib,.006329383,sat,.654458839
safenlp_2024,/home/elipregerson/nnenum/vnncomp2025_benchmarks/benchmarks/safenlp_2024/onnx/ruarobot/perturbations_0.onnx,/home/elipregerson/nnenum/vnncomp2025_benchmarks/benchmarks/safenlp_2024/vnnlib/ruarobot/hyperrectangle_6317.vnnlib,.006054630,sat,.646901490
safenlp_2024,/home/elipregerson/nnenum/vnncomp2025_benchmarks/benchmarks/safenlp_2024/onnx/ruarobot/perturbations_0.onnx,/home/elipregerson/nnenum/vnncomp2025_benchmarks/benchmarks/safenlp_2024/vnnlib/ruarobot/hyperrectangle_7301.vnnlib,.005945577,sat,.699830836
safenlp_2024,/home/elipregerson/nnenum/vnncomp2025_benchmarks/benchmarks/safenlp_2024/onnx/ruarobot/perturbations_0.onnx,/home/elipregerson/nnenum/vnncomp2025_benchmarks/benchmarks/safenlp_2024/vnnlib/ruarobot/hyperrectangle_7903.vnnlib,.006139569,sat,.653387611
safenlp_2024,/home/elipregerson/nnenum/vnncomp2025_benchmarks/benchmarks/safenlp_2024/onnx/medical/perturbations_0.onnx,/home/elipregerson/nnenum/vnncomp2025_benchmarks/benchmarks/safenlp_2024/vnnlib/medical/hyperrectangle_1056.vnnlib,.006050558,unsat,.604316563
safenlp_2024,/home/elipregerson/nnenum/vnncomp2025_benchmarks/benchmarks/safenlp_2024/onnx/ruarobot/perturbations_0.onnx,/home/elipregerson/nnenum/vnncomp2025_benchmarks/benchmarks/safenlp_2024/vnnlib/ruarobot/hyperrectangle_2715.vnnlib,.006026287,sat,.644012494
safenlp_2024,/home/elipregerson/nnenum/vnncomp2025_benchmarks/benchmarks/safenlp_2024/onnx/ruarobot/perturbations_0.onnx,/home/elipregerson/nnenum/vnncomp2025_benchmarks/benchmarks/safenlp_2024/vnnlib/ruarobot/hyperrectangle_5529.vnnlib,.006043477,sat,.630511235
safenlp_2024,/home/elipregerson/nnenum/vnncomp2025_benchmarks/benchmarks/safenlp_2024/onnx/ruarobot/perturbations_0.onnx,/home/elipregerson/nnenum/vnncomp2025_benchmarks/benchmarks/safenlp_2024/vnnlib/ruarobot/hyperrectangle_5659.vnnlib,.006018022,sat,.636411519
safenlp_2024,/home/elipregerson/nnenum/vnncomp2025_benchmarks/benchmarks/safenlp_2024/onnx/medical/perturbations_0.onnx,/home/elipregerson/nnenum/vnncomp2025_benchmarks/benchmarks/safenlp_2024/vnnlib/medical/hyperrectangle_1615.vnnlib,.006075948,unsat,1.123070386
safenlp_2024,/home/elipregerson/nnenum/vnncomp2025_benchmarks/benchmarks/safenlp_2024/onnx/medical/perturbations_0.onnx,/home/elipregerson/nnenum/vnncomp2025_benchmarks/benchmarks/safenlp_2024/vnnlib/medical/hyperrectangle_1333.vnnlib,.006260383,unsat,.605836533
safenlp_2024,/home/elipregerson/nnenum/vnncomp2025_benchmarks/benchmarks/safenlp_2024/onnx/medical/perturbations_0.onnx,/home/elipregerson/nnenum/vnncomp2025_benchmarks/benchmarks/safenlp_2024/vnnlib/medical/hyperrectangle_2761.vnnlib,.006237087,sat,.638924871
safenlp_2024,/home/elipregerson/nnenum/vnncomp2025_benchmarks/benchmarks/safenlp_2024/onnx/medical/perturbations_0.onnx,/home/elipregerson/nnenum/vnncomp2025_benchmarks/benchmarks/safenlp_2024/vnnlib/medical/hyperrectangle_2116.vnnlib,.006051998,unsat,.589555858
safenlp_2024,/home/elipregerson/nnenum/vnncomp2025_benchmarks/benchmarks/safenlp_2024/onnx/ruarobot/perturbations_0.onnx,/home/elipregerson/nnenum/vnncomp2025_benchmarks/benchmarks/safenlp_2024/vnnlib/ruarobot/hyperrectangle_6558.vnnlib,.006064778,sat,.646502928
safenlp_2024,/home/elipregerson/nnenum/vnncomp2025_benchmarks/benchmarks/safenlp_2024/onnx/ruarobot/perturbations_0.onnx,/home/elipregerson/nnenum/vnncomp2025_benchmarks/benchmarks/safenlp_2024/vnnlib/ruarobot/hyperrectangle_7069.vnnlib,.006158382,unsat,.586595967
safenlp_2024,/home/elipregerson/nnenum/vnncomp2025_benchmarks/benchmarks/safenlp_2024/onnx/ruarobot/perturbations_0.onnx,/home/elipregerson/nnenum/vnncomp2025_benchmarks/benchmarks/safenlp_2024/vnnlib/ruarobot/hyperrectangle_2893.vnnlib,.005987461,sat,1.185612525
safenlp_2024,/home/elipregerson/nnenum/vnncomp2025_benchmarks/benchmarks/safenlp_2024/onnx/ruarobot/perturbations_0.onnx,/home/elipregerson/nnenum/vnncomp2025_benchmarks/benchmarks/safenlp_2024/vnnlib/ruarobot/hyperrectangle_7704.vnnlib,.006119971,sat,.606823316
safenlp_2024,/home/elipregerson/nnenum/vnncomp2025_benchmarks/benchmarks/safenlp_2024/onnx/ruarobot/perturbations_0.onnx,/home/elipregerson/nnenum/vnncomp2025_benchmarks/benchmarks/safenlp_2024/vnnlib/ruarobot/hyperrectangle_5109.vnnlib,.006132260,sat,.654205639
safenlp_2024,/home/elipregerson/nnenum/vnncomp2025_benchmarks/benchmarks/safenlp_2024/onnx/ruarobot/perturbations_0.onnx,/home/elipregerson/nnenum/vnncomp2025_benchmarks/benchmarks/safenlp_2024/vnnlib/ruarobot/hyperrectangle_1099.vnnlib,.006044026,unsat,10.578105991
safenlp_2024,/home/elipregerson/nnenum/vnncomp2025_benchmarks/benchmarks/safenlp_2024/onnx/medical/perturbations_0.onnx,/home/elipregerson/nnenum/vnncomp2025_benchmarks/benchmarks/safenlp_2024/vnnlib/medical/hyperrectangle_797.vnnlib,.011500584,unsat,5.372764124
safenlp_2024,/home/elipregerson/nnenum/vnncomp2025_benchmarks/benchmarks/safenlp_2024/onnx/ruarobot/perturbations_0.onnx,/home/elipregerson/nnenum/vnncomp2025_benchmarks/benchmarks/safenlp_2024/vnnlib/ruarobot/hyperrectangle_4701.vnnlib,.011605767,timeout,20.591367361
safenlp_2024,/home/elipregerson/nnenum/vnncomp2025_benchmarks/benchmarks/safenlp_2024/onnx/ruarobot/perturbations_0.onnx,/home/elipregerson/nnenum/vnncomp2025_benchmarks/benchmarks/safenlp_2024/vnnlib/ruarobot/hyperrectangle_7070.vnnlib,.006064995,sat,.642370287
safenlp_2024,/home/elipregerson/nnenum/vnncomp2025_benchmarks/benchmarks/safenlp_2024/onnx/ruarobot/perturbations_0.onnx,/home/elipregerson/nnenum/vnncomp2025_benchmarks/benchmarks/safenlp_2024/vnnlib/ruarobot/hyperrectangle_3290.vnnlib,.006169839,sat,.633888826
safenlp_2024,/home/elipregerson/nnenum/vnncomp2025_benchmarks/benchmarks/safenlp_2024/onnx/medical/perturbations_0.onnx,/home/elipregerson/nnenum/vnncomp2025_benchmarks/benchmarks/safenlp_2024/vnnlib/medical/hyperrectangle_2431.vnnlib,.005968341,sat,.650050953
safenlp_2024,/home/elipregerson/nnenum/vnncomp2025_benchmarks/benchmarks/safenlp_2024/onnx/ruarobot/perturbations_0.onnx,/home/elipregerson/nnenum/vnncomp2025_benchmarks/benchmarks/safenlp_2024/vnnlib/ruarobot/hyperrectangle_6213.vnnlib,.006112466,sat,.642691315
safenlp_2024,/home/elipregerson/nnenum/vnncomp2025_benchmarks/benchmarks/safenlp_2024/onnx/ruarobot/perturbations_0.onnx,/home/elipregerson/nnenum/vnncomp2025_benchmarks/benchmarks/safenlp_2024/vnnlib/ruarobot/hyperrectangle_5257.vnnlib,.006137828,sat,.644885377
safenlp_2024,/home/elipregerson/nnenum/vnncomp2025_benchmarks/benchmarks/safenlp_2024/onnx/ruarobot/perturbations_0.onnx,/home/elipregerson/nnenum/vnncomp2025_benchmarks/benchmarks/safenlp_2024/vnnlib/ruarobot/hyperrectangle_5612.vnnlib,.005924207,sat,.607150173
safenlp_2024,/home/elipregerson/nnenum/vnncomp2025_benchmarks/benchmarks/safenlp_2024/onnx/medical/perturbations_0.onnx,/home/elipregerson/nnenum/vnncomp2025_benchmarks/benchmarks/safenlp_2024/vnnlib/medical/hyperrectangle_2812.vnnlib,.006035165,unsat,.599845092
safenlp_2024,/home/elipregerson/nnenum/vnncomp2025_benchmarks/benchmarks/safenlp_2024/onnx/ruarobot/perturbations_0.onnx,/home/elipregerson/nnenum/vnncomp2025_benchmarks/benchmarks/safenlp_2024/vnnlib/ruarobot/hyperrectangle_5207.vnnlib,.005960437,sat,.645519763
safenlp_2024,/home/elipregerson/nnenum/vnncomp2025_benchmarks/benchmarks/safenlp_2024/onnx/ruarobot/perturbations_0.onnx,/home/elipregerson/nnenum/vnncomp2025_benchmarks/benchmarks/safenlp_2024/vnnlib/ruarobot/hyperrectangle_6184.vnnlib,.006003462,unsat,.601423210
safenlp_2024,/home/elipregerson/nnenum/vnncomp2025_benchmarks/benchmarks/safenlp_2024/onnx/ruarobot/perturbations_0.onnx,/home/elipregerson/nnenum/vnncomp2025_benchmarks/benchmarks/safenlp_2024/vnnlib/ruarobot/hyperrectangle_614.vnnlib,.006057895,sat,.738086136
safenlp_2024,/home/elipregerson/nnenum/vnncomp2025_benchmarks/benchmarks/safenlp_2024/onnx/medical/perturbations_0.onnx,/home/elipregerson/nnenum/vnncomp2025_benchmarks/benchmarks/safenlp_2024/vnnlib/medical/hyperrectangle_2674.vnnlib,.006028126,unsat,.597509944
safenlp_2024,/home/elipregerson/nnenum/vnncomp2025_benchmarks/benchmarks/safenlp_2024/onnx/medical/perturbations_0.onnx,/home/elipregerson/nnenum/vnncomp2025_benchmarks/benchmarks/safenlp_2024/vnnlib/medical/hyperrectangle_2083.vnnlib,.006398011,sat,.638351493
safenlp_2024,/home/elipregerson/nnenum/vnncomp2025_benchmarks/benchmarks/safenlp_2024/onnx/ruarobot/perturbations_0.onnx,/home/elipregerson/nnenum/vnncomp2025_benchmarks/benchmarks/safenlp_2024/vnnlib/ruarobot/hyperrectangle_2082.vnnlib,.006035773,sat,.637666467
safenlp_2024,/home/elipregerson/nnenum/vnncomp2025_benchmarks/benchmarks/safenlp_2024/onnx/medical/perturbations_0.onnx,/home/elipregerson/nnenum/vnncomp2025_benchmarks/benchmarks/safenlp_2024/vnnlib/medical/hyperrectangle_2648.vnnlib,.006039976,timeout,20.543302482
safenlp_2024,/home/elipregerson/nnenum/vnncomp2025_benchmarks/benchmarks/safenlp_2024/onnx/ruarobot/perturbations_0.onnx,/home/elipregerson/nnenum/vnncomp2025_benchmarks/benchmarks/safenlp_2024/vnnlib/ruarobot/hyperrectangle_4088.vnnlib,.005987130,unsat,1.241870903
safenlp_2024,/home/elipregerson/nnenum/vnncomp2025_benchmarks/benchmarks/safenlp_2024/onnx/ruarobot/perturbations_0.onnx,/home/elipregerson/nnenum/vnncomp2025_benchmarks/benchmarks/safenlp_2024/vnnlib/ruarobot/hyperrectangle_2404.vnnlib,.006228546,sat,.595357144
safenlp_2024,/home/elipregerson/nnenum/vnncomp2025_benchmarks/benchmarks/safenlp_2024/onnx/medical/perturbations_0.onnx,/home/elipregerson/nnenum/vnncomp2025_benchmarks/benchmarks/safenlp_2024/vnnlib/medical/hyperrectangle_1063.vnnlib,.005993542,unsat,.593609778
safenlp_2024,/home/elipregerson/nnenum/vnncomp2025_benchmarks/benchmarks/safenlp_2024/onnx/ruarobot/perturbations_0.onnx,/home/elipregerson/nnenum/vnncomp2025_benchmarks/benchmarks/safenlp_2024/vnnlib/ruarobot/hyperrectangle_4921.vnnlib,.006004760,sat,.641491135
safenlp_2024,/home/elipregerson/nnenum/vnncomp2025_benchmarks/benchmarks/safenlp_2024/onnx/medical/perturbations_0.onnx,/home/elipregerson/nnenum/vnncomp2025_benchmarks/benchmarks/safenlp_2024/vnnlib/medical/hyperrectangle_377.vnnlib,.006087503,unsat,.589779700
safenlp_2024,/home/elipregerson/nnenum/vnncomp2025_benchmarks/benchmarks/safenlp_2024/onnx/ruarobot/perturbations_0.onnx,/home/elipregerson/nnenum/vnncomp2025_benchmarks/benchmarks/safenlp_2024/vnnlib/ruarobot/hyperrectangle_3093.vnnlib,.006299054,sat,.638478848
safenlp_2024,/home/elipregerson/nnenum/vnncomp2025_benchmarks/benchmarks/safenlp_2024/onnx/ruarobot/perturbations_0.onnx,/home/elipregerson/nnenum/vnncomp2025_benchmarks/benchmarks/safenlp_2024/vnnlib/ruarobot/hyperrectangle_3130.vnnlib,.006223061,timeout,20.549283154
safenlp_2024,/home/elipregerson/nnenum/vnncomp2025_benchmarks/benchmarks/safenlp_2024/onnx/ruarobot/perturbations_0.onnx,/home/elipregerson/nnenum/vnncomp2025_benchmarks/benchmarks/safenlp_2024/vnnlib/ruarobot/hyperrectangle_41.vnnlib,.006130727,sat,.637448828
safenlp_2024,/home/elipregerson/nnenum/vnncomp2025_benchmarks/benchmarks/safenlp_2024/onnx/medical/perturbations_0.onnx,/home/elipregerson/nnenum/vnncomp2025_benchmarks/benchmarks/safenlp_2024/vnnlib/medical/hyperrectangle_1322.vnnlib,.006065093,unsat,.589333019
safenlp_2024,/home/elipregerson/nnenum/vnncomp2025_benchmarks/benchmarks/safenlp_2024/onnx/ruarobot/perturbations_0.onnx,/home/elipregerson/nnenum/vnncomp2025_benchmarks/benchmarks/safenlp_2024/vnnlib/ruarobot/hyperrectangle_4795.vnnlib,.005959192,timeout,20.548291986
safenlp_2024,/home/elipregerson/nnenum/vnncomp2025_benchmarks/benchmarks/safenlp_2024/onnx/ruarobot/perturbations_0.onnx,/home/elipregerson/nnenum/vnncomp2025_benchmarks/benchmarks/safenlp_2024/vnnlib/ruarobot/hyperrectangle_4785.vnnlib,.005946977,unsat,1.610953835
safenlp_2024,/home/elipregerson/nnenum/vnncomp2025_benchmarks/benchmarks/safenlp_2024/onnx/ruarobot/perturbations_0.onnx,/home/elipregerson/nnenum/vnncomp2025_benchmarks/benchmarks/safenlp_2024/vnnlib/ruarobot/hyperrectangle_80.vnnlib,.006111233,sat,.656725809
safenlp_2024,/home/elipregerson/nnenum/vnncomp2025_benchmarks/benchmarks/safenlp_2024/onnx/medical/perturbations_0.onnx,/home/elipregerson/nnenum/vnncomp2025_benchmarks/benchmarks/safenlp_2024/vnnlib/medical/hyperrectangle_745.vnnlib,.006110652,unsat,.591420066
safenlp_2024,/home/elipregerson/nnenum/vnncomp2025_benchmarks/benchmarks/safenlp_2024/onnx/ruarobot/perturbations_0.onnx,/home/elipregerson/nnenum/vnncomp2025_benchmarks/benchmarks/safenlp_2024/vnnlib/ruarobot/hyperrectangle_5112.vnnlib,.005998799,unsat,.650884425
safenlp_2024,/home/elipregerson/nnenum/vnncomp2025_benchmarks/benchmarks/safenlp_2024/onnx/medical/perturbations_0.onnx,/home/elipregerson/nnenum/vnncomp2025_benchmarks/benchmarks/safenlp_2024/vnnlib/medical/hyperrectangle_2439.vnnlib,.005972801,timeout,20.567558553
safenlp_2024,/home/elipregerson/nnenum/vnncomp2025_benchmarks/benchmarks/safenlp_2024/onnx/medical/perturbations_0.onnx,/home/elipregerson/nnenum/vnncomp2025_benchmarks/benchmarks/safenlp_2024/vnnlib/medical/hyperrectangle_1131.vnnlib,.006130242,unsat,.600558930
safenlp_2024,/home/elipregerson/nnenum/vnncomp2025_benchmarks/benchmarks/safenlp_2024/onnx/ruarobot/perturbations_0.onnx,/home/elipregerson/nnenum/vnncomp2025_benchmarks/benchmarks/safenlp_2024/vnnlib/ruarobot/hyperrectangle_7587.vnnlib,.005984588,sat,.648516906
safenlp_2024,/home/elipregerson/nnenum/vnncomp2025_benchmarks/benchmarks/safenlp_2024/onnx/medical/perturbations_0.onnx,/home/elipregerson/nnenum/vnncomp2025_benchmarks/benchmarks/safenlp_2024/vnnlib/medical/hyperrectangle_1672.vnnlib,.006005979,unsat,.696091428
safenlp_2024,/home/elipregerson/nnenum/vnncomp2025_benchmarks/benchmarks/safenlp_2024/onnx/ruarobot/perturbations_0.onnx,/home/elipregerson/nnenum/vnncomp2025_benchmarks/benchmarks/safenlp_2024/vnnlib/ruarobot/hyperrectangle_3055.vnnlib,.006040183,sat,.632390088
safenlp_2024,/home/elipregerson/nnenum/vnncomp2025_benchmarks/benchmarks/safenlp_2024/onnx/ruarobot/perturbations_0.onnx,/home/elipregerson/nnenum/vnncomp2025_benchmarks/benchmarks/safenlp_2024/vnnlib/ruarobot/hyperrectangle_1098.vnnlib,.006149408,sat,.637206894
safenlp_2024,/home/elipregerson/nnenum/vnncomp2025_benchmarks/benchmarks/safenlp_2024/onnx/ruarobot/perturbations_0.onnx,/home/elipregerson/nnenum/vnncomp2025_benchmarks/benchmarks/safenlp_2024/vnnlib/ruarobot/hyperrectangle_3862.vnnlib,.006065155,timeout,20.573946712
safenlp_2024,/home/elipregerson/nnenum/vnncomp2025_benchmarks/benchmarks/safenlp_2024/onnx/ruarobot/perturbations_0.onnx,/home/elipregerson/nnenum/vnncomp2025_benchmarks/benchmarks/safenlp_2024/vnnlib/ruarobot/hyperrectangle_4937.vnnlib,.007924696,sat,.759783843
safenlp_2024,/home/elipregerson/nnenum/vnncomp2025_benchmarks/benchmarks/safenlp_2024/onnx/ruarobot/perturbations_0.onnx,/home/elipregerson/nnenum/vnncomp2025_benchmarks/benchmarks/safenlp_2024/vnnlib/ruarobot/hyperrectangle_3084.vnnlib,.006079884,sat,.642767666
safenlp_2024,/home/elipregerson/nnenum/vnncomp2025_benchmarks/benchmarks/safenlp_2024/onnx/medical/perturbations_0.onnx,/home/elipregerson/nnenum/vnncomp2025_benchmarks/benchmarks/safenlp_2024/vnnlib/medical/hyperrectangle_1919.vnnlib,.006001094,unsat,.598296084
safenlp_2024,/home/elipregerson/nnenum/vnncomp2025_benchmarks/benchmarks/safenlp_2024/onnx/ruarobot/perturbations_0.onnx,/home/elipregerson/nnenum/vnncomp2025_benchmarks/benchmarks/safenlp_2024/vnnlib/ruarobot/hyperrectangle_1955.vnnlib,.006132274,sat,.655226375
safenlp_2024,/home/elipregerson/nnenum/vnncomp2025_benchmarks/benchmarks/safenlp_2024/onnx/ruarobot/perturbations_0.onnx,/home/elipregerson/nnenum/vnncomp2025_benchmarks/benchmarks/safenlp_2024/vnnlib/ruarobot/hyperrectangle_2030.vnnlib,.005988093,sat,.626666320
safenlp_2024,/home/elipregerson/nnenum/vnncomp2025_benchmarks/benchmarks/safenlp_2024/onnx/ruarobot/perturbations_0.onnx,/home/elipregerson/nnenum/vnncomp2025_benchmarks/benchmarks/safenlp_2024/vnnlib/ruarobot/hyperrectangle_5946.vnnlib,.005905423,unsat,.592935445
safenlp_2024,/home/elipregerson/nnenum/vnncomp2025_benchmarks/benchmarks/safenlp_2024/onnx/ruarobot/perturbations_0.onnx,/home/elipregerson/nnenum/vnncomp2025_benchmarks/benchmarks/safenlp_2024/vnnlib/ruarobot/hyperrectangle_5028.vnnlib,.006022213,sat,.640400381
safenlp_2024,/home/elipregerson/nnenum/vnncomp2025_benchmarks/benchmarks/safenlp_2024/onnx/ruarobot/perturbations_0.onnx,/home/elipregerson/nnenum/vnncomp2025_benchmarks/benchmarks/safenlp_2024/vnnlib/ruarobot/hyperrectangle_1458.vnnlib,.006073994,sat,.642502962
safenlp_2024,/home/elipregerson/nnenum/vnncomp2025_benchmarks/benchmarks/safenlp_2024/onnx/medical/perturbations_0.onnx,/home/elipregerson/nnenum/vnncomp2025_benchmarks/benchmarks/safenlp_2024/vnnlib/medical/hyperrectangle_2526.vnnlib,.006244696,unsat,1.601282642
safenlp_2024,/home/elipregerson/nnenum/vnncomp2025_benchmarks/benchmarks/safenlp_2024/onnx/ruarobot/perturbations_0.onnx,/home/elipregerson/nnenum/vnncomp2025_benchmarks/benchmarks/safenlp_2024/vnnlib/ruarobot/hyperrectangle_2024.vnnlib,.006042520,sat,.656529530
safenlp_2024,/home/elipregerson/nnenum/vnncomp2025_benchmarks/benchmarks/safenlp_2024/onnx/medical/perturbations_0.onnx,/home/elipregerson/nnenum/vnncomp2025_benchmarks/benchmarks/safenlp_2024/vnnlib/medical/hyperrectangle_1316.vnnlib,.006097633,unsat,.585439951
safenlp_2024,/home/elipregerson/nnenum/vnncomp2025_benchmarks/benchmarks/safenlp_2024/onnx/medical/perturbations_0.onnx,/home/elipregerson/nnenum/vnncomp2025_benchmarks/benchmarks/safenlp_2024/vnnlib/medical/hyperrectangle_2259.vnnlib,.005891378,unsat,.596240022
safenlp_2024,/home/elipregerson/nnenum/vnncomp2025_benchmarks/benchmarks/safenlp_2024/onnx/ruarobot/perturbations_0.onnx,/home/elipregerson/nnenum/vnncomp2025_benchmarks/benchmarks/safenlp_2024/vnnlib/ruarobot/hyperrectangle_11.vnnlib,.005811196,unsat,7.343877336
safenlp_2024,/home/elipregerson/nnenum/vnncomp2025_benchmarks/benchmarks/safenlp_2024/onnx/medical/perturbations_0.onnx,/home/elipregerson/nnenum/vnncomp2025_benchmarks/benchmarks/safenlp_2024/vnnlib/medical/hyperrectangle_1692.vnnlib,.011159067,unsat,.827184753
safenlp_2024,/home/elipregerson/nnenum/vnncomp2025_benchmarks/benchmarks/safenlp_2024/onnx/medical/perturbations_0.onnx,/home/elipregerson/nnenum/vnncomp2025_benchmarks/benchmarks/safenlp_2024/vnnlib/medical/hyperrectangle_1348.vnnlib,.010610342,unsat,.817220386
safenlp_2024,/home/elipregerson/nnenum/vnncomp2025_benchmarks/benchmarks/safenlp_2024/onnx/ruarobot/perturbations_0.onnx,/home/elipregerson/nnenum/vnncomp2025_benchmarks/benchmarks/safenlp_2024/vnnlib/ruarobot/hyperrectangle_192.vnnlib,.010105617,sat,.942868132
safenlp_2024,/home/elipregerson/nnenum/vnncomp2025_benchmarks/benchmarks/safenlp_2024/onnx/medical/perturbations_0.onnx,/home/elipregerson/nnenum/vnncomp2025_benchmarks/benchmarks/safenlp_2024/vnnlib/medical/hyperrectangle_291.vnnlib,.013628323,unsat,.862938424
safenlp_2024,/home/elipregerson/nnenum/vnncomp2025_benchmarks/benchmarks/safenlp_2024/onnx/ruarobot/perturbations_0.onnx,/home/elipregerson/nnenum/vnncomp2025_benchmarks/benchmarks/safenlp_2024/vnnlib/ruarobot/hyperrectangle_3203.vnnlib,.006061334,unsat,19.874272911
safenlp_2024,/home/elipregerson/nnenum/vnncomp2025_benchmarks/benchmarks/safenlp_2024/onnx/ruarobot/perturbations_0.onnx,/home/elipregerson/nnenum/vnncomp2025_benchmarks/benchmarks/safenlp_2024/vnnlib/ruarobot/hyperrectangle_2953.vnnlib,.006080354,sat,.643375798
safenlp_2024,/home/elipregerson/nnenum/vnncomp2025_benchmarks/benchmarks/safenlp_2024/onnx/medical/perturbations_0.onnx,/home/elipregerson/nnenum/vnncomp2025_benchmarks/benchmarks/safenlp_2024/vnnlib/medical/hyperrectangle_263.vnnlib,.006098221,unsat,.598883206
safenlp_2024,/home/elipregerson/nnenum/vnncomp2025_benchmarks/benchmarks/safenlp_2024/onnx/ruarobot/perturbations_0.onnx,/home/elipregerson/nnenum/vnncomp2025_benchmarks/benchmarks/safenlp_2024/vnnlib/ruarobot/hyperrectangle_4525.vnnlib,.005971012,sat,.626427273
safenlp_2024,/home/elipregerson/nnenum/vnncomp2025_benchmarks/benchmarks/safenlp_2024/onnx/ruarobot/perturbations_0.onnx,/home/elipregerson/nnenum/vnncomp2025_benchmarks/benchmarks/safenlp_2024/vnnlib/ruarobot/hyperrectangle_3328.vnnlib,.006063836,sat,.633244986
safenlp_2024,/home/elipregerson/nnenum/vnncomp2025_benchmarks/benchmarks/safenlp_2024/onnx/medical/perturbations_0.onnx,/home/elipregerson/nnenum/vnncomp2025_benchmarks/benchmarks/safenlp_2024/vnnlib/medical/hyperrectangle_687.vnnlib,.005926263,unsat,4.348954064
safenlp_2024,/home/elipregerson/nnenum/vnncomp2025_benchmarks/benchmarks/safenlp_2024/onnx/medical/perturbations_0.onnx,/home/elipregerson/nnenum/vnncomp2025_benchmarks/benchmarks/safenlp_2024/vnnlib/medical/hyperrectangle_883.vnnlib,.006031161,unsat,.599619484
safenlp_2024,/home/elipregerson/nnenum/vnncomp2025_benchmarks/benchmarks/safenlp_2024/onnx/ruarobot/perturbations_0.onnx,/home/elipregerson/nnenum/vnncomp2025_benchmarks/benchmarks/safenlp_2024/vnnlib/ruarobot/hyperrectangle_499.vnnlib,.006153229,sat,.637668959
safenlp_2024,/home/elipregerson/nnenum/vnncomp2025_benchmarks/benchmarks/safenlp_2024/onnx/medical/perturbations_0.onnx,/home/elipregerson/nnenum/vnncomp2025_benchmarks/benchmarks/safenlp_2024/vnnlib/medical/hyperrectangle_10.vnnlib,.006071036,unsat,.598376496
safenlp_2024,/home/elipregerson/nnenum/vnncomp2025_benchmarks/benchmarks/safenlp_2024/onnx/ruarobot/perturbations_0.onnx,/home/elipregerson/nnenum/vnncomp2025_benchmarks/benchmarks/safenlp_2024/vnnlib/ruarobot/hyperrectangle_1234.vnnlib,.006018273,sat,.635753066
safenlp_2024,/home/elipregerson/nnenum/vnncomp2025_benchmarks/benchmarks/safenlp_2024/onnx/medical/perturbations_0.onnx,/home/elipregerson/nnenum/vnncomp2025_benchmarks/benchmarks/safenlp_2024/vnnlib/medical/hyperrectangle_2807.vnnlib,.006100854,timeout,20.548478355
safenlp_2024,/home/elipregerson/nnenum/vnncomp2025_benchmarks/benchmarks/safenlp_2024/onnx/medical/perturbations_0.onnx,/home/elipregerson/nnenum/vnncomp2025_benchmarks/benchmarks/safenlp_2024/vnnlib/medical/hyperrectangle_2533.vnnlib,.005970900,unsat,.590800970
safenlp_2024,/home/elipregerson/nnenum/vnncomp2025_benchmarks/benchmarks/safenlp_2024/onnx/ruarobot/perturbations_0.onnx,/home/elipregerson/nnenum/vnncomp2025_benchmarks/benchmarks/safenlp_2024/vnnlib/ruarobot/hyperrectangle_7420.vnnlib,.006102586,sat,.718548395
safenlp_2024,/home/elipregerson/nnenum/vnncomp2025_benchmarks/benchmarks/safenlp_2024/onnx/ruarobot/perturbations_0.onnx,/home/elipregerson/nnenum/vnncomp2025_benchmarks/benchmarks/safenlp_2024/vnnlib/ruarobot/hyperrectangle_588.vnnlib,.006120596,sat,.635298202
safenlp_2024,/home/elipregerson/nnenum/vnncomp2025_benchmarks/benchmarks/safenlp_2024/onnx/medical/perturbations_0.onnx,/home/elipregerson/nnenum/vnncomp2025_benchmarks/benchmarks/safenlp_2024/vnnlib/medical/hyperrectangle_865.vnnlib,.006002167,unsat,.599786620
safenlp_2024,/home/elipregerson/nnenum/vnncomp2025_benchmarks/benchmarks/safenlp_2024/onnx/ruarobot/perturbations_0.onnx,/home/elipregerson/nnenum/vnncomp2025_benchmarks/benchmarks/safenlp_2024/vnnlib/ruarobot/hyperrectangle_6973.vnnlib,.006026034,sat,.639899170
safenlp_2024,/home/elipregerson/nnenum/vnncomp2025_benchmarks/benchmarks/safenlp_2024/onnx/ruarobot/perturbations_0.onnx,/home/elipregerson/nnenum/vnncomp2025_benchmarks/benchmarks/safenlp_2024/vnnlib/ruarobot/hyperrectangle_4484.vnnlib,.006120112,unsat,.705378654
safenlp_2024,/home/elipregerson/nnenum/vnncomp2025_benchmarks/benchmarks/safenlp_2024/onnx/ruarobot/perturbations_0.onnx,/home/elipregerson/nnenum/vnncomp2025_benchmarks/benchmarks/safenlp_2024/vnnlib/ruarobot/hyperrectangle_7924.vnnlib,.006022973,sat,.637112020
safenlp_2024,/home/elipregerson/nnenum/vnncomp2025_benchmarks/benchmarks/safenlp_2024/onnx/medical/perturbations_0.onnx,/home/elipregerson/nnenum/vnncomp2025_benchmarks/benchmarks/safenlp_2024/vnnlib/medical/hyperrectangle_1487.vnnlib,.006111031,timeout,20.567774012
safenlp_2024,/home/elipregerson/nnenum/vnncomp2025_benchmarks/benchmarks/safenlp_2024/onnx/medical/perturbations_0.onnx,/home/elipregerson/nnenum/vnncomp2025_benchmarks/benchmarks/safenlp_2024/vnnlib/medical/hyperrectangle_637.vnnlib,.009656844,sat,.680182481
safenlp_2024,/home/elipregerson/nnenum/vnncomp2025_benchmarks/benchmarks/safenlp_2024/onnx/ruarobot/perturbations_0.onnx,/home/elipregerson/nnenum/vnncomp2025_benchmarks/benchmarks/safenlp_2024/vnnlib/ruarobot/hyperrectangle_428.vnnlib,.006095510,sat,.649525425
safenlp_2024,/home/elipregerson/nnenum/vnncomp2025_benchmarks/benchmarks/safenlp_2024/onnx/ruarobot/perturbations_0.onnx,/home/elipregerson/nnenum/vnncomp2025_benchmarks/benchmarks/safenlp_2024/vnnlib/ruarobot/hyperrectangle_6358.vnnlib,.006185164,sat,.643747484
safenlp_2024,/home/elipregerson/nnenum/vnncomp2025_benchmarks/benchmarks/safenlp_2024/onnx/ruarobot/perturbations_0.onnx,/home/elipregerson/nnenum/vnncomp2025_benchmarks/benchmarks/safenlp_2024/vnnlib/ruarobot/hyperrectangle_7834.vnnlib,.006135370,sat,.639840902
safenlp_2024,/home/elipregerson/nnenum/vnncomp2025_benchmarks/benchmarks/safenlp_2024/onnx/ruarobot/perturbations_0.onnx,/home/elipregerson/nnenum/vnncomp2025_benchmarks/benchmarks/safenlp_2024/vnnlib/ruarobot/hyperrectangle_149.vnnlib,.006301763,sat,.645995447
safenlp_2024,/home/elipregerson/nnenum/vnncomp2025_benchmarks/benchmarks/safenlp_2024/onnx/ruarobot/perturbations_0.onnx,/home/elipregerson/nnenum/vnncomp2025_benchmarks/benchmarks/safenlp_2024/vnnlib/ruarobot/hyperrectangle_1537.vnnlib,.006257678,unsat,.908402503
safenlp_2024,/home/elipregerson/nnenum/vnncomp2025_benchmarks/benchmarks/safenlp_2024/onnx/medical/perturbations_0.onnx,/home/elipregerson/nnenum/vnncomp2025_benchmarks/benchmarks/safenlp_2024/vnnlib/medical/hyperrectangle_2234.vnnlib,.006347763,unsat,.595559561
safenlp_2024,/home/elipregerson/nnenum/vnncomp2025_benchmarks/benchmarks/safenlp_2024/onnx/ruarobot/perturbations_0.onnx,/home/elipregerson/nnenum/vnncomp2025_benchmarks/benchmarks/safenlp_2024/vnnlib/ruarobot/hyperrectangle_2589.vnnlib,.005953893,sat,.625073260
safenlp_2024,/home/elipregerson/nnenum/vnncomp2025_benchmarks/benchmarks/safenlp_2024/onnx/ruarobot/perturbations_0.onnx,/home/elipregerson/nnenum/vnncomp2025_benchmarks/benchmarks/safenlp_2024/vnnlib/ruarobot/hyperrectangle_3775.vnnlib,.008888746,sat,.650113416
safenlp_2024,/home/elipregerson/nnenum/vnncomp2025_benchmarks/benchmarks/safenlp_2024/onnx/ruarobot/perturbations_0.onnx,/home/elipregerson/nnenum/vnncomp2025_benchmarks/benchmarks/safenlp_2024/vnnlib/ruarobot/hyperrectangle_7740.vnnlib,.005949385,unsat,.598608612
safenlp_2024,/home/elipregerson/nnenum/vnncomp2025_benchmarks/benchmarks/safenlp_2024/onnx/ruarobot/perturbations_0.onnx,/home/elipregerson/nnenum/vnncomp2025_benchmarks/benchmarks/safenlp_2024/vnnlib/ruarobot/hyperrectangle_7312.vnnlib,.006036655,sat,.646628457
safenlp_2024,/home/elipregerson/nnenum/vnncomp2025_benchmarks/benchmarks/safenlp_2024/onnx/ruarobot/perturbations_0.onnx,/home/elipregerson/nnenum/vnncomp2025_benchmarks/benchmarks/safenlp_2024/vnnlib/ruarobot/hyperrectangle_3410.vnnlib,.006044157,sat,.635224865
safenlp_2024,/home/elipregerson/nnenum/vnncomp2025_benchmarks/benchmarks/safenlp_2024/onnx/ruarobot/perturbations_0.onnx,/home/elipregerson/nnenum/vnncomp2025_benchmarks/benchmarks/safenlp_2024/vnnlib/ruarobot/hyperrectangle_4120.vnnlib,.006187670,sat,.669537499
safenlp_2024,/home/elipregerson/nnenum/vnncomp2025_benchmarks/benchmarks/safenlp_2024/onnx/ruarobot/perturbations_0.onnx,/home/elipregerson/nnenum/vnncomp2025_benchmarks/benchmarks/safenlp_2024/vnnlib/ruarobot/hyperrectangle_1252.vnnlib,.006338575,sat,.632478789
safenlp_2024,/home/elipregerson/nnenum/vnncomp2025_benchmarks/benchmarks/safenlp_2024/onnx/ruarobot/perturbations_0.onnx,/home/elipregerson/nnenum/vnncomp2025_benchmarks/benchmarks/safenlp_2024/vnnlib/ruarobot/hyperrectangle_3065.vnnlib,.006452482,unsat,2.738070798
safenlp_2024,/home/elipregerson/nnenum/vnncomp2025_benchmarks/benchmarks/safenlp_2024/onnx/ruarobot/perturbations_0.onnx,/home/elipregerson/nnenum/vnncomp2025_benchmarks/benchmarks/safenlp_2024/vnnlib/ruarobot/hyperrectangle_5968.vnnlib,.006215276,sat,.653960675
safenlp_2024,/home/elipregerson/nnenum/vnncomp2025_benchmarks/benchmarks/safenlp_2024/onnx/ruarobot/perturbations_0.onnx,/home/elipregerson/nnenum/vnncomp2025_benchmarks/benchmarks/safenlp_2024/vnnlib/ruarobot/hyperrectangle_1622.vnnlib,.006176965,sat,.639838327
safenlp_2024,/home/elipregerson/nnenum/vnncomp2025_benchmarks/benchmarks/safenlp_2024/onnx/medical/perturbations_0.onnx,/home/elipregerson/nnenum/vnncomp2025_benchmarks/benchmarks/safenlp_2024/vnnlib/medical/hyperrectangle_1433.vnnlib,.006094238,unsat,.608076905
safenlp_2024,/home/elipregerson/nnenum/vnncomp2025_benchmarks/benchmarks/safenlp_2024/onnx/ruarobot/perturbations_0.onnx,/home/elipregerson/nnenum/vnncomp2025_benchmarks/benchmarks/safenlp_2024/vnnlib/ruarobot/hyperrectangle_4118.vnnlib,.007800018,sat,.629599260
safenlp_2024,/home/elipregerson/nnenum/vnncomp2025_benchmarks/benchmarks/safenlp_2024/onnx/medical/perturbations_0.onnx,/home/elipregerson/nnenum/vnncomp2025_benchmarks/benchmarks/safenlp_2024/vnnlib/medical/hyperrectangle_2638.vnnlib,.006036912,unsat,.704865184
safenlp_2024,/home/elipregerson/nnenum/vnncomp2025_benchmarks/benchmarks/safenlp_2024/onnx/ruarobot/perturbations_0.onnx,/home/elipregerson/nnenum/vnncomp2025_benchmarks/benchmarks/safenlp_2024/vnnlib/ruarobot/hyperrectangle_195.vnnlib,.006077210,sat,.756101840
safenlp_2024,/home/elipregerson/nnenum/vnncomp2025_benchmarks/benchmarks/safenlp_2024/onnx/ruarobot/perturbations_0.onnx,/home/elipregerson/nnenum/vnncomp2025_benchmarks/benchmarks/safenlp_2024/vnnlib/ruarobot/hyperrectangle_2849.vnnlib,.006170365,sat,.647717633
safenlp_2024,/home/elipregerson/nnenum/vnncomp2025_benchmarks/benchmarks/safenlp_2024/onnx/ruarobot/perturbations_0.onnx,/home/elipregerson/nnenum/vnncomp2025_benchmarks/benchmarks/safenlp_2024/vnnlib/ruarobot/hyperrectangle_2256.vnnlib,.006056771,sat,.643292597
safenlp_2024,/home/elipregerson/nnenum/vnncomp2025_benchmarks/benchmarks/safenlp_2024/onnx/ruarobot/perturbations_0.onnx,/home/elipregerson/nnenum/vnncomp2025_benchmarks/benchmarks/safenlp_2024/vnnlib/ruarobot/hyperrectangle_7270.vnnlib,.006355929,sat,.644405773
safenlp_2024,/home/elipregerson/nnenum/vnncomp2025_benchmarks/benchmarks/safenlp_2024/onnx/medical/perturbations_0.onnx,/home/elipregerson/nnenum/vnncomp2025_benchmarks/benchmarks/safenlp_2024/vnnlib/medical/hyperrectangle_1114.vnnlib,.006191273,sat,.628887485
safenlp_2024,/home/elipregerson/nnenum/vnncomp2025_benchmarks/benchmarks/safenlp_2024/onnx/medical/perturbations_0.onnx,/home/elipregerson/nnenum/vnncomp2025_benchmarks/benchmarks/safenlp_2024/vnnlib/medical/hyperrectangle_1458.vnnlib,.005939266,unsat,.605786247
safenlp_2024,/home/elipregerson/nnenum/vnncomp2025_benchmarks/benchmarks/safenlp_2024/onnx/ruarobot/perturbations_0.onnx,/home/elipregerson/nnenum/vnncomp2025_benchmarks/benchmarks/safenlp_2024/vnnlib/ruarobot/hyperrectangle_5991.vnnlib,.006219798,sat,.656482208
safenlp_2024,/home/elipregerson/nnenum/vnncomp2025_benchmarks/benchmarks/safenlp_2024/onnx/ruarobot/perturbations_0.onnx,/home/elipregerson/nnenum/vnncomp2025_benchmarks/benchmarks/safenlp_2024/vnnlib/ruarobot/hyperrectangle_5481.vnnlib,.006078015,sat,.624632263
safenlp_2024,/home/elipregerson/nnenum/vnncomp2025_benchmarks/benchmarks/safenlp_2024/onnx/medical/perturbations_0.onnx,/home/elipregerson/nnenum/vnncomp2025_benchmarks/benchmarks/safenlp_2024/vnnlib/medical/hyperrectangle_135.vnnlib,.006020625,unsat,.595497612
safenlp_2024,/home/elipregerson/nnenum/vnncomp2025_benchmarks/benchmarks/safenlp_2024/onnx/ruarobot/perturbations_0.onnx,/home/elipregerson/nnenum/vnncomp2025_benchmarks/benchmarks/safenlp_2024/vnnlib/ruarobot/hyperrectangle_7843.vnnlib,.006061024,sat,.654563199
safenlp_2024,/home/elipregerson/nnenum/vnncomp2025_benchmarks/benchmarks/safenlp_2024/onnx/medical/perturbations_0.onnx,/home/elipregerson/nnenum/vnncomp2025_benchmarks/benchmarks/safenlp_2024/vnnlib/medical/hyperrectangle_188.vnnlib,.005874669,unsat,.600179846
safenlp_2024,/home/elipregerson/nnenum/vnncomp2025_benchmarks/benchmarks/safenlp_2024/onnx/ruarobot/perturbations_0.onnx,/home/elipregerson/nnenum/vnncomp2025_benchmarks/benchmarks/safenlp_2024/vnnlib/ruarobot/hyperrectangle_1817.vnnlib,.005943782,sat,.640178741
safenlp_2024,/home/elipregerson/nnenum/vnncomp2025_benchmarks/benchmarks/safenlp_2024/onnx/ruarobot/perturbations_0.onnx,/home/elipregerson/nnenum/vnncomp2025_benchmarks/benchmarks/safenlp_2024/vnnlib/ruarobot/hyperrectangle_5757.vnnlib,.006019835,sat,.586606606
safenlp_2024,/home/elipregerson/nnenum/vnncomp2025_benchmarks/benchmarks/safenlp_2024/onnx/ruarobot/perturbations_0.onnx,/home/elipregerson/nnenum/vnncomp2025_benchmarks/benchmarks/safenlp_2024/vnnlib/ruarobot/hyperrectangle_3156.vnnlib,.006076518,unsat,2.179427340
safenlp_2024,/home/elipregerson/nnenum/vnncomp2025_benchmarks/benchmarks/safenlp_2024/onnx/ruarobot/perturbations_0.onnx,/home/elipregerson/nnenum/vnncomp2025_benchmarks/benchmarks/safenlp_2024/vnnlib/ruarobot/hyperrectangle_1844.vnnlib,.005846053,sat,.691844760
safenlp_2024,/home/elipregerson/nnenum/vnncomp2025_benchmarks/benchmarks/safenlp_2024/onnx/ruarobot/perturbations_0.onnx,/home/elipregerson/nnenum/vnncomp2025_benchmarks/benchmarks/safenlp_2024/vnnlib/ruarobot/hyperrectangle_6017.vnnlib,.006135313,timeout,20.568566885
safenlp_2024,/home/elipregerson/nnenum/vnncomp2025_benchmarks/benchmarks/safenlp_2024/onnx/ruarobot/perturbations_0.onnx,/home/elipregerson/nnenum/vnncomp2025_benchmarks/benchmarks/safenlp_2024/vnnlib/ruarobot/hyperrectangle_7354.vnnlib,.006068314,sat,.638513677
safenlp_2024,/home/elipregerson/nnenum/vnncomp2025_benchmarks/benchmarks/safenlp_2024/onnx/ruarobot/perturbations_0.onnx,/home/elipregerson/nnenum/vnncomp2025_benchmarks/benchmarks/safenlp_2024/vnnlib/ruarobot/hyperrectangle_4898.vnnlib,.006284785,timeout,20.576466002
safenlp_2024,/home/elipregerson/nnenum/vnncomp2025_benchmarks/benchmarks/safenlp_2024/onnx/medical/perturbations_0.onnx,/home/elipregerson/nnenum/vnncomp2025_benchmarks/benchmarks/safenlp_2024/vnnlib/medical/hyperrectangle_914.vnnlib,.006184545,unsat,.594270870
safenlp_2024,/home/elipregerson/nnenum/vnncomp2025_benchmarks/benchmarks/safenlp_2024/onnx/ruarobot/perturbations_0.onnx,/home/elipregerson/nnenum/vnncomp2025_benchmarks/benchmarks/safenlp_2024/vnnlib/ruarobot/hyperrectangle_5020.vnnlib,.006139580,sat,.894561698
safenlp_2024,/home/elipregerson/nnenum/vnncomp2025_benchmarks/benchmarks/safenlp_2024/onnx/medical/perturbations_0.onnx,/home/elipregerson/nnenum/vnncomp2025_benchmarks/benchmarks/safenlp_2024/vnnlib/medical/hyperrectangle_2595.vnnlib,.005973920,unsat,.592641274
safenlp_2024,/home/elipregerson/nnenum/vnncomp2025_benchmarks/benchmarks/safenlp_2024/onnx/ruarobot/perturbations_0.onnx,/home/elipregerson/nnenum/vnncomp2025_benchmarks/benchmarks/safenlp_2024/vnnlib/ruarobot/hyperrectangle_3544.vnnlib,.006111327,unsat,.603372816
safenlp_2024,/home/elipregerson/nnenum/vnncomp2025_benchmarks/benchmarks/safenlp_2024/onnx/medical/perturbations_0.onnx,/home/elipregerson/nnenum/vnncomp2025_benchmarks/benchmarks/safenlp_2024/vnnlib/medical/hyperrectangle_831.vnnlib,.006022458,unsat,.605447540
safenlp_2024,/home/elipregerson/nnenum/vnncomp2025_benchmarks/benchmarks/safenlp_2024/onnx/ruarobot/perturbations_0.onnx,/home/elipregerson/nnenum/vnncomp2025_benchmarks/benchmarks/safenlp_2024/vnnlib/ruarobot/hyperrectangle_47.vnnlib,.005981745,unsat,.589329422
safenlp_2024,/home/elipregerson/nnenum/vnncomp2025_benchmarks/benchmarks/safenlp_2024/onnx/ruarobot/perturbations_0.onnx,/home/elipregerson/nnenum/vnncomp2025_benchmarks/benchmarks/safenlp_2024/vnnlib/ruarobot/hyperrectangle_6369.vnnlib,.005971686,sat,.646182387
safenlp_2024,/home/elipregerson/nnenum/vnncomp2025_benchmarks/benchmarks/safenlp_2024/onnx/medical/perturbations_0.onnx,/home/elipregerson/nnenum/vnncomp2025_benchmarks/benchmarks/safenlp_2024/vnnlib/medical/hyperrectangle_1092.vnnlib,.006596087,unsat,5.344866644
safenlp_2024,/home/elipregerson/nnenum/vnncomp2025_benchmarks/benchmarks/safenlp_2024/onnx/medical/perturbations_0.onnx,/home/elipregerson/nnenum/vnncomp2025_benchmarks/benchmarks/safenlp_2024/vnnlib/medical/hyperrectangle_1463.vnnlib,.006070436,unsat,.605123645
safenlp_2024,/home/elipregerson/nnenum/vnncomp2025_benchmarks/benchmarks/safenlp_2024/onnx/ruarobot/perturbations_0.onnx,/home/elipregerson/nnenum/vnncomp2025_benchmarks/benchmarks/safenlp_2024/vnnlib/ruarobot/hyperrectangle_7485.vnnlib,.006128413,sat,.647710660
safenlp_2024,/home/elipregerson/nnenum/vnncomp2025_benchmarks/benchmarks/safenlp_2024/onnx/ruarobot/perturbations_0.onnx,/home/elipregerson/nnenum/vnncomp2025_benchmarks/benchmarks/safenlp_2024/vnnlib/ruarobot/hyperrectangle_2625.vnnlib,.006062940,sat,.656786350
safenlp_2024,/home/elipregerson/nnenum/vnncomp2025_benchmarks/benchmarks/safenlp_2024/onnx/ruarobot/perturbations_0.onnx,/home/elipregerson/nnenum/vnncomp2025_benchmarks/benchmarks/safenlp_2024/vnnlib/ruarobot/hyperrectangle_2381.vnnlib,.006325261,sat,.636332882
safenlp_2024,/home/elipregerson/nnenum/vnncomp2025_benchmarks/benchmarks/safenlp_2024/onnx/ruarobot/perturbations_0.onnx,/home/elipregerson/nnenum/vnncomp2025_benchmarks/benchmarks/safenlp_2024/vnnlib/ruarobot/hyperrectangle_4338.vnnlib,.006251637,sat,.626240058
safenlp_2024,/home/elipregerson/nnenum/vnncomp2025_benchmarks/benchmarks/safenlp_2024/onnx/ruarobot/perturbations_0.onnx,/home/elipregerson/nnenum/vnncomp2025_benchmarks/benchmarks/safenlp_2024/vnnlib/ruarobot/hyperrectangle_44.vnnlib,.006760088,sat,.639519008
safenlp_2024,/home/elipregerson/nnenum/vnncomp2025_benchmarks/benchmarks/safenlp_2024/onnx/ruarobot/perturbations_0.onnx,/home/elipregerson/nnenum/vnncomp2025_benchmarks/benchmarks/safenlp_2024/vnnlib/ruarobot/hyperrectangle_1203.vnnlib,.006196203,timeout,20.556589249
safenlp_2024,/home/elipregerson/nnenum/vnncomp2025_benchmarks/benchmarks/safenlp_2024/onnx/ruarobot/perturbations_0.onnx,/home/elipregerson/nnenum/vnncomp2025_benchmarks/benchmarks/safenlp_2024/vnnlib/ruarobot/hyperrectangle_4700.vnnlib,.006151328,sat,.640362647
safenlp_2024,/home/elipregerson/nnenum/vnncomp2025_benchmarks/benchmarks/safenlp_2024/onnx/medical/perturbations_0.onnx,/home/elipregerson/nnenum/vnncomp2025_benchmarks/benchmarks/safenlp_2024/vnnlib/medical/hyperrectangle_413.vnnlib,.006114713,sat,.651688721
safenlp_2024,/home/elipregerson/nnenum/vnncomp2025_benchmarks/benchmarks/safenlp_2024/onnx/ruarobot/perturbations_0.onnx,/home/elipregerson/nnenum/vnncomp2025_benchmarks/benchmarks/safenlp_2024/vnnlib/ruarobot/hyperrectangle_1264.vnnlib,.006043659,sat,.638938975
safenlp_2024,/home/elipregerson/nnenum/vnncomp2025_benchmarks/benchmarks/safenlp_2024/onnx/ruarobot/perturbations_0.onnx,/home/elipregerson/nnenum/vnncomp2025_benchmarks/benchmarks/safenlp_2024/vnnlib/ruarobot/hyperrectangle_2879.vnnlib,.005958897,sat,.695275594
safenlp_2024,/home/elipregerson/nnenum/vnncomp2025_benchmarks/benchmarks/safenlp_2024/onnx/medical/perturbations_0.onnx,/home/elipregerson/nnenum/vnncomp2025_benchmarks/benchmarks/safenlp_2024/vnnlib/medical/hyperrectangle_683.vnnlib,.006165424,sat,.635932005
safenlp_2024,/home/elipregerson/nnenum/vnncomp2025_benchmarks/benchmarks/safenlp_2024/onnx/medical/perturbations_0.onnx,/home/elipregerson/nnenum/vnncomp2025_benchmarks/benchmarks/safenlp_2024/vnnlib/medical/hyperrectangle_1973.vnnlib,.006359938,unsat,.610468527
safenlp_2024,/home/elipregerson/nnenum/vnncomp2025_benchmarks/benchmarks/safenlp_2024/onnx/ruarobot/perturbations_0.onnx,/home/elipregerson/nnenum/vnncomp2025_benchmarks/benchmarks/safenlp_2024/vnnlib/ruarobot/hyperrectangle_3695.vnnlib,.005925275,sat,.644138259
safenlp_2024,/home/elipregerson/nnenum/vnncomp2025_benchmarks/benchmarks/safenlp_2024/onnx/ruarobot/perturbations_0.onnx,/home/elipregerson/nnenum/vnncomp2025_benchmarks/benchmarks/safenlp_2024/vnnlib/ruarobot/hyperrectangle_3460.vnnlib,.005930741,timeout,20.561786440
safenlp_2024,/home/elipregerson/nnenum/vnncomp2025_benchmarks/benchmarks/safenlp_2024/onnx/ruarobot/perturbations_0.onnx,/home/elipregerson/nnenum/vnncomp2025_benchmarks/benchmarks/safenlp_2024/vnnlib/ruarobot/hyperrectangle_704.vnnlib,.006155911,unsat,.921667314
safenlp_2024,/home/elipregerson/nnenum/vnncomp2025_benchmarks/benchmarks/safenlp_2024/onnx/ruarobot/perturbations_0.onnx,/home/elipregerson/nnenum/vnncomp2025_benchmarks/benchmarks/safenlp_2024/vnnlib/ruarobot/hyperrectangle_6116.vnnlib,.006109345,sat,.637401592
safenlp_2024,/home/elipregerson/nnenum/vnncomp2025_benchmarks/benchmarks/safenlp_2024/onnx/ruarobot/perturbations_0.onnx,/home/elipregerson/nnenum/vnncomp2025_benchmarks/benchmarks/safenlp_2024/vnnlib/ruarobot/hyperrectangle_4766.vnnlib,.006164771,unsat,7.432849277
safenlp_2024,/home/elipregerson/nnenum/vnncomp2025_benchmarks/benchmarks/safenlp_2024/onnx/ruarobot/perturbations_0.onnx,/home/elipregerson/nnenum/vnncomp2025_benchmarks/benchmarks/safenlp_2024/vnnlib/ruarobot/hyperrectangle_338.vnnlib,.007921060,sat,.869792018
safenlp_2024,/home/elipregerson/nnenum/vnncomp2025_benchmarks/benchmarks/safenlp_2024/onnx/ruarobot/perturbations_0.onnx,/home/elipregerson/nnenum/vnncomp2025_benchmarks/benchmarks/safenlp_2024/vnnlib/ruarobot/hyperrectangle_5634.vnnlib,.008269359,sat,.864188382
safenlp_2024,/home/elipregerson/nnenum/vnncomp2025_benchmarks/benchmarks/safenlp_2024/onnx/ruarobot/perturbations_0.onnx,/home/elipregerson/nnenum/vnncomp2025_benchmarks/benchmarks/safenlp_2024/vnnlib/ruarobot/hyperrectangle_5275.vnnlib,.011934876,timeout,20.771359441
safenlp_2024,/home/elipregerson/nnenum/vnncomp2025_benchmarks/benchmarks/safenlp_2024/onnx/medical/perturbations_0.onnx,/home/elipregerson/nnenum/vnncomp2025_benchmarks/benchmarks/safenlp_2024/vnnlib/medical/hyperrectangle_2465.vnnlib,.009415954,timeout,20.581203559
safenlp_2024,/home/elipregerson/nnenum/vnncomp2025_benchmarks/benchmarks/safenlp_2024/onnx/ruarobot/perturbations_0.onnx,/home/elipregerson/nnenum/vnncomp2025_benchmarks/benchmarks/safenlp_2024/vnnlib/ruarobot/hyperrectangle_5844.vnnlib,.008002556,sat,.664916415
safenlp_2024,/home/elipregerson/nnenum/vnncomp2025_benchmarks/benchmarks/safenlp_2024/onnx/ruarobot/perturbations_0.onnx,/home/elipregerson/nnenum/vnncomp2025_benchmarks/benchmarks/safenlp_2024/vnnlib/ruarobot/hyperrectangle_2467.vnnlib,.005944487,sat,.652352634
safenlp_2024,/home/elipregerson/nnenum/vnncomp2025_benchmarks/benchmarks/safenlp_2024/onnx/ruarobot/perturbations_0.onnx,/home/elipregerson/nnenum/vnncomp2025_benchmarks/benchmarks/safenlp_2024/vnnlib/ruarobot/hyperrectangle_1429.vnnlib,.006077458,sat,.642450639
safenlp_2024,/home/elipregerson/nnenum/vnncomp2025_benchmarks/benchmarks/safenlp_2024/onnx/ruarobot/perturbations_0.onnx,/home/elipregerson/nnenum/vnncomp2025_benchmarks/benchmarks/safenlp_2024/vnnlib/ruarobot/hyperrectangle_2224.vnnlib,.006076759,unsat,2.035073775
safenlp_2024,/home/elipregerson/nnenum/vnncomp2025_benchmarks/benchmarks/safenlp_2024/onnx/ruarobot/perturbations_0.onnx,/home/elipregerson/nnenum/vnncomp2025_benchmarks/benchmarks/safenlp_2024/vnnlib/ruarobot/hyperrectangle_3270.vnnlib,.006038929,timeout,20.570868492
safenlp_2024,/home/elipregerson/nnenum/vnncomp2025_benchmarks/benchmarks/safenlp_2024/onnx/ruarobot/perturbations_0.onnx,/home/elipregerson/nnenum/vnncomp2025_benchmarks/benchmarks/safenlp_2024/vnnlib/ruarobot/hyperrectangle_5975.vnnlib,.010188744,timeout,20.585190013
safenlp_2024,/home/elipregerson/nnenum/vnncomp2025_benchmarks/benchmarks/safenlp_2024/onnx/medical/perturbations_0.onnx,/home/elipregerson/nnenum/vnncomp2025_benchmarks/benchmarks/safenlp_2024/vnnlib/medical/hyperrectangle_1762.vnnlib,.011732968,unsat,.628973169
safenlp_2024,/home/elipregerson/nnenum/vnncomp2025_benchmarks/benchmarks/safenlp_2024/onnx/ruarobot/perturbations_0.onnx,/home/elipregerson/nnenum/vnncomp2025_benchmarks/benchmarks/safenlp_2024/vnnlib/ruarobot/hyperrectangle_3528.vnnlib,.006078351,unsat,.673241271
safenlp_2024,/home/elipregerson/nnenum/vnncomp2025_benchmarks/benchmarks/safenlp_2024/onnx/medical/perturbations_0.onnx,/home/elipregerson/nnenum/vnncomp2025_benchmarks/benchmarks/safenlp_2024/vnnlib/medical/hyperrectangle_1734.vnnlib,.006159194,unsat,.597508684
safenlp_2024,/home/elipregerson/nnenum/vnncomp2025_benchmarks/benchmarks/safenlp_2024/onnx/ruarobot/perturbations_0.onnx,/home/elipregerson/nnenum/vnncomp2025_benchmarks/benchmarks/safenlp_2024/vnnlib/ruarobot/hyperrectangle_2777.vnnlib,.006074988,sat,.600128899
safenlp_2024,/home/elipregerson/nnenum/vnncomp2025_benchmarks/benchmarks/safenlp_2024/onnx/ruarobot/perturbations_0.onnx,/home/elipregerson/nnenum/vnncomp2025_benchmarks/benchmarks/safenlp_2024/vnnlib/ruarobot/hyperrectangle_7275.vnnlib,.006042172,unsat,1.140065940
safenlp_2024,/home/elipregerson/nnenum/vnncomp2025_benchmarks/benchmarks/safenlp_2024/onnx/ruarobot/perturbations_0.onnx,/home/elipregerson/nnenum/vnncomp2025_benchmarks/benchmarks/safenlp_2024/vnnlib/ruarobot/hyperrectangle_5990.vnnlib,.006065904,unsat,2.816319518
safenlp_2024,/home/elipregerson/nnenum/vnncomp2025_benchmarks/benchmarks/safenlp_2024/onnx/medical/perturbations_0.onnx,/home/elipregerson/nnenum/vnncomp2025_benchmarks/benchmarks/safenlp_2024/vnnlib/medical/hyperrectangle_2193.vnnlib,.006129748,sat,.644577487
safenlp_2024,/home/elipregerson/nnenum/vnncomp2025_benchmarks/benchmarks/safenlp_2024/onnx/ruarobot/perturbations_0.onnx,/home/elipregerson/nnenum/vnncomp2025_benchmarks/benchmarks/safenlp_2024/vnnlib/ruarobot/hyperrectangle_3853.vnnlib,.006094930,timeout,20.555387524
safenlp_2024,/home/elipregerson/nnenum/vnncomp2025_benchmarks/benchmarks/safenlp_2024/onnx/ruarobot/perturbations_0.onnx,/home/elipregerson/nnenum/vnncomp2025_benchmarks/benchmarks/safenlp_2024/vnnlib/ruarobot/hyperrectangle_4815.vnnlib,.005999979,sat,.646974543
safenlp_2024,/home/elipregerson/nnenum/vnncomp2025_benchmarks/benchmarks/safenlp_2024/onnx/ruarobot/perturbations_0.onnx,/home/elipregerson/nnenum/vnncomp2025_benchmarks/benchmarks/safenlp_2024/vnnlib/ruarobot/hyperrectangle_1739.vnnlib,.006281775,sat,.643143641
safenlp_2024,/home/elipregerson/nnenum/vnncomp2025_benchmarks/benchmarks/safenlp_2024/onnx/ruarobot/perturbations_0.onnx,/home/elipregerson/nnenum/vnncomp2025_benchmarks/benchmarks/safenlp_2024/vnnlib/ruarobot/hyperrectangle_1801.vnnlib,.005970532,sat,.637251995
safenlp_2024,/home/elipregerson/nnenum/vnncomp2025_benchmarks/benchmarks/safenlp_2024/onnx/ruarobot/perturbations_0.onnx,/home/elipregerson/nnenum/vnncomp2025_benchmarks/benchmarks/safenlp_2024/vnnlib/ruarobot/hyperrectangle_3363.vnnlib,.006482756,sat,.702721065
safenlp_2024,/home/elipregerson/nnenum/vnncomp2025_benchmarks/benchmarks/safenlp_2024/onnx/medical/perturbations_0.onnx,/home/elipregerson/nnenum/vnncomp2025_benchmarks/benchmarks/safenlp_2024/vnnlib/medical/hyperrectangle_1377.vnnlib,.006051674,unsat,.591810007
safenlp_2024,/home/elipregerson/nnenum/vnncomp2025_benchmarks/benchmarks/safenlp_2024/onnx/medical/perturbations_0.onnx,/home/elipregerson/nnenum/vnncomp2025_benchmarks/benchmarks/safenlp_2024/vnnlib/medical/hyperrectangle_1382.vnnlib,.005995444,unsat,.660214268
safenlp_2024,/home/elipregerson/nnenum/vnncomp2025_benchmarks/benchmarks/safenlp_2024/onnx/medical/perturbations_0.onnx,/home/elipregerson/nnenum/vnncomp2025_benchmarks/benchmarks/safenlp_2024/vnnlib/medical/hyperrectangle_2113.vnnlib,.005911295,sat,.647802483
safenlp_2024,/home/elipregerson/nnenum/vnncomp2025_benchmarks/benchmarks/safenlp_2024/onnx/ruarobot/perturbations_0.onnx,/home/elipregerson/nnenum/vnncomp2025_benchmarks/benchmarks/safenlp_2024/vnnlib/ruarobot/hyperrectangle_2499.vnnlib,.005962805,timeout,20.576912605
safenlp_2024,/home/elipregerson/nnenum/vnncomp2025_benchmarks/benchmarks/safenlp_2024/onnx/medical/perturbations_0.onnx,/home/elipregerson/nnenum/vnncomp2025_benchmarks/benchmarks/safenlp_2024/vnnlib/medical/hyperrectangle_2315.vnnlib,.009771324,timeout,20.627614575
safenlp_2024,/home/elipregerson/nnenum/vnncomp2025_benchmarks/benchmarks/safenlp_2024/onnx/ruarobot/perturbations_0.onnx,/home/elipregerson/nnenum/vnncomp2025_benchmarks/benchmarks/safenlp_2024/vnnlib/ruarobot/hyperrectangle_1386.vnnlib,.010932232,timeout,20.600974951
safenlp_2024,/home/elipregerson/nnenum/vnncomp2025_benchmarks/benchmarks/safenlp_2024/onnx/ruarobot/perturbations_0.onnx,/home/elipregerson/nnenum/vnncomp2025_benchmarks/benchmarks/safenlp_2024/vnnlib/ruarobot/hyperrectangle_4847.vnnlib,.017107518,unsat,2.617853750
safenlp_2024,/home/elipregerson/nnenum/vnncomp2025_benchmarks/benchmarks/safenlp_2024/onnx/medical/perturbations_0.onnx,/home/elipregerson/nnenum/vnncomp2025_benchmarks/benchmarks/safenlp_2024/vnnlib/medical/hyperrectangle_846.vnnlib,.006024710,sat,.638515675
safenlp_2024,/home/elipregerson/nnenum/vnncomp2025_benchmarks/benchmarks/safenlp_2024/onnx/ruarobot/perturbations_0.onnx,/home/elipregerson/nnenum/vnncomp2025_benchmarks/benchmarks/safenlp_2024/vnnlib/ruarobot/hyperrectangle_6841.vnnlib,.006250757,timeout,20.570045887
safenlp_2024,/home/elipregerson/nnenum/vnncomp2025_benchmarks/benchmarks/safenlp_2024/onnx/ruarobot/perturbations_0.onnx,/home/elipregerson/nnenum/vnncomp2025_benchmarks/benchmarks/safenlp_2024/vnnlib/ruarobot/hyperrectangle_1498.vnnlib,.006314190,timeout,20.580155026
safenlp_2024,/home/elipregerson/nnenum/vnncomp2025_benchmarks/benchmarks/safenlp_2024/onnx/medical/perturbations_0.onnx,/home/elipregerson/nnenum/vnncomp2025_benchmarks/benchmarks/safenlp_2024/vnnlib/medical/hyperrectangle_337.vnnlib,.007924912,sat,.675340497
safenlp_2024,/home/elipregerson/nnenum/vnncomp2025_benchmarks/benchmarks/safenlp_2024/onnx/ruarobot/perturbations_0.onnx,/home/elipregerson/nnenum/vnncomp2025_benchmarks/benchmarks/safenlp_2024/vnnlib/ruarobot/hyperrectangle_2433.vnnlib,.006037114,sat,.646566591
safenlp_2024,/home/elipregerson/nnenum/vnncomp2025_benchmarks/benchmarks/safenlp_2024/onnx/medical/perturbations_0.onnx,/home/elipregerson/nnenum/vnncomp2025_benchmarks/benchmarks/safenlp_2024/vnnlib/medical/hyperrectangle_2726.vnnlib,.006026948,unsat,9.557551485
safenlp_2024,/home/elipregerson/nnenum/vnncomp2025_benchmarks/benchmarks/safenlp_2024/onnx/ruarobot/perturbations_0.onnx,/home/elipregerson/nnenum/vnncomp2025_benchmarks/benchmarks/safenlp_2024/vnnlib/ruarobot/hyperrectangle_5110.vnnlib,.008308815,timeout,20.764174601
safenlp_2024,/home/elipregerson/nnenum/vnncomp2025_benchmarks/benchmarks/safenlp_2024/onnx/medical/perturbations_0.onnx,/home/elipregerson/nnenum/vnncomp2025_benchmarks/benchmarks/safenlp_2024/vnnlib/medical/hyperrectangle_703.vnnlib,.009193096,unsat,.818649389
safenlp_2024,/home/elipregerson/nnenum/vnncomp2025_benchmarks/benchmarks/safenlp_2024/onnx/ruarobot/perturbations_0.onnx,/home/elipregerson/nnenum/vnncomp2025_benchmarks/benchmarks/safenlp_2024/vnnlib/ruarobot/hyperrectangle_6100.vnnlib,.010129604,unsat,4.747475663
safenlp_2024,/home/elipregerson/nnenum/vnncomp2025_benchmarks/benchmarks/safenlp_2024/onnx/ruarobot/perturbations_0.onnx,/home/elipregerson/nnenum/vnncomp2025_benchmarks/benchmarks/safenlp_2024/vnnlib/ruarobot/hyperrectangle_5221.vnnlib,.006225428,sat,.645131482
safenlp_2024,/home/elipregerson/nnenum/vnncomp2025_benchmarks/benchmarks/safenlp_2024/onnx/medical/perturbations_0.onnx,/home/elipregerson/nnenum/vnncomp2025_benchmarks/benchmarks/safenlp_2024/vnnlib/medical/hyperrectangle_2612.vnnlib,.006148062,unsat,.936386858
safenlp_2024,/home/elipregerson/nnenum/vnncomp2025_benchmarks/benchmarks/safenlp_2024/onnx/ruarobot/perturbations_0.onnx,/home/elipregerson/nnenum/vnncomp2025_benchmarks/benchmarks/safenlp_2024/vnnlib/ruarobot/hyperrectangle_2652.vnnlib,.005945355,sat,.648135037
safenlp_2024,/home/elipregerson/nnenum/vnncomp2025_benchmarks/benchmarks/safenlp_2024/onnx/medical/perturbations_0.onnx,/home/elipregerson/nnenum/vnncomp2025_benchmarks/benchmarks/safenlp_2024/vnnlib/medical/hyperrectangle_328.vnnlib,.006077835,unsat,19.761900017
safenlp_2024,/home/elipregerson/nnenum/vnncomp2025_benchmarks/benchmarks/safenlp_2024/onnx/ruarobot/perturbations_0.onnx,/home/elipregerson/nnenum/vnncomp2025_benchmarks/benchmarks/safenlp_2024/vnnlib/ruarobot/hyperrectangle_7655.vnnlib,.008081240,sat,.745494022
safenlp_2024,/home/elipregerson/nnenum/vnncomp2025_benchmarks/benchmarks/safenlp_2024/onnx/ruarobot/perturbations_0.onnx,/home/elipregerson/nnenum/vnncomp2025_benchmarks/benchmarks/safenlp_2024/vnnlib/ruarobot/hyperrectangle_1432.vnnlib,.005931752,sat,.645169500
safenlp_2024,/home/elipregerson/nnenum/vnncomp2025_benchmarks/benchmarks/safenlp_2024/onnx/ruarobot/perturbations_0.onnx,/home/elipregerson/nnenum/vnncomp2025_benchmarks/benchmarks/safenlp_2024/vnnlib/ruarobot/hyperrectangle_1338.vnnlib,.006099159,sat,.646968087
safenlp_2024,/home/elipregerson/nnenum/vnncomp2025_benchmarks/benchmarks/safenlp_2024/onnx/ruarobot/perturbations_0.onnx,/home/elipregerson/nnenum/vnncomp2025_benchmarks/benchmarks/safenlp_2024/vnnlib/ruarobot/hyperrectangle_56.vnnlib,.006139688,sat,.742288859
safenlp_2024,/home/elipregerson/nnenum/vnncomp2025_benchmarks/benchmarks/safenlp_2024/onnx/ruarobot/perturbations_0.onnx,/home/elipregerson/nnenum/vnncomp2025_benchmarks/benchmarks/safenlp_2024/vnnlib/ruarobot/hyperrectangle_3792.vnnlib,.006164625,sat,.633487233
safenlp_2024,/home/elipregerson/nnenum/vnncomp2025_benchmarks/benchmarks/safenlp_2024/onnx/ruarobot/perturbations_0.onnx,/home/elipregerson/nnenum/vnncomp2025_benchmarks/benchmarks/safenlp_2024/vnnlib/ruarobot/hyperrectangle_6778.vnnlib,.005987282,sat,.648741101
safenlp_2024,/home/elipregerson/nnenum/vnncomp2025_benchmarks/benchmarks/safenlp_2024/onnx/medical/perturbations_0.onnx,/home/elipregerson/nnenum/vnncomp2025_benchmarks/benchmarks/safenlp_2024/vnnlib/medical/hyperrectangle_691.vnnlib,.006205491,unsat,.606700396
safenlp_2024,/home/elipregerson/nnenum/vnncomp2025_benchmarks/benchmarks/safenlp_2024/onnx/ruarobot/perturbations_0.onnx,/home/elipregerson/nnenum/vnncomp2025_benchmarks/benchmarks/safenlp_2024/vnnlib/ruarobot/hyperrectangle_7279.vnnlib,.006193319,sat,.697051692
safenlp_2024,/home/elipregerson/nnenum/vnncomp2025_benchmarks/benchmarks/safenlp_2024/onnx/medical/perturbations_0.onnx,/home/elipregerson/nnenum/vnncomp2025_benchmarks/benchmarks/safenlp_2024/vnnlib/medical/hyperrectangle_359.vnnlib,.006052804,unsat,.605395638
safenlp_2024,/home/elipregerson/nnenum/vnncomp2025_benchmarks/benchmarks/safenlp_2024/onnx/medical/perturbations_0.onnx,/home/elipregerson/nnenum/vnncomp2025_benchmarks/benchmarks/safenlp_2024/vnnlib/medical/hyperrectangle_207.vnnlib,.006146223,unsat,1.059559327
safenlp_2024,/home/elipregerson/nnenum/vnncomp2025_benchmarks/benchmarks/safenlp_2024/onnx/ruarobot/perturbations_0.onnx,/home/elipregerson/nnenum/vnncomp2025_benchmarks/benchmarks/safenlp_2024/vnnlib/ruarobot/hyperrectangle_1745.vnnlib,.006173729,unsat,.605968205
safenlp_2024,/home/elipregerson/nnenum/vnncomp2025_benchmarks/benchmarks/safenlp_2024/onnx/medical/perturbations_0.onnx,/home/elipregerson/nnenum/vnncomp2025_benchmarks/benchmarks/safenlp_2024/vnnlib/medical/hyperrectangle_2565.vnnlib,.005925461,unsat,.600487932
safenlp_2024,/home/elipregerson/nnenum/vnncomp2025_benchmarks/benchmarks/safenlp_2024/onnx/ruarobot/perturbations_0.onnx,/home/elipregerson/nnenum/vnncomp2025_benchmarks/benchmarks/safenlp_2024/vnnlib/ruarobot/hyperrectangle_2650.vnnlib,.005982949,sat,.643380097
safenlp_2024,/home/elipregerson/nnenum/vnncomp2025_benchmarks/benchmarks/safenlp_2024/onnx/ruarobot/perturbations_0.onnx,/home/elipregerson/nnenum/vnncomp2025_benchmarks/benchmarks/safenlp_2024/vnnlib/ruarobot/hyperrectangle_2894.vnnlib,.006232307,unsat,1.309828147
safenlp_2024,/home/elipregerson/nnenum/vnncomp2025_benchmarks/benchmarks/safenlp_2024/onnx/ruarobot/perturbations_0.onnx,/home/elipregerson/nnenum/vnncomp2025_benchmarks/benchmarks/safenlp_2024/vnnlib/ruarobot/hyperrectangle_3171.vnnlib,.006025055,timeout,20.573325260
safenlp_2024,/home/elipregerson/nnenum/vnncomp2025_benchmarks/benchmarks/safenlp_2024/onnx/medical/perturbations_0.onnx,/home/elipregerson/nnenum/vnncomp2025_benchmarks/benchmarks/safenlp_2024/vnnlib/medical/hyperrectangle_2408.vnnlib,.011280419,unsat,3.811091526
safenlp_2024,/home/elipregerson/nnenum/vnncomp2025_benchmarks/benchmarks/safenlp_2024/onnx/ruarobot/perturbations_0.onnx,/home/elipregerson/nnenum/vnncomp2025_benchmarks/benchmarks/safenlp_2024/vnnlib/ruarobot/hyperrectangle_391.vnnlib,.006071565,unsat,1.500326757
safenlp_2024,/home/elipregerson/nnenum/vnncomp2025_benchmarks/benchmarks/safenlp_2024/onnx/ruarobot/perturbations_0.onnx,/home/elipregerson/nnenum/vnncomp2025_benchmarks/benchmarks/safenlp_2024/vnnlib/ruarobot/hyperrectangle_698.vnnlib,.005906250,sat,.640325341
safenlp_2024,/home/elipregerson/nnenum/vnncomp2025_benchmarks/benchmarks/safenlp_2024/onnx/ruarobot/perturbations_0.onnx,/home/elipregerson/nnenum/vnncomp2025_benchmarks/benchmarks/safenlp_2024/vnnlib/ruarobot/hyperrectangle_3235.vnnlib,.006543074,sat,.649206990
safenlp_2024,/home/elipregerson/nnenum/vnncomp2025_benchmarks/benchmarks/safenlp_2024/onnx/ruarobot/perturbations_0.onnx,/home/elipregerson/nnenum/vnncomp2025_benchmarks/benchmarks/safenlp_2024/vnnlib/ruarobot/hyperrectangle_6747.vnnlib,.006303819,sat,.640609154
safenlp_2024,/home/elipregerson/nnenum/vnncomp2025_benchmarks/benchmarks/safenlp_2024/onnx/ruarobot/perturbations_0.onnx,/home/elipregerson/nnenum/vnncomp2025_benchmarks/benchmarks/safenlp_2024/vnnlib/ruarobot/hyperrectangle_5146.vnnlib,.006331442,sat,.637919137
safenlp_2024,/home/elipregerson/nnenum/vnncomp2025_benchmarks/benchmarks/safenlp_2024/onnx/ruarobot/perturbations_0.onnx,/home/elipregerson/nnenum/vnncomp2025_benchmarks/benchmarks/safenlp_2024/vnnlib/ruarobot/hyperrectangle_5774.vnnlib,.006339554,sat,.641705825
safenlp_2024,/home/elipregerson/nnenum/vnncomp2025_benchmarks/benchmarks/safenlp_2024/onnx/ruarobot/perturbations_0.onnx,/home/elipregerson/nnenum/vnncomp2025_benchmarks/benchmarks/safenlp_2024/vnnlib/ruarobot/hyperrectangle_6218.vnnlib,.006378920,sat,.632417509
safenlp_2024,/home/elipregerson/nnenum/vnncomp2025_benchmarks/benchmarks/safenlp_2024/onnx/ruarobot/perturbations_0.onnx,/home/elipregerson/nnenum/vnncomp2025_benchmarks/benchmarks/safenlp_2024/vnnlib/ruarobot/hyperrectangle_1881.vnnlib,.005956995,unsat,.599176479
safenlp_2024,/home/elipregerson/nnenum/vnncomp2025_benchmarks/benchmarks/safenlp_2024/onnx/ruarobot/perturbations_0.onnx,/home/elipregerson/nnenum/vnncomp2025_benchmarks/benchmarks/safenlp_2024/vnnlib/ruarobot/hyperrectangle_5814.vnnlib,.006164915,sat,.645124553
safenlp_2024,/home/elipregerson/nnenum/vnncomp2025_benchmarks/benchmarks/safenlp_2024/onnx/ruarobot/perturbations_0.onnx,/home/elipregerson/nnenum/vnncomp2025_benchmarks/benchmarks/safenlp_2024/vnnlib/ruarobot/hyperrectangle_617.vnnlib,.006464643,timeout,20.559001694
safenlp_2024,/home/elipregerson/nnenum/vnncomp2025_benchmarks/benchmarks/safenlp_2024/onnx/ruarobot/perturbations_0.onnx,/home/elipregerson/nnenum/vnncomp2025_benchmarks/benchmarks/safenlp_2024/vnnlib/ruarobot/hyperrectangle_5720.vnnlib,.006049406,sat,.639858302
safenlp_2024,/home/elipregerson/nnenum/vnncomp2025_benchmarks/benchmarks/safenlp_2024/onnx/ruarobot/perturbations_0.onnx,/home/elipregerson/nnenum/vnncomp2025_benchmarks/benchmarks/safenlp_2024/vnnlib/ruarobot/hyperrectangle_5548.vnnlib,.005823480,sat,.637960773
safenlp_2024,/home/elipregerson/nnenum/vnncomp2025_benchmarks/benchmarks/safenlp_2024/onnx/medical/perturbations_0.onnx,/home/elipregerson/nnenum/vnncomp2025_benchmarks/benchmarks/safenlp_2024/vnnlib/medical/hyperrectangle_871.vnnlib,.005985936,unsat,.599397837
safenlp_2024,/home/elipregerson/nnenum/vnncomp2025_benchmarks/benchmarks/safenlp_2024/onnx/ruarobot/perturbations_0.onnx,/home/elipregerson/nnenum/vnncomp2025_benchmarks/benchmarks/safenlp_2024/vnnlib/ruarobot/hyperrectangle_5195.vnnlib,.006349926,sat,.647768504
safenlp_2024,/home/elipregerson/nnenum/vnncomp2025_benchmarks/benchmarks/safenlp_2024/onnx/ruarobot/perturbations_0.onnx,/home/elipregerson/nnenum/vnncomp2025_benchmarks/benchmarks/safenlp_2024/vnnlib/ruarobot/hyperrectangle_1195.vnnlib,.006180813,sat,.699157053
safenlp_2024,/home/elipregerson/nnenum/vnncomp2025_benchmarks/benchmarks/safenlp_2024/onnx/medical/perturbations_0.onnx,/home/elipregerson/nnenum/vnncomp2025_benchmarks/benchmarks/safenlp_2024/vnnlib/medical/hyperrectangle_946.vnnlib,.008796629,unsat,.597701785
safenlp_2024,/home/elipregerson/nnenum/vnncomp2025_benchmarks/benchmarks/safenlp_2024/onnx/ruarobot/perturbations_0.onnx,/home/elipregerson/nnenum/vnncomp2025_benchmarks/benchmarks/safenlp_2024/vnnlib/ruarobot/hyperrectangle_3902.vnnlib,.006014930,timeout,20.567715289
safenlp_2024,/home/elipregerson/nnenum/vnncomp2025_benchmarks/benchmarks/safenlp_2024/onnx/ruarobot/perturbations_0.onnx,/home/elipregerson/nnenum/vnncomp2025_benchmarks/benchmarks/safenlp_2024/vnnlib/ruarobot/hyperrectangle_2912.vnnlib,.006280314,unsat,4.203147872
safenlp_2024,/home/elipregerson/nnenum/vnncomp2025_benchmarks/benchmarks/safenlp_2024/onnx/medical/perturbations_0.onnx,/home/elipregerson/nnenum/vnncomp2025_benchmarks/benchmarks/safenlp_2024/vnnlib/medical/hyperrectangle_30.vnnlib,.006096202,unsat,.601498429
safenlp_2024,/home/elipregerson/nnenum/vnncomp2025_benchmarks/benchmarks/safenlp_2024/onnx/ruarobot/perturbations_0.onnx,/home/elipregerson/nnenum/vnncomp2025_benchmarks/benchmarks/safenlp_2024/vnnlib/ruarobot/hyperrectangle_4054.vnnlib,.006101447,unsat,1.314383708
safenlp_2024,/home/elipregerson/nnenum/vnncomp2025_benchmarks/benchmarks/safenlp_2024/onnx/ruarobot/perturbations_0.onnx,/home/elipregerson/nnenum/vnncomp2025_benchmarks/benchmarks/safenlp_2024/vnnlib/ruarobot/hyperrectangle_3464.vnnlib,.006089763,unsat,.995809298
safenlp_2024,/home/elipregerson/nnenum/vnncomp2025_benchmarks/benchmarks/safenlp_2024/onnx/medical/perturbations_0.onnx,/home/elipregerson/nnenum/vnncomp2025_benchmarks/benchmarks/safenlp_2024/vnnlib/medical/hyperrectangle_2184.vnnlib,.006070477,unsat,2.106189344
safenlp_2024,/home/elipregerson/nnenum/vnncomp2025_benchmarks/benchmarks/safenlp_2024/onnx/ruarobot/perturbations_0.onnx,/home/elipregerson/nnenum/vnncomp2025_benchmarks/benchmarks/safenlp_2024/vnnlib/ruarobot/hyperrectangle_6064.vnnlib,.005972394,sat,.644561785
safenlp_2024,/home/elipregerson/nnenum/vnncomp2025_benchmarks/benchmarks/safenlp_2024/onnx/ruarobot/perturbations_0.onnx,/home/elipregerson/nnenum/vnncomp2025_benchmarks/benchmarks/safenlp_2024/vnnlib/ruarobot/hyperrectangle_6363.vnnlib,.006265197,unsat,.599137484
safenlp_2024,/home/elipregerson/nnenum/vnncomp2025_benchmarks/benchmarks/safenlp_2024/onnx/ruarobot/perturbations_0.onnx,/home/elipregerson/nnenum/vnncomp2025_benchmarks/benchmarks/safenlp_2024/vnnlib/ruarobot/hyperrectangle_3926.vnnlib,.005957231,unsat,2.594875152
safenlp_2024,/home/elipregerson/nnenum/vnncomp2025_benchmarks/benchmarks/safenlp_2024/onnx/ruarobot/perturbations_0.onnx,/home/elipregerson/nnenum/vnncomp2025_benchmarks/benchmarks/safenlp_2024/vnnlib/ruarobot/hyperrectangle_2105.vnnlib,.006054796,sat,.750342141
safenlp_2024,/home/elipregerson/nnenum/vnncomp2025_benchmarks/benchmarks/safenlp_2024/onnx/ruarobot/perturbations_0.onnx,/home/elipregerson/nnenum/vnncomp2025_benchmarks/benchmarks/safenlp_2024/vnnlib/ruarobot/hyperrectangle_6988.vnnlib,.006220899,sat,.643462896
safenlp_2024,/home/elipregerson/nnenum/vnncomp2025_benchmarks/benchmarks/safenlp_2024/onnx/medical/perturbations_0.onnx,/home/elipregerson/nnenum/vnncomp2025_benchmarks/benchmarks/safenlp_2024/vnnlib/medical/hyperrectangle_1840.vnnlib,.006139184,unsat,.598579267
safenlp_2024,/home/elipregerson/nnenum/vnncomp2025_benchmarks/benchmarks/safenlp_2024/onnx/ruarobot/perturbations_0.onnx,/home/elipregerson/nnenum/vnncomp2025_benchmarks/benchmarks/safenlp_2024/vnnlib/ruarobot/hyperrectangle_6234.vnnlib,.006061823,sat,.645641075
safenlp_2024,/home/elipregerson/nnenum/vnncomp2025_benchmarks/benchmarks/safenlp_2024/onnx/ruarobot/perturbations_0.onnx,/home/elipregerson/nnenum/vnncomp2025_benchmarks/benchmarks/safenlp_2024/vnnlib/ruarobot/hyperrectangle_1658.vnnlib,.005921496,sat,.641304148
safenlp_2024,/home/elipregerson/nnenum/vnncomp2025_benchmarks/benchmarks/safenlp_2024/onnx/ruarobot/perturbations_0.onnx,/home/elipregerson/nnenum/vnncomp2025_benchmarks/benchmarks/safenlp_2024/vnnlib/ruarobot/hyperrectangle_7077.vnnlib,.006208683,sat,.639647949
safenlp_2024,/home/elipregerson/nnenum/vnncomp2025_benchmarks/benchmarks/safenlp_2024/onnx/ruarobot/perturbations_0.onnx,/home/elipregerson/nnenum/vnncomp2025_benchmarks/benchmarks/safenlp_2024/vnnlib/ruarobot/hyperrectangle_5014.vnnlib,.006279594,unsat,.799110929
safenlp_2024,/home/elipregerson/nnenum/vnncomp2025_benchmarks/benchmarks/safenlp_2024/onnx/medical/perturbations_0.onnx,/home/elipregerson/nnenum/vnncomp2025_benchmarks/benchmarks/safenlp_2024/vnnlib/medical/hyperrectangle_1988.vnnlib,.006041699,timeout,20.571104097
safenlp_2024,/home/elipregerson/nnenum/vnncomp2025_benchmarks/benchmarks/safenlp_2024/onnx/medical/perturbations_0.onnx,/home/elipregerson/nnenum/vnncomp2025_benchmarks/benchmarks/safenlp_2024/vnnlib/medical/hyperrectangle_1643.vnnlib,.005979820,unsat,.598285151
safenlp_2024,/home/elipregerson/nnenum/vnncomp2025_benchmarks/benchmarks/safenlp_2024/onnx/ruarobot/perturbations_0.onnx,/home/elipregerson/nnenum/vnncomp2025_benchmarks/benchmarks/safenlp_2024/vnnlib/ruarobot/hyperrectangle_3625.vnnlib,.011669656,timeout,20.574097806
safenlp_2024,/home/elipregerson/nnenum/vnncomp2025_benchmarks/benchmarks/safenlp_2024/onnx/ruarobot/perturbations_0.onnx,/home/elipregerson/nnenum/vnncomp2025_benchmarks/benchmarks/safenlp_2024/vnnlib/ruarobot/hyperrectangle_3009.vnnlib,.005819384,unsat,2.884581356
safenlp_2024,/home/elipregerson/nnenum/vnncomp2025_benchmarks/benchmarks/safenlp_2024/onnx/ruarobot/perturbations_0.onnx,/home/elipregerson/nnenum/vnncomp2025_benchmarks/benchmarks/safenlp_2024/vnnlib/ruarobot/hyperrectangle_1150.vnnlib,.006322281,sat,.639949926
safenlp_2024,/home/elipregerson/nnenum/vnncomp2025_benchmarks/benchmarks/safenlp_2024/onnx/ruarobot/perturbations_0.onnx,/home/elipregerson/nnenum/vnncomp2025_benchmarks/benchmarks/safenlp_2024/vnnlib/ruarobot/hyperrectangle_7745.vnnlib,.006014102,sat,.629936597
safenlp_2024,/home/elipregerson/nnenum/vnncomp2025_benchmarks/benchmarks/safenlp_2024/onnx/medical/perturbations_0.onnx,/home/elipregerson/nnenum/vnncomp2025_benchmarks/benchmarks/safenlp_2024/vnnlib/medical/hyperrectangle_1583.vnnlib,.005893153,unsat,.596787081
safenlp_2024,/home/elipregerson/nnenum/vnncomp2025_benchmarks/benchmarks/safenlp_2024/onnx/ruarobot/perturbations_0.onnx,/home/elipregerson/nnenum/vnncomp2025_benchmarks/benchmarks/safenlp_2024/vnnlib/ruarobot/hyperrectangle_5143.vnnlib,.005976441,sat,.645223700
safenlp_2024,/home/elipregerson/nnenum/vnncomp2025_benchmarks/benchmarks/safenlp_2024/onnx/ruarobot/perturbations_0.onnx,/home/elipregerson/nnenum/vnncomp2025_benchmarks/benchmarks/safenlp_2024/vnnlib/ruarobot/hyperrectangle_2101.vnnlib,.006335869,timeout,20.565923462
safenlp_2024,/home/elipregerson/nnenum/vnncomp2025_benchmarks/benchmarks/safenlp_2024/onnx/ruarobot/perturbations_0.onnx,/home/elipregerson/nnenum/vnncomp2025_benchmarks/benchmarks/safenlp_2024/vnnlib/ruarobot/hyperrectangle_1833.vnnlib,.005975184,sat,.636720798
safenlp_2024,/home/elipregerson/nnenum/vnncomp2025_benchmarks/benchmarks/safenlp_2024/onnx/medical/perturbations_0.onnx,/home/elipregerson/nnenum/vnncomp2025_benchmarks/benchmarks/safenlp_2024/vnnlib/medical/hyperrectangle_2310.vnnlib,.005961272,unsat,.605533325
safenlp_2024,/home/elipregerson/nnenum/vnncomp2025_benchmarks/benchmarks/safenlp_2024/onnx/ruarobot/perturbations_0.onnx,/home/elipregerson/nnenum/vnncomp2025_benchmarks/benchmarks/safenlp_2024/vnnlib/ruarobot/hyperrectangle_307.vnnlib,.005991269,sat,.643246026
safenlp_2024,/home/elipregerson/nnenum/vnncomp2025_benchmarks/benchmarks/safenlp_2024/onnx/ruarobot/perturbations_0.onnx,/home/elipregerson/nnenum/vnncomp2025_benchmarks/benchmarks/safenlp_2024/vnnlib/ruarobot/hyperrectangle_1382.vnnlib,.006008268,sat,.625901096
safenlp_2024,/home/elipregerson/nnenum/vnncomp2025_benchmarks/benchmarks/safenlp_2024/onnx/medical/perturbations_0.onnx,/home/elipregerson/nnenum/vnncomp2025_benchmarks/benchmarks/safenlp_2024/vnnlib/medical/hyperrectangle_996.vnnlib,.005909849,unsat,.918611934
safenlp_2024,/home/elipregerson/nnenum/vnncomp2025_benchmarks/benchmarks/safenlp_2024/onnx/ruarobot/perturbations_0.onnx,/home/elipregerson/nnenum/vnncomp2025_benchmarks/benchmarks/safenlp_2024/vnnlib/ruarobot/hyperrectangle_3551.vnnlib,.006185819,unsat,.648034577
safenlp_2024,/home/elipregerson/nnenum/vnncomp2025_benchmarks/benchmarks/safenlp_2024/onnx/ruarobot/perturbations_0.onnx,/home/elipregerson/nnenum/vnncomp2025_benchmarks/benchmarks/safenlp_2024/vnnlib/ruarobot/hyperrectangle_3499.vnnlib,.005912580,sat,.699682458
safenlp_2024,/home/elipregerson/nnenum/vnncomp2025_benchmarks/benchmarks/safenlp_2024/onnx/ruarobot/perturbations_0.onnx,/home/elipregerson/nnenum/vnncomp2025_benchmarks/benchmarks/safenlp_2024/vnnlib/ruarobot/hyperrectangle_6795.vnnlib,.005911385,sat,.652127648
safenlp_2024,/home/elipregerson/nnenum/vnncomp2025_benchmarks/benchmarks/safenlp_2024/onnx/ruarobot/perturbations_0.onnx,/home/elipregerson/nnenum/vnncomp2025_benchmarks/benchmarks/safenlp_2024/vnnlib/ruarobot/hyperrectangle_6990.vnnlib,.006134626,sat,1.105380567
safenlp_2024,/home/elipregerson/nnenum/vnncomp2025_benchmarks/benchmarks/safenlp_2024/onnx/ruarobot/perturbations_0.onnx,/home/elipregerson/nnenum/vnncomp2025_benchmarks/benchmarks/safenlp_2024/vnnlib/ruarobot/hyperrectangle_32.vnnlib,.005953001,unsat,.744249885
safenlp_2024,/home/elipregerson/nnenum/vnncomp2025_benchmarks/benchmarks/safenlp_2024/onnx/medical/perturbations_0.onnx,/home/elipregerson/nnenum/vnncomp2025_benchmarks/benchmarks/safenlp_2024/vnnlib/medical/hyperrectangle_987.vnnlib,.006002288,unsat,.597759406
safenlp_2024,/home/elipregerson/nnenum/vnncomp2025_benchmarks/benchmarks/safenlp_2024/onnx/medical/perturbations_0.onnx,/home/elipregerson/nnenum/vnncomp2025_benchmarks/benchmarks/safenlp_2024/vnnlib/medical/hyperrectangle_572.vnnlib,.006142679,unsat,.588260799
safenlp_2024,/home/elipregerson/nnenum/vnncomp2025_benchmarks/benchmarks/safenlp_2024/onnx/medical/perturbations_0.onnx,/home/elipregerson/nnenum/vnncomp2025_benchmarks/benchmarks/safenlp_2024/vnnlib/medical/hyperrectangle_2661.vnnlib,.005954748,sat,.650126397
safenlp_2024,/home/elipregerson/nnenum/vnncomp2025_benchmarks/benchmarks/safenlp_2024/onnx/ruarobot/perturbations_0.onnx,/home/elipregerson/nnenum/vnncomp2025_benchmarks/benchmarks/safenlp_2024/vnnlib/ruarobot/hyperrectangle_2041.vnnlib,.006192571,timeout,20.572142571
safenlp_2024,/home/elipregerson/nnenum/vnncomp2025_benchmarks/benchmarks/safenlp_2024/onnx/ruarobot/perturbations_0.onnx,/home/elipregerson/nnenum/vnncomp2025_benchmarks/benchmarks/safenlp_2024/vnnlib/ruarobot/hyperrectangle_2964.vnnlib,.008040250,unsat,.687211383
safenlp_2024,/home/elipregerson/nnenum/vnncomp2025_benchmarks/benchmarks/safenlp_2024/onnx/ruarobot/perturbations_0.onnx,/home/elipregerson/nnenum/vnncomp2025_benchmarks/benchmarks/safenlp_2024/vnnlib/ruarobot/hyperrectangle_1603.vnnlib,.006150416,sat,.642107292
safenlp_2024,/home/elipregerson/nnenum/vnncomp2025_benchmarks/benchmarks/safenlp_2024/onnx/ruarobot/perturbations_0.onnx,/home/elipregerson/nnenum/vnncomp2025_benchmarks/benchmarks/safenlp_2024/vnnlib/ruarobot/hyperrectangle_4801.vnnlib,.006351658,sat,.644666199
safenlp_2024,/home/elipregerson/nnenum/vnncomp2025_benchmarks/benchmarks/safenlp_2024/onnx/medical/perturbations_0.onnx,/home/elipregerson/nnenum/vnncomp2025_benchmarks/benchmarks/safenlp_2024/vnnlib/medical/hyperrectangle_271.vnnlib,.006231421,sat,.659532717
safenlp_2024,/home/elipregerson/nnenum/vnncomp2025_benchmarks/benchmarks/safenlp_2024/onnx/medical/perturbations_0.onnx,/home/elipregerson/nnenum/vnncomp2025_benchmarks/benchmarks/safenlp_2024/vnnlib/medical/hyperrectangle_843.vnnlib,.006069689,unsat,.587595587
safenlp_2024,/home/elipregerson/nnenum/vnncomp2025_benchmarks/benchmarks/safenlp_2024/onnx/ruarobot/perturbations_0.onnx,/home/elipregerson/nnenum/vnncomp2025_benchmarks/benchmarks/safenlp_2024/vnnlib/ruarobot/hyperrectangle_6080.vnnlib,.006242518,sat,.643705398
safenlp_2024,/home/elipregerson/nnenum/vnncomp2025_benchmarks/benchmarks/safenlp_2024/onnx/ruarobot/perturbations_0.onnx,/home/elipregerson/nnenum/vnncomp2025_benchmarks/benchmarks/safenlp_2024/vnnlib/ruarobot/hyperrectangle_5554.vnnlib,.006053961,sat,.639418650
safenlp_2024,/home/elipregerson/nnenum/vnncomp2025_benchmarks/benchmarks/safenlp_2024/onnx/ruarobot/perturbations_0.onnx,/home/elipregerson/nnenum/vnncomp2025_benchmarks/benchmarks/safenlp_2024/vnnlib/ruarobot/hyperrectangle_3362.vnnlib,.006013602,sat,.638788804
safenlp_2024,/home/elipregerson/nnenum/vnncomp2025_benchmarks/benchmarks/safenlp_2024/onnx/ruarobot/perturbations_0.onnx,/home/elipregerson/nnenum/vnncomp2025_benchmarks/benchmarks/safenlp_2024/vnnlib/ruarobot/hyperrectangle_7496.vnnlib,.006069758,unsat,.603497231
safenlp_2024,/home/elipregerson/nnenum/vnncomp2025_benchmarks/benchmarks/safenlp_2024/onnx/ruarobot/perturbations_0.onnx,/home/elipregerson/nnenum/vnncomp2025_benchmarks/benchmarks/safenlp_2024/vnnlib/ruarobot/hyperrectangle_4124.vnnlib,.006363695,sat,.635450839
safenlp_2024,/home/elipregerson/nnenum/vnncomp2025_benchmarks/benchmarks/safenlp_2024/onnx/ruarobot/perturbations_0.onnx,/home/elipregerson/nnenum/vnncomp2025_benchmarks/benchmarks/safenlp_2024/vnnlib/ruarobot/hyperrectangle_7037.vnnlib,.006090149,sat,.639345085
safenlp_2024,/home/elipregerson/nnenum/vnncomp2025_benchmarks/benchmarks/safenlp_2024/onnx/medical/perturbations_0.onnx,/home/elipregerson/nnenum/vnncomp2025_benchmarks/benchmarks/safenlp_2024/vnnlib/medical/hyperrectangle_189.vnnlib,.005931465,unsat,.590787238
safenlp_2024,/home/elipregerson/nnenum/vnncomp2025_benchmarks/benchmarks/safenlp_2024/onnx/ruarobot/perturbations_0.onnx,/home/elipregerson/nnenum/vnncomp2025_benchmarks/benchmarks/safenlp_2024/vnnlib/ruarobot/hyperrectangle_4115.vnnlib,.006060575,sat,.643568678
safenlp_2024,/home/elipregerson/nnenum/vnncomp2025_benchmarks/benchmarks/safenlp_2024/onnx/ruarobot/perturbations_0.onnx,/home/elipregerson/nnenum/vnncomp2025_benchmarks/benchmarks/safenlp_2024/vnnlib/ruarobot/hyperrectangle_7766.vnnlib,.006048363,sat,.639849347
safenlp_2024,/home/elipregerson/nnenum/vnncomp2025_benchmarks/benchmarks/safenlp_2024/onnx/medical/perturbations_0.onnx,/home/elipregerson/nnenum/vnncomp2025_benchmarks/benchmarks/safenlp_2024/vnnlib/medical/hyperrectangle_1833.vnnlib,.005917862,unsat,.592888684
safenlp_2024,/home/elipregerson/nnenum/vnncomp2025_benchmarks/benchmarks/safenlp_2024/onnx/medical/perturbations_0.onnx,/home/elipregerson/nnenum/vnncomp2025_benchmarks/benchmarks/safenlp_2024/vnnlib/medical/hyperrectangle_624.vnnlib,.006255060,unsat,.607946901
safenlp_2024,/home/elipregerson/nnenum/vnncomp2025_benchmarks/benchmarks/safenlp_2024/onnx/ruarobot/perturbations_0.onnx,/home/elipregerson/nnenum/vnncomp2025_benchmarks/benchmarks/safenlp_2024/vnnlib/ruarobot/hyperrectangle_769.vnnlib,.005944520,sat,.635900513
safenlp_2024,/home/elipregerson/nnenum/vnncomp2025_benchmarks/benchmarks/safenlp_2024/onnx/ruarobot/perturbations_0.onnx,/home/elipregerson/nnenum/vnncomp2025_benchmarks/benchmarks/safenlp_2024/vnnlib/ruarobot/hyperrectangle_1671.vnnlib,.006701761,sat,.641027935
safenlp_2024,/home/elipregerson/nnenum/vnncomp2025_benchmarks/benchmarks/safenlp_2024/onnx/ruarobot/perturbations_0.onnx,/home/elipregerson/nnenum/vnncomp2025_benchmarks/benchmarks/safenlp_2024/vnnlib/ruarobot/hyperrectangle_35.vnnlib,.006107212,sat,.646990207
safenlp_2024,/home/elipregerson/nnenum/vnncomp2025_benchmarks/benchmarks/safenlp_2024/onnx/medical/perturbations_0.onnx,/home/elipregerson/nnenum/vnncomp2025_benchmarks/benchmarks/safenlp_2024/vnnlib/medical/hyperrectangle_668.vnnlib,.006011865,unsat,.595744498
safenlp_2024,/home/elipregerson/nnenum/vnncomp2025_benchmarks/benchmarks/safenlp_2024/onnx/ruarobot/perturbations_0.onnx,/home/elipregerson/nnenum/vnncomp2025_benchmarks/benchmarks/safenlp_2024/vnnlib/ruarobot/hyperrectangle_4786.vnnlib,.006112016,sat,.640531290
safenlp_2024,/home/elipregerson/nnenum/vnncomp2025_benchmarks/benchmarks/safenlp_2024/onnx/ruarobot/perturbations_0.onnx,/home/elipregerson/nnenum/vnncomp2025_benchmarks/benchmarks/safenlp_2024/vnnlib/ruarobot/hyperrectangle_4279.vnnlib,.006187666,sat,.642253845
safenlp_2024,/home/elipregerson/nnenum/vnncomp2025_benchmarks/benchmarks/safenlp_2024/onnx/ruarobot/perturbations_0.onnx,/home/elipregerson/nnenum/vnncomp2025_benchmarks/benchmarks/safenlp_2024/vnnlib/ruarobot/hyperrectangle_7155.vnnlib,.005995616,sat,.640331102
safenlp_2024,/home/elipregerson/nnenum/vnncomp2025_benchmarks/benchmarks/safenlp_2024/onnx/medical/perturbations_0.onnx,/home/elipregerson/nnenum/vnncomp2025_benchmarks/benchmarks/safenlp_2024/vnnlib/medical/hyperrectangle_54.vnnlib,.005973486,unsat,.605904357
safenlp_2024,/home/elipregerson/nnenum/vnncomp2025_benchmarks/benchmarks/safenlp_2024/onnx/ruarobot/perturbations_0.onnx,/home/elipregerson/nnenum/vnncomp2025_benchmarks/benchmarks/safenlp_2024/vnnlib/ruarobot/hyperrectangle_5870.vnnlib,.006059776,sat,.861804793
safenlp_2024,/home/elipregerson/nnenum/vnncomp2025_benchmarks/benchmarks/safenlp_2024/onnx/medical/perturbations_0.onnx,/home/elipregerson/nnenum/vnncomp2025_benchmarks/benchmarks/safenlp_2024/vnnlib/medical/hyperrectangle_1639.vnnlib,.006161642,sat,.638602149
safenlp_2024,/home/elipregerson/nnenum/vnncomp2025_benchmarks/benchmarks/safenlp_2024/onnx/ruarobot/perturbations_0.onnx,/home/elipregerson/nnenum/vnncomp2025_benchmarks/benchmarks/safenlp_2024/vnnlib/ruarobot/hyperrectangle_6140.vnnlib,.006044906,sat,.641857005
safenlp_2024,/home/elipregerson/nnenum/vnncomp2025_benchmarks/benchmarks/safenlp_2024/onnx/medical/perturbations_0.onnx,/home/elipregerson/nnenum/vnncomp2025_benchmarks/benchmarks/safenlp_2024/vnnlib/medical/hyperrectangle_41.vnnlib,.006328432,timeout,20.552883723
safenlp_2024,/home/elipregerson/nnenum/vnncomp2025_benchmarks/benchmarks/safenlp_2024/onnx/ruarobot/perturbations_0.onnx,/home/elipregerson/nnenum/vnncomp2025_benchmarks/benchmarks/safenlp_2024/vnnlib/ruarobot/hyperrectangle_5998.vnnlib,.006081568,timeout,20.551441762
safenlp_2024,/home/elipregerson/nnenum/vnncomp2025_benchmarks/benchmarks/safenlp_2024/onnx/ruarobot/perturbations_0.onnx,/home/elipregerson/nnenum/vnncomp2025_benchmarks/benchmarks/safenlp_2024/vnnlib/ruarobot/hyperrectangle_3996.vnnlib,.005970445,sat,.638926906
safenlp_2024,/home/elipregerson/nnenum/vnncomp2025_benchmarks/benchmarks/safenlp_2024/onnx/ruarobot/perturbations_0.onnx,/home/elipregerson/nnenum/vnncomp2025_benchmarks/benchmarks/safenlp_2024/vnnlib/ruarobot/hyperrectangle_5885.vnnlib,.006247306,sat,.637850827
safenlp_2024,/home/elipregerson/nnenum/vnncomp2025_benchmarks/benchmarks/safenlp_2024/onnx/ruarobot/perturbations_0.onnx,/home/elipregerson/nnenum/vnncomp2025_benchmarks/benchmarks/safenlp_2024/vnnlib/ruarobot/hyperrectangle_3035.vnnlib,.006177123,unsat,1.432702296
safenlp_2024,/home/elipregerson/nnenum/vnncomp2025_benchmarks/benchmarks/safenlp_2024/onnx/ruarobot/perturbations_0.onnx,/home/elipregerson/nnenum/vnncomp2025_benchmarks/benchmarks/safenlp_2024/vnnlib/ruarobot/hyperrectangle_7545.vnnlib,.006127177,unsat,11.806248946
safenlp_2024,/home/elipregerson/nnenum/vnncomp2025_benchmarks/benchmarks/safenlp_2024/onnx/ruarobot/perturbations_0.onnx,/home/elipregerson/nnenum/vnncomp2025_benchmarks/benchmarks/safenlp_2024/vnnlib/ruarobot/hyperrectangle_5540.vnnlib,.012157633,sat,1.019391041
safenlp_2024,/home/elipregerson/nnenum/vnncomp2025_benchmarks/benchmarks/safenlp_2024/onnx/ruarobot/perturbations_0.onnx,/home/elipregerson/nnenum/vnncomp2025_benchmarks/benchmarks/safenlp_2024/vnnlib/ruarobot/hyperrectangle_7172.vnnlib,.012289648,unsat,.638037739
safenlp_2024,/home/elipregerson/nnenum/vnncomp2025_benchmarks/benchmarks/safenlp_2024/onnx/medical/perturbations_0.onnx,/home/elipregerson/nnenum/vnncomp2025_benchmarks/benchmarks/safenlp_2024/vnnlib/medical/hyperrectangle_594.vnnlib,.005933705,unsat,.590260728
safenlp_2024,/home/elipregerson/nnenum/vnncomp2025_benchmarks/benchmarks/safenlp_2024/onnx/ruarobot/perturbations_0.onnx,/home/elipregerson/nnenum/vnncomp2025_benchmarks/benchmarks/safenlp_2024/vnnlib/ruarobot/hyperrectangle_1154.vnnlib,.006102193,unsat,3.538109049
safenlp_2024,/home/elipregerson/nnenum/vnncomp2025_benchmarks/benchmarks/safenlp_2024/onnx/ruarobot/perturbations_0.onnx,/home/elipregerson/nnenum/vnncomp2025_benchmarks/benchmarks/safenlp_2024/vnnlib/ruarobot/hyperrectangle_6648.vnnlib,.006023442,sat,.647550106
safenlp_2024,/home/elipregerson/nnenum/vnncomp2025_benchmarks/benchmarks/safenlp_2024/onnx/ruarobot/perturbations_0.onnx,/home/elipregerson/nnenum/vnncomp2025_benchmarks/benchmarks/safenlp_2024/vnnlib/ruarobot/hyperrectangle_3901.vnnlib,.006090653,unsat,.596783695
safenlp_2024,/home/elipregerson/nnenum/vnncomp2025_benchmarks/benchmarks/safenlp_2024/onnx/medical/perturbations_0.onnx,/home/elipregerson/nnenum/vnncomp2025_benchmarks/benchmarks/safenlp_2024/vnnlib/medical/hyperrectangle_1794.vnnlib,.005934263,unsat,.596946232
safenlp_2024,/home/elipregerson/nnenum/vnncomp2025_benchmarks/benchmarks/safenlp_2024/onnx/ruarobot/perturbations_0.onnx,/home/elipregerson/nnenum/vnncomp2025_benchmarks/benchmarks/safenlp_2024/vnnlib/ruarobot/hyperrectangle_33.vnnlib,.006062807,sat,.647982055
safenlp_2024,/home/elipregerson/nnenum/vnncomp2025_benchmarks/benchmarks/safenlp_2024/onnx/medical/perturbations_0.onnx,/home/elipregerson/nnenum/vnncomp2025_benchmarks/benchmarks/safenlp_2024/vnnlib/medical/hyperrectangle_311.vnnlib,.006417079,unsat,.603665892
safenlp_2024,/home/elipregerson/nnenum/vnncomp2025_benchmarks/benchmarks/safenlp_2024/onnx/medical/perturbations_0.onnx,/home/elipregerson/nnenum/vnncomp2025_benchmarks/benchmarks/safenlp_2024/vnnlib/medical/hyperrectangle_1784.vnnlib,.006004372,unsat,.589000723
safenlp_2024,/home/elipregerson/nnenum/vnncomp2025_benchmarks/benchmarks/safenlp_2024/onnx/ruarobot/perturbations_0.onnx,/home/elipregerson/nnenum/vnncomp2025_benchmarks/benchmarks/safenlp_2024/vnnlib/ruarobot/hyperrectangle_5233.vnnlib,.005908545,sat,.635513879
safenlp_2024,/home/elipregerson/nnenum/vnncomp2025_benchmarks/benchmarks/safenlp_2024/onnx/medical/perturbations_0.onnx,/home/elipregerson/nnenum/vnncomp2025_benchmarks/benchmarks/safenlp_2024/vnnlib/medical/hyperrectangle_1520.vnnlib,.006186764,unsat,.593378834
safenlp_2024,/home/elipregerson/nnenum/vnncomp2025_benchmarks/benchmarks/safenlp_2024/onnx/ruarobot/perturbations_0.onnx,/home/elipregerson/nnenum/vnncomp2025_benchmarks/benchmarks/safenlp_2024/vnnlib/ruarobot/hyperrectangle_196.vnnlib,.006046334,sat,.651684024
safenlp_2024,/home/elipregerson/nnenum/vnncomp2025_benchmarks/benchmarks/safenlp_2024/onnx/medical/perturbations_0.onnx,/home/elipregerson/nnenum/vnncomp2025_benchmarks/benchmarks/safenlp_2024/vnnlib/medical/hyperrectangle_929.vnnlib,.007934391,unsat,.592278371
safenlp_2024,/home/elipregerson/nnenum/vnncomp2025_benchmarks/benchmarks/safenlp_2024/onnx/medical/perturbations_0.onnx,/home/elipregerson/nnenum/vnncomp2025_benchmarks/benchmarks/safenlp_2024/vnnlib/medical/hyperrectangle_1163.vnnlib,.006036591,sat,.592528701
safenlp_2024,/home/elipregerson/nnenum/vnncomp2025_benchmarks/benchmarks/safenlp_2024/onnx/ruarobot/perturbations_0.onnx,/home/elipregerson/nnenum/vnncomp2025_benchmarks/benchmarks/safenlp_2024/vnnlib/ruarobot/hyperrectangle_5484.vnnlib,.005907227,sat,.648300583
safenlp_2024,/home/elipregerson/nnenum/vnncomp2025_benchmarks/benchmarks/safenlp_2024/onnx/medical/perturbations_0.onnx,/home/elipregerson/nnenum/vnncomp2025_benchmarks/benchmarks/safenlp_2024/vnnlib/medical/hyperrectangle_2588.vnnlib,.006165358,unsat,1.150143072
safenlp_2024,/home/elipregerson/nnenum/vnncomp2025_benchmarks/benchmarks/safenlp_2024/onnx/ruarobot/perturbations_0.onnx,/home/elipregerson/nnenum/vnncomp2025_benchmarks/benchmarks/safenlp_2024/vnnlib/ruarobot/hyperrectangle_433.vnnlib,.006218674,sat,.641033519
safenlp_2024,/home/elipregerson/nnenum/vnncomp2025_benchmarks/benchmarks/safenlp_2024/onnx/medical/perturbations_0.onnx,/home/elipregerson/nnenum/vnncomp2025_benchmarks/benchmarks/safenlp_2024/vnnlib/medical/hyperrectangle_1332.vnnlib,.006068606,unsat,.595875111
safenlp_2024,/home/elipregerson/nnenum/vnncomp2025_benchmarks/benchmarks/safenlp_2024/onnx/ruarobot/perturbations_0.onnx,/home/elipregerson/nnenum/vnncomp2025_benchmarks/benchmarks/safenlp_2024/vnnlib/ruarobot/hyperrectangle_3958.vnnlib,.006242627,sat,.653072601
safenlp_2024,/home/elipregerson/nnenum/vnncomp2025_benchmarks/benchmarks/safenlp_2024/onnx/ruarobot/perturbations_0.onnx,/home/elipregerson/nnenum/vnncomp2025_benchmarks/benchmarks/safenlp_2024/vnnlib/ruarobot/hyperrectangle_3530.vnnlib,.006032025,timeout,20.550135761
safenlp_2024,/home/elipregerson/nnenum/vnncomp2025_benchmarks/benchmarks/safenlp_2024/onnx/ruarobot/perturbations_0.onnx,/home/elipregerson/nnenum/vnncomp2025_benchmarks/benchmarks/safenlp_2024/vnnlib/ruarobot/hyperrectangle_6390.vnnlib,.005823275,sat,.631702859
safenlp_2024,/home/elipregerson/nnenum/vnncomp2025_benchmarks/benchmarks/safenlp_2024/onnx/medical/perturbations_0.onnx,/home/elipregerson/nnenum/vnncomp2025_benchmarks/benchmarks/safenlp_2024/vnnlib/medical/hyperrectangle_2784.vnnlib,.005959541,unsat,.598039121
safenlp_2024,/home/elipregerson/nnenum/vnncomp2025_benchmarks/benchmarks/safenlp_2024/onnx/ruarobot/perturbations_0.onnx,/home/elipregerson/nnenum/vnncomp2025_benchmarks/benchmarks/safenlp_2024/vnnlib/ruarobot/hyperrectangle_2779.vnnlib,.006010881,sat,.648166694
safenlp_2024,/home/elipregerson/nnenum/vnncomp2025_benchmarks/benchmarks/safenlp_2024/onnx/ruarobot/perturbations_0.onnx,/home/elipregerson/nnenum/vnncomp2025_benchmarks/benchmarks/safenlp_2024/vnnlib/ruarobot/hyperrectangle_4249.vnnlib,.006200230,sat,.647422018
safenlp_2024,/home/elipregerson/nnenum/vnncomp2025_benchmarks/benchmarks/safenlp_2024/onnx/ruarobot/perturbations_0.onnx,/home/elipregerson/nnenum/vnncomp2025_benchmarks/benchmarks/safenlp_2024/vnnlib/ruarobot/hyperrectangle_3223.vnnlib,.006072323,sat,.633396562
safenlp_2024,/home/elipregerson/nnenum/vnncomp2025_benchmarks/benchmarks/safenlp_2024/onnx/medical/perturbations_0.onnx,/home/elipregerson/nnenum/vnncomp2025_benchmarks/benchmarks/safenlp_2024/vnnlib/medical/hyperrectangle_2061.vnnlib,.006207695,unsat,7.934175150
safenlp_2024,/home/elipregerson/nnenum/vnncomp2025_benchmarks/benchmarks/safenlp_2024/onnx/ruarobot/perturbations_0.onnx,/home/elipregerson/nnenum/vnncomp2025_benchmarks/benchmarks/safenlp_2024/vnnlib/ruarobot/hyperrectangle_7775.vnnlib,.010083319,sat,.881307510
safenlp_2024,/home/elipregerson/nnenum/vnncomp2025_benchmarks/benchmarks/safenlp_2024/onnx/medical/perturbations_0.onnx,/home/elipregerson/nnenum/vnncomp2025_benchmarks/benchmarks/safenlp_2024/vnnlib/medical/hyperrectangle_620.vnnlib,.007963366,unsat,.802125360
safenlp_2024,/home/elipregerson/nnenum/vnncomp2025_benchmarks/benchmarks/safenlp_2024/onnx/ruarobot/perturbations_0.onnx,/home/elipregerson/nnenum/vnncomp2025_benchmarks/benchmarks/safenlp_2024/vnnlib/ruarobot/hyperrectangle_4454.vnnlib,.007925362,sat,.857404544
safenlp_2024,/home/elipregerson/nnenum/vnncomp2025_benchmarks/benchmarks/safenlp_2024/onnx/ruarobot/perturbations_0.onnx,/home/elipregerson/nnenum/vnncomp2025_benchmarks/benchmarks/safenlp_2024/vnnlib/ruarobot/hyperrectangle_6870.vnnlib,.005868211,sat,.960696109
safenlp_2024,/home/elipregerson/nnenum/vnncomp2025_benchmarks/benchmarks/safenlp_2024/onnx/medical/perturbations_0.onnx,/home/elipregerson/nnenum/vnncomp2025_benchmarks/benchmarks/safenlp_2024/vnnlib/medical/hyperrectangle_2647.vnnlib,.006216952,sat,.630329403
safenlp_2024,/home/elipregerson/nnenum/vnncomp2025_benchmarks/benchmarks/safenlp_2024/onnx/ruarobot/perturbations_0.onnx,/home/elipregerson/nnenum/vnncomp2025_benchmarks/benchmarks/safenlp_2024/vnnlib/ruarobot/hyperrectangle_6942.vnnlib,.005883207,sat,.639716142
safenlp_2024,/home/elipregerson/nnenum/vnncomp2025_benchmarks/benchmarks/safenlp_2024/onnx/medical/perturbations_0.onnx,/home/elipregerson/nnenum/vnncomp2025_benchmarks/benchmarks/safenlp_2024/vnnlib/medical/hyperrectangle_913.vnnlib,.006092060,unsat,.597137280
safenlp_2024,/home/elipregerson/nnenum/vnncomp2025_benchmarks/benchmarks/safenlp_2024/onnx/ruarobot/perturbations_0.onnx,/home/elipregerson/nnenum/vnncomp2025_benchmarks/benchmarks/safenlp_2024/vnnlib/ruarobot/hyperrectangle_2685.vnnlib,.006051387,sat,.635052228
safenlp_2024,/home/elipregerson/nnenum/vnncomp2025_benchmarks/benchmarks/safenlp_2024/onnx/medical/perturbations_0.onnx,/home/elipregerson/nnenum/vnncomp2025_benchmarks/benchmarks/safenlp_2024/vnnlib/medical/hyperrectangle_2562.vnnlib,.006432369,unsat,.605264721
safenlp_2024,/home/elipregerson/nnenum/vnncomp2025_benchmarks/benchmarks/safenlp_2024/onnx/ruarobot/perturbations_0.onnx,/home/elipregerson/nnenum/vnncomp2025_benchmarks/benchmarks/safenlp_2024/vnnlib/ruarobot/hyperrectangle_4941.vnnlib,.006155966,unsat,.705398913
safenlp_2024,/home/elipregerson/nnenum/vnncomp2025_benchmarks/benchmarks/safenlp_2024/onnx/ruarobot/perturbations_0.onnx,/home/elipregerson/nnenum/vnncomp2025_benchmarks/benchmarks/safenlp_2024/vnnlib/ruarobot/hyperrectangle_3112.vnnlib,.005981266,sat,.630628280
safenlp_2024,/home/elipregerson/nnenum/vnncomp2025_benchmarks/benchmarks/safenlp_2024/onnx/ruarobot/perturbations_0.onnx,/home/elipregerson/nnenum/vnncomp2025_benchmarks/benchmarks/safenlp_2024/vnnlib/ruarobot/hyperrectangle_7684.vnnlib,.006027089,sat,.704150475
safenlp_2024,/home/elipregerson/nnenum/vnncomp2025_benchmarks/benchmarks/safenlp_2024/onnx/ruarobot/perturbations_0.onnx,/home/elipregerson/nnenum/vnncomp2025_benchmarks/benchmarks/safenlp_2024/vnnlib/ruarobot/hyperrectangle_7803.vnnlib,.006221273,sat,.643581289
safenlp_2024,/home/elipregerson/nnenum/vnncomp2025_benchmarks/benchmarks/safenlp_2024/onnx/ruarobot/perturbations_0.onnx,/home/elipregerson/nnenum/vnncomp2025_benchmarks/benchmarks/safenlp_2024/vnnlib/ruarobot/hyperrectangle_2729.vnnlib,.005948311,sat,.654313899
safenlp_2024,/home/elipregerson/nnenum/vnncomp2025_benchmarks/benchmarks/safenlp_2024/onnx/ruarobot/perturbations_0.onnx,/home/elipregerson/nnenum/vnncomp2025_benchmarks/benchmarks/safenlp_2024/vnnlib/ruarobot/hyperrectangle_405.vnnlib,.006016471,timeout,20.553398669
safenlp_2024,/home/elipregerson/nnenum/vnncomp2025_benchmarks/benchmarks/safenlp_2024/onnx/ruarobot/perturbations_0.onnx,/home/elipregerson/nnenum/vnncomp2025_benchmarks/benchmarks/safenlp_2024/vnnlib/ruarobot/hyperrectangle_2163.vnnlib,.006122288,sat,.633274860
safenlp_2024,/home/elipregerson/nnenum/vnncomp2025_benchmarks/benchmarks/safenlp_2024/onnx/ruarobot/perturbations_0.onnx,/home/elipregerson/nnenum/vnncomp2025_benchmarks/benchmarks/safenlp_2024/vnnlib/ruarobot/hyperrectangle_3354.vnnlib,.006142474,unsat,18.820943258
safenlp_2024,/home/elipregerson/nnenum/vnncomp2025_benchmarks/benchmarks/safenlp_2024/onnx/ruarobot/perturbations_0.onnx,/home/elipregerson/nnenum/vnncomp2025_benchmarks/benchmarks/safenlp_2024/vnnlib/ruarobot/hyperrectangle_2887.vnnlib,.006086505,sat,.652615695
safenlp_2024,/home/elipregerson/nnenum/vnncomp2025_benchmarks/benchmarks/safenlp_2024/onnx/ruarobot/perturbations_0.onnx,/home/elipregerson/nnenum/vnncomp2025_benchmarks/benchmarks/safenlp_2024/vnnlib/ruarobot/hyperrectangle_4388.vnnlib,.006262061,timeout,20.552175530
safenlp_2024,/home/elipregerson/nnenum/vnncomp2025_benchmarks/benchmarks/safenlp_2024/onnx/ruarobot/perturbations_0.onnx,/home/elipregerson/nnenum/vnncomp2025_benchmarks/benchmarks/safenlp_2024/vnnlib/ruarobot/hyperrectangle_699.vnnlib,.005872289,sat,.639888424
safenlp_2024,/home/elipregerson/nnenum/vnncomp2025_benchmarks/benchmarks/safenlp_2024/onnx/ruarobot/perturbations_0.onnx,/home/elipregerson/nnenum/vnncomp2025_benchmarks/benchmarks/safenlp_2024/vnnlib/ruarobot/hyperrectangle_4957.vnnlib,.005990711,unsat,1.224655701
safenlp_2024,/home/elipregerson/nnenum/vnncomp2025_benchmarks/benchmarks/safenlp_2024/onnx/ruarobot/perturbations_0.onnx,/home/elipregerson/nnenum/vnncomp2025_benchmarks/benchmarks/safenlp_2024/vnnlib/ruarobot/hyperrectangle_4323.vnnlib,.006149978,sat,.644227358
safenlp_2024,/home/elipregerson/nnenum/vnncomp2025_benchmarks/benchmarks/safenlp_2024/onnx/ruarobot/perturbations_0.onnx,/home/elipregerson/nnenum/vnncomp2025_benchmarks/benchmarks/safenlp_2024/vnnlib/ruarobot/hyperrectangle_4237.vnnlib,.006025019,sat,.645310677
safenlp_2024,/home/elipregerson/nnenum/vnncomp2025_benchmarks/benchmarks/safenlp_2024/onnx/medical/perturbations_0.onnx,/home/elipregerson/nnenum/vnncomp2025_benchmarks/benchmarks/safenlp_2024/vnnlib/medical/hyperrectangle_2321.vnnlib,.006556544,timeout,20.580485897
safenlp_2024,/home/elipregerson/nnenum/vnncomp2025_benchmarks/benchmarks/safenlp_2024/onnx/medical/perturbations_0.onnx,/home/elipregerson/nnenum/vnncomp2025_benchmarks/benchmarks/safenlp_2024/vnnlib/medical/hyperrectangle_300.vnnlib,.006042341,sat,.642577688
safenlp_2024,/home/elipregerson/nnenum/vnncomp2025_benchmarks/benchmarks/safenlp_2024/onnx/ruarobot/perturbations_0.onnx,/home/elipregerson/nnenum/vnncomp2025_benchmarks/benchmarks/safenlp_2024/vnnlib/ruarobot/hyperrectangle_45.vnnlib,.006180285,sat,.647463865
safenlp_2024,/home/elipregerson/nnenum/vnncomp2025_benchmarks/benchmarks/safenlp_2024/onnx/ruarobot/perturbations_0.onnx,/home/elipregerson/nnenum/vnncomp2025_benchmarks/benchmarks/safenlp_2024/vnnlib/ruarobot/hyperrectangle_2552.vnnlib,.006105462,sat,.634058339
safenlp_2024,/home/elipregerson/nnenum/vnncomp2025_benchmarks/benchmarks/safenlp_2024/onnx/ruarobot/perturbations_0.onnx,/home/elipregerson/nnenum/vnncomp2025_benchmarks/benchmarks/safenlp_2024/vnnlib/ruarobot/hyperrectangle_2486.vnnlib,.006057939,sat,.633213752
safenlp_2024,/home/elipregerson/nnenum/vnncomp2025_benchmarks/benchmarks/safenlp_2024/onnx/ruarobot/perturbations_0.onnx,/home/elipregerson/nnenum/vnncomp2025_benchmarks/benchmarks/safenlp_2024/vnnlib/ruarobot/hyperrectangle_1368.vnnlib,.006153621,sat,.641995598
safenlp_2024,/home/elipregerson/nnenum/vnncomp2025_benchmarks/benchmarks/safenlp_2024/onnx/ruarobot/perturbations_0.onnx,/home/elipregerson/nnenum/vnncomp2025_benchmarks/benchmarks/safenlp_2024/vnnlib/ruarobot/hyperrectangle_7661.vnnlib,.006299767,sat,.637116776
safenlp_2024,/home/elipregerson/nnenum/vnncomp2025_benchmarks/benchmarks/safenlp_2024/onnx/ruarobot/perturbations_0.onnx,/home/elipregerson/nnenum/vnncomp2025_benchmarks/benchmarks/safenlp_2024/vnnlib/ruarobot/hyperrectangle_5009.vnnlib,.005995855,sat,.646757119
safenlp_2024,/home/elipregerson/nnenum/vnncomp2025_benchmarks/benchmarks/safenlp_2024/onnx/ruarobot/perturbations_0.onnx,/home/elipregerson/nnenum/vnncomp2025_benchmarks/benchmarks/safenlp_2024/vnnlib/ruarobot/hyperrectangle_6947.vnnlib,.005971018,sat,.701096457
safenlp_2024,/home/elipregerson/nnenum/vnncomp2025_benchmarks/benchmarks/safenlp_2024/onnx/ruarobot/perturbations_0.onnx,/home/elipregerson/nnenum/vnncomp2025_benchmarks/benchmarks/safenlp_2024/vnnlib/ruarobot/hyperrectangle_5912.vnnlib,.006079747,sat,.651975188
safenlp_2024,/home/elipregerson/nnenum/vnncomp2025_benchmarks/benchmarks/safenlp_2024/onnx/ruarobot/perturbations_0.onnx,/home/elipregerson/nnenum/vnncomp2025_benchmarks/benchmarks/safenlp_2024/vnnlib/ruarobot/hyperrectangle_775.vnnlib,.006058017,sat,.648136342
safenlp_2024,/home/elipregerson/nnenum/vnncomp2025_benchmarks/benchmarks/safenlp_2024/onnx/ruarobot/perturbations_0.onnx,/home/elipregerson/nnenum/vnncomp2025_benchmarks/benchmarks/safenlp_2024/vnnlib/ruarobot/hyperrectangle_4690.vnnlib,.005966078,unsat,.966941753
safenlp_2024,/home/elipregerson/nnenum/vnncomp2025_benchmarks/benchmarks/safenlp_2024/onnx/ruarobot/perturbations_0.onnx,/home/elipregerson/nnenum/vnncomp2025_benchmarks/benchmarks/safenlp_2024/vnnlib/ruarobot/hyperrectangle_491.vnnlib,.006204374,sat,.644716897
safenlp_2024,/home/elipregerson/nnenum/vnncomp2025_benchmarks/benchmarks/safenlp_2024/onnx/ruarobot/perturbations_0.onnx,/home/elipregerson/nnenum/vnncomp2025_benchmarks/benchmarks/safenlp_2024/vnnlib/ruarobot/hyperrectangle_6052.vnnlib,.009401288,sat,.666478354
safenlp_2024,/home/elipregerson/nnenum/vnncomp2025_benchmarks/benchmarks/safenlp_2024/onnx/ruarobot/perturbations_0.onnx,/home/elipregerson/nnenum/vnncomp2025_benchmarks/benchmarks/safenlp_2024/vnnlib/ruarobot/hyperrectangle_4905.vnnlib,.006594865,sat,.646815715
safenlp_2024,/home/elipregerson/nnenum/vnncomp2025_benchmarks/benchmarks/safenlp_2024/onnx/ruarobot/perturbations_0.onnx,/home/elipregerson/nnenum/vnncomp2025_benchmarks/benchmarks/safenlp_2024/vnnlib/ruarobot/hyperrectangle_2673.vnnlib,.006502438,sat,.641102386
safenlp_2024,/home/elipregerson/nnenum/vnncomp2025_benchmarks/benchmarks/safenlp_2024/onnx/ruarobot/perturbations_0.onnx,/home/elipregerson/nnenum/vnncomp2025_benchmarks/benchmarks/safenlp_2024/vnnlib/ruarobot/hyperrectangle_4289.vnnlib,.006691174,unsat,1.455180008
safenlp_2024,/home/elipregerson/nnenum/vnncomp2025_benchmarks/benchmarks/safenlp_2024/onnx/ruarobot/perturbations_0.onnx,/home/elipregerson/nnenum/vnncomp2025_benchmarks/benchmarks/safenlp_2024/vnnlib/ruarobot/hyperrectangle_2841.vnnlib,.006134042,sat,.654433954
safenlp_2024,/home/elipregerson/nnenum/vnncomp2025_benchmarks/benchmarks/safenlp_2024/onnx/medical/perturbations_0.onnx,/home/elipregerson/nnenum/vnncomp2025_benchmarks/benchmarks/safenlp_2024/vnnlib/medical/hyperrectangle_500.vnnlib,.006092071,unsat,.595897635
safenlp_2024,/home/elipregerson/nnenum/vnncomp2025_benchmarks/benchmarks/safenlp_2024/onnx/ruarobot/perturbations_0.onnx,/home/elipregerson/nnenum/vnncomp2025_benchmarks/benchmarks/safenlp_2024/vnnlib/ruarobot/hyperrectangle_3574.vnnlib,.006182460,sat,.636678848
safenlp_2024,/home/elipregerson/nnenum/vnncomp2025_benchmarks/benchmarks/safenlp_2024/onnx/medical/perturbations_0.onnx,/home/elipregerson/nnenum/vnncomp2025_benchmarks/benchmarks/safenlp_2024/vnnlib/medical/hyperrectangle_177.vnnlib,.006115136,unsat,.602782916
safenlp_2024,/home/elipregerson/nnenum/vnncomp2025_benchmarks/benchmarks/safenlp_2024/onnx/ruarobot/perturbations_0.onnx,/home/elipregerson/nnenum/vnncomp2025_benchmarks/benchmarks/safenlp_2024/vnnlib/ruarobot/hyperrectangle_2596.vnnlib,.006086707,sat,.649599697
safenlp_2024,/home/elipregerson/nnenum/vnncomp2025_benchmarks/benchmarks/safenlp_2024/onnx/ruarobot/perturbations_0.onnx,/home/elipregerson/nnenum/vnncomp2025_benchmarks/benchmarks/safenlp_2024/vnnlib/ruarobot/hyperrectangle_3665.vnnlib,.007274700,sat,.810326921
safenlp_2024,/home/elipregerson/nnenum/vnncomp2025_benchmarks/benchmarks/safenlp_2024/onnx/ruarobot/perturbations_0.onnx,/home/elipregerson/nnenum/vnncomp2025_benchmarks/benchmarks/safenlp_2024/vnnlib/ruarobot/hyperrectangle_6658.vnnlib,.006060414,sat,.640608879
safenlp_2024,/home/elipregerson/nnenum/vnncomp2025_benchmarks/benchmarks/safenlp_2024/onnx/ruarobot/perturbations_0.onnx,/home/elipregerson/nnenum/vnncomp2025_benchmarks/benchmarks/safenlp_2024/vnnlib/ruarobot/hyperrectangle_5374.vnnlib,.006301855,sat,.629785111
safenlp_2024,/home/elipregerson/nnenum/vnncomp2025_benchmarks/benchmarks/safenlp_2024/onnx/ruarobot/perturbations_0.onnx,/home/elipregerson/nnenum/vnncomp2025_benchmarks/benchmarks/safenlp_2024/vnnlib/ruarobot/hyperrectangle_5199.vnnlib,.005864360,sat,.594406299
safenlp_2024,/home/elipregerson/nnenum/vnncomp2025_benchmarks/benchmarks/safenlp_2024/onnx/ruarobot/perturbations_0.onnx,/home/elipregerson/nnenum/vnncomp2025_benchmarks/benchmarks/safenlp_2024/vnnlib/ruarobot/hyperrectangle_6864.vnnlib,.009077031,unsat,.919449382
safenlp_2024,/home/elipregerson/nnenum/vnncomp2025_benchmarks/benchmarks/safenlp_2024/onnx/ruarobot/perturbations_0.onnx,/home/elipregerson/nnenum/vnncomp2025_benchmarks/benchmarks/safenlp_2024/vnnlib/ruarobot/hyperrectangle_244.vnnlib,.005983632,sat,.651129505
safenlp_2024,/home/elipregerson/nnenum/vnncomp2025_benchmarks/benchmarks/safenlp_2024/onnx/medical/perturbations_0.onnx,/home/elipregerson/nnenum/vnncomp2025_benchmarks/benchmarks/safenlp_2024/vnnlib/medical/hyperrectangle_2572.vnnlib,.005867292,sat,.635093408
safenlp_2024,/home/elipregerson/nnenum/vnncomp2025_benchmarks/benchmarks/safenlp_2024/onnx/ruarobot/perturbations_0.onnx,/home/elipregerson/nnenum/vnncomp2025_benchmarks/benchmarks/safenlp_2024/vnnlib/ruarobot/hyperrectangle_2845.vnnlib,.006204975,sat,.642340166
safenlp_2024,/home/elipregerson/nnenum/vnncomp2025_benchmarks/benchmarks/safenlp_2024/onnx/ruarobot/perturbations_0.onnx,/home/elipregerson/nnenum/vnncomp2025_benchmarks/benchmarks/safenlp_2024/vnnlib/ruarobot/hyperrectangle_161.vnnlib,.006372149,sat,.640708468
safenlp_2024,/home/elipregerson/nnenum/vnncomp2025_benchmarks/benchmarks/safenlp_2024/onnx/ruarobot/perturbations_0.onnx,/home/elipregerson/nnenum/vnncomp2025_benchmarks/benchmarks/safenlp_2024/vnnlib/ruarobot/hyperrectangle_1492.vnnlib,.006763775,sat,.641095153
safenlp_2024,/home/elipregerson/nnenum/vnncomp2025_benchmarks/benchmarks/safenlp_2024/onnx/ruarobot/perturbations_0.onnx,/home/elipregerson/nnenum/vnncomp2025_benchmarks/benchmarks/safenlp_2024/vnnlib/ruarobot/hyperrectangle_1527.vnnlib,.006022721,sat,.619652602
safenlp_2024,/home/elipregerson/nnenum/vnncomp2025_benchmarks/benchmarks/safenlp_2024/onnx/ruarobot/perturbations_0.onnx,/home/elipregerson/nnenum/vnncomp2025_benchmarks/benchmarks/safenlp_2024/vnnlib/ruarobot/hyperrectangle_6790.vnnlib,.006368347,sat,.648538965
safenlp_2024,/home/elipregerson/nnenum/vnncomp2025_benchmarks/benchmarks/safenlp_2024/onnx/ruarobot/perturbations_0.onnx,/home/elipregerson/nnenum/vnncomp2025_benchmarks/benchmarks/safenlp_2024/vnnlib/ruarobot/hyperrectangle_3445.vnnlib,.006253107,unsat,2.837504872
safenlp_2024,/home/elipregerson/nnenum/vnncomp2025_benchmarks/benchmarks/safenlp_2024/onnx/medical/perturbations_0.onnx,/home/elipregerson/nnenum/vnncomp2025_benchmarks/benchmarks/safenlp_2024/vnnlib/medical/hyperrectangle_2777.vnnlib,.006076089,sat,.760419526
safenlp_2024,/home/elipregerson/nnenum/vnncomp2025_benchmarks/benchmarks/safenlp_2024/onnx/ruarobot/perturbations_0.onnx,/home/elipregerson/nnenum/vnncomp2025_benchmarks/benchmarks/safenlp_2024/vnnlib/ruarobot/hyperrectangle_4972.vnnlib,.006012567,sat,.634125049
safenlp_2024,/home/elipregerson/nnenum/vnncomp2025_benchmarks/benchmarks/safenlp_2024/onnx/ruarobot/perturbations_0.onnx,/home/elipregerson/nnenum/vnncomp2025_benchmarks/benchmarks/safenlp_2024/vnnlib/ruarobot/hyperrectangle_293.vnnlib,.006008219,sat,.647881113
safenlp_2024,/home/elipregerson/nnenum/vnncomp2025_benchmarks/benchmarks/safenlp_2024/onnx/medical/perturbations_0.onnx,/home/elipregerson/nnenum/vnncomp2025_benchmarks/benchmarks/safenlp_2024/vnnlib/medical/hyperrectangle_1549.vnnlib,.005927930,unsat,.703759737
safenlp_2024,/home/elipregerson/nnenum/vnncomp2025_benchmarks/benchmarks/safenlp_2024/onnx/ruarobot/perturbations_0.onnx,/home/elipregerson/nnenum/vnncomp2025_benchmarks/benchmarks/safenlp_2024/vnnlib/ruarobot/hyperrectangle_5973.vnnlib,.006024901,sat,.700273642
safenlp_2024,/home/elipregerson/nnenum/vnncomp2025_benchmarks/benchmarks/safenlp_2024/onnx/medical/perturbations_0.onnx,/home/elipregerson/nnenum/vnncomp2025_benchmarks/benchmarks/safenlp_2024/vnnlib/medical/hyperrectangle_1684.vnnlib,.006029488,unsat,.588330265
safenlp_2024,/home/elipregerson/nnenum/vnncomp2025_benchmarks/benchmarks/safenlp_2024/onnx/ruarobot/perturbations_0.onnx,/home/elipregerson/nnenum/vnncomp2025_benchmarks/benchmarks/safenlp_2024/vnnlib/ruarobot/hyperrectangle_6105.vnnlib,.005799066,sat,.651380596
safenlp_2024,/home/elipregerson/nnenum/vnncomp2025_benchmarks/benchmarks/safenlp_2024/onnx/medical/perturbations_0.onnx,/home/elipregerson/nnenum/vnncomp2025_benchmarks/benchmarks/safenlp_2024/vnnlib/medical/hyperrectangle_2697.vnnlib,.006166305,sat,.644097469
safenlp_2024,/home/elipregerson/nnenum/vnncomp2025_benchmarks/benchmarks/safenlp_2024/onnx/ruarobot/perturbations_0.onnx,/home/elipregerson/nnenum/vnncomp2025_benchmarks/benchmarks/safenlp_2024/vnnlib/ruarobot/hyperrectangle_3941.vnnlib,.006232263,sat,.640532970
safenlp_2024,/home/elipregerson/nnenum/vnncomp2025_benchmarks/benchmarks/safenlp_2024/onnx/ruarobot/perturbations_0.onnx,/home/elipregerson/nnenum/vnncomp2025_benchmarks/benchmarks/safenlp_2024/vnnlib/ruarobot/hyperrectangle_3961.vnnlib,.006242722,timeout,20.557629724
safenlp_2024,/home/elipregerson/nnenum/vnncomp2025_benchmarks/benchmarks/safenlp_2024/onnx/ruarobot/perturbations_0.onnx,/home/elipregerson/nnenum/vnncomp2025_benchmarks/benchmarks/safenlp_2024/vnnlib/ruarobot/hyperrectangle_2489.vnnlib,.006002975,sat,.646094773
safenlp_2024,/home/elipregerson/nnenum/vnncomp2025_benchmarks/benchmarks/safenlp_2024/onnx/medical/perturbations_0.onnx,/home/elipregerson/nnenum/vnncomp2025_benchmarks/benchmarks/safenlp_2024/vnnlib/medical/hyperrectangle_949.vnnlib,.005899229,unsat,.602907544
safenlp_2024,/home/elipregerson/nnenum/vnncomp2025_benchmarks/benchmarks/safenlp_2024/onnx/medical/perturbations_0.onnx,/home/elipregerson/nnenum/vnncomp2025_benchmarks/benchmarks/safenlp_2024/vnnlib/medical/hyperrectangle_89.vnnlib,.005999410,unsat,.598963563
safenlp_2024,/home/elipregerson/nnenum/vnncomp2025_benchmarks/benchmarks/safenlp_2024/onnx/ruarobot/perturbations_0.onnx,/home/elipregerson/nnenum/vnncomp2025_benchmarks/benchmarks/safenlp_2024/vnnlib/ruarobot/hyperrectangle_634.vnnlib,.005962848,unsat,3.726389752
safenlp_2024,/home/elipregerson/nnenum/vnncomp2025_benchmarks/benchmarks/safenlp_2024/onnx/ruarobot/perturbations_0.onnx,/home/elipregerson/nnenum/vnncomp2025_benchmarks/benchmarks/safenlp_2024/vnnlib/ruarobot/hyperrectangle_7437.vnnlib,.006120329,sat,.646596353
safenlp_2024,/home/elipregerson/nnenum/vnncomp2025_benchmarks/benchmarks/safenlp_2024/onnx/ruarobot/perturbations_0.onnx,/home/elipregerson/nnenum/vnncomp2025_benchmarks/benchmarks/safenlp_2024/vnnlib/ruarobot/hyperrectangle_2250.vnnlib,.005975514,sat,.641839733
safenlp_2024,/home/elipregerson/nnenum/vnncomp2025_benchmarks/benchmarks/safenlp_2024/onnx/ruarobot/perturbations_0.onnx,/home/elipregerson/nnenum/vnncomp2025_benchmarks/benchmarks/safenlp_2024/vnnlib/ruarobot/hyperrectangle_3481.vnnlib,.006101453,unsat,.611372880
safenlp_2024,/home/elipregerson/nnenum/vnncomp2025_benchmarks/benchmarks/safenlp_2024/onnx/medical/perturbations_0.onnx,/home/elipregerson/nnenum/vnncomp2025_benchmarks/benchmarks/safenlp_2024/vnnlib/medical/hyperrectangle_989.vnnlib,.006250096,unsat,.594141621
safenlp_2024,/home/elipregerson/nnenum/vnncomp2025_benchmarks/benchmarks/safenlp_2024/onnx/ruarobot/perturbations_0.onnx,/home/elipregerson/nnenum/vnncomp2025_benchmarks/benchmarks/safenlp_2024/vnnlib/ruarobot/hyperrectangle_5185.vnnlib,.006466165,unsat,2.714923814
safenlp_2024,/home/elipregerson/nnenum/vnncomp2025_benchmarks/benchmarks/safenlp_2024/onnx/ruarobot/perturbations_0.onnx,/home/elipregerson/nnenum/vnncomp2025_benchmarks/benchmarks/safenlp_2024/vnnlib/ruarobot/hyperrectangle_2264.vnnlib,.006107633,sat,.658046818
safenlp_2024,/home/elipregerson/nnenum/vnncomp2025_benchmarks/benchmarks/safenlp_2024/onnx/ruarobot/perturbations_0.onnx,/home/elipregerson/nnenum/vnncomp2025_benchmarks/benchmarks/safenlp_2024/vnnlib/ruarobot/hyperrectangle_4911.vnnlib,.006029261,sat,.626163605
safenlp_2024,/home/elipregerson/nnenum/vnncomp2025_benchmarks/benchmarks/safenlp_2024/onnx/ruarobot/perturbations_0.onnx,/home/elipregerson/nnenum/vnncomp2025_benchmarks/benchmarks/safenlp_2024/vnnlib/ruarobot/hyperrectangle_3309.vnnlib,.006013483,timeout,20.558774975
safenlp_2024,/home/elipregerson/nnenum/vnncomp2025_benchmarks/benchmarks/safenlp_2024/onnx/ruarobot/perturbations_0.onnx,/home/elipregerson/nnenum/vnncomp2025_benchmarks/benchmarks/safenlp_2024/vnnlib/ruarobot/hyperrectangle_823.vnnlib,.006093337,sat,.635174124
safenlp_2024,/home/elipregerson/nnenum/vnncomp2025_benchmarks/benchmarks/safenlp_2024/onnx/ruarobot/perturbations_0.onnx,/home/elipregerson/nnenum/vnncomp2025_benchmarks/benchmarks/safenlp_2024/vnnlib/ruarobot/hyperrectangle_2074.vnnlib,.006140642,sat,.641759074
safenlp_2024,/home/elipregerson/nnenum/vnncomp2025_benchmarks/benchmarks/safenlp_2024/onnx/ruarobot/perturbations_0.onnx,/home/elipregerson/nnenum/vnncomp2025_benchmarks/benchmarks/safenlp_2024/vnnlib/ruarobot/hyperrectangle_5600.vnnlib,.006035817,sat,.647558342
safenlp_2024,/home/elipregerson/nnenum/vnncomp2025_benchmarks/benchmarks/safenlp_2024/onnx/ruarobot/perturbations_0.onnx,/home/elipregerson/nnenum/vnncomp2025_benchmarks/benchmarks/safenlp_2024/vnnlib/ruarobot/hyperrectangle_2899.vnnlib,.006133011,sat,.636846390
safenlp_2024,/home/elipregerson/nnenum/vnncomp2025_benchmarks/benchmarks/safenlp_2024/onnx/medical/perturbations_0.onnx,/home/elipregerson/nnenum/vnncomp2025_benchmarks/benchmarks/safenlp_2024/vnnlib/medical/hyperrectangle_1691.vnnlib,.006149311,unsat,.589333231
safenlp_2024,/home/elipregerson/nnenum/vnncomp2025_benchmarks/benchmarks/safenlp_2024/onnx/ruarobot/perturbations_0.onnx,/home/elipregerson/nnenum/vnncomp2025_benchmarks/benchmarks/safenlp_2024/vnnlib/ruarobot/hyperrectangle_884.vnnlib,.006018311,sat,.651588455
safenlp_2024,/home/elipregerson/nnenum/vnncomp2025_benchmarks/benchmarks/safenlp_2024/onnx/ruarobot/perturbations_0.onnx,/home/elipregerson/nnenum/vnncomp2025_benchmarks/benchmarks/safenlp_2024/vnnlib/ruarobot/hyperrectangle_6981.vnnlib,.006089207,timeout,20.544124561
safenlp_2024,/home/elipregerson/nnenum/vnncomp2025_benchmarks/benchmarks/safenlp_2024/onnx/ruarobot/perturbations_0.onnx,/home/elipregerson/nnenum/vnncomp2025_benchmarks/benchmarks/safenlp_2024/vnnlib/ruarobot/hyperrectangle_5679.vnnlib,.006011440,timeout,20.559680865
safenlp_2024,/home/elipregerson/nnenum/vnncomp2025_benchmarks/benchmarks/safenlp_2024/onnx/medical/perturbations_0.onnx,/home/elipregerson/nnenum/vnncomp2025_benchmarks/benchmarks/safenlp_2024/vnnlib/medical/hyperrectangle_433.vnnlib,.006072058,unsat,.595658300
safenlp_2024,/home/elipregerson/nnenum/vnncomp2025_benchmarks/benchmarks/safenlp_2024/onnx/ruarobot/perturbations_0.onnx,/home/elipregerson/nnenum/vnncomp2025_benchmarks/benchmarks/safenlp_2024/vnnlib/ruarobot/hyperrectangle_1149.vnnlib,.005931986,sat,.647301721
safenlp_2024,/home/elipregerson/nnenum/vnncomp2025_benchmarks/benchmarks/safenlp_2024/onnx/ruarobot/perturbations_0.onnx,/home/elipregerson/nnenum/vnncomp2025_benchmarks/benchmarks/safenlp_2024/vnnlib/ruarobot/hyperrectangle_3442.vnnlib,.006227416,sat,.640333443
safenlp_2024,/home/elipregerson/nnenum/vnncomp2025_benchmarks/benchmarks/safenlp_2024/onnx/ruarobot/perturbations_0.onnx,/home/elipregerson/nnenum/vnncomp2025_benchmarks/benchmarks/safenlp_2024/vnnlib/ruarobot/hyperrectangle_6421.vnnlib,.006044164,sat,.642600229
safenlp_2024,/home/elipregerson/nnenum/vnncomp2025_benchmarks/benchmarks/safenlp_2024/onnx/ruarobot/perturbations_0.onnx,/home/elipregerson/nnenum/vnncomp2025_benchmarks/benchmarks/safenlp_2024/vnnlib/ruarobot/hyperrectangle_1011.vnnlib,.005923662,sat,.640818385
safenlp_2024,/home/elipregerson/nnenum/vnncomp2025_benchmarks/benchmarks/safenlp_2024/onnx/ruarobot/perturbations_0.onnx,/home/elipregerson/nnenum/vnncomp2025_benchmarks/benchmarks/safenlp_2024/vnnlib/ruarobot/hyperrectangle_5936.vnnlib,.006091511,sat,.651074652
safenlp_2024,/home/elipregerson/nnenum/vnncomp2025_benchmarks/benchmarks/safenlp_2024/onnx/medical/perturbations_0.onnx,/home/elipregerson/nnenum/vnncomp2025_benchmarks/benchmarks/safenlp_2024/vnnlib/medical/hyperrectangle_2724.vnnlib,.005987855,unsat,1.139798876
safenlp_2024,/home/elipregerson/nnenum/vnncomp2025_benchmarks/benchmarks/safenlp_2024/onnx/ruarobot/perturbations_0.onnx,/home/elipregerson/nnenum/vnncomp2025_benchmarks/benchmarks/safenlp_2024/vnnlib/ruarobot/hyperrectangle_7855.vnnlib,.006065217,sat,.637809416
safenlp_2024,/home/elipregerson/nnenum/vnncomp2025_benchmarks/benchmarks/safenlp_2024/onnx/ruarobot/perturbations_0.onnx,/home/elipregerson/nnenum/vnncomp2025_benchmarks/benchmarks/safenlp_2024/vnnlib/ruarobot/hyperrectangle_1741.vnnlib,.005955604,sat,.631734911
safenlp_2024,/home/elipregerson/nnenum/vnncomp2025_benchmarks/benchmarks/safenlp_2024/onnx/ruarobot/perturbations_0.onnx,/home/elipregerson/nnenum/vnncomp2025_benchmarks/benchmarks/safenlp_2024/vnnlib/ruarobot/hyperrectangle_7435.vnnlib,.005981765,timeout,20.576676859
safenlp_2024,/home/elipregerson/nnenum/vnncomp2025_benchmarks/benchmarks/safenlp_2024/onnx/ruarobot/perturbations_0.onnx,/home/elipregerson/nnenum/vnncomp2025_benchmarks/benchmarks/safenlp_2024/vnnlib/ruarobot/hyperrectangle_6065.vnnlib,.008078954,timeout,20.553345202
safenlp_2024,/home/elipregerson/nnenum/vnncomp2025_benchmarks/benchmarks/safenlp_2024/onnx/ruarobot/perturbations_0.onnx,/home/elipregerson/nnenum/vnncomp2025_benchmarks/benchmarks/safenlp_2024/vnnlib/ruarobot/hyperrectangle_2181.vnnlib,.005922322,unsat,.981804718
safenlp_2024,/home/elipregerson/nnenum/vnncomp2025_benchmarks/benchmarks/safenlp_2024/onnx/ruarobot/perturbations_0.onnx,/home/elipregerson/nnenum/vnncomp2025_benchmarks/benchmarks/safenlp_2024/vnnlib/ruarobot/hyperrectangle_4457.vnnlib,.006112225,sat,.759885550
safenlp_2024,/home/elipregerson/nnenum/vnncomp2025_benchmarks/benchmarks/safenlp_2024/onnx/ruarobot/perturbations_0.onnx,/home/elipregerson/nnenum/vnncomp2025_benchmarks/benchmarks/safenlp_2024/vnnlib/ruarobot/hyperrectangle_7202.vnnlib,.006091623,timeout,20.581614398
safenlp_2024,/home/elipregerson/nnenum/vnncomp2025_benchmarks/benchmarks/safenlp_2024/onnx/ruarobot/perturbations_0.onnx,/home/elipregerson/nnenum/vnncomp2025_benchmarks/benchmarks/safenlp_2024/vnnlib/ruarobot/hyperrectangle_6761.vnnlib,.011386082,sat,.657791712
safenlp_2024,/home/elipregerson/nnenum/vnncomp2025_benchmarks/benchmarks/safenlp_2024/onnx/ruarobot/perturbations_0.onnx,/home/elipregerson/nnenum/vnncomp2025_benchmarks/benchmarks/safenlp_2024/vnnlib/ruarobot/hyperrectangle_6597.vnnlib,.006218774,timeout,20.569097788
safenlp_2024,/home/elipregerson/nnenum/vnncomp2025_benchmarks/benchmarks/safenlp_2024/onnx/ruarobot/perturbations_0.onnx,/home/elipregerson/nnenum/vnncomp2025_benchmarks/benchmarks/safenlp_2024/vnnlib/ruarobot/hyperrectangle_4823.vnnlib,.005953130,sat,.636482993
safenlp_2024,/home/elipregerson/nnenum/vnncomp2025_benchmarks/benchmarks/safenlp_2024/onnx/ruarobot/perturbations_0.onnx,/home/elipregerson/nnenum/vnncomp2025_benchmarks/benchmarks/safenlp_2024/vnnlib/ruarobot/hyperrectangle_7228.vnnlib,.006367879,sat,.647624011
safenlp_2024,/home/elipregerson/nnenum/vnncomp2025_benchmarks/benchmarks/safenlp_2024/onnx/medical/perturbations_0.onnx,/home/elipregerson/nnenum/vnncomp2025_benchmarks/benchmarks/safenlp_2024/vnnlib/medical/hyperrectangle_2740.vnnlib,.005941210,unsat,.598407387
safenlp_2024,/home/elipregerson/nnenum/vnncomp2025_benchmarks/benchmarks/safenlp_2024/onnx/medical/perturbations_0.onnx,/home/elipregerson/nnenum/vnncomp2025_benchmarks/benchmarks/safenlp_2024/vnnlib/medical/hyperrectangle_1363.vnnlib,.006047109,timeout,20.554490420
safenlp_2024,/home/elipregerson/nnenum/vnncomp2025_benchmarks/benchmarks/safenlp_2024/onnx/ruarobot/perturbations_0.onnx,/home/elipregerson/nnenum/vnncomp2025_benchmarks/benchmarks/safenlp_2024/vnnlib/ruarobot/hyperrectangle_4830.vnnlib,.005955303,sat,.641316975
safenlp_2024,/home/elipregerson/nnenum/vnncomp2025_benchmarks/benchmarks/safenlp_2024/onnx/medical/perturbations_0.onnx,/home/elipregerson/nnenum/vnncomp2025_benchmarks/benchmarks/safenlp_2024/vnnlib/medical/hyperrectangle_2733.vnnlib,.006170195,unsat,2.380659567
safenlp_2024,/home/elipregerson/nnenum/vnncomp2025_benchmarks/benchmarks/safenlp_2024/onnx/ruarobot/perturbations_0.onnx,/home/elipregerson/nnenum/vnncomp2025_benchmarks/benchmarks/safenlp_2024/vnnlib/ruarobot/hyperrectangle_3699.vnnlib,.006405392,sat,.646545729
safenlp_2024,/home/elipregerson/nnenum/vnncomp2025_benchmarks/benchmarks/safenlp_2024/onnx/ruarobot/perturbations_0.onnx,/home/elipregerson/nnenum/vnncomp2025_benchmarks/benchmarks/safenlp_2024/vnnlib/ruarobot/hyperrectangle_5698.vnnlib,.008824591,sat,.610755104
safenlp_2024,/home/elipregerson/nnenum/vnncomp2025_benchmarks/benchmarks/safenlp_2024/onnx/ruarobot/perturbations_0.onnx,/home/elipregerson/nnenum/vnncomp2025_benchmarks/benchmarks/safenlp_2024/vnnlib/ruarobot/hyperrectangle_6397.vnnlib,.006437474,sat,.635674739
safenlp_2024,/home/elipregerson/nnenum/vnncomp2025_benchmarks/benchmarks/safenlp_2024/onnx/ruarobot/perturbations_0.onnx,/home/elipregerson/nnenum/vnncomp2025_benchmarks/benchmarks/safenlp_2024/vnnlib/ruarobot/hyperrectangle_6586.vnnlib,.005979157,sat,.643850744
safenlp_2024,/home/elipregerson/nnenum/vnncomp2025_benchmarks/benchmarks/safenlp_2024/onnx/ruarobot/perturbations_0.onnx,/home/elipregerson/nnenum/vnncomp2025_benchmarks/benchmarks/safenlp_2024/vnnlib/ruarobot/hyperrectangle_1072.vnnlib,.006252740,sat,.647337447
safenlp_2024,/home/elipregerson/nnenum/vnncomp2025_benchmarks/benchmarks/safenlp_2024/onnx/ruarobot/perturbations_0.onnx,/home/elipregerson/nnenum/vnncomp2025_benchmarks/benchmarks/safenlp_2024/vnnlib/ruarobot/hyperrectangle_4651.vnnlib,.005846252,sat,.635273633
safenlp_2024,/home/elipregerson/nnenum/vnncomp2025_benchmarks/benchmarks/safenlp_2024/onnx/ruarobot/perturbations_0.onnx,/home/elipregerson/nnenum/vnncomp2025_benchmarks/benchmarks/safenlp_2024/vnnlib/ruarobot/hyperrectangle_71.vnnlib,.006174607,sat,.653756585
safenlp_2024,/home/elipregerson/nnenum/vnncomp2025_benchmarks/benchmarks/safenlp_2024/onnx/ruarobot/perturbations_0.onnx,/home/elipregerson/nnenum/vnncomp2025_benchmarks/benchmarks/safenlp_2024/vnnlib/ruarobot/hyperrectangle_3965.vnnlib,.006220824,sat,.637218379
safenlp_2024,/home/elipregerson/nnenum/vnncomp2025_benchmarks/benchmarks/safenlp_2024/onnx/ruarobot/perturbations_0.onnx,/home/elipregerson/nnenum/vnncomp2025_benchmarks/benchmarks/safenlp_2024/vnnlib/ruarobot/hyperrectangle_3056.vnnlib,.006052414,sat,.631689251
safenlp_2024,/home/elipregerson/nnenum/vnncomp2025_benchmarks/benchmarks/safenlp_2024/onnx/ruarobot/perturbations_0.onnx,/home/elipregerson/nnenum/vnncomp2025_benchmarks/benchmarks/safenlp_2024/vnnlib/ruarobot/hyperrectangle_7483.vnnlib,.005965317,sat,.648868510
safenlp_2024,/home/elipregerson/nnenum/vnncomp2025_benchmarks/benchmarks/safenlp_2024/onnx/ruarobot/perturbations_0.onnx,/home/elipregerson/nnenum/vnncomp2025_benchmarks/benchmarks/safenlp_2024/vnnlib/ruarobot/hyperrectangle_1682.vnnlib,.006342957,timeout,20.583745738
safenlp_2024,/home/elipregerson/nnenum/vnncomp2025_benchmarks/benchmarks/safenlp_2024/onnx/medical/perturbations_0.onnx,/home/elipregerson/nnenum/vnncomp2025_benchmarks/benchmarks/safenlp_2024/vnnlib/medical/hyperrectangle_1091.vnnlib,.009012312,unsat,.879921487
safenlp_2024,/home/elipregerson/nnenum/vnncomp2025_benchmarks/benchmarks/safenlp_2024/onnx/medical/perturbations_0.onnx,/home/elipregerson/nnenum/vnncomp2025_benchmarks/benchmarks/safenlp_2024/vnnlib/medical/hyperrectangle_1309.vnnlib,.006127264,unsat,.598274632
safenlp_2024,/home/elipregerson/nnenum/vnncomp2025_benchmarks/benchmarks/safenlp_2024/onnx/ruarobot/perturbations_0.onnx,/home/elipregerson/nnenum/vnncomp2025_benchmarks/benchmarks/safenlp_2024/vnnlib/ruarobot/hyperrectangle_6931.vnnlib,.006233248,sat,.700813907
safenlp_2024,/home/elipregerson/nnenum/vnncomp2025_benchmarks/benchmarks/safenlp_2024/onnx/ruarobot/perturbations_0.onnx,/home/elipregerson/nnenum/vnncomp2025_benchmarks/benchmarks/safenlp_2024/vnnlib/ruarobot/hyperrectangle_418.vnnlib,.006130293,sat,.636326407
safenlp_2024,/home/elipregerson/nnenum/vnncomp2025_benchmarks/benchmarks/safenlp_2024/onnx/ruarobot/perturbations_0.onnx,/home/elipregerson/nnenum/vnncomp2025_benchmarks/benchmarks/safenlp_2024/vnnlib/ruarobot/hyperrectangle_5859.vnnlib,.006278076,sat,.644217952
safenlp_2024,/home/elipregerson/nnenum/vnncomp2025_benchmarks/benchmarks/safenlp_2024/onnx/medical/perturbations_0.onnx,/home/elipregerson/nnenum/vnncomp2025_benchmarks/benchmarks/safenlp_2024/vnnlib/medical/hyperrectangle_700.vnnlib,.005942341,unsat,.590011037
safenlp_2024,/home/elipregerson/nnenum/vnncomp2025_benchmarks/benchmarks/safenlp_2024/onnx/medical/perturbations_0.onnx,/home/elipregerson/nnenum/vnncomp2025_benchmarks/benchmarks/safenlp_2024/vnnlib/medical/hyperrectangle_2742.vnnlib,.006086298,unsat,.600442060
safenlp_2024,/home/elipregerson/nnenum/vnncomp2025_benchmarks/benchmarks/safenlp_2024/onnx/ruarobot/perturbations_0.onnx,/home/elipregerson/nnenum/vnncomp2025_benchmarks/benchmarks/safenlp_2024/vnnlib/ruarobot/hyperrectangle_3495.vnnlib,.006014618,sat,.717392811
safenlp_2024,/home/elipregerson/nnenum/vnncomp2025_benchmarks/benchmarks/safenlp_2024/onnx/ruarobot/perturbations_0.onnx,/home/elipregerson/nnenum/vnncomp2025_benchmarks/benchmarks/safenlp_2024/vnnlib/ruarobot/hyperrectangle_4291.vnnlib,.006137057,timeout,20.564505530
safenlp_2024,/home/elipregerson/nnenum/vnncomp2025_benchmarks/benchmarks/safenlp_2024/onnx/medical/perturbations_0.onnx,/home/elipregerson/nnenum/vnncomp2025_benchmarks/benchmarks/safenlp_2024/vnnlib/medical/hyperrectangle_1464.vnnlib,.005948445,unsat,.597753794
safenlp_2024,/home/elipregerson/nnenum/vnncomp2025_benchmarks/benchmarks/safenlp_2024/onnx/ruarobot/perturbations_0.onnx,/home/elipregerson/nnenum/vnncomp2025_benchmarks/benchmarks/safenlp_2024/vnnlib/ruarobot/hyperrectangle_7154.vnnlib,.005999277,unsat,20.290355844
safenlp_2024,/home/elipregerson/nnenum/vnncomp2025_benchmarks/benchmarks/safenlp_2024/onnx/medical/perturbations_0.onnx,/home/elipregerson/nnenum/vnncomp2025_benchmarks/benchmarks/safenlp_2024/vnnlib/medical/hyperrectangle_262.vnnlib,.005934747,unsat,.598302004
safenlp_2024,/home/elipregerson/nnenum/vnncomp2025_benchmarks/benchmarks/safenlp_2024/onnx/ruarobot/perturbations_0.onnx,/home/elipregerson/nnenum/vnncomp2025_benchmarks/benchmarks/safenlp_2024/vnnlib/ruarobot/hyperrectangle_831.vnnlib,.006212767,unsat,.596383789
safenlp_2024,/home/elipregerson/nnenum/vnncomp2025_benchmarks/benchmarks/safenlp_2024/onnx/ruarobot/perturbations_0.onnx,/home/elipregerson/nnenum/vnncomp2025_benchmarks/benchmarks/safenlp_2024/vnnlib/ruarobot/hyperrectangle_6807.vnnlib,.006015874,sat,.664348499
safenlp_2024,/home/elipregerson/nnenum/vnncomp2025_benchmarks/benchmarks/safenlp_2024/onnx/ruarobot/perturbations_0.onnx,/home/elipregerson/nnenum/vnncomp2025_benchmarks/benchmarks/safenlp_2024/vnnlib/ruarobot/hyperrectangle_2038.vnnlib,.006031186,sat,.648801198
safenlp_2024,/home/elipregerson/nnenum/vnncomp2025_benchmarks/benchmarks/safenlp_2024/onnx/ruarobot/perturbations_0.onnx,/home/elipregerson/nnenum/vnncomp2025_benchmarks/benchmarks/safenlp_2024/vnnlib/ruarobot/hyperrectangle_3772.vnnlib,.006017639,sat,.645184451
safenlp_2024,/home/elipregerson/nnenum/vnncomp2025_benchmarks/benchmarks/safenlp_2024/onnx/ruarobot/perturbations_0.onnx,/home/elipregerson/nnenum/vnncomp2025_benchmarks/benchmarks/safenlp_2024/vnnlib/ruarobot/hyperrectangle_5181.vnnlib,.005948952,sat,.638549262
safenlp_2024,/home/elipregerson/nnenum/vnncomp2025_benchmarks/benchmarks/safenlp_2024/onnx/ruarobot/perturbations_0.onnx,/home/elipregerson/nnenum/vnncomp2025_benchmarks/benchmarks/safenlp_2024/vnnlib/ruarobot/hyperrectangle_4121.vnnlib,.005974050,timeout,20.567084814
safenlp_2024,/home/elipregerson/nnenum/vnncomp2025_benchmarks/benchmarks/safenlp_2024/onnx/ruarobot/perturbations_0.onnx,/home/elipregerson/nnenum/vnncomp2025_benchmarks/benchmarks/safenlp_2024/vnnlib/ruarobot/hyperrectangle_1602.vnnlib,.008008854,sat,.694382597
safenlp_2024,/home/elipregerson/nnenum/vnncomp2025_benchmarks/benchmarks/safenlp_2024/onnx/ruarobot/perturbations_0.onnx,/home/elipregerson/nnenum/vnncomp2025_benchmarks/benchmarks/safenlp_2024/vnnlib/ruarobot/hyperrectangle_2543.vnnlib,.006101006,sat,.643100245
safenlp_2024,/home/elipregerson/nnenum/vnncomp2025_benchmarks/benchmarks/safenlp_2024/onnx/ruarobot/perturbations_0.onnx,/home/elipregerson/nnenum/vnncomp2025_benchmarks/benchmarks/safenlp_2024/vnnlib/ruarobot/hyperrectangle_2660.vnnlib,.006310727,sat,.651232428
safenlp_2024,/home/elipregerson/nnenum/vnncomp2025_benchmarks/benchmarks/safenlp_2024/onnx/ruarobot/perturbations_0.onnx,/home/elipregerson/nnenum/vnncomp2025_benchmarks/benchmarks/safenlp_2024/vnnlib/ruarobot/hyperrectangle_942.vnnlib,.005899527,timeout,20.581183408
safenlp_2024,/home/elipregerson/nnenum/vnncomp2025_benchmarks/benchmarks/safenlp_2024/onnx/ruarobot/perturbations_0.onnx,/home/elipregerson/nnenum/vnncomp2025_benchmarks/benchmarks/safenlp_2024/vnnlib/ruarobot/hyperrectangle_6702.vnnlib,.010984998,sat,.749781349
safenlp_2024,/home/elipregerson/nnenum/vnncomp2025_benchmarks/benchmarks/safenlp_2024/onnx/ruarobot/perturbations_0.onnx,/home/elipregerson/nnenum/vnncomp2025_benchmarks/benchmarks/safenlp_2024/vnnlib/ruarobot/hyperrectangle_7681.vnnlib,.006216029,sat,.639476449
safenlp_2024,/home/elipregerson/nnenum/vnncomp2025_benchmarks/benchmarks/safenlp_2024/onnx/medical/perturbations_0.onnx,/home/elipregerson/nnenum/vnncomp2025_benchmarks/benchmarks/safenlp_2024/vnnlib/medical/hyperrectangle_506.vnnlib,.006019303,unsat,.596431118
safenlp_2024,/home/elipregerson/nnenum/vnncomp2025_benchmarks/benchmarks/safenlp_2024/onnx/medical/perturbations_0.onnx,/home/elipregerson/nnenum/vnncomp2025_benchmarks/benchmarks/safenlp_2024/vnnlib/medical/hyperrectangle_1854.vnnlib,.006114942,unsat,1.206130472
safenlp_2024,/home/elipregerson/nnenum/vnncomp2025_benchmarks/benchmarks/safenlp_2024/onnx/ruarobot/perturbations_0.onnx,/home/elipregerson/nnenum/vnncomp2025_benchmarks/benchmarks/safenlp_2024/vnnlib/ruarobot/hyperrectangle_5345.vnnlib,.010221779,unsat,2.296855678
safenlp_2024,/home/elipregerson/nnenum/vnncomp2025_benchmarks/benchmarks/safenlp_2024/onnx/medical/perturbations_0.onnx,/home/elipregerson/nnenum/vnncomp2025_benchmarks/benchmarks/safenlp_2024/vnnlib/medical/hyperrectangle_2624.vnnlib,.006100774,timeout,20.563109341
safenlp_2024,/home/elipregerson/nnenum/vnncomp2025_benchmarks/benchmarks/safenlp_2024/onnx/ruarobot/perturbations_0.onnx,/home/elipregerson/nnenum/vnncomp2025_benchmarks/benchmarks/safenlp_2024/vnnlib/ruarobot/hyperrectangle_7016.vnnlib,.006101947,sat,.651170398
safenlp_2024,/home/elipregerson/nnenum/vnncomp2025_benchmarks/benchmarks/safenlp_2024/onnx/ruarobot/perturbations_0.onnx,/home/elipregerson/nnenum/vnncomp2025_benchmarks/benchmarks/safenlp_2024/vnnlib/ruarobot/hyperrectangle_4456.vnnlib,.006226225,unsat,.919212631
safenlp_2024,/home/elipregerson/nnenum/vnncomp2025_benchmarks/benchmarks/safenlp_2024/onnx/medical/perturbations_0.onnx,/home/elipregerson/nnenum/vnncomp2025_benchmarks/benchmarks/safenlp_2024/vnnlib/medical/hyperrectangle_2119.vnnlib,.006119461,sat,.645255110
safenlp_2024,/home/elipregerson/nnenum/vnncomp2025_benchmarks/benchmarks/safenlp_2024/onnx/ruarobot/perturbations_0.onnx,/home/elipregerson/nnenum/vnncomp2025_benchmarks/benchmarks/safenlp_2024/vnnlib/ruarobot/hyperrectangle_6119.vnnlib,.006053110,timeout,20.551897121
safenlp_2024,/home/elipregerson/nnenum/vnncomp2025_benchmarks/benchmarks/safenlp_2024/onnx/ruarobot/perturbations_0.onnx,/home/elipregerson/nnenum/vnncomp2025_benchmarks/benchmarks/safenlp_2024/vnnlib/ruarobot/hyperrectangle_3870.vnnlib,.006047962,timeout,20.555954168
safenlp_2024,/home/elipregerson/nnenum/vnncomp2025_benchmarks/benchmarks/safenlp_2024/onnx/ruarobot/perturbations_0.onnx,/home/elipregerson/nnenum/vnncomp2025_benchmarks/benchmarks/safenlp_2024/vnnlib/ruarobot/hyperrectangle_7203.vnnlib,.006175001,sat,.643217602
safenlp_2024,/home/elipregerson/nnenum/vnncomp2025_benchmarks/benchmarks/safenlp_2024/onnx/ruarobot/perturbations_0.onnx,/home/elipregerson/nnenum/vnncomp2025_benchmarks/benchmarks/safenlp_2024/vnnlib/ruarobot/hyperrectangle_5984.vnnlib,.006569435,timeout,20.589824958
safenlp_2024,/home/elipregerson/nnenum/vnncomp2025_benchmarks/benchmarks/safenlp_2024/onnx/ruarobot/perturbations_0.onnx,/home/elipregerson/nnenum/vnncomp2025_benchmarks/benchmarks/safenlp_2024/vnnlib/ruarobot/hyperrectangle_2460.vnnlib,.011153507,sat,.629027387
safenlp_2024,/home/elipregerson/nnenum/vnncomp2025_benchmarks/benchmarks/safenlp_2024/onnx/medical/perturbations_0.onnx,/home/elipregerson/nnenum/vnncomp2025_benchmarks/benchmarks/safenlp_2024/vnnlib/medical/hyperrectangle_1889.vnnlib,.006324195,unsat,.598647990
safenlp_2024,/home/elipregerson/nnenum/vnncomp2025_benchmarks/benchmarks/safenlp_2024/onnx/ruarobot/perturbations_0.onnx,/home/elipregerson/nnenum/vnncomp2025_benchmarks/benchmarks/safenlp_2024/vnnlib/ruarobot/hyperrectangle_65.vnnlib,.006157363,sat,.704843242
safenlp_2024,/home/elipregerson/nnenum/vnncomp2025_benchmarks/benchmarks/safenlp_2024/onnx/ruarobot/perturbations_0.onnx,/home/elipregerson/nnenum/vnncomp2025_benchmarks/benchmarks/safenlp_2024/vnnlib/ruarobot/hyperrectangle_2206.vnnlib,.006307028,sat,.644622741
safenlp_2024,/home/elipregerson/nnenum/vnncomp2025_benchmarks/benchmarks/safenlp_2024/onnx/ruarobot/perturbations_0.onnx,/home/elipregerson/nnenum/vnncomp2025_benchmarks/benchmarks/safenlp_2024/vnnlib/ruarobot/hyperrectangle_5054.vnnlib,.006273159,sat,.640573301
safenlp_2024,/home/elipregerson/nnenum/vnncomp2025_benchmarks/benchmarks/safenlp_2024/onnx/ruarobot/perturbations_0.onnx,/home/elipregerson/nnenum/vnncomp2025_benchmarks/benchmarks/safenlp_2024/vnnlib/ruarobot/hyperrectangle_1220.vnnlib,.006867090,sat,.645260074
safenlp_2024,/home/elipregerson/nnenum/vnncomp2025_benchmarks/benchmarks/safenlp_2024/onnx/ruarobot/perturbations_0.onnx,/home/elipregerson/nnenum/vnncomp2025_benchmarks/benchmarks/safenlp_2024/vnnlib/ruarobot/hyperrectangle_4521.vnnlib,.005940929,timeout,20.595373077
safenlp_2024,/home/elipregerson/nnenum/vnncomp2025_benchmarks/benchmarks/safenlp_2024/onnx/ruarobot/perturbations_0.onnx,/home/elipregerson/nnenum/vnncomp2025_benchmarks/benchmarks/safenlp_2024/vnnlib/ruarobot/hyperrectangle_2900.vnnlib,.010821700,unsat,2.248474501
safenlp_2024,/home/elipregerson/nnenum/vnncomp2025_benchmarks/benchmarks/safenlp_2024/onnx/medical/perturbations_0.onnx,/home/elipregerson/nnenum/vnncomp2025_benchmarks/benchmarks/safenlp_2024/vnnlib/medical/hyperrectangle_716.vnnlib,.006005232,sat,.644561539
safenlp_2024,/home/elipregerson/nnenum/vnncomp2025_benchmarks/benchmarks/safenlp_2024/onnx/medical/perturbations_0.onnx,/home/elipregerson/nnenum/vnncomp2025_benchmarks/benchmarks/safenlp_2024/vnnlib/medical/hyperrectangle_943.vnnlib,.006142894,unsat,.780940965
safenlp_2024,/home/elipregerson/nnenum/vnncomp2025_benchmarks/benchmarks/safenlp_2024/onnx/ruarobot/perturbations_0.onnx,/home/elipregerson/nnenum/vnncomp2025_benchmarks/benchmarks/safenlp_2024/vnnlib/ruarobot/hyperrectangle_6315.vnnlib,.006158025,sat,.654287717
safenlp_2024,/home/elipregerson/nnenum/vnncomp2025_benchmarks/benchmarks/safenlp_2024/onnx/medical/perturbations_0.onnx,/home/elipregerson/nnenum/vnncomp2025_benchmarks/benchmarks/safenlp_2024/vnnlib/medical/hyperrectangle_722.vnnlib,.007844258,unsat,1.924957967
safenlp_2024,/home/elipregerson/nnenum/vnncomp2025_benchmarks/benchmarks/safenlp_2024/onnx/medical/perturbations_0.onnx,/home/elipregerson/nnenum/vnncomp2025_benchmarks/benchmarks/safenlp_2024/vnnlib/medical/hyperrectangle_956.vnnlib,.006139229,timeout,20.560192681
safenlp_2024,/home/elipregerson/nnenum/vnncomp2025_benchmarks/benchmarks/safenlp_2024/onnx/ruarobot/perturbations_0.onnx,/home/elipregerson/nnenum/vnncomp2025_benchmarks/benchmarks/safenlp_2024/vnnlib/ruarobot/hyperrectangle_3319.vnnlib,.006030134,unsat,18.095060201
safenlp_2024,/home/elipregerson/nnenum/vnncomp2025_benchmarks/benchmarks/safenlp_2024/onnx/medical/perturbations_0.onnx,/home/elipregerson/nnenum/vnncomp2025_benchmarks/benchmarks/safenlp_2024/vnnlib/medical/hyperrectangle_34.vnnlib,.011681625,unsat,.633301270
safenlp_2024,/home/elipregerson/nnenum/vnncomp2025_benchmarks/benchmarks/safenlp_2024/onnx/ruarobot/perturbations_0.onnx,/home/elipregerson/nnenum/vnncomp2025_benchmarks/benchmarks/safenlp_2024/vnnlib/ruarobot/hyperrectangle_5397.vnnlib,.005920558,unsat,.733398398
safenlp_2024,/home/elipregerson/nnenum/vnncomp2025_benchmarks/benchmarks/safenlp_2024/onnx/ruarobot/perturbations_0.onnx,/home/elipregerson/nnenum/vnncomp2025_benchmarks/benchmarks/safenlp_2024/vnnlib/ruarobot/hyperrectangle_7225.vnnlib,.006096403,sat,.644021865
safenlp_2024,/home/elipregerson/nnenum/vnncomp2025_benchmarks/benchmarks/safenlp_2024/onnx/ruarobot/perturbations_0.onnx,/home/elipregerson/nnenum/vnncomp2025_benchmarks/benchmarks/safenlp_2024/vnnlib/ruarobot/hyperrectangle_6132.vnnlib,.005990194,sat,.707428372
safenlp_2024,/home/elipregerson/nnenum/vnncomp2025_benchmarks/benchmarks/safenlp_2024/onnx/ruarobot/perturbations_0.onnx,/home/elipregerson/nnenum/vnncomp2025_benchmarks/benchmarks/safenlp_2024/vnnlib/ruarobot/hyperrectangle_2895.vnnlib,.006166625,sat,1.045899683
safenlp_2024,/home/elipregerson/nnenum/vnncomp2025_benchmarks/benchmarks/safenlp_2024/onnx/ruarobot/perturbations_0.onnx,/home/elipregerson/nnenum/vnncomp2025_benchmarks/benchmarks/safenlp_2024/vnnlib/ruarobot/hyperrectangle_4265.vnnlib,.006044823,sat,1.038212527
safenlp_2024,/home/elipregerson/nnenum/vnncomp2025_benchmarks/benchmarks/safenlp_2024/onnx/ruarobot/perturbations_0.onnx,/home/elipregerson/nnenum/vnncomp2025_benchmarks/benchmarks/safenlp_2024/vnnlib/ruarobot/hyperrectangle_5696.vnnlib,.006126603,unsat,3.839327649
safenlp_2024,/home/elipregerson/nnenum/vnncomp2025_benchmarks/benchmarks/safenlp_2024/onnx/ruarobot/perturbations_0.onnx,/home/elipregerson/nnenum/vnncomp2025_benchmarks/benchmarks/safenlp_2024/vnnlib/ruarobot/hyperrectangle_5886.vnnlib,.005984617,sat,.645369805
safenlp_2024,/home/elipregerson/nnenum/vnncomp2025_benchmarks/benchmarks/safenlp_2024/onnx/ruarobot/perturbations_0.onnx,/home/elipregerson/nnenum/vnncomp2025_benchmarks/benchmarks/safenlp_2024/vnnlib/ruarobot/hyperrectangle_7561.vnnlib,.006073465,sat,.654088099
safenlp_2024,/home/elipregerson/nnenum/vnncomp2025_benchmarks/benchmarks/safenlp_2024/onnx/medical/perturbations_0.onnx,/home/elipregerson/nnenum/vnncomp2025_benchmarks/benchmarks/safenlp_2024/vnnlib/medical/hyperrectangle_958.vnnlib,.006063933,sat,.638000403
safenlp_2024,/home/elipregerson/nnenum/vnncomp2025_benchmarks/benchmarks/safenlp_2024/onnx/ruarobot/perturbations_0.onnx,/home/elipregerson/nnenum/vnncomp2025_benchmarks/benchmarks/safenlp_2024/vnnlib/ruarobot/hyperrectangle_1356.vnnlib,.006111207,sat,.761294665
safenlp_2024,/home/elipregerson/nnenum/vnncomp2025_benchmarks/benchmarks/safenlp_2024/onnx/ruarobot/perturbations_0.onnx,/home/elipregerson/nnenum/vnncomp2025_benchmarks/benchmarks/safenlp_2024/vnnlib/ruarobot/hyperrectangle_3285.vnnlib,.005994192,sat,.643795402
safenlp_2024,/home/elipregerson/nnenum/vnncomp2025_benchmarks/benchmarks/safenlp_2024/onnx/ruarobot/perturbations_0.onnx,/home/elipregerson/nnenum/vnncomp2025_benchmarks/benchmarks/safenlp_2024/vnnlib/ruarobot/hyperrectangle_4948.vnnlib,.005969711,sat,.639087577
safenlp_2024,/home/elipregerson/nnenum/vnncomp2025_benchmarks/benchmarks/safenlp_2024/onnx/ruarobot/perturbations_0.onnx,/home/elipregerson/nnenum/vnncomp2025_benchmarks/benchmarks/safenlp_2024/vnnlib/ruarobot/hyperrectangle_3935.vnnlib,.006159702,sat,.636309064
safenlp_2024,/home/elipregerson/nnenum/vnncomp2025_benchmarks/benchmarks/safenlp_2024/onnx/ruarobot/perturbations_0.onnx,/home/elipregerson/nnenum/vnncomp2025_benchmarks/benchmarks/safenlp_2024/vnnlib/ruarobot/hyperrectangle_5962.vnnlib,.005900173,sat,.639877057
safenlp_2024,/home/elipregerson/nnenum/vnncomp2025_benchmarks/benchmarks/safenlp_2024/onnx/ruarobot/perturbations_0.onnx,/home/elipregerson/nnenum/vnncomp2025_benchmarks/benchmarks/safenlp_2024/vnnlib/ruarobot/hyperrectangle_385.vnnlib,.006215410,sat,.635946801
safenlp_2024,/home/elipregerson/nnenum/vnncomp2025_benchmarks/benchmarks/safenlp_2024/onnx/ruarobot/perturbations_0.onnx,/home/elipregerson/nnenum/vnncomp2025_benchmarks/benchmarks/safenlp_2024/vnnlib/ruarobot/hyperrectangle_6277.vnnlib,.006391586,unsat,.815803184
safenlp_2024,/home/elipregerson/nnenum/vnncomp2025_benchmarks/benchmarks/safenlp_2024/onnx/ruarobot/perturbations_0.onnx,/home/elipregerson/nnenum/vnncomp2025_benchmarks/benchmarks/safenlp_2024/vnnlib/ruarobot/hyperrectangle_4870.vnnlib,.006331672,sat,.646000973
safenlp_2024,/home/elipregerson/nnenum/vnncomp2025_benchmarks/benchmarks/safenlp_2024/onnx/ruarobot/perturbations_0.onnx,/home/elipregerson/nnenum/vnncomp2025_benchmarks/benchmarks/safenlp_2024/vnnlib/ruarobot/hyperrectangle_4773.vnnlib,.006235896,unsat,.665074657
safenlp_2024,/home/elipregerson/nnenum/vnncomp2025_benchmarks/benchmarks/safenlp_2024/onnx/ruarobot/perturbations_0.onnx,/home/elipregerson/nnenum/vnncomp2025_benchmarks/benchmarks/safenlp_2024/vnnlib/ruarobot/hyperrectangle_6672.vnnlib,.006112488,sat,.645388614
safenlp_2024,/home/elipregerson/nnenum/vnncomp2025_benchmarks/benchmarks/safenlp_2024/onnx/ruarobot/perturbations_0.onnx,/home/elipregerson/nnenum/vnncomp2025_benchmarks/benchmarks/safenlp_2024/vnnlib/ruarobot/hyperrectangle_2804.vnnlib,.006139724,sat,.639290030
safenlp_2024,/home/elipregerson/nnenum/vnncomp2025_benchmarks/benchmarks/safenlp_2024/onnx/ruarobot/perturbations_0.onnx,/home/elipregerson/nnenum/vnncomp2025_benchmarks/benchmarks/safenlp_2024/vnnlib/ruarobot/hyperrectangle_3333.vnnlib,.006092631,sat,.633762287
safenlp_2024,/home/elipregerson/nnenum/vnncomp2025_benchmarks/benchmarks/safenlp_2024/onnx/ruarobot/perturbations_0.onnx,/home/elipregerson/nnenum/vnncomp2025_benchmarks/benchmarks/safenlp_2024/vnnlib/ruarobot/hyperrectangle_347.vnnlib,.005972628,sat,.635768407
safenlp_2024,/home/elipregerson/nnenum/vnncomp2025_benchmarks/benchmarks/safenlp_2024/onnx/ruarobot/perturbations_0.onnx,/home/elipregerson/nnenum/vnncomp2025_benchmarks/benchmarks/safenlp_2024/vnnlib/ruarobot/hyperrectangle_1534.vnnlib,.006179028,sat,.646434389
safenlp_2024,/home/elipregerson/nnenum/vnncomp2025_benchmarks/benchmarks/safenlp_2024/onnx/medical/perturbations_0.onnx,/home/elipregerson/nnenum/vnncomp2025_benchmarks/benchmarks/safenlp_2024/vnnlib/medical/hyperrectangle_869.vnnlib,.006250925,sat,.641827016
safenlp_2024,/home/elipregerson/nnenum/vnncomp2025_benchmarks/benchmarks/safenlp_2024/onnx/ruarobot/perturbations_0.onnx,/home/elipregerson/nnenum/vnncomp2025_benchmarks/benchmarks/safenlp_2024/vnnlib/ruarobot/hyperrectangle_3036.vnnlib,.005902383,sat,.621530677
safenlp_2024,/home/elipregerson/nnenum/vnncomp2025_benchmarks/benchmarks/safenlp_2024/onnx/ruarobot/perturbations_0.onnx,/home/elipregerson/nnenum/vnncomp2025_benchmarks/benchmarks/safenlp_2024/vnnlib/ruarobot/hyperrectangle_3555.vnnlib,.006146738,timeout,20.550390367
safenlp_2024,/home/elipregerson/nnenum/vnncomp2025_benchmarks/benchmarks/safenlp_2024/onnx/ruarobot/perturbations_0.onnx,/home/elipregerson/nnenum/vnncomp2025_benchmarks/benchmarks/safenlp_2024/vnnlib/ruarobot/hyperrectangle_1420.vnnlib,.006120186,sat,.642610251
safenlp_2024,/home/elipregerson/nnenum/vnncomp2025_benchmarks/benchmarks/safenlp_2024/onnx/ruarobot/perturbations_0.onnx,/home/elipregerson/nnenum/vnncomp2025_benchmarks/benchmarks/safenlp_2024/vnnlib/ruarobot/hyperrectangle_1697.vnnlib,.006049686,sat,.650934028
safenlp_2024,/home/elipregerson/nnenum/vnncomp2025_benchmarks/benchmarks/safenlp_2024/onnx/medical/perturbations_0.onnx,/home/elipregerson/nnenum/vnncomp2025_benchmarks/benchmarks/safenlp_2024/vnnlib/medical/hyperrectangle_841.vnnlib,.005939589,unsat,.587228651
safenlp_2024,/home/elipregerson/nnenum/vnncomp2025_benchmarks/benchmarks/safenlp_2024/onnx/medical/perturbations_0.onnx,/home/elipregerson/nnenum/vnncomp2025_benchmarks/benchmarks/safenlp_2024/vnnlib/medical/hyperrectangle_771.vnnlib,.006172233,sat,.644085615
safenlp_2024,/home/elipregerson/nnenum/vnncomp2025_benchmarks/benchmarks/safenlp_2024/onnx/ruarobot/perturbations_0.onnx,/home/elipregerson/nnenum/vnncomp2025_benchmarks/benchmarks/safenlp_2024/vnnlib/ruarobot/hyperrectangle_58.vnnlib,.005985101,sat,.643790085
safenlp_2024,/home/elipregerson/nnenum/vnncomp2025_benchmarks/benchmarks/safenlp_2024/onnx/ruarobot/perturbations_0.onnx,/home/elipregerson/nnenum/vnncomp2025_benchmarks/benchmarks/safenlp_2024/vnnlib/ruarobot/hyperrectangle_6020.vnnlib,.005907535,sat,.630983361
safenlp_2024,/home/elipregerson/nnenum/vnncomp2025_benchmarks/benchmarks/safenlp_2024/onnx/medical/perturbations_0.onnx,/home/elipregerson/nnenum/vnncomp2025_benchmarks/benchmarks/safenlp_2024/vnnlib/medical/hyperrectangle_1748.vnnlib,.006001131,unsat,.607530821
safenlp_2024,/home/elipregerson/nnenum/vnncomp2025_benchmarks/benchmarks/safenlp_2024/onnx/ruarobot/perturbations_0.onnx,/home/elipregerson/nnenum/vnncomp2025_benchmarks/benchmarks/safenlp_2024/vnnlib/ruarobot/hyperrectangle_5001.vnnlib,.006181077,unsat,1.083566672
safenlp_2024,/home/elipregerson/nnenum/vnncomp2025_benchmarks/benchmarks/safenlp_2024/onnx/ruarobot/perturbations_0.onnx,/home/elipregerson/nnenum/vnncomp2025_benchmarks/benchmarks/safenlp_2024/vnnlib/ruarobot/hyperrectangle_1190.vnnlib,.006315961,timeout,20.561130523
safenlp_2024,/home/elipregerson/nnenum/vnncomp2025_benchmarks/benchmarks/safenlp_2024/onnx/ruarobot/perturbations_0.onnx,/home/elipregerson/nnenum/vnncomp2025_benchmarks/benchmarks/safenlp_2024/vnnlib/ruarobot/hyperrectangle_6503.vnnlib,.005972995,sat,.635788350
safenlp_2024,/home/elipregerson/nnenum/vnncomp2025_benchmarks/benchmarks/safenlp_2024/onnx/medical/perturbations_0.onnx,/home/elipregerson/nnenum/vnncomp2025_benchmarks/benchmarks/safenlp_2024/vnnlib/medical/hyperrectangle_59.vnnlib,.005928138,unsat,.596486330
safenlp_2024,/home/elipregerson/nnenum/vnncomp2025_benchmarks/benchmarks/safenlp_2024/onnx/ruarobot/perturbations_0.onnx,/home/elipregerson/nnenum/vnncomp2025_benchmarks/benchmarks/safenlp_2024/vnnlib/ruarobot/hyperrectangle_3702.vnnlib,.006069770,sat,.644229688
safenlp_2024,/home/elipregerson/nnenum/vnncomp2025_benchmarks/benchmarks/safenlp_2024/onnx/ruarobot/perturbations_0.onnx,/home/elipregerson/nnenum/vnncomp2025_benchmarks/benchmarks/safenlp_2024/vnnlib/ruarobot/hyperrectangle_2820.vnnlib,.006230192,unsat,1.960254177
safenlp_2024,/home/elipregerson/nnenum/vnncomp2025_benchmarks/benchmarks/safenlp_2024/onnx/ruarobot/perturbations_0.onnx,/home/elipregerson/nnenum/vnncomp2025_benchmarks/benchmarks/safenlp_2024/vnnlib/ruarobot/hyperrectangle_7750.vnnlib,.006023315,sat,.635840501
safenlp_2024,/home/elipregerson/nnenum/vnncomp2025_benchmarks/benchmarks/safenlp_2024/onnx/ruarobot/perturbations_0.onnx,/home/elipregerson/nnenum/vnncomp2025_benchmarks/benchmarks/safenlp_2024/vnnlib/ruarobot/hyperrectangle_1215.vnnlib,.006217095,sat,.648703458
safenlp_2024,/home/elipregerson/nnenum/vnncomp2025_benchmarks/benchmarks/safenlp_2024/onnx/ruarobot/perturbations_0.onnx,/home/elipregerson/nnenum/vnncomp2025_benchmarks/benchmarks/safenlp_2024/vnnlib/ruarobot/hyperrectangle_2365.vnnlib,.005946550,sat,.639758145
safenlp_2024,/home/elipregerson/nnenum/vnncomp2025_benchmarks/benchmarks/safenlp_2024/onnx/ruarobot/perturbations_0.onnx,/home/elipregerson/nnenum/vnncomp2025_benchmarks/benchmarks/safenlp_2024/vnnlib/ruarobot/hyperrectangle_4630.vnnlib,.006119921,sat,.640710479
safenlp_2024,/home/elipregerson/nnenum/vnncomp2025_benchmarks/benchmarks/safenlp_2024/onnx/ruarobot/perturbations_0.onnx,/home/elipregerson/nnenum/vnncomp2025_benchmarks/benchmarks/safenlp_2024/vnnlib/ruarobot/hyperrectangle_5063.vnnlib,.006442283,sat,.646372396
safenlp_2024,/home/elipregerson/nnenum/vnncomp2025_benchmarks/benchmarks/safenlp_2024/onnx/ruarobot/perturbations_0.onnx,/home/elipregerson/nnenum/vnncomp2025_benchmarks/benchmarks/safenlp_2024/vnnlib/ruarobot/hyperrectangle_3188.vnnlib,.006161970,sat,.637378045
safenlp_2024,/home/elipregerson/nnenum/vnncomp2025_benchmarks/benchmarks/safenlp_2024/onnx/ruarobot/perturbations_0.onnx,/home/elipregerson/nnenum/vnncomp2025_benchmarks/benchmarks/safenlp_2024/vnnlib/ruarobot/hyperrectangle_5457.vnnlib,.005962917,sat,.637675810
safenlp_2024,/home/elipregerson/nnenum/vnncomp2025_benchmarks/benchmarks/safenlp_2024/onnx/ruarobot/perturbations_0.onnx,/home/elipregerson/nnenum/vnncomp2025_benchmarks/benchmarks/safenlp_2024/vnnlib/ruarobot/hyperrectangle_7476.vnnlib,.005993082,unsat,.603559316
safenlp_2024,/home/elipregerson/nnenum/vnncomp2025_benchmarks/benchmarks/safenlp_2024/onnx/ruarobot/perturbations_0.onnx,/home/elipregerson/nnenum/vnncomp2025_benchmarks/benchmarks/safenlp_2024/vnnlib/ruarobot/hyperrectangle_3222.vnnlib,.006007331,sat,.646066112
safenlp_2024,/home/elipregerson/nnenum/vnncomp2025_benchmarks/benchmarks/safenlp_2024/onnx/ruarobot/perturbations_0.onnx,/home/elipregerson/nnenum/vnncomp2025_benchmarks/benchmarks/safenlp_2024/vnnlib/ruarobot/hyperrectangle_1064.vnnlib,.006017246,sat,.634974522
safenlp_2024,/home/elipregerson/nnenum/vnncomp2025_benchmarks/benchmarks/safenlp_2024/onnx/ruarobot/perturbations_0.onnx,/home/elipregerson/nnenum/vnncomp2025_benchmarks/benchmarks/safenlp_2024/vnnlib/ruarobot/hyperrectangle_5293.vnnlib,.006215575,sat,.636152175
safenlp_2024,/home/elipregerson/nnenum/vnncomp2025_benchmarks/benchmarks/safenlp_2024/onnx/ruarobot/perturbations_0.onnx,/home/elipregerson/nnenum/vnncomp2025_benchmarks/benchmarks/safenlp_2024/vnnlib/ruarobot/hyperrectangle_5643.vnnlib,.006389825,sat,.656103900
safenlp_2024,/home/elipregerson/nnenum/vnncomp2025_benchmarks/benchmarks/safenlp_2024/onnx/ruarobot/perturbations_0.onnx,/home/elipregerson/nnenum/vnncomp2025_benchmarks/benchmarks/safenlp_2024/vnnlib/ruarobot/hyperrectangle_6743.vnnlib,.006045372,sat,.634404760
safenlp_2024,/home/elipregerson/nnenum/vnncomp2025_benchmarks/benchmarks/safenlp_2024/onnx/medical/perturbations_0.onnx,/home/elipregerson/nnenum/vnncomp2025_benchmarks/benchmarks/safenlp_2024/vnnlib/medical/hyperrectangle_1047.vnnlib,.006302872,unsat,.590794157
safenlp_2024,/home/elipregerson/nnenum/vnncomp2025_benchmarks/benchmarks/safenlp_2024/onnx/ruarobot/perturbations_0.onnx,/home/elipregerson/nnenum/vnncomp2025_benchmarks/benchmarks/safenlp_2024/vnnlib/ruarobot/hyperrectangle_4958.vnnlib,.006041416,sat,.638710995
safenlp_2024,/home/elipregerson/nnenum/vnncomp2025_benchmarks/benchmarks/safenlp_2024/onnx/ruarobot/perturbations_0.onnx,/home/elipregerson/nnenum/vnncomp2025_benchmarks/benchmarks/safenlp_2024/vnnlib/ruarobot/hyperrectangle_7443.vnnlib,.006334749,sat,.652347898
safenlp_2024,/home/elipregerson/nnenum/vnncomp2025_benchmarks/benchmarks/safenlp_2024/onnx/medical/perturbations_0.onnx,/home/elipregerson/nnenum/vnncomp2025_benchmarks/benchmarks/safenlp_2024/vnnlib/medical/hyperrectangle_2698.vnnlib,.006051428,unsat,.958502202
safenlp_2024,/home/elipregerson/nnenum/vnncomp2025_benchmarks/benchmarks/safenlp_2024/onnx/medical/perturbations_0.onnx,/home/elipregerson/nnenum/vnncomp2025_benchmarks/benchmarks/safenlp_2024/vnnlib/medical/hyperrectangle_1215.vnnlib,.005989872,unsat,.591455755
safenlp_2024,/home/elipregerson/nnenum/vnncomp2025_benchmarks/benchmarks/safenlp_2024/onnx/medical/perturbations_0.onnx,/home/elipregerson/nnenum/vnncomp2025_benchmarks/benchmarks/safenlp_2024/vnnlib/medical/hyperrectangle_2322.vnnlib,.006109771,unsat,.915899264
safenlp_2024,/home/elipregerson/nnenum/vnncomp2025_benchmarks/benchmarks/safenlp_2024/onnx/ruarobot/perturbations_0.onnx,/home/elipregerson/nnenum/vnncomp2025_benchmarks/benchmarks/safenlp_2024/vnnlib/ruarobot/hyperrectangle_1219.vnnlib,.006095141,sat,.642693229
safenlp_2024,/home/elipregerson/nnenum/vnncomp2025_benchmarks/benchmarks/safenlp_2024/onnx/ruarobot/perturbations_0.onnx,/home/elipregerson/nnenum/vnncomp2025_benchmarks/benchmarks/safenlp_2024/vnnlib/ruarobot/hyperrectangle_5519.vnnlib,.006021187,sat,.593573437
safenlp_2024,/home/elipregerson/nnenum/vnncomp2025_benchmarks/benchmarks/safenlp_2024/onnx/medical/perturbations_0.onnx,/home/elipregerson/nnenum/vnncomp2025_benchmarks/benchmarks/safenlp_2024/vnnlib/medical/hyperrectangle_586.vnnlib,.006538893,unsat,.597500395
safenlp_2024,/home/elipregerson/nnenum/vnncomp2025_benchmarks/benchmarks/safenlp_2024/onnx/ruarobot/perturbations_0.onnx,/home/elipregerson/nnenum/vnncomp2025_benchmarks/benchmarks/safenlp_2024/vnnlib/ruarobot/hyperrectangle_6937.vnnlib,.006174384,unsat,1.026513233
safenlp_2024,/home/elipregerson/nnenum/vnncomp2025_benchmarks/benchmarks/safenlp_2024/onnx/medical/perturbations_0.onnx,/home/elipregerson/nnenum/vnncomp2025_benchmarks/benchmarks/safenlp_2024/vnnlib/medical/hyperrectangle_642.vnnlib,.005963711,unsat,.591455344
safenlp_2024,/home/elipregerson/nnenum/vnncomp2025_benchmarks/benchmarks/safenlp_2024/onnx/medical/perturbations_0.onnx,/home/elipregerson/nnenum/vnncomp2025_benchmarks/benchmarks/safenlp_2024/vnnlib/medical/hyperrectangle_866.vnnlib,.006042196,unsat,9.394109952
safenlp_2024,/home/elipregerson/nnenum/vnncomp2025_benchmarks/benchmarks/safenlp_2024/onnx/medical/perturbations_0.onnx,/home/elipregerson/nnenum/vnncomp2025_benchmarks/benchmarks/safenlp_2024/vnnlib/medical/hyperrectangle_2847.vnnlib,.012094279,unsat,1.479820582
safenlp_2024,/home/elipregerson/nnenum/vnncomp2025_benchmarks/benchmarks/safenlp_2024/onnx/ruarobot/perturbations_0.onnx,/home/elipregerson/nnenum/vnncomp2025_benchmarks/benchmarks/safenlp_2024/vnnlib/ruarobot/hyperrectangle_7767.vnnlib,.012293589,sat,.872675235
safenlp_2024,/home/elipregerson/nnenum/vnncomp2025_benchmarks/benchmarks/safenlp_2024/onnx/ruarobot/perturbations_0.onnx,/home/elipregerson/nnenum/vnncomp2025_benchmarks/benchmarks/safenlp_2024/vnnlib/ruarobot/hyperrectangle_777.vnnlib,.011217969,sat,.809050612
safenlp_2024,/home/elipregerson/nnenum/vnncomp2025_benchmarks/benchmarks/safenlp_2024/onnx/medical/perturbations_0.onnx,/home/elipregerson/nnenum/vnncomp2025_benchmarks/benchmarks/safenlp_2024/vnnlib/medical/hyperrectangle_1869.vnnlib,.006096506,unsat,2.867136027
safenlp_2024,/home/elipregerson/nnenum/vnncomp2025_benchmarks/benchmarks/safenlp_2024/onnx/ruarobot/perturbations_0.onnx,/home/elipregerson/nnenum/vnncomp2025_benchmarks/benchmarks/safenlp_2024/vnnlib/ruarobot/hyperrectangle_1477.vnnlib,.005877278,timeout,20.583577583
safenlp_2024,/home/elipregerson/nnenum/vnncomp2025_benchmarks/benchmarks/safenlp_2024/onnx/medical/perturbations_0.onnx,/home/elipregerson/nnenum/vnncomp2025_benchmarks/benchmarks/safenlp_2024/vnnlib/medical/hyperrectangle_2557.vnnlib,.012313034,unsat,1.085880101
safenlp_2024,/home/elipregerson/nnenum/vnncomp2025_benchmarks/benchmarks/safenlp_2024/onnx/ruarobot/perturbations_0.onnx,/home/elipregerson/nnenum/vnncomp2025_benchmarks/benchmarks/safenlp_2024/vnnlib/ruarobot/hyperrectangle_7695.vnnlib,.010481770,sat,.874825455
safenlp_2024,/home/elipregerson/nnenum/vnncomp2025_benchmarks/benchmarks/safenlp_2024/onnx/medical/perturbations_0.onnx,/home/elipregerson/nnenum/vnncomp2025_benchmarks/benchmarks/safenlp_2024/vnnlib/medical/hyperrectangle_2680.vnnlib,.010186580,sat,.880086807
safenlp_2024,/home/elipregerson/nnenum/vnncomp2025_benchmarks/benchmarks/safenlp_2024/onnx/ruarobot/perturbations_0.onnx,/home/elipregerson/nnenum/vnncomp2025_benchmarks/benchmarks/safenlp_2024/vnnlib/ruarobot/hyperrectangle_4459.vnnlib,.011271748,sat,.731807021
safenlp_2024,/home/elipregerson/nnenum/vnncomp2025_benchmarks/benchmarks/safenlp_2024/onnx/ruarobot/perturbations_0.onnx,/home/elipregerson/nnenum/vnncomp2025_benchmarks/benchmarks/safenlp_2024/vnnlib/ruarobot/hyperrectangle_7865.vnnlib,.006409216,sat,.609530900
safenlp_2024,/home/elipregerson/nnenum/vnncomp2025_benchmarks/benchmarks/safenlp_2024/onnx/ruarobot/perturbations_0.onnx,/home/elipregerson/nnenum/vnncomp2025_benchmarks/benchmarks/safenlp_2024/vnnlib/ruarobot/hyperrectangle_1890.vnnlib,.006031401,sat,.642088511
safenlp_2024,/home/elipregerson/nnenum/vnncomp2025_benchmarks/benchmarks/safenlp_2024/onnx/ruarobot/perturbations_0.onnx,/home/elipregerson/nnenum/vnncomp2025_benchmarks/benchmarks/safenlp_2024/vnnlib/ruarobot/hyperrectangle_4123.vnnlib,.005956754,sat,.658394534
safenlp_2024,/home/elipregerson/nnenum/vnncomp2025_benchmarks/benchmarks/safenlp_2024/onnx/ruarobot/perturbations_0.onnx,/home/elipregerson/nnenum/vnncomp2025_benchmarks/benchmarks/safenlp_2024/vnnlib/ruarobot/hyperrectangle_1808.vnnlib,.006046018,sat,.629114600
safenlp_2024,/home/elipregerson/nnenum/vnncomp2025_benchmarks/benchmarks/safenlp_2024/onnx/ruarobot/perturbations_0.onnx,/home/elipregerson/nnenum/vnncomp2025_benchmarks/benchmarks/safenlp_2024/vnnlib/ruarobot/hyperrectangle_2363.vnnlib,.006050246,sat,.638205951
safenlp_2024,/home/elipregerson/nnenum/vnncomp2025_benchmarks/benchmarks/safenlp_2024/onnx/medical/perturbations_0.onnx,/home/elipregerson/nnenum/vnncomp2025_benchmarks/benchmarks/safenlp_2024/vnnlib/medical/hyperrectangle_14.vnnlib,.006029435,sat,.651495585
safenlp_2024,/home/elipregerson/nnenum/vnncomp2025_benchmarks/benchmarks/safenlp_2024/onnx/ruarobot/perturbations_0.onnx,/home/elipregerson/nnenum/vnncomp2025_benchmarks/benchmarks/safenlp_2024/vnnlib/ruarobot/hyperrectangle_2068.vnnlib,.005852271,timeout,20.550339196
safenlp_2024,/home/elipregerson/nnenum/vnncomp2025_benchmarks/benchmarks/safenlp_2024/onnx/medical/perturbations_0.onnx,/home/elipregerson/nnenum/vnncomp2025_benchmarks/benchmarks/safenlp_2024/vnnlib/medical/hyperrectangle_839.vnnlib,.006029575,unsat,.594961916
safenlp_2024,/home/elipregerson/nnenum/vnncomp2025_benchmarks/benchmarks/safenlp_2024/onnx/ruarobot/perturbations_0.onnx,/home/elipregerson/nnenum/vnncomp2025_benchmarks/benchmarks/safenlp_2024/vnnlib/ruarobot/hyperrectangle_959.vnnlib,.006159566,sat,.658528994
safenlp_2024,/home/elipregerson/nnenum/vnncomp2025_benchmarks/benchmarks/safenlp_2024/onnx/ruarobot/perturbations_0.onnx,/home/elipregerson/nnenum/vnncomp2025_benchmarks/benchmarks/safenlp_2024/vnnlib/ruarobot/hyperrectangle_5155.vnnlib,.006269591,sat,.638188842
safenlp_2024,/home/elipregerson/nnenum/vnncomp2025_benchmarks/benchmarks/safenlp_2024/onnx/medical/perturbations_0.onnx,/home/elipregerson/nnenum/vnncomp2025_benchmarks/benchmarks/safenlp_2024/vnnlib/medical/hyperrectangle_1739.vnnlib,.006165557,timeout,20.556172970
safenlp_2024,/home/elipregerson/nnenum/vnncomp2025_benchmarks/benchmarks/safenlp_2024/onnx/ruarobot/perturbations_0.onnx,/home/elipregerson/nnenum/vnncomp2025_benchmarks/benchmarks/safenlp_2024/vnnlib/ruarobot/hyperrectangle_2734.vnnlib,.006021444,unsat,6.526820354
safenlp_2024,/home/elipregerson/nnenum/vnncomp2025_benchmarks/benchmarks/safenlp_2024/onnx/ruarobot/perturbations_0.onnx,/home/elipregerson/nnenum/vnncomp2025_benchmarks/benchmarks/safenlp_2024/vnnlib/ruarobot/hyperrectangle_4230.vnnlib,.008715956,sat,.873743702
safenlp_2024,/home/elipregerson/nnenum/vnncomp2025_benchmarks/benchmarks/safenlp_2024/onnx/ruarobot/perturbations_0.onnx,/home/elipregerson/nnenum/vnncomp2025_benchmarks/benchmarks/safenlp_2024/vnnlib/ruarobot/hyperrectangle_6377.vnnlib,.008534275,sat,.874886977
safenlp_2024,/home/elipregerson/nnenum/vnncomp2025_benchmarks/benchmarks/safenlp_2024/onnx/ruarobot/perturbations_0.onnx,/home/elipregerson/nnenum/vnncomp2025_benchmarks/benchmarks/safenlp_2024/vnnlib/ruarobot/hyperrectangle_790.vnnlib,.009798995,unsat,1.426473579
safenlp_2024,/home/elipregerson/nnenum/vnncomp2025_benchmarks/benchmarks/safenlp_2024/onnx/ruarobot/perturbations_0.onnx,/home/elipregerson/nnenum/vnncomp2025_benchmarks/benchmarks/safenlp_2024/vnnlib/ruarobot/hyperrectangle_1077.vnnlib,.005977873,sat,.631522514
safenlp_2024,/home/elipregerson/nnenum/vnncomp2025_benchmarks/benchmarks/safenlp_2024/onnx/ruarobot/perturbations_0.onnx,/home/elipregerson/nnenum/vnncomp2025_benchmarks/benchmarks/safenlp_2024/vnnlib/ruarobot/hyperrectangle_2558.vnnlib,.005956932,sat,.638528302
safenlp_2024,/home/elipregerson/nnenum/vnncomp2025_benchmarks/benchmarks/safenlp_2024/onnx/ruarobot/perturbations_0.onnx,/home/elipregerson/nnenum/vnncomp2025_benchmarks/benchmarks/safenlp_2024/vnnlib/ruarobot/hyperrectangle_5573.vnnlib,.006152414,sat,.645487353
safenlp_2024,/home/elipregerson/nnenum/vnncomp2025_benchmarks/benchmarks/safenlp_2024/onnx/ruarobot/perturbations_0.onnx,/home/elipregerson/nnenum/vnncomp2025_benchmarks/benchmarks/safenlp_2024/vnnlib/ruarobot/hyperrectangle_6604.vnnlib,.005942152,sat,.702524787
safenlp_2024,/home/elipregerson/nnenum/vnncomp2025_benchmarks/benchmarks/safenlp_2024/onnx/medical/perturbations_0.onnx,/home/elipregerson/nnenum/vnncomp2025_benchmarks/benchmarks/safenlp_2024/vnnlib/medical/hyperrectangle_2096.vnnlib,.006026953,sat,.641034675
safenlp_2024,/home/elipregerson/nnenum/vnncomp2025_benchmarks/benchmarks/safenlp_2024/onnx/ruarobot/perturbations_0.onnx,/home/elipregerson/nnenum/vnncomp2025_benchmarks/benchmarks/safenlp_2024/vnnlib/ruarobot/hyperrectangle_68.vnnlib,.005904409,sat,.875496456
safenlp_2024,/home/elipregerson/nnenum/vnncomp2025_benchmarks/benchmarks/safenlp_2024/onnx/medical/perturbations_0.onnx,/home/elipregerson/nnenum/vnncomp2025_benchmarks/benchmarks/safenlp_2024/vnnlib/medical/hyperrectangle_2607.vnnlib,.006106278,unsat,1.142377129
safenlp_2024,/home/elipregerson/nnenum/vnncomp2025_benchmarks/benchmarks/safenlp_2024/onnx/ruarobot/perturbations_0.onnx,/home/elipregerson/nnenum/vnncomp2025_benchmarks/benchmarks/safenlp_2024/vnnlib/ruarobot/hyperrectangle_4884.vnnlib,.006126113,unsat,.734978470
safenlp_2024,/home/elipregerson/nnenum/vnncomp2025_benchmarks/benchmarks/safenlp_2024/onnx/ruarobot/perturbations_0.onnx,/home/elipregerson/nnenum/vnncomp2025_benchmarks/benchmarks/safenlp_2024/vnnlib/ruarobot/hyperrectangle_1936.vnnlib,.009628541,sat,.604918981
safenlp_2024,/home/elipregerson/nnenum/vnncomp2025_benchmarks/benchmarks/safenlp_2024/onnx/medical/perturbations_0.onnx,/home/elipregerson/nnenum/vnncomp2025_benchmarks/benchmarks/safenlp_2024/vnnlib/medical/hyperrectangle_2710.vnnlib,.006190578,timeout,20.551575948
safenlp_2024,/home/elipregerson/nnenum/vnncomp2025_benchmarks/benchmarks/safenlp_2024/onnx/medical/perturbations_0.onnx,/home/elipregerson/nnenum/vnncomp2025_benchmarks/benchmarks/safenlp_2024/vnnlib/medical/hyperrectangle_1037.vnnlib,.005865548,unsat,2.267061778
safenlp_2024,/home/elipregerson/nnenum/vnncomp2025_benchmarks/benchmarks/safenlp_2024/onnx/ruarobot/perturbations_0.onnx,/home/elipregerson/nnenum/vnncomp2025_benchmarks/benchmarks/safenlp_2024/vnnlib/ruarobot/hyperrectangle_6373.vnnlib,.006137568,sat,.643143970
safenlp_2024,/home/elipregerson/nnenum/vnncomp2025_benchmarks/benchmarks/safenlp_2024/onnx/ruarobot/perturbations_0.onnx,/home/elipregerson/nnenum/vnncomp2025_benchmarks/benchmarks/safenlp_2024/vnnlib/ruarobot/hyperrectangle_7467.vnnlib,.006194763,sat,.647068041
safenlp_2024,/home/elipregerson/nnenum/vnncomp2025_benchmarks/benchmarks/safenlp_2024/onnx/ruarobot/perturbations_0.onnx,/home/elipregerson/nnenum/vnncomp2025_benchmarks/benchmarks/safenlp_2024/vnnlib/ruarobot/hyperrectangle_2259.vnnlib,.006066199,sat,.635891707
safenlp_2024,/home/elipregerson/nnenum/vnncomp2025_benchmarks/benchmarks/safenlp_2024/onnx/ruarobot/perturbations_0.onnx,/home/elipregerson/nnenum/vnncomp2025_benchmarks/benchmarks/safenlp_2024/vnnlib/ruarobot/hyperrectangle_4496.vnnlib,.006007992,timeout,20.564137816
safenlp_2024,/home/elipregerson/nnenum/vnncomp2025_benchmarks/benchmarks/safenlp_2024/onnx/ruarobot/perturbations_0.onnx,/home/elipregerson/nnenum/vnncomp2025_benchmarks/benchmarks/safenlp_2024/vnnlib/ruarobot/hyperrectangle_3316.vnnlib,.006046271,sat,.649435806
safenlp_2024,/home/elipregerson/nnenum/vnncomp2025_benchmarks/benchmarks/safenlp_2024/onnx/medical/perturbations_0.onnx,/home/elipregerson/nnenum/vnncomp2025_benchmarks/benchmarks/safenlp_2024/vnnlib/medical/hyperrectangle_267.vnnlib,.006003083,unsat,5.964119521
safenlp_2024,/home/elipregerson/nnenum/vnncomp2025_benchmarks/benchmarks/safenlp_2024/onnx/medical/perturbations_0.onnx,/home/elipregerson/nnenum/vnncomp2025_benchmarks/benchmarks/safenlp_2024/vnnlib/medical/hyperrectangle_672.vnnlib,.011725040,timeout,20.769617905
safenlp_2024,/home/elipregerson/nnenum/vnncomp2025_benchmarks/benchmarks/safenlp_2024/onnx/ruarobot/perturbations_0.onnx,/home/elipregerson/nnenum/vnncomp2025_benchmarks/benchmarks/safenlp_2024/vnnlib/ruarobot/hyperrectangle_6215.vnnlib,.011174585,sat,.872480694
safenlp_2024,/home/elipregerson/nnenum/vnncomp2025_benchmarks/benchmarks/safenlp_2024/onnx/ruarobot/perturbations_0.onnx,/home/elipregerson/nnenum/vnncomp2025_benchmarks/benchmarks/safenlp_2024/vnnlib/ruarobot/hyperrectangle_1521.vnnlib,.007955328,sat,.893698393
safenlp_2024,/home/elipregerson/nnenum/vnncomp2025_benchmarks/benchmarks/safenlp_2024/onnx/ruarobot/perturbations_0.onnx,/home/elipregerson/nnenum/vnncomp2025_benchmarks/benchmarks/safenlp_2024/vnnlib/ruarobot/hyperrectangle_626.vnnlib,.013042580,unsat,1.004091639
safenlp_2024,/home/elipregerson/nnenum/vnncomp2025_benchmarks/benchmarks/safenlp_2024/onnx/ruarobot/perturbations_0.onnx,/home/elipregerson/nnenum/vnncomp2025_benchmarks/benchmarks/safenlp_2024/vnnlib/ruarobot/hyperrectangle_5024.vnnlib,.006202697,sat,.634846398
safenlp_2024,/home/elipregerson/nnenum/vnncomp2025_benchmarks/benchmarks/safenlp_2024/onnx/ruarobot/perturbations_0.onnx,/home/elipregerson/nnenum/vnncomp2025_benchmarks/benchmarks/safenlp_2024/vnnlib/ruarobot/hyperrectangle_5134.vnnlib,.005936068,sat,.650790275
safenlp_2024,/home/elipregerson/nnenum/vnncomp2025_benchmarks/benchmarks/safenlp_2024/onnx/medical/perturbations_0.onnx,/home/elipregerson/nnenum/vnncomp2025_benchmarks/benchmarks/safenlp_2024/vnnlib/medical/hyperrectangle_1993.vnnlib,.006095971,unsat,.618199194
safenlp_2024,/home/elipregerson/nnenum/vnncomp2025_benchmarks/benchmarks/safenlp_2024/onnx/ruarobot/perturbations_0.onnx,/home/elipregerson/nnenum/vnncomp2025_benchmarks/benchmarks/safenlp_2024/vnnlib/ruarobot/hyperrectangle_5980.vnnlib,.005900752,sat,.637077740
safenlp_2024,/home/elipregerson/nnenum/vnncomp2025_benchmarks/benchmarks/safenlp_2024/onnx/ruarobot/perturbations_0.onnx,/home/elipregerson/nnenum/vnncomp2025_benchmarks/benchmarks/safenlp_2024/vnnlib/ruarobot/hyperrectangle_6430.vnnlib,.005968530,sat,.746238945
safenlp_2024,/home/elipregerson/nnenum/vnncomp2025_benchmarks/benchmarks/safenlp_2024/onnx/ruarobot/perturbations_0.onnx,/home/elipregerson/nnenum/vnncomp2025_benchmarks/benchmarks/safenlp_2024/vnnlib/ruarobot/hyperrectangle_477.vnnlib,.005992198,sat,.632823713
safenlp_2024,/home/elipregerson/nnenum/vnncomp2025_benchmarks/benchmarks/safenlp_2024/onnx/ruarobot/perturbations_0.onnx,/home/elipregerson/nnenum/vnncomp2025_benchmarks/benchmarks/safenlp_2024/vnnlib/ruarobot/hyperrectangle_5317.vnnlib,.006072663,sat,.634452188
safenlp_2024,/home/elipregerson/nnenum/vnncomp2025_benchmarks/benchmarks/safenlp_2024/onnx/ruarobot/perturbations_0.onnx,/home/elipregerson/nnenum/vnncomp2025_benchmarks/benchmarks/safenlp_2024/vnnlib/ruarobot/hyperrectangle_3259.vnnlib,.006035801,timeout,20.555527025
safenlp_2024,/home/elipregerson/nnenum/vnncomp2025_benchmarks/benchmarks/safenlp_2024/onnx/ruarobot/perturbations_0.onnx,/home/elipregerson/nnenum/vnncomp2025_benchmarks/benchmarks/safenlp_2024/vnnlib/ruarobot/hyperrectangle_7735.vnnlib,.006159333,sat,.637497874
safenlp_2024,/home/elipregerson/nnenum/vnncomp2025_benchmarks/benchmarks/safenlp_2024/onnx/ruarobot/perturbations_0.onnx,/home/elipregerson/nnenum/vnncomp2025_benchmarks/benchmarks/safenlp_2024/vnnlib/ruarobot/hyperrectangle_2784.vnnlib,.006018821,sat,.633740732
safenlp_2024,/home/elipregerson/nnenum/vnncomp2025_benchmarks/benchmarks/safenlp_2024/onnx/ruarobot/perturbations_0.onnx,/home/elipregerson/nnenum/vnncomp2025_benchmarks/benchmarks/safenlp_2024/vnnlib/ruarobot/hyperrectangle_2697.vnnlib,.005931370,sat,.634665631
safenlp_2024,/home/elipregerson/nnenum/vnncomp2025_benchmarks/benchmarks/safenlp_2024/onnx/medical/perturbations_0.onnx,/home/elipregerson/nnenum/vnncomp2025_benchmarks/benchmarks/safenlp_2024/vnnlib/medical/hyperrectangle_2101.vnnlib,.006080371,timeout,20.556417521
safenlp_2024,/home/elipregerson/nnenum/vnncomp2025_benchmarks/benchmarks/safenlp_2024/onnx/ruarobot/perturbations_0.onnx,/home/elipregerson/nnenum/vnncomp2025_benchmarks/benchmarks/safenlp_2024/vnnlib/ruarobot/hyperrectangle_3016.vnnlib,.005947551,sat,.645283537
safenlp_2024,/home/elipregerson/nnenum/vnncomp2025_benchmarks/benchmarks/safenlp_2024/onnx/ruarobot/perturbations_0.onnx,/home/elipregerson/nnenum/vnncomp2025_benchmarks/benchmarks/safenlp_2024/vnnlib/ruarobot/hyperrectangle_6536.vnnlib,.006142591,sat,.640152810
safenlp_2024,/home/elipregerson/nnenum/vnncomp2025_benchmarks/benchmarks/safenlp_2024/onnx/ruarobot/perturbations_0.onnx,/home/elipregerson/nnenum/vnncomp2025_benchmarks/benchmarks/safenlp_2024/vnnlib/ruarobot/hyperrectangle_7578.vnnlib,.006478536,sat,.639918146
safenlp_2024,/home/elipregerson/nnenum/vnncomp2025_benchmarks/benchmarks/safenlp_2024/onnx/ruarobot/perturbations_0.onnx,/home/elipregerson/nnenum/vnncomp2025_benchmarks/benchmarks/safenlp_2024/vnnlib/ruarobot/hyperrectangle_3654.vnnlib,.006139470,sat,.643650731
safenlp_2024,/home/elipregerson/nnenum/vnncomp2025_benchmarks/benchmarks/safenlp_2024/onnx/ruarobot/perturbations_0.onnx,/home/elipregerson/nnenum/vnncomp2025_benchmarks/benchmarks/safenlp_2024/vnnlib/ruarobot/hyperrectangle_5526.vnnlib,.006637466,unsat,1.244504838
safenlp_2024,/home/elipregerson/nnenum/vnncomp2025_benchmarks/benchmarks/safenlp_2024/onnx/ruarobot/perturbations_0.onnx,/home/elipregerson/nnenum/vnncomp2025_benchmarks/benchmarks/safenlp_2024/vnnlib/ruarobot/hyperrectangle_1608.vnnlib,.006205707,unsat,1.729161919
safenlp_2024,/home/elipregerson/nnenum/vnncomp2025_benchmarks/benchmarks/safenlp_2024/onnx/ruarobot/perturbations_0.onnx,/home/elipregerson/nnenum/vnncomp2025_benchmarks/benchmarks/safenlp_2024/vnnlib/ruarobot/hyperrectangle_1923.vnnlib,.006283653,unsat,.670448096
safenlp_2024,/home/elipregerson/nnenum/vnncomp2025_benchmarks/benchmarks/safenlp_2024/onnx/ruarobot/perturbations_0.onnx,/home/elipregerson/nnenum/vnncomp2025_benchmarks/benchmarks/safenlp_2024/vnnlib/ruarobot/hyperrectangle_2744.vnnlib,.006208347,sat,.629986212
safenlp_2024,/home/elipregerson/nnenum/vnncomp2025_benchmarks/benchmarks/safenlp_2024/onnx/ruarobot/perturbations_0.onnx,/home/elipregerson/nnenum/vnncomp2025_benchmarks/benchmarks/safenlp_2024/vnnlib/ruarobot/hyperrectangle_929.vnnlib,.006047602,sat,.636165430
safenlp_2024,/home/elipregerson/nnenum/vnncomp2025_benchmarks/benchmarks/safenlp_2024/onnx/ruarobot/perturbations_0.onnx,/home/elipregerson/nnenum/vnncomp2025_benchmarks/benchmarks/safenlp_2024/vnnlib/ruarobot/hyperrectangle_5265.vnnlib,.006108232,sat,.705638619
safenlp_2024,/home/elipregerson/nnenum/vnncomp2025_benchmarks/benchmarks/safenlp_2024/onnx/medical/perturbations_0.onnx,/home/elipregerson/nnenum/vnncomp2025_benchmarks/benchmarks/safenlp_2024/vnnlib/medical/hyperrectangle_1506.vnnlib,.006261811,unsat,.604828139
safenlp_2024,/home/elipregerson/nnenum/vnncomp2025_benchmarks/benchmarks/safenlp_2024/onnx/ruarobot/perturbations_0.onnx,/home/elipregerson/nnenum/vnncomp2025_benchmarks/benchmarks/safenlp_2024/vnnlib/ruarobot/hyperrectangle_3154.vnnlib,.006060013,sat,.634557589
safenlp_2024,/home/elipregerson/nnenum/vnncomp2025_benchmarks/benchmarks/safenlp_2024/onnx/ruarobot/perturbations_0.onnx,/home/elipregerson/nnenum/vnncomp2025_benchmarks/benchmarks/safenlp_2024/vnnlib/ruarobot/hyperrectangle_2203.vnnlib,.006401276,sat,.641811848
safenlp_2024,/home/elipregerson/nnenum/vnncomp2025_benchmarks/benchmarks/safenlp_2024/onnx/ruarobot/perturbations_0.onnx,/home/elipregerson/nnenum/vnncomp2025_benchmarks/benchmarks/safenlp_2024/vnnlib/ruarobot/hyperrectangle_3653.vnnlib,.005999972,sat,.622623094
safenlp_2024,/home/elipregerson/nnenum/vnncomp2025_benchmarks/benchmarks/safenlp_2024/onnx/ruarobot/perturbations_0.onnx,/home/elipregerson/nnenum/vnncomp2025_benchmarks/benchmarks/safenlp_2024/vnnlib/ruarobot/hyperrectangle_4061.vnnlib,.006457875,timeout,20.558888087
safenlp_2024,/home/elipregerson/nnenum/vnncomp2025_benchmarks/benchmarks/safenlp_2024/onnx/ruarobot/perturbations_0.onnx,/home/elipregerson/nnenum/vnncomp2025_benchmarks/benchmarks/safenlp_2024/vnnlib/ruarobot/hyperrectangle_6049.vnnlib,.005990687,sat,.635146706
safenlp_2024,/home/elipregerson/nnenum/vnncomp2025_benchmarks/benchmarks/safenlp_2024/onnx/ruarobot/perturbations_0.onnx,/home/elipregerson/nnenum/vnncomp2025_benchmarks/benchmarks/safenlp_2024/vnnlib/ruarobot/hyperrectangle_3529.vnnlib,.006075033,sat,.640071618
safenlp_2024,/home/elipregerson/nnenum/vnncomp2025_benchmarks/benchmarks/safenlp_2024/onnx/ruarobot/perturbations_0.onnx,/home/elipregerson/nnenum/vnncomp2025_benchmarks/benchmarks/safenlp_2024/vnnlib/ruarobot/hyperrectangle_2395.vnnlib,.006044339,sat,.653875336
safenlp_2024,/home/elipregerson/nnenum/vnncomp2025_benchmarks/benchmarks/safenlp_2024/onnx/ruarobot/perturbations_0.onnx,/home/elipregerson/nnenum/vnncomp2025_benchmarks/benchmarks/safenlp_2024/vnnlib/ruarobot/hyperrectangle_6058.vnnlib,.005980688,timeout,20.559628404
safenlp_2024,/home/elipregerson/nnenum/vnncomp2025_benchmarks/benchmarks/safenlp_2024/onnx/ruarobot/perturbations_0.onnx,/home/elipregerson/nnenum/vnncomp2025_benchmarks/benchmarks/safenlp_2024/vnnlib/ruarobot/hyperrectangle_7633.vnnlib,.006103573,sat,.638021702
safenlp_2024,/home/elipregerson/nnenum/vnncomp2025_benchmarks/benchmarks/safenlp_2024/onnx/ruarobot/perturbations_0.onnx,/home/elipregerson/nnenum/vnncomp2025_benchmarks/benchmarks/safenlp_2024/vnnlib/ruarobot/hyperrectangle_999.vnnlib,.005965188,sat,.638474576
safenlp_2024,/home/elipregerson/nnenum/vnncomp2025_benchmarks/benchmarks/safenlp_2024/onnx/ruarobot/perturbations_0.onnx,/home/elipregerson/nnenum/vnncomp2025_benchmarks/benchmarks/safenlp_2024/vnnlib/ruarobot/hyperrectangle_5237.vnnlib,.006155335,sat,.634180054
safenlp_2024,/home/elipregerson/nnenum/vnncomp2025_benchmarks/benchmarks/safenlp_2024/onnx/ruarobot/perturbations_0.onnx,/home/elipregerson/nnenum/vnncomp2025_benchmarks/benchmarks/safenlp_2024/vnnlib/ruarobot/hyperrectangle_7616.vnnlib,.005920487,sat,.638457957
safenlp_2024,/home/elipregerson/nnenum/vnncomp2025_benchmarks/benchmarks/safenlp_2024/onnx/ruarobot/perturbations_0.onnx,/home/elipregerson/nnenum/vnncomp2025_benchmarks/benchmarks/safenlp_2024/vnnlib/ruarobot/hyperrectangle_2787.vnnlib,.006107737,sat,.643968525
safenlp_2024,/home/elipregerson/nnenum/vnncomp2025_benchmarks/benchmarks/safenlp_2024/onnx/ruarobot/perturbations_0.onnx,/home/elipregerson/nnenum/vnncomp2025_benchmarks/benchmarks/safenlp_2024/vnnlib/ruarobot/hyperrectangle_2533.vnnlib,.005988389,sat,.637601884
safenlp_2024,/home/elipregerson/nnenum/vnncomp2025_benchmarks/benchmarks/safenlp_2024/onnx/medical/perturbations_0.onnx,/home/elipregerson/nnenum/vnncomp2025_benchmarks/benchmarks/safenlp_2024/vnnlib/medical/hyperrectangle_2168.vnnlib,.006029724,unsat,1.084239261
safenlp_2024,/home/elipregerson/nnenum/vnncomp2025_benchmarks/benchmarks/safenlp_2024/onnx/ruarobot/perturbations_0.onnx,/home/elipregerson/nnenum/vnncomp2025_benchmarks/benchmarks/safenlp_2024/vnnlib/ruarobot/hyperrectangle_5128.vnnlib,.005976894,sat,.644137982
safenlp_2024,/home/elipregerson/nnenum/vnncomp2025_benchmarks/benchmarks/safenlp_2024/onnx/medical/perturbations_0.onnx,/home/elipregerson/nnenum/vnncomp2025_benchmarks/benchmarks/safenlp_2024/vnnlib/medical/hyperrectangle_2868.vnnlib,.006365018,sat,.652075682
safenlp_2024,/home/elipregerson/nnenum/vnncomp2025_benchmarks/benchmarks/safenlp_2024/onnx/ruarobot/perturbations_0.onnx,/home/elipregerson/nnenum/vnncomp2025_benchmarks/benchmarks/safenlp_2024/vnnlib/ruarobot/hyperrectangle_3719.vnnlib,.006147122,sat,.644511099
safenlp_2024,/home/elipregerson/nnenum/vnncomp2025_benchmarks/benchmarks/safenlp_2024/onnx/medical/perturbations_0.onnx,/home/elipregerson/nnenum/vnncomp2025_benchmarks/benchmarks/safenlp_2024/vnnlib/medical/hyperrectangle_944.vnnlib,.006531746,unsat,.606538178
safenlp_2024,/home/elipregerson/nnenum/vnncomp2025_benchmarks/benchmarks/safenlp_2024/onnx/medical/perturbations_0.onnx,/home/elipregerson/nnenum/vnncomp2025_benchmarks/benchmarks/safenlp_2024/vnnlib/medical/hyperrectangle_1546.vnnlib,.005937368,unsat,.608761315
safenlp_2024,/home/elipregerson/nnenum/vnncomp2025_benchmarks/benchmarks/safenlp_2024/onnx/ruarobot/perturbations_0.onnx,/home/elipregerson/nnenum/vnncomp2025_benchmarks/benchmarks/safenlp_2024/vnnlib/ruarobot/hyperrectangle_5900.vnnlib,.006157701,sat,.638467576
safenlp_2024,/home/elipregerson/nnenum/vnncomp2025_benchmarks/benchmarks/safenlp_2024/onnx/ruarobot/perturbations_0.onnx,/home/elipregerson/nnenum/vnncomp2025_benchmarks/benchmarks/safenlp_2024/vnnlib/ruarobot/hyperrectangle_4438.vnnlib,.006063992,sat,.640568887
safenlp_2024,/home/elipregerson/nnenum/vnncomp2025_benchmarks/benchmarks/safenlp_2024/onnx/ruarobot/perturbations_0.onnx,/home/elipregerson/nnenum/vnncomp2025_benchmarks/benchmarks/safenlp_2024/vnnlib/ruarobot/hyperrectangle_7875.vnnlib,.006045705,unsat,.588713698
safenlp_2024,/home/elipregerson/nnenum/vnncomp2025_benchmarks/benchmarks/safenlp_2024/onnx/ruarobot/perturbations_0.onnx,/home/elipregerson/nnenum/vnncomp2025_benchmarks/benchmarks/safenlp_2024/vnnlib/ruarobot/hyperrectangle_469.vnnlib,.006241714,timeout,20.549067100
safenlp_2024,/home/elipregerson/nnenum/vnncomp2025_benchmarks/benchmarks/safenlp_2024/onnx/medical/perturbations_0.onnx,/home/elipregerson/nnenum/vnncomp2025_benchmarks/benchmarks/safenlp_2024/vnnlib/medical/hyperrectangle_1738.vnnlib,.005942419,unsat,.657112323
safenlp_2024,/home/elipregerson/nnenum/vnncomp2025_benchmarks/benchmarks/safenlp_2024/onnx/medical/perturbations_0.onnx,/home/elipregerson/nnenum/vnncomp2025_benchmarks/benchmarks/safenlp_2024/vnnlib/medical/hyperrectangle_237.vnnlib,.006146248,unsat,4.606293216
safenlp_2024,/home/elipregerson/nnenum/vnncomp2025_benchmarks/benchmarks/safenlp_2024/onnx/medical/perturbations_0.onnx,/home/elipregerson/nnenum/vnncomp2025_benchmarks/benchmarks/safenlp_2024/vnnlib/medical/hyperrectangle_2430.vnnlib,.006087398,unsat,2.642878306
safenlp_2024,/home/elipregerson/nnenum/vnncomp2025_benchmarks/benchmarks/safenlp_2024/onnx/medical/perturbations_0.onnx,/home/elipregerson/nnenum/vnncomp2025_benchmarks/benchmarks/safenlp_2024/vnnlib/medical/hyperrectangle_947.vnnlib,.010468733,unsat,.830992696
safenlp_2024,/home/elipregerson/nnenum/vnncomp2025_benchmarks/benchmarks/safenlp_2024/onnx/medical/perturbations_0.onnx,/home/elipregerson/nnenum/vnncomp2025_benchmarks/benchmarks/safenlp_2024/vnnlib/medical/hyperrectangle_2663.vnnlib,.011499843,unsat,.912969745
safenlp_2024,/home/elipregerson/nnenum/vnncomp2025_benchmarks/benchmarks/safenlp_2024/onnx/ruarobot/perturbations_0.onnx,/home/elipregerson/nnenum/vnncomp2025_benchmarks/benchmarks/safenlp_2024/vnnlib/ruarobot/hyperrectangle_4803.vnnlib,.009129048,sat,.876550156
safenlp_2024,/home/elipregerson/nnenum/vnncomp2025_benchmarks/benchmarks/safenlp_2024/onnx/ruarobot/perturbations_0.onnx,/home/elipregerson/nnenum/vnncomp2025_benchmarks/benchmarks/safenlp_2024/vnnlib/ruarobot/hyperrectangle_5828.vnnlib,.014132854,sat,.855088868
safenlp_2024,/home/elipregerson/nnenum/vnncomp2025_benchmarks/benchmarks/safenlp_2024/onnx/ruarobot/perturbations_0.onnx,/home/elipregerson/nnenum/vnncomp2025_benchmarks/benchmarks/safenlp_2024/vnnlib/ruarobot/hyperrectangle_4295.vnnlib,.006194267,sat,.639939247
safenlp_2024,/home/elipregerson/nnenum/vnncomp2025_benchmarks/benchmarks/safenlp_2024/onnx/ruarobot/perturbations_0.onnx,/home/elipregerson/nnenum/vnncomp2025_benchmarks/benchmarks/safenlp_2024/vnnlib/ruarobot/hyperrectangle_2399.vnnlib,.006111139,sat,.635730088
safenlp_2024,/home/elipregerson/nnenum/vnncomp2025_benchmarks/benchmarks/safenlp_2024/onnx/medical/perturbations_0.onnx,/home/elipregerson/nnenum/vnncomp2025_benchmarks/benchmarks/safenlp_2024/vnnlib/medical/hyperrectangle_1709.vnnlib,.005952997,unsat,.886209515
safenlp_2024,/home/elipregerson/nnenum/vnncomp2025_benchmarks/benchmarks/safenlp_2024/onnx/ruarobot/perturbations_0.onnx,/home/elipregerson/nnenum/vnncomp2025_benchmarks/benchmarks/safenlp_2024/vnnlib/ruarobot/hyperrectangle_531.vnnlib,.006122718,sat,.645981690
safenlp_2024,/home/elipregerson/nnenum/vnncomp2025_benchmarks/benchmarks/safenlp_2024/onnx/ruarobot/perturbations_0.onnx,/home/elipregerson/nnenum/vnncomp2025_benchmarks/benchmarks/safenlp_2024/vnnlib/ruarobot/hyperrectangle_6319.vnnlib,.006161980,timeout,20.549064324
safenlp_2024,/home/elipregerson/nnenum/vnncomp2025_benchmarks/benchmarks/safenlp_2024/onnx/medical/perturbations_0.onnx,/home/elipregerson/nnenum/vnncomp2025_benchmarks/benchmarks/safenlp_2024/vnnlib/medical/hyperrectangle_2516.vnnlib,.006197715,unsat,.655053983
safenlp_2024,/home/elipregerson/nnenum/vnncomp2025_benchmarks/benchmarks/safenlp_2024/onnx/medical/perturbations_0.onnx,/home/elipregerson/nnenum/vnncomp2025_benchmarks/benchmarks/safenlp_2024/vnnlib/medical/hyperrectangle_1705.vnnlib,.005932330,unsat,.602495947
safenlp_2024,/home/elipregerson/nnenum/vnncomp2025_benchmarks/benchmarks/safenlp_2024/onnx/ruarobot/perturbations_0.onnx,/home/elipregerson/nnenum/vnncomp2025_benchmarks/benchmarks/safenlp_2024/vnnlib/ruarobot/hyperrectangle_5660.vnnlib,.006007154,sat,.654232286
safenlp_2024,/home/elipregerson/nnenum/vnncomp2025_benchmarks/benchmarks/safenlp_2024/onnx/medical/perturbations_0.onnx,/home/elipregerson/nnenum/vnncomp2025_benchmarks/benchmarks/safenlp_2024/vnnlib/medical/hyperrectangle_1587.vnnlib,.005971545,sat,.641226554
safenlp_2024,/home/elipregerson/nnenum/vnncomp2025_benchmarks/benchmarks/safenlp_2024/onnx/medical/perturbations_0.onnx,/home/elipregerson/nnenum/vnncomp2025_benchmarks/benchmarks/safenlp_2024/vnnlib/medical/hyperrectangle_1476.vnnlib,.006060013,sat,.633304333
safenlp_2024,/home/elipregerson/nnenum/vnncomp2025_benchmarks/benchmarks/safenlp_2024/onnx/ruarobot/perturbations_0.onnx,/home/elipregerson/nnenum/vnncomp2025_benchmarks/benchmarks/safenlp_2024/vnnlib/ruarobot/hyperrectangle_2439.vnnlib,.006218459,sat,.639509832
safenlp_2024,/home/elipregerson/nnenum/vnncomp2025_benchmarks/benchmarks/safenlp_2024/onnx/ruarobot/perturbations_0.onnx,/home/elipregerson/nnenum/vnncomp2025_benchmarks/benchmarks/safenlp_2024/vnnlib/ruarobot/hyperrectangle_7503.vnnlib,.005890157,unsat,17.341328618
safenlp_2024,/home/elipregerson/nnenum/vnncomp2025_benchmarks/benchmarks/safenlp_2024/onnx/medical/perturbations_0.onnx,/home/elipregerson/nnenum/vnncomp2025_benchmarks/benchmarks/safenlp_2024/vnnlib/medical/hyperrectangle_662.vnnlib,.011648488,unsat,2.421986628
safenlp_2024,/home/elipregerson/nnenum/vnncomp2025_benchmarks/benchmarks/safenlp_2024/onnx/medical/perturbations_0.onnx,/home/elipregerson/nnenum/vnncomp2025_benchmarks/benchmarks/safenlp_2024/vnnlib/medical/hyperrectangle_1263.vnnlib,.006227740,unsat,.597380133
safenlp_2024,/home/elipregerson/nnenum/vnncomp2025_benchmarks/benchmarks/safenlp_2024/onnx/ruarobot/perturbations_0.onnx,/home/elipregerson/nnenum/vnncomp2025_benchmarks/benchmarks/safenlp_2024/vnnlib/ruarobot/hyperrectangle_6914.vnnlib,.006137625,unsat,.603824601
safenlp_2024,/home/elipregerson/nnenum/vnncomp2025_benchmarks/benchmarks/safenlp_2024/onnx/medical/perturbations_0.onnx,/home/elipregerson/nnenum/vnncomp2025_benchmarks/benchmarks/safenlp_2024/vnnlib/medical/hyperrectangle_2464.vnnlib,.006082523,sat,.640646143
safenlp_2024,/home/elipregerson/nnenum/vnncomp2025_benchmarks/benchmarks/safenlp_2024/onnx/ruarobot/perturbations_0.onnx,/home/elipregerson/nnenum/vnncomp2025_benchmarks/benchmarks/safenlp_2024/vnnlib/ruarobot/hyperrectangle_6890.vnnlib,.006045032,sat,.640619329
safenlp_2024,/home/elipregerson/nnenum/vnncomp2025_benchmarks/benchmarks/safenlp_2024/onnx/medical/perturbations_0.onnx,/home/elipregerson/nnenum/vnncomp2025_benchmarks/benchmarks/safenlp_2024/vnnlib/medical/hyperrectangle_1032.vnnlib,.006158008,unsat,.588479540
safenlp_2024,/home/elipregerson/nnenum/vnncomp2025_benchmarks/benchmarks/safenlp_2024/onnx/ruarobot/perturbations_0.onnx,/home/elipregerson/nnenum/vnncomp2025_benchmarks/benchmarks/safenlp_2024/vnnlib/ruarobot/hyperrectangle_2593.vnnlib,.006093971,sat,.643138977
safenlp_2024,/home/elipregerson/nnenum/vnncomp2025_benchmarks/benchmarks/safenlp_2024/onnx/ruarobot/perturbations_0.onnx,/home/elipregerson/nnenum/vnncomp2025_benchmarks/benchmarks/safenlp_2024/vnnlib/ruarobot/hyperrectangle_4557.vnnlib,.006222414,unsat,.628525230
safenlp_2024,/home/elipregerson/nnenum/vnncomp2025_benchmarks/benchmarks/safenlp_2024/onnx/medical/perturbations_0.onnx,/home/elipregerson/nnenum/vnncomp2025_benchmarks/benchmarks/safenlp_2024/vnnlib/medical/hyperrectangle_2695.vnnlib,.005971580,timeout,20.554329696
safenlp_2024,/home/elipregerson/nnenum/vnncomp2025_benchmarks/benchmarks/safenlp_2024/onnx/ruarobot/perturbations_0.onnx,/home/elipregerson/nnenum/vnncomp2025_benchmarks/benchmarks/safenlp_2024/vnnlib/ruarobot/hyperrectangle_3465.vnnlib,.006085297,unsat,2.755346796
safenlp_2024,/home/elipregerson/nnenum/vnncomp2025_benchmarks/benchmarks/safenlp_2024/onnx/ruarobot/perturbations_0.onnx,/home/elipregerson/nnenum/vnncomp2025_benchmarks/benchmarks/safenlp_2024/vnnlib/ruarobot/hyperrectangle_3449.vnnlib,.005994780,sat,.659307251
safenlp_2024,/home/elipregerson/nnenum/vnncomp2025_benchmarks/benchmarks/safenlp_2024/onnx/medical/perturbations_0.onnx,/home/elipregerson/nnenum/vnncomp2025_benchmarks/benchmarks/safenlp_2024/vnnlib/medical/hyperrectangle_660.vnnlib,.006172404,unsat,.598908079
safenlp_2024,/home/elipregerson/nnenum/vnncomp2025_benchmarks/benchmarks/safenlp_2024/onnx/ruarobot/perturbations_0.onnx,/home/elipregerson/nnenum/vnncomp2025_benchmarks/benchmarks/safenlp_2024/vnnlib/ruarobot/hyperrectangle_3286.vnnlib,.005901027,unsat,.595759039
safenlp_2024,/home/elipregerson/nnenum/vnncomp2025_benchmarks/benchmarks/safenlp_2024/onnx/medical/perturbations_0.onnx,/home/elipregerson/nnenum/vnncomp2025_benchmarks/benchmarks/safenlp_2024/vnnlib/medical/hyperrectangle_548.vnnlib,.005959108,unsat,.611922277
safenlp_2024,/home/elipregerson/nnenum/vnncomp2025_benchmarks/benchmarks/safenlp_2024/onnx/medical/perturbations_0.onnx,/home/elipregerson/nnenum/vnncomp2025_benchmarks/benchmarks/safenlp_2024/vnnlib/medical/hyperrectangle_1415.vnnlib,.005850186,sat,.635458144
safenlp_2024,/home/elipregerson/nnenum/vnncomp2025_benchmarks/benchmarks/safenlp_2024/onnx/ruarobot/perturbations_0.onnx,/home/elipregerson/nnenum/vnncomp2025_benchmarks/benchmarks/safenlp_2024/vnnlib/ruarobot/hyperrectangle_492.vnnlib,.006065874,sat,.634359422
safenlp_2024,/home/elipregerson/nnenum/vnncomp2025_benchmarks/benchmarks/safenlp_2024/onnx/ruarobot/perturbations_0.onnx,/home/elipregerson/nnenum/vnncomp2025_benchmarks/benchmarks/safenlp_2024/vnnlib/ruarobot/hyperrectangle_3547.vnnlib,.006170737,unsat,3.336087902
safenlp_2024,/home/elipregerson/nnenum/vnncomp2025_benchmarks/benchmarks/safenlp_2024/onnx/ruarobot/perturbations_0.onnx,/home/elipregerson/nnenum/vnncomp2025_benchmarks/benchmarks/safenlp_2024/vnnlib/ruarobot/hyperrectangle_4305.vnnlib,.005985823,sat,.646988351
safenlp_2024,/home/elipregerson/nnenum/vnncomp2025_benchmarks/benchmarks/safenlp_2024/onnx/medical/perturbations_0.onnx,/home/elipregerson/nnenum/vnncomp2025_benchmarks/benchmarks/safenlp_2024/vnnlib/medical/hyperrectangle_2219.vnnlib,.006249001,unsat,.590588388
safenlp_2024,/home/elipregerson/nnenum/vnncomp2025_benchmarks/benchmarks/safenlp_2024/onnx/ruarobot/perturbations_0.onnx,/home/elipregerson/nnenum/vnncomp2025_benchmarks/benchmarks/safenlp_2024/vnnlib/ruarobot/hyperrectangle_5928.vnnlib,.006298079,sat,.652767037
safenlp_2024,/home/elipregerson/nnenum/vnncomp2025_benchmarks/benchmarks/safenlp_2024/onnx/ruarobot/perturbations_0.onnx,/home/elipregerson/nnenum/vnncomp2025_benchmarks/benchmarks/safenlp_2024/vnnlib/ruarobot/hyperrectangle_4679.vnnlib,.006349045,sat,.641884148
safenlp_2024,/home/elipregerson/nnenum/vnncomp2025_benchmarks/benchmarks/safenlp_2024/onnx/ruarobot/perturbations_0.onnx,/home/elipregerson/nnenum/vnncomp2025_benchmarks/benchmarks/safenlp_2024/vnnlib/ruarobot/hyperrectangle_2956.vnnlib,.005847448,unsat,.660365529
safenlp_2024,/home/elipregerson/nnenum/vnncomp2025_benchmarks/benchmarks/safenlp_2024/onnx/ruarobot/perturbations_0.onnx,/home/elipregerson/nnenum/vnncomp2025_benchmarks/benchmarks/safenlp_2024/vnnlib/ruarobot/hyperrectangle_3840.vnnlib,.006178389,unsat,.943974634
safenlp_2024,/home/elipregerson/nnenum/vnncomp2025_benchmarks/benchmarks/safenlp_2024/onnx/medical/perturbations_0.onnx,/home/elipregerson/nnenum/vnncomp2025_benchmarks/benchmarks/safenlp_2024/vnnlib/medical/hyperrectangle_2541.vnnlib,.006081428,sat,.637234872
safenlp_2024,/home/elipregerson/nnenum/vnncomp2025_benchmarks/benchmarks/safenlp_2024/onnx/ruarobot/perturbations_0.onnx,/home/elipregerson/nnenum/vnncomp2025_benchmarks/benchmarks/safenlp_2024/vnnlib/ruarobot/hyperrectangle_2914.vnnlib,.006115553,sat,.639868430
safenlp_2024,/home/elipregerson/nnenum/vnncomp2025_benchmarks/benchmarks/safenlp_2024/onnx/ruarobot/perturbations_0.onnx,/home/elipregerson/nnenum/vnncomp2025_benchmarks/benchmarks/safenlp_2024/vnnlib/ruarobot/hyperrectangle_2018.vnnlib,.006035699,sat,.638387112
safenlp_2024,/home/elipregerson/nnenum/vnncomp2025_benchmarks/benchmarks/safenlp_2024/onnx/ruarobot/perturbations_0.onnx,/home/elipregerson/nnenum/vnncomp2025_benchmarks/benchmarks/safenlp_2024/vnnlib/ruarobot/hyperrectangle_5248.vnnlib,.006015357,sat,.586248047
safenlp_2024,/home/elipregerson/nnenum/vnncomp2025_benchmarks/benchmarks/safenlp_2024/onnx/medical/perturbations_0.onnx,/home/elipregerson/nnenum/vnncomp2025_benchmarks/benchmarks/safenlp_2024/vnnlib/medical/hyperrectangle_1443.vnnlib,.006028913,unsat,.610986933
safenlp_2024,/home/elipregerson/nnenum/vnncomp2025_benchmarks/benchmarks/safenlp_2024/onnx/medical/perturbations_0.onnx,/home/elipregerson/nnenum/vnncomp2025_benchmarks/benchmarks/safenlp_2024/vnnlib/medical/hyperrectangle_2053.vnnlib,.006217810,unsat,.898166818
safenlp_2024,/home/elipregerson/nnenum/vnncomp2025_benchmarks/benchmarks/safenlp_2024/onnx/medical/perturbations_0.onnx,/home/elipregerson/nnenum/vnncomp2025_benchmarks/benchmarks/safenlp_2024/vnnlib/medical/hyperrectangle_2334.vnnlib,.006032580,timeout,20.553964826
safenlp_2024,/home/elipregerson/nnenum/vnncomp2025_benchmarks/benchmarks/safenlp_2024/onnx/ruarobot/perturbations_0.onnx,/home/elipregerson/nnenum/vnncomp2025_benchmarks/benchmarks/safenlp_2024/vnnlib/ruarobot/hyperrectangle_6652.vnnlib,.006106623,sat,.650546755
safenlp_2024,/home/elipregerson/nnenum/vnncomp2025_benchmarks/benchmarks/safenlp_2024/onnx/ruarobot/perturbations_0.onnx,/home/elipregerson/nnenum/vnncomp2025_benchmarks/benchmarks/safenlp_2024/vnnlib/ruarobot/hyperrectangle_4142.vnnlib,.006095775,sat,.647842343
safenlp_2024,/home/elipregerson/nnenum/vnncomp2025_benchmarks/benchmarks/safenlp_2024/onnx/ruarobot/perturbations_0.onnx,/home/elipregerson/nnenum/vnncomp2025_benchmarks/benchmarks/safenlp_2024/vnnlib/ruarobot/hyperrectangle_2788.vnnlib,.006248944,sat,.596374792
safenlp_2024,/home/elipregerson/nnenum/vnncomp2025_benchmarks/benchmarks/safenlp_2024/onnx/ruarobot/perturbations_0.onnx,/home/elipregerson/nnenum/vnncomp2025_benchmarks/benchmarks/safenlp_2024/vnnlib/ruarobot/hyperrectangle_5670.vnnlib,.006025277,sat,.655060923
safenlp_2024,/home/elipregerson/nnenum/vnncomp2025_benchmarks/benchmarks/safenlp_2024/onnx/ruarobot/perturbations_0.onnx,/home/elipregerson/nnenum/vnncomp2025_benchmarks/benchmarks/safenlp_2024/vnnlib/ruarobot/hyperrectangle_2473.vnnlib,.005930579,sat,.594068797
safenlp_2024,/home/elipregerson/nnenum/vnncomp2025_benchmarks/benchmarks/safenlp_2024/onnx/ruarobot/perturbations_0.onnx,/home/elipregerson/nnenum/vnncomp2025_benchmarks/benchmarks/safenlp_2024/vnnlib/ruarobot/hyperrectangle_6241.vnnlib,.005986529,timeout,20.545868324
safenlp_2024,/home/elipregerson/nnenum/vnncomp2025_benchmarks/benchmarks/safenlp_2024/onnx/ruarobot/perturbations_0.onnx,/home/elipregerson/nnenum/vnncomp2025_benchmarks/benchmarks/safenlp_2024/vnnlib/ruarobot/hyperrectangle_3808.vnnlib,.006004755,timeout,20.546209267
safenlp_2024,/home/elipregerson/nnenum/vnncomp2025_benchmarks/benchmarks/safenlp_2024/onnx/ruarobot/perturbations_0.onnx,/home/elipregerson/nnenum/vnncomp2025_benchmarks/benchmarks/safenlp_2024/vnnlib/ruarobot/hyperrectangle_7130.vnnlib,.006073062,sat,.640555325
safenlp_2024,/home/elipregerson/nnenum/vnncomp2025_benchmarks/benchmarks/safenlp_2024/onnx/ruarobot/perturbations_0.onnx,/home/elipregerson/nnenum/vnncomp2025_benchmarks/benchmarks/safenlp_2024/vnnlib/ruarobot/hyperrectangle_6819.vnnlib,.006058393,timeout,20.548944592
safenlp_2024,/home/elipregerson/nnenum/vnncomp2025_benchmarks/benchmarks/safenlp_2024/onnx/medical/perturbations_0.onnx,/home/elipregerson/nnenum/vnncomp2025_benchmarks/benchmarks/safenlp_2024/vnnlib/medical/hyperrectangle_587.vnnlib,.006058133,timeout,20.558035679
safenlp_2024,/home/elipregerson/nnenum/vnncomp2025_benchmarks/benchmarks/safenlp_2024/onnx/ruarobot/perturbations_0.onnx,/home/elipregerson/nnenum/vnncomp2025_benchmarks/benchmarks/safenlp_2024/vnnlib/ruarobot/hyperrectangle_5800.vnnlib,.016854464,sat,.658700074
safenlp_2024,/home/elipregerson/nnenum/vnncomp2025_benchmarks/benchmarks/safenlp_2024/onnx/ruarobot/perturbations_0.onnx,/home/elipregerson/nnenum/vnncomp2025_benchmarks/benchmarks/safenlp_2024/vnnlib/ruarobot/hyperrectangle_4908.vnnlib,.005869125,timeout,20.571211222
safenlp_2024,/home/elipregerson/nnenum/vnncomp2025_benchmarks/benchmarks/safenlp_2024/onnx/medical/perturbations_0.onnx,/home/elipregerson/nnenum/vnncomp2025_benchmarks/benchmarks/safenlp_2024/vnnlib/medical/hyperrectangle_1582.vnnlib,.008106741,unsat,17.624929374
safenlp_2024,/home/elipregerson/nnenum/vnncomp2025_benchmarks/benchmarks/safenlp_2024/onnx/ruarobot/perturbations_0.onnx,/home/elipregerson/nnenum/vnncomp2025_benchmarks/benchmarks/safenlp_2024/vnnlib/ruarobot/hyperrectangle_2903.vnnlib,.009315719,sat,.783593249
safenlp_2024,/home/elipregerson/nnenum/vnncomp2025_benchmarks/benchmarks/safenlp_2024/onnx/medical/perturbations_0.onnx,/home/elipregerson/nnenum/vnncomp2025_benchmarks/benchmarks/safenlp_2024/vnnlib/medical/hyperrectangle_2231.vnnlib,.006203990,sat,.638216387
safenlp_2024,/home/elipregerson/nnenum/vnncomp2025_benchmarks/benchmarks/safenlp_2024/onnx/medical/perturbations_0.onnx,/home/elipregerson/nnenum/vnncomp2025_benchmarks/benchmarks/safenlp_2024/vnnlib/medical/hyperrectangle_2714.vnnlib,.005923629,timeout,20.568312373
safenlp_2024,/home/elipregerson/nnenum/vnncomp2025_benchmarks/benchmarks/safenlp_2024/onnx/ruarobot/perturbations_0.onnx,/home/elipregerson/nnenum/vnncomp2025_benchmarks/benchmarks/safenlp_2024/vnnlib/ruarobot/hyperrectangle_6939.vnnlib,.010329360,unsat,7.025300778
safenlp_2024,/home/elipregerson/nnenum/vnncomp2025_benchmarks/benchmarks/safenlp_2024/onnx/ruarobot/perturbations_0.onnx,/home/elipregerson/nnenum/vnncomp2025_benchmarks/benchmarks/safenlp_2024/vnnlib/ruarobot/hyperrectangle_6120.vnnlib,.010994401,sat,.879544910
safenlp_2024,/home/elipregerson/nnenum/vnncomp2025_benchmarks/benchmarks/safenlp_2024/onnx/ruarobot/perturbations_0.onnx,/home/elipregerson/nnenum/vnncomp2025_benchmarks/benchmarks/safenlp_2024/vnnlib/ruarobot/hyperrectangle_5360.vnnlib,.011706516,sat,.869243141
safenlp_2024,/home/elipregerson/nnenum/vnncomp2025_benchmarks/benchmarks/safenlp_2024/onnx/medical/perturbations_0.onnx,/home/elipregerson/nnenum/vnncomp2025_benchmarks/benchmarks/safenlp_2024/vnnlib/medical/hyperrectangle_2057.vnnlib,.009195617,timeout,20.770574254
safenlp_2024,/home/elipregerson/nnenum/vnncomp2025_benchmarks/benchmarks/safenlp_2024/onnx/ruarobot/perturbations_0.onnx,/home/elipregerson/nnenum/vnncomp2025_benchmarks/benchmarks/safenlp_2024/vnnlib/ruarobot/hyperrectangle_4258.vnnlib,.008021780,sat,.706234683
safenlp_2024,/home/elipregerson/nnenum/vnncomp2025_benchmarks/benchmarks/safenlp_2024/onnx/medical/perturbations_0.onnx,/home/elipregerson/nnenum/vnncomp2025_benchmarks/benchmarks/safenlp_2024/vnnlib/medical/hyperrectangle_710.vnnlib,.005871838,unsat,.599628575
safenlp_2024,/home/elipregerson/nnenum/vnncomp2025_benchmarks/benchmarks/safenlp_2024/onnx/ruarobot/perturbations_0.onnx,/home/elipregerson/nnenum/vnncomp2025_benchmarks/benchmarks/safenlp_2024/vnnlib/ruarobot/hyperrectangle_784.vnnlib,.005983461,sat,.639500881
safenlp_2024,/home/elipregerson/nnenum/vnncomp2025_benchmarks/benchmarks/safenlp_2024/onnx/ruarobot/perturbations_0.onnx,/home/elipregerson/nnenum/vnncomp2025_benchmarks/benchmarks/safenlp_2024/vnnlib/ruarobot/hyperrectangle_1334.vnnlib,.006139721,sat,.654918485
safenlp_2024,/home/elipregerson/nnenum/vnncomp2025_benchmarks/benchmarks/safenlp_2024/onnx/medical/perturbations_0.onnx,/home/elipregerson/nnenum/vnncomp2025_benchmarks/benchmarks/safenlp_2024/vnnlib/medical/hyperrectangle_1623.vnnlib,.006092393,unsat,.605089186
safenlp_2024,/home/elipregerson/nnenum/vnncomp2025_benchmarks/benchmarks/safenlp_2024/onnx/ruarobot/perturbations_0.onnx,/home/elipregerson/nnenum/vnncomp2025_benchmarks/benchmarks/safenlp_2024/vnnlib/ruarobot/hyperrectangle_1997.vnnlib,.006039769,timeout,20.576033622
safenlp_2024,/home/elipregerson/nnenum/vnncomp2025_benchmarks/benchmarks/safenlp_2024/onnx/ruarobot/perturbations_0.onnx,/home/elipregerson/nnenum/vnncomp2025_benchmarks/benchmarks/safenlp_2024/vnnlib/ruarobot/hyperrectangle_791.vnnlib,.009276471,sat,.698936723
safenlp_2024,/home/elipregerson/nnenum/vnncomp2025_benchmarks/benchmarks/safenlp_2024/onnx/medical/perturbations_0.onnx,/home/elipregerson/nnenum/vnncomp2025_benchmarks/benchmarks/safenlp_2024/vnnlib/medical/hyperrectangle_2524.vnnlib,.005925033,timeout,20.563832254
safenlp_2024,/home/elipregerson/nnenum/vnncomp2025_benchmarks/benchmarks/safenlp_2024/onnx/ruarobot/perturbations_0.onnx,/home/elipregerson/nnenum/vnncomp2025_benchmarks/benchmarks/safenlp_2024/vnnlib/ruarobot/hyperrectangle_3123.vnnlib,.006123362,sat,.648006393
safenlp_2024,/home/elipregerson/nnenum/vnncomp2025_benchmarks/benchmarks/safenlp_2024/onnx/ruarobot/perturbations_0.onnx,/home/elipregerson/nnenum/vnncomp2025_benchmarks/benchmarks/safenlp_2024/vnnlib/ruarobot/hyperrectangle_7418.vnnlib,.006218607,sat,.637724108
safenlp_2024,/home/elipregerson/nnenum/vnncomp2025_benchmarks/benchmarks/safenlp_2024/onnx/ruarobot/perturbations_0.onnx,/home/elipregerson/nnenum/vnncomp2025_benchmarks/benchmarks/safenlp_2024/vnnlib/ruarobot/hyperrectangle_7692.vnnlib,.006273829,sat,.654700362
safenlp_2024,/home/elipregerson/nnenum/vnncomp2025_benchmarks/benchmarks/safenlp_2024/onnx/ruarobot/perturbations_0.onnx,/home/elipregerson/nnenum/vnncomp2025_benchmarks/benchmarks/safenlp_2024/vnnlib/ruarobot/hyperrectangle_547.vnnlib,.006074677,sat,.653502429
safenlp_2024,/home/elipregerson/nnenum/vnncomp2025_benchmarks/benchmarks/safenlp_2024/onnx/ruarobot/perturbations_0.onnx,/home/elipregerson/nnenum/vnncomp2025_benchmarks/benchmarks/safenlp_2024/vnnlib/ruarobot/hyperrectangle_7226.vnnlib,.006100775,timeout,20.577779263
safenlp_2024,/home/elipregerson/nnenum/vnncomp2025_benchmarks/benchmarks/safenlp_2024/onnx/ruarobot/perturbations_0.onnx,/home/elipregerson/nnenum/vnncomp2025_benchmarks/benchmarks/safenlp_2024/vnnlib/ruarobot/hyperrectangle_821.vnnlib,.009307235,unsat,.963536512
safenlp_2024,/home/elipregerson/nnenum/vnncomp2025_benchmarks/benchmarks/safenlp_2024/onnx/ruarobot/perturbations_0.onnx,/home/elipregerson/nnenum/vnncomp2025_benchmarks/benchmarks/safenlp_2024/vnnlib/ruarobot/hyperrectangle_6416.vnnlib,.006280404,sat,17.258898054
safenlp_2024,/home/elipregerson/nnenum/vnncomp2025_benchmarks/benchmarks/safenlp_2024/onnx/ruarobot/perturbations_0.onnx,/home/elipregerson/nnenum/vnncomp2025_benchmarks/benchmarks/safenlp_2024/vnnlib/ruarobot/hyperrectangle_5688.vnnlib,.011344013,sat,.849525238
safenlp_2024,/home/elipregerson/nnenum/vnncomp2025_benchmarks/benchmarks/safenlp_2024/onnx/ruarobot/perturbations_0.onnx,/home/elipregerson/nnenum/vnncomp2025_benchmarks/benchmarks/safenlp_2024/vnnlib/ruarobot/hyperrectangle_1302.vnnlib,.005982660,sat,.641840322
safenlp_2024,/home/elipregerson/nnenum/vnncomp2025_benchmarks/benchmarks/safenlp_2024/onnx/ruarobot/perturbations_0.onnx,/home/elipregerson/nnenum/vnncomp2025_benchmarks/benchmarks/safenlp_2024/vnnlib/ruarobot/hyperrectangle_6614.vnnlib,.006209631,timeout,20.576223964
safenlp_2024,/home/elipregerson/nnenum/vnncomp2025_benchmarks/benchmarks/safenlp_2024/onnx/ruarobot/perturbations_0.onnx,/home/elipregerson/nnenum/vnncomp2025_benchmarks/benchmarks/safenlp_2024/vnnlib/ruarobot/hyperrectangle_6909.vnnlib,.008448292,sat,.718990428
safenlp_2024,/home/elipregerson/nnenum/vnncomp2025_benchmarks/benchmarks/safenlp_2024/onnx/ruarobot/perturbations_0.onnx,/home/elipregerson/nnenum/vnncomp2025_benchmarks/benchmarks/safenlp_2024/vnnlib/ruarobot/hyperrectangle_2234.vnnlib,.006086437,sat,.644103175
safenlp_2024,/home/elipregerson/nnenum/vnncomp2025_benchmarks/benchmarks/safenlp_2024/onnx/ruarobot/perturbations_0.onnx,/home/elipregerson/nnenum/vnncomp2025_benchmarks/benchmarks/safenlp_2024/vnnlib/ruarobot/hyperrectangle_2566.vnnlib,.006062919,unsat,1.573287879
safenlp_2024,/home/elipregerson/nnenum/vnncomp2025_benchmarks/benchmarks/safenlp_2024/onnx/ruarobot/perturbations_0.onnx,/home/elipregerson/nnenum/vnncomp2025_benchmarks/benchmarks/safenlp_2024/vnnlib/ruarobot/hyperrectangle_55.vnnlib,.005953540,sat,.643143531
safenlp_2024,/home/elipregerson/nnenum/vnncomp2025_benchmarks/benchmarks/safenlp_2024/onnx/ruarobot/perturbations_0.onnx,/home/elipregerson/nnenum/vnncomp2025_benchmarks/benchmarks/safenlp_2024/vnnlib/ruarobot/hyperrectangle_4101.vnnlib,.006100024,sat,.633028177
safenlp_2024,/home/elipregerson/nnenum/vnncomp2025_benchmarks/benchmarks/safenlp_2024/onnx/medical/perturbations_0.onnx,/home/elipregerson/nnenum/vnncomp2025_benchmarks/benchmarks/safenlp_2024/vnnlib/medical/hyperrectangle_780.vnnlib,.006270671,unsat,.611415017
safenlp_2024,/home/elipregerson/nnenum/vnncomp2025_benchmarks/benchmarks/safenlp_2024/onnx/ruarobot/perturbations_0.onnx,/home/elipregerson/nnenum/vnncomp2025_benchmarks/benchmarks/safenlp_2024/vnnlib/ruarobot/hyperrectangle_2257.vnnlib,.006115127,sat,.647290445
safenlp_2024,/home/elipregerson/nnenum/vnncomp2025_benchmarks/benchmarks/safenlp_2024/onnx/medical/perturbations_0.onnx,/home/elipregerson/nnenum/vnncomp2025_benchmarks/benchmarks/safenlp_2024/vnnlib/medical/hyperrectangle_2407.vnnlib,.005992042,unsat,.805271881
safenlp_2024,/home/elipregerson/nnenum/vnncomp2025_benchmarks/benchmarks/safenlp_2024/onnx/ruarobot/perturbations_0.onnx,/home/elipregerson/nnenum/vnncomp2025_benchmarks/benchmarks/safenlp_2024/vnnlib/ruarobot/hyperrectangle_4236.vnnlib,.006117516,timeout,20.586642788
safenlp_2024,/home/elipregerson/nnenum/vnncomp2025_benchmarks/benchmarks/safenlp_2024/onnx/ruarobot/perturbations_0.onnx,/home/elipregerson/nnenum/vnncomp2025_benchmarks/benchmarks/safenlp_2024/vnnlib/ruarobot/hyperrectangle_3212.vnnlib,.010432828,sat,.828536314
safenlp_2024,/home/elipregerson/nnenum/vnncomp2025_benchmarks/benchmarks/safenlp_2024/onnx/ruarobot/perturbations_0.onnx,/home/elipregerson/nnenum/vnncomp2025_benchmarks/benchmarks/safenlp_2024/vnnlib/ruarobot/hyperrectangle_2686.vnnlib,.005941098,sat,.644344338
safenlp_2024,/home/elipregerson/nnenum/vnncomp2025_benchmarks/benchmarks/safenlp_2024/onnx/ruarobot/perturbations_0.onnx,/home/elipregerson/nnenum/vnncomp2025_benchmarks/benchmarks/safenlp_2024/vnnlib/ruarobot/hyperrectangle_4862.vnnlib,.006155380,timeout,20.579436040
safenlp_2024,/home/elipregerson/nnenum/vnncomp2025_benchmarks/benchmarks/safenlp_2024/onnx/ruarobot/perturbations_0.onnx,/home/elipregerson/nnenum/vnncomp2025_benchmarks/benchmarks/safenlp_2024/vnnlib/ruarobot/hyperrectangle_5493.vnnlib,.006077653,unsat,3.230227455
safenlp_2024,/home/elipregerson/nnenum/vnncomp2025_benchmarks/benchmarks/safenlp_2024/onnx/ruarobot/perturbations_0.onnx,/home/elipregerson/nnenum/vnncomp2025_benchmarks/benchmarks/safenlp_2024/vnnlib/ruarobot/hyperrectangle_6547.vnnlib,.006068984,sat,.639418137
safenlp_2024,/home/elipregerson/nnenum/vnncomp2025_benchmarks/benchmarks/safenlp_2024/onnx/ruarobot/perturbations_0.onnx,/home/elipregerson/nnenum/vnncomp2025_benchmarks/benchmarks/safenlp_2024/vnnlib/ruarobot/hyperrectangle_4662.vnnlib,.006041824,unsat,1.007334517
safenlp_2024,/home/elipregerson/nnenum/vnncomp2025_benchmarks/benchmarks/safenlp_2024/onnx/ruarobot/perturbations_0.onnx,/home/elipregerson/nnenum/vnncomp2025_benchmarks/benchmarks/safenlp_2024/vnnlib/ruarobot/hyperrectangle_4637.vnnlib,.006051491,sat,.636648184
safenlp_2024,/home/elipregerson/nnenum/vnncomp2025_benchmarks/benchmarks/safenlp_2024/onnx/ruarobot/perturbations_0.onnx,/home/elipregerson/nnenum/vnncomp2025_benchmarks/benchmarks/safenlp_2024/vnnlib/ruarobot/hyperrectangle_7874.vnnlib,.006092368,sat,.631253432
safenlp_2024,/home/elipregerson/nnenum/vnncomp2025_benchmarks/benchmarks/safenlp_2024/onnx/medical/perturbations_0.onnx,/home/elipregerson/nnenum/vnncomp2025_benchmarks/benchmarks/safenlp_2024/vnnlib/medical/hyperrectangle_1353.vnnlib,.006480734,unsat,.611810929
safenlp_2024,/home/elipregerson/nnenum/vnncomp2025_benchmarks/benchmarks/safenlp_2024/onnx/medical/perturbations_0.onnx,/home/elipregerson/nnenum/vnncomp2025_benchmarks/benchmarks/safenlp_2024/vnnlib/medical/hyperrectangle_1512.vnnlib,.006088277,unsat,.603370697
safenlp_2024,/home/elipregerson/nnenum/vnncomp2025_benchmarks/benchmarks/safenlp_2024/onnx/ruarobot/perturbations_0.onnx,/home/elipregerson/nnenum/vnncomp2025_benchmarks/benchmarks/safenlp_2024/vnnlib/ruarobot/hyperrectangle_5258.vnnlib,.006130020,unsat,2.016365965
safenlp_2024,/home/elipregerson/nnenum/vnncomp2025_benchmarks/benchmarks/safenlp_2024/onnx/ruarobot/perturbations_0.onnx,/home/elipregerson/nnenum/vnncomp2025_benchmarks/benchmarks/safenlp_2024/vnnlib/ruarobot/hyperrectangle_2039.vnnlib,.006501533,sat,.648314910
safenlp_2024,/home/elipregerson/nnenum/vnncomp2025_benchmarks/benchmarks/safenlp_2024/onnx/ruarobot/perturbations_0.onnx,/home/elipregerson/nnenum/vnncomp2025_benchmarks/benchmarks/safenlp_2024/vnnlib/ruarobot/hyperrectangle_4889.vnnlib,.006046753,unsat,2.637052286
safenlp_2024,/home/elipregerson/nnenum/vnncomp2025_benchmarks/benchmarks/safenlp_2024/onnx/ruarobot/perturbations_0.onnx,/home/elipregerson/nnenum/vnncomp2025_benchmarks/benchmarks/safenlp_2024/vnnlib/ruarobot/hyperrectangle_6013.vnnlib,.006005358,unsat,15.661483997
safenlp_2024,/home/elipregerson/nnenum/vnncomp2025_benchmarks/benchmarks/safenlp_2024/onnx/medical/perturbations_0.onnx,/home/elipregerson/nnenum/vnncomp2025_benchmarks/benchmarks/safenlp_2024/vnnlib/medical/hyperrectangle_308.vnnlib,.008198863,unsat,.701824652
safenlp_2024,/home/elipregerson/nnenum/vnncomp2025_benchmarks/benchmarks/safenlp_2024/onnx/ruarobot/perturbations_0.onnx,/home/elipregerson/nnenum/vnncomp2025_benchmarks/benchmarks/safenlp_2024/vnnlib/ruarobot/hyperrectangle_1841.vnnlib,.006173846,sat,.643208407
safenlp_2024,/home/elipregerson/nnenum/vnncomp2025_benchmarks/benchmarks/safenlp_2024/onnx/medical/perturbations_0.onnx,/home/elipregerson/nnenum/vnncomp2025_benchmarks/benchmarks/safenlp_2024/vnnlib/medical/hyperrectangle_447.vnnlib,.006263540,sat,.791094820
safenlp_2024,/home/elipregerson/nnenum/vnncomp2025_benchmarks/benchmarks/safenlp_2024/onnx/medical/perturbations_0.onnx,/home/elipregerson/nnenum/vnncomp2025_benchmarks/benchmarks/safenlp_2024/vnnlib/medical/hyperrectangle_232.vnnlib,.006145289,unsat,.606369100
safenlp_2024,/home/elipregerson/nnenum/vnncomp2025_benchmarks/benchmarks/safenlp_2024/onnx/ruarobot/perturbations_0.onnx,/home/elipregerson/nnenum/vnncomp2025_benchmarks/benchmarks/safenlp_2024/vnnlib/ruarobot/hyperrectangle_2094.vnnlib,.006133048,sat,.643549855
safenlp_2024,/home/elipregerson/nnenum/vnncomp2025_benchmarks/benchmarks/safenlp_2024/onnx/ruarobot/perturbations_0.onnx,/home/elipregerson/nnenum/vnncomp2025_benchmarks/benchmarks/safenlp_2024/vnnlib/ruarobot/hyperrectangle_345.vnnlib,.006301805,sat,.647978705
safenlp_2024,/home/elipregerson/nnenum/vnncomp2025_benchmarks/benchmarks/safenlp_2024/onnx/ruarobot/perturbations_0.onnx,/home/elipregerson/nnenum/vnncomp2025_benchmarks/benchmarks/safenlp_2024/vnnlib/ruarobot/hyperrectangle_3977.vnnlib,.006048175,sat,.650045388
safenlp_2024,/home/elipregerson/nnenum/vnncomp2025_benchmarks/benchmarks/safenlp_2024/onnx/medical/perturbations_0.onnx,/home/elipregerson/nnenum/vnncomp2025_benchmarks/benchmarks/safenlp_2024/vnnlib/medical/hyperrectangle_75.vnnlib,.006102371,unsat,.599741446
safenlp_2024,/home/elipregerson/nnenum/vnncomp2025_benchmarks/benchmarks/safenlp_2024/onnx/medical/perturbations_0.onnx,/home/elipregerson/nnenum/vnncomp2025_benchmarks/benchmarks/safenlp_2024/vnnlib/medical/hyperrectangle_2091.vnnlib,.006077562,sat,.631052636
safenlp_2024,/home/elipregerson/nnenum/vnncomp2025_benchmarks/benchmarks/safenlp_2024/onnx/ruarobot/perturbations_0.onnx,/home/elipregerson/nnenum/vnncomp2025_benchmarks/benchmarks/safenlp_2024/vnnlib/ruarobot/hyperrectangle_608.vnnlib,.006166007,sat,.633397613
safenlp_2024,/home/elipregerson/nnenum/vnncomp2025_benchmarks/benchmarks/safenlp_2024/onnx/ruarobot/perturbations_0.onnx,/home/elipregerson/nnenum/vnncomp2025_benchmarks/benchmarks/safenlp_2024/vnnlib/ruarobot/hyperrectangle_2981.vnnlib,.005999565,timeout,20.552809841
safenlp_2024,/home/elipregerson/nnenum/vnncomp2025_benchmarks/benchmarks/safenlp_2024/onnx/medical/perturbations_0.onnx,/home/elipregerson/nnenum/vnncomp2025_benchmarks/benchmarks/safenlp_2024/vnnlib/medical/hyperrectangle_2525.vnnlib,.006078235,unsat,.600141032
safenlp_2024,/home/elipregerson/nnenum/vnncomp2025_benchmarks/benchmarks/safenlp_2024/onnx/ruarobot/perturbations_0.onnx,/home/elipregerson/nnenum/vnncomp2025_benchmarks/benchmarks/safenlp_2024/vnnlib/ruarobot/hyperrectangle_7164.vnnlib,.006206256,sat,1.037516553
safenlp_2024,/home/elipregerson/nnenum/vnncomp2025_benchmarks/benchmarks/safenlp_2024/onnx/ruarobot/perturbations_0.onnx,/home/elipregerson/nnenum/vnncomp2025_benchmarks/benchmarks/safenlp_2024/vnnlib/ruarobot/hyperrectangle_6249.vnnlib,.006097204,sat,.644964964
safenlp_2024,/home/elipregerson/nnenum/vnncomp2025_benchmarks/benchmarks/safenlp_2024/onnx/ruarobot/perturbations_0.onnx,/home/elipregerson/nnenum/vnncomp2025_benchmarks/benchmarks/safenlp_2024/vnnlib/ruarobot/hyperrectangle_541.vnnlib,.006287715,sat,.638872864
safenlp_2024,/home/elipregerson/nnenum/vnncomp2025_benchmarks/benchmarks/safenlp_2024/onnx/ruarobot/perturbations_0.onnx,/home/elipregerson/nnenum/vnncomp2025_benchmarks/benchmarks/safenlp_2024/vnnlib/ruarobot/hyperrectangle_6427.vnnlib,.005925753,sat,.647511328
safenlp_2024,/home/elipregerson/nnenum/vnncomp2025_benchmarks/benchmarks/safenlp_2024/onnx/ruarobot/perturbations_0.onnx,/home/elipregerson/nnenum/vnncomp2025_benchmarks/benchmarks/safenlp_2024/vnnlib/ruarobot/hyperrectangle_1176.vnnlib,.006131567,sat,.650153344
safenlp_2024,/home/elipregerson/nnenum/vnncomp2025_benchmarks/benchmarks/safenlp_2024/onnx/ruarobot/perturbations_0.onnx,/home/elipregerson/nnenum/vnncomp2025_benchmarks/benchmarks/safenlp_2024/vnnlib/ruarobot/hyperrectangle_282.vnnlib,.006301520,timeout,20.557966625
safenlp_2024,/home/elipregerson/nnenum/vnncomp2025_benchmarks/benchmarks/safenlp_2024/onnx/ruarobot/perturbations_0.onnx,/home/elipregerson/nnenum/vnncomp2025_benchmarks/benchmarks/safenlp_2024/vnnlib/ruarobot/hyperrectangle_1177.vnnlib,.005988019,sat,.630902617
safenlp_2024,/home/elipregerson/nnenum/vnncomp2025_benchmarks/benchmarks/safenlp_2024/onnx/ruarobot/perturbations_0.onnx,/home/elipregerson/nnenum/vnncomp2025_benchmarks/benchmarks/safenlp_2024/vnnlib/ruarobot/hyperrectangle_6183.vnnlib,.005969212,sat,.656958444
safenlp_2024,/home/elipregerson/nnenum/vnncomp2025_benchmarks/benchmarks/safenlp_2024/onnx/medical/perturbations_0.onnx,/home/elipregerson/nnenum/vnncomp2025_benchmarks/benchmarks/safenlp_2024/vnnlib/medical/hyperrectangle_2806.vnnlib,.005931322,unsat,.597181955
safenlp_2024,/home/elipregerson/nnenum/vnncomp2025_benchmarks/benchmarks/safenlp_2024/onnx/ruarobot/perturbations_0.onnx,/home/elipregerson/nnenum/vnncomp2025_benchmarks/benchmarks/safenlp_2024/vnnlib/ruarobot/hyperrectangle_5716.vnnlib,.006091873,sat,.645625829
safenlp_2024,/home/elipregerson/nnenum/vnncomp2025_benchmarks/benchmarks/safenlp_2024/onnx/ruarobot/perturbations_0.onnx,/home/elipregerson/nnenum/vnncomp2025_benchmarks/benchmarks/safenlp_2024/vnnlib/ruarobot/hyperrectangle_5966.vnnlib,.006215173,sat,.650269484
safenlp_2024,/home/elipregerson/nnenum/vnncomp2025_benchmarks/benchmarks/safenlp_2024/onnx/ruarobot/perturbations_0.onnx,/home/elipregerson/nnenum/vnncomp2025_benchmarks/benchmarks/safenlp_2024/vnnlib/ruarobot/hyperrectangle_1711.vnnlib,.006237111,sat,.641006237
safenlp_2024,/home/elipregerson/nnenum/vnncomp2025_benchmarks/benchmarks/safenlp_2024/onnx/ruarobot/perturbations_0.onnx,/home/elipregerson/nnenum/vnncomp2025_benchmarks/benchmarks/safenlp_2024/vnnlib/ruarobot/hyperrectangle_3447.vnnlib,.005988837,timeout,20.554385609
safenlp_2024,/home/elipregerson/nnenum/vnncomp2025_benchmarks/benchmarks/safenlp_2024/onnx/medical/perturbations_0.onnx,/home/elipregerson/nnenum/vnncomp2025_benchmarks/benchmarks/safenlp_2024/vnnlib/medical/hyperrectangle_2596.vnnlib,.006087643,unsat,.662408619
safenlp_2024,/home/elipregerson/nnenum/vnncomp2025_benchmarks/benchmarks/safenlp_2024/onnx/ruarobot/perturbations_0.onnx,/home/elipregerson/nnenum/vnncomp2025_benchmarks/benchmarks/safenlp_2024/vnnlib/ruarobot/hyperrectangle_1242.vnnlib,.005867630,sat,.593546458
safenlp_2024,/home/elipregerson/nnenum/vnncomp2025_benchmarks/benchmarks/safenlp_2024/onnx/ruarobot/perturbations_0.onnx,/home/elipregerson/nnenum/vnncomp2025_benchmarks/benchmarks/safenlp_2024/vnnlib/ruarobot/hyperrectangle_975.vnnlib,.006101454,sat,.638089990
safenlp_2024,/home/elipregerson/nnenum/vnncomp2025_benchmarks/benchmarks/safenlp_2024/onnx/ruarobot/perturbations_0.onnx,/home/elipregerson/nnenum/vnncomp2025_benchmarks/benchmarks/safenlp_2024/vnnlib/ruarobot/hyperrectangle_4467.vnnlib,.008052475,sat,.650947934
safenlp_2024,/home/elipregerson/nnenum/vnncomp2025_benchmarks/benchmarks/safenlp_2024/onnx/ruarobot/perturbations_0.onnx,/home/elipregerson/nnenum/vnncomp2025_benchmarks/benchmarks/safenlp_2024/vnnlib/ruarobot/hyperrectangle_6342.vnnlib,.006044839,sat,.632686907
safenlp_2024,/home/elipregerson/nnenum/vnncomp2025_benchmarks/benchmarks/safenlp_2024/onnx/ruarobot/perturbations_0.onnx,/home/elipregerson/nnenum/vnncomp2025_benchmarks/benchmarks/safenlp_2024/vnnlib/ruarobot/hyperrectangle_2428.vnnlib,.006023278,sat,.642966396
safenlp_2024,/home/elipregerson/nnenum/vnncomp2025_benchmarks/benchmarks/safenlp_2024/onnx/ruarobot/perturbations_0.onnx,/home/elipregerson/nnenum/vnncomp2025_benchmarks/benchmarks/safenlp_2024/vnnlib/ruarobot/hyperrectangle_1489.vnnlib,.006147885,timeout,20.569152499
safenlp_2024,/home/elipregerson/nnenum/vnncomp2025_benchmarks/benchmarks/safenlp_2024/onnx/medical/perturbations_0.onnx,/home/elipregerson/nnenum/vnncomp2025_benchmarks/benchmarks/safenlp_2024/vnnlib/medical/hyperrectangle_1084.vnnlib,.006211867,unsat,.595181176
safenlp_2024,/home/elipregerson/nnenum/vnncomp2025_benchmarks/benchmarks/safenlp_2024/onnx/ruarobot/perturbations_0.onnx,/home/elipregerson/nnenum/vnncomp2025_benchmarks/benchmarks/safenlp_2024/vnnlib/ruarobot/hyperrectangle_5072.vnnlib,.005879670,sat,.636133129
safenlp_2024,/home/elipregerson/nnenum/vnncomp2025_benchmarks/benchmarks/safenlp_2024/onnx/ruarobot/perturbations_0.onnx,/home/elipregerson/nnenum/vnncomp2025_benchmarks/benchmarks/safenlp_2024/vnnlib/ruarobot/hyperrectangle_2695.vnnlib,.006051848,sat,.603254745
safenlp_2024,/home/elipregerson/nnenum/vnncomp2025_benchmarks/benchmarks/safenlp_2024/onnx/medical/perturbations_0.onnx,/home/elipregerson/nnenum/vnncomp2025_benchmarks/benchmarks/safenlp_2024/vnnlib/medical/hyperrectangle_1793.vnnlib,.005891826,unsat,.600645153
safenlp_2024,/home/elipregerson/nnenum/vnncomp2025_benchmarks/benchmarks/safenlp_2024/onnx/ruarobot/perturbations_0.onnx,/home/elipregerson/nnenum/vnncomp2025_benchmarks/benchmarks/safenlp_2024/vnnlib/ruarobot/hyperrectangle_7288.vnnlib,.006015551,timeout,20.546210644
safenlp_2024,/home/elipregerson/nnenum/vnncomp2025_benchmarks/benchmarks/safenlp_2024/onnx/medical/perturbations_0.onnx,/home/elipregerson/nnenum/vnncomp2025_benchmarks/benchmarks/safenlp_2024/vnnlib/medical/hyperrectangle_243.vnnlib,.006018240,unsat,2.820151136
safenlp_2024,/home/elipregerson/nnenum/vnncomp2025_benchmarks/benchmarks/safenlp_2024/onnx/ruarobot/perturbations_0.onnx,/home/elipregerson/nnenum/vnncomp2025_benchmarks/benchmarks/safenlp_2024/vnnlib/ruarobot/hyperrectangle_4041.vnnlib,.006096942,sat,.633658761
safenlp_2024,/home/elipregerson/nnenum/vnncomp2025_benchmarks/benchmarks/safenlp_2024/onnx/medical/perturbations_0.onnx,/home/elipregerson/nnenum/vnncomp2025_benchmarks/benchmarks/safenlp_2024/vnnlib/medical/hyperrectangle_920.vnnlib,.005989794,unsat,.603072283
safenlp_2024,/home/elipregerson/nnenum/vnncomp2025_benchmarks/benchmarks/safenlp_2024/onnx/medical/perturbations_0.onnx,/home/elipregerson/nnenum/vnncomp2025_benchmarks/benchmarks/safenlp_2024/vnnlib/medical/hyperrectangle_1611.vnnlib,.006372319,unsat,.859336086
safenlp_2024,/home/elipregerson/nnenum/vnncomp2025_benchmarks/benchmarks/safenlp_2024/onnx/medical/perturbations_0.onnx,/home/elipregerson/nnenum/vnncomp2025_benchmarks/benchmarks/safenlp_2024/vnnlib/medical/hyperrectangle_1434.vnnlib,.006216506,unsat,.592953064
safenlp_2024,/home/elipregerson/nnenum/vnncomp2025_benchmarks/benchmarks/safenlp_2024/onnx/ruarobot/perturbations_0.onnx,/home/elipregerson/nnenum/vnncomp2025_benchmarks/benchmarks/safenlp_2024/vnnlib/ruarobot/hyperrectangle_9.vnnlib,.006014472,sat,.654465083
safenlp_2024,/home/elipregerson/nnenum/vnncomp2025_benchmarks/benchmarks/safenlp_2024/onnx/ruarobot/perturbations_0.onnx,/home/elipregerson/nnenum/vnncomp2025_benchmarks/benchmarks/safenlp_2024/vnnlib/ruarobot/hyperrectangle_5682.vnnlib,.006027056,sat,.636231852
safenlp_2024,/home/elipregerson/nnenum/vnncomp2025_benchmarks/benchmarks/safenlp_2024/onnx/ruarobot/perturbations_0.onnx,/home/elipregerson/nnenum/vnncomp2025_benchmarks/benchmarks/safenlp_2024/vnnlib/ruarobot/hyperrectangle_6522.vnnlib,.006142905,sat,.646095058
safenlp_2024,/home/elipregerson/nnenum/vnncomp2025_benchmarks/benchmarks/safenlp_2024/onnx/ruarobot/perturbations_0.onnx,/home/elipregerson/nnenum/vnncomp2025_benchmarks/benchmarks/safenlp_2024/vnnlib/ruarobot/hyperrectangle_4802.vnnlib,.005977551,sat,.636218484
safenlp_2024,/home/elipregerson/nnenum/vnncomp2025_benchmarks/benchmarks/safenlp_2024/onnx/medical/perturbations_0.onnx,/home/elipregerson/nnenum/vnncomp2025_benchmarks/benchmarks/safenlp_2024/vnnlib/medical/hyperrectangle_1769.vnnlib,.006428112,unsat,.600967511
safenlp_2024,/home/elipregerson/nnenum/vnncomp2025_benchmarks/benchmarks/safenlp_2024/onnx/ruarobot/perturbations_0.onnx,/home/elipregerson/nnenum/vnncomp2025_benchmarks/benchmarks/safenlp_2024/vnnlib/ruarobot/hyperrectangle_5498.vnnlib,.005944488,sat,.634984485
safenlp_2024,/home/elipregerson/nnenum/vnncomp2025_benchmarks/benchmarks/safenlp_2024/onnx/ruarobot/perturbations_0.onnx,/home/elipregerson/nnenum/vnncomp2025_benchmarks/benchmarks/safenlp_2024/vnnlib/ruarobot/hyperrectangle_3040.vnnlib,.005784698,unsat,.606461326
safenlp_2024,/home/elipregerson/nnenum/vnncomp2025_benchmarks/benchmarks/safenlp_2024/onnx/ruarobot/perturbations_0.onnx,/home/elipregerson/nnenum/vnncomp2025_benchmarks/benchmarks/safenlp_2024/vnnlib/ruarobot/hyperrectangle_4411.vnnlib,.006000679,sat,.633703106
safenlp_2024,/home/elipregerson/nnenum/vnncomp2025_benchmarks/benchmarks/safenlp_2024/onnx/ruarobot/perturbations_0.onnx,/home/elipregerson/nnenum/vnncomp2025_benchmarks/benchmarks/safenlp_2024/vnnlib/ruarobot/hyperrectangle_661.vnnlib,.006013600,sat,.639027401
safenlp_2024,/home/elipregerson/nnenum/vnncomp2025_benchmarks/benchmarks/safenlp_2024/onnx/ruarobot/perturbations_0.onnx,/home/elipregerson/nnenum/vnncomp2025_benchmarks/benchmarks/safenlp_2024/vnnlib/ruarobot/hyperrectangle_6187.vnnlib,.006042980,sat,.683039990
safenlp_2024,/home/elipregerson/nnenum/vnncomp2025_benchmarks/benchmarks/safenlp_2024/onnx/ruarobot/perturbations_0.onnx,/home/elipregerson/nnenum/vnncomp2025_benchmarks/benchmarks/safenlp_2024/vnnlib/ruarobot/hyperrectangle_5398.vnnlib,.005916168,timeout,20.582175861
safenlp_2024,/home/elipregerson/nnenum/vnncomp2025_benchmarks/benchmarks/safenlp_2024/onnx/ruarobot/perturbations_0.onnx,/home/elipregerson/nnenum/vnncomp2025_benchmarks/benchmarks/safenlp_2024/vnnlib/ruarobot/hyperrectangle_2746.vnnlib,.005907767,sat,.639745923
safenlp_2024,/home/elipregerson/nnenum/vnncomp2025_benchmarks/benchmarks/safenlp_2024/onnx/ruarobot/perturbations_0.onnx,/home/elipregerson/nnenum/vnncomp2025_benchmarks/benchmarks/safenlp_2024/vnnlib/ruarobot/hyperrectangle_315.vnnlib,.005955461,timeout,20.554524780
safenlp_2024,/home/elipregerson/nnenum/vnncomp2025_benchmarks/benchmarks/safenlp_2024/onnx/ruarobot/perturbations_0.onnx,/home/elipregerson/nnenum/vnncomp2025_benchmarks/benchmarks/safenlp_2024/vnnlib/ruarobot/hyperrectangle_5644.vnnlib,.006122897,sat,.639648143
safenlp_2024,/home/elipregerson/nnenum/vnncomp2025_benchmarks/benchmarks/safenlp_2024/onnx/ruarobot/perturbations_0.onnx,/home/elipregerson/nnenum/vnncomp2025_benchmarks/benchmarks/safenlp_2024/vnnlib/ruarobot/hyperrectangle_3110.vnnlib,.006018661,sat,.644130997
safenlp_2024,/home/elipregerson/nnenum/vnncomp2025_benchmarks/benchmarks/safenlp_2024/onnx/ruarobot/perturbations_0.onnx,/home/elipregerson/nnenum/vnncomp2025_benchmarks/benchmarks/safenlp_2024/vnnlib/ruarobot/hyperrectangle_3945.vnnlib,.005996704,timeout,20.559537467
safenlp_2024,/home/elipregerson/nnenum/vnncomp2025_benchmarks/benchmarks/safenlp_2024/onnx/ruarobot/perturbations_0.onnx,/home/elipregerson/nnenum/vnncomp2025_benchmarks/benchmarks/safenlp_2024/vnnlib/ruarobot/hyperrectangle_2132.vnnlib,.006095845,timeout,20.546651399
safenlp_2024,/home/elipregerson/nnenum/vnncomp2025_benchmarks/benchmarks/safenlp_2024/onnx/ruarobot/perturbations_0.onnx,/home/elipregerson/nnenum/vnncomp2025_benchmarks/benchmarks/safenlp_2024/vnnlib/ruarobot/hyperrectangle_5429.vnnlib,.005956932,sat,.638068809
safenlp_2024,/home/elipregerson/nnenum/vnncomp2025_benchmarks/benchmarks/safenlp_2024/onnx/medical/perturbations_0.onnx,/home/elipregerson/nnenum/vnncomp2025_benchmarks/benchmarks/safenlp_2024/vnnlib/medical/hyperrectangle_279.vnnlib,.006098741,unsat,.720398112
safenlp_2024,/home/elipregerson/nnenum/vnncomp2025_benchmarks/benchmarks/safenlp_2024/onnx/ruarobot/perturbations_0.onnx,/home/elipregerson/nnenum/vnncomp2025_benchmarks/benchmarks/safenlp_2024/vnnlib/ruarobot/hyperrectangle_6561.vnnlib,.005918350,sat,.654563373
safenlp_2024,/home/elipregerson/nnenum/vnncomp2025_benchmarks/benchmarks/safenlp_2024/onnx/ruarobot/perturbations_0.onnx,/home/elipregerson/nnenum/vnncomp2025_benchmarks/benchmarks/safenlp_2024/vnnlib/ruarobot/hyperrectangle_2371.vnnlib,.006017593,sat,.631506075
safenlp_2024,/home/elipregerson/nnenum/vnncomp2025_benchmarks/benchmarks/safenlp_2024/onnx/ruarobot/perturbations_0.onnx,/home/elipregerson/nnenum/vnncomp2025_benchmarks/benchmarks/safenlp_2024/vnnlib/ruarobot/hyperrectangle_1327.vnnlib,.005965034,timeout,20.573163578
safenlp_2024,/home/elipregerson/nnenum/vnncomp2025_benchmarks/benchmarks/safenlp_2024/onnx/medical/perturbations_0.onnx,/home/elipregerson/nnenum/vnncomp2025_benchmarks/benchmarks/safenlp_2024/vnnlib/medical/hyperrectangle_1411.vnnlib,.007834168,sat,.647113605
safenlp_2024,/home/elipregerson/nnenum/vnncomp2025_benchmarks/benchmarks/safenlp_2024/onnx/medical/perturbations_0.onnx,/home/elipregerson/nnenum/vnncomp2025_benchmarks/benchmarks/safenlp_2024/vnnlib/medical/hyperrectangle_1626.vnnlib,.006256189,unsat,.607914527
safenlp_2024,/home/elipregerson/nnenum/vnncomp2025_benchmarks/benchmarks/safenlp_2024/onnx/ruarobot/perturbations_0.onnx,/home/elipregerson/nnenum/vnncomp2025_benchmarks/benchmarks/safenlp_2024/vnnlib/ruarobot/hyperrectangle_2307.vnnlib,.006016077,sat,.650619469
safenlp_2024,/home/elipregerson/nnenum/vnncomp2025_benchmarks/benchmarks/safenlp_2024/onnx/medical/perturbations_0.onnx,/home/elipregerson/nnenum/vnncomp2025_benchmarks/benchmarks/safenlp_2024/vnnlib/medical/hyperrectangle_631.vnnlib,.005981403,unsat,.593536057
safenlp_2024,/home/elipregerson/nnenum/vnncomp2025_benchmarks/benchmarks/safenlp_2024/onnx/ruarobot/perturbations_0.onnx,/home/elipregerson/nnenum/vnncomp2025_benchmarks/benchmarks/safenlp_2024/vnnlib/ruarobot/hyperrectangle_3954.vnnlib,.006011354,timeout,20.590182770
safenlp_2024,/home/elipregerson/nnenum/vnncomp2025_benchmarks/benchmarks/safenlp_2024/onnx/ruarobot/perturbations_0.onnx,/home/elipregerson/nnenum/vnncomp2025_benchmarks/benchmarks/safenlp_2024/vnnlib/ruarobot/hyperrectangle_909.vnnlib,.008050028,sat,.674202671
safenlp_2024,/home/elipregerson/nnenum/vnncomp2025_benchmarks/benchmarks/safenlp_2024/onnx/ruarobot/perturbations_0.onnx,/home/elipregerson/nnenum/vnncomp2025_benchmarks/benchmarks/safenlp_2024/vnnlib/ruarobot/hyperrectangle_7018.vnnlib,.005993258,sat,3.413925474
safenlp_2024,/home/elipregerson/nnenum/vnncomp2025_benchmarks/benchmarks/safenlp_2024/onnx/ruarobot/perturbations_0.onnx,/home/elipregerson/nnenum/vnncomp2025_benchmarks/benchmarks/safenlp_2024/vnnlib/ruarobot/hyperrectangle_5392.vnnlib,.006160860,timeout,20.562764840
safenlp_2024,/home/elipregerson/nnenum/vnncomp2025_benchmarks/benchmarks/safenlp_2024/onnx/ruarobot/perturbations_0.onnx,/home/elipregerson/nnenum/vnncomp2025_benchmarks/benchmarks/safenlp_2024/vnnlib/ruarobot/hyperrectangle_6408.vnnlib,.006004130,sat,.645752179
safenlp_2024,/home/elipregerson/nnenum/vnncomp2025_benchmarks/benchmarks/safenlp_2024/onnx/ruarobot/perturbations_0.onnx,/home/elipregerson/nnenum/vnncomp2025_benchmarks/benchmarks/safenlp_2024/vnnlib/ruarobot/hyperrectangle_2738.vnnlib,.006013398,sat,.632159648
safenlp_2024,/home/elipregerson/nnenum/vnncomp2025_benchmarks/benchmarks/safenlp_2024/onnx/ruarobot/perturbations_0.onnx,/home/elipregerson/nnenum/vnncomp2025_benchmarks/benchmarks/safenlp_2024/vnnlib/ruarobot/hyperrectangle_5346.vnnlib,.005855597,sat,.631931081
safenlp_2024,/home/elipregerson/nnenum/vnncomp2025_benchmarks/benchmarks/safenlp_2024/onnx/medical/perturbations_0.onnx,/home/elipregerson/nnenum/vnncomp2025_benchmarks/benchmarks/safenlp_2024/vnnlib/medical/hyperrectangle_613.vnnlib,.006017593,sat,.650271567
safenlp_2024,/home/elipregerson/nnenum/vnncomp2025_benchmarks/benchmarks/safenlp_2024/onnx/ruarobot/perturbations_0.onnx,/home/elipregerson/nnenum/vnncomp2025_benchmarks/benchmarks/safenlp_2024/vnnlib/ruarobot/hyperrectangle_239.vnnlib,.006068849,sat,.863679662
safenlp_2024,/home/elipregerson/nnenum/vnncomp2025_benchmarks/benchmarks/safenlp_2024/onnx/ruarobot/perturbations_0.onnx,/home/elipregerson/nnenum/vnncomp2025_benchmarks/benchmarks/safenlp_2024/vnnlib/ruarobot/hyperrectangle_4417.vnnlib,.005956297,sat,.644259093
safenlp_2024,/home/elipregerson/nnenum/vnncomp2025_benchmarks/benchmarks/safenlp_2024/onnx/ruarobot/perturbations_0.onnx,/home/elipregerson/nnenum/vnncomp2025_benchmarks/benchmarks/safenlp_2024/vnnlib/ruarobot/hyperrectangle_7482.vnnlib,.006041903,sat,.790520282
safenlp_2024,/home/elipregerson/nnenum/vnncomp2025_benchmarks/benchmarks/safenlp_2024/onnx/ruarobot/perturbations_0.onnx,/home/elipregerson/nnenum/vnncomp2025_benchmarks/benchmarks/safenlp_2024/vnnlib/ruarobot/hyperrectangle_6038.vnnlib,.006161760,sat,.929458089
safenlp_2024,/home/elipregerson/nnenum/vnncomp2025_benchmarks/benchmarks/safenlp_2024/onnx/ruarobot/perturbations_0.onnx,/home/elipregerson/nnenum/vnncomp2025_benchmarks/benchmarks/safenlp_2024/vnnlib/ruarobot/hyperrectangle_4987.vnnlib,.006134611,sat,.700153545
safenlp_2024,/home/elipregerson/nnenum/vnncomp2025_benchmarks/benchmarks/safenlp_2024/onnx/ruarobot/perturbations_0.onnx,/home/elipregerson/nnenum/vnncomp2025_benchmarks/benchmarks/safenlp_2024/vnnlib/ruarobot/hyperrectangle_6526.vnnlib,.006164849,unsat,1.002467320
safenlp_2024,/home/elipregerson/nnenum/vnncomp2025_benchmarks/benchmarks/safenlp_2024/onnx/ruarobot/perturbations_0.onnx,/home/elipregerson/nnenum/vnncomp2025_benchmarks/benchmarks/safenlp_2024/vnnlib/ruarobot/hyperrectangle_3339.vnnlib,.006095484,unsat,.880301374
safenlp_2024,/home/elipregerson/nnenum/vnncomp2025_benchmarks/benchmarks/safenlp_2024/onnx/medical/perturbations_0.onnx,/home/elipregerson/nnenum/vnncomp2025_benchmarks/benchmarks/safenlp_2024/vnnlib/medical/hyperrectangle_1427.vnnlib,.006023724,unsat,.592251070
safenlp_2024,/home/elipregerson/nnenum/vnncomp2025_benchmarks/benchmarks/safenlp_2024/onnx/ruarobot/perturbations_0.onnx,/home/elipregerson/nnenum/vnncomp2025_benchmarks/benchmarks/safenlp_2024/vnnlib/ruarobot/hyperrectangle_872.vnnlib,.005992807,sat,.655228310
safenlp_2024,/home/elipregerson/nnenum/vnncomp2025_benchmarks/benchmarks/safenlp_2024/onnx/medical/perturbations_0.onnx,/home/elipregerson/nnenum/vnncomp2025_benchmarks/benchmarks/safenlp_2024/vnnlib/medical/hyperrectangle_1290.vnnlib,.006246471,unsat,.595736939
safenlp_2024,/home/elipregerson/nnenum/vnncomp2025_benchmarks/benchmarks/safenlp_2024/onnx/medical/perturbations_0.onnx,/home/elipregerson/nnenum/vnncomp2025_benchmarks/benchmarks/safenlp_2024/vnnlib/medical/hyperrectangle_1818.vnnlib,.006074672,sat,.624921214
safenlp_2024,/home/elipregerson/nnenum/vnncomp2025_benchmarks/benchmarks/safenlp_2024/onnx/ruarobot/perturbations_0.onnx,/home/elipregerson/nnenum/vnncomp2025_benchmarks/benchmarks/safenlp_2024/vnnlib/ruarobot/hyperrectangle_1.vnnlib,.006113240,sat,.632762468
safenlp_2024,/home/elipregerson/nnenum/vnncomp2025_benchmarks/benchmarks/safenlp_2024/onnx/ruarobot/perturbations_0.onnx,/home/elipregerson/nnenum/vnncomp2025_benchmarks/benchmarks/safenlp_2024/vnnlib/ruarobot/hyperrectangle_3670.vnnlib,.006645236,unsat,.601699958
safenlp_2024,/home/elipregerson/nnenum/vnncomp2025_benchmarks/benchmarks/safenlp_2024/onnx/medical/perturbations_0.onnx,/home/elipregerson/nnenum/vnncomp2025_benchmarks/benchmarks/safenlp_2024/vnnlib/medical/hyperrectangle_1123.vnnlib,.006010501,unsat,.599835518
safenlp_2024,/home/elipregerson/nnenum/vnncomp2025_benchmarks/benchmarks/safenlp_2024/onnx/ruarobot/perturbations_0.onnx,/home/elipregerson/nnenum/vnncomp2025_benchmarks/benchmarks/safenlp_2024/vnnlib/ruarobot/hyperrectangle_6143.vnnlib,.005931574,sat,.634825745
safenlp_2024,/home/elipregerson/nnenum/vnncomp2025_benchmarks/benchmarks/safenlp_2024/onnx/ruarobot/perturbations_0.onnx,/home/elipregerson/nnenum/vnncomp2025_benchmarks/benchmarks/safenlp_2024/vnnlib/ruarobot/hyperrectangle_675.vnnlib,.006116144,timeout,20.543847140
safenlp_2024,/home/elipregerson/nnenum/vnncomp2025_benchmarks/benchmarks/safenlp_2024/onnx/medical/perturbations_0.onnx,/home/elipregerson/nnenum/vnncomp2025_benchmarks/benchmarks/safenlp_2024/vnnlib/medical/hyperrectangle_1408.vnnlib,.005931993,unsat,.614702186
safenlp_2024,/home/elipregerson/nnenum/vnncomp2025_benchmarks/benchmarks/safenlp_2024/onnx/ruarobot/perturbations_0.onnx,/home/elipregerson/nnenum/vnncomp2025_benchmarks/benchmarks/safenlp_2024/vnnlib/ruarobot/hyperrectangle_2191.vnnlib,.005939922,sat,.636586449
safenlp_2024,/home/elipregerson/nnenum/vnncomp2025_benchmarks/benchmarks/safenlp_2024/onnx/ruarobot/perturbations_0.onnx,/home/elipregerson/nnenum/vnncomp2025_benchmarks/benchmarks/safenlp_2024/vnnlib/ruarobot/hyperrectangle_7043.vnnlib,.006045509,sat,.630948640
safenlp_2024,/home/elipregerson/nnenum/vnncomp2025_benchmarks/benchmarks/safenlp_2024/onnx/ruarobot/perturbations_0.onnx,/home/elipregerson/nnenum/vnncomp2025_benchmarks/benchmarks/safenlp_2024/vnnlib/ruarobot/hyperrectangle_4942.vnnlib,.006138709,timeout,20.560017440
safenlp_2024,/home/elipregerson/nnenum/vnncomp2025_benchmarks/benchmarks/safenlp_2024/onnx/ruarobot/perturbations_0.onnx,/home/elipregerson/nnenum/vnncomp2025_benchmarks/benchmarks/safenlp_2024/vnnlib/ruarobot/hyperrectangle_3512.vnnlib,.005881126,unsat,.857264924
safenlp_2024,/home/elipregerson/nnenum/vnncomp2025_benchmarks/benchmarks/safenlp_2024/onnx/ruarobot/perturbations_0.onnx,/home/elipregerson/nnenum/vnncomp2025_benchmarks/benchmarks/safenlp_2024/vnnlib/ruarobot/hyperrectangle_1589.vnnlib,.005940199,sat,.642932143
safenlp_2024,/home/elipregerson/nnenum/vnncomp2025_benchmarks/benchmarks/safenlp_2024/onnx/ruarobot/perturbations_0.onnx,/home/elipregerson/nnenum/vnncomp2025_benchmarks/benchmarks/safenlp_2024/vnnlib/ruarobot/hyperrectangle_876.vnnlib,.005980512,sat,.651102602
safenlp_2024,/home/elipregerson/nnenum/vnncomp2025_benchmarks/benchmarks/safenlp_2024/onnx/ruarobot/perturbations_0.onnx,/home/elipregerson/nnenum/vnncomp2025_benchmarks/benchmarks/safenlp_2024/vnnlib/ruarobot/hyperrectangle_3778.vnnlib,.006545726,sat,.650071442
safenlp_2024,/home/elipregerson/nnenum/vnncomp2025_benchmarks/benchmarks/safenlp_2024/onnx/ruarobot/perturbations_0.onnx,/home/elipregerson/nnenum/vnncomp2025_benchmarks/benchmarks/safenlp_2024/vnnlib/ruarobot/hyperrectangle_4274.vnnlib,.006021140,sat,.639847325
safenlp_2024,/home/elipregerson/nnenum/vnncomp2025_benchmarks/benchmarks/safenlp_2024/onnx/ruarobot/perturbations_0.onnx,/home/elipregerson/nnenum/vnncomp2025_benchmarks/benchmarks/safenlp_2024/vnnlib/ruarobot/hyperrectangle_6685.vnnlib,.005927730,sat,.642637015
safenlp_2024,/home/elipregerson/nnenum/vnncomp2025_benchmarks/benchmarks/safenlp_2024/onnx/ruarobot/perturbations_0.onnx,/home/elipregerson/nnenum/vnncomp2025_benchmarks/benchmarks/safenlp_2024/vnnlib/ruarobot/hyperrectangle_597.vnnlib,.006027732,sat,.648759094
safenlp_2024,/home/elipregerson/nnenum/vnncomp2025_benchmarks/benchmarks/safenlp_2024/onnx/medical/perturbations_0.onnx,/home/elipregerson/nnenum/vnncomp2025_benchmarks/benchmarks/safenlp_2024/vnnlib/medical/hyperrectangle_1005.vnnlib,.006119266,unsat,1.125731703
safenlp_2024,/home/elipregerson/nnenum/vnncomp2025_benchmarks/benchmarks/safenlp_2024/onnx/ruarobot/perturbations_0.onnx,/home/elipregerson/nnenum/vnncomp2025_benchmarks/benchmarks/safenlp_2024/vnnlib/ruarobot/hyperrectangle_1777.vnnlib,.006040300,unsat,1.699511289
safenlp_2024,/home/elipregerson/nnenum/vnncomp2025_benchmarks/benchmarks/safenlp_2024/onnx/ruarobot/perturbations_0.onnx,/home/elipregerson/nnenum/vnncomp2025_benchmarks/benchmarks/safenlp_2024/vnnlib/ruarobot/hyperrectangle_5766.vnnlib,.006349157,sat,.666183365
safenlp_2024,/home/elipregerson/nnenum/vnncomp2025_benchmarks/benchmarks/safenlp_2024/onnx/ruarobot/perturbations_0.onnx,/home/elipregerson/nnenum/vnncomp2025_benchmarks/benchmarks/safenlp_2024/vnnlib/ruarobot/hyperrectangle_6529.vnnlib,.006360519,sat,.653851771
safenlp_2024,/home/elipregerson/nnenum/vnncomp2025_benchmarks/benchmarks/safenlp_2024/onnx/ruarobot/perturbations_0.onnx,/home/elipregerson/nnenum/vnncomp2025_benchmarks/benchmarks/safenlp_2024/vnnlib/ruarobot/hyperrectangle_6095.vnnlib,.006162683,sat,.767669727
safenlp_2024,/home/elipregerson/nnenum/vnncomp2025_benchmarks/benchmarks/safenlp_2024/onnx/ruarobot/perturbations_0.onnx,/home/elipregerson/nnenum/vnncomp2025_benchmarks/benchmarks/safenlp_2024/vnnlib/ruarobot/hyperrectangle_6829.vnnlib,.005997628,sat,.697094058
safenlp_2024,/home/elipregerson/nnenum/vnncomp2025_benchmarks/benchmarks/safenlp_2024/onnx/ruarobot/perturbations_0.onnx,/home/elipregerson/nnenum/vnncomp2025_benchmarks/benchmarks/safenlp_2024/vnnlib/ruarobot/hyperrectangle_109.vnnlib,.006033228,sat,.636837408
safenlp_2024,/home/elipregerson/nnenum/vnncomp2025_benchmarks/benchmarks/safenlp_2024/onnx/medical/perturbations_0.onnx,/home/elipregerson/nnenum/vnncomp2025_benchmarks/benchmarks/safenlp_2024/vnnlib/medical/hyperrectangle_127.vnnlib,.006013625,unsat,.592186419
safenlp_2024,/home/elipregerson/nnenum/vnncomp2025_benchmarks/benchmarks/safenlp_2024/onnx/medical/perturbations_0.onnx,/home/elipregerson/nnenum/vnncomp2025_benchmarks/benchmarks/safenlp_2024/vnnlib/medical/hyperrectangle_592.vnnlib,.006055912,unsat,.594780550
safenlp_2024,/home/elipregerson/nnenum/vnncomp2025_benchmarks/benchmarks/safenlp_2024/onnx/ruarobot/perturbations_0.onnx,/home/elipregerson/nnenum/vnncomp2025_benchmarks/benchmarks/safenlp_2024/vnnlib/ruarobot/hyperrectangle_1106.vnnlib,.006024430,sat,.660014804
safenlp_2024,/home/elipregerson/nnenum/vnncomp2025_benchmarks/benchmarks/safenlp_2024/onnx/medical/perturbations_0.onnx,/home/elipregerson/nnenum/vnncomp2025_benchmarks/benchmarks/safenlp_2024/vnnlib/medical/hyperrectangle_732.vnnlib,.006081219,sat,.631787624
safenlp_2024,/home/elipregerson/nnenum/vnncomp2025_benchmarks/benchmarks/safenlp_2024/onnx/ruarobot/perturbations_0.onnx,/home/elipregerson/nnenum/vnncomp2025_benchmarks/benchmarks/safenlp_2024/vnnlib/ruarobot/hyperrectangle_2640.vnnlib,.006196724,sat,.637118965
safenlp_2024,/home/elipregerson/nnenum/vnncomp2025_benchmarks/benchmarks/safenlp_2024/onnx/ruarobot/perturbations_0.onnx,/home/elipregerson/nnenum/vnncomp2025_benchmarks/benchmarks/safenlp_2024/vnnlib/ruarobot/hyperrectangle_5247.vnnlib,.006079819,sat,.632408031
safenlp_2024,/home/elipregerson/nnenum/vnncomp2025_benchmarks/benchmarks/safenlp_2024/onnx/ruarobot/perturbations_0.onnx,/home/elipregerson/nnenum/vnncomp2025_benchmarks/benchmarks/safenlp_2024/vnnlib/ruarobot/hyperrectangle_5520.vnnlib,.006401499,unsat,.952162723
safenlp_2024,/home/elipregerson/nnenum/vnncomp2025_benchmarks/benchmarks/safenlp_2024/onnx/ruarobot/perturbations_0.onnx,/home/elipregerson/nnenum/vnncomp2025_benchmarks/benchmarks/safenlp_2024/vnnlib/ruarobot/hyperrectangle_2851.vnnlib,.006113318,sat,.643103532
safenlp_2024,/home/elipregerson/nnenum/vnncomp2025_benchmarks/benchmarks/safenlp_2024/onnx/ruarobot/perturbations_0.onnx,/home/elipregerson/nnenum/vnncomp2025_benchmarks/benchmarks/safenlp_2024/vnnlib/ruarobot/hyperrectangle_5875.vnnlib,.006017193,sat,.646756510
safenlp_2024,/home/elipregerson/nnenum/vnncomp2025_benchmarks/benchmarks/safenlp_2024/onnx/ruarobot/perturbations_0.onnx,/home/elipregerson/nnenum/vnncomp2025_benchmarks/benchmarks/safenlp_2024/vnnlib/ruarobot/hyperrectangle_5758.vnnlib,.006265010,unsat,.816441696
safenlp_2024,/home/elipregerson/nnenum/vnncomp2025_benchmarks/benchmarks/safenlp_2024/onnx/medical/perturbations_0.onnx,/home/elipregerson/nnenum/vnncomp2025_benchmarks/benchmarks/safenlp_2024/vnnlib/medical/hyperrectangle_2404.vnnlib,.006187611,sat,.656023641
safenlp_2024,/home/elipregerson/nnenum/vnncomp2025_benchmarks/benchmarks/safenlp_2024/onnx/medical/perturbations_0.onnx,/home/elipregerson/nnenum/vnncomp2025_benchmarks/benchmarks/safenlp_2024/vnnlib/medical/hyperrectangle_1319.vnnlib,.006036163,unsat,.592059875
safenlp_2024,/home/elipregerson/nnenum/vnncomp2025_benchmarks/benchmarks/safenlp_2024/onnx/ruarobot/perturbations_0.onnx,/home/elipregerson/nnenum/vnncomp2025_benchmarks/benchmarks/safenlp_2024/vnnlib/ruarobot/hyperrectangle_5642.vnnlib,.006104866,sat,.694553858
safenlp_2024,/home/elipregerson/nnenum/vnncomp2025_benchmarks/benchmarks/safenlp_2024/onnx/medical/perturbations_0.onnx,/home/elipregerson/nnenum/vnncomp2025_benchmarks/benchmarks/safenlp_2024/vnnlib/medical/hyperrectangle_278.vnnlib,.007208660,unsat,.597475737
safenlp_2024,/home/elipregerson/nnenum/vnncomp2025_benchmarks/benchmarks/safenlp_2024/onnx/medical/perturbations_0.onnx,/home/elipregerson/nnenum/vnncomp2025_benchmarks/benchmarks/safenlp_2024/vnnlib/medical/hyperrectangle_2882.vnnlib,.006027476,sat,.765956457
safenlp_2024,/home/elipregerson/nnenum/vnncomp2025_benchmarks/benchmarks/safenlp_2024/onnx/ruarobot/perturbations_0.onnx,/home/elipregerson/nnenum/vnncomp2025_benchmarks/benchmarks/safenlp_2024/vnnlib/ruarobot/hyperrectangle_7891.vnnlib,.006330978,sat,.647893959
safenlp_2024,/home/elipregerson/nnenum/vnncomp2025_benchmarks/benchmarks/safenlp_2024/onnx/ruarobot/perturbations_0.onnx,/home/elipregerson/nnenum/vnncomp2025_benchmarks/benchmarks/safenlp_2024/vnnlib/ruarobot/hyperrectangle_6943.vnnlib,.006504620,sat,.637245927
safenlp_2024,/home/elipregerson/nnenum/vnncomp2025_benchmarks/benchmarks/safenlp_2024/onnx/ruarobot/perturbations_0.onnx,/home/elipregerson/nnenum/vnncomp2025_benchmarks/benchmarks/safenlp_2024/vnnlib/ruarobot/hyperrectangle_6716.vnnlib,.006003287,sat,.638357327
safenlp_2024,/home/elipregerson/nnenum/vnncomp2025_benchmarks/benchmarks/safenlp_2024/onnx/medical/perturbations_0.onnx,/home/elipregerson/nnenum/vnncomp2025_benchmarks/benchmarks/safenlp_2024/vnnlib/medical/hyperrectangle_1396.vnnlib,.006151046,unsat,.603562689
safenlp_2024,/home/elipregerson/nnenum/vnncomp2025_benchmarks/benchmarks/safenlp_2024/onnx/ruarobot/perturbations_0.onnx,/home/elipregerson/nnenum/vnncomp2025_benchmarks/benchmarks/safenlp_2024/vnnlib/ruarobot/hyperrectangle_246.vnnlib,.006060255,sat,.632561334
safenlp_2024,/home/elipregerson/nnenum/vnncomp2025_benchmarks/benchmarks/safenlp_2024/onnx/ruarobot/perturbations_0.onnx,/home/elipregerson/nnenum/vnncomp2025_benchmarks/benchmarks/safenlp_2024/vnnlib/ruarobot/hyperrectangle_1411.vnnlib,.005986717,sat,.629056825
safenlp_2024,/home/elipregerson/nnenum/vnncomp2025_benchmarks/benchmarks/safenlp_2024/onnx/medical/perturbations_0.onnx,/home/elipregerson/nnenum/vnncomp2025_benchmarks/benchmarks/safenlp_2024/vnnlib/medical/hyperrectangle_1914.vnnlib,.005994204,unsat,.583394669
safenlp_2024,/home/elipregerson/nnenum/vnncomp2025_benchmarks/benchmarks/safenlp_2024/onnx/ruarobot/perturbations_0.onnx,/home/elipregerson/nnenum/vnncomp2025_benchmarks/benchmarks/safenlp_2024/vnnlib/ruarobot/hyperrectangle_5232.vnnlib,.005963715,sat,.645289862
safenlp_2024,/home/elipregerson/nnenum/vnncomp2025_benchmarks/benchmarks/safenlp_2024/onnx/ruarobot/perturbations_0.onnx,/home/elipregerson/nnenum/vnncomp2025_benchmarks/benchmarks/safenlp_2024/vnnlib/ruarobot/hyperrectangle_7002.vnnlib,.005989637,sat,.862791849
safenlp_2024,/home/elipregerson/nnenum/vnncomp2025_benchmarks/benchmarks/safenlp_2024/onnx/ruarobot/perturbations_0.onnx,/home/elipregerson/nnenum/vnncomp2025_benchmarks/benchmarks/safenlp_2024/vnnlib/ruarobot/hyperrectangle_5198.vnnlib,.006000803,sat,.640395525
safenlp_2024,/home/elipregerson/nnenum/vnncomp2025_benchmarks/benchmarks/safenlp_2024/onnx/ruarobot/perturbations_0.onnx,/home/elipregerson/nnenum/vnncomp2025_benchmarks/benchmarks/safenlp_2024/vnnlib/ruarobot/hyperrectangle_4034.vnnlib,.005957070,sat,.640332517
safenlp_2024,/home/elipregerson/nnenum/vnncomp2025_benchmarks/benchmarks/safenlp_2024/onnx/ruarobot/perturbations_0.onnx,/home/elipregerson/nnenum/vnncomp2025_benchmarks/benchmarks/safenlp_2024/vnnlib/ruarobot/hyperrectangle_7084.vnnlib,.006013089,sat,.643761869
safenlp_2024,/home/elipregerson/nnenum/vnncomp2025_benchmarks/benchmarks/safenlp_2024/onnx/medical/perturbations_0.onnx,/home/elipregerson/nnenum/vnncomp2025_benchmarks/benchmarks/safenlp_2024/vnnlib/medical/hyperrectangle_1610.vnnlib,.005903690,unsat,.583035384
safenlp_2024,/home/elipregerson/nnenum/vnncomp2025_benchmarks/benchmarks/safenlp_2024/onnx/medical/perturbations_0.onnx,/home/elipregerson/nnenum/vnncomp2025_benchmarks/benchmarks/safenlp_2024/vnnlib/medical/hyperrectangle_2110.vnnlib,.005945690,timeout,20.547574886
safenlp_2024,/home/elipregerson/nnenum/vnncomp2025_benchmarks/benchmarks/safenlp_2024/onnx/ruarobot/perturbations_0.onnx,/home/elipregerson/nnenum/vnncomp2025_benchmarks/benchmarks/safenlp_2024/vnnlib/ruarobot/hyperrectangle_4368.vnnlib,.005947398,sat,.635005824
safenlp_2024,/home/elipregerson/nnenum/vnncomp2025_benchmarks/benchmarks/safenlp_2024/onnx/ruarobot/perturbations_0.onnx,/home/elipregerson/nnenum/vnncomp2025_benchmarks/benchmarks/safenlp_2024/vnnlib/ruarobot/hyperrectangle_1204.vnnlib,.005984689,sat,.640649965
safenlp_2024,/home/elipregerson/nnenum/vnncomp2025_benchmarks/benchmarks/safenlp_2024/onnx/ruarobot/perturbations_0.onnx,/home/elipregerson/nnenum/vnncomp2025_benchmarks/benchmarks/safenlp_2024/vnnlib/ruarobot/hyperrectangle_3177.vnnlib,.005900879,sat,.641099625
safenlp_2024,/home/elipregerson/nnenum/vnncomp2025_benchmarks/benchmarks/safenlp_2024/onnx/medical/perturbations_0.onnx,/home/elipregerson/nnenum/vnncomp2025_benchmarks/benchmarks/safenlp_2024/vnnlib/medical/hyperrectangle_168.vnnlib,.006056569,unsat,19.118992915
safenlp_2024,/home/elipregerson/nnenum/vnncomp2025_benchmarks/benchmarks/safenlp_2024/onnx/ruarobot/perturbations_0.onnx,/home/elipregerson/nnenum/vnncomp2025_benchmarks/benchmarks/safenlp_2024/vnnlib/ruarobot/hyperrectangle_5250.vnnlib,.005898103,sat,.627079325
safenlp_2024,/home/elipregerson/nnenum/vnncomp2025_benchmarks/benchmarks/safenlp_2024/onnx/ruarobot/perturbations_0.onnx,/home/elipregerson/nnenum/vnncomp2025_benchmarks/benchmarks/safenlp_2024/vnnlib/ruarobot/hyperrectangle_2157.vnnlib,.006110966,sat,.642791377
safenlp_2024,/home/elipregerson/nnenum/vnncomp2025_benchmarks/benchmarks/safenlp_2024/onnx/ruarobot/perturbations_0.onnx,/home/elipregerson/nnenum/vnncomp2025_benchmarks/benchmarks/safenlp_2024/vnnlib/ruarobot/hyperrectangle_4240.vnnlib,.012303246,sat,.659720272
safenlp_2024,/home/elipregerson/nnenum/vnncomp2025_benchmarks/benchmarks/safenlp_2024/onnx/medical/perturbations_0.onnx,/home/elipregerson/nnenum/vnncomp2025_benchmarks/benchmarks/safenlp_2024/vnnlib/medical/hyperrectangle_2371.vnnlib,.007436029,sat,.634890719
safenlp_2024,/home/elipregerson/nnenum/vnncomp2025_benchmarks/benchmarks/safenlp_2024/onnx/ruarobot/perturbations_0.onnx,/home/elipregerson/nnenum/vnncomp2025_benchmarks/benchmarks/safenlp_2024/vnnlib/ruarobot/hyperrectangle_183.vnnlib,.006012938,unsat,.987690415
safenlp_2024,/home/elipregerson/nnenum/vnncomp2025_benchmarks/benchmarks/safenlp_2024/onnx/ruarobot/perturbations_0.onnx,/home/elipregerson/nnenum/vnncomp2025_benchmarks/benchmarks/safenlp_2024/vnnlib/ruarobot/hyperrectangle_3734.vnnlib,.005958990,sat,.638277774
safenlp_2024,/home/elipregerson/nnenum/vnncomp2025_benchmarks/benchmarks/safenlp_2024/onnx/ruarobot/perturbations_0.onnx,/home/elipregerson/nnenum/vnncomp2025_benchmarks/benchmarks/safenlp_2024/vnnlib/ruarobot/hyperrectangle_7150.vnnlib,.006095592,sat,.633049739
safenlp_2024,/home/elipregerson/nnenum/vnncomp2025_benchmarks/benchmarks/safenlp_2024/onnx/ruarobot/perturbations_0.onnx,/home/elipregerson/nnenum/vnncomp2025_benchmarks/benchmarks/safenlp_2024/vnnlib/ruarobot/hyperrectangle_5914.vnnlib,.006055533,unsat,.660883491
safenlp_2024,/home/elipregerson/nnenum/vnncomp2025_benchmarks/benchmarks/safenlp_2024/onnx/ruarobot/perturbations_0.onnx,/home/elipregerson/nnenum/vnncomp2025_benchmarks/benchmarks/safenlp_2024/vnnlib/ruarobot/hyperrectangle_2759.vnnlib,.006051677,sat,.647173968
safenlp_2024,/home/elipregerson/nnenum/vnncomp2025_benchmarks/benchmarks/safenlp_2024/onnx/medical/perturbations_0.onnx,/home/elipregerson/nnenum/vnncomp2025_benchmarks/benchmarks/safenlp_2024/vnnlib/medical/hyperrectangle_1999.vnnlib,.006186716,unsat,.658169782
safenlp_2024,/home/elipregerson/nnenum/vnncomp2025_benchmarks/benchmarks/safenlp_2024/onnx/ruarobot/perturbations_0.onnx,/home/elipregerson/nnenum/vnncomp2025_benchmarks/benchmarks/safenlp_2024/vnnlib/ruarobot/hyperrectangle_3781.vnnlib,.005946014,unsat,1.907875279
safenlp_2024,/home/elipregerson/nnenum/vnncomp2025_benchmarks/benchmarks/safenlp_2024/onnx/ruarobot/perturbations_0.onnx,/home/elipregerson/nnenum/vnncomp2025_benchmarks/benchmarks/safenlp_2024/vnnlib/ruarobot/hyperrectangle_7251.vnnlib,.006129474,sat,.652399959
safenlp_2024,/home/elipregerson/nnenum/vnncomp2025_benchmarks/benchmarks/safenlp_2024/onnx/ruarobot/perturbations_0.onnx,/home/elipregerson/nnenum/vnncomp2025_benchmarks/benchmarks/safenlp_2024/vnnlib/ruarobot/hyperrectangle_3006.vnnlib,.005990268,sat,.630890427
safenlp_2024,/home/elipregerson/nnenum/vnncomp2025_benchmarks/benchmarks/safenlp_2024/onnx/ruarobot/perturbations_0.onnx,/home/elipregerson/nnenum/vnncomp2025_benchmarks/benchmarks/safenlp_2024/vnnlib/ruarobot/hyperrectangle_3304.vnnlib,.005996401,sat,.632417611
safenlp_2024,/home/elipregerson/nnenum/vnncomp2025_benchmarks/benchmarks/safenlp_2024/onnx/medical/perturbations_0.onnx,/home/elipregerson/nnenum/vnncomp2025_benchmarks/benchmarks/safenlp_2024/vnnlib/medical/hyperrectangle_2731.vnnlib,.006016873,unsat,.657983867
safenlp_2024,/home/elipregerson/nnenum/vnncomp2025_benchmarks/benchmarks/safenlp_2024/onnx/medical/perturbations_0.onnx,/home/elipregerson/nnenum/vnncomp2025_benchmarks/benchmarks/safenlp_2024/vnnlib/medical/hyperrectangle_719.vnnlib,.006019804,unsat,.860967992
safenlp_2024,/home/elipregerson/nnenum/vnncomp2025_benchmarks/benchmarks/safenlp_2024/onnx/ruarobot/perturbations_0.onnx,/home/elipregerson/nnenum/vnncomp2025_benchmarks/benchmarks/safenlp_2024/vnnlib/ruarobot/hyperrectangle_5168.vnnlib,.006081117,sat,.639042121
safenlp_2024,/home/elipregerson/nnenum/vnncomp2025_benchmarks/benchmarks/safenlp_2024/onnx/ruarobot/perturbations_0.onnx,/home/elipregerson/nnenum/vnncomp2025_benchmarks/benchmarks/safenlp_2024/vnnlib/ruarobot/hyperrectangle_3081.vnnlib,.006261291,sat,.631297522
safenlp_2024,/home/elipregerson/nnenum/vnncomp2025_benchmarks/benchmarks/safenlp_2024/onnx/medical/perturbations_0.onnx,/home/elipregerson/nnenum/vnncomp2025_benchmarks/benchmarks/safenlp_2024/vnnlib/medical/hyperrectangle_2603.vnnlib,.005999050,unsat,.591104282
safenlp_2024,/home/elipregerson/nnenum/vnncomp2025_benchmarks/benchmarks/safenlp_2024/onnx/ruarobot/perturbations_0.onnx,/home/elipregerson/nnenum/vnncomp2025_benchmarks/benchmarks/safenlp_2024/vnnlib/ruarobot/hyperrectangle_3689.vnnlib,.005958327,unsat,20.347806791
safenlp_2024,/home/elipregerson/nnenum/vnncomp2025_benchmarks/benchmarks/safenlp_2024/onnx/medical/perturbations_0.onnx,/home/elipregerson/nnenum/vnncomp2025_benchmarks/benchmarks/safenlp_2024/vnnlib/medical/hyperrectangle_1143.vnnlib,.006027320,unsat,.608833804
safenlp_2024,/home/elipregerson/nnenum/vnncomp2025_benchmarks/benchmarks/safenlp_2024/onnx/medical/perturbations_0.onnx,/home/elipregerson/nnenum/vnncomp2025_benchmarks/benchmarks/safenlp_2024/vnnlib/medical/hyperrectangle_824.vnnlib,.005964602,unsat,.595654069
safenlp_2024,/home/elipregerson/nnenum/vnncomp2025_benchmarks/benchmarks/safenlp_2024/onnx/medical/perturbations_0.onnx,/home/elipregerson/nnenum/vnncomp2025_benchmarks/benchmarks/safenlp_2024/vnnlib/medical/hyperrectangle_795.vnnlib,.005846557,timeout,20.549318978
safenlp_2024,/home/elipregerson/nnenum/vnncomp2025_benchmarks/benchmarks/safenlp_2024/onnx/ruarobot/perturbations_0.onnx,/home/elipregerson/nnenum/vnncomp2025_benchmarks/benchmarks/safenlp_2024/vnnlib/ruarobot/hyperrectangle_4896.vnnlib,.006014885,sat,.651803936
safenlp_2024,/home/elipregerson/nnenum/vnncomp2025_benchmarks/benchmarks/safenlp_2024/onnx/ruarobot/perturbations_0.onnx,/home/elipregerson/nnenum/vnncomp2025_benchmarks/benchmarks/safenlp_2024/vnnlib/ruarobot/hyperrectangle_7140.vnnlib,.006122654,sat,.689215430
safenlp_2024,/home/elipregerson/nnenum/vnncomp2025_benchmarks/benchmarks/safenlp_2024/onnx/ruarobot/perturbations_0.onnx,/home/elipregerson/nnenum/vnncomp2025_benchmarks/benchmarks/safenlp_2024/vnnlib/ruarobot/hyperrectangle_735.vnnlib,.006095851,sat,.644638056
safenlp_2024,/home/elipregerson/nnenum/vnncomp2025_benchmarks/benchmarks/safenlp_2024/onnx/ruarobot/perturbations_0.onnx,/home/elipregerson/nnenum/vnncomp2025_benchmarks/benchmarks/safenlp_2024/vnnlib/ruarobot/hyperrectangle_868.vnnlib,.006086499,sat,.644274546
safenlp_2024,/home/elipregerson/nnenum/vnncomp2025_benchmarks/benchmarks/safenlp_2024/onnx/ruarobot/perturbations_0.onnx,/home/elipregerson/nnenum/vnncomp2025_benchmarks/benchmarks/safenlp_2024/vnnlib/ruarobot/hyperrectangle_1913.vnnlib,.007854730,sat,.637700250
safenlp_2024,/home/elipregerson/nnenum/vnncomp2025_benchmarks/benchmarks/safenlp_2024/onnx/medical/perturbations_0.onnx,/home/elipregerson/nnenum/vnncomp2025_benchmarks/benchmarks/safenlp_2024/vnnlib/medical/hyperrectangle_2160.vnnlib,.005986591,unsat,.879227438
safenlp_2024,/home/elipregerson/nnenum/vnncomp2025_benchmarks/benchmarks/safenlp_2024/onnx/ruarobot/perturbations_0.onnx,/home/elipregerson/nnenum/vnncomp2025_benchmarks/benchmarks/safenlp_2024/vnnlib/ruarobot/hyperrectangle_910.vnnlib,.006290228,sat,.638443486
safenlp_2024,/home/elipregerson/nnenum/vnncomp2025_benchmarks/benchmarks/safenlp_2024/onnx/medical/perturbations_0.onnx,/home/elipregerson/nnenum/vnncomp2025_benchmarks/benchmarks/safenlp_2024/vnnlib/medical/hyperrectangle_1220.vnnlib,.006155691,unsat,.811618746
safenlp_2024,/home/elipregerson/nnenum/vnncomp2025_benchmarks/benchmarks/safenlp_2024/onnx/ruarobot/perturbations_0.onnx,/home/elipregerson/nnenum/vnncomp2025_benchmarks/benchmarks/safenlp_2024/vnnlib/ruarobot/hyperrectangle_593.vnnlib,.006049810,sat,.641782826
safenlp_2024,/home/elipregerson/nnenum/vnncomp2025_benchmarks/benchmarks/safenlp_2024/onnx/ruarobot/perturbations_0.onnx,/home/elipregerson/nnenum/vnncomp2025_benchmarks/benchmarks/safenlp_2024/vnnlib/ruarobot/hyperrectangle_7676.vnnlib,.006050114,timeout,20.544503957
safenlp_2024,/home/elipregerson/nnenum/vnncomp2025_benchmarks/benchmarks/safenlp_2024/onnx/ruarobot/perturbations_0.onnx,/home/elipregerson/nnenum/vnncomp2025_benchmarks/benchmarks/safenlp_2024/vnnlib/ruarobot/hyperrectangle_5921.vnnlib,.005952006,sat,.643236323
safenlp_2024,/home/elipregerson/nnenum/vnncomp2025_benchmarks/benchmarks/safenlp_2024/onnx/ruarobot/perturbations_0.onnx,/home/elipregerson/nnenum/vnncomp2025_benchmarks/benchmarks/safenlp_2024/vnnlib/ruarobot/hyperrectangle_7792.vnnlib,.006420162,sat,.630311107
safenlp_2024,/home/elipregerson/nnenum/vnncomp2025_benchmarks/benchmarks/safenlp_2024/onnx/ruarobot/perturbations_0.onnx,/home/elipregerson/nnenum/vnncomp2025_benchmarks/benchmarks/safenlp_2024/vnnlib/ruarobot/hyperrectangle_3500.vnnlib,.005917777,sat,.636439392
safenlp_2024,/home/elipregerson/nnenum/vnncomp2025_benchmarks/benchmarks/safenlp_2024/onnx/ruarobot/perturbations_0.onnx,/home/elipregerson/nnenum/vnncomp2025_benchmarks/benchmarks/safenlp_2024/vnnlib/ruarobot/hyperrectangle_7272.vnnlib,.006554149,sat,.647651899
safenlp_2024,/home/elipregerson/nnenum/vnncomp2025_benchmarks/benchmarks/safenlp_2024/onnx/medical/perturbations_0.onnx,/home/elipregerson/nnenum/vnncomp2025_benchmarks/benchmarks/safenlp_2024/vnnlib/medical/hyperrectangle_1314.vnnlib,.006180027,unsat,.598631827
safenlp_2024,/home/elipregerson/nnenum/vnncomp2025_benchmarks/benchmarks/safenlp_2024/onnx/ruarobot/perturbations_0.onnx,/home/elipregerson/nnenum/vnncomp2025_benchmarks/benchmarks/safenlp_2024/vnnlib/ruarobot/hyperrectangle_6259.vnnlib,.006114099,sat,.634449911
safenlp_2024,/home/elipregerson/nnenum/vnncomp2025_benchmarks/benchmarks/safenlp_2024/onnx/ruarobot/perturbations_0.onnx,/home/elipregerson/nnenum/vnncomp2025_benchmarks/benchmarks/safenlp_2024/vnnlib/ruarobot/hyperrectangle_6014.vnnlib,.006007782,sat,.655935365
safenlp_2024,/home/elipregerson/nnenum/vnncomp2025_benchmarks/benchmarks/safenlp_2024/onnx/ruarobot/perturbations_0.onnx,/home/elipregerson/nnenum/vnncomp2025_benchmarks/benchmarks/safenlp_2024/vnnlib/ruarobot/hyperrectangle_7773.vnnlib,.006004873,sat,.643087845
safenlp_2024,/home/elipregerson/nnenum/vnncomp2025_benchmarks/benchmarks/safenlp_2024/onnx/ruarobot/perturbations_0.onnx,/home/elipregerson/nnenum/vnncomp2025_benchmarks/benchmarks/safenlp_2024/vnnlib/ruarobot/hyperrectangle_337.vnnlib,.006008749,sat,.687331240
safenlp_2024,/home/elipregerson/nnenum/vnncomp2025_benchmarks/benchmarks/safenlp_2024/onnx/ruarobot/perturbations_0.onnx,/home/elipregerson/nnenum/vnncomp2025_benchmarks/benchmarks/safenlp_2024/vnnlib/ruarobot/hyperrectangle_3241.vnnlib,.005873791,timeout,20.580327363
safenlp_2024,/home/elipregerson/nnenum/vnncomp2025_benchmarks/benchmarks/safenlp_2024/onnx/ruarobot/perturbations_0.onnx,/home/elipregerson/nnenum/vnncomp2025_benchmarks/benchmarks/safenlp_2024/vnnlib/ruarobot/hyperrectangle_396.vnnlib,.016390262,sat,.652094700
safenlp_2024,/home/elipregerson/nnenum/vnncomp2025_benchmarks/benchmarks/safenlp_2024/onnx/ruarobot/perturbations_0.onnx,/home/elipregerson/nnenum/vnncomp2025_benchmarks/benchmarks/safenlp_2024/vnnlib/ruarobot/hyperrectangle_79.vnnlib,.006252162,sat,.645331713
safenlp_2024,/home/elipregerson/nnenum/vnncomp2025_benchmarks/benchmarks/safenlp_2024/onnx/ruarobot/perturbations_0.onnx,/home/elipregerson/nnenum/vnncomp2025_benchmarks/benchmarks/safenlp_2024/vnnlib/ruarobot/hyperrectangle_5579.vnnlib,.006175971,sat,.781820591
safenlp_2024,/home/elipregerson/nnenum/vnncomp2025_benchmarks/benchmarks/safenlp_2024/onnx/ruarobot/perturbations_0.onnx,/home/elipregerson/nnenum/vnncomp2025_benchmarks/benchmarks/safenlp_2024/vnnlib/ruarobot/hyperrectangle_7249.vnnlib,.006071383,sat,.648039940
safenlp_2024,/home/elipregerson/nnenum/vnncomp2025_benchmarks/benchmarks/safenlp_2024/onnx/medical/perturbations_0.onnx,/home/elipregerson/nnenum/vnncomp2025_benchmarks/benchmarks/safenlp_2024/vnnlib/medical/hyperrectangle_1503.vnnlib,.005956384,unsat,.587077977
safenlp_2024,/home/elipregerson/nnenum/vnncomp2025_benchmarks/benchmarks/safenlp_2024/onnx/ruarobot/perturbations_0.onnx,/home/elipregerson/nnenum/vnncomp2025_benchmarks/benchmarks/safenlp_2024/vnnlib/ruarobot/hyperrectangle_2905.vnnlib,.005982861,sat,.628296515
safenlp_2024,/home/elipregerson/nnenum/vnncomp2025_benchmarks/benchmarks/safenlp_2024/onnx/ruarobot/perturbations_0.onnx,/home/elipregerson/nnenum/vnncomp2025_benchmarks/benchmarks/safenlp_2024/vnnlib/ruarobot/hyperrectangle_4272.vnnlib,.005916733,unsat,.747541815
safenlp_2024,/home/elipregerson/nnenum/vnncomp2025_benchmarks/benchmarks/safenlp_2024/onnx/ruarobot/perturbations_0.onnx,/home/elipregerson/nnenum/vnncomp2025_benchmarks/benchmarks/safenlp_2024/vnnlib/ruarobot/hyperrectangle_4770.vnnlib,.006041748,sat,.634735737
safenlp_2024,/home/elipregerson/nnenum/vnncomp2025_benchmarks/benchmarks/safenlp_2024/onnx/medical/perturbations_0.onnx,/home/elipregerson/nnenum/vnncomp2025_benchmarks/benchmarks/safenlp_2024/vnnlib/medical/hyperrectangle_71.vnnlib,.006030307,sat,.642255413
safenlp_2024,/home/elipregerson/nnenum/vnncomp2025_benchmarks/benchmarks/safenlp_2024/onnx/medical/perturbations_0.onnx,/home/elipregerson/nnenum/vnncomp2025_benchmarks/benchmarks/safenlp_2024/vnnlib/medical/hyperrectangle_2743.vnnlib,.006073045,unsat,.605737049
safenlp_2024,/home/elipregerson/nnenum/vnncomp2025_benchmarks/benchmarks/safenlp_2024/onnx/medical/perturbations_0.onnx,/home/elipregerson/nnenum/vnncomp2025_benchmarks/benchmarks/safenlp_2024/vnnlib/medical/hyperrectangle_2511.vnnlib,.006016774,sat,.646774620
safenlp_2024,/home/elipregerson/nnenum/vnncomp2025_benchmarks/benchmarks/safenlp_2024/onnx/ruarobot/perturbations_0.onnx,/home/elipregerson/nnenum/vnncomp2025_benchmarks/benchmarks/safenlp_2024/vnnlib/ruarobot/hyperrectangle_5137.vnnlib,.005958461,sat,.637959512
safenlp_2024,/home/elipregerson/nnenum/vnncomp2025_benchmarks/benchmarks/safenlp_2024/onnx/ruarobot/perturbations_0.onnx,/home/elipregerson/nnenum/vnncomp2025_benchmarks/benchmarks/safenlp_2024/vnnlib/ruarobot/hyperrectangle_5623.vnnlib,.006151829,timeout,20.547462312
safenlp_2024,/home/elipregerson/nnenum/vnncomp2025_benchmarks/benchmarks/safenlp_2024/onnx/ruarobot/perturbations_0.onnx,/home/elipregerson/nnenum/vnncomp2025_benchmarks/benchmarks/safenlp_2024/vnnlib/ruarobot/hyperrectangle_4634.vnnlib,.006021642,sat,.640388772
safenlp_2024,/home/elipregerson/nnenum/vnncomp2025_benchmarks/benchmarks/safenlp_2024/onnx/ruarobot/perturbations_0.onnx,/home/elipregerson/nnenum/vnncomp2025_benchmarks/benchmarks/safenlp_2024/vnnlib/ruarobot/hyperrectangle_1452.vnnlib,.006011888,sat,.639889734
safenlp_2024,/home/elipregerson/nnenum/vnncomp2025_benchmarks/benchmarks/safenlp_2024/onnx/ruarobot/perturbations_0.onnx,/home/elipregerson/nnenum/vnncomp2025_benchmarks/benchmarks/safenlp_2024/vnnlib/ruarobot/hyperrectangle_1707.vnnlib,.005986026,sat,.641418823
safenlp_2024,/home/elipregerson/nnenum/vnncomp2025_benchmarks/benchmarks/safenlp_2024/onnx/ruarobot/perturbations_0.onnx,/home/elipregerson/nnenum/vnncomp2025_benchmarks/benchmarks/safenlp_2024/vnnlib/ruarobot/hyperrectangle_1392.vnnlib,.006067490,sat,.637719075
safenlp_2024,/home/elipregerson/nnenum/vnncomp2025_benchmarks/benchmarks/safenlp_2024/onnx/ruarobot/perturbations_0.onnx,/home/elipregerson/nnenum/vnncomp2025_benchmarks/benchmarks/safenlp_2024/vnnlib/ruarobot/hyperrectangle_7479.vnnlib,.006132860,sat,.646154158
safenlp_2024,/home/elipregerson/nnenum/vnncomp2025_benchmarks/benchmarks/safenlp_2024/onnx/ruarobot/perturbations_0.onnx,/home/elipregerson/nnenum/vnncomp2025_benchmarks/benchmarks/safenlp_2024/vnnlib/ruarobot/hyperrectangle_6678.vnnlib,.006704917,sat,.636890535
safenlp_2024,/home/elipregerson/nnenum/vnncomp2025_benchmarks/benchmarks/safenlp_2024/onnx/ruarobot/perturbations_0.onnx,/home/elipregerson/nnenum/vnncomp2025_benchmarks/benchmarks/safenlp_2024/vnnlib/ruarobot/hyperrectangle_6534.vnnlib,.006014127,unsat,.677307484
safenlp_2024,/home/elipregerson/nnenum/vnncomp2025_benchmarks/benchmarks/safenlp_2024/onnx/ruarobot/perturbations_0.onnx,/home/elipregerson/nnenum/vnncomp2025_benchmarks/benchmarks/safenlp_2024/vnnlib/ruarobot/hyperrectangle_1103.vnnlib,.005886919,sat,.641583018
safenlp_2024,/home/elipregerson/nnenum/vnncomp2025_benchmarks/benchmarks/test/onnx/test_nano.onnx,/home/elipregerson/nnenum/vnncomp2025_benchmarks/benchmarks/test/vnnlib/test_nano.vnnlib,.006094067,error_exit_code_1,.542357043
sat_relu,/home/elipregerson/nnenum/vnncomp2025_benchmarks/benchmarks/sat_relu/onnx/sat_v30_c38.onnx,/home/elipregerson/nnenum/vnncomp2025_benchmarks/benchmarks/sat_relu/vnnlib/sat_v30_c38.vnnlib,.005963581,sat,.591014623
sat_relu,/home/elipregerson/nnenum/vnncomp2025_benchmarks/benchmarks/sat_relu/onnx/unsat_v30_c38.onnx,/home/elipregerson/nnenum/vnncomp2025_benchmarks/benchmarks/sat_relu/vnnlib/unsat_v30_c38.vnnlib,.005879618,timeout,100.551028997
sat_relu,/home/elipregerson/nnenum/vnncomp2025_benchmarks/benchmarks/sat_relu/onnx/sat_v65_c187.onnx,/home/elipregerson/nnenum/vnncomp2025_benchmarks/benchmarks/sat_relu/vnnlib/sat_v65_c187.vnnlib,.006023726,sat,1.333690499
sat_relu,/home/elipregerson/nnenum/vnncomp2025_benchmarks/benchmarks/sat_relu/onnx/unsat_v65_c187.onnx,/home/elipregerson/nnenum/vnncomp2025_benchmarks/benchmarks/sat_relu/vnnlib/unsat_v65_c187.vnnlib,.006048864,timeout,100.559795432
sat_relu,/home/elipregerson/nnenum/vnncomp2025_benchmarks/benchmarks/sat_relu/onnx/sat_v91_c217.onnx,/home/elipregerson/nnenum/vnncomp2025_benchmarks/benchmarks/sat_relu/vnnlib/sat_v91_c217.vnnlib,.006043063,timeout,100.572371955
sat_relu,/home/elipregerson/nnenum/vnncomp2025_benchmarks/benchmarks/sat_relu/onnx/unsat_v91_c217.onnx,/home/elipregerson/nnenum/vnncomp2025_benchmarks/benchmarks/sat_relu/vnnlib/unsat_v91_c217.vnnlib,.009580086,timeout,100.579381633
sat_relu,/home/elipregerson/nnenum/vnncomp2025_benchmarks/benchmarks/sat_relu/onnx/sat_v14_c57.onnx,/home/elipregerson/nnenum/vnncomp2025_benchmarks/benchmarks/sat_relu/vnnlib/sat_v14_c57.vnnlib,.006206229,sat,.612441479
sat_relu,/home/elipregerson/nnenum/vnncomp2025_benchmarks/benchmarks/sat_relu/onnx/unsat_v14_c57.onnx,/home/elipregerson/nnenum/vnncomp2025_benchmarks/benchmarks/sat_relu/vnnlib/unsat_v14_c57.vnnlib,.006115733,unsat,1.321173357
sat_relu,/home/elipregerson/nnenum/vnncomp2025_benchmarks/benchmarks/sat_relu/onnx/sat_v95_c275.onnx,/home/elipregerson/nnenum/vnncomp2025_benchmarks/benchmarks/sat_relu/vnnlib/sat_v95_c275.vnnlib,.006005790,timeout,100.591042855
sat_relu,/home/elipregerson/nnenum/vnncomp2025_benchmarks/benchmarks/sat_relu/onnx/unsat_v95_c275.onnx,/home/elipregerson/nnenum/vnncomp2025_benchmarks/benchmarks/sat_relu/vnnlib/unsat_v95_c275.vnnlib,.010740449,timeout,146.956493990
sat_relu,/home/elipregerson/nnenum/vnncomp2025_benchmarks/benchmarks/sat_relu/onnx/sat_v6_c27.onnx,/home/elipregerson/nnenum/vnncomp2025_benchmarks/benchmarks/sat_relu/vnnlib/sat_v6_c27.vnnlib,.006079844,sat,.599067886
sat_relu,/home/elipregerson/nnenum/vnncomp2025_benchmarks/benchmarks/sat_relu/onnx/unsat_v6_c30.onnx,/home/elipregerson/nnenum/vnncomp2025_benchmarks/benchmarks/sat_relu/vnnlib/unsat_v6_c30.vnnlib,.005966235,unsat,.626078981
sat_relu,/home/elipregerson/nnenum/vnncomp2025_benchmarks/benchmarks/sat_relu/onnx/sat_v6_c27.onnx,/home/elipregerson/nnenum/vnncomp2025_benchmarks/benchmarks/sat_relu/vnnlib/sat_v6_c27.vnnlib,.006116097,sat,.591501751
sat_relu,/home/elipregerson/nnenum/vnncomp2025_benchmarks/benchmarks/sat_relu/onnx/unsat_v6_c30.onnx,/home/elipregerson/nnenum/vnncomp2025_benchmarks/benchmarks/sat_relu/vnnlib/unsat_v6_c30.vnnlib,.006285393,unsat,.639981665
sat_relu,/home/elipregerson/nnenum/vnncomp2025_benchmarks/benchmarks/sat_relu/onnx/sat_v100_c373.onnx,/home/elipregerson/nnenum/vnncomp2025_benchmarks/benchmarks/sat_relu/vnnlib/sat_v100_c373.vnnlib,.005961234,timeout,100.580112819
sat_relu,/home/elipregerson/nnenum/vnncomp2025_benchmarks/benchmarks/sat_relu/onnx/unsat_v100_c373.onnx,/home/elipregerson/nnenum/vnncomp2025_benchmarks/benchmarks/sat_relu/vnnlib/unsat_v100_c373.vnnlib,.006267678,error_exit_code_1,8.326123098
sat_relu,/home/elipregerson/nnenum/vnncomp2025_benchmarks/benchmarks/sat_relu/onnx/sat_v51_c255.onnx,/home/elipregerson/nnenum/vnncomp2025_benchmarks/benchmarks/sat_relu/vnnlib/sat_v51_c255.vnnlib,.005986520,sat,1.154495772
sat_relu,/home/elipregerson/nnenum/vnncomp2025_benchmarks/benchmarks/sat_relu/onnx/unsat_v51_c255.onnx,/home/elipregerson/nnenum/vnncomp2025_benchmarks/benchmarks/sat_relu/vnnlib/unsat_v51_c255.vnnlib,.006076331,timeout,100.579087095
sat_relu,/home/elipregerson/nnenum/vnncomp2025_benchmarks/benchmarks/sat_relu/onnx/sat_v25_c45.onnx,/home/elipregerson/nnenum/vnncomp2025_benchmarks/benchmarks/sat_relu/vnnlib/sat_v25_c45.vnnlib,.009176677,sat,.819575945
sat_relu,/home/elipregerson/nnenum/vnncomp2025_benchmarks/benchmarks/sat_relu/onnx/unsat_v25_c45.onnx,/home/elipregerson/nnenum/vnncomp2025_benchmarks/benchmarks/sat_relu/vnnlib/unsat_v25_c45.vnnlib,.009966188,timeout,100.733891761
sat_relu,/home/elipregerson/nnenum/vnncomp2025_benchmarks/benchmarks/sat_relu/onnx/sat_v90_c111.onnx,/home/elipregerson/nnenum/vnncomp2025_benchmarks/benchmarks/sat_relu/vnnlib/sat_v90_c111.vnnlib,.006258686,sat,2.110360384
sat_relu,/home/elipregerson/nnenum/vnncomp2025_benchmarks/benchmarks/sat_relu/onnx/unsat_v90_c111.onnx,/home/elipregerson/nnenum/vnncomp2025_benchmarks/benchmarks/sat_relu/vnnlib/unsat_v90_c111.vnnlib,.005899645,error_exit_code_1,4.040947146
sat_relu,/home/elipregerson/nnenum/vnncomp2025_benchmarks/benchmarks/sat_relu/onnx/sat_v63_c267.onnx,/home/elipregerson/nnenum/vnncomp2025_benchmarks/benchmarks/sat_relu/vnnlib/sat_v63_c267.vnnlib,.006003666,sat,1.616792601
sat_relu,/home/elipregerson/nnenum/vnncomp2025_benchmarks/benchmarks/sat_relu/onnx/unsat_v63_c267.onnx,/home/elipregerson/nnenum/vnncomp2025_benchmarks/benchmarks/sat_relu/vnnlib/unsat_v63_c267.vnnlib,.006067856,timeout,100.597313294
sat_relu,/home/elipregerson/nnenum/vnncomp2025_benchmarks/benchmarks/sat_relu/onnx/sat_v18_c87.onnx,/home/elipregerson/nnenum/vnncomp2025_benchmarks/benchmarks/sat_relu/vnnlib/sat_v18_c87.vnnlib,.011032041,sat,.648933377
sat_relu,/home/elipregerson/nnenum/vnncomp2025_benchmarks/benchmarks/sat_relu/onnx/unsat_v18_c88.onnx,/home/elipregerson/nnenum/vnncomp2025_benchmarks/benchmarks/sat_relu/vnnlib/unsat_v18_c88.vnnlib,.006275085,unsat,17.241963437
sat_relu,/home/elipregerson/nnenum/vnncomp2025_benchmarks/benchmarks/sat_relu/onnx/sat_v92_c117.onnx,/home/elipregerson/nnenum/vnncomp2025_benchmarks/benchmarks/sat_relu/vnnlib/sat_v92_c117.vnnlib,.008214608,timeout,100.675718720
sat_relu,/home/elipregerson/nnenum/vnncomp2025_benchmarks/benchmarks/sat_relu/onnx/unsat_v92_c117.onnx,/home/elipregerson/nnenum/vnncomp2025_benchmarks/benchmarks/sat_relu/vnnlib/unsat_v92_c117.vnnlib,.006117029,timeout,100.565669545
sat_relu,/home/elipregerson/nnenum/vnncomp2025_benchmarks/benchmarks/sat_relu/onnx/sat_v94_c313.onnx,/home/elipregerson/nnenum/vnncomp2025_benchmarks/benchmarks/sat_relu/vnnlib/sat_v94_c313.vnnlib,.006119170,timeout,100.565439661
sat_relu,/home/elipregerson/nnenum/vnncomp2025_benchmarks/benchmarks/sat_relu/onnx/unsat_v94_c313.onnx,/home/elipregerson/nnenum/vnncomp2025_benchmarks/benchmarks/sat_relu/vnnlib/unsat_v94_c313.vnnlib,.006030875,timeout,100.580938508
sat_relu,/home/elipregerson/nnenum/vnncomp2025_benchmarks/benchmarks/sat_relu/onnx/sat_v24_c66.onnx,/home/elipregerson/nnenum/vnncomp2025_benchmarks/benchmarks/sat_relu/vnnlib/sat_v24_c66.vnnlib,.006019209,sat,.615392096
sat_relu,/home/elipregerson/nnenum/vnncomp2025_benchmarks/benchmarks/sat_relu/onnx/unsat_v24_c66.onnx,/home/elipregerson/nnenum/vnncomp2025_benchmarks/benchmarks/sat_relu/vnnlib/unsat_v24_c66.vnnlib,.006250176,timeout,100.573141536
sat_relu,/home/elipregerson/nnenum/vnncomp2025_benchmarks/benchmarks/sat_relu/onnx/sat_v67_c154.onnx,/home/elipregerson/nnenum/vnncomp2025_benchmarks/benchmarks/sat_relu/vnnlib/sat_v67_c154.vnnlib,.007989402,sat,2.171886642
sat_relu,/home/elipregerson/nnenum/vnncomp2025_benchmarks/benchmarks/sat_relu/onnx/unsat_v67_c154.onnx,/home/elipregerson/nnenum/vnncomp2025_benchmarks/benchmarks/sat_relu/vnnlib/unsat_v67_c154.vnnlib,.014337186,timeout,100.759386389
sat_relu,/home/elipregerson/nnenum/vnncomp2025_benchmarks/benchmarks/sat_relu/onnx/sat_v58_c75.onnx,/home/elipregerson/nnenum/vnncomp2025_benchmarks/benchmarks/sat_relu/vnnlib/sat_v58_c75.vnnlib,.012084179,sat,1.321696949
sat_relu,/home/elipregerson/nnenum/vnncomp2025_benchmarks/benchmarks/sat_relu/onnx/unsat_v58_c75.onnx,/home/elipregerson/nnenum/vnncomp2025_benchmarks/benchmarks/sat_relu/vnnlib/unsat_v58_c75.vnnlib,.006611041,timeout,100.595298292
sat_relu,/home/elipregerson/nnenum/vnncomp2025_benchmarks/benchmarks/sat_relu/onnx/sat_v40_c142.onnx,/home/elipregerson/nnenum/vnncomp2025_benchmarks/benchmarks/sat_relu/vnnlib/sat_v40_c142.vnnlib,.008140470,sat,.819407730
sat_relu,/home/elipregerson/nnenum/vnncomp2025_benchmarks/benchmarks/sat_relu/onnx/unsat_v40_c142.onnx,/home/elipregerson/nnenum/vnncomp2025_benchmarks/benchmarks/sat_relu/vnnlib/unsat_v40_c142.vnnlib,.006089597,timeout,100.581454164
sat_relu,/home/elipregerson/nnenum/vnncomp2025_benchmarks/benchmarks/sat_relu/onnx/sat_v26_c84.onnx,/home/elipregerson/nnenum/vnncomp2025_benchmarks/benchmarks/sat_relu/vnnlib/sat_v26_c84.vnnlib,.006055858,sat,.670868869
sat_relu,/home/elipregerson/nnenum/vnncomp2025_benchmarks/benchmarks/sat_relu/onnx/unsat_v26_c84.onnx,/home/elipregerson/nnenum/vnncomp2025_benchmarks/benchmarks/sat_relu/vnnlib/unsat_v26_c84.vnnlib,.006379261,timeout,100.576017250
sat_relu,/home/elipregerson/nnenum/vnncomp2025_benchmarks/benchmarks/sat_relu/onnx/sat_v46_c142.onnx,/home/elipregerson/nnenum/vnncomp2025_benchmarks/benchmarks/sat_relu/vnnlib/sat_v46_c142.vnnlib,.007935274,sat,1.284370014
sat_relu,/home/elipregerson/nnenum/vnncomp2025_benchmarks/benchmarks/sat_relu/onnx/unsat_v46_c142.onnx,/home/elipregerson/nnenum/vnncomp2025_benchmarks/benchmarks/sat_relu/vnnlib/unsat_v46_c142.vnnlib,.012194849,timeout,100.633249479
sat_relu,/home/elipregerson/nnenum/vnncomp2025_benchmarks/benchmarks/sat_relu/onnx/sat_v56_c239.onnx,/home/elipregerson/nnenum/vnncomp2025_benchmarks/benchmarks/sat_relu/vnnlib/sat_v56_c239.vnnlib,.013445220,sat,1.420964103
sat_relu,/home/elipregerson/nnenum/vnncomp2025_benchmarks/benchmarks/sat_relu/onnx/unsat_v56_c239.onnx,/home/elipregerson/nnenum/vnncomp2025_benchmarks/benchmarks/sat_relu/vnnlib/unsat_v56_c239.vnnlib,.006029609,timeout,100.571300418
sat_relu,/home/elipregerson/nnenum/vnncomp2025_benchmarks/benchmarks/sat_relu/onnx/sat_v10_c26.onnx,/home/elipregerson/nnenum/vnncomp2025_benchmarks/benchmarks/sat_relu/vnnlib/sat_v10_c26.vnnlib,.006849316,sat,.601404581
sat_relu,/home/elipregerson/nnenum/vnncomp2025_benchmarks/benchmarks/sat_relu/onnx/unsat_v10_c26.onnx,/home/elipregerson/nnenum/vnncomp2025_benchmarks/benchmarks/sat_relu/vnnlib/unsat_v10_c26.vnnlib,.006120786,unsat,.820399653
sat_relu,/home/elipregerson/nnenum/vnncomp2025_benchmarks/benchmarks/sat_relu/onnx/sat_v73_c156.onnx,/home/elipregerson/nnenum/vnncomp2025_benchmarks/benchmarks/sat_relu/vnnlib/sat_v73_c156.vnnlib,.006054507,timeout,100.591134536
sat_relu,/home/elipregerson/nnenum/vnncomp2025_benchmarks/benchmarks/sat_relu/onnx/unsat_v73_c156.onnx,/home/elipregerson/nnenum/vnncomp2025_benchmarks/benchmarks/sat_relu/vnnlib/unsat_v73_c156.vnnlib,.012457190,error_exit_code_1,5.941908981
sat_relu,/home/elipregerson/nnenum/vnncomp2025_benchmarks/benchmarks/sat_relu/onnx/sat_v85_c186.onnx,/home/elipregerson/nnenum/vnncomp2025_benchmarks/benchmarks/sat_relu/vnnlib/sat_v85_c186.vnnlib,.009496459,timeout,100.782238266
sat_relu,/home/elipregerson/nnenum/vnncomp2025_benchmarks/benchmarks/sat_relu/onnx/unsat_v85_c186.onnx,/home/elipregerson/nnenum/vnncomp2025_benchmarks/benchmarks/sat_relu/vnnlib/unsat_v85_c186.vnnlib,.007895963,timeout,100.761482013
sat_relu,/home/elipregerson/nnenum/vnncomp2025_benchmarks/benchmarks/sat_relu/onnx/sat_v54_c125.onnx,/home/elipregerson/nnenum/vnncomp2025_benchmarks/benchmarks/sat_relu/vnnlib/sat_v54_c125.vnnlib,.007970694,sat,1.285658140
sat_relu,/home/elipregerson/nnenum/vnncomp2025_benchmarks/benchmarks/sat_relu/onnx/unsat_v54_c125.onnx,/home/elipregerson/nnenum/vnncomp2025_benchmarks/benchmarks/sat_relu/vnnlib/unsat_v54_c125.vnnlib,.011036350,timeout,100.615369708
sat_relu,/home/elipregerson/nnenum/vnncomp2025_benchmarks/benchmarks/sat_relu/onnx/sat_v9_c9.onnx,/home/elipregerson/nnenum/vnncomp2025_benchmarks/benchmarks/sat_relu/vnnlib/sat_v9_c9.vnnlib,.012849364,sat,.727364141
sat_relu,/home/elipregerson/nnenum/vnncomp2025_benchmarks/benchmarks/sat_relu/onnx/unsat_v9_c9.onnx,/home/elipregerson/nnenum/vnncomp2025_benchmarks/benchmarks/sat_relu/vnnlib/unsat_v9_c9.vnnlib,.005956862,unsat,.774746943
sat_relu,/home/elipregerson/nnenum/vnncomp2025_benchmarks/benchmarks/sat_relu/onnx/sat_v9_c14.onnx,/home/elipregerson/nnenum/vnncomp2025_benchmarks/benchmarks/sat_relu/vnnlib/sat_v9_c14.vnnlib,.006018962,sat,.606984766
sat_relu,/home/elipregerson/nnenum/vnncomp2025_benchmarks/benchmarks/sat_relu/onnx/unsat_v9_c14.onnx,/home/elipregerson/nnenum/vnncomp2025_benchmarks/benchmarks/sat_relu/vnnlib/unsat_v9_c14.vnnlib,.006127428,unsat,.703749939
sat_relu,/home/elipregerson/nnenum/vnncomp2025_benchmarks/benchmarks/sat_relu/onnx/sat_v92_c180.onnx,/home/elipregerson/nnenum/vnncomp2025_benchmarks/benchmarks/sat_relu/vnnlib/sat_v92_c180.vnnlib,.006255399,sat,2.200824666
sat_relu,/home/elipregerson/nnenum/vnncomp2025_benchmarks/benchmarks/sat_relu/onnx/unsat_v92_c180.onnx,/home/elipregerson/nnenum/vnncomp2025_benchmarks/benchmarks/sat_relu/vnnlib/unsat_v92_c180.vnnlib,.006041217,timeout,143.412442641
sat_relu,/home/elipregerson/nnenum/vnncomp2025_benchmarks/benchmarks/sat_relu/onnx/sat_v83_c328.onnx,/home/elipregerson/nnenum/vnncomp2025_benchmarks/benchmarks/sat_relu/vnnlib/sat_v83_c328.vnnlib,.006118082,timeout,100.571488209
sat_relu,/home/elipregerson/nnenum/vnncomp2025_benchmarks/benchmarks/sat_relu/onnx/unsat_v83_c328.onnx,/home/elipregerson/nnenum/vnncomp2025_benchmarks/benchmarks/sat_relu/vnnlib/unsat_v83_c328.vnnlib,.006089134,error_exit_code_1,4.196652656
sat_relu,/home/elipregerson/nnenum/vnncomp2025_benchmarks/benchmarks/sat_relu/onnx/sat_v37_c63.onnx,/home/elipregerson/nnenum/vnncomp2025_benchmarks/benchmarks/sat_relu/vnnlib/sat_v37_c63.vnnlib,.006303664,sat,.689355402
sat_relu,/home/elipregerson/nnenum/vnncomp2025_benchmarks/benchmarks/sat_relu/onnx/unsat_v37_c63.onnx,/home/elipregerson/nnenum/vnncomp2025_benchmarks/benchmarks/sat_relu/vnnlib/unsat_v37_c63.vnnlib,.005910398,timeout,100.563946368
sat_relu,/home/elipregerson/nnenum/vnncomp2025_benchmarks/benchmarks/sat_relu/onnx/sat_v99_c485.onnx,/home/elipregerson/nnenum/vnncomp2025_benchmarks/benchmarks/sat_relu/vnnlib/sat_v99_c485.vnnlib,.005993041,timeout,100.583430209
sat_relu,/home/elipregerson/nnenum/vnncomp2025_benchmarks/benchmarks/sat_relu/onnx/unsat_v99_c485.onnx,/home/elipregerson/nnenum/vnncomp2025_benchmarks/benchmarks/sat_relu/vnnlib/unsat_v99_c485.vnnlib,.006111519,error_exit_code_1,8.304121271
sat_relu,/home/elipregerson/nnenum/vnncomp2025_benchmarks/benchmarks/sat_relu/onnx/sat_v94_c377.onnx,/home/elipregerson/nnenum/vnncomp2025_benchmarks/benchmarks/sat_relu/vnnlib/sat_v94_c377.vnnlib,.007910208,timeout,100.773456725
sat_relu,/home/elipregerson/nnenum/vnncomp2025_benchmarks/benchmarks/sat_relu/onnx/unsat_v94_c377.onnx,/home/elipregerson/nnenum/vnncomp2025_benchmarks/benchmarks/sat_relu/vnnlib/unsat_v94_c377.vnnlib,.009109552,error_exit_code_1,7.189245356
sat_relu,/home/elipregerson/nnenum/vnncomp2025_benchmarks/benchmarks/sat_relu/onnx/sat_v87_c243.onnx,/home/elipregerson/nnenum/vnncomp2025_benchmarks/benchmarks/sat_relu/vnnlib/sat_v87_c243.vnnlib,.009934792,timeout,100.663458233
sat_relu,/home/elipregerson/nnenum/vnncomp2025_benchmarks/benchmarks/sat_relu/onnx/unsat_v87_c243.onnx,/home/elipregerson/nnenum/vnncomp2025_benchmarks/benchmarks/sat_relu/vnnlib/unsat_v87_c243.vnnlib,.008050273,error_exit_code_1,3.956965256
sat_relu,/home/elipregerson/nnenum/vnncomp2025_benchmarks/benchmarks/sat_relu/onnx/sat_v25_c40.onnx,/home/elipregerson/nnenum/vnncomp2025_benchmarks/benchmarks/sat_relu/vnnlib/sat_v25_c40.vnnlib,.006052668,sat,.594468277
sat_relu,/home/elipregerson/nnenum/vnncomp2025_benchmarks/benchmarks/sat_relu/onnx/unsat_v25_c40.onnx,/home/elipregerson/nnenum/vnncomp2025_benchmarks/benchmarks/sat_relu/vnnlib/unsat_v25_c40.vnnlib,.006007742,timeout,100.576385759
sat_relu,/home/elipregerson/nnenum/vnncomp2025_benchmarks/benchmarks/sat_relu/onnx/sat_v34_c98.onnx,/home/elipregerson/nnenum/vnncomp2025_benchmarks/benchmarks/sat_relu/vnnlib/sat_v34_c98.vnnlib,.010729214,sat,.943268328
sat_relu,/home/elipregerson/nnenum/vnncomp2025_benchmarks/benchmarks/sat_relu/onnx/unsat_v34_c98.onnx,/home/elipregerson/nnenum/vnncomp2025_benchmarks/benchmarks/sat_relu/vnnlib/unsat_v34_c98.vnnlib,.006437206,timeout,100.567803294
sat_relu,/home/elipregerson/nnenum/vnncomp2025_benchmarks/benchmarks/sat_relu/onnx/sat_v70_c178.onnx,/home/elipregerson/nnenum/vnncomp2025_benchmarks/benchmarks/sat_relu/vnnlib/sat_v70_c178.vnnlib,.006223038,timeout,100.562067470
sat_relu,/home/elipregerson/nnenum/vnncomp2025_benchmarks/benchmarks/sat_relu/onnx/unsat_v70_c178.onnx,/home/elipregerson/nnenum/vnncomp2025_benchmarks/benchmarks/sat_relu/vnnlib/unsat_v70_c178.vnnlib,.005978029,run_instance_timeout,160.005525711
sat_relu,/home/elipregerson/nnenum/vnncomp2025_benchmarks/benchmarks/sat_relu/onnx/sat_v20_c40.onnx,/home/elipregerson/nnenum/vnncomp2025_benchmarks/benchmarks/sat_relu/vnnlib/sat_v20_c40.vnnlib,.007969294,sat,.825943734
sat_relu,/home/elipregerson/nnenum/vnncomp2025_benchmarks/benchmarks/sat_relu/onnx/unsat_v20_c40.onnx,/home/elipregerson/nnenum/vnncomp2025_benchmarks/benchmarks/sat_relu/vnnlib/unsat_v20_c40.vnnlib,.007987443,unsat,2.498461069
sat_relu,/home/elipregerson/nnenum/vnncomp2025_benchmarks/benchmarks/sat_relu/onnx/sat_v30_c44.onnx,/home/elipregerson/nnenum/vnncomp2025_benchmarks/benchmarks/sat_relu/vnnlib/sat_v30_c44.vnnlib,.014179362,sat,.844324611
sat_relu,/home/elipregerson/nnenum/vnncomp2025_benchmarks/benchmarks/sat_relu/onnx/unsat_v30_c44.onnx,/home/elipregerson/nnenum/vnncomp2025_benchmarks/benchmarks/sat_relu/vnnlib/unsat_v30_c44.vnnlib,.008497752,timeout,100.618907601
sat_relu,/home/elipregerson/nnenum/vnncomp2025_benchmarks/benchmarks/sat_relu/onnx/sat_v63_c286.onnx,/home/elipregerson/nnenum/vnncomp2025_benchmarks/benchmarks/sat_relu/vnnlib/sat_v63_c286.vnnlib,.008016546,sat,2.055477093
sat_relu,/home/elipregerson/nnenum/vnncomp2025_benchmarks/benchmarks/sat_relu/onnx/unsat_v63_c286.onnx,/home/elipregerson/nnenum/vnncomp2025_benchmarks/benchmarks/sat_relu/vnnlib/unsat_v63_c286.vnnlib,.014593331,timeout,100.657534704
sat_relu,/home/elipregerson/nnenum/vnncomp2025_benchmarks/benchmarks/sat_relu/onnx/sat_v38_c132.onnx,/home/elipregerson/nnenum/vnncomp2025_benchmarks/benchmarks/sat_relu/vnnlib/sat_v38_c132.vnnlib,.012354779,sat,.849645631
sat_relu,/home/elipregerson/nnenum/vnncomp2025_benchmarks/benchmarks/sat_relu/onnx/unsat_v38_c132.onnx,/home/elipregerson/nnenum/vnncomp2025_benchmarks/benchmarks/sat_relu/vnnlib/unsat_v38_c132.vnnlib,.006180305,timeout,100.557939516
sat_relu,/home/elipregerson/nnenum/vnncomp2025_benchmarks/benchmarks/sat_relu/onnx/sat_v33_c140.onnx,/home/elipregerson/nnenum/vnncomp2025_benchmarks/benchmarks/sat_relu/vnnlib/sat_v33_c140.vnnlib,.006043874,sat,.732956457
sat_relu,/home/elipregerson/nnenum/vnncomp2025_benchmarks/benchmarks/sat_relu/onnx/unsat_v33_c140.onnx,/home/elipregerson/nnenum/vnncomp2025_benchmarks/benchmarks/sat_relu/vnnlib/unsat_v33_c140.vnnlib,.006241398,timeout,100.585745471
sat_relu,/home/elipregerson/nnenum/vnncomp2025_benchmarks/benchmarks/sat_relu/onnx/sat_v90_c449.onnx,/home/elipregerson/nnenum/vnncomp2025_benchmarks/benchmarks/sat_relu/vnnlib/sat_v90_c449.vnnlib,.008308700,timeout,100.796144046
sat_relu,/home/elipregerson/nnenum/vnncomp2025_benchmarks/benchmarks/sat_relu/onnx/unsat_v90_c449.onnx,/home/elipregerson/nnenum/vnncomp2025_benchmarks/benchmarks/sat_relu/vnnlib/unsat_v90_c449.vnnlib,.010212296,error_exit_code_1,67.483469501
sat_relu,/home/elipregerson/nnenum/vnncomp2025_benchmarks/benchmarks/sat_relu/onnx/sat_v75_c99.onnx,/home/elipregerson/nnenum/vnncomp2025_benchmarks/benchmarks/sat_relu/vnnlib/sat_v75_c99.vnnlib,.008414949,sat,1.874947806
sat_relu,/home/elipregerson/nnenum/vnncomp2025_benchmarks/benchmarks/sat_relu/onnx/unsat_v75_c99.onnx,/home/elipregerson/nnenum/vnncomp2025_benchmarks/benchmarks/sat_relu/vnnlib/unsat_v75_c99.vnnlib,.012014827,error_exit_code_1,85.782226559
sat_relu,/home/elipregerson/nnenum/vnncomp2025_benchmarks/benchmarks/sat_relu/onnx/sat_v82_c130.onnx,/home/elipregerson/nnenum/vnncomp2025_benchmarks/benchmarks/sat_relu/vnnlib/sat_v82_c130.vnnlib,.010662624,sat,6.614553811
sat_relu,/home/elipregerson/nnenum/vnncomp2025_benchmarks/benchmarks/sat_relu/onnx/unsat_v82_c130.onnx,/home/elipregerson/nnenum/vnncomp2025_benchmarks/benchmarks/sat_relu/vnnlib/unsat_v82_c130.vnnlib,.012391237,error_exit_code_1,2.902720549
sat_relu,/home/elipregerson/nnenum/vnncomp2025_benchmarks/benchmarks/sat_relu/onnx/sat_v64_c234.onnx,/home/elipregerson/nnenum/vnncomp2025_benchmarks/benchmarks/sat_relu/vnnlib/sat_v64_c234.vnnlib,.006113957,sat,1.445450403
sat_relu,/home/elipregerson/nnenum/vnncomp2025_benchmarks/benchmarks/sat_relu/onnx/unsat_v64_c234.onnx,/home/elipregerson/nnenum/vnncomp2025_benchmarks/benchmarks/sat_relu/vnnlib/unsat_v64_c234.vnnlib,.006199218,timeout,100.592684760
sat_relu,/home/elipregerson/nnenum/vnncomp2025_benchmarks/benchmarks/sat_relu/onnx/sat_v39_c77.onnx,/home/elipregerson/nnenum/vnncomp2025_benchmarks/benchmarks/sat_relu/vnnlib/sat_v39_c77.vnnlib,.010422089,sat,.761197935
sat_relu,/home/elipregerson/nnenum/vnncomp2025_benchmarks/benchmarks/sat_relu/onnx/unsat_v39_c77.onnx,/home/elipregerson/nnenum/vnncomp2025_benchmarks/benchmarks/sat_relu/vnnlib/unsat_v39_c77.vnnlib,.006093131,timeout,100.581904842
sat_relu,/home/elipregerson/nnenum/vnncomp2025_benchmarks/benchmarks/sat_relu/onnx/sat_v16_c39.onnx,/home/elipregerson/nnenum/vnncomp2025_benchmarks/benchmarks/sat_relu/vnnlib/sat_v16_c39.vnnlib,.006088072,sat,.610541701
sat_relu,/home/elipregerson/nnenum/vnncomp2025_benchmarks/benchmarks/sat_relu/onnx/unsat_v16_c39.onnx,/home/elipregerson/nnenum/vnncomp2025_benchmarks/benchmarks/sat_relu/vnnlib/unsat_v16_c39.vnnlib,.006323802,unsat,5.020820826
sat_relu,/home/elipregerson/nnenum/vnncomp2025_benchmarks/benchmarks/sat_relu/onnx/sat_v85_c207.onnx,/home/elipregerson/nnenum/vnncomp2025_benchmarks/benchmarks/sat_relu/vnnlib/sat_v85_c207.vnnlib,.006189197,timeout,100.564796552
sat_relu,/home/elipregerson/nnenum/vnncomp2025_benchmarks/benchmarks/sat_relu/onnx/unsat_v85_c207.onnx,/home/elipregerson/nnenum/vnncomp2025_benchmarks/benchmarks/sat_relu/vnnlib/unsat_v85_c207.vnnlib,.006076918,error_exit_code_1,3.574407962
sat_relu,/home/elipregerson/nnenum/vnncomp2025_benchmarks/benchmarks/sat_relu/onnx/sat_v44_c52.onnx,/home/elipregerson/nnenum/vnncomp2025_benchmarks/benchmarks/sat_relu/vnnlib/sat_v44_c52.vnnlib,.006244852,sat,.705095972
sat_relu,/home/elipregerson/nnenum/vnncomp2025_benchmarks/benchmarks/sat_relu/onnx/unsat_v44_c52.onnx,/home/elipregerson/nnenum/vnncomp2025_benchmarks/benchmarks/sat_relu/vnnlib/unsat_v44_c52.vnnlib,.006042908,timeout,100.561976677
sat_relu,/home/elipregerson/nnenum/vnncomp2025_benchmarks/benchmarks/test/onnx/test_nano.onnx,/home/elipregerson/nnenum/vnncomp2025_benchmarks/benchmarks/test/vnnlib/test_nano.vnnlib,.005982657,error_exit_code_1,.537218809
soundnessbench,/home/elipregerson/nnenum/vnncomp2025_benchmarks/benchmarks/soundnessbench/onnx/model.onnx,/home/elipregerson/nnenum/vnncomp2025_benchmarks/benchmarks/soundnessbench/vnnlib/model_0.vnnlib,.006017230,error_exit_code_1,.572833821
soundnessbench,/home/elipregerson/nnenum/vnncomp2025_benchmarks/benchmarks/soundnessbench/onnx/model.onnx,/home/elipregerson/nnenum/vnncomp2025_benchmarks/benchmarks/soundnessbench/vnnlib/model_1.vnnlib,.005958605,error_exit_code_1,.578245515
soundnessbench,/home/elipregerson/nnenum/vnncomp2025_benchmarks/benchmarks/soundnessbench/onnx/model.onnx,/home/elipregerson/nnenum/vnncomp2025_benchmarks/benchmarks/soundnessbench/vnnlib/model_2.vnnlib,.006062796,error_exit_code_1,.581746015
soundnessbench,/home/elipregerson/nnenum/vnncomp2025_benchmarks/benchmarks/soundnessbench/onnx/model.onnx,/home/elipregerson/nnenum/vnncomp2025_benchmarks/benchmarks/soundnessbench/vnnlib/model_3.vnnlib,.005990781,error_exit_code_1,.589140264
soundnessbench,/home/elipregerson/nnenum/vnncomp2025_benchmarks/benchmarks/soundnessbench/onnx/model.onnx,/home/elipregerson/nnenum/vnncomp2025_benchmarks/benchmarks/soundnessbench/vnnlib/model_4.vnnlib,.006200400,error_exit_code_1,.580853942
soundnessbench,/home/elipregerson/nnenum/vnncomp2025_benchmarks/benchmarks/soundnessbench/onnx/model.onnx,/home/elipregerson/nnenum/vnncomp2025_benchmarks/benchmarks/soundnessbench/vnnlib/model_5.vnnlib,.006114051,error_exit_code_1,.583928708
soundnessbench,/home/elipregerson/nnenum/vnncomp2025_benchmarks/benchmarks/soundnessbench/onnx/model.onnx,/home/elipregerson/nnenum/vnncomp2025_benchmarks/benchmarks/soundnessbench/vnnlib/model_6.vnnlib,.006088448,error_exit_code_1,.567212435
soundnessbench,/home/elipregerson/nnenum/vnncomp2025_benchmarks/benchmarks/soundnessbench/onnx/model.onnx,/home/elipregerson/nnenum/vnncomp2025_benchmarks/benchmarks/soundnessbench/vnnlib/model_7.vnnlib,.006000752,error_exit_code_1,.573390843
soundnessbench,/home/elipregerson/nnenum/vnncomp2025_benchmarks/benchmarks/soundnessbench/onnx/model.onnx,/home/elipregerson/nnenum/vnncomp2025_benchmarks/benchmarks/soundnessbench/vnnlib/model_8.vnnlib,.006123443,error_exit_code_1,.586325983
soundnessbench,/home/elipregerson/nnenum/vnncomp2025_benchmarks/benchmarks/soundnessbench/onnx/model.onnx,/home/elipregerson/nnenum/vnncomp2025_benchmarks/benchmarks/soundnessbench/vnnlib/model_9.vnnlib,.006076464,error_exit_code_1,.577544731
soundnessbench,/home/elipregerson/nnenum/vnncomp2025_benchmarks/benchmarks/soundnessbench/onnx/model.onnx,/home/elipregerson/nnenum/vnncomp2025_benchmarks/benchmarks/soundnessbench/vnnlib/model_10.vnnlib,.005996612,error_exit_code_1,.586326424
soundnessbench,/home/elipregerson/nnenum/vnncomp2025_benchmarks/benchmarks/soundnessbench/onnx/model.onnx,/home/elipregerson/nnenum/vnncomp2025_benchmarks/benchmarks/soundnessbench/vnnlib/model_11.vnnlib,.006313461,error_exit_code_1,.575345203
soundnessbench,/home/elipregerson/nnenum/vnncomp2025_benchmarks/benchmarks/soundnessbench/onnx/model.onnx,/home/elipregerson/nnenum/vnncomp2025_benchmarks/benchmarks/soundnessbench/vnnlib/model_12.vnnlib,.005975890,error_exit_code_1,.582581072
soundnessbench,/home/elipregerson/nnenum/vnncomp2025_benchmarks/benchmarks/soundnessbench/onnx/model.onnx,/home/elipregerson/nnenum/vnncomp2025_benchmarks/benchmarks/soundnessbench/vnnlib/model_13.vnnlib,.006079177,error_exit_code_1,.577010856
soundnessbench,/home/elipregerson/nnenum/vnncomp2025_benchmarks/benchmarks/soundnessbench/onnx/model.onnx,/home/elipregerson/nnenum/vnncomp2025_benchmarks/benchmarks/soundnessbench/vnnlib/model_14.vnnlib,.005960265,error_exit_code_1,.566911334
soundnessbench,/home/elipregerson/nnenum/vnncomp2025_benchmarks/benchmarks/soundnessbench/onnx/model.onnx,/home/elipregerson/nnenum/vnncomp2025_benchmarks/benchmarks/soundnessbench/vnnlib/model_15.vnnlib,.006129985,error_exit_code_1,.575630964
soundnessbench,/home/elipregerson/nnenum/vnncomp2025_benchmarks/benchmarks/soundnessbench/onnx/model.onnx,/home/elipregerson/nnenum/vnncomp2025_benchmarks/benchmarks/soundnessbench/vnnlib/model_16.vnnlib,.006137156,error_exit_code_1,.586398736
soundnessbench,/home/elipregerson/nnenum/vnncomp2025_benchmarks/benchmarks/soundnessbench/onnx/model.onnx,/home/elipregerson/nnenum/vnncomp2025_benchmarks/benchmarks/soundnessbench/vnnlib/model_17.vnnlib,.006188951,error_exit_code_1,.584767825
soundnessbench,/home/elipregerson/nnenum/vnncomp2025_benchmarks/benchmarks/soundnessbench/onnx/model.onnx,/home/elipregerson/nnenum/vnncomp2025_benchmarks/benchmarks/soundnessbench/vnnlib/model_18.vnnlib,.005897576,error_exit_code_1,.569411358
soundnessbench,/home/elipregerson/nnenum/vnncomp2025_benchmarks/benchmarks/soundnessbench/onnx/model.onnx,/home/elipregerson/nnenum/vnncomp2025_benchmarks/benchmarks/soundnessbench/vnnlib/model_19.vnnlib,.006027750,error_exit_code_1,.586940344
soundnessbench,/home/elipregerson/nnenum/vnncomp2025_benchmarks/benchmarks/soundnessbench/onnx/model.onnx,/home/elipregerson/nnenum/vnncomp2025_benchmarks/benchmarks/soundnessbench/vnnlib/model_20.vnnlib,.005889994,error_exit_code_1,.571926108
soundnessbench,/home/elipregerson/nnenum/vnncomp2025_benchmarks/benchmarks/soundnessbench/onnx/model.onnx,/home/elipregerson/nnenum/vnncomp2025_benchmarks/benchmarks/soundnessbench/vnnlib/model_21.vnnlib,.006111594,error_exit_code_1,.582649175
soundnessbench,/home/elipregerson/nnenum/vnncomp2025_benchmarks/benchmarks/soundnessbench/onnx/model.onnx,/home/elipregerson/nnenum/vnncomp2025_benchmarks/benchmarks/soundnessbench/vnnlib/model_22.vnnlib,.005924873,error_exit_code_1,.588876341
soundnessbench,/home/elipregerson/nnenum/vnncomp2025_benchmarks/benchmarks/soundnessbench/onnx/model.onnx,/home/elipregerson/nnenum/vnncomp2025_benchmarks/benchmarks/soundnessbench/vnnlib/model_23.vnnlib,.005938462,error_exit_code_1,.583696105
soundnessbench,/home/elipregerson/nnenum/vnncomp2025_benchmarks/benchmarks/soundnessbench/onnx/model.onnx,/home/elipregerson/nnenum/vnncomp2025_benchmarks/benchmarks/soundnessbench/vnnlib/model_24.vnnlib,.006166402,error_exit_code_1,.579484294
soundnessbench,/home/elipregerson/nnenum/vnncomp2025_benchmarks/benchmarks/soundnessbench/onnx/model.onnx,/home/elipregerson/nnenum/vnncomp2025_benchmarks/benchmarks/soundnessbench/vnnlib/model_25.vnnlib,.005987580,error_exit_code_1,.576400816
soundnessbench,/home/elipregerson/nnenum/vnncomp2025_benchmarks/benchmarks/soundnessbench/onnx/model.onnx,/home/elipregerson/nnenum/vnncomp2025_benchmarks/benchmarks/soundnessbench/vnnlib/model_26.vnnlib,.006063577,error_exit_code_1,.569234917
soundnessbench,/home/elipregerson/nnenum/vnncomp2025_benchmarks/benchmarks/soundnessbench/onnx/model.onnx,/home/elipregerson/nnenum/vnncomp2025_benchmarks/benchmarks/soundnessbench/vnnlib/model_27.vnnlib,.006039015,error_exit_code_1,.568013444
soundnessbench,/home/elipregerson/nnenum/vnncomp2025_benchmarks/benchmarks/soundnessbench/onnx/model.onnx,/home/elipregerson/nnenum/vnncomp2025_benchmarks/benchmarks/soundnessbench/vnnlib/model_28.vnnlib,.006115412,error_exit_code_1,.579767245
soundnessbench,/home/elipregerson/nnenum/vnncomp2025_benchmarks/benchmarks/soundnessbench/onnx/model.onnx,/home/elipregerson/nnenum/vnncomp2025_benchmarks/benchmarks/soundnessbench/vnnlib/model_29.vnnlib,.006063326,error_exit_code_1,.581073726
soundnessbench,/home/elipregerson/nnenum/vnncomp2025_benchmarks/benchmarks/soundnessbench/onnx/model.onnx,/home/elipregerson/nnenum/vnncomp2025_benchmarks/benchmarks/soundnessbench/vnnlib/model_30.vnnlib,.006030554,error_exit_code_1,.577705112
soundnessbench,/home/elipregerson/nnenum/vnncomp2025_benchmarks/benchmarks/soundnessbench/onnx/model.onnx,/home/elipregerson/nnenum/vnncomp2025_benchmarks/benchmarks/soundnessbench/vnnlib/model_31.vnnlib,.006122130,error_exit_code_1,.575594125
soundnessbench,/home/elipregerson/nnenum/vnncomp2025_benchmarks/benchmarks/soundnessbench/onnx/model.onnx,/home/elipregerson/nnenum/vnncomp2025_benchmarks/benchmarks/soundnessbench/vnnlib/model_32.vnnlib,.005875247,error_exit_code_1,.570997003
soundnessbench,/home/elipregerson/nnenum/vnncomp2025_benchmarks/benchmarks/soundnessbench/onnx/model.onnx,/home/elipregerson/nnenum/vnncomp2025_benchmarks/benchmarks/soundnessbench/vnnlib/model_33.vnnlib,.006020329,error_exit_code_1,.585802183
soundnessbench,/home/elipregerson/nnenum/vnncomp2025_benchmarks/benchmarks/soundnessbench/onnx/model.onnx,/home/elipregerson/nnenum/vnncomp2025_benchmarks/benchmarks/soundnessbench/vnnlib/model_34.vnnlib,.006009626,error_exit_code_1,.569020979
soundnessbench,/home/elipregerson/nnenum/vnncomp2025_benchmarks/benchmarks/soundnessbench/onnx/model.onnx,/home/elipregerson/nnenum/vnncomp2025_benchmarks/benchmarks/soundnessbench/vnnlib/model_35.vnnlib,.006166314,error_exit_code_1,.569668180
soundnessbench,/home/elipregerson/nnenum/vnncomp2025_benchmarks/benchmarks/soundnessbench/onnx/model.onnx,/home/elipregerson/nnenum/vnncomp2025_benchmarks/benchmarks/soundnessbench/vnnlib/model_36.vnnlib,.005984491,error_exit_code_1,.584896511
soundnessbench,/home/elipregerson/nnenum/vnncomp2025_benchmarks/benchmarks/soundnessbench/onnx/model.onnx,/home/elipregerson/nnenum/vnncomp2025_benchmarks/benchmarks/soundnessbench/vnnlib/model_37.vnnlib,.006029408,error_exit_code_1,.583398188
soundnessbench,/home/elipregerson/nnenum/vnncomp2025_benchmarks/benchmarks/soundnessbench/onnx/model.onnx,/home/elipregerson/nnenum/vnncomp2025_benchmarks/benchmarks/soundnessbench/vnnlib/model_38.vnnlib,.005985306,error_exit_code_1,.580482422
soundnessbench,/home/elipregerson/nnenum/vnncomp2025_benchmarks/benchmarks/soundnessbench/onnx/model.onnx,/home/elipregerson/nnenum/vnncomp2025_benchmarks/benchmarks/soundnessbench/vnnlib/model_39.vnnlib,.005971177,error_exit_code_1,.582902090
soundnessbench,/home/elipregerson/nnenum/vnncomp2025_benchmarks/benchmarks/soundnessbench/onnx/model.onnx,/home/elipregerson/nnenum/vnncomp2025_benchmarks/benchmarks/soundnessbench/vnnlib/model_40.vnnlib,.006066314,error_exit_code_1,.572617519
soundnessbench,/home/elipregerson/nnenum/vnncomp2025_benchmarks/benchmarks/soundnessbench/onnx/model.onnx,/home/elipregerson/nnenum/vnncomp2025_benchmarks/benchmarks/soundnessbench/vnnlib/model_41.vnnlib,.005870687,error_exit_code_1,.573100840
soundnessbench,/home/elipregerson/nnenum/vnncomp2025_benchmarks/benchmarks/soundnessbench/onnx/model.onnx,/home/elipregerson/nnenum/vnncomp2025_benchmarks/benchmarks/soundnessbench/vnnlib/model_42.vnnlib,.006124561,error_exit_code_1,.572908286
soundnessbench,/home/elipregerson/nnenum/vnncomp2025_benchmarks/benchmarks/soundnessbench/onnx/model.onnx,/home/elipregerson/nnenum/vnncomp2025_benchmarks/benchmarks/soundnessbench/vnnlib/model_43.vnnlib,.006058948,error_exit_code_1,.578626206
soundnessbench,/home/elipregerson/nnenum/vnncomp2025_benchmarks/benchmarks/soundnessbench/onnx/model.onnx,/home/elipregerson/nnenum/vnncomp2025_benchmarks/benchmarks/soundnessbench/vnnlib/model_44.vnnlib,.006058192,error_exit_code_1,.581238419
soundnessbench,/home/elipregerson/nnenum/vnncomp2025_benchmarks/benchmarks/soundnessbench/onnx/model.onnx,/home/elipregerson/nnenum/vnncomp2025_benchmarks/benchmarks/soundnessbench/vnnlib/model_45.vnnlib,.006089304,error_exit_code_1,.568668828
soundnessbench,/home/elipregerson/nnenum/vnncomp2025_benchmarks/benchmarks/soundnessbench/onnx/model.onnx,/home/elipregerson/nnenum/vnncomp2025_benchmarks/benchmarks/soundnessbench/vnnlib/model_46.vnnlib,.006017011,error_exit_code_1,.566596765
soundnessbench,/home/elipregerson/nnenum/vnncomp2025_benchmarks/benchmarks/soundnessbench/onnx/model.onnx,/home/elipregerson/nnenum/vnncomp2025_benchmarks/benchmarks/soundnessbench/vnnlib/model_47.vnnlib,.006022277,error_exit_code_1,.578295635
soundnessbench,/home/elipregerson/nnenum/vnncomp2025_benchmarks/benchmarks/soundnessbench/onnx/model.onnx,/home/elipregerson/nnenum/vnncomp2025_benchmarks/benchmarks/soundnessbench/vnnlib/model_48.vnnlib,.005950383,error_exit_code_1,.569209923
soundnessbench,/home/elipregerson/nnenum/vnncomp2025_benchmarks/benchmarks/soundnessbench/onnx/model.onnx,/home/elipregerson/nnenum/vnncomp2025_benchmarks/benchmarks/soundnessbench/vnnlib/model_49.vnnlib,.006206076,error_exit_code_1,.577497315
soundnessbench,/home/elipregerson/nnenum/vnncomp2025_benchmarks/benchmarks/test/onnx/test_nano.onnx,/home/elipregerson/nnenum/vnncomp2025_benchmarks/benchmarks/test/vnnlib/test_nano.vnnlib,.006100726,error_exit_code_1,.531172463
tinyimagenet_2024,/home/elipregerson/nnenum/vnncomp2025_benchmarks/benchmarks/tinyimagenet_2024/onnx/TinyImageNet_resnet_medium.onnx,/home/elipregerson/nnenum/vnncomp2025_benchmarks/benchmarks/tinyimagenet_2024/vnnlib/TinyImageNet_resnet_medium_prop_idx_1126_sidx_4974_eps_0.0039.vnnlib,.006007872,error_exit_code_1,4.560040165
tinyimagenet_2024,/home/elipregerson/nnenum/vnncomp2025_benchmarks/benchmarks/tinyimagenet_2024/onnx/TinyImageNet_resnet_medium.onnx,/home/elipregerson/nnenum/vnncomp2025_benchmarks/benchmarks/tinyimagenet_2024/vnnlib/TinyImageNet_resnet_medium_prop_idx_6827_sidx_2613_eps_0.0039.vnnlib,.006031096,error_exit_code_1,4.476884309
tinyimagenet_2024,/home/elipregerson/nnenum/vnncomp2025_benchmarks/benchmarks/tinyimagenet_2024/onnx/TinyImageNet_resnet_medium.onnx,/home/elipregerson/nnenum/vnncomp2025_benchmarks/benchmarks/tinyimagenet_2024/vnnlib/TinyImageNet_resnet_medium_prop_idx_7943_sidx_6299_eps_0.0039.vnnlib,.006212173,error_exit_code_1,4.478599314
tinyimagenet_2024,/home/elipregerson/nnenum/vnncomp2025_benchmarks/benchmarks/tinyimagenet_2024/onnx/TinyImageNet_resnet_medium.onnx,/home/elipregerson/nnenum/vnncomp2025_benchmarks/benchmarks/tinyimagenet_2024/vnnlib/TinyImageNet_resnet_medium_prop_idx_9558_sidx_6082_eps_0.0039.vnnlib,.005902184,error_exit_code_1,4.469730742
tinyimagenet_2024,/home/elipregerson/nnenum/vnncomp2025_benchmarks/benchmarks/tinyimagenet_2024/onnx/TinyImageNet_resnet_medium.onnx,/home/elipregerson/nnenum/vnncomp2025_benchmarks/benchmarks/tinyimagenet_2024/vnnlib/TinyImageNet_resnet_medium_prop_idx_2341_sidx_4149_eps_0.0039.vnnlib,.005978891,error_exit_code_1,4.460259304
tinyimagenet_2024,/home/elipregerson/nnenum/vnncomp2025_benchmarks/benchmarks/tinyimagenet_2024/onnx/TinyImageNet_resnet_medium.onnx,/home/elipregerson/nnenum/vnncomp2025_benchmarks/benchmarks/tinyimagenet_2024/vnnlib/TinyImageNet_resnet_medium_prop_idx_5478_sidx_174_eps_0.0039.vnnlib,.006000275,error_exit_code_1,4.409629264
tinyimagenet_2024,/home/elipregerson/nnenum/vnncomp2025_benchmarks/benchmarks/tinyimagenet_2024/onnx/TinyImageNet_resnet_medium.onnx,/home/elipregerson/nnenum/vnncomp2025_benchmarks/benchmarks/tinyimagenet_2024/vnnlib/TinyImageNet_resnet_medium_prop_idx_9262_sidx_880_eps_0.0039.vnnlib,.005940472,error_exit_code_1,4.405118002
tinyimagenet_2024,/home/elipregerson/nnenum/vnncomp2025_benchmarks/benchmarks/tinyimagenet_2024/onnx/TinyImageNet_resnet_medium.onnx,/home/elipregerson/nnenum/vnncomp2025_benchmarks/benchmarks/tinyimagenet_2024/vnnlib/TinyImageNet_resnet_medium_prop_idx_6252_sidx_9972_eps_0.0039.vnnlib,.006118382,error_exit_code_1,4.407084387
tinyimagenet_2024,/home/elipregerson/nnenum/vnncomp2025_benchmarks/benchmarks/tinyimagenet_2024/onnx/TinyImageNet_resnet_medium.onnx,/home/elipregerson/nnenum/vnncomp2025_benchmarks/benchmarks/tinyimagenet_2024/vnnlib/TinyImageNet_resnet_medium_prop_idx_2146_sidx_298_eps_0.0039.vnnlib,.006141659,error_exit_code_1,4.406488990
tinyimagenet_2024,/home/elipregerson/nnenum/vnncomp2025_benchmarks/benchmarks/tinyimagenet_2024/onnx/TinyImageNet_resnet_medium.onnx,/home/elipregerson/nnenum/vnncomp2025_benchmarks/benchmarks/tinyimagenet_2024/vnnlib/TinyImageNet_resnet_medium_prop_idx_538_sidx_2467_eps_0.0039.vnnlib,.011008095,error_exit_code_1,4.460386821
tinyimagenet_2024,/home/elipregerson/nnenum/vnncomp2025_benchmarks/benchmarks/tinyimagenet_2024/onnx/TinyImageNet_resnet_medium.onnx,/home/elipregerson/nnenum/vnncomp2025_benchmarks/benchmarks/tinyimagenet_2024/vnnlib/TinyImageNet_resnet_medium_prop_idx_5134_sidx_3767_eps_0.0039.vnnlib,.005992013,error_exit_code_1,4.441102049
tinyimagenet_2024,/home/elipregerson/nnenum/vnncomp2025_benchmarks/benchmarks/tinyimagenet_2024/onnx/TinyImageNet_resnet_medium.onnx,/home/elipregerson/nnenum/vnncomp2025_benchmarks/benchmarks/tinyimagenet_2024/vnnlib/TinyImageNet_resnet_medium_prop_idx_9535_sidx_6151_eps_0.0039.vnnlib,.006095057,error_exit_code_1,4.430614534
tinyimagenet_2024,/home/elipregerson/nnenum/vnncomp2025_benchmarks/benchmarks/tinyimagenet_2024/onnx/TinyImageNet_resnet_medium.onnx,/home/elipregerson/nnenum/vnncomp2025_benchmarks/benchmarks/tinyimagenet_2024/vnnlib/TinyImageNet_resnet_medium_prop_idx_253_sidx_4834_eps_0.0039.vnnlib,.005982931,error_exit_code_1,4.432685990
tinyimagenet_2024,/home/elipregerson/nnenum/vnncomp2025_benchmarks/benchmarks/tinyimagenet_2024/onnx/TinyImageNet_resnet_medium.onnx,/home/elipregerson/nnenum/vnncomp2025_benchmarks/benchmarks/tinyimagenet_2024/vnnlib/TinyImageNet_resnet_medium_prop_idx_5673_sidx_6615_eps_0.0039.vnnlib,.006040731,error_exit_code_1,4.396837949
tinyimagenet_2024,/home/elipregerson/nnenum/vnncomp2025_benchmarks/benchmarks/tinyimagenet_2024/onnx/TinyImageNet_resnet_medium.onnx,/home/elipregerson/nnenum/vnncomp2025_benchmarks/benchmarks/tinyimagenet_2024/vnnlib/TinyImageNet_resnet_medium_prop_idx_1459_sidx_443_eps_0.0039.vnnlib,.005968815,error_exit_code_1,4.388602861
tinyimagenet_2024,/home/elipregerson/nnenum/vnncomp2025_benchmarks/benchmarks/tinyimagenet_2024/onnx/TinyImageNet_resnet_medium.onnx,/home/elipregerson/nnenum/vnncomp2025_benchmarks/benchmarks/tinyimagenet_2024/vnnlib/TinyImageNet_resnet_medium_prop_idx_551_sidx_6748_eps_0.0039.vnnlib,.006018566,error_exit_code_1,4.381049307
tinyimagenet_2024,/home/elipregerson/nnenum/vnncomp2025_benchmarks/benchmarks/tinyimagenet_2024/onnx/TinyImageNet_resnet_medium.onnx,/home/elipregerson/nnenum/vnncomp2025_benchmarks/benchmarks/tinyimagenet_2024/vnnlib/TinyImageNet_resnet_medium_prop_idx_4526_sidx_9254_eps_0.0039.vnnlib,.006020461,error_exit_code_1,4.406171342
tinyimagenet_2024,/home/elipregerson/nnenum/vnncomp2025_benchmarks/benchmarks/tinyimagenet_2024/onnx/TinyImageNet_resnet_medium.onnx,/home/elipregerson/nnenum/vnncomp2025_benchmarks/benchmarks/tinyimagenet_2024/vnnlib/TinyImageNet_resnet_medium_prop_idx_2063_sidx_8156_eps_0.0039.vnnlib,.006019254,error_exit_code_1,4.387368918
tinyimagenet_2024,/home/elipregerson/nnenum/vnncomp2025_benchmarks/benchmarks/tinyimagenet_2024/onnx/TinyImageNet_resnet_medium.onnx,/home/elipregerson/nnenum/vnncomp2025_benchmarks/benchmarks/tinyimagenet_2024/vnnlib/TinyImageNet_resnet_medium_prop_idx_879_sidx_6242_eps_0.0039.vnnlib,.006123506,error_exit_code_1,4.367394708
tinyimagenet_2024,/home/elipregerson/nnenum/vnncomp2025_benchmarks/benchmarks/tinyimagenet_2024/onnx/TinyImageNet_resnet_medium.onnx,/home/elipregerson/nnenum/vnncomp2025_benchmarks/benchmarks/tinyimagenet_2024/vnnlib/TinyImageNet_resnet_medium_prop_idx_247_sidx_1124_eps_0.0039.vnnlib,.006037448,error_exit_code_1,4.384757218
tinyimagenet_2024,/home/elipregerson/nnenum/vnncomp2025_benchmarks/benchmarks/tinyimagenet_2024/onnx/TinyImageNet_resnet_medium.onnx,/home/elipregerson/nnenum/vnncomp2025_benchmarks/benchmarks/tinyimagenet_2024/vnnlib/TinyImageNet_resnet_medium_prop_idx_2582_sidx_5386_eps_0.0039.vnnlib,.006004340,error_exit_code_1,4.397252177
tinyimagenet_2024,/home/elipregerson/nnenum/vnncomp2025_benchmarks/benchmarks/tinyimagenet_2024/onnx/TinyImageNet_resnet_medium.onnx,/home/elipregerson/nnenum/vnncomp2025_benchmarks/benchmarks/tinyimagenet_2024/vnnlib/TinyImageNet_resnet_medium_prop_idx_2936_sidx_7810_eps_0.0039.vnnlib,.005954779,error_exit_code_1,4.380843814
tinyimagenet_2024,/home/elipregerson/nnenum/vnncomp2025_benchmarks/benchmarks/tinyimagenet_2024/onnx/TinyImageNet_resnet_medium.onnx,/home/elipregerson/nnenum/vnncomp2025_benchmarks/benchmarks/tinyimagenet_2024/vnnlib/TinyImageNet_resnet_medium_prop_idx_1175_sidx_7775_eps_0.0039.vnnlib,.006054354,error_exit_code_1,4.400945538
tinyimagenet_2024,/home/elipregerson/nnenum/vnncomp2025_benchmarks/benchmarks/tinyimagenet_2024/onnx/TinyImageNet_resnet_medium.onnx,/home/elipregerson/nnenum/vnncomp2025_benchmarks/benchmarks/tinyimagenet_2024/vnnlib/TinyImageNet_resnet_medium_prop_idx_7365_sidx_3284_eps_0.0039.vnnlib,.005978095,error_exit_code_1,4.379567329
tinyimagenet_2024,/home/elipregerson/nnenum/vnncomp2025_benchmarks/benchmarks/tinyimagenet_2024/onnx/TinyImageNet_resnet_medium.onnx,/home/elipregerson/nnenum/vnncomp2025_benchmarks/benchmarks/tinyimagenet_2024/vnnlib/TinyImageNet_resnet_medium_prop_idx_8684_sidx_9001_eps_0.0039.vnnlib,.006084928,error_exit_code_1,4.387565510
tinyimagenet_2024,/home/elipregerson/nnenum/vnncomp2025_benchmarks/benchmarks/tinyimagenet_2024/onnx/TinyImageNet_resnet_medium.onnx,/home/elipregerson/nnenum/vnncomp2025_benchmarks/benchmarks/tinyimagenet_2024/vnnlib/TinyImageNet_resnet_medium_prop_idx_1706_sidx_4932_eps_0.0039.vnnlib,.006106228,error_exit_code_1,4.318414448
tinyimagenet_2024,/home/elipregerson/nnenum/vnncomp2025_benchmarks/benchmarks/tinyimagenet_2024/onnx/TinyImageNet_resnet_medium.onnx,/home/elipregerson/nnenum/vnncomp2025_benchmarks/benchmarks/tinyimagenet_2024/vnnlib/TinyImageNet_resnet_medium_prop_idx_2755_sidx_193_eps_0.0039.vnnlib,.005874491,error_exit_code_1,4.418454832
tinyimagenet_2024,/home/elipregerson/nnenum/vnncomp2025_benchmarks/benchmarks/tinyimagenet_2024/onnx/TinyImageNet_resnet_medium.onnx,/home/elipregerson/nnenum/vnncomp2025_benchmarks/benchmarks/tinyimagenet_2024/vnnlib/TinyImageNet_resnet_medium_prop_idx_9584_sidx_3691_eps_0.0039.vnnlib,.005976883,error_exit_code_1,4.374739744
tinyimagenet_2024,/home/elipregerson/nnenum/vnncomp2025_benchmarks/benchmarks/tinyimagenet_2024/onnx/TinyImageNet_resnet_medium.onnx,/home/elipregerson/nnenum/vnncomp2025_benchmarks/benchmarks/tinyimagenet_2024/vnnlib/TinyImageNet_resnet_medium_prop_idx_9079_sidx_5823_eps_0.0039.vnnlib,.006039432,error_exit_code_1,4.386158426
tinyimagenet_2024,/home/elipregerson/nnenum/vnncomp2025_benchmarks/benchmarks/tinyimagenet_2024/onnx/TinyImageNet_resnet_medium.onnx,/home/elipregerson/nnenum/vnncomp2025_benchmarks/benchmarks/tinyimagenet_2024/vnnlib/TinyImageNet_resnet_medium_prop_idx_1135_sidx_1928_eps_0.0039.vnnlib,.006013606,error_exit_code_1,4.421824444
tinyimagenet_2024,/home/elipregerson/nnenum/vnncomp2025_benchmarks/benchmarks/tinyimagenet_2024/onnx/TinyImageNet_resnet_medium.onnx,/home/elipregerson/nnenum/vnncomp2025_benchmarks/benchmarks/tinyimagenet_2024/vnnlib/TinyImageNet_resnet_medium_prop_idx_1359_sidx_7221_eps_0.0039.vnnlib,.006251811,error_exit_code_1,4.350162998
tinyimagenet_2024,/home/elipregerson/nnenum/vnncomp2025_benchmarks/benchmarks/tinyimagenet_2024/onnx/TinyImageNet_resnet_medium.onnx,/home/elipregerson/nnenum/vnncomp2025_benchmarks/benchmarks/tinyimagenet_2024/vnnlib/TinyImageNet_resnet_medium_prop_idx_5683_sidx_1212_eps_0.0039.vnnlib,.006128346,error_exit_code_1,4.371280726
tinyimagenet_2024,/home/elipregerson/nnenum/vnncomp2025_benchmarks/benchmarks/tinyimagenet_2024/onnx/TinyImageNet_resnet_medium.onnx,/home/elipregerson/nnenum/vnncomp2025_benchmarks/benchmarks/tinyimagenet_2024/vnnlib/TinyImageNet_resnet_medium_prop_idx_1615_sidx_1065_eps_0.0039.vnnlib,.006028146,error_exit_code_1,4.406707043
tinyimagenet_2024,/home/elipregerson/nnenum/vnncomp2025_benchmarks/benchmarks/tinyimagenet_2024/onnx/TinyImageNet_resnet_medium.onnx,/home/elipregerson/nnenum/vnncomp2025_benchmarks/benchmarks/tinyimagenet_2024/vnnlib/TinyImageNet_resnet_medium_prop_idx_288_sidx_5531_eps_0.0039.vnnlib,.006035754,error_exit_code_1,4.390489691
tinyimagenet_2024,/home/elipregerson/nnenum/vnncomp2025_benchmarks/benchmarks/tinyimagenet_2024/onnx/TinyImageNet_resnet_medium.onnx,/home/elipregerson/nnenum/vnncomp2025_benchmarks/benchmarks/tinyimagenet_2024/vnnlib/TinyImageNet_resnet_medium_prop_idx_6546_sidx_3168_eps_0.0039.vnnlib,.006107739,error_exit_code_1,4.366027160
tinyimagenet_2024,/home/elipregerson/nnenum/vnncomp2025_benchmarks/benchmarks/tinyimagenet_2024/onnx/TinyImageNet_resnet_medium.onnx,/home/elipregerson/nnenum/vnncomp2025_benchmarks/benchmarks/tinyimagenet_2024/vnnlib/TinyImageNet_resnet_medium_prop_idx_2475_sidx_523_eps_0.0039.vnnlib,.005971165,error_exit_code_1,4.360729508
tinyimagenet_2024,/home/elipregerson/nnenum/vnncomp2025_benchmarks/benchmarks/tinyimagenet_2024/onnx/TinyImageNet_resnet_medium.onnx,/home/elipregerson/nnenum/vnncomp2025_benchmarks/benchmarks/tinyimagenet_2024/vnnlib/TinyImageNet_resnet_medium_prop_idx_9476_sidx_5602_eps_0.0039.vnnlib,.006103650,error_exit_code_1,4.382946746
tinyimagenet_2024,/home/elipregerson/nnenum/vnncomp2025_benchmarks/benchmarks/tinyimagenet_2024/onnx/TinyImageNet_resnet_medium.onnx,/home/elipregerson/nnenum/vnncomp2025_benchmarks/benchmarks/tinyimagenet_2024/vnnlib/TinyImageNet_resnet_medium_prop_idx_3782_sidx_1103_eps_0.0039.vnnlib,.006094964,error_exit_code_1,4.381934839
tinyimagenet_2024,/home/elipregerson/nnenum/vnncomp2025_benchmarks/benchmarks/tinyimagenet_2024/onnx/TinyImageNet_resnet_medium.onnx,/home/elipregerson/nnenum/vnncomp2025_benchmarks/benchmarks/tinyimagenet_2024/vnnlib/TinyImageNet_resnet_medium_prop_idx_4463_sidx_4146_eps_0.0039.vnnlib,.006070629,error_exit_code_1,4.350934200
tinyimagenet_2024,/home/elipregerson/nnenum/vnncomp2025_benchmarks/benchmarks/tinyimagenet_2024/onnx/TinyImageNet_resnet_medium.onnx,/home/elipregerson/nnenum/vnncomp2025_benchmarks/benchmarks/tinyimagenet_2024/vnnlib/TinyImageNet_resnet_medium_prop_idx_8257_sidx_5574_eps_0.0039.vnnlib,.006093835,error_exit_code_1,4.394879353
tinyimagenet_2024,/home/elipregerson/nnenum/vnncomp2025_benchmarks/benchmarks/tinyimagenet_2024/onnx/TinyImageNet_resnet_medium.onnx,/home/elipregerson/nnenum/vnncomp2025_benchmarks/benchmarks/tinyimagenet_2024/vnnlib/TinyImageNet_resnet_medium_prop_idx_4438_sidx_6486_eps_0.0039.vnnlib,.006073303,error_exit_code_1,4.358850959
tinyimagenet_2024,/home/elipregerson/nnenum/vnncomp2025_benchmarks/benchmarks/tinyimagenet_2024/onnx/TinyImageNet_resnet_medium.onnx,/home/elipregerson/nnenum/vnncomp2025_benchmarks/benchmarks/tinyimagenet_2024/vnnlib/TinyImageNet_resnet_medium_prop_idx_484_sidx_161_eps_0.0039.vnnlib,.006081456,error_exit_code_1,4.369873386
tinyimagenet_2024,/home/elipregerson/nnenum/vnncomp2025_benchmarks/benchmarks/tinyimagenet_2024/onnx/TinyImageNet_resnet_medium.onnx,/home/elipregerson/nnenum/vnncomp2025_benchmarks/benchmarks/tinyimagenet_2024/vnnlib/TinyImageNet_resnet_medium_prop_idx_9611_sidx_7725_eps_0.0039.vnnlib,.005923964,error_exit_code_1,4.372399965
tinyimagenet_2024,/home/elipregerson/nnenum/vnncomp2025_benchmarks/benchmarks/tinyimagenet_2024/onnx/TinyImageNet_resnet_medium.onnx,/home/elipregerson/nnenum/vnncomp2025_benchmarks/benchmarks/tinyimagenet_2024/vnnlib/TinyImageNet_resnet_medium_prop_idx_3429_sidx_4578_eps_0.0039.vnnlib,.005991453,error_exit_code_1,4.351931017
tinyimagenet_2024,/home/elipregerson/nnenum/vnncomp2025_benchmarks/benchmarks/tinyimagenet_2024/onnx/TinyImageNet_resnet_medium.onnx,/home/elipregerson/nnenum/vnncomp2025_benchmarks/benchmarks/tinyimagenet_2024/vnnlib/TinyImageNet_resnet_medium_prop_idx_5685_sidx_8755_eps_0.0039.vnnlib,.005981605,error_exit_code_1,4.330349494
tinyimagenet_2024,/home/elipregerson/nnenum/vnncomp2025_benchmarks/benchmarks/tinyimagenet_2024/onnx/TinyImageNet_resnet_medium.onnx,/home/elipregerson/nnenum/vnncomp2025_benchmarks/benchmarks/tinyimagenet_2024/vnnlib/TinyImageNet_resnet_medium_prop_idx_5257_sidx_5727_eps_0.0039.vnnlib,.006006579,error_exit_code_1,4.384938394
tinyimagenet_2024,/home/elipregerson/nnenum/vnncomp2025_benchmarks/benchmarks/tinyimagenet_2024/onnx/TinyImageNet_resnet_medium.onnx,/home/elipregerson/nnenum/vnncomp2025_benchmarks/benchmarks/tinyimagenet_2024/vnnlib/TinyImageNet_resnet_medium_prop_idx_9437_sidx_5480_eps_0.0039.vnnlib,.005970349,error_exit_code_1,4.402081381
tinyimagenet_2024,/home/elipregerson/nnenum/vnncomp2025_benchmarks/benchmarks/tinyimagenet_2024/onnx/TinyImageNet_resnet_medium.onnx,/home/elipregerson/nnenum/vnncomp2025_benchmarks/benchmarks/tinyimagenet_2024/vnnlib/TinyImageNet_resnet_medium_prop_idx_4500_sidx_6717_eps_0.0039.vnnlib,.006102210,error_exit_code_1,4.372937710
tinyimagenet_2024,/home/elipregerson/nnenum/vnncomp2025_benchmarks/benchmarks/tinyimagenet_2024/onnx/TinyImageNet_resnet_medium.onnx,/home/elipregerson/nnenum/vnncomp2025_benchmarks/benchmarks/tinyimagenet_2024/vnnlib/TinyImageNet_resnet_medium_prop_idx_4871_sidx_7562_eps_0.0039.vnnlib,.005965453,error_exit_code_1,4.386868565
tinyimagenet_2024,/home/elipregerson/nnenum/vnncomp2025_benchmarks/benchmarks/tinyimagenet_2024/onnx/TinyImageNet_resnet_medium.onnx,/home/elipregerson/nnenum/vnncomp2025_benchmarks/benchmarks/tinyimagenet_2024/vnnlib/TinyImageNet_resnet_medium_prop_idx_2210_sidx_992_eps_0.0039.vnnlib,.005899534,error_exit_code_1,4.385482364
tinyimagenet_2024,/home/elipregerson/nnenum/vnncomp2025_benchmarks/benchmarks/tinyimagenet_2024/onnx/TinyImageNet_resnet_medium.onnx,/home/elipregerson/nnenum/vnncomp2025_benchmarks/benchmarks/tinyimagenet_2024/vnnlib/TinyImageNet_resnet_medium_prop_idx_1651_sidx_3548_eps_0.0039.vnnlib,.006006481,error_exit_code_1,4.438080367
tinyimagenet_2024,/home/elipregerson/nnenum/vnncomp2025_benchmarks/benchmarks/tinyimagenet_2024/onnx/TinyImageNet_resnet_medium.onnx,/home/elipregerson/nnenum/vnncomp2025_benchmarks/benchmarks/tinyimagenet_2024/vnnlib/TinyImageNet_resnet_medium_prop_idx_7183_sidx_4731_eps_0.0039.vnnlib,.006139534,error_exit_code_1,4.397202948
tinyimagenet_2024,/home/elipregerson/nnenum/vnncomp2025_benchmarks/benchmarks/tinyimagenet_2024/onnx/TinyImageNet_resnet_medium.onnx,/home/elipregerson/nnenum/vnncomp2025_benchmarks/benchmarks/tinyimagenet_2024/vnnlib/TinyImageNet_resnet_medium_prop_idx_647_sidx_9608_eps_0.0039.vnnlib,.006044304,error_exit_code_1,4.370466424
tinyimagenet_2024,/home/elipregerson/nnenum/vnncomp2025_benchmarks/benchmarks/tinyimagenet_2024/onnx/TinyImageNet_resnet_medium.onnx,/home/elipregerson/nnenum/vnncomp2025_benchmarks/benchmarks/tinyimagenet_2024/vnnlib/TinyImageNet_resnet_medium_prop_idx_9992_sidx_5063_eps_0.0039.vnnlib,.006106211,error_exit_code_1,4.356677568
tinyimagenet_2024,/home/elipregerson/nnenum/vnncomp2025_benchmarks/benchmarks/tinyimagenet_2024/onnx/TinyImageNet_resnet_medium.onnx,/home/elipregerson/nnenum/vnncomp2025_benchmarks/benchmarks/tinyimagenet_2024/vnnlib/TinyImageNet_resnet_medium_prop_idx_3543_sidx_5527_eps_0.0039.vnnlib,.006164943,error_exit_code_1,4.378202723
tinyimagenet_2024,/home/elipregerson/nnenum/vnncomp2025_benchmarks/benchmarks/tinyimagenet_2024/onnx/TinyImageNet_resnet_medium.onnx,/home/elipregerson/nnenum/vnncomp2025_benchmarks/benchmarks/tinyimagenet_2024/vnnlib/TinyImageNet_resnet_medium_prop_idx_2045_sidx_7367_eps_0.0039.vnnlib,.005989482,error_exit_code_1,4.368064566
tinyimagenet_2024,/home/elipregerson/nnenum/vnncomp2025_benchmarks/benchmarks/tinyimagenet_2024/onnx/TinyImageNet_resnet_medium.onnx,/home/elipregerson/nnenum/vnncomp2025_benchmarks/benchmarks/tinyimagenet_2024/vnnlib/TinyImageNet_resnet_medium_prop_idx_7542_sidx_9873_eps_0.0039.vnnlib,.006188322,error_exit_code_1,4.371753238
tinyimagenet_2024,/home/elipregerson/nnenum/vnncomp2025_benchmarks/benchmarks/tinyimagenet_2024/onnx/TinyImageNet_resnet_medium.onnx,/home/elipregerson/nnenum/vnncomp2025_benchmarks/benchmarks/tinyimagenet_2024/vnnlib/TinyImageNet_resnet_medium_prop_idx_5743_sidx_6569_eps_0.0039.vnnlib,.008674420,error_exit_code_1,4.389919746
tinyimagenet_2024,/home/elipregerson/nnenum/vnncomp2025_benchmarks/benchmarks/tinyimagenet_2024/onnx/TinyImageNet_resnet_medium.onnx,/home/elipregerson/nnenum/vnncomp2025_benchmarks/benchmarks/tinyimagenet_2024/vnnlib/TinyImageNet_resnet_medium_prop_idx_5427_sidx_8226_eps_0.0039.vnnlib,.006056011,error_exit_code_1,4.374364968
tinyimagenet_2024,/home/elipregerson/nnenum/vnncomp2025_benchmarks/benchmarks/tinyimagenet_2024/onnx/TinyImageNet_resnet_medium.onnx,/home/elipregerson/nnenum/vnncomp2025_benchmarks/benchmarks/tinyimagenet_2024/vnnlib/TinyImageNet_resnet_medium_prop_idx_1496_sidx_9465_eps_0.0039.vnnlib,.005916596,error_exit_code_1,4.352194679
tinyimagenet_2024,/home/elipregerson/nnenum/vnncomp2025_benchmarks/benchmarks/tinyimagenet_2024/onnx/TinyImageNet_resnet_medium.onnx,/home/elipregerson/nnenum/vnncomp2025_benchmarks/benchmarks/tinyimagenet_2024/vnnlib/TinyImageNet_resnet_medium_prop_idx_600_sidx_4087_eps_0.0039.vnnlib,.006025355,error_exit_code_1,4.384461451
tinyimagenet_2024,/home/elipregerson/nnenum/vnncomp2025_benchmarks/benchmarks/tinyimagenet_2024/onnx/TinyImageNet_resnet_medium.onnx,/home/elipregerson/nnenum/vnncomp2025_benchmarks/benchmarks/tinyimagenet_2024/vnnlib/TinyImageNet_resnet_medium_prop_idx_6618_sidx_5022_eps_0.0039.vnnlib,.005885955,error_exit_code_1,4.355975012
tinyimagenet_2024,/home/elipregerson/nnenum/vnncomp2025_benchmarks/benchmarks/tinyimagenet_2024/onnx/TinyImageNet_resnet_medium.onnx,/home/elipregerson/nnenum/vnncomp2025_benchmarks/benchmarks/tinyimagenet_2024/vnnlib/TinyImageNet_resnet_medium_prop_idx_6036_sidx_4672_eps_0.0039.vnnlib,.005914166,error_exit_code_1,4.441458484
tinyimagenet_2024,/home/elipregerson/nnenum/vnncomp2025_benchmarks/benchmarks/tinyimagenet_2024/onnx/TinyImageNet_resnet_medium.onnx,/home/elipregerson/nnenum/vnncomp2025_benchmarks/benchmarks/tinyimagenet_2024/vnnlib/TinyImageNet_resnet_medium_prop_idx_3375_sidx_5824_eps_0.0039.vnnlib,.006494639,error_exit_code_1,4.563746198
tinyimagenet_2024,/home/elipregerson/nnenum/vnncomp2025_benchmarks/benchmarks/tinyimagenet_2024/onnx/TinyImageNet_resnet_medium.onnx,/home/elipregerson/nnenum/vnncomp2025_benchmarks/benchmarks/tinyimagenet_2024/vnnlib/TinyImageNet_resnet_medium_prop_idx_4327_sidx_7050_eps_0.0039.vnnlib,.006214052,error_exit_code_1,4.367542477
tinyimagenet_2024,/home/elipregerson/nnenum/vnncomp2025_benchmarks/benchmarks/tinyimagenet_2024/onnx/TinyImageNet_resnet_medium.onnx,/home/elipregerson/nnenum/vnncomp2025_benchmarks/benchmarks/tinyimagenet_2024/vnnlib/TinyImageNet_resnet_medium_prop_idx_4171_sidx_705_eps_0.0039.vnnlib,.006250493,error_exit_code_1,4.386644031
tinyimagenet_2024,/home/elipregerson/nnenum/vnncomp2025_benchmarks/benchmarks/tinyimagenet_2024/onnx/TinyImageNet_resnet_medium.onnx,/home/elipregerson/nnenum/vnncomp2025_benchmarks/benchmarks/tinyimagenet_2024/vnnlib/TinyImageNet_resnet_medium_prop_idx_3677_sidx_3123_eps_0.0039.vnnlib,.005994655,error_exit_code_1,4.371379181
tinyimagenet_2024,/home/elipregerson/nnenum/vnncomp2025_benchmarks/benchmarks/tinyimagenet_2024/onnx/TinyImageNet_resnet_medium.onnx,/home/elipregerson/nnenum/vnncomp2025_benchmarks/benchmarks/tinyimagenet_2024/vnnlib/TinyImageNet_resnet_medium_prop_idx_1093_sidx_4490_eps_0.0039.vnnlib,.006236077,error_exit_code_1,4.370829336
tinyimagenet_2024,/home/elipregerson/nnenum/vnncomp2025_benchmarks/benchmarks/tinyimagenet_2024/onnx/TinyImageNet_resnet_medium.onnx,/home/elipregerson/nnenum/vnncomp2025_benchmarks/benchmarks/tinyimagenet_2024/vnnlib/TinyImageNet_resnet_medium_prop_idx_7473_sidx_6046_eps_0.0039.vnnlib,.006383054,error_exit_code_1,4.321641171
tinyimagenet_2024,/home/elipregerson/nnenum/vnncomp2025_benchmarks/benchmarks/tinyimagenet_2024/onnx/TinyImageNet_resnet_medium.onnx,/home/elipregerson/nnenum/vnncomp2025_benchmarks/benchmarks/tinyimagenet_2024/vnnlib/TinyImageNet_resnet_medium_prop_idx_6049_sidx_4719_eps_0.0039.vnnlib,.006206467,error_exit_code_1,4.383327894
tinyimagenet_2024,/home/elipregerson/nnenum/vnncomp2025_benchmarks/benchmarks/tinyimagenet_2024/onnx/TinyImageNet_resnet_medium.onnx,/home/elipregerson/nnenum/vnncomp2025_benchmarks/benchmarks/tinyimagenet_2024/vnnlib/TinyImageNet_resnet_medium_prop_idx_7525_sidx_3725_eps_0.0039.vnnlib,.006205687,error_exit_code_1,4.330542733
tinyimagenet_2024,/home/elipregerson/nnenum/vnncomp2025_benchmarks/benchmarks/tinyimagenet_2024/onnx/TinyImageNet_resnet_medium.onnx,/home/elipregerson/nnenum/vnncomp2025_benchmarks/benchmarks/tinyimagenet_2024/vnnlib/TinyImageNet_resnet_medium_prop_idx_9729_sidx_1662_eps_0.0039.vnnlib,.006269621,error_exit_code_1,4.363978044
tinyimagenet_2024,/home/elipregerson/nnenum/vnncomp2025_benchmarks/benchmarks/tinyimagenet_2024/onnx/TinyImageNet_resnet_medium.onnx,/home/elipregerson/nnenum/vnncomp2025_benchmarks/benchmarks/tinyimagenet_2024/vnnlib/TinyImageNet_resnet_medium_prop_idx_6412_sidx_6140_eps_0.0039.vnnlib,.006064697,error_exit_code_1,4.428623870
tinyimagenet_2024,/home/elipregerson/nnenum/vnncomp2025_benchmarks/benchmarks/tinyimagenet_2024/onnx/TinyImageNet_resnet_medium.onnx,/home/elipregerson/nnenum/vnncomp2025_benchmarks/benchmarks/tinyimagenet_2024/vnnlib/TinyImageNet_resnet_medium_prop_idx_1024_sidx_5112_eps_0.0039.vnnlib,.006224478,error_exit_code_1,4.438064890
tinyimagenet_2024,/home/elipregerson/nnenum/vnncomp2025_benchmarks/benchmarks/tinyimagenet_2024/onnx/TinyImageNet_resnet_medium.onnx,/home/elipregerson/nnenum/vnncomp2025_benchmarks/benchmarks/tinyimagenet_2024/vnnlib/TinyImageNet_resnet_medium_prop_idx_5634_sidx_9441_eps_0.0039.vnnlib,.006299459,error_exit_code_1,4.393926823
tinyimagenet_2024,/home/elipregerson/nnenum/vnncomp2025_benchmarks/benchmarks/tinyimagenet_2024/onnx/TinyImageNet_resnet_medium.onnx,/home/elipregerson/nnenum/vnncomp2025_benchmarks/benchmarks/tinyimagenet_2024/vnnlib/TinyImageNet_resnet_medium_prop_idx_4004_sidx_9594_eps_0.0039.vnnlib,.006239651,error_exit_code_1,4.374733347
tinyimagenet_2024,/home/elipregerson/nnenum/vnncomp2025_benchmarks/benchmarks/tinyimagenet_2024/onnx/TinyImageNet_resnet_medium.onnx,/home/elipregerson/nnenum/vnncomp2025_benchmarks/benchmarks/tinyimagenet_2024/vnnlib/TinyImageNet_resnet_medium_prop_idx_6628_sidx_8822_eps_0.0039.vnnlib,.006229604,error_exit_code_1,4.395968387
tinyimagenet_2024,/home/elipregerson/nnenum/vnncomp2025_benchmarks/benchmarks/tinyimagenet_2024/onnx/TinyImageNet_resnet_medium.onnx,/home/elipregerson/nnenum/vnncomp2025_benchmarks/benchmarks/tinyimagenet_2024/vnnlib/TinyImageNet_resnet_medium_prop_idx_9025_sidx_9203_eps_0.0039.vnnlib,.006296423,error_exit_code_1,4.388347963
tinyimagenet_2024,/home/elipregerson/nnenum/vnncomp2025_benchmarks/benchmarks/tinyimagenet_2024/onnx/TinyImageNet_resnet_medium.onnx,/home/elipregerson/nnenum/vnncomp2025_benchmarks/benchmarks/tinyimagenet_2024/vnnlib/TinyImageNet_resnet_medium_prop_idx_2798_sidx_4910_eps_0.0039.vnnlib,.006042687,error_exit_code_1,4.364941970
tinyimagenet_2024,/home/elipregerson/nnenum/vnncomp2025_benchmarks/benchmarks/tinyimagenet_2024/onnx/TinyImageNet_resnet_medium.onnx,/home/elipregerson/nnenum/vnncomp2025_benchmarks/benchmarks/tinyimagenet_2024/vnnlib/TinyImageNet_resnet_medium_prop_idx_4776_sidx_19_eps_0.0039.vnnlib,.006408146,error_exit_code_1,4.373716625
tinyimagenet_2024,/home/elipregerson/nnenum/vnncomp2025_benchmarks/benchmarks/tinyimagenet_2024/onnx/TinyImageNet_resnet_medium.onnx,/home/elipregerson/nnenum/vnncomp2025_benchmarks/benchmarks/tinyimagenet_2024/vnnlib/TinyImageNet_resnet_medium_prop_idx_7152_sidx_4185_eps_0.0039.vnnlib,.006209795,error_exit_code_1,4.357845615
tinyimagenet_2024,/home/elipregerson/nnenum/vnncomp2025_benchmarks/benchmarks/tinyimagenet_2024/onnx/TinyImageNet_resnet_medium.onnx,/home/elipregerson/nnenum/vnncomp2025_benchmarks/benchmarks/tinyimagenet_2024/vnnlib/TinyImageNet_resnet_medium_prop_idx_9656_sidx_451_eps_0.0039.vnnlib,.006208383,error_exit_code_1,4.363064628
tinyimagenet_2024,/home/elipregerson/nnenum/vnncomp2025_benchmarks/benchmarks/tinyimagenet_2024/onnx/TinyImageNet_resnet_medium.onnx,/home/elipregerson/nnenum/vnncomp2025_benchmarks/benchmarks/tinyimagenet_2024/vnnlib/TinyImageNet_resnet_medium_prop_idx_4244_sidx_8624_eps_0.0039.vnnlib,.006118573,error_exit_code_1,4.369886958
tinyimagenet_2024,/home/elipregerson/nnenum/vnncomp2025_benchmarks/benchmarks/tinyimagenet_2024/onnx/TinyImageNet_resnet_medium.onnx,/home/elipregerson/nnenum/vnncomp2025_benchmarks/benchmarks/tinyimagenet_2024/vnnlib/TinyImageNet_resnet_medium_prop_idx_4599_sidx_738_eps_0.0039.vnnlib,.006262985,error_exit_code_1,4.381683131
tinyimagenet_2024,/home/elipregerson/nnenum/vnncomp2025_benchmarks/benchmarks/tinyimagenet_2024/onnx/TinyImageNet_resnet_medium.onnx,/home/elipregerson/nnenum/vnncomp2025_benchmarks/benchmarks/tinyimagenet_2024/vnnlib/TinyImageNet_resnet_medium_prop_idx_7749_sidx_8253_eps_0.0039.vnnlib,.006158335,error_exit_code_1,4.392599892
tinyimagenet_2024,/home/elipregerson/nnenum/vnncomp2025_benchmarks/benchmarks/tinyimagenet_2024/onnx/TinyImageNet_resnet_medium.onnx,/home/elipregerson/nnenum/vnncomp2025_benchmarks/benchmarks/tinyimagenet_2024/vnnlib/TinyImageNet_resnet_medium_prop_idx_8310_sidx_4525_eps_0.0039.vnnlib,.006334673,error_exit_code_1,4.387048469
tinyimagenet_2024,/home/elipregerson/nnenum/vnncomp2025_benchmarks/benchmarks/tinyimagenet_2024/onnx/TinyImageNet_resnet_medium.onnx,/home/elipregerson/nnenum/vnncomp2025_benchmarks/benchmarks/tinyimagenet_2024/vnnlib/TinyImageNet_resnet_medium_prop_idx_3328_sidx_278_eps_0.0039.vnnlib,.006139650,error_exit_code_1,4.422403095
tinyimagenet_2024,/home/elipregerson/nnenum/vnncomp2025_benchmarks/benchmarks/tinyimagenet_2024/onnx/TinyImageNet_resnet_medium.onnx,/home/elipregerson/nnenum/vnncomp2025_benchmarks/benchmarks/tinyimagenet_2024/vnnlib/TinyImageNet_resnet_medium_prop_idx_6228_sidx_7979_eps_0.0039.vnnlib,.006382570,error_exit_code_1,4.386620596
tinyimagenet_2024,/home/elipregerson/nnenum/vnncomp2025_benchmarks/benchmarks/tinyimagenet_2024/onnx/TinyImageNet_resnet_medium.onnx,/home/elipregerson/nnenum/vnncomp2025_benchmarks/benchmarks/tinyimagenet_2024/vnnlib/TinyImageNet_resnet_medium_prop_idx_7847_sidx_9927_eps_0.0039.vnnlib,.006148275,error_exit_code_1,4.371092902
tinyimagenet_2024,/home/elipregerson/nnenum/vnncomp2025_benchmarks/benchmarks/tinyimagenet_2024/onnx/TinyImageNet_resnet_medium.onnx,/home/elipregerson/nnenum/vnncomp2025_benchmarks/benchmarks/tinyimagenet_2024/vnnlib/TinyImageNet_resnet_medium_prop_idx_8756_sidx_3958_eps_0.0039.vnnlib,.006257824,error_exit_code_1,4.365622432
tinyimagenet_2024,/home/elipregerson/nnenum/vnncomp2025_benchmarks/benchmarks/tinyimagenet_2024/onnx/TinyImageNet_resnet_medium.onnx,/home/elipregerson/nnenum/vnncomp2025_benchmarks/benchmarks/tinyimagenet_2024/vnnlib/TinyImageNet_resnet_medium_prop_idx_2511_sidx_5059_eps_0.0039.vnnlib,.006214112,error_exit_code_1,4.407007938
tinyimagenet_2024,/home/elipregerson/nnenum/vnncomp2025_benchmarks/benchmarks/tinyimagenet_2024/onnx/TinyImageNet_resnet_medium.onnx,/home/elipregerson/nnenum/vnncomp2025_benchmarks/benchmarks/tinyimagenet_2024/vnnlib/TinyImageNet_resnet_medium_prop_idx_2575_sidx_1066_eps_0.0039.vnnlib,.006211195,error_exit_code_1,4.401716945
tinyimagenet_2024,/home/elipregerson/nnenum/vnncomp2025_benchmarks/benchmarks/tinyimagenet_2024/onnx/TinyImageNet_resnet_medium.onnx,/home/elipregerson/nnenum/vnncomp2025_benchmarks/benchmarks/tinyimagenet_2024/vnnlib/TinyImageNet_resnet_medium_prop_idx_3574_sidx_9710_eps_0.0039.vnnlib,.006181822,error_exit_code_1,4.395491012
tinyimagenet_2024,/home/elipregerson/nnenum/vnncomp2025_benchmarks/benchmarks/tinyimagenet_2024/onnx/TinyImageNet_resnet_medium.onnx,/home/elipregerson/nnenum/vnncomp2025_benchmarks/benchmarks/tinyimagenet_2024/vnnlib/TinyImageNet_resnet_medium_prop_idx_3437_sidx_2708_eps_0.0039.vnnlib,.006168969,error_exit_code_1,4.377226176
tinyimagenet_2024,/home/elipregerson/nnenum/vnncomp2025_benchmarks/benchmarks/tinyimagenet_2024/onnx/TinyImageNet_resnet_medium.onnx,/home/elipregerson/nnenum/vnncomp2025_benchmarks/benchmarks/tinyimagenet_2024/vnnlib/TinyImageNet_resnet_medium_prop_idx_4024_sidx_4810_eps_0.0039.vnnlib,.006179129,error_exit_code_1,4.392205630
tinyimagenet_2024,/home/elipregerson/nnenum/vnncomp2025_benchmarks/benchmarks/tinyimagenet_2024/onnx/TinyImageNet_resnet_medium.onnx,/home/elipregerson/nnenum/vnncomp2025_benchmarks/benchmarks/tinyimagenet_2024/vnnlib/TinyImageNet_resnet_medium_prop_idx_8698_sidx_4012_eps_0.0039.vnnlib,.006272830,error_exit_code_1,4.364066868
tinyimagenet_2024,/home/elipregerson/nnenum/vnncomp2025_benchmarks/benchmarks/tinyimagenet_2024/onnx/TinyImageNet_resnet_medium.onnx,/home/elipregerson/nnenum/vnncomp2025_benchmarks/benchmarks/tinyimagenet_2024/vnnlib/TinyImageNet_resnet_medium_prop_idx_4674_sidx_6718_eps_0.0039.vnnlib,.006317027,error_exit_code_1,4.353379191
tinyimagenet_2024,/home/elipregerson/nnenum/vnncomp2025_benchmarks/benchmarks/tinyimagenet_2024/onnx/TinyImageNet_resnet_medium.onnx,/home/elipregerson/nnenum/vnncomp2025_benchmarks/benchmarks/tinyimagenet_2024/vnnlib/TinyImageNet_resnet_medium_prop_idx_9569_sidx_8561_eps_0.0039.vnnlib,.006039475,error_exit_code_1,4.377243730
tinyimagenet_2024,/home/elipregerson/nnenum/vnncomp2025_benchmarks/benchmarks/tinyimagenet_2024/onnx/TinyImageNet_resnet_medium.onnx,/home/elipregerson/nnenum/vnncomp2025_benchmarks/benchmarks/tinyimagenet_2024/vnnlib/TinyImageNet_resnet_medium_prop_idx_3533_sidx_4891_eps_0.0039.vnnlib,.006161424,error_exit_code_1,4.381115230
tinyimagenet_2024,/home/elipregerson/nnenum/vnncomp2025_benchmarks/benchmarks/tinyimagenet_2024/onnx/TinyImageNet_resnet_medium.onnx,/home/elipregerson/nnenum/vnncomp2025_benchmarks/benchmarks/tinyimagenet_2024/vnnlib/TinyImageNet_resnet_medium_prop_idx_5129_sidx_3656_eps_0.0039.vnnlib,.006238744,error_exit_code_1,4.345547030
tinyimagenet_2024,/home/elipregerson/nnenum/vnncomp2025_benchmarks/benchmarks/tinyimagenet_2024/onnx/TinyImageNet_resnet_medium.onnx,/home/elipregerson/nnenum/vnncomp2025_benchmarks/benchmarks/tinyimagenet_2024/vnnlib/TinyImageNet_resnet_medium_prop_idx_4686_sidx_8792_eps_0.0039.vnnlib,.006272452,error_exit_code_1,4.382794132
tinyimagenet_2024,/home/elipregerson/nnenum/vnncomp2025_benchmarks/benchmarks/tinyimagenet_2024/onnx/TinyImageNet_resnet_medium.onnx,/home/elipregerson/nnenum/vnncomp2025_benchmarks/benchmarks/tinyimagenet_2024/vnnlib/TinyImageNet_resnet_medium_prop_idx_4869_sidx_6523_eps_0.0039.vnnlib,.006345449,error_exit_code_1,4.398526009
tinyimagenet_2024,/home/elipregerson/nnenum/vnncomp2025_benchmarks/benchmarks/tinyimagenet_2024/onnx/TinyImageNet_resnet_medium.onnx,/home/elipregerson/nnenum/vnncomp2025_benchmarks/benchmarks/tinyimagenet_2024/vnnlib/TinyImageNet_resnet_medium_prop_idx_8651_sidx_6574_eps_0.0039.vnnlib,.006317402,error_exit_code_1,4.388323817
tinyimagenet_2024,/home/elipregerson/nnenum/vnncomp2025_benchmarks/benchmarks/tinyimagenet_2024/onnx/TinyImageNet_resnet_medium.onnx,/home/elipregerson/nnenum/vnncomp2025_benchmarks/benchmarks/tinyimagenet_2024/vnnlib/TinyImageNet_resnet_medium_prop_idx_4225_sidx_3038_eps_0.0039.vnnlib,.006333485,error_exit_code_1,4.404090307
tinyimagenet_2024,/home/elipregerson/nnenum/vnncomp2025_benchmarks/benchmarks/tinyimagenet_2024/onnx/TinyImageNet_resnet_medium.onnx,/home/elipregerson/nnenum/vnncomp2025_benchmarks/benchmarks/tinyimagenet_2024/vnnlib/TinyImageNet_resnet_medium_prop_idx_1718_sidx_4924_eps_0.0039.vnnlib,.006318614,error_exit_code_1,4.424945765
tinyimagenet_2024,/home/elipregerson/nnenum/vnncomp2025_benchmarks/benchmarks/tinyimagenet_2024/onnx/TinyImageNet_resnet_medium.onnx,/home/elipregerson/nnenum/vnncomp2025_benchmarks/benchmarks/tinyimagenet_2024/vnnlib/TinyImageNet_resnet_medium_prop_idx_6957_sidx_1178_eps_0.0039.vnnlib,.006205445,error_exit_code_1,4.376146815
tinyimagenet_2024,/home/elipregerson/nnenum/vnncomp2025_benchmarks/benchmarks/tinyimagenet_2024/onnx/TinyImageNet_resnet_medium.onnx,/home/elipregerson/nnenum/vnncomp2025_benchmarks/benchmarks/tinyimagenet_2024/vnnlib/TinyImageNet_resnet_medium_prop_idx_7209_sidx_9753_eps_0.0039.vnnlib,.006186772,error_exit_code_1,4.371134699
tinyimagenet_2024,/home/elipregerson/nnenum/vnncomp2025_benchmarks/benchmarks/tinyimagenet_2024/onnx/TinyImageNet_resnet_medium.onnx,/home/elipregerson/nnenum/vnncomp2025_benchmarks/benchmarks/tinyimagenet_2024/vnnlib/TinyImageNet_resnet_medium_prop_idx_4867_sidx_5259_eps_0.0039.vnnlib,.006218356,error_exit_code_1,4.396143367
tinyimagenet_2024,/home/elipregerson/nnenum/vnncomp2025_benchmarks/benchmarks/tinyimagenet_2024/onnx/TinyImageNet_resnet_medium.onnx,/home/elipregerson/nnenum/vnncomp2025_benchmarks/benchmarks/tinyimagenet_2024/vnnlib/TinyImageNet_resnet_medium_prop_idx_140_sidx_7259_eps_0.0039.vnnlib,.006101586,error_exit_code_1,4.357299560
tinyimagenet_2024,/home/elipregerson/nnenum/vnncomp2025_benchmarks/benchmarks/tinyimagenet_2024/onnx/TinyImageNet_resnet_medium.onnx,/home/elipregerson/nnenum/vnncomp2025_benchmarks/benchmarks/tinyimagenet_2024/vnnlib/TinyImageNet_resnet_medium_prop_idx_8042_sidx_9227_eps_0.0039.vnnlib,.006013016,error_exit_code_1,4.349341583
tinyimagenet_2024,/home/elipregerson/nnenum/vnncomp2025_benchmarks/benchmarks/tinyimagenet_2024/onnx/TinyImageNet_resnet_medium.onnx,/home/elipregerson/nnenum/vnncomp2025_benchmarks/benchmarks/tinyimagenet_2024/vnnlib/TinyImageNet_resnet_medium_prop_idx_216_sidx_6006_eps_0.0039.vnnlib,.006122248,error_exit_code_1,4.388932524
tinyimagenet_2024,/home/elipregerson/nnenum/vnncomp2025_benchmarks/benchmarks/tinyimagenet_2024/onnx/TinyImageNet_resnet_medium.onnx,/home/elipregerson/nnenum/vnncomp2025_benchmarks/benchmarks/tinyimagenet_2024/vnnlib/TinyImageNet_resnet_medium_prop_idx_580_sidx_8894_eps_0.0039.vnnlib,.006277730,error_exit_code_1,4.379483251
tinyimagenet_2024,/home/elipregerson/nnenum/vnncomp2025_benchmarks/benchmarks/tinyimagenet_2024/onnx/TinyImageNet_resnet_medium.onnx,/home/elipregerson/nnenum/vnncomp2025_benchmarks/benchmarks/tinyimagenet_2024/vnnlib/TinyImageNet_resnet_medium_prop_idx_6458_sidx_4978_eps_0.0039.vnnlib,.006179625,error_exit_code_1,4.381721254
tinyimagenet_2024,/home/elipregerson/nnenum/vnncomp2025_benchmarks/benchmarks/tinyimagenet_2024/onnx/TinyImageNet_resnet_medium.onnx,/home/elipregerson/nnenum/vnncomp2025_benchmarks/benchmarks/tinyimagenet_2024/vnnlib/TinyImageNet_resnet_medium_prop_idx_291_sidx_2370_eps_0.0039.vnnlib,.006218395,error_exit_code_1,4.376787949
tinyimagenet_2024,/home/elipregerson/nnenum/vnncomp2025_benchmarks/benchmarks/tinyimagenet_2024/onnx/TinyImageNet_resnet_medium.onnx,/home/elipregerson/nnenum/vnncomp2025_benchmarks/benchmarks/tinyimagenet_2024/vnnlib/TinyImageNet_resnet_medium_prop_idx_62_sidx_313_eps_0.0039.vnnlib,.006235953,error_exit_code_1,4.372826833
tinyimagenet_2024,/home/elipregerson/nnenum/vnncomp2025_benchmarks/benchmarks/tinyimagenet_2024/onnx/TinyImageNet_resnet_medium.onnx,/home/elipregerson/nnenum/vnncomp2025_benchmarks/benchmarks/tinyimagenet_2024/vnnlib/TinyImageNet_resnet_medium_prop_idx_9875_sidx_1510_eps_0.0039.vnnlib,.006331263,error_exit_code_1,4.367113992
tinyimagenet_2024,/home/elipregerson/nnenum/vnncomp2025_benchmarks/benchmarks/tinyimagenet_2024/onnx/TinyImageNet_resnet_medium.onnx,/home/elipregerson/nnenum/vnncomp2025_benchmarks/benchmarks/tinyimagenet_2024/vnnlib/TinyImageNet_resnet_medium_prop_idx_4944_sidx_932_eps_0.0039.vnnlib,.006255419,error_exit_code_1,4.387428577
tinyimagenet_2024,/home/elipregerson/nnenum/vnncomp2025_benchmarks/benchmarks/tinyimagenet_2024/onnx/TinyImageNet_resnet_medium.onnx,/home/elipregerson/nnenum/vnncomp2025_benchmarks/benchmarks/tinyimagenet_2024/vnnlib/TinyImageNet_resnet_medium_prop_idx_4528_sidx_911_eps_0.0039.vnnlib,.006322072,error_exit_code_1,4.379383746
tinyimagenet_2024,/home/elipregerson/nnenum/vnncomp2025_benchmarks/benchmarks/tinyimagenet_2024/onnx/TinyImageNet_resnet_medium.onnx,/home/elipregerson/nnenum/vnncomp2025_benchmarks/benchmarks/tinyimagenet_2024/vnnlib/TinyImageNet_resnet_medium_prop_idx_7689_sidx_3205_eps_0.0039.vnnlib,.006215521,error_exit_code_1,4.403302441
tinyimagenet_2024,/home/elipregerson/nnenum/vnncomp2025_benchmarks/benchmarks/tinyimagenet_2024/onnx/TinyImageNet_resnet_medium.onnx,/home/elipregerson/nnenum/vnncomp2025_benchmarks/benchmarks/tinyimagenet_2024/vnnlib/TinyImageNet_resnet_medium_prop_idx_3558_sidx_7280_eps_0.0039.vnnlib,.006170726,error_exit_code_1,4.372207007
tinyimagenet_2024,/home/elipregerson/nnenum/vnncomp2025_benchmarks/benchmarks/tinyimagenet_2024/onnx/TinyImageNet_resnet_medium.onnx,/home/elipregerson/nnenum/vnncomp2025_benchmarks/benchmarks/tinyimagenet_2024/vnnlib/TinyImageNet_resnet_medium_prop_idx_7277_sidx_8835_eps_0.0039.vnnlib,.006242544,error_exit_code_1,4.397482376
tinyimagenet_2024,/home/elipregerson/nnenum/vnncomp2025_benchmarks/benchmarks/tinyimagenet_2024/onnx/TinyImageNet_resnet_medium.onnx,/home/elipregerson/nnenum/vnncomp2025_benchmarks/benchmarks/tinyimagenet_2024/vnnlib/TinyImageNet_resnet_medium_prop_idx_7946_sidx_1068_eps_0.0039.vnnlib,.006072895,error_exit_code_1,4.396156106
tinyimagenet_2024,/home/elipregerson/nnenum/vnncomp2025_benchmarks/benchmarks/tinyimagenet_2024/onnx/TinyImageNet_resnet_medium.onnx,/home/elipregerson/nnenum/vnncomp2025_benchmarks/benchmarks/tinyimagenet_2024/vnnlib/TinyImageNet_resnet_medium_prop_idx_7889_sidx_4249_eps_0.0039.vnnlib,.006191162,error_exit_code_1,4.348972421
tinyimagenet_2024,/home/elipregerson/nnenum/vnncomp2025_benchmarks/benchmarks/tinyimagenet_2024/onnx/TinyImageNet_resnet_medium.onnx,/home/elipregerson/nnenum/vnncomp2025_benchmarks/benchmarks/tinyimagenet_2024/vnnlib/TinyImageNet_resnet_medium_prop_idx_7600_sidx_1132_eps_0.0039.vnnlib,.006301379,error_exit_code_1,4.370977170
tinyimagenet_2024,/home/elipregerson/nnenum/vnncomp2025_benchmarks/benchmarks/tinyimagenet_2024/onnx/TinyImageNet_resnet_medium.onnx,/home/elipregerson/nnenum/vnncomp2025_benchmarks/benchmarks/tinyimagenet_2024/vnnlib/TinyImageNet_resnet_medium_prop_idx_259_sidx_1412_eps_0.0039.vnnlib,.006234655,error_exit_code_1,4.372725302
tinyimagenet_2024,/home/elipregerson/nnenum/vnncomp2025_benchmarks/benchmarks/tinyimagenet_2024/onnx/TinyImageNet_resnet_medium.onnx,/home/elipregerson/nnenum/vnncomp2025_benchmarks/benchmarks/tinyimagenet_2024/vnnlib/TinyImageNet_resnet_medium_prop_idx_683_sidx_2348_eps_0.0039.vnnlib,.006113490,error_exit_code_1,4.371288863
tinyimagenet_2024,/home/elipregerson/nnenum/vnncomp2025_benchmarks/benchmarks/tinyimagenet_2024/onnx/TinyImageNet_resnet_medium.onnx,/home/elipregerson/nnenum/vnncomp2025_benchmarks/benchmarks/tinyimagenet_2024/vnnlib/TinyImageNet_resnet_medium_prop_idx_9940_sidx_5174_eps_0.0039.vnnlib,.006202811,error_exit_code_1,4.337172030
tinyimagenet_2024,/home/elipregerson/nnenum/vnncomp2025_benchmarks/benchmarks/tinyimagenet_2024/onnx/TinyImageNet_resnet_medium.onnx,/home/elipregerson/nnenum/vnncomp2025_benchmarks/benchmarks/tinyimagenet_2024/vnnlib/TinyImageNet_resnet_medium_prop_idx_164_sidx_1090_eps_0.0039.vnnlib,.006237016,error_exit_code_1,4.380298492
tinyimagenet_2024,/home/elipregerson/nnenum/vnncomp2025_benchmarks/benchmarks/tinyimagenet_2024/onnx/TinyImageNet_resnet_medium.onnx,/home/elipregerson/nnenum/vnncomp2025_benchmarks/benchmarks/tinyimagenet_2024/vnnlib/TinyImageNet_resnet_medium_prop_idx_8372_sidx_8419_eps_0.0039.vnnlib,.006193197,error_exit_code_1,4.417798132
tinyimagenet_2024,/home/elipregerson/nnenum/vnncomp2025_benchmarks/benchmarks/tinyimagenet_2024/onnx/TinyImageNet_resnet_medium.onnx,/home/elipregerson/nnenum/vnncomp2025_benchmarks/benchmarks/tinyimagenet_2024/vnnlib/TinyImageNet_resnet_medium_prop_idx_7403_sidx_8686_eps_0.0039.vnnlib,.006233403,error_exit_code_1,4.382179710
tinyimagenet_2024,/home/elipregerson/nnenum/vnncomp2025_benchmarks/benchmarks/tinyimagenet_2024/onnx/TinyImageNet_resnet_medium.onnx,/home/elipregerson/nnenum/vnncomp2025_benchmarks/benchmarks/tinyimagenet_2024/vnnlib/TinyImageNet_resnet_medium_prop_idx_9600_sidx_3536_eps_0.0039.vnnlib,.006064530,error_exit_code_1,4.395163834
tinyimagenet_2024,/home/elipregerson/nnenum/vnncomp2025_benchmarks/benchmarks/tinyimagenet_2024/onnx/TinyImageNet_resnet_medium.onnx,/home/elipregerson/nnenum/vnncomp2025_benchmarks/benchmarks/tinyimagenet_2024/vnnlib/TinyImageNet_resnet_medium_prop_idx_7390_sidx_2694_eps_0.0039.vnnlib,.006257393,error_exit_code_1,4.375157618
tinyimagenet_2024,/home/elipregerson/nnenum/vnncomp2025_benchmarks/benchmarks/tinyimagenet_2024/onnx/TinyImageNet_resnet_medium.onnx,/home/elipregerson/nnenum/vnncomp2025_benchmarks/benchmarks/tinyimagenet_2024/vnnlib/TinyImageNet_resnet_medium_prop_idx_3115_sidx_671_eps_0.0039.vnnlib,.006154064,error_exit_code_1,4.366399147
tinyimagenet_2024,/home/elipregerson/nnenum/vnncomp2025_benchmarks/benchmarks/tinyimagenet_2024/onnx/TinyImageNet_resnet_medium.onnx,/home/elipregerson/nnenum/vnncomp2025_benchmarks/benchmarks/tinyimagenet_2024/vnnlib/TinyImageNet_resnet_medium_prop_idx_4472_sidx_9477_eps_0.0039.vnnlib,.006239107,error_exit_code_1,4.376915605
tinyimagenet_2024,/home/elipregerson/nnenum/vnncomp2025_benchmarks/benchmarks/tinyimagenet_2024/onnx/TinyImageNet_resnet_medium.onnx,/home/elipregerson/nnenum/vnncomp2025_benchmarks/benchmarks/tinyimagenet_2024/vnnlib/TinyImageNet_resnet_medium_prop_idx_7575_sidx_6502_eps_0.0039.vnnlib,.006183508,error_exit_code_1,4.356628655
tinyimagenet_2024,/home/elipregerson/nnenum/vnncomp2025_benchmarks/benchmarks/tinyimagenet_2024/onnx/TinyImageNet_resnet_medium.onnx,/home/elipregerson/nnenum/vnncomp2025_benchmarks/benchmarks/tinyimagenet_2024/vnnlib/TinyImageNet_resnet_medium_prop_idx_8472_sidx_7499_eps_0.0039.vnnlib,.006159192,error_exit_code_1,4.373263220
tinyimagenet_2024,/home/elipregerson/nnenum/vnncomp2025_benchmarks/benchmarks/tinyimagenet_2024/onnx/TinyImageNet_resnet_medium.onnx,/home/elipregerson/nnenum/vnncomp2025_benchmarks/benchmarks/tinyimagenet_2024/vnnlib/TinyImageNet_resnet_medium_prop_idx_7883_sidx_4184_eps_0.0039.vnnlib,.006188148,error_exit_code_1,4.371339141
tinyimagenet_2024,/home/elipregerson/nnenum/vnncomp2025_benchmarks/benchmarks/tinyimagenet_2024/onnx/TinyImageNet_resnet_medium.onnx,/home/elipregerson/nnenum/vnncomp2025_benchmarks/benchmarks/tinyimagenet_2024/vnnlib/TinyImageNet_resnet_medium_prop_idx_6679_sidx_8279_eps_0.0039.vnnlib,.006185539,error_exit_code_1,4.377680160
tinyimagenet_2024,/home/elipregerson/nnenum/vnncomp2025_benchmarks/benchmarks/tinyimagenet_2024/onnx/TinyImageNet_resnet_medium.onnx,/home/elipregerson/nnenum/vnncomp2025_benchmarks/benchmarks/tinyimagenet_2024/vnnlib/TinyImageNet_resnet_medium_prop_idx_7762_sidx_3616_eps_0.0039.vnnlib,.006254603,error_exit_code_1,4.367496318
tinyimagenet_2024,/home/elipregerson/nnenum/vnncomp2025_benchmarks/benchmarks/tinyimagenet_2024/onnx/TinyImageNet_resnet_medium.onnx,/home/elipregerson/nnenum/vnncomp2025_benchmarks/benchmarks/tinyimagenet_2024/vnnlib/TinyImageNet_resnet_medium_prop_idx_7538_sidx_5076_eps_0.0039.vnnlib,.006308180,error_exit_code_1,4.377771813
tinyimagenet_2024,/home/elipregerson/nnenum/vnncomp2025_benchmarks/benchmarks/tinyimagenet_2024/onnx/TinyImageNet_resnet_medium.onnx,/home/elipregerson/nnenum/vnncomp2025_benchmarks/benchmarks/tinyimagenet_2024/vnnlib/TinyImageNet_resnet_medium_prop_idx_4513_sidx_5588_eps_0.0039.vnnlib,.006215851,error_exit_code_1,4.384990077
tinyimagenet_2024,/home/elipregerson/nnenum/vnncomp2025_benchmarks/benchmarks/tinyimagenet_2024/onnx/TinyImageNet_resnet_medium.onnx,/home/elipregerson/nnenum/vnncomp2025_benchmarks/benchmarks/tinyimagenet_2024/vnnlib/TinyImageNet_resnet_medium_prop_idx_3110_sidx_1017_eps_0.0039.vnnlib,.006247605,error_exit_code_1,4.363135974
tinyimagenet_2024,/home/elipregerson/nnenum/vnncomp2025_benchmarks/benchmarks/tinyimagenet_2024/onnx/TinyImageNet_resnet_medium.onnx,/home/elipregerson/nnenum/vnncomp2025_benchmarks/benchmarks/tinyimagenet_2024/vnnlib/TinyImageNet_resnet_medium_prop_idx_6863_sidx_8059_eps_0.0039.vnnlib,.006230120,error_exit_code_1,4.385454332
tinyimagenet_2024,/home/elipregerson/nnenum/vnncomp2025_benchmarks/benchmarks/tinyimagenet_2024/onnx/TinyImageNet_resnet_medium.onnx,/home/elipregerson/nnenum/vnncomp2025_benchmarks/benchmarks/tinyimagenet_2024/vnnlib/TinyImageNet_resnet_medium_prop_idx_3553_sidx_3392_eps_0.0039.vnnlib,.005974097,error_exit_code_1,4.332152480
tinyimagenet_2024,/home/elipregerson/nnenum/vnncomp2025_benchmarks/benchmarks/tinyimagenet_2024/onnx/TinyImageNet_resnet_medium.onnx,/home/elipregerson/nnenum/vnncomp2025_benchmarks/benchmarks/tinyimagenet_2024/vnnlib/TinyImageNet_resnet_medium_prop_idx_5232_sidx_8001_eps_0.0039.vnnlib,.006203091,error_exit_code_1,4.334680571
tinyimagenet_2024,/home/elipregerson/nnenum/vnncomp2025_benchmarks/benchmarks/tinyimagenet_2024/onnx/TinyImageNet_resnet_medium.onnx,/home/elipregerson/nnenum/vnncomp2025_benchmarks/benchmarks/tinyimagenet_2024/vnnlib/TinyImageNet_resnet_medium_prop_idx_9840_sidx_3444_eps_0.0039.vnnlib,.006221307,error_exit_code_1,4.360612337
tinyimagenet_2024,/home/elipregerson/nnenum/vnncomp2025_benchmarks/benchmarks/tinyimagenet_2024/onnx/TinyImageNet_resnet_medium.onnx,/home/elipregerson/nnenum/vnncomp2025_benchmarks/benchmarks/tinyimagenet_2024/vnnlib/TinyImageNet_resnet_medium_prop_idx_8887_sidx_8800_eps_0.0039.vnnlib,.006079523,error_exit_code_1,4.358656588
tinyimagenet_2024,/home/elipregerson/nnenum/vnncomp2025_benchmarks/benchmarks/tinyimagenet_2024/onnx/TinyImageNet_resnet_medium.onnx,/home/elipregerson/nnenum/vnncomp2025_benchmarks/benchmarks/tinyimagenet_2024/vnnlib/TinyImageNet_resnet_medium_prop_idx_4260_sidx_5004_eps_0.0039.vnnlib,.006175984,error_exit_code_1,4.390113409
tinyimagenet_2024,/home/elipregerson/nnenum/vnncomp2025_benchmarks/benchmarks/tinyimagenet_2024/onnx/TinyImageNet_resnet_medium.onnx,/home/elipregerson/nnenum/vnncomp2025_benchmarks/benchmarks/tinyimagenet_2024/vnnlib/TinyImageNet_resnet_medium_prop_idx_3416_sidx_7951_eps_0.0039.vnnlib,.006176707,error_exit_code_1,4.348124438
tinyimagenet_2024,/home/elipregerson/nnenum/vnncomp2025_benchmarks/benchmarks/tinyimagenet_2024/onnx/TinyImageNet_resnet_medium.onnx,/home/elipregerson/nnenum/vnncomp2025_benchmarks/benchmarks/tinyimagenet_2024/vnnlib/TinyImageNet_resnet_medium_prop_idx_3098_sidx_9528_eps_0.0039.vnnlib,.006163902,error_exit_code_1,4.370177143
tinyimagenet_2024,/home/elipregerson/nnenum/vnncomp2025_benchmarks/benchmarks/tinyimagenet_2024/onnx/TinyImageNet_resnet_medium.onnx,/home/elipregerson/nnenum/vnncomp2025_benchmarks/benchmarks/tinyimagenet_2024/vnnlib/TinyImageNet_resnet_medium_prop_idx_9271_sidx_575_eps_0.0039.vnnlib,.006673550,error_exit_code_1,4.436142556
tinyimagenet_2024,/home/elipregerson/nnenum/vnncomp2025_benchmarks/benchmarks/tinyimagenet_2024/onnx/TinyImageNet_resnet_medium.onnx,/home/elipregerson/nnenum/vnncomp2025_benchmarks/benchmarks/tinyimagenet_2024/vnnlib/TinyImageNet_resnet_medium_prop_idx_4330_sidx_3504_eps_0.0039.vnnlib,.006106409,error_exit_code_1,4.389378032
tinyimagenet_2024,/home/elipregerson/nnenum/vnncomp2025_benchmarks/benchmarks/tinyimagenet_2024/onnx/TinyImageNet_resnet_medium.onnx,/home/elipregerson/nnenum/vnncomp2025_benchmarks/benchmarks/tinyimagenet_2024/vnnlib/TinyImageNet_resnet_medium_prop_idx_9215_sidx_4878_eps_0.0039.vnnlib,.006261256,error_exit_code_1,4.365199715
tinyimagenet_2024,/home/elipregerson/nnenum/vnncomp2025_benchmarks/benchmarks/tinyimagenet_2024/onnx/TinyImageNet_resnet_medium.onnx,/home/elipregerson/nnenum/vnncomp2025_benchmarks/benchmarks/tinyimagenet_2024/vnnlib/TinyImageNet_resnet_medium_prop_idx_2493_sidx_4209_eps_0.0039.vnnlib,.006104492,error_exit_code_1,4.352483525
tinyimagenet_2024,/home/elipregerson/nnenum/vnncomp2025_benchmarks/benchmarks/tinyimagenet_2024/onnx/TinyImageNet_resnet_medium.onnx,/home/elipregerson/nnenum/vnncomp2025_benchmarks/benchmarks/tinyimagenet_2024/vnnlib/TinyImageNet_resnet_medium_prop_idx_5701_sidx_7560_eps_0.0039.vnnlib,.006337135,error_exit_code_1,4.346843763
tinyimagenet_2024,/home/elipregerson/nnenum/vnncomp2025_benchmarks/benchmarks/tinyimagenet_2024/onnx/TinyImageNet_resnet_medium.onnx,/home/elipregerson/nnenum/vnncomp2025_benchmarks/benchmarks/tinyimagenet_2024/vnnlib/TinyImageNet_resnet_medium_prop_idx_6773_sidx_7001_eps_0.0039.vnnlib,.006150839,error_exit_code_1,4.379937616
tinyimagenet_2024,/home/elipregerson/nnenum/vnncomp2025_benchmarks/benchmarks/tinyimagenet_2024/onnx/TinyImageNet_resnet_medium.onnx,/home/elipregerson/nnenum/vnncomp2025_benchmarks/benchmarks/tinyimagenet_2024/vnnlib/TinyImageNet_resnet_medium_prop_idx_670_sidx_7171_eps_0.0039.vnnlib,.006316917,error_exit_code_1,4.382302044
tinyimagenet_2024,/home/elipregerson/nnenum/vnncomp2025_benchmarks/benchmarks/tinyimagenet_2024/onnx/TinyImageNet_resnet_medium.onnx,/home/elipregerson/nnenum/vnncomp2025_benchmarks/benchmarks/tinyimagenet_2024/vnnlib/TinyImageNet_resnet_medium_prop_idx_9419_sidx_9984_eps_0.0039.vnnlib,.006306326,error_exit_code_1,4.372514054
tinyimagenet_2024,/home/elipregerson/nnenum/vnncomp2025_benchmarks/benchmarks/tinyimagenet_2024/onnx/TinyImageNet_resnet_medium.onnx,/home/elipregerson/nnenum/vnncomp2025_benchmarks/benchmarks/tinyimagenet_2024/vnnlib/TinyImageNet_resnet_medium_prop_idx_5442_sidx_6087_eps_0.0039.vnnlib,.006123129,error_exit_code_1,4.373873846
tinyimagenet_2024,/home/elipregerson/nnenum/vnncomp2025_benchmarks/benchmarks/tinyimagenet_2024/onnx/TinyImageNet_resnet_medium.onnx,/home/elipregerson/nnenum/vnncomp2025_benchmarks/benchmarks/tinyimagenet_2024/vnnlib/TinyImageNet_resnet_medium_prop_idx_9825_sidx_6883_eps_0.0039.vnnlib,.006210639,error_exit_code_1,4.418321156
tinyimagenet_2024,/home/elipregerson/nnenum/vnncomp2025_benchmarks/benchmarks/tinyimagenet_2024/onnx/TinyImageNet_resnet_medium.onnx,/home/elipregerson/nnenum/vnncomp2025_benchmarks/benchmarks/tinyimagenet_2024/vnnlib/TinyImageNet_resnet_medium_prop_idx_5676_sidx_9851_eps_0.0039.vnnlib,.006204866,error_exit_code_1,4.365838074
tinyimagenet_2024,/home/elipregerson/nnenum/vnncomp2025_benchmarks/benchmarks/tinyimagenet_2024/onnx/TinyImageNet_resnet_medium.onnx,/home/elipregerson/nnenum/vnncomp2025_benchmarks/benchmarks/tinyimagenet_2024/vnnlib/TinyImageNet_resnet_medium_prop_idx_3452_sidx_862_eps_0.0039.vnnlib,.006218355,error_exit_code_1,4.381450723
tinyimagenet_2024,/home/elipregerson/nnenum/vnncomp2025_benchmarks/benchmarks/tinyimagenet_2024/onnx/TinyImageNet_resnet_medium.onnx,/home/elipregerson/nnenum/vnncomp2025_benchmarks/benchmarks/tinyimagenet_2024/vnnlib/TinyImageNet_resnet_medium_prop_idx_1142_sidx_9106_eps_0.0039.vnnlib,.008028842,error_exit_code_1,4.402283432
tinyimagenet_2024,/home/elipregerson/nnenum/vnncomp2025_benchmarks/benchmarks/tinyimagenet_2024/onnx/TinyImageNet_resnet_medium.onnx,/home/elipregerson/nnenum/vnncomp2025_benchmarks/benchmarks/tinyimagenet_2024/vnnlib/TinyImageNet_resnet_medium_prop_idx_526_sidx_7843_eps_0.0039.vnnlib,.006217749,error_exit_code_1,4.363711432
tinyimagenet_2024,/home/elipregerson/nnenum/vnncomp2025_benchmarks/benchmarks/tinyimagenet_2024/onnx/TinyImageNet_resnet_medium.onnx,/home/elipregerson/nnenum/vnncomp2025_benchmarks/benchmarks/tinyimagenet_2024/vnnlib/TinyImageNet_resnet_medium_prop_idx_2310_sidx_1923_eps_0.0039.vnnlib,.006245741,error_exit_code_1,4.335995590
tinyimagenet_2024,/home/elipregerson/nnenum/vnncomp2025_benchmarks/benchmarks/tinyimagenet_2024/onnx/TinyImageNet_resnet_medium.onnx,/home/elipregerson/nnenum/vnncomp2025_benchmarks/benchmarks/tinyimagenet_2024/vnnlib/TinyImageNet_resnet_medium_prop_idx_9586_sidx_1970_eps_0.0039.vnnlib,.006125752,error_exit_code_1,4.364172928
tinyimagenet_2024,/home/elipregerson/nnenum/vnncomp2025_benchmarks/benchmarks/tinyimagenet_2024/onnx/TinyImageNet_resnet_medium.onnx,/home/elipregerson/nnenum/vnncomp2025_benchmarks/benchmarks/tinyimagenet_2024/vnnlib/TinyImageNet_resnet_medium_prop_idx_1759_sidx_3135_eps_0.0039.vnnlib,.006272973,error_exit_code_1,4.367283294
tinyimagenet_2024,/home/elipregerson/nnenum/vnncomp2025_benchmarks/benchmarks/tinyimagenet_2024/onnx/TinyImageNet_resnet_medium.onnx,/home/elipregerson/nnenum/vnncomp2025_benchmarks/benchmarks/tinyimagenet_2024/vnnlib/TinyImageNet_resnet_medium_prop_idx_974_sidx_2976_eps_0.0039.vnnlib,.006228405,error_exit_code_1,4.389562978
tinyimagenet_2024,/home/elipregerson/nnenum/vnncomp2025_benchmarks/benchmarks/tinyimagenet_2024/onnx/TinyImageNet_resnet_medium.onnx,/home/elipregerson/nnenum/vnncomp2025_benchmarks/benchmarks/tinyimagenet_2024/vnnlib/TinyImageNet_resnet_medium_prop_idx_3891_sidx_62_eps_0.0039.vnnlib,.006286026,error_exit_code_1,4.349012343
tinyimagenet_2024,/home/elipregerson/nnenum/vnncomp2025_benchmarks/benchmarks/tinyimagenet_2024/onnx/TinyImageNet_resnet_medium.onnx,/home/elipregerson/nnenum/vnncomp2025_benchmarks/benchmarks/tinyimagenet_2024/vnnlib/TinyImageNet_resnet_medium_prop_idx_5185_sidx_142_eps_0.0039.vnnlib,.006088863,error_exit_code_1,4.366387501
tinyimagenet_2024,/home/elipregerson/nnenum/vnncomp2025_benchmarks/benchmarks/tinyimagenet_2024/onnx/TinyImageNet_resnet_medium.onnx,/home/elipregerson/nnenum/vnncomp2025_benchmarks/benchmarks/tinyimagenet_2024/vnnlib/TinyImageNet_resnet_medium_prop_idx_6996_sidx_1363_eps_0.0039.vnnlib,.006283347,error_exit_code_1,4.367541737
tinyimagenet_2024,/home/elipregerson/nnenum/vnncomp2025_benchmarks/benchmarks/tinyimagenet_2024/onnx/TinyImageNet_resnet_medium.onnx,/home/elipregerson/nnenum/vnncomp2025_benchmarks/benchmarks/tinyimagenet_2024/vnnlib/TinyImageNet_resnet_medium_prop_idx_1821_sidx_9700_eps_0.0039.vnnlib,.006473652,error_exit_code_1,4.379920688
tinyimagenet_2024,/home/elipregerson/nnenum/vnncomp2025_benchmarks/benchmarks/tinyimagenet_2024/onnx/TinyImageNet_resnet_medium.onnx,/home/elipregerson/nnenum/vnncomp2025_benchmarks/benchmarks/tinyimagenet_2024/vnnlib/TinyImageNet_resnet_medium_prop_idx_4709_sidx_8110_eps_0.0039.vnnlib,.006249449,error_exit_code_1,4.363428009
tinyimagenet_2024,/home/elipregerson/nnenum/vnncomp2025_benchmarks/benchmarks/tinyimagenet_2024/onnx/TinyImageNet_resnet_medium.onnx,/home/elipregerson/nnenum/vnncomp2025_benchmarks/benchmarks/tinyimagenet_2024/vnnlib/TinyImageNet_resnet_medium_prop_idx_8444_sidx_2478_eps_0.0039.vnnlib,.006249516,error_exit_code_1,4.428695127
tinyimagenet_2024,/home/elipregerson/nnenum/vnncomp2025_benchmarks/benchmarks/tinyimagenet_2024/onnx/TinyImageNet_resnet_medium.onnx,/home/elipregerson/nnenum/vnncomp2025_benchmarks/benchmarks/tinyimagenet_2024/vnnlib/TinyImageNet_resnet_medium_prop_idx_5451_sidx_5891_eps_0.0039.vnnlib,.006255587,error_exit_code_1,4.383467167
tinyimagenet_2024,/home/elipregerson/nnenum/vnncomp2025_benchmarks/benchmarks/tinyimagenet_2024/onnx/TinyImageNet_resnet_medium.onnx,/home/elipregerson/nnenum/vnncomp2025_benchmarks/benchmarks/tinyimagenet_2024/vnnlib/TinyImageNet_resnet_medium_prop_idx_5382_sidx_4518_eps_0.0039.vnnlib,.006255115,error_exit_code_1,4.380677632
tinyimagenet_2024,/home/elipregerson/nnenum/vnncomp2025_benchmarks/benchmarks/tinyimagenet_2024/onnx/TinyImageNet_resnet_medium.onnx,/home/elipregerson/nnenum/vnncomp2025_benchmarks/benchmarks/tinyimagenet_2024/vnnlib/TinyImageNet_resnet_medium_prop_idx_3139_sidx_2973_eps_0.0039.vnnlib,.006058029,error_exit_code_1,4.365744352
tinyimagenet_2024,/home/elipregerson/nnenum/vnncomp2025_benchmarks/benchmarks/tinyimagenet_2024/onnx/TinyImageNet_resnet_medium.onnx,/home/elipregerson/nnenum/vnncomp2025_benchmarks/benchmarks/tinyimagenet_2024/vnnlib/TinyImageNet_resnet_medium_prop_idx_8101_sidx_2821_eps_0.0039.vnnlib,.006059902,error_exit_code_1,4.365025560
tinyimagenet_2024,/home/elipregerson/nnenum/vnncomp2025_benchmarks/benchmarks/tinyimagenet_2024/onnx/TinyImageNet_resnet_medium.onnx,/home/elipregerson/nnenum/vnncomp2025_benchmarks/benchmarks/tinyimagenet_2024/vnnlib/TinyImageNet_resnet_medium_prop_idx_1806_sidx_3542_eps_0.0039.vnnlib,.006116145,error_exit_code_1,4.431633994
tinyimagenet_2024,/home/elipregerson/nnenum/vnncomp2025_benchmarks/benchmarks/tinyimagenet_2024/onnx/TinyImageNet_resnet_medium.onnx,/home/elipregerson/nnenum/vnncomp2025_benchmarks/benchmarks/tinyimagenet_2024/vnnlib/TinyImageNet_resnet_medium_prop_idx_233_sidx_127_eps_0.0039.vnnlib,.006415861,error_exit_code_1,4.361654209
tinyimagenet_2024,/home/elipregerson/nnenum/vnncomp2025_benchmarks/benchmarks/tinyimagenet_2024/onnx/TinyImageNet_resnet_medium.onnx,/home/elipregerson/nnenum/vnncomp2025_benchmarks/benchmarks/tinyimagenet_2024/vnnlib/TinyImageNet_resnet_medium_prop_idx_8176_sidx_2705_eps_0.0039.vnnlib,.006164997,error_exit_code_1,4.388993751
tinyimagenet_2024,/home/elipregerson/nnenum/vnncomp2025_benchmarks/benchmarks/tinyimagenet_2024/onnx/TinyImageNet_resnet_medium.onnx,/home/elipregerson/nnenum/vnncomp2025_benchmarks/benchmarks/tinyimagenet_2024/vnnlib/TinyImageNet_resnet_medium_prop_idx_6311_sidx_8892_eps_0.0039.vnnlib,.006160179,error_exit_code_1,4.385448173
tinyimagenet_2024,/home/elipregerson/nnenum/vnncomp2025_benchmarks/benchmarks/tinyimagenet_2024/onnx/TinyImageNet_resnet_medium.onnx,/home/elipregerson/nnenum/vnncomp2025_benchmarks/benchmarks/tinyimagenet_2024/vnnlib/TinyImageNet_resnet_medium_prop_idx_5443_sidx_7316_eps_0.0039.vnnlib,.006164350,error_exit_code_1,4.364647536
tinyimagenet_2024,/home/elipregerson/nnenum/vnncomp2025_benchmarks/benchmarks/tinyimagenet_2024/onnx/TinyImageNet_resnet_medium.onnx,/home/elipregerson/nnenum/vnncomp2025_benchmarks/benchmarks/tinyimagenet_2024/vnnlib/TinyImageNet_resnet_medium_prop_idx_8173_sidx_1641_eps_0.0039.vnnlib,.006047088,error_exit_code_1,4.369366167
tinyimagenet_2024,/home/elipregerson/nnenum/vnncomp2025_benchmarks/benchmarks/tinyimagenet_2024/onnx/TinyImageNet_resnet_medium.onnx,/home/elipregerson/nnenum/vnncomp2025_benchmarks/benchmarks/tinyimagenet_2024/vnnlib/TinyImageNet_resnet_medium_prop_idx_2594_sidx_7029_eps_0.0039.vnnlib,.006107098,error_exit_code_1,4.368930455
tinyimagenet_2024,/home/elipregerson/nnenum/vnncomp2025_benchmarks/benchmarks/tinyimagenet_2024/onnx/TinyImageNet_resnet_medium.onnx,/home/elipregerson/nnenum/vnncomp2025_benchmarks/benchmarks/tinyimagenet_2024/vnnlib/TinyImageNet_resnet_medium_prop_idx_7231_sidx_415_eps_0.0039.vnnlib,.006100714,error_exit_code_1,4.373004176
tinyimagenet_2024,/home/elipregerson/nnenum/vnncomp2025_benchmarks/benchmarks/tinyimagenet_2024/onnx/TinyImageNet_resnet_medium.onnx,/home/elipregerson/nnenum/vnncomp2025_benchmarks/benchmarks/tinyimagenet_2024/vnnlib/TinyImageNet_resnet_medium_prop_idx_1435_sidx_655_eps_0.0039.vnnlib,.006405865,error_exit_code_1,4.405311562
tinyimagenet_2024,/home/elipregerson/nnenum/vnncomp2025_benchmarks/benchmarks/tinyimagenet_2024/onnx/TinyImageNet_resnet_medium.onnx,/home/elipregerson/nnenum/vnncomp2025_benchmarks/benchmarks/tinyimagenet_2024/vnnlib/TinyImageNet_resnet_medium_prop_idx_8005_sidx_2582_eps_0.0039.vnnlib,.006305460,error_exit_code_1,4.379780354
tinyimagenet_2024,/home/elipregerson/nnenum/vnncomp2025_benchmarks/benchmarks/tinyimagenet_2024/onnx/TinyImageNet_resnet_medium.onnx,/home/elipregerson/nnenum/vnncomp2025_benchmarks/benchmarks/tinyimagenet_2024/vnnlib/TinyImageNet_resnet_medium_prop_idx_4057_sidx_8514_eps_0.0039.vnnlib,.006323510,error_exit_code_1,4.360707905
tinyimagenet_2024,/home/elipregerson/nnenum/vnncomp2025_benchmarks/benchmarks/tinyimagenet_2024/onnx/TinyImageNet_resnet_medium.onnx,/home/elipregerson/nnenum/vnncomp2025_benchmarks/benchmarks/tinyimagenet_2024/vnnlib/TinyImageNet_resnet_medium_prop_idx_8288_sidx_307_eps_0.0039.vnnlib,.006239080,error_exit_code_1,4.394974510
tinyimagenet_2024,/home/elipregerson/nnenum/vnncomp2025_benchmarks/benchmarks/tinyimagenet_2024/onnx/TinyImageNet_resnet_medium.onnx,/home/elipregerson/nnenum/vnncomp2025_benchmarks/benchmarks/tinyimagenet_2024/vnnlib/TinyImageNet_resnet_medium_prop_idx_6362_sidx_7345_eps_0.0039.vnnlib,.006126759,error_exit_code_1,4.377641957
tinyimagenet_2024,/home/elipregerson/nnenum/vnncomp2025_benchmarks/benchmarks/tinyimagenet_2024/onnx/TinyImageNet_resnet_medium.onnx,/home/elipregerson/nnenum/vnncomp2025_benchmarks/benchmarks/tinyimagenet_2024/vnnlib/TinyImageNet_resnet_medium_prop_idx_6700_sidx_2455_eps_0.0039.vnnlib,.006204570,error_exit_code_1,4.449492460
tinyimagenet_2024,/home/elipregerson/nnenum/vnncomp2025_benchmarks/benchmarks/tinyimagenet_2024/onnx/TinyImageNet_resnet_medium.onnx,/home/elipregerson/nnenum/vnncomp2025_benchmarks/benchmarks/tinyimagenet_2024/vnnlib/TinyImageNet_resnet_medium_prop_idx_3054_sidx_7502_eps_0.0039.vnnlib,.006115191,error_exit_code_1,4.326944333
tinyimagenet_2024,/home/elipregerson/nnenum/vnncomp2025_benchmarks/benchmarks/tinyimagenet_2024/onnx/TinyImageNet_resnet_medium.onnx,/home/elipregerson/nnenum/vnncomp2025_benchmarks/benchmarks/tinyimagenet_2024/vnnlib/TinyImageNet_resnet_medium_prop_idx_5922_sidx_1989_eps_0.0039.vnnlib,.006208012,error_exit_code_1,4.343428533
tinyimagenet_2024,/home/elipregerson/nnenum/vnncomp2025_benchmarks/benchmarks/tinyimagenet_2024/onnx/TinyImageNet_resnet_medium.onnx,/home/elipregerson/nnenum/vnncomp2025_benchmarks/benchmarks/tinyimagenet_2024/vnnlib/TinyImageNet_resnet_medium_prop_idx_9330_sidx_2275_eps_0.0039.vnnlib,.006354651,error_exit_code_1,4.349670677
tinyimagenet_2024,/home/elipregerson/nnenum/vnncomp2025_benchmarks/benchmarks/tinyimagenet_2024/onnx/TinyImageNet_resnet_medium.onnx,/home/elipregerson/nnenum/vnncomp2025_benchmarks/benchmarks/tinyimagenet_2024/vnnlib/TinyImageNet_resnet_medium_prop_idx_723_sidx_7730_eps_0.0039.vnnlib,.006068660,error_exit_code_1,4.387689336
tinyimagenet_2024,/home/elipregerson/nnenum/vnncomp2025_benchmarks/benchmarks/tinyimagenet_2024/onnx/TinyImageNet_resnet_medium.onnx,/home/elipregerson/nnenum/vnncomp2025_benchmarks/benchmarks/tinyimagenet_2024/vnnlib/TinyImageNet_resnet_medium_prop_idx_2647_sidx_2518_eps_0.0039.vnnlib,.006165139,error_exit_code_1,4.416023502
tinyimagenet_2024,/home/elipregerson/nnenum/vnncomp2025_benchmarks/benchmarks/tinyimagenet_2024/onnx/TinyImageNet_resnet_medium.onnx,/home/elipregerson/nnenum/vnncomp2025_benchmarks/benchmarks/tinyimagenet_2024/vnnlib/TinyImageNet_resnet_medium_prop_idx_3015_sidx_2719_eps_0.0039.vnnlib,.006215389,error_exit_code_1,4.357549485
tinyimagenet_2024,/home/elipregerson/nnenum/vnncomp2025_benchmarks/benchmarks/tinyimagenet_2024/onnx/TinyImageNet_resnet_medium.onnx,/home/elipregerson/nnenum/vnncomp2025_benchmarks/benchmarks/tinyimagenet_2024/vnnlib/TinyImageNet_resnet_medium_prop_idx_6564_sidx_5832_eps_0.0039.vnnlib,.006259195,error_exit_code_1,4.397377105
tinyimagenet_2024,/home/elipregerson/nnenum/vnncomp2025_benchmarks/benchmarks/tinyimagenet_2024/onnx/TinyImageNet_resnet_medium.onnx,/home/elipregerson/nnenum/vnncomp2025_benchmarks/benchmarks/tinyimagenet_2024/vnnlib/TinyImageNet_resnet_medium_prop_idx_9458_sidx_2592_eps_0.0039.vnnlib,.006179238,error_exit_code_1,4.386332680
tinyimagenet_2024,/home/elipregerson/nnenum/vnncomp2025_benchmarks/benchmarks/test/onnx/test_nano.onnx,/home/elipregerson/nnenum/vnncomp2025_benchmarks/benchmarks/test/vnnlib/test_nano.vnnlib,.006176985,error_exit_code_1,.518894360
tllverifybench_2023,/home/elipregerson/nnenum/vnncomp2025_benchmarks/benchmarks/tllverifybench_2023/onnx/tllBench_n=2_N=M=8_m=1_instance_0_0.onnx,/home/elipregerson/nnenum/vnncomp2025_benchmarks/benchmarks/tllverifybench_2023/vnnlib/property_N=8_0.vnnlib,.006032415,error_exit_code_1,.525458015
tllverifybench_2023,/home/elipregerson/nnenum/vnncomp2025_benchmarks/benchmarks/tllverifybench_2023/onnx/tllBench_n=2_N=M=8_m=1_instance_0_1.onnx,/home/elipregerson/nnenum/vnncomp2025_benchmarks/benchmarks/tllverifybench_2023/vnnlib/property_N=8_1.vnnlib,.006330740,error_exit_code_1,.535936852
tllverifybench_2023,/home/elipregerson/nnenum/vnncomp2025_benchmarks/benchmarks/tllverifybench_2023/onnx/tllBench_n=2_N=M=8_m=1_instance_0_2.onnx,/home/elipregerson/nnenum/vnncomp2025_benchmarks/benchmarks/tllverifybench_2023/vnnlib/property_N=8_2.vnnlib,.006108461,error_exit_code_1,.519912047
tllverifybench_2023,/home/elipregerson/nnenum/vnncomp2025_benchmarks/benchmarks/tllverifybench_2023/onnx/tllBench_n=2_N=M=8_m=1_instance_0_3.onnx,/home/elipregerson/nnenum/vnncomp2025_benchmarks/benchmarks/tllverifybench_2023/vnnlib/property_N=8_3.vnnlib,.006169552,error_exit_code_1,.522204977
tllverifybench_2023,/home/elipregerson/nnenum/vnncomp2025_benchmarks/benchmarks/tllverifybench_2023/onnx/tllBench_n=2_N=M=16_m=1_instance_1_0.onnx,/home/elipregerson/nnenum/vnncomp2025_benchmarks/benchmarks/tllverifybench_2023/vnnlib/property_N=16_0.vnnlib,.005987165,error_exit_code_1,.521283719
tllverifybench_2023,/home/elipregerson/nnenum/vnncomp2025_benchmarks/benchmarks/tllverifybench_2023/onnx/tllBench_n=2_N=M=16_m=1_instance_1_1.onnx,/home/elipregerson/nnenum/vnncomp2025_benchmarks/benchmarks/tllverifybench_2023/vnnlib/property_N=16_1.vnnlib,.006130016,error_exit_code_1,.522263295
tllverifybench_2023,/home/elipregerson/nnenum/vnncomp2025_benchmarks/benchmarks/tllverifybench_2023/onnx/tllBench_n=2_N=M=16_m=1_instance_1_2.onnx,/home/elipregerson/nnenum/vnncomp2025_benchmarks/benchmarks/tllverifybench_2023/vnnlib/property_N=16_2.vnnlib,.006011972,error_exit_code_1,.529848394
tllverifybench_2023,/home/elipregerson/nnenum/vnncomp2025_benchmarks/benchmarks/tllverifybench_2023/onnx/tllBench_n=2_N=M=16_m=1_instance_1_3.onnx,/home/elipregerson/nnenum/vnncomp2025_benchmarks/benchmarks/tllverifybench_2023/vnnlib/property_N=16_3.vnnlib,.006272185,error_exit_code_1,.528613387
tllverifybench_2023,/home/elipregerson/nnenum/vnncomp2025_benchmarks/benchmarks/tllverifybench_2023/onnx/tllBench_n=2_N=M=24_m=1_instance_2_0.onnx,/home/elipregerson/nnenum/vnncomp2025_benchmarks/benchmarks/tllverifybench_2023/vnnlib/property_N=24_0.vnnlib,.006382558,error_exit_code_1,.547612872
tllverifybench_2023,/home/elipregerson/nnenum/vnncomp2025_benchmarks/benchmarks/tllverifybench_2023/onnx/tllBench_n=2_N=M=24_m=1_instance_2_1.onnx,/home/elipregerson/nnenum/vnncomp2025_benchmarks/benchmarks/tllverifybench_2023/vnnlib/property_N=24_1.vnnlib,.006122409,error_exit_code_1,.537846131
tllverifybench_2023,/home/elipregerson/nnenum/vnncomp2025_benchmarks/benchmarks/tllverifybench_2023/onnx/tllBench_n=2_N=M=24_m=1_instance_2_2.onnx,/home/elipregerson/nnenum/vnncomp2025_benchmarks/benchmarks/tllverifybench_2023/vnnlib/property_N=24_2.vnnlib,.006268062,error_exit_code_1,.544291064
tllverifybench_2023,/home/elipregerson/nnenum/vnncomp2025_benchmarks/benchmarks/tllverifybench_2023/onnx/tllBench_n=2_N=M=24_m=1_instance_2_3.onnx,/home/elipregerson/nnenum/vnncomp2025_benchmarks/benchmarks/tllverifybench_2023/vnnlib/property_N=24_3.vnnlib,.006161102,error_exit_code_1,.558536564
tllverifybench_2023,/home/elipregerson/nnenum/vnncomp2025_benchmarks/benchmarks/tllverifybench_2023/onnx/tllBench_n=2_N=M=32_m=1_instance_3_0.onnx,/home/elipregerson/nnenum/vnncomp2025_benchmarks/benchmarks/tllverifybench_2023/vnnlib/property_N=32_0.vnnlib,.006283941,error_exit_code_1,.588395464
tllverifybench_2023,/home/elipregerson/nnenum/vnncomp2025_benchmarks/benchmarks/tllverifybench_2023/onnx/tllBench_n=2_N=M=32_m=1_instance_3_1.onnx,/home/elipregerson/nnenum/vnncomp2025_benchmarks/benchmarks/tllverifybench_2023/vnnlib/property_N=32_1.vnnlib,.006213118,error_exit_code_1,.594003094
tllverifybench_2023,/home/elipregerson/nnenum/vnncomp2025_benchmarks/benchmarks/tllverifybench_2023/onnx/tllBench_n=2_N=M=32_m=1_instance_3_2.onnx,/home/elipregerson/nnenum/vnncomp2025_benchmarks/benchmarks/tllverifybench_2023/vnnlib/property_N=32_2.vnnlib,.006279823,error_exit_code_1,.587139642
tllverifybench_2023,/home/elipregerson/nnenum/vnncomp2025_benchmarks/benchmarks/tllverifybench_2023/onnx/tllBench_n=2_N=M=32_m=1_instance_3_3.onnx,/home/elipregerson/nnenum/vnncomp2025_benchmarks/benchmarks/tllverifybench_2023/vnnlib/property_N=32_3.vnnlib,.006036452,error_exit_code_1,.588870507
tllverifybench_2023,/home/elipregerson/nnenum/vnncomp2025_benchmarks/benchmarks/tllverifybench_2023/onnx/tllBench_n=2_N=M=40_m=1_instance_4_0.onnx,/home/elipregerson/nnenum/vnncomp2025_benchmarks/benchmarks/tllverifybench_2023/vnnlib/property_N=40_0.vnnlib,.006321675,error_exit_code_1,.742576425
tllverifybench_2023,/home/elipregerson/nnenum/vnncomp2025_benchmarks/benchmarks/tllverifybench_2023/onnx/tllBench_n=2_N=M=40_m=1_instance_4_1.onnx,/home/elipregerson/nnenum/vnncomp2025_benchmarks/benchmarks/tllverifybench_2023/vnnlib/property_N=40_1.vnnlib,.006191527,error_exit_code_1,.736643323
tllverifybench_2023,/home/elipregerson/nnenum/vnncomp2025_benchmarks/benchmarks/tllverifybench_2023/onnx/tllBench_n=2_N=M=40_m=1_instance_4_2.onnx,/home/elipregerson/nnenum/vnncomp2025_benchmarks/benchmarks/tllverifybench_2023/vnnlib/property_N=40_2.vnnlib,.006262725,error_exit_code_1,.737730945
tllverifybench_2023,/home/elipregerson/nnenum/vnncomp2025_benchmarks/benchmarks/tllverifybench_2023/onnx/tllBench_n=2_N=M=40_m=1_instance_4_3.onnx,/home/elipregerson/nnenum/vnncomp2025_benchmarks/benchmarks/tllverifybench_2023/vnnlib/property_N=40_3.vnnlib,.006152501,error_exit_code_1,.718476299
tllverifybench_2023,/home/elipregerson/nnenum/vnncomp2025_benchmarks/benchmarks/tllverifybench_2023/onnx/tllBench_n=2_N=M=48_m=1_instance_5_0.onnx,/home/elipregerson/nnenum/vnncomp2025_benchmarks/benchmarks/tllverifybench_2023/vnnlib/property_N=48_0.vnnlib,.006304786,error_exit_code_1,.967548454
tllverifybench_2023,/home/elipregerson/nnenum/vnncomp2025_benchmarks/benchmarks/tllverifybench_2023/onnx/tllBench_n=2_N=M=48_m=1_instance_5_1.onnx,/home/elipregerson/nnenum/vnncomp2025_benchmarks/benchmarks/tllverifybench_2023/vnnlib/property_N=48_1.vnnlib,.006268571,error_exit_code_1,.969744356
tllverifybench_2023,/home/elipregerson/nnenum/vnncomp2025_benchmarks/benchmarks/tllverifybench_2023/onnx/tllBench_n=2_N=M=48_m=1_instance_5_2.onnx,/home/elipregerson/nnenum/vnncomp2025_benchmarks/benchmarks/tllverifybench_2023/vnnlib/property_N=48_2.vnnlib,.006102187,error_exit_code_1,.953216179
tllverifybench_2023,/home/elipregerson/nnenum/vnncomp2025_benchmarks/benchmarks/tllverifybench_2023/onnx/tllBench_n=2_N=M=48_m=1_instance_5_3.onnx,/home/elipregerson/nnenum/vnncomp2025_benchmarks/benchmarks/tllverifybench_2023/vnnlib/property_N=48_3.vnnlib,.006154630,error_exit_code_1,.961006641
tllverifybench_2023,/home/elipregerson/nnenum/vnncomp2025_benchmarks/benchmarks/tllverifybench_2023/onnx/tllBench_n=2_N=M=56_m=1_instance_6_0.onnx,/home/elipregerson/nnenum/vnncomp2025_benchmarks/benchmarks/tllverifybench_2023/vnnlib/property_N=56_0.vnnlib,.006144728,error_exit_code_1,1.330222081
tllverifybench_2023,/home/elipregerson/nnenum/vnncomp2025_benchmarks/benchmarks/tllverifybench_2023/onnx/tllBench_n=2_N=M=56_m=1_instance_6_1.onnx,/home/elipregerson/nnenum/vnncomp2025_benchmarks/benchmarks/tllverifybench_2023/vnnlib/property_N=56_1.vnnlib,.006202619,error_exit_code_1,1.341606846
tllverifybench_2023,/home/elipregerson/nnenum/vnncomp2025_benchmarks/benchmarks/tllverifybench_2023/onnx/tllBench_n=2_N=M=56_m=1_instance_6_2.onnx,/home/elipregerson/nnenum/vnncomp2025_benchmarks/benchmarks/tllverifybench_2023/vnnlib/property_N=56_2.vnnlib,.006237542,error_exit_code_1,1.338752548
tllverifybench_2023,/home/elipregerson/nnenum/vnncomp2025_benchmarks/benchmarks/tllverifybench_2023/onnx/tllBench_n=2_N=M=56_m=1_instance_6_3.onnx,/home/elipregerson/nnenum/vnncomp2025_benchmarks/benchmarks/tllverifybench_2023/vnnlib/property_N=56_3.vnnlib,.006256928,error_exit_code_1,1.317761767
tllverifybench_2023,/home/elipregerson/nnenum/vnncomp2025_benchmarks/benchmarks/tllverifybench_2023/onnx/tllBench_n=2_N=M=64_m=1_instance_7_0.onnx,/home/elipregerson/nnenum/vnncomp2025_benchmarks/benchmarks/tllverifybench_2023/vnnlib/property_N=64_0.vnnlib,.006299047,error_exit_code_1,1.960439538
tllverifybench_2023,/home/elipregerson/nnenum/vnncomp2025_benchmarks/benchmarks/tllverifybench_2023/onnx/tllBench_n=2_N=M=64_m=1_instance_7_1.onnx,/home/elipregerson/nnenum/vnncomp2025_benchmarks/benchmarks/tllverifybench_2023/vnnlib/property_N=64_1.vnnlib,.006295759,error_exit_code_1,1.993152131
tllverifybench_2023,/home/elipregerson/nnenum/vnncomp2025_benchmarks/benchmarks/tllverifybench_2023/onnx/tllBench_n=2_N=M=64_m=1_instance_7_2.onnx,/home/elipregerson/nnenum/vnncomp2025_benchmarks/benchmarks/tllverifybench_2023/vnnlib/property_N=64_2.vnnlib,.006154582,error_exit_code_1,1.995335931
tllverifybench_2023,/home/elipregerson/nnenum/vnncomp2025_benchmarks/benchmarks/tllverifybench_2023/onnx/tllBench_n=2_N=M=64_m=1_instance_7_3.onnx,/home/elipregerson/nnenum/vnncomp2025_benchmarks/benchmarks/tllverifybench_2023/vnnlib/property_N=64_3.vnnlib,.006209545,error_exit_code_1,1.996856180
tllverifybench_2023,/home/elipregerson/nnenum/vnncomp2025_benchmarks/benchmarks/test/onnx/test_nano.onnx,/home/elipregerson/nnenum/vnncomp2025_benchmarks/benchmarks/test/vnnlib/test_nano.vnnlib,.006263818,error_exit_code_1,.510371205
traffic_signs_recognition_2023,/home/elipregerson/nnenum/vnncomp2025_benchmarks/benchmarks/traffic_signs_recognition_2023/onnx/3_30_30_QConv_16_3_QConv_32_2_Dense_43_ep_30.onnx,/home/elipregerson/nnenum/vnncomp2025_benchmarks/benchmarks/traffic_signs_recognition_2023/vnnlib/model_30_idx_7573_eps_1.00000.vnnlib,.006077792,error_exit_code_1,.716904403
traffic_signs_recognition_2023,/home/elipregerson/nnenum/vnncomp2025_benchmarks/benchmarks/traffic_signs_recognition_2023/onnx/3_30_30_QConv_16_3_QConv_32_2_Dense_43_ep_30.onnx,/home/elipregerson/nnenum/vnncomp2025_benchmarks/benchmarks/traffic_signs_recognition_2023/vnnlib/model_30_idx_7573_eps_3.00000.vnnlib,.006090431,error_exit_code_1,.724551064
traffic_signs_recognition_2023,/home/elipregerson/nnenum/vnncomp2025_benchmarks/benchmarks/traffic_signs_recognition_2023/onnx/3_30_30_QConv_16_3_QConv_32_2_Dense_43_ep_30.onnx,/home/elipregerson/nnenum/vnncomp2025_benchmarks/benchmarks/traffic_signs_recognition_2023/vnnlib/model_30_idx_7573_eps_5.00000.vnnlib,.006301016,error_exit_code_1,.725236506
traffic_signs_recognition_2023,/home/elipregerson/nnenum/vnncomp2025_benchmarks/benchmarks/traffic_signs_recognition_2023/onnx/3_30_30_QConv_16_3_QConv_32_2_Dense_43_ep_30.onnx,/home/elipregerson/nnenum/vnncomp2025_benchmarks/benchmarks/traffic_signs_recognition_2023/vnnlib/model_30_idx_7573_eps_10.00000.vnnlib,.006162240,error_exit_code_1,.716937121
traffic_signs_recognition_2023,/home/elipregerson/nnenum/vnncomp2025_benchmarks/benchmarks/traffic_signs_recognition_2023/onnx/3_30_30_QConv_16_3_QConv_32_2_Dense_43_ep_30.onnx,/home/elipregerson/nnenum/vnncomp2025_benchmarks/benchmarks/traffic_signs_recognition_2023/vnnlib/model_30_idx_7573_eps_15.00000.vnnlib,.006160194,error_exit_code_1,.727794957
traffic_signs_recognition_2023,/home/elipregerson/nnenum/vnncomp2025_benchmarks/benchmarks/traffic_signs_recognition_2023/onnx/3_30_30_QConv_16_3_QConv_32_2_Dense_43_ep_30.onnx,/home/elipregerson/nnenum/vnncomp2025_benchmarks/benchmarks/traffic_signs_recognition_2023/vnnlib/model_30_idx_11379_eps_1.00000.vnnlib,.007282869,error_exit_code_1,.714200213
traffic_signs_recognition_2023,/home/elipregerson/nnenum/vnncomp2025_benchmarks/benchmarks/traffic_signs_recognition_2023/onnx/3_30_30_QConv_16_3_QConv_32_2_Dense_43_ep_30.onnx,/home/elipregerson/nnenum/vnncomp2025_benchmarks/benchmarks/traffic_signs_recognition_2023/vnnlib/model_30_idx_11379_eps_3.00000.vnnlib,.006110549,error_exit_code_1,.722208225
traffic_signs_recognition_2023,/home/elipregerson/nnenum/vnncomp2025_benchmarks/benchmarks/traffic_signs_recognition_2023/onnx/3_30_30_QConv_16_3_QConv_32_2_Dense_43_ep_30.onnx,/home/elipregerson/nnenum/vnncomp2025_benchmarks/benchmarks/traffic_signs_recognition_2023/vnnlib/model_30_idx_11379_eps_5.00000.vnnlib,.006240484,error_exit_code_1,.719512201
traffic_signs_recognition_2023,/home/elipregerson/nnenum/vnncomp2025_benchmarks/benchmarks/traffic_signs_recognition_2023/onnx/3_30_30_QConv_16_3_QConv_32_2_Dense_43_ep_30.onnx,/home/elipregerson/nnenum/vnncomp2025_benchmarks/benchmarks/traffic_signs_recognition_2023/vnnlib/model_30_idx_11379_eps_10.00000.vnnlib,.006350502,error_exit_code_1,.726908790
traffic_signs_recognition_2023,/home/elipregerson/nnenum/vnncomp2025_benchmarks/benchmarks/traffic_signs_recognition_2023/onnx/3_30_30_QConv_16_3_QConv_32_2_Dense_43_ep_30.onnx,/home/elipregerson/nnenum/vnncomp2025_benchmarks/benchmarks/traffic_signs_recognition_2023/vnnlib/model_30_idx_11379_eps_15.00000.vnnlib,.009985388,error_exit_code_1,.740623522
traffic_signs_recognition_2023,/home/elipregerson/nnenum/vnncomp2025_benchmarks/benchmarks/traffic_signs_recognition_2023/onnx/3_30_30_QConv_16_3_QConv_32_2_Dense_43_ep_30.onnx,/home/elipregerson/nnenum/vnncomp2025_benchmarks/benchmarks/traffic_signs_recognition_2023/vnnlib/model_30_idx_12375_eps_1.00000.vnnlib,.006245058,error_exit_code_1,.727605866
traffic_signs_recognition_2023,/home/elipregerson/nnenum/vnncomp2025_benchmarks/benchmarks/traffic_signs_recognition_2023/onnx/3_30_30_QConv_16_3_QConv_32_2_Dense_43_ep_30.onnx,/home/elipregerson/nnenum/vnncomp2025_benchmarks/benchmarks/traffic_signs_recognition_2023/vnnlib/model_30_idx_12375_eps_3.00000.vnnlib,.006150609,error_exit_code_1,.714207825
traffic_signs_recognition_2023,/home/elipregerson/nnenum/vnncomp2025_benchmarks/benchmarks/traffic_signs_recognition_2023/onnx/3_30_30_QConv_16_3_QConv_32_2_Dense_43_ep_30.onnx,/home/elipregerson/nnenum/vnncomp2025_benchmarks/benchmarks/traffic_signs_recognition_2023/vnnlib/model_30_idx_12375_eps_5.00000.vnnlib,.006100898,error_exit_code_1,.722606950
traffic_signs_recognition_2023,/home/elipregerson/nnenum/vnncomp2025_benchmarks/benchmarks/traffic_signs_recognition_2023/onnx/3_30_30_QConv_16_3_QConv_32_2_Dense_43_ep_30.onnx,/home/elipregerson/nnenum/vnncomp2025_benchmarks/benchmarks/traffic_signs_recognition_2023/vnnlib/model_30_idx_12375_eps_10.00000.vnnlib,.006412058,error_exit_code_1,.728617160
traffic_signs_recognition_2023,/home/elipregerson/nnenum/vnncomp2025_benchmarks/benchmarks/traffic_signs_recognition_2023/onnx/3_30_30_QConv_16_3_QConv_32_2_Dense_43_ep_30.onnx,/home/elipregerson/nnenum/vnncomp2025_benchmarks/benchmarks/traffic_signs_recognition_2023/vnnlib/model_30_idx_12375_eps_15.00000.vnnlib,.006226569,error_exit_code_1,.738914873
traffic_signs_recognition_2023,/home/elipregerson/nnenum/vnncomp2025_benchmarks/benchmarks/traffic_signs_recognition_2023/onnx/3_48_48_QConv_32_5_MP_2_BN_QConv_64_5_MP_2_BN_QConv_64_3_BN_Dense_256_BN_Dense_43_ep_30.onnx,/home/elipregerson/nnenum/vnncomp2025_benchmarks/benchmarks/traffic_signs_recognition_2023/vnnlib/model_48_idx_10645_eps_1.00000.vnnlib,.006238820,error_exit_code_1,1.039934873
traffic_signs_recognition_2023,/home/elipregerson/nnenum/vnncomp2025_benchmarks/benchmarks/traffic_signs_recognition_2023/onnx/3_48_48_QConv_32_5_MP_2_BN_QConv_64_5_MP_2_BN_QConv_64_3_BN_Dense_256_BN_Dense_43_ep_30.onnx,/home/elipregerson/nnenum/vnncomp2025_benchmarks/benchmarks/traffic_signs_recognition_2023/vnnlib/model_48_idx_10645_eps_3.00000.vnnlib,.006163986,error_exit_code_1,1.043635743
traffic_signs_recognition_2023,/home/elipregerson/nnenum/vnncomp2025_benchmarks/benchmarks/traffic_signs_recognition_2023/onnx/3_48_48_QConv_32_5_MP_2_BN_QConv_64_5_MP_2_BN_QConv_64_3_BN_Dense_256_BN_Dense_43_ep_30.onnx,/home/elipregerson/nnenum/vnncomp2025_benchmarks/benchmarks/traffic_signs_recognition_2023/vnnlib/model_48_idx_10645_eps_5.00000.vnnlib,.006235379,error_exit_code_1,1.018241883
traffic_signs_recognition_2023,/home/elipregerson/nnenum/vnncomp2025_benchmarks/benchmarks/traffic_signs_recognition_2023/onnx/3_48_48_QConv_32_5_MP_2_BN_QConv_64_5_MP_2_BN_QConv_64_3_BN_Dense_256_BN_Dense_43_ep_30.onnx,/home/elipregerson/nnenum/vnncomp2025_benchmarks/benchmarks/traffic_signs_recognition_2023/vnnlib/model_48_idx_10645_eps_10.00000.vnnlib,.006261740,error_exit_code_1,1.015971346
traffic_signs_recognition_2023,/home/elipregerson/nnenum/vnncomp2025_benchmarks/benchmarks/traffic_signs_recognition_2023/onnx/3_48_48_QConv_32_5_MP_2_BN_QConv_64_5_MP_2_BN_QConv_64_3_BN_Dense_256_BN_Dense_43_ep_30.onnx,/home/elipregerson/nnenum/vnncomp2025_benchmarks/benchmarks/traffic_signs_recognition_2023/vnnlib/model_48_idx_10645_eps_15.00000.vnnlib,.006195410,error_exit_code_1,1.021909946
traffic_signs_recognition_2023,/home/elipregerson/nnenum/vnncomp2025_benchmarks/benchmarks/traffic_signs_recognition_2023/onnx/3_48_48_QConv_32_5_MP_2_BN_QConv_64_5_MP_2_BN_QConv_64_3_BN_Dense_256_BN_Dense_43_ep_30.onnx,/home/elipregerson/nnenum/vnncomp2025_benchmarks/benchmarks/traffic_signs_recognition_2023/vnnlib/model_48_idx_10495_eps_1.00000.vnnlib,.006280467,error_exit_code_1,1.011493812
traffic_signs_recognition_2023,/home/elipregerson/nnenum/vnncomp2025_benchmarks/benchmarks/traffic_signs_recognition_2023/onnx/3_48_48_QConv_32_5_MP_2_BN_QConv_64_5_MP_2_BN_QConv_64_3_BN_Dense_256_BN_Dense_43_ep_30.onnx,/home/elipregerson/nnenum/vnncomp2025_benchmarks/benchmarks/traffic_signs_recognition_2023/vnnlib/model_48_idx_10495_eps_3.00000.vnnlib,.006140381,error_exit_code_1,1.033918476
traffic_signs_recognition_2023,/home/elipregerson/nnenum/vnncomp2025_benchmarks/benchmarks/traffic_signs_recognition_2023/onnx/3_48_48_QConv_32_5_MP_2_BN_QConv_64_5_MP_2_BN_QConv_64_3_BN_Dense_256_BN_Dense_43_ep_30.onnx,/home/elipregerson/nnenum/vnncomp2025_benchmarks/benchmarks/traffic_signs_recognition_2023/vnnlib/model_48_idx_10495_eps_5.00000.vnnlib,.006253715,error_exit_code_1,1.024071892
traffic_signs_recognition_2023,/home/elipregerson/nnenum/vnncomp2025_benchmarks/benchmarks/traffic_signs_recognition_2023/onnx/3_48_48_QConv_32_5_MP_2_BN_QConv_64_5_MP_2_BN_QConv_64_3_BN_Dense_256_BN_Dense_43_ep_30.onnx,/home/elipregerson/nnenum/vnncomp2025_benchmarks/benchmarks/traffic_signs_recognition_2023/vnnlib/model_48_idx_10495_eps_10.00000.vnnlib,.006144095,error_exit_code_1,1.027133848
traffic_signs_recognition_2023,/home/elipregerson/nnenum/vnncomp2025_benchmarks/benchmarks/traffic_signs_recognition_2023/onnx/3_48_48_QConv_32_5_MP_2_BN_QConv_64_5_MP_2_BN_QConv_64_3_BN_Dense_256_BN_Dense_43_ep_30.onnx,/home/elipregerson/nnenum/vnncomp2025_benchmarks/benchmarks/traffic_signs_recognition_2023/vnnlib/model_48_idx_10495_eps_15.00000.vnnlib,.006193521,error_exit_code_1,1.042055874
traffic_signs_recognition_2023,/home/elipregerson/nnenum/vnncomp2025_benchmarks/benchmarks/traffic_signs_recognition_2023/onnx/3_48_48_QConv_32_5_MP_2_BN_QConv_64_5_MP_2_BN_QConv_64_3_BN_Dense_256_BN_Dense_43_ep_30.onnx,/home/elipregerson/nnenum/vnncomp2025_benchmarks/benchmarks/traffic_signs_recognition_2023/vnnlib/model_48_idx_9022_eps_1.00000.vnnlib,.006235498,error_exit_code_1,1.029746348
traffic_signs_recognition_2023,/home/elipregerson/nnenum/vnncomp2025_benchmarks/benchmarks/traffic_signs_recognition_2023/onnx/3_48_48_QConv_32_5_MP_2_BN_QConv_64_5_MP_2_BN_QConv_64_3_BN_Dense_256_BN_Dense_43_ep_30.onnx,/home/elipregerson/nnenum/vnncomp2025_benchmarks/benchmarks/traffic_signs_recognition_2023/vnnlib/model_48_idx_9022_eps_3.00000.vnnlib,.006170253,error_exit_code_1,1.030540456
traffic_signs_recognition_2023,/home/elipregerson/nnenum/vnncomp2025_benchmarks/benchmarks/traffic_signs_recognition_2023/onnx/3_48_48_QConv_32_5_MP_2_BN_QConv_64_5_MP_2_BN_QConv_64_3_BN_Dense_256_BN_Dense_43_ep_30.onnx,/home/elipregerson/nnenum/vnncomp2025_benchmarks/benchmarks/traffic_signs_recognition_2023/vnnlib/model_48_idx_9022_eps_5.00000.vnnlib,.006189328,error_exit_code_1,1.046135395
traffic_signs_recognition_2023,/home/elipregerson/nnenum/vnncomp2025_benchmarks/benchmarks/traffic_signs_recognition_2023/onnx/3_48_48_QConv_32_5_MP_2_BN_QConv_64_5_MP_2_BN_QConv_64_3_BN_Dense_256_BN_Dense_43_ep_30.onnx,/home/elipregerson/nnenum/vnncomp2025_benchmarks/benchmarks/traffic_signs_recognition_2023/vnnlib/model_48_idx_9022_eps_10.00000.vnnlib,.006377186,error_exit_code_1,1.032989603
traffic_signs_recognition_2023,/home/elipregerson/nnenum/vnncomp2025_benchmarks/benchmarks/traffic_signs_recognition_2023/onnx/3_48_48_QConv_32_5_MP_2_BN_QConv_64_5_MP_2_BN_QConv_64_3_BN_Dense_256_BN_Dense_43_ep_30.onnx,/home/elipregerson/nnenum/vnncomp2025_benchmarks/benchmarks/traffic_signs_recognition_2023/vnnlib/model_48_idx_9022_eps_15.00000.vnnlib,.006859272,error_exit_code_1,1.028728868
traffic_signs_recognition_2023,/home/elipregerson/nnenum/vnncomp2025_benchmarks/benchmarks/traffic_signs_recognition_2023/onnx/3_64_64_QConv_32_5_MP_2_BN_QConv_64_5_MP_2_BN_QConv_64_3_MP_2_BN_Dense_1024_BN_Dense_43_ep_30.onnx,/home/elipregerson/nnenum/vnncomp2025_benchmarks/benchmarks/traffic_signs_recognition_2023/vnnlib/model_64_idx_10645_eps_1.00000.vnnlib,.006124827,error_exit_code_1,1.445932645
traffic_signs_recognition_2023,/home/elipregerson/nnenum/vnncomp2025_benchmarks/benchmarks/traffic_signs_recognition_2023/onnx/3_64_64_QConv_32_5_MP_2_BN_QConv_64_5_MP_2_BN_QConv_64_3_MP_2_BN_Dense_1024_BN_Dense_43_ep_30.onnx,/home/elipregerson/nnenum/vnncomp2025_benchmarks/benchmarks/traffic_signs_recognition_2023/vnnlib/model_64_idx_10645_eps_3.00000.vnnlib,.006101316,error_exit_code_1,1.445022260
traffic_signs_recognition_2023,/home/elipregerson/nnenum/vnncomp2025_benchmarks/benchmarks/traffic_signs_recognition_2023/onnx/3_64_64_QConv_32_5_MP_2_BN_QConv_64_5_MP_2_BN_QConv_64_3_MP_2_BN_Dense_1024_BN_Dense_43_ep_30.onnx,/home/elipregerson/nnenum/vnncomp2025_benchmarks/benchmarks/traffic_signs_recognition_2023/vnnlib/model_64_idx_10645_eps_5.00000.vnnlib,.006158392,error_exit_code_1,1.465428807
traffic_signs_recognition_2023,/home/elipregerson/nnenum/vnncomp2025_benchmarks/benchmarks/traffic_signs_recognition_2023/onnx/3_64_64_QConv_32_5_MP_2_BN_QConv_64_5_MP_2_BN_QConv_64_3_MP_2_BN_Dense_1024_BN_Dense_43_ep_30.onnx,/home/elipregerson/nnenum/vnncomp2025_benchmarks/benchmarks/traffic_signs_recognition_2023/vnnlib/model_64_idx_10645_eps_10.00000.vnnlib,.006355533,error_exit_code_1,1.440471893
traffic_signs_recognition_2023,/home/elipregerson/nnenum/vnncomp2025_benchmarks/benchmarks/traffic_signs_recognition_2023/onnx/3_64_64_QConv_32_5_MP_2_BN_QConv_64_5_MP_2_BN_QConv_64_3_MP_2_BN_Dense_1024_BN_Dense_43_ep_30.onnx,/home/elipregerson/nnenum/vnncomp2025_benchmarks/benchmarks/traffic_signs_recognition_2023/vnnlib/model_64_idx_10645_eps_15.00000.vnnlib,.006085289,error_exit_code_1,1.433328396
traffic_signs_recognition_2023,/home/elipregerson/nnenum/vnncomp2025_benchmarks/benchmarks/traffic_signs_recognition_2023/onnx/3_64_64_QConv_32_5_MP_2_BN_QConv_64_5_MP_2_BN_QConv_64_3_MP_2_BN_Dense_1024_BN_Dense_43_ep_30.onnx,/home/elipregerson/nnenum/vnncomp2025_benchmarks/benchmarks/traffic_signs_recognition_2023/vnnlib/model_64_idx_10495_eps_1.00000.vnnlib,.006248133,error_exit_code_1,1.462619090
traffic_signs_recognition_2023,/home/elipregerson/nnenum/vnncomp2025_benchmarks/benchmarks/traffic_signs_recognition_2023/onnx/3_64_64_QConv_32_5_MP_2_BN_QConv_64_5_MP_2_BN_QConv_64_3_MP_2_BN_Dense_1024_BN_Dense_43_ep_30.onnx,/home/elipregerson/nnenum/vnncomp2025_benchmarks/benchmarks/traffic_signs_recognition_2023/vnnlib/model_64_idx_10495_eps_3.00000.vnnlib,.006337568,error_exit_code_1,1.451000093
traffic_signs_recognition_2023,/home/elipregerson/nnenum/vnncomp2025_benchmarks/benchmarks/traffic_signs_recognition_2023/onnx/3_64_64_QConv_32_5_MP_2_BN_QConv_64_5_MP_2_BN_QConv_64_3_MP_2_BN_Dense_1024_BN_Dense_43_ep_30.onnx,/home/elipregerson/nnenum/vnncomp2025_benchmarks/benchmarks/traffic_signs_recognition_2023/vnnlib/model_64_idx_10495_eps_5.00000.vnnlib,.006249814,error_exit_code_1,1.446099997
traffic_signs_recognition_2023,/home/elipregerson/nnenum/vnncomp2025_benchmarks/benchmarks/traffic_signs_recognition_2023/onnx/3_64_64_QConv_32_5_MP_2_BN_QConv_64_5_MP_2_BN_QConv_64_3_MP_2_BN_Dense_1024_BN_Dense_43_ep_30.onnx,/home/elipregerson/nnenum/vnncomp2025_benchmarks/benchmarks/traffic_signs_recognition_2023/vnnlib/model_64_idx_10495_eps_10.00000.vnnlib,.006144558,error_exit_code_1,1.447475401
traffic_signs_recognition_2023,/home/elipregerson/nnenum/vnncomp2025_benchmarks/benchmarks/traffic_signs_recognition_2023/onnx/3_64_64_QConv_32_5_MP_2_BN_QConv_64_5_MP_2_BN_QConv_64_3_MP_2_BN_Dense_1024_BN_Dense_43_ep_30.onnx,/home/elipregerson/nnenum/vnncomp2025_benchmarks/benchmarks/traffic_signs_recognition_2023/vnnlib/model_64_idx_10495_eps_15.00000.vnnlib,.006174327,error_exit_code_1,1.443582741
traffic_signs_recognition_2023,/home/elipregerson/nnenum/vnncomp2025_benchmarks/benchmarks/traffic_signs_recognition_2023/onnx/3_64_64_QConv_32_5_MP_2_BN_QConv_64_5_MP_2_BN_QConv_64_3_MP_2_BN_Dense_1024_BN_Dense_43_ep_30.onnx,/home/elipregerson/nnenum/vnncomp2025_benchmarks/benchmarks/traffic_signs_recognition_2023/vnnlib/model_64_idx_9022_eps_1.00000.vnnlib,.006126781,error_exit_code_1,1.432705335
traffic_signs_recognition_2023,/home/elipregerson/nnenum/vnncomp2025_benchmarks/benchmarks/traffic_signs_recognition_2023/onnx/3_64_64_QConv_32_5_MP_2_BN_QConv_64_5_MP_2_BN_QConv_64_3_MP_2_BN_Dense_1024_BN_Dense_43_ep_30.onnx,/home/elipregerson/nnenum/vnncomp2025_benchmarks/benchmarks/traffic_signs_recognition_2023/vnnlib/model_64_idx_9022_eps_3.00000.vnnlib,.006527685,error_exit_code_1,1.441000606
traffic_signs_recognition_2023,/home/elipregerson/nnenum/vnncomp2025_benchmarks/benchmarks/traffic_signs_recognition_2023/onnx/3_64_64_QConv_32_5_MP_2_BN_QConv_64_5_MP_2_BN_QConv_64_3_MP_2_BN_Dense_1024_BN_Dense_43_ep_30.onnx,/home/elipregerson/nnenum/vnncomp2025_benchmarks/benchmarks/traffic_signs_recognition_2023/vnnlib/model_64_idx_9022_eps_5.00000.vnnlib,.006058173,error_exit_code_1,1.444161092
traffic_signs_recognition_2023,/home/elipregerson/nnenum/vnncomp2025_benchmarks/benchmarks/traffic_signs_recognition_2023/onnx/3_64_64_QConv_32_5_MP_2_BN_QConv_64_5_MP_2_BN_QConv_64_3_MP_2_BN_Dense_1024_BN_Dense_43_ep_30.onnx,/home/elipregerson/nnenum/vnncomp2025_benchmarks/benchmarks/traffic_signs_recognition_2023/vnnlib/model_64_idx_9022_eps_10.00000.vnnlib,.006318985,error_exit_code_1,1.450718295
traffic_signs_recognition_2023,/home/elipregerson/nnenum/vnncomp2025_benchmarks/benchmarks/traffic_signs_recognition_2023/onnx/3_64_64_QConv_32_5_MP_2_BN_QConv_64_5_MP_2_BN_QConv_64_3_MP_2_BN_Dense_1024_BN_Dense_43_ep_30.onnx,/home/elipregerson/nnenum/vnncomp2025_benchmarks/benchmarks/traffic_signs_recognition_2023/vnnlib/model_64_idx_9022_eps_15.00000.vnnlib,.006114962,error_exit_code_1,1.435658405
traffic_signs_recognition_2023,/home/elipregerson/nnenum/vnncomp2025_benchmarks/benchmarks/test/onnx/test_nano.onnx,/home/elipregerson/nnenum/vnncomp2025_benchmarks/benchmarks/test/vnnlib/test_nano.vnnlib,.006340171,error_exit_code_1,.517757473
vggnet16_2022,/home/elipregerson/nnenum/vnncomp2025_benchmarks/benchmarks/vggnet16_2022/onnx/vgg16-7.onnx,/home/elipregerson/nnenum/vnncomp2025_benchmarks/benchmarks/vggnet16_2022/vnnlib/spec0_suit.vnnlib,.006215402,error_exit_code_1,10.825304998
vggnet16_2022,/home/elipregerson/nnenum/vnncomp2025_benchmarks/benchmarks/vggnet16_2022/onnx/vgg16-7.onnx,/home/elipregerson/nnenum/vnncomp2025_benchmarks/benchmarks/vggnet16_2022/vnnlib/spec1_Scottish_deerhound.vnnlib,.006360491,error_exit_code_1,10.771524022
vggnet16_2022,/home/elipregerson/nnenum/vnncomp2025_benchmarks/benchmarks/vggnet16_2022/onnx/vgg16-7.onnx,/home/elipregerson/nnenum/vnncomp2025_benchmarks/benchmarks/vggnet16_2022/vnnlib/spec2_Airedale.vnnlib,.006112623,error_exit_code_1,10.767712173
vggnet16_2022,/home/elipregerson/nnenum/vnncomp2025_benchmarks/benchmarks/vggnet16_2022/onnx/vgg16-7.onnx,/home/elipregerson/nnenum/vnncomp2025_benchmarks/benchmarks/vggnet16_2022/vnnlib/spec3_canoe.vnnlib,.006140428,error_exit_code_1,10.742374034
vggnet16_2022,/home/elipregerson/nnenum/vnncomp2025_benchmarks/benchmarks/vggnet16_2022/onnx/vgg16-7.onnx,/home/elipregerson/nnenum/vnncomp2025_benchmarks/benchmarks/vggnet16_2022/vnnlib/spec4_grille.vnnlib,.006359438,error_exit_code_1,10.748180814
vggnet16_2022,/home/elipregerson/nnenum/vnncomp2025_benchmarks/benchmarks/vggnet16_2022/onnx/vgg16-7.onnx,/home/elipregerson/nnenum/vnncomp2025_benchmarks/benchmarks/vggnet16_2022/vnnlib/spec5_scale.vnnlib,.006335646,error_exit_code_1,10.778297403
vggnet16_2022,/home/elipregerson/nnenum/vnncomp2025_benchmarks/benchmarks/vggnet16_2022/onnx/vgg16-7.onnx,/home/elipregerson/nnenum/vnncomp2025_benchmarks/benchmarks/vggnet16_2022/vnnlib/spec6_folding_chair.vnnlib,.006287729,error_exit_code_1,10.801889542
vggnet16_2022,/home/elipregerson/nnenum/vnncomp2025_benchmarks/benchmarks/vggnet16_2022/onnx/vgg16-7.onnx,/home/elipregerson/nnenum/vnncomp2025_benchmarks/benchmarks/vggnet16_2022/vnnlib/spec7_basketball.vnnlib,.006226537,error_exit_code_1,10.797347357
vggnet16_2022,/home/elipregerson/nnenum/vnncomp2025_benchmarks/benchmarks/vggnet16_2022/onnx/vgg16-7.onnx,/home/elipregerson/nnenum/vnncomp2025_benchmarks/benchmarks/vggnet16_2022/vnnlib/spec8_megalith.vnnlib,.006250146,error_exit_code_1,10.801786689
vggnet16_2022,/home/elipregerson/nnenum/vnncomp2025_benchmarks/benchmarks/vggnet16_2022/onnx/vgg16-7.onnx,/home/elipregerson/nnenum/vnncomp2025_benchmarks/benchmarks/vggnet16_2022/vnnlib/spec9_sidewinder.vnnlib,.006152231,error_exit_code_1,10.786422212
vggnet16_2022,/home/elipregerson/nnenum/vnncomp2025_benchmarks/benchmarks/vggnet16_2022/onnx/vgg16-7.onnx,/home/elipregerson/nnenum/vnncomp2025_benchmarks/benchmarks/vggnet16_2022/vnnlib/spec10_chainlink_fence.vnnlib,.006265926,error_exit_code_1,10.827431574
vggnet16_2022,/home/elipregerson/nnenum/vnncomp2025_benchmarks/benchmarks/vggnet16_2022/onnx/vgg16-7.onnx,/home/elipregerson/nnenum/vnncomp2025_benchmarks/benchmarks/vggnet16_2022/vnnlib/spec11_dock.vnnlib,.006105605,error_exit_code_1,10.823718462
vggnet16_2022,/home/elipregerson/nnenum/vnncomp2025_benchmarks/benchmarks/vggnet16_2022/onnx/vgg16-7.onnx,/home/elipregerson/nnenum/vnncomp2025_benchmarks/benchmarks/vggnet16_2022/vnnlib/spec12_borzoi.vnnlib,.006191248,error_exit_code_1,10.809840190
vggnet16_2022,/home/elipregerson/nnenum/vnncomp2025_benchmarks/benchmarks/vggnet16_2022/onnx/vgg16-7.onnx,/home/elipregerson/nnenum/vnncomp2025_benchmarks/benchmarks/vggnet16_2022/vnnlib/spec13_pillow.vnnlib,.006220363,error_exit_code_1,10.840550272
vggnet16_2022,/home/elipregerson/nnenum/vnncomp2025_benchmarks/benchmarks/vggnet16_2022/onnx/vgg16-7.onnx,/home/elipregerson/nnenum/vnncomp2025_benchmarks/benchmarks/vggnet16_2022/vnnlib/spec14_mink.vnnlib,.006263401,error_exit_code_1,10.853547156
vggnet16_2022,/home/elipregerson/nnenum/vnncomp2025_benchmarks/benchmarks/vggnet16_2022/onnx/vgg16-7.onnx,/home/elipregerson/nnenum/vnncomp2025_benchmarks/benchmarks/vggnet16_2022/vnnlib/spec15_tiger_beetle.vnnlib,.006196047,error_exit_code_1,10.817655074
vggnet16_2022,/home/elipregerson/nnenum/vnncomp2025_benchmarks/benchmarks/vggnet16_2022/onnx/vgg16-7.onnx,/home/elipregerson/nnenum/vnncomp2025_benchmarks/benchmarks/vggnet16_2022/vnnlib/spec16_breastplate.vnnlib,.006110961,error_exit_code_1,10.790129067
vggnet16_2022,/home/elipregerson/nnenum/vnncomp2025_benchmarks/benchmarks/vggnet16_2022/onnx/vgg16-7.onnx,/home/elipregerson/nnenum/vnncomp2025_benchmarks/benchmarks/vggnet16_2022/vnnlib/spec17_paper_towel.vnnlib,.006178140,error_exit_code_1,10.796109186
vggnet16_2022,/home/elipregerson/nnenum/vnncomp2025_benchmarks/benchmarks/test/onnx/test_nano.onnx,/home/elipregerson/nnenum/vnncomp2025_benchmarks/benchmarks/test/vnnlib/test_nano.vnnlib,.006101594,error_exit_code_1,.528352394
vit_2023,/home/elipregerson/nnenum/vnncomp2025_benchmarks/benchmarks/vit_2023/onnx/pgd_2_3_16.onnx,/home/elipregerson/nnenum/vnncomp2025_benchmarks/benchmarks/vit_2023/vnnlib/pgd_2_3_16_2446.vnnlib,.006002182,error_exit_code_1,.596542399
vit_2023,/home/elipregerson/nnenum/vnncomp2025_benchmarks/benchmarks/vit_2023/onnx/pgd_2_3_16.onnx,/home/elipregerson/nnenum/vnncomp2025_benchmarks/benchmarks/vit_2023/vnnlib/pgd_2_3_16_4509.vnnlib,.006236307,error_exit_code_1,.593301353
vit_2023,/home/elipregerson/nnenum/vnncomp2025_benchmarks/benchmarks/vit_2023/onnx/pgd_2_3_16.onnx,/home/elipregerson/nnenum/vnncomp2025_benchmarks/benchmarks/vit_2023/vnnlib/pgd_2_3_16_6246.vnnlib,.006491403,error_exit_code_1,.595195364
vit_2023,/home/elipregerson/nnenum/vnncomp2025_benchmarks/benchmarks/vit_2023/onnx/pgd_2_3_16.onnx,/home/elipregerson/nnenum/vnncomp2025_benchmarks/benchmarks/vit_2023/vnnlib/pgd_2_3_16_2043.vnnlib,.006252775,error_exit_code_1,.601638391
vit_2023,/home/elipregerson/nnenum/vnncomp2025_benchmarks/benchmarks/vit_2023/onnx/pgd_2_3_16.onnx,/home/elipregerson/nnenum/vnncomp2025_benchmarks/benchmarks/vit_2023/vnnlib/pgd_2_3_16_2203.vnnlib,.006235225,error_exit_code_1,.595376773
vit_2023,/home/elipregerson/nnenum/vnncomp2025_benchmarks/benchmarks/vit_2023/onnx/pgd_2_3_16.onnx,/home/elipregerson/nnenum/vnncomp2025_benchmarks/benchmarks/vit_2023/vnnlib/pgd_2_3_16_3695.vnnlib,.006099474,error_exit_code_1,.591967146
vit_2023,/home/elipregerson/nnenum/vnncomp2025_benchmarks/benchmarks/vit_2023/onnx/pgd_2_3_16.onnx,/home/elipregerson/nnenum/vnncomp2025_benchmarks/benchmarks/vit_2023/vnnlib/pgd_2_3_16_8808.vnnlib,.006122450,error_exit_code_1,.592834730
vit_2023,/home/elipregerson/nnenum/vnncomp2025_benchmarks/benchmarks/vit_2023/onnx/pgd_2_3_16.onnx,/home/elipregerson/nnenum/vnncomp2025_benchmarks/benchmarks/vit_2023/vnnlib/pgd_2_3_16_747.vnnlib,.006177717,error_exit_code_1,.593352341
vit_2023,/home/elipregerson/nnenum/vnncomp2025_benchmarks/benchmarks/vit_2023/onnx/pgd_2_3_16.onnx,/home/elipregerson/nnenum/vnncomp2025_benchmarks/benchmarks/vit_2023/vnnlib/pgd_2_3_16_2209.vnnlib,.006103736,error_exit_code_1,.603123230
vit_2023,/home/elipregerson/nnenum/vnncomp2025_benchmarks/benchmarks/vit_2023/onnx/pgd_2_3_16.onnx,/home/elipregerson/nnenum/vnncomp2025_benchmarks/benchmarks/vit_2023/vnnlib/pgd_2_3_16_8776.vnnlib,.006108257,error_exit_code_1,.593671783
vit_2023,/home/elipregerson/nnenum/vnncomp2025_benchmarks/benchmarks/vit_2023/onnx/pgd_2_3_16.onnx,/home/elipregerson/nnenum/vnncomp2025_benchmarks/benchmarks/vit_2023/vnnlib/pgd_2_3_16_3660.vnnlib,.006136144,error_exit_code_1,.589667119
vit_2023,/home/elipregerson/nnenum/vnncomp2025_benchmarks/benchmarks/vit_2023/onnx/pgd_2_3_16.onnx,/home/elipregerson/nnenum/vnncomp2025_benchmarks/benchmarks/vit_2023/vnnlib/pgd_2_3_16_7086.vnnlib,.006104711,error_exit_code_1,.610077814
vit_2023,/home/elipregerson/nnenum/vnncomp2025_benchmarks/benchmarks/vit_2023/onnx/pgd_2_3_16.onnx,/home/elipregerson/nnenum/vnncomp2025_benchmarks/benchmarks/vit_2023/vnnlib/pgd_2_3_16_1058.vnnlib,.006140796,error_exit_code_1,.594254680
vit_2023,/home/elipregerson/nnenum/vnncomp2025_benchmarks/benchmarks/vit_2023/onnx/pgd_2_3_16.onnx,/home/elipregerson/nnenum/vnncomp2025_benchmarks/benchmarks/vit_2023/vnnlib/pgd_2_3_16_3034.vnnlib,.006307333,error_exit_code_1,.597431752
vit_2023,/home/elipregerson/nnenum/vnncomp2025_benchmarks/benchmarks/vit_2023/onnx/pgd_2_3_16.onnx,/home/elipregerson/nnenum/vnncomp2025_benchmarks/benchmarks/vit_2023/vnnlib/pgd_2_3_16_2296.vnnlib,.006096695,error_exit_code_1,.590091441
vit_2023,/home/elipregerson/nnenum/vnncomp2025_benchmarks/benchmarks/vit_2023/onnx/pgd_2_3_16.onnx,/home/elipregerson/nnenum/vnncomp2025_benchmarks/benchmarks/vit_2023/vnnlib/pgd_2_3_16_9655.vnnlib,.006270091,error_exit_code_1,.595841962
vit_2023,/home/elipregerson/nnenum/vnncomp2025_benchmarks/benchmarks/vit_2023/onnx/pgd_2_3_16.onnx,/home/elipregerson/nnenum/vnncomp2025_benchmarks/benchmarks/vit_2023/vnnlib/pgd_2_3_16_1438.vnnlib,.006146255,error_exit_code_1,.593722262
vit_2023,/home/elipregerson/nnenum/vnncomp2025_benchmarks/benchmarks/vit_2023/onnx/pgd_2_3_16.onnx,/home/elipregerson/nnenum/vnncomp2025_benchmarks/benchmarks/vit_2023/vnnlib/pgd_2_3_16_94.vnnlib,.006249581,error_exit_code_1,.602862964
vit_2023,/home/elipregerson/nnenum/vnncomp2025_benchmarks/benchmarks/vit_2023/onnx/pgd_2_3_16.onnx,/home/elipregerson/nnenum/vnncomp2025_benchmarks/benchmarks/vit_2023/vnnlib/pgd_2_3_16_7664.vnnlib,.006125399,error_exit_code_1,.592150284
vit_2023,/home/elipregerson/nnenum/vnncomp2025_benchmarks/benchmarks/vit_2023/onnx/pgd_2_3_16.onnx,/home/elipregerson/nnenum/vnncomp2025_benchmarks/benchmarks/vit_2023/vnnlib/pgd_2_3_16_5846.vnnlib,.006076519,error_exit_code_1,.601130866
vit_2023,/home/elipregerson/nnenum/vnncomp2025_benchmarks/benchmarks/vit_2023/onnx/pgd_2_3_16.onnx,/home/elipregerson/nnenum/vnncomp2025_benchmarks/benchmarks/vit_2023/vnnlib/pgd_2_3_16_7144.vnnlib,.005945157,error_exit_code_1,.601971228
vit_2023,/home/elipregerson/nnenum/vnncomp2025_benchmarks/benchmarks/vit_2023/onnx/pgd_2_3_16.onnx,/home/elipregerson/nnenum/vnncomp2025_benchmarks/benchmarks/vit_2023/vnnlib/pgd_2_3_16_6578.vnnlib,.006102117,error_exit_code_1,.591347870
vit_2023,/home/elipregerson/nnenum/vnncomp2025_benchmarks/benchmarks/vit_2023/onnx/pgd_2_3_16.onnx,/home/elipregerson/nnenum/vnncomp2025_benchmarks/benchmarks/vit_2023/vnnlib/pgd_2_3_16_7154.vnnlib,.006277056,error_exit_code_1,.600934851
vit_2023,/home/elipregerson/nnenum/vnncomp2025_benchmarks/benchmarks/vit_2023/onnx/pgd_2_3_16.onnx,/home/elipregerson/nnenum/vnncomp2025_benchmarks/benchmarks/vit_2023/vnnlib/pgd_2_3_16_3832.vnnlib,.006150240,error_exit_code_1,.596457522
vit_2023,/home/elipregerson/nnenum/vnncomp2025_benchmarks/benchmarks/vit_2023/onnx/pgd_2_3_16.onnx,/home/elipregerson/nnenum/vnncomp2025_benchmarks/benchmarks/vit_2023/vnnlib/pgd_2_3_16_560.vnnlib,.005980092,error_exit_code_1,.593503725
vit_2023,/home/elipregerson/nnenum/vnncomp2025_benchmarks/benchmarks/vit_2023/onnx/pgd_2_3_16.onnx,/home/elipregerson/nnenum/vnncomp2025_benchmarks/benchmarks/vit_2023/vnnlib/pgd_2_3_16_2593.vnnlib,.006182425,error_exit_code_1,.606825210
vit_2023,/home/elipregerson/nnenum/vnncomp2025_benchmarks/benchmarks/vit_2023/onnx/pgd_2_3_16.onnx,/home/elipregerson/nnenum/vnncomp2025_benchmarks/benchmarks/vit_2023/vnnlib/pgd_2_3_16_988.vnnlib,.006126989,error_exit_code_1,.597646442
vit_2023,/home/elipregerson/nnenum/vnncomp2025_benchmarks/benchmarks/vit_2023/onnx/pgd_2_3_16.onnx,/home/elipregerson/nnenum/vnncomp2025_benchmarks/benchmarks/vit_2023/vnnlib/pgd_2_3_16_7102.vnnlib,.006154152,error_exit_code_1,.587650087
vit_2023,/home/elipregerson/nnenum/vnncomp2025_benchmarks/benchmarks/vit_2023/onnx/pgd_2_3_16.onnx,/home/elipregerson/nnenum/vnncomp2025_benchmarks/benchmarks/vit_2023/vnnlib/pgd_2_3_16_9306.vnnlib,.006164567,error_exit_code_1,.603949236
vit_2023,/home/elipregerson/nnenum/vnncomp2025_benchmarks/benchmarks/vit_2023/onnx/pgd_2_3_16.onnx,/home/elipregerson/nnenum/vnncomp2025_benchmarks/benchmarks/vit_2023/vnnlib/pgd_2_3_16_2113.vnnlib,.006213190,error_exit_code_1,.603376790
vit_2023,/home/elipregerson/nnenum/vnncomp2025_benchmarks/benchmarks/vit_2023/onnx/pgd_2_3_16.onnx,/home/elipregerson/nnenum/vnncomp2025_benchmarks/benchmarks/vit_2023/vnnlib/pgd_2_3_16_2640.vnnlib,.006369992,error_exit_code_1,.595085651
vit_2023,/home/elipregerson/nnenum/vnncomp2025_benchmarks/benchmarks/vit_2023/onnx/pgd_2_3_16.onnx,/home/elipregerson/nnenum/vnncomp2025_benchmarks/benchmarks/vit_2023/vnnlib/pgd_2_3_16_570.vnnlib,.006114912,error_exit_code_1,.594130658
vit_2023,/home/elipregerson/nnenum/vnncomp2025_benchmarks/benchmarks/vit_2023/onnx/pgd_2_3_16.onnx,/home/elipregerson/nnenum/vnncomp2025_benchmarks/benchmarks/vit_2023/vnnlib/pgd_2_3_16_535.vnnlib,.006122157,error_exit_code_1,.598606539
vit_2023,/home/elipregerson/nnenum/vnncomp2025_benchmarks/benchmarks/vit_2023/onnx/pgd_2_3_16.onnx,/home/elipregerson/nnenum/vnncomp2025_benchmarks/benchmarks/vit_2023/vnnlib/pgd_2_3_16_1579.vnnlib,.006177607,error_exit_code_1,.599166988
vit_2023,/home/elipregerson/nnenum/vnncomp2025_benchmarks/benchmarks/vit_2023/onnx/pgd_2_3_16.onnx,/home/elipregerson/nnenum/vnncomp2025_benchmarks/benchmarks/vit_2023/vnnlib/pgd_2_3_16_9785.vnnlib,.006008582,error_exit_code_1,.589142881
vit_2023,/home/elipregerson/nnenum/vnncomp2025_benchmarks/benchmarks/vit_2023/onnx/pgd_2_3_16.onnx,/home/elipregerson/nnenum/vnncomp2025_benchmarks/benchmarks/vit_2023/vnnlib/pgd_2_3_16_6942.vnnlib,.006247529,error_exit_code_1,.607983625
vit_2023,/home/elipregerson/nnenum/vnncomp2025_benchmarks/benchmarks/vit_2023/onnx/pgd_2_3_16.onnx,/home/elipregerson/nnenum/vnncomp2025_benchmarks/benchmarks/vit_2023/vnnlib/pgd_2_3_16_7363.vnnlib,.006290516,error_exit_code_1,.599145906
vit_2023,/home/elipregerson/nnenum/vnncomp2025_benchmarks/benchmarks/vit_2023/onnx/pgd_2_3_16.onnx,/home/elipregerson/nnenum/vnncomp2025_benchmarks/benchmarks/vit_2023/vnnlib/pgd_2_3_16_9825.vnnlib,.006021996,error_exit_code_1,.599788499
vit_2023,/home/elipregerson/nnenum/vnncomp2025_benchmarks/benchmarks/vit_2023/onnx/pgd_2_3_16.onnx,/home/elipregerson/nnenum/vnncomp2025_benchmarks/benchmarks/vit_2023/vnnlib/pgd_2_3_16_425.vnnlib,.006138844,error_exit_code_1,.592339591
vit_2023,/home/elipregerson/nnenum/vnncomp2025_benchmarks/benchmarks/vit_2023/onnx/pgd_2_3_16.onnx,/home/elipregerson/nnenum/vnncomp2025_benchmarks/benchmarks/vit_2023/vnnlib/pgd_2_3_16_722.vnnlib,.006230825,error_exit_code_1,.592343088
vit_2023,/home/elipregerson/nnenum/vnncomp2025_benchmarks/benchmarks/vit_2023/onnx/pgd_2_3_16.onnx,/home/elipregerson/nnenum/vnncomp2025_benchmarks/benchmarks/vit_2023/vnnlib/pgd_2_3_16_646.vnnlib,.005981097,error_exit_code_1,.600785921
vit_2023,/home/elipregerson/nnenum/vnncomp2025_benchmarks/benchmarks/vit_2023/onnx/pgd_2_3_16.onnx,/home/elipregerson/nnenum/vnncomp2025_benchmarks/benchmarks/vit_2023/vnnlib/pgd_2_3_16_183.vnnlib,.006142697,error_exit_code_1,.589882585
vit_2023,/home/elipregerson/nnenum/vnncomp2025_benchmarks/benchmarks/vit_2023/onnx/pgd_2_3_16.onnx,/home/elipregerson/nnenum/vnncomp2025_benchmarks/benchmarks/vit_2023/vnnlib/pgd_2_3_16_4380.vnnlib,.006040692,error_exit_code_1,.599944662
vit_2023,/home/elipregerson/nnenum/vnncomp2025_benchmarks/benchmarks/vit_2023/onnx/pgd_2_3_16.onnx,/home/elipregerson/nnenum/vnncomp2025_benchmarks/benchmarks/vit_2023/vnnlib/pgd_2_3_16_374.vnnlib,.006061290,error_exit_code_1,.590747161
vit_2023,/home/elipregerson/nnenum/vnncomp2025_benchmarks/benchmarks/vit_2023/onnx/pgd_2_3_16.onnx,/home/elipregerson/nnenum/vnncomp2025_benchmarks/benchmarks/vit_2023/vnnlib/pgd_2_3_16_1566.vnnlib,.006183010,error_exit_code_1,.625025201
vit_2023,/home/elipregerson/nnenum/vnncomp2025_benchmarks/benchmarks/vit_2023/onnx/pgd_2_3_16.onnx,/home/elipregerson/nnenum/vnncomp2025_benchmarks/benchmarks/vit_2023/vnnlib/pgd_2_3_16_7869.vnnlib,.006327665,error_exit_code_1,.592278456
vit_2023,/home/elipregerson/nnenum/vnncomp2025_benchmarks/benchmarks/vit_2023/onnx/pgd_2_3_16.onnx,/home/elipregerson/nnenum/vnncomp2025_benchmarks/benchmarks/vit_2023/vnnlib/pgd_2_3_16_953.vnnlib,.006182720,error_exit_code_1,.595042272
vit_2023,/home/elipregerson/nnenum/vnncomp2025_benchmarks/benchmarks/vit_2023/onnx/pgd_2_3_16.onnx,/home/elipregerson/nnenum/vnncomp2025_benchmarks/benchmarks/vit_2023/vnnlib/pgd_2_3_16_6160.vnnlib,.006042282,error_exit_code_1,.592929988
vit_2023,/home/elipregerson/nnenum/vnncomp2025_benchmarks/benchmarks/vit_2023/onnx/pgd_2_3_16.onnx,/home/elipregerson/nnenum/vnncomp2025_benchmarks/benchmarks/vit_2023/vnnlib/pgd_2_3_16_2218.vnnlib,.006133960,error_exit_code_1,.599524969
vit_2023,/home/elipregerson/nnenum/vnncomp2025_benchmarks/benchmarks/vit_2023/onnx/pgd_2_3_16.onnx,/home/elipregerson/nnenum/vnncomp2025_benchmarks/benchmarks/vit_2023/vnnlib/pgd_2_3_16_4714.vnnlib,.006209871,error_exit_code_1,.597960323
vit_2023,/home/elipregerson/nnenum/vnncomp2025_benchmarks/benchmarks/vit_2023/onnx/pgd_2_3_16.onnx,/home/elipregerson/nnenum/vnncomp2025_benchmarks/benchmarks/vit_2023/vnnlib/pgd_2_3_16_5704.vnnlib,.006026709,error_exit_code_1,.595472116
vit_2023,/home/elipregerson/nnenum/vnncomp2025_benchmarks/benchmarks/vit_2023/onnx/pgd_2_3_16.onnx,/home/elipregerson/nnenum/vnncomp2025_benchmarks/benchmarks/vit_2023/vnnlib/pgd_2_3_16_5579.vnnlib,.006334059,error_exit_code_1,.595486325
vit_2023,/home/elipregerson/nnenum/vnncomp2025_benchmarks/benchmarks/vit_2023/onnx/pgd_2_3_16.onnx,/home/elipregerson/nnenum/vnncomp2025_benchmarks/benchmarks/vit_2023/vnnlib/pgd_2_3_16_6805.vnnlib,.006146255,error_exit_code_1,.603497651
vit_2023,/home/elipregerson/nnenum/vnncomp2025_benchmarks/benchmarks/vit_2023/onnx/pgd_2_3_16.onnx,/home/elipregerson/nnenum/vnncomp2025_benchmarks/benchmarks/vit_2023/vnnlib/pgd_2_3_16_8836.vnnlib,.006234661,error_exit_code_1,.591690921
vit_2023,/home/elipregerson/nnenum/vnncomp2025_benchmarks/benchmarks/vit_2023/onnx/pgd_2_3_16.onnx,/home/elipregerson/nnenum/vnncomp2025_benchmarks/benchmarks/vit_2023/vnnlib/pgd_2_3_16_5030.vnnlib,.006087039,error_exit_code_1,.600573830
vit_2023,/home/elipregerson/nnenum/vnncomp2025_benchmarks/benchmarks/vit_2023/onnx/pgd_2_3_16.onnx,/home/elipregerson/nnenum/vnncomp2025_benchmarks/benchmarks/vit_2023/vnnlib/pgd_2_3_16_8341.vnnlib,.006105277,error_exit_code_1,.596038932
vit_2023,/home/elipregerson/nnenum/vnncomp2025_benchmarks/benchmarks/vit_2023/onnx/pgd_2_3_16.onnx,/home/elipregerson/nnenum/vnncomp2025_benchmarks/benchmarks/vit_2023/vnnlib/pgd_2_3_16_9835.vnnlib,.006404391,error_exit_code_1,.595037403
vit_2023,/home/elipregerson/nnenum/vnncomp2025_benchmarks/benchmarks/vit_2023/onnx/pgd_2_3_16.onnx,/home/elipregerson/nnenum/vnncomp2025_benchmarks/benchmarks/vit_2023/vnnlib/pgd_2_3_16_8907.vnnlib,.006315742,error_exit_code_1,.610295709
vit_2023,/home/elipregerson/nnenum/vnncomp2025_benchmarks/benchmarks/vit_2023/onnx/pgd_2_3_16.onnx,/home/elipregerson/nnenum/vnncomp2025_benchmarks/benchmarks/vit_2023/vnnlib/pgd_2_3_16_6427.vnnlib,.006167711,error_exit_code_1,.590307798
vit_2023,/home/elipregerson/nnenum/vnncomp2025_benchmarks/benchmarks/vit_2023/onnx/pgd_2_3_16.onnx,/home/elipregerson/nnenum/vnncomp2025_benchmarks/benchmarks/vit_2023/vnnlib/pgd_2_3_16_5528.vnnlib,.006302628,error_exit_code_1,.597564425
vit_2023,/home/elipregerson/nnenum/vnncomp2025_benchmarks/benchmarks/vit_2023/onnx/pgd_2_3_16.onnx,/home/elipregerson/nnenum/vnncomp2025_benchmarks/benchmarks/vit_2023/vnnlib/pgd_2_3_16_6628.vnnlib,.006218079,error_exit_code_1,.590765166
vit_2023,/home/elipregerson/nnenum/vnncomp2025_benchmarks/benchmarks/vit_2023/onnx/pgd_2_3_16.onnx,/home/elipregerson/nnenum/vnncomp2025_benchmarks/benchmarks/vit_2023/vnnlib/pgd_2_3_16_7403.vnnlib,.006105704,error_exit_code_1,.596042164
vit_2023,/home/elipregerson/nnenum/vnncomp2025_benchmarks/benchmarks/vit_2023/onnx/pgd_2_3_16.onnx,/home/elipregerson/nnenum/vnncomp2025_benchmarks/benchmarks/vit_2023/vnnlib/pgd_2_3_16_2896.vnnlib,.006329836,error_exit_code_1,.611385399
vit_2023,/home/elipregerson/nnenum/vnncomp2025_benchmarks/benchmarks/vit_2023/onnx/pgd_2_3_16.onnx,/home/elipregerson/nnenum/vnncomp2025_benchmarks/benchmarks/vit_2023/vnnlib/pgd_2_3_16_6088.vnnlib,.006277560,error_exit_code_1,.592086409
vit_2023,/home/elipregerson/nnenum/vnncomp2025_benchmarks/benchmarks/vit_2023/onnx/pgd_2_3_16.onnx,/home/elipregerson/nnenum/vnncomp2025_benchmarks/benchmarks/vit_2023/vnnlib/pgd_2_3_16_7065.vnnlib,.006141600,error_exit_code_1,.598687473
vit_2023,/home/elipregerson/nnenum/vnncomp2025_benchmarks/benchmarks/vit_2023/onnx/pgd_2_3_16.onnx,/home/elipregerson/nnenum/vnncomp2025_benchmarks/benchmarks/vit_2023/vnnlib/pgd_2_3_16_2760.vnnlib,.006191108,error_exit_code_1,.595536579
vit_2023,/home/elipregerson/nnenum/vnncomp2025_benchmarks/benchmarks/vit_2023/onnx/pgd_2_3_16.onnx,/home/elipregerson/nnenum/vnncomp2025_benchmarks/benchmarks/vit_2023/vnnlib/pgd_2_3_16_9016.vnnlib,.006093172,error_exit_code_1,.601573228
vit_2023,/home/elipregerson/nnenum/vnncomp2025_benchmarks/benchmarks/vit_2023/onnx/pgd_2_3_16.onnx,/home/elipregerson/nnenum/vnncomp2025_benchmarks/benchmarks/vit_2023/vnnlib/pgd_2_3_16_3727.vnnlib,.006449378,error_exit_code_1,.592851232
vit_2023,/home/elipregerson/nnenum/vnncomp2025_benchmarks/benchmarks/vit_2023/onnx/pgd_2_3_16.onnx,/home/elipregerson/nnenum/vnncomp2025_benchmarks/benchmarks/vit_2023/vnnlib/pgd_2_3_16_9276.vnnlib,.006180404,error_exit_code_1,.600018457
vit_2023,/home/elipregerson/nnenum/vnncomp2025_benchmarks/benchmarks/vit_2023/onnx/pgd_2_3_16.onnx,/home/elipregerson/nnenum/vnncomp2025_benchmarks/benchmarks/vit_2023/vnnlib/pgd_2_3_16_4567.vnnlib,.006104583,error_exit_code_1,.597385276
vit_2023,/home/elipregerson/nnenum/vnncomp2025_benchmarks/benchmarks/vit_2023/onnx/pgd_2_3_16.onnx,/home/elipregerson/nnenum/vnncomp2025_benchmarks/benchmarks/vit_2023/vnnlib/pgd_2_3_16_7724.vnnlib,.006022053,error_exit_code_1,.603807967
vit_2023,/home/elipregerson/nnenum/vnncomp2025_benchmarks/benchmarks/vit_2023/onnx/pgd_2_3_16.onnx,/home/elipregerson/nnenum/vnncomp2025_benchmarks/benchmarks/vit_2023/vnnlib/pgd_2_3_16_1559.vnnlib,.006228035,error_exit_code_1,.594610264
vit_2023,/home/elipregerson/nnenum/vnncomp2025_benchmarks/benchmarks/vit_2023/onnx/pgd_2_3_16.onnx,/home/elipregerson/nnenum/vnncomp2025_benchmarks/benchmarks/vit_2023/vnnlib/pgd_2_3_16_4350.vnnlib,.006069833,error_exit_code_1,.594815283
vit_2023,/home/elipregerson/nnenum/vnncomp2025_benchmarks/benchmarks/vit_2023/onnx/pgd_2_3_16.onnx,/home/elipregerson/nnenum/vnncomp2025_benchmarks/benchmarks/vit_2023/vnnlib/pgd_2_3_16_4049.vnnlib,.006150482,error_exit_code_1,.595434509
vit_2023,/home/elipregerson/nnenum/vnncomp2025_benchmarks/benchmarks/vit_2023/onnx/pgd_2_3_16.onnx,/home/elipregerson/nnenum/vnncomp2025_benchmarks/benchmarks/vit_2023/vnnlib/pgd_2_3_16_1792.vnnlib,.006195594,error_exit_code_1,.607520360
vit_2023,/home/elipregerson/nnenum/vnncomp2025_benchmarks/benchmarks/vit_2023/onnx/pgd_2_3_16.onnx,/home/elipregerson/nnenum/vnncomp2025_benchmarks/benchmarks/vit_2023/vnnlib/pgd_2_3_16_6461.vnnlib,.006216584,error_exit_code_1,.599919526
vit_2023,/home/elipregerson/nnenum/vnncomp2025_benchmarks/benchmarks/vit_2023/onnx/pgd_2_3_16.onnx,/home/elipregerson/nnenum/vnncomp2025_benchmarks/benchmarks/vit_2023/vnnlib/pgd_2_3_16_5201.vnnlib,.006115997,error_exit_code_1,.592024070
vit_2023,/home/elipregerson/nnenum/vnncomp2025_benchmarks/benchmarks/vit_2023/onnx/pgd_2_3_16.onnx,/home/elipregerson/nnenum/vnncomp2025_benchmarks/benchmarks/vit_2023/vnnlib/pgd_2_3_16_2830.vnnlib,.006145912,error_exit_code_1,.589580023
vit_2023,/home/elipregerson/nnenum/vnncomp2025_benchmarks/benchmarks/vit_2023/onnx/pgd_2_3_16.onnx,/home/elipregerson/nnenum/vnncomp2025_benchmarks/benchmarks/vit_2023/vnnlib/pgd_2_3_16_7796.vnnlib,.006126307,error_exit_code_1,.590558637
vit_2023,/home/elipregerson/nnenum/vnncomp2025_benchmarks/benchmarks/vit_2023/onnx/pgd_2_3_16.onnx,/home/elipregerson/nnenum/vnncomp2025_benchmarks/benchmarks/vit_2023/vnnlib/pgd_2_3_16_9719.vnnlib,.006128748,error_exit_code_1,.601501631
vit_2023,/home/elipregerson/nnenum/vnncomp2025_benchmarks/benchmarks/vit_2023/onnx/pgd_2_3_16.onnx,/home/elipregerson/nnenum/vnncomp2025_benchmarks/benchmarks/vit_2023/vnnlib/pgd_2_3_16_160.vnnlib,.006018284,error_exit_code_1,.602707722
vit_2023,/home/elipregerson/nnenum/vnncomp2025_benchmarks/benchmarks/vit_2023/onnx/pgd_2_3_16.onnx,/home/elipregerson/nnenum/vnncomp2025_benchmarks/benchmarks/vit_2023/vnnlib/pgd_2_3_16_3543.vnnlib,.006211308,error_exit_code_1,.594721265
vit_2023,/home/elipregerson/nnenum/vnncomp2025_benchmarks/benchmarks/vit_2023/onnx/pgd_2_3_16.onnx,/home/elipregerson/nnenum/vnncomp2025_benchmarks/benchmarks/vit_2023/vnnlib/pgd_2_3_16_6539.vnnlib,.006095467,error_exit_code_1,.591825826
vit_2023,/home/elipregerson/nnenum/vnncomp2025_benchmarks/benchmarks/vit_2023/onnx/pgd_2_3_16.onnx,/home/elipregerson/nnenum/vnncomp2025_benchmarks/benchmarks/vit_2023/vnnlib/pgd_2_3_16_1197.vnnlib,.006076883,error_exit_code_1,.613073872
vit_2023,/home/elipregerson/nnenum/vnncomp2025_benchmarks/benchmarks/vit_2023/onnx/pgd_2_3_16.onnx,/home/elipregerson/nnenum/vnncomp2025_benchmarks/benchmarks/vit_2023/vnnlib/pgd_2_3_16_9347.vnnlib,.006138958,error_exit_code_1,.589546609
vit_2023,/home/elipregerson/nnenum/vnncomp2025_benchmarks/benchmarks/vit_2023/onnx/pgd_2_3_16.onnx,/home/elipregerson/nnenum/vnncomp2025_benchmarks/benchmarks/vit_2023/vnnlib/pgd_2_3_16_2351.vnnlib,.006083437,error_exit_code_1,.607209800
vit_2023,/home/elipregerson/nnenum/vnncomp2025_benchmarks/benchmarks/vit_2023/onnx/pgd_2_3_16.onnx,/home/elipregerson/nnenum/vnncomp2025_benchmarks/benchmarks/vit_2023/vnnlib/pgd_2_3_16_7579.vnnlib,.006344666,error_exit_code_1,.611071553
vit_2023,/home/elipregerson/nnenum/vnncomp2025_benchmarks/benchmarks/vit_2023/onnx/pgd_2_3_16.onnx,/home/elipregerson/nnenum/vnncomp2025_benchmarks/benchmarks/vit_2023/vnnlib/pgd_2_3_16_8751.vnnlib,.006023184,error_exit_code_1,.594237959
vit_2023,/home/elipregerson/nnenum/vnncomp2025_benchmarks/benchmarks/vit_2023/onnx/pgd_2_3_16.onnx,/home/elipregerson/nnenum/vnncomp2025_benchmarks/benchmarks/vit_2023/vnnlib/pgd_2_3_16_7576.vnnlib,.005977372,error_exit_code_1,.595354267
vit_2023,/home/elipregerson/nnenum/vnncomp2025_benchmarks/benchmarks/vit_2023/onnx/pgd_2_3_16.onnx,/home/elipregerson/nnenum/vnncomp2025_benchmarks/benchmarks/vit_2023/vnnlib/pgd_2_3_16_1087.vnnlib,.006032554,error_exit_code_1,.590071590
vit_2023,/home/elipregerson/nnenum/vnncomp2025_benchmarks/benchmarks/vit_2023/onnx/pgd_2_3_16.onnx,/home/elipregerson/nnenum/vnncomp2025_benchmarks/benchmarks/vit_2023/vnnlib/pgd_2_3_16_6102.vnnlib,.006088006,error_exit_code_1,.604048758
vit_2023,/home/elipregerson/nnenum/vnncomp2025_benchmarks/benchmarks/vit_2023/onnx/pgd_2_3_16.onnx,/home/elipregerson/nnenum/vnncomp2025_benchmarks/benchmarks/vit_2023/vnnlib/pgd_2_3_16_3155.vnnlib,.006145819,error_exit_code_1,.604538643
vit_2023,/home/elipregerson/nnenum/vnncomp2025_benchmarks/benchmarks/vit_2023/onnx/pgd_2_3_16.onnx,/home/elipregerson/nnenum/vnncomp2025_benchmarks/benchmarks/vit_2023/vnnlib/pgd_2_3_16_7209.vnnlib,.006221029,error_exit_code_1,.590048472
vit_2023,/home/elipregerson/nnenum/vnncomp2025_benchmarks/benchmarks/vit_2023/onnx/pgd_2_3_16.onnx,/home/elipregerson/nnenum/vnncomp2025_benchmarks/benchmarks/vit_2023/vnnlib/pgd_2_3_16_4817.vnnlib,.006145027,error_exit_code_1,.600830492
vit_2023,/home/elipregerson/nnenum/vnncomp2025_benchmarks/benchmarks/vit_2023/onnx/pgd_2_3_16.onnx,/home/elipregerson/nnenum/vnncomp2025_benchmarks/benchmarks/vit_2023/vnnlib/pgd_2_3_16_9466.vnnlib,.006056642,error_exit_code_1,.593901880
vit_2023,/home/elipregerson/nnenum/vnncomp2025_benchmarks/benchmarks/vit_2023/onnx/pgd_2_3_16.onnx,/home/elipregerson/nnenum/vnncomp2025_benchmarks/benchmarks/vit_2023/vnnlib/pgd_2_3_16_285.vnnlib,.006053047,error_exit_code_1,.603268565
vit_2023,/home/elipregerson/nnenum/vnncomp2025_benchmarks/benchmarks/vit_2023/onnx/pgd_2_3_16.onnx,/home/elipregerson/nnenum/vnncomp2025_benchmarks/benchmarks/vit_2023/vnnlib/pgd_2_3_16_1949.vnnlib,.006025942,error_exit_code_1,.610062900
vit_2023,/home/elipregerson/nnenum/vnncomp2025_benchmarks/benchmarks/vit_2023/onnx/pgd_2_3_16.onnx,/home/elipregerson/nnenum/vnncomp2025_benchmarks/benchmarks/vit_2023/vnnlib/pgd_2_3_16_3689.vnnlib,.006094491,error_exit_code_1,.600356619
vit_2023,/home/elipregerson/nnenum/vnncomp2025_benchmarks/benchmarks/vit_2023/onnx/pgd_2_3_16.onnx,/home/elipregerson/nnenum/vnncomp2025_benchmarks/benchmarks/vit_2023/vnnlib/pgd_2_3_16_3313.vnnlib,.006188967,error_exit_code_1,.597165374
vit_2023,/home/elipregerson/nnenum/vnncomp2025_benchmarks/benchmarks/vit_2023/onnx/pgd_2_3_16.onnx,/home/elipregerson/nnenum/vnncomp2025_benchmarks/benchmarks/vit_2023/vnnlib/pgd_2_3_16_8164.vnnlib,.006225660,error_exit_code_1,.593875103
vit_2023,/home/elipregerson/nnenum/vnncomp2025_benchmarks/benchmarks/vit_2023/onnx/ibp_3_3_8.onnx,/home/elipregerson/nnenum/vnncomp2025_benchmarks/benchmarks/vit_2023/vnnlib/ibp_3_3_8_3031.vnnlib,.006255573,error_exit_code_1,.605891168
vit_2023,/home/elipregerson/nnenum/vnncomp2025_benchmarks/benchmarks/vit_2023/onnx/ibp_3_3_8.onnx,/home/elipregerson/nnenum/vnncomp2025_benchmarks/benchmarks/vit_2023/vnnlib/ibp_3_3_8_746.vnnlib,.006186308,error_exit_code_1,.610038544
vit_2023,/home/elipregerson/nnenum/vnncomp2025_benchmarks/benchmarks/vit_2023/onnx/ibp_3_3_8.onnx,/home/elipregerson/nnenum/vnncomp2025_benchmarks/benchmarks/vit_2023/vnnlib/ibp_3_3_8_1151.vnnlib,.006213001,error_exit_code_1,.605014486
vit_2023,/home/elipregerson/nnenum/vnncomp2025_benchmarks/benchmarks/vit_2023/onnx/ibp_3_3_8.onnx,/home/elipregerson/nnenum/vnncomp2025_benchmarks/benchmarks/vit_2023/vnnlib/ibp_3_3_8_8369.vnnlib,.006329169,error_exit_code_1,.599267881
vit_2023,/home/elipregerson/nnenum/vnncomp2025_benchmarks/benchmarks/vit_2023/onnx/ibp_3_3_8.onnx,/home/elipregerson/nnenum/vnncomp2025_benchmarks/benchmarks/vit_2023/vnnlib/ibp_3_3_8_7011.vnnlib,.006229528,error_exit_code_1,.600343320
vit_2023,/home/elipregerson/nnenum/vnncomp2025_benchmarks/benchmarks/vit_2023/onnx/ibp_3_3_8.onnx,/home/elipregerson/nnenum/vnncomp2025_benchmarks/benchmarks/vit_2023/vnnlib/ibp_3_3_8_477.vnnlib,.006200014,error_exit_code_1,.602997453
vit_2023,/home/elipregerson/nnenum/vnncomp2025_benchmarks/benchmarks/vit_2023/onnx/ibp_3_3_8.onnx,/home/elipregerson/nnenum/vnncomp2025_benchmarks/benchmarks/vit_2023/vnnlib/ibp_3_3_8_4846.vnnlib,.006216765,error_exit_code_1,.601034751
vit_2023,/home/elipregerson/nnenum/vnncomp2025_benchmarks/benchmarks/vit_2023/onnx/ibp_3_3_8.onnx,/home/elipregerson/nnenum/vnncomp2025_benchmarks/benchmarks/vit_2023/vnnlib/ibp_3_3_8_6263.vnnlib,.006223511,error_exit_code_1,.601462286
vit_2023,/home/elipregerson/nnenum/vnncomp2025_benchmarks/benchmarks/vit_2023/onnx/ibp_3_3_8.onnx,/home/elipregerson/nnenum/vnncomp2025_benchmarks/benchmarks/vit_2023/vnnlib/ibp_3_3_8_2738.vnnlib,.006182873,error_exit_code_1,.621463809
vit_2023,/home/elipregerson/nnenum/vnncomp2025_benchmarks/benchmarks/vit_2023/onnx/ibp_3_3_8.onnx,/home/elipregerson/nnenum/vnncomp2025_benchmarks/benchmarks/vit_2023/vnnlib/ibp_3_3_8_3683.vnnlib,.006083984,error_exit_code_1,.601908351
vit_2023,/home/elipregerson/nnenum/vnncomp2025_benchmarks/benchmarks/vit_2023/onnx/ibp_3_3_8.onnx,/home/elipregerson/nnenum/vnncomp2025_benchmarks/benchmarks/vit_2023/vnnlib/ibp_3_3_8_8325.vnnlib,.006180155,error_exit_code_1,.597279460
vit_2023,/home/elipregerson/nnenum/vnncomp2025_benchmarks/benchmarks/vit_2023/onnx/ibp_3_3_8.onnx,/home/elipregerson/nnenum/vnncomp2025_benchmarks/benchmarks/vit_2023/vnnlib/ibp_3_3_8_8740.vnnlib,.006391425,error_exit_code_1,.598848194
vit_2023,/home/elipregerson/nnenum/vnncomp2025_benchmarks/benchmarks/vit_2023/onnx/ibp_3_3_8.onnx,/home/elipregerson/nnenum/vnncomp2025_benchmarks/benchmarks/vit_2023/vnnlib/ibp_3_3_8_3005.vnnlib,.006259584,error_exit_code_1,.602028646
vit_2023,/home/elipregerson/nnenum/vnncomp2025_benchmarks/benchmarks/vit_2023/onnx/ibp_3_3_8.onnx,/home/elipregerson/nnenum/vnncomp2025_benchmarks/benchmarks/vit_2023/vnnlib/ibp_3_3_8_5899.vnnlib,.006189973,error_exit_code_1,.599317123
vit_2023,/home/elipregerson/nnenum/vnncomp2025_benchmarks/benchmarks/vit_2023/onnx/ibp_3_3_8.onnx,/home/elipregerson/nnenum/vnncomp2025_benchmarks/benchmarks/vit_2023/vnnlib/ibp_3_3_8_8481.vnnlib,.006186197,error_exit_code_1,.609861642
vit_2023,/home/elipregerson/nnenum/vnncomp2025_benchmarks/benchmarks/vit_2023/onnx/ibp_3_3_8.onnx,/home/elipregerson/nnenum/vnncomp2025_benchmarks/benchmarks/vit_2023/vnnlib/ibp_3_3_8_4493.vnnlib,.006302744,error_exit_code_1,.601112958
vit_2023,/home/elipregerson/nnenum/vnncomp2025_benchmarks/benchmarks/vit_2023/onnx/ibp_3_3_8.onnx,/home/elipregerson/nnenum/vnncomp2025_benchmarks/benchmarks/vit_2023/vnnlib/ibp_3_3_8_5535.vnnlib,.006067429,error_exit_code_1,.602569405
vit_2023,/home/elipregerson/nnenum/vnncomp2025_benchmarks/benchmarks/vit_2023/onnx/ibp_3_3_8.onnx,/home/elipregerson/nnenum/vnncomp2025_benchmarks/benchmarks/vit_2023/vnnlib/ibp_3_3_8_9794.vnnlib,.005941022,error_exit_code_1,.615438275
vit_2023,/home/elipregerson/nnenum/vnncomp2025_benchmarks/benchmarks/vit_2023/onnx/ibp_3_3_8.onnx,/home/elipregerson/nnenum/vnncomp2025_benchmarks/benchmarks/vit_2023/vnnlib/ibp_3_3_8_5600.vnnlib,.006208660,error_exit_code_1,.599964785
vit_2023,/home/elipregerson/nnenum/vnncomp2025_benchmarks/benchmarks/vit_2023/onnx/ibp_3_3_8.onnx,/home/elipregerson/nnenum/vnncomp2025_benchmarks/benchmarks/vit_2023/vnnlib/ibp_3_3_8_3949.vnnlib,.006099494,error_exit_code_1,.601018564
vit_2023,/home/elipregerson/nnenum/vnncomp2025_benchmarks/benchmarks/vit_2023/onnx/ibp_3_3_8.onnx,/home/elipregerson/nnenum/vnncomp2025_benchmarks/benchmarks/vit_2023/vnnlib/ibp_3_3_8_1648.vnnlib,.006269397,error_exit_code_1,.607190251
vit_2023,/home/elipregerson/nnenum/vnncomp2025_benchmarks/benchmarks/vit_2023/onnx/ibp_3_3_8.onnx,/home/elipregerson/nnenum/vnncomp2025_benchmarks/benchmarks/vit_2023/vnnlib/ibp_3_3_8_2759.vnnlib,.006100898,error_exit_code_1,.599445202
vit_2023,/home/elipregerson/nnenum/vnncomp2025_benchmarks/benchmarks/vit_2023/onnx/ibp_3_3_8.onnx,/home/elipregerson/nnenum/vnncomp2025_benchmarks/benchmarks/vit_2023/vnnlib/ibp_3_3_8_1767.vnnlib,.006442471,error_exit_code_1,.593515409
vit_2023,/home/elipregerson/nnenum/vnncomp2025_benchmarks/benchmarks/vit_2023/onnx/ibp_3_3_8.onnx,/home/elipregerson/nnenum/vnncomp2025_benchmarks/benchmarks/vit_2023/vnnlib/ibp_3_3_8_260.vnnlib,.006300267,error_exit_code_1,.602827275
vit_2023,/home/elipregerson/nnenum/vnncomp2025_benchmarks/benchmarks/vit_2023/onnx/ibp_3_3_8.onnx,/home/elipregerson/nnenum/vnncomp2025_benchmarks/benchmarks/vit_2023/vnnlib/ibp_3_3_8_9708.vnnlib,.006200842,error_exit_code_1,.608557912
vit_2023,/home/elipregerson/nnenum/vnncomp2025_benchmarks/benchmarks/vit_2023/onnx/ibp_3_3_8.onnx,/home/elipregerson/nnenum/vnncomp2025_benchmarks/benchmarks/vit_2023/vnnlib/ibp_3_3_8_2303.vnnlib,.006203896,error_exit_code_1,.605462004
vit_2023,/home/elipregerson/nnenum/vnncomp2025_benchmarks/benchmarks/vit_2023/onnx/ibp_3_3_8.onnx,/home/elipregerson/nnenum/vnncomp2025_benchmarks/benchmarks/vit_2023/vnnlib/ibp_3_3_8_7671.vnnlib,.006116232,error_exit_code_1,.609257757
vit_2023,/home/elipregerson/nnenum/vnncomp2025_benchmarks/benchmarks/vit_2023/onnx/ibp_3_3_8.onnx,/home/elipregerson/nnenum/vnncomp2025_benchmarks/benchmarks/vit_2023/vnnlib/ibp_3_3_8_1796.vnnlib,.006142096,error_exit_code_1,.594279204
vit_2023,/home/elipregerson/nnenum/vnncomp2025_benchmarks/benchmarks/vit_2023/onnx/ibp_3_3_8.onnx,/home/elipregerson/nnenum/vnncomp2025_benchmarks/benchmarks/vit_2023/vnnlib/ibp_3_3_8_467.vnnlib,.006090153,error_exit_code_1,.602951786
vit_2023,/home/elipregerson/nnenum/vnncomp2025_benchmarks/benchmarks/vit_2023/onnx/ibp_3_3_8.onnx,/home/elipregerson/nnenum/vnncomp2025_benchmarks/benchmarks/vit_2023/vnnlib/ibp_3_3_8_2949.vnnlib,.006035011,error_exit_code_1,.595041373
vit_2023,/home/elipregerson/nnenum/vnncomp2025_benchmarks/benchmarks/vit_2023/onnx/ibp_3_3_8.onnx,/home/elipregerson/nnenum/vnncomp2025_benchmarks/benchmarks/vit_2023/vnnlib/ibp_3_3_8_6300.vnnlib,.006153932,error_exit_code_1,.593847213
vit_2023,/home/elipregerson/nnenum/vnncomp2025_benchmarks/benchmarks/vit_2023/onnx/ibp_3_3_8.onnx,/home/elipregerson/nnenum/vnncomp2025_benchmarks/benchmarks/vit_2023/vnnlib/ibp_3_3_8_9175.vnnlib,.006099303,error_exit_code_1,.591216232
vit_2023,/home/elipregerson/nnenum/vnncomp2025_benchmarks/benchmarks/vit_2023/onnx/ibp_3_3_8.onnx,/home/elipregerson/nnenum/vnncomp2025_benchmarks/benchmarks/vit_2023/vnnlib/ibp_3_3_8_6902.vnnlib,.006077447,error_exit_code_1,.604642116
vit_2023,/home/elipregerson/nnenum/vnncomp2025_benchmarks/benchmarks/vit_2023/onnx/ibp_3_3_8.onnx,/home/elipregerson/nnenum/vnncomp2025_benchmarks/benchmarks/vit_2023/vnnlib/ibp_3_3_8_7116.vnnlib,.006113713,error_exit_code_1,.602129226
vit_2023,/home/elipregerson/nnenum/vnncomp2025_benchmarks/benchmarks/vit_2023/onnx/ibp_3_3_8.onnx,/home/elipregerson/nnenum/vnncomp2025_benchmarks/benchmarks/vit_2023/vnnlib/ibp_3_3_8_9432.vnnlib,.006051230,error_exit_code_1,.598034546
vit_2023,/home/elipregerson/nnenum/vnncomp2025_benchmarks/benchmarks/vit_2023/onnx/ibp_3_3_8.onnx,/home/elipregerson/nnenum/vnncomp2025_benchmarks/benchmarks/vit_2023/vnnlib/ibp_3_3_8_7322.vnnlib,.006093826,error_exit_code_1,.606227794
vit_2023,/home/elipregerson/nnenum/vnncomp2025_benchmarks/benchmarks/vit_2023/onnx/ibp_3_3_8.onnx,/home/elipregerson/nnenum/vnncomp2025_benchmarks/benchmarks/vit_2023/vnnlib/ibp_3_3_8_1264.vnnlib,.006186966,error_exit_code_1,.599966115
vit_2023,/home/elipregerson/nnenum/vnncomp2025_benchmarks/benchmarks/vit_2023/onnx/ibp_3_3_8.onnx,/home/elipregerson/nnenum/vnncomp2025_benchmarks/benchmarks/vit_2023/vnnlib/ibp_3_3_8_8918.vnnlib,.006084534,error_exit_code_1,.603514138
vit_2023,/home/elipregerson/nnenum/vnncomp2025_benchmarks/benchmarks/vit_2023/onnx/ibp_3_3_8.onnx,/home/elipregerson/nnenum/vnncomp2025_benchmarks/benchmarks/vit_2023/vnnlib/ibp_3_3_8_6091.vnnlib,.006311983,error_exit_code_1,.607363778
vit_2023,/home/elipregerson/nnenum/vnncomp2025_benchmarks/benchmarks/vit_2023/onnx/ibp_3_3_8.onnx,/home/elipregerson/nnenum/vnncomp2025_benchmarks/benchmarks/vit_2023/vnnlib/ibp_3_3_8_4027.vnnlib,.006206213,error_exit_code_1,.608755417
vit_2023,/home/elipregerson/nnenum/vnncomp2025_benchmarks/benchmarks/vit_2023/onnx/ibp_3_3_8.onnx,/home/elipregerson/nnenum/vnncomp2025_benchmarks/benchmarks/vit_2023/vnnlib/ibp_3_3_8_1028.vnnlib,.006259815,error_exit_code_1,.597131314
vit_2023,/home/elipregerson/nnenum/vnncomp2025_benchmarks/benchmarks/vit_2023/onnx/ibp_3_3_8.onnx,/home/elipregerson/nnenum/vnncomp2025_benchmarks/benchmarks/vit_2023/vnnlib/ibp_3_3_8_7926.vnnlib,.006087950,error_exit_code_1,.614026899
vit_2023,/home/elipregerson/nnenum/vnncomp2025_benchmarks/benchmarks/vit_2023/onnx/ibp_3_3_8.onnx,/home/elipregerson/nnenum/vnncomp2025_benchmarks/benchmarks/vit_2023/vnnlib/ibp_3_3_8_2157.vnnlib,.006290196,error_exit_code_1,.605852736
vit_2023,/home/elipregerson/nnenum/vnncomp2025_benchmarks/benchmarks/vit_2023/onnx/ibp_3_3_8.onnx,/home/elipregerson/nnenum/vnncomp2025_benchmarks/benchmarks/vit_2023/vnnlib/ibp_3_3_8_9128.vnnlib,.006229697,error_exit_code_1,.598893736
vit_2023,/home/elipregerson/nnenum/vnncomp2025_benchmarks/benchmarks/vit_2023/onnx/ibp_3_3_8.onnx,/home/elipregerson/nnenum/vnncomp2025_benchmarks/benchmarks/vit_2023/vnnlib/ibp_3_3_8_9687.vnnlib,.006294590,error_exit_code_1,.612744308
vit_2023,/home/elipregerson/nnenum/vnncomp2025_benchmarks/benchmarks/vit_2023/onnx/ibp_3_3_8.onnx,/home/elipregerson/nnenum/vnncomp2025_benchmarks/benchmarks/vit_2023/vnnlib/ibp_3_3_8_4861.vnnlib,.006260498,error_exit_code_1,.600982087
vit_2023,/home/elipregerson/nnenum/vnncomp2025_benchmarks/benchmarks/vit_2023/onnx/ibp_3_3_8.onnx,/home/elipregerson/nnenum/vnncomp2025_benchmarks/benchmarks/vit_2023/vnnlib/ibp_3_3_8_9895.vnnlib,.006212714,error_exit_code_1,.606573223
vit_2023,/home/elipregerson/nnenum/vnncomp2025_benchmarks/benchmarks/vit_2023/onnx/ibp_3_3_8.onnx,/home/elipregerson/nnenum/vnncomp2025_benchmarks/benchmarks/vit_2023/vnnlib/ibp_3_3_8_8386.vnnlib,.006165501,error_exit_code_1,.620884775
vit_2023,/home/elipregerson/nnenum/vnncomp2025_benchmarks/benchmarks/vit_2023/onnx/ibp_3_3_8.onnx,/home/elipregerson/nnenum/vnncomp2025_benchmarks/benchmarks/vit_2023/vnnlib/ibp_3_3_8_440.vnnlib,.006116776,error_exit_code_1,.601825716
vit_2023,/home/elipregerson/nnenum/vnncomp2025_benchmarks/benchmarks/vit_2023/onnx/ibp_3_3_8.onnx,/home/elipregerson/nnenum/vnncomp2025_benchmarks/benchmarks/vit_2023/vnnlib/ibp_3_3_8_8783.vnnlib,.006172822,error_exit_code_1,.604357835
vit_2023,/home/elipregerson/nnenum/vnncomp2025_benchmarks/benchmarks/vit_2023/onnx/ibp_3_3_8.onnx,/home/elipregerson/nnenum/vnncomp2025_benchmarks/benchmarks/vit_2023/vnnlib/ibp_3_3_8_9965.vnnlib,.006170192,error_exit_code_1,.598053311
vit_2023,/home/elipregerson/nnenum/vnncomp2025_benchmarks/benchmarks/vit_2023/onnx/ibp_3_3_8.onnx,/home/elipregerson/nnenum/vnncomp2025_benchmarks/benchmarks/vit_2023/vnnlib/ibp_3_3_8_3895.vnnlib,.006197493,error_exit_code_1,.596016448
vit_2023,/home/elipregerson/nnenum/vnncomp2025_benchmarks/benchmarks/vit_2023/onnx/ibp_3_3_8.onnx,/home/elipregerson/nnenum/vnncomp2025_benchmarks/benchmarks/vit_2023/vnnlib/ibp_3_3_8_8146.vnnlib,.006214614,error_exit_code_1,.611156103
vit_2023,/home/elipregerson/nnenum/vnncomp2025_benchmarks/benchmarks/vit_2023/onnx/ibp_3_3_8.onnx,/home/elipregerson/nnenum/vnncomp2025_benchmarks/benchmarks/vit_2023/vnnlib/ibp_3_3_8_8137.vnnlib,.006234737,error_exit_code_1,.605492483
vit_2023,/home/elipregerson/nnenum/vnncomp2025_benchmarks/benchmarks/vit_2023/onnx/ibp_3_3_8.onnx,/home/elipregerson/nnenum/vnncomp2025_benchmarks/benchmarks/vit_2023/vnnlib/ibp_3_3_8_5532.vnnlib,.006166263,error_exit_code_1,.610726235
vit_2023,/home/elipregerson/nnenum/vnncomp2025_benchmarks/benchmarks/vit_2023/onnx/ibp_3_3_8.onnx,/home/elipregerson/nnenum/vnncomp2025_benchmarks/benchmarks/vit_2023/vnnlib/ibp_3_3_8_9430.vnnlib,.006276622,error_exit_code_1,.599727800
vit_2023,/home/elipregerson/nnenum/vnncomp2025_benchmarks/benchmarks/vit_2023/onnx/ibp_3_3_8.onnx,/home/elipregerson/nnenum/vnncomp2025_benchmarks/benchmarks/vit_2023/vnnlib/ibp_3_3_8_2383.vnnlib,.006163877,error_exit_code_1,.615554945
vit_2023,/home/elipregerson/nnenum/vnncomp2025_benchmarks/benchmarks/vit_2023/onnx/ibp_3_3_8.onnx,/home/elipregerson/nnenum/vnncomp2025_benchmarks/benchmarks/vit_2023/vnnlib/ibp_3_3_8_6438.vnnlib,.006007688,error_exit_code_1,.598142603
vit_2023,/home/elipregerson/nnenum/vnncomp2025_benchmarks/benchmarks/vit_2023/onnx/ibp_3_3_8.onnx,/home/elipregerson/nnenum/vnncomp2025_benchmarks/benchmarks/vit_2023/vnnlib/ibp_3_3_8_4703.vnnlib,.006067590,error_exit_code_1,.607326657
vit_2023,/home/elipregerson/nnenum/vnncomp2025_benchmarks/benchmarks/vit_2023/onnx/ibp_3_3_8.onnx,/home/elipregerson/nnenum/vnncomp2025_benchmarks/benchmarks/vit_2023/vnnlib/ibp_3_3_8_5402.vnnlib,.006281004,error_exit_code_1,.602345996
vit_2023,/home/elipregerson/nnenum/vnncomp2025_benchmarks/benchmarks/vit_2023/onnx/ibp_3_3_8.onnx,/home/elipregerson/nnenum/vnncomp2025_benchmarks/benchmarks/vit_2023/vnnlib/ibp_3_3_8_7364.vnnlib,.006211882,error_exit_code_1,.597499102
vit_2023,/home/elipregerson/nnenum/vnncomp2025_benchmarks/benchmarks/vit_2023/onnx/ibp_3_3_8.onnx,/home/elipregerson/nnenum/vnncomp2025_benchmarks/benchmarks/vit_2023/vnnlib/ibp_3_3_8_7227.vnnlib,.006243362,error_exit_code_1,.594758544
vit_2023,/home/elipregerson/nnenum/vnncomp2025_benchmarks/benchmarks/vit_2023/onnx/ibp_3_3_8.onnx,/home/elipregerson/nnenum/vnncomp2025_benchmarks/benchmarks/vit_2023/vnnlib/ibp_3_3_8_4603.vnnlib,.006145249,error_exit_code_1,.601134748
vit_2023,/home/elipregerson/nnenum/vnncomp2025_benchmarks/benchmarks/vit_2023/onnx/ibp_3_3_8.onnx,/home/elipregerson/nnenum/vnncomp2025_benchmarks/benchmarks/vit_2023/vnnlib/ibp_3_3_8_8792.vnnlib,.006188605,error_exit_code_1,.613702007
vit_2023,/home/elipregerson/nnenum/vnncomp2025_benchmarks/benchmarks/vit_2023/onnx/ibp_3_3_8.onnx,/home/elipregerson/nnenum/vnncomp2025_benchmarks/benchmarks/vit_2023/vnnlib/ibp_3_3_8_6025.vnnlib,.006226301,error_exit_code_1,.614435393
vit_2023,/home/elipregerson/nnenum/vnncomp2025_benchmarks/benchmarks/vit_2023/onnx/ibp_3_3_8.onnx,/home/elipregerson/nnenum/vnncomp2025_benchmarks/benchmarks/vit_2023/vnnlib/ibp_3_3_8_236.vnnlib,.006119192,error_exit_code_1,.602152962
vit_2023,/home/elipregerson/nnenum/vnncomp2025_benchmarks/benchmarks/vit_2023/onnx/ibp_3_3_8.onnx,/home/elipregerson/nnenum/vnncomp2025_benchmarks/benchmarks/vit_2023/vnnlib/ibp_3_3_8_7157.vnnlib,.006176822,error_exit_code_1,.595802113
vit_2023,/home/elipregerson/nnenum/vnncomp2025_benchmarks/benchmarks/vit_2023/onnx/ibp_3_3_8.onnx,/home/elipregerson/nnenum/vnncomp2025_benchmarks/benchmarks/vit_2023/vnnlib/ibp_3_3_8_6401.vnnlib,.006233305,error_exit_code_1,.609791084
vit_2023,/home/elipregerson/nnenum/vnncomp2025_benchmarks/benchmarks/vit_2023/onnx/ibp_3_3_8.onnx,/home/elipregerson/nnenum/vnncomp2025_benchmarks/benchmarks/vit_2023/vnnlib/ibp_3_3_8_3850.vnnlib,.006086531,error_exit_code_1,.598927861
vit_2023,/home/elipregerson/nnenum/vnncomp2025_benchmarks/benchmarks/vit_2023/onnx/ibp_3_3_8.onnx,/home/elipregerson/nnenum/vnncomp2025_benchmarks/benchmarks/vit_2023/vnnlib/ibp_3_3_8_4297.vnnlib,.006198873,error_exit_code_1,.599884950
vit_2023,/home/elipregerson/nnenum/vnncomp2025_benchmarks/benchmarks/vit_2023/onnx/ibp_3_3_8.onnx,/home/elipregerson/nnenum/vnncomp2025_benchmarks/benchmarks/vit_2023/vnnlib/ibp_3_3_8_3158.vnnlib,.006037926,error_exit_code_1,.600491713
vit_2023,/home/elipregerson/nnenum/vnncomp2025_benchmarks/benchmarks/vit_2023/onnx/ibp_3_3_8.onnx,/home/elipregerson/nnenum/vnncomp2025_benchmarks/benchmarks/vit_2023/vnnlib/ibp_3_3_8_2671.vnnlib,.006192052,error_exit_code_1,.614164743
vit_2023,/home/elipregerson/nnenum/vnncomp2025_benchmarks/benchmarks/vit_2023/onnx/ibp_3_3_8.onnx,/home/elipregerson/nnenum/vnncomp2025_benchmarks/benchmarks/vit_2023/vnnlib/ibp_3_3_8_3193.vnnlib,.006194296,error_exit_code_1,.603689259
vit_2023,/home/elipregerson/nnenum/vnncomp2025_benchmarks/benchmarks/vit_2023/onnx/ibp_3_3_8.onnx,/home/elipregerson/nnenum/vnncomp2025_benchmarks/benchmarks/vit_2023/vnnlib/ibp_3_3_8_2339.vnnlib,.006110782,error_exit_code_1,.600483936
vit_2023,/home/elipregerson/nnenum/vnncomp2025_benchmarks/benchmarks/vit_2023/onnx/ibp_3_3_8.onnx,/home/elipregerson/nnenum/vnncomp2025_benchmarks/benchmarks/vit_2023/vnnlib/ibp_3_3_8_1656.vnnlib,.006259364,error_exit_code_1,.597322094
vit_2023,/home/elipregerson/nnenum/vnncomp2025_benchmarks/benchmarks/vit_2023/onnx/ibp_3_3_8.onnx,/home/elipregerson/nnenum/vnncomp2025_benchmarks/benchmarks/vit_2023/vnnlib/ibp_3_3_8_4199.vnnlib,.006360747,error_exit_code_1,.607735254
vit_2023,/home/elipregerson/nnenum/vnncomp2025_benchmarks/benchmarks/vit_2023/onnx/ibp_3_3_8.onnx,/home/elipregerson/nnenum/vnncomp2025_benchmarks/benchmarks/vit_2023/vnnlib/ibp_3_3_8_7682.vnnlib,.006218804,error_exit_code_1,.602020163
vit_2023,/home/elipregerson/nnenum/vnncomp2025_benchmarks/benchmarks/vit_2023/onnx/ibp_3_3_8.onnx,/home/elipregerson/nnenum/vnncomp2025_benchmarks/benchmarks/vit_2023/vnnlib/ibp_3_3_8_2429.vnnlib,.006194581,error_exit_code_1,.599062735
vit_2023,/home/elipregerson/nnenum/vnncomp2025_benchmarks/benchmarks/vit_2023/onnx/ibp_3_3_8.onnx,/home/elipregerson/nnenum/vnncomp2025_benchmarks/benchmarks/vit_2023/vnnlib/ibp_3_3_8_7305.vnnlib,.006088876,error_exit_code_1,.613428784
vit_2023,/home/elipregerson/nnenum/vnncomp2025_benchmarks/benchmarks/vit_2023/onnx/ibp_3_3_8.onnx,/home/elipregerson/nnenum/vnncomp2025_benchmarks/benchmarks/vit_2023/vnnlib/ibp_3_3_8_6769.vnnlib,.006219957,error_exit_code_1,.602053591
vit_2023,/home/elipregerson/nnenum/vnncomp2025_benchmarks/benchmarks/vit_2023/onnx/ibp_3_3_8.onnx,/home/elipregerson/nnenum/vnncomp2025_benchmarks/benchmarks/vit_2023/vnnlib/ibp_3_3_8_253.vnnlib,.006177830,error_exit_code_1,.611858467
vit_2023,/home/elipregerson/nnenum/vnncomp2025_benchmarks/benchmarks/vit_2023/onnx/ibp_3_3_8.onnx,/home/elipregerson/nnenum/vnncomp2025_benchmarks/benchmarks/vit_2023/vnnlib/ibp_3_3_8_7132.vnnlib,.006006661,error_exit_code_1,.594816280
vit_2023,/home/elipregerson/nnenum/vnncomp2025_benchmarks/benchmarks/vit_2023/onnx/ibp_3_3_8.onnx,/home/elipregerson/nnenum/vnncomp2025_benchmarks/benchmarks/vit_2023/vnnlib/ibp_3_3_8_4879.vnnlib,.006040087,error_exit_code_1,.598695801
vit_2023,/home/elipregerson/nnenum/vnncomp2025_benchmarks/benchmarks/vit_2023/onnx/ibp_3_3_8.onnx,/home/elipregerson/nnenum/vnncomp2025_benchmarks/benchmarks/vit_2023/vnnlib/ibp_3_3_8_5753.vnnlib,.006104148,error_exit_code_1,.598361112
vit_2023,/home/elipregerson/nnenum/vnncomp2025_benchmarks/benchmarks/vit_2023/onnx/ibp_3_3_8.onnx,/home/elipregerson/nnenum/vnncomp2025_benchmarks/benchmarks/vit_2023/vnnlib/ibp_3_3_8_9481.vnnlib,.006239669,error_exit_code_1,.619785301
vit_2023,/home/elipregerson/nnenum/vnncomp2025_benchmarks/benchmarks/vit_2023/onnx/ibp_3_3_8.onnx,/home/elipregerson/nnenum/vnncomp2025_benchmarks/benchmarks/vit_2023/vnnlib/ibp_3_3_8_996.vnnlib,.006355556,error_exit_code_1,.594682309
vit_2023,/home/elipregerson/nnenum/vnncomp2025_benchmarks/benchmarks/vit_2023/onnx/ibp_3_3_8.onnx,/home/elipregerson/nnenum/vnncomp2025_benchmarks/benchmarks/vit_2023/vnnlib/ibp_3_3_8_9059.vnnlib,.006116345,error_exit_code_1,.597887379
vit_2023,/home/elipregerson/nnenum/vnncomp2025_benchmarks/benchmarks/vit_2023/onnx/ibp_3_3_8.onnx,/home/elipregerson/nnenum/vnncomp2025_benchmarks/benchmarks/vit_2023/vnnlib/ibp_3_3_8_3131.vnnlib,.006188489,error_exit_code_1,.599829861
vit_2023,/home/elipregerson/nnenum/vnncomp2025_benchmarks/benchmarks/vit_2023/onnx/ibp_3_3_8.onnx,/home/elipregerson/nnenum/vnncomp2025_benchmarks/benchmarks/vit_2023/vnnlib/ibp_3_3_8_7624.vnnlib,.006113582,error_exit_code_1,.601447313
vit_2023,/home/elipregerson/nnenum/vnncomp2025_benchmarks/benchmarks/vit_2023/onnx/ibp_3_3_8.onnx,/home/elipregerson/nnenum/vnncomp2025_benchmarks/benchmarks/vit_2023/vnnlib/ibp_3_3_8_6948.vnnlib,.006256575,error_exit_code_1,.607864421
vit_2023,/home/elipregerson/nnenum/vnncomp2025_benchmarks/benchmarks/vit_2023/onnx/ibp_3_3_8.onnx,/home/elipregerson/nnenum/vnncomp2025_benchmarks/benchmarks/vit_2023/vnnlib/ibp_3_3_8_7689.vnnlib,.006097790,error_exit_code_1,.609580652
vit_2023,/home/elipregerson/nnenum/vnncomp2025_benchmarks/benchmarks/vit_2023/onnx/ibp_3_3_8.onnx,/home/elipregerson/nnenum/vnncomp2025_benchmarks/benchmarks/vit_2023/vnnlib/ibp_3_3_8_8694.vnnlib,.006154772,error_exit_code_1,.592022503
vit_2023,/home/elipregerson/nnenum/vnncomp2025_benchmarks/benchmarks/vit_2023/onnx/ibp_3_3_8.onnx,/home/elipregerson/nnenum/vnncomp2025_benchmarks/benchmarks/vit_2023/vnnlib/ibp_3_3_8_2851.vnnlib,.006252589,error_exit_code_1,.611376933
vit_2023,/home/elipregerson/nnenum/vnncomp2025_benchmarks/benchmarks/vit_2023/onnx/ibp_3_3_8.onnx,/home/elipregerson/nnenum/vnncomp2025_benchmarks/benchmarks/vit_2023/vnnlib/ibp_3_3_8_8354.vnnlib,.006053122,error_exit_code_1,.595005205
vit_2023,/home/elipregerson/nnenum/vnncomp2025_benchmarks/benchmarks/vit_2023/onnx/ibp_3_3_8.onnx,/home/elipregerson/nnenum/vnncomp2025_benchmarks/benchmarks/vit_2023/vnnlib/ibp_3_3_8_8900.vnnlib,.006077567,error_exit_code_1,.599766998
vit_2023,/home/elipregerson/nnenum/vnncomp2025_benchmarks/benchmarks/vit_2023/onnx/ibp_3_3_8.onnx,/home/elipregerson/nnenum/vnncomp2025_benchmarks/benchmarks/vit_2023/vnnlib/ibp_3_3_8_3810.vnnlib,.006332055,error_exit_code_1,.602252877
vit_2023,/home/elipregerson/nnenum/vnncomp2025_benchmarks/benchmarks/vit_2023/onnx/ibp_3_3_8.onnx,/home/elipregerson/nnenum/vnncomp2025_benchmarks/benchmarks/vit_2023/vnnlib/ibp_3_3_8_460.vnnlib,.006061660,error_exit_code_1,.605295842
vit_2023,/home/elipregerson/nnenum/vnncomp2025_benchmarks/benchmarks/vit_2023/onnx/ibp_3_3_8.onnx,/home/elipregerson/nnenum/vnncomp2025_benchmarks/benchmarks/vit_2023/vnnlib/ibp_3_3_8_6239.vnnlib,.006157851,error_exit_code_1,.600792342
vit_2023,/home/elipregerson/nnenum/vnncomp2025_benchmarks/benchmarks/vit_2023/onnx/ibp_3_3_8.onnx,/home/elipregerson/nnenum/vnncomp2025_benchmarks/benchmarks/vit_2023/vnnlib/ibp_3_3_8_4831.vnnlib,.006263415,error_exit_code_1,.595893833
vit_2023,/home/elipregerson/nnenum/vnncomp2025_benchmarks/benchmarks/vit_2023/onnx/ibp_3_3_8.onnx,/home/elipregerson/nnenum/vnncomp2025_benchmarks/benchmarks/vit_2023/vnnlib/ibp_3_3_8_8370.vnnlib,.006053713,error_exit_code_1,.606455974
vit_2023,/home/elipregerson/nnenum/vnncomp2025_benchmarks/benchmarks/test/onnx/test_nano.onnx,/home/elipregerson/nnenum/vnncomp2025_benchmarks/benchmarks/test/vnnlib/test_nano.vnnlib,.006288391,error_exit_code_1,.538166169
yolo_2023,/home/elipregerson/nnenum/vnncomp2025_benchmarks/benchmarks/yolo_2023/onnx/TinyYOLO.onnx,/home/elipregerson/nnenum/vnncomp2025_benchmarks/benchmarks/yolo_2023/vnnlib/TinyYOLO_prop_000005_eps_1_255.vnnlib,.006067523,error_exit_code_1,.591610949
yolo_2023,/home/elipregerson/nnenum/vnncomp2025_benchmarks/benchmarks/yolo_2023/onnx/TinyYOLO.onnx,/home/elipregerson/nnenum/vnncomp2025_benchmarks/benchmarks/yolo_2023/vnnlib/TinyYOLO_prop_000459_eps_1_255.vnnlib,.006228091,error_exit_code_1,.593380445
yolo_2023,/home/elipregerson/nnenum/vnncomp2025_benchmarks/benchmarks/yolo_2023/onnx/TinyYOLO.onnx,/home/elipregerson/nnenum/vnncomp2025_benchmarks/benchmarks/yolo_2023/vnnlib/TinyYOLO_prop_000290_eps_1_255.vnnlib,.006104044,error_exit_code_1,.588906035
yolo_2023,/home/elipregerson/nnenum/vnncomp2025_benchmarks/benchmarks/yolo_2023/onnx/TinyYOLO.onnx,/home/elipregerson/nnenum/vnncomp2025_benchmarks/benchmarks/yolo_2023/vnnlib/TinyYOLO_prop_000257_eps_1_255.vnnlib,.006391971,error_exit_code_1,.590950861
yolo_2023,/home/elipregerson/nnenum/vnncomp2025_benchmarks/benchmarks/yolo_2023/onnx/TinyYOLO.onnx,/home/elipregerson/nnenum/vnncomp2025_benchmarks/benchmarks/yolo_2023/vnnlib/TinyYOLO_prop_000367_eps_1_255.vnnlib,.006176785,error_exit_code_1,.594815059
yolo_2023,/home/elipregerson/nnenum/vnncomp2025_benchmarks/benchmarks/yolo_2023/onnx/TinyYOLO.onnx,/home/elipregerson/nnenum/vnncomp2025_benchmarks/benchmarks/yolo_2023/vnnlib/TinyYOLO_prop_000039_eps_1_255.vnnlib,.006314368,error_exit_code_1,.587006648
yolo_2023,/home/elipregerson/nnenum/vnncomp2025_benchmarks/benchmarks/yolo_2023/onnx/TinyYOLO.onnx,/home/elipregerson/nnenum/vnncomp2025_benchmarks/benchmarks/yolo_2023/vnnlib/TinyYOLO_prop_000082_eps_1_255.vnnlib,.006012131,error_exit_code_1,.595466694
yolo_2023,/home/elipregerson/nnenum/vnncomp2025_benchmarks/benchmarks/yolo_2023/onnx/TinyYOLO.onnx,/home/elipregerson/nnenum/vnncomp2025_benchmarks/benchmarks/yolo_2023/vnnlib/TinyYOLO_prop_000296_eps_1_255.vnnlib,.006103294,error_exit_code_1,.589742079
yolo_2023,/home/elipregerson/nnenum/vnncomp2025_benchmarks/benchmarks/yolo_2023/onnx/TinyYOLO.onnx,/home/elipregerson/nnenum/vnncomp2025_benchmarks/benchmarks/yolo_2023/vnnlib/TinyYOLO_prop_000034_eps_1_255.vnnlib,.006034963,error_exit_code_1,.585483351
yolo_2023,/home/elipregerson/nnenum/vnncomp2025_benchmarks/benchmarks/yolo_2023/onnx/TinyYOLO.onnx,/home/elipregerson/nnenum/vnncomp2025_benchmarks/benchmarks/yolo_2023/vnnlib/TinyYOLO_prop_000448_eps_1_255.vnnlib,.006154153,error_exit_code_1,.589810653
yolo_2023,/home/elipregerson/nnenum/vnncomp2025_benchmarks/benchmarks/yolo_2023/onnx/TinyYOLO.onnx,/home/elipregerson/nnenum/vnncomp2025_benchmarks/benchmarks/yolo_2023/vnnlib/TinyYOLO_prop_000221_eps_1_255.vnnlib,.006294044,error_exit_code_1,.596215335
yolo_2023,/home/elipregerson/nnenum/vnncomp2025_benchmarks/benchmarks/yolo_2023/onnx/TinyYOLO.onnx,/home/elipregerson/nnenum/vnncomp2025_benchmarks/benchmarks/yolo_2023/vnnlib/TinyYOLO_prop_000040_eps_1_255.vnnlib,.006273926,error_exit_code_1,.583703945
yolo_2023,/home/elipregerson/nnenum/vnncomp2025_benchmarks/benchmarks/yolo_2023/onnx/TinyYOLO.onnx,/home/elipregerson/nnenum/vnncomp2025_benchmarks/benchmarks/yolo_2023/vnnlib/TinyYOLO_prop_000118_eps_1_255.vnnlib,.006252917,error_exit_code_1,.586883581
yolo_2023,/home/elipregerson/nnenum/vnncomp2025_benchmarks/benchmarks/yolo_2023/onnx/TinyYOLO.onnx,/home/elipregerson/nnenum/vnncomp2025_benchmarks/benchmarks/yolo_2023/vnnlib/TinyYOLO_prop_000359_eps_1_255.vnnlib,.006121869,error_exit_code_1,.581409269
yolo_2023,/home/elipregerson/nnenum/vnncomp2025_benchmarks/benchmarks/yolo_2023/onnx/TinyYOLO.onnx,/home/elipregerson/nnenum/vnncomp2025_benchmarks/benchmarks/yolo_2023/vnnlib/TinyYOLO_prop_000006_eps_1_255.vnnlib,.006177835,error_exit_code_1,.596831679
yolo_2023,/home/elipregerson/nnenum/vnncomp2025_benchmarks/benchmarks/yolo_2023/onnx/TinyYOLO.onnx,/home/elipregerson/nnenum/vnncomp2025_benchmarks/benchmarks/yolo_2023/vnnlib/TinyYOLO_prop_000004_eps_1_255.vnnlib,.006153811,error_exit_code_1,.598366744
yolo_2023,/home/elipregerson/nnenum/vnncomp2025_benchmarks/benchmarks/yolo_2023/onnx/TinyYOLO.onnx,/home/elipregerson/nnenum/vnncomp2025_benchmarks/benchmarks/yolo_2023/vnnlib/TinyYOLO_prop_000316_eps_1_255.vnnlib,.006098629,error_exit_code_1,.584686709
yolo_2023,/home/elipregerson/nnenum/vnncomp2025_benchmarks/benchmarks/yolo_2023/onnx/TinyYOLO.onnx,/home/elipregerson/nnenum/vnncomp2025_benchmarks/benchmarks/yolo_2023/vnnlib/TinyYOLO_prop_000080_eps_1_255.vnnlib,.006233142,error_exit_code_1,.591631337
yolo_2023,/home/elipregerson/nnenum/vnncomp2025_benchmarks/benchmarks/yolo_2023/onnx/TinyYOLO.onnx,/home/elipregerson/nnenum/vnncomp2025_benchmarks/benchmarks/yolo_2023/vnnlib/TinyYOLO_prop_000161_eps_1_255.vnnlib,.006121506,error_exit_code_1,.592135690
yolo_2023,/home/elipregerson/nnenum/vnncomp2025_benchmarks/benchmarks/yolo_2023/onnx/TinyYOLO.onnx,/home/elipregerson/nnenum/vnncomp2025_benchmarks/benchmarks/yolo_2023/vnnlib/TinyYOLO_prop_000081_eps_1_255.vnnlib,.006173607,error_exit_code_1,.585253695
yolo_2023,/home/elipregerson/nnenum/vnncomp2025_benchmarks/benchmarks/yolo_2023/onnx/TinyYOLO.onnx,/home/elipregerson/nnenum/vnncomp2025_benchmarks/benchmarks/yolo_2023/vnnlib/TinyYOLO_prop_000425_eps_1_255.vnnlib,.006073196,error_exit_code_1,.602305622
yolo_2023,/home/elipregerson/nnenum/vnncomp2025_benchmarks/benchmarks/yolo_2023/onnx/TinyYOLO.onnx,/home/elipregerson/nnenum/vnncomp2025_benchmarks/benchmarks/yolo_2023/vnnlib/TinyYOLO_prop_000324_eps_1_255.vnnlib,.006133008,error_exit_code_1,.587752593
yolo_2023,/home/elipregerson/nnenum/vnncomp2025_benchmarks/benchmarks/yolo_2023/onnx/TinyYOLO.onnx,/home/elipregerson/nnenum/vnncomp2025_benchmarks/benchmarks/yolo_2023/vnnlib/TinyYOLO_prop_000439_eps_1_255.vnnlib,.006392710,error_exit_code_1,.589426094
yolo_2023,/home/elipregerson/nnenum/vnncomp2025_benchmarks/benchmarks/yolo_2023/onnx/TinyYOLO.onnx,/home/elipregerson/nnenum/vnncomp2025_benchmarks/benchmarks/yolo_2023/vnnlib/TinyYOLO_prop_000306_eps_1_255.vnnlib,.006289247,error_exit_code_1,.589022162
yolo_2023,/home/elipregerson/nnenum/vnncomp2025_benchmarks/benchmarks/yolo_2023/onnx/TinyYOLO.onnx,/home/elipregerson/nnenum/vnncomp2025_benchmarks/benchmarks/yolo_2023/vnnlib/TinyYOLO_prop_000302_eps_1_255.vnnlib,.006183246,error_exit_code_1,.589776838
yolo_2023,/home/elipregerson/nnenum/vnncomp2025_benchmarks/benchmarks/yolo_2023/onnx/TinyYOLO.onnx,/home/elipregerson/nnenum/vnncomp2025_benchmarks/benchmarks/yolo_2023/vnnlib/TinyYOLO_prop_000220_eps_1_255.vnnlib,.006189080,error_exit_code_1,.587911749
yolo_2023,/home/elipregerson/nnenum/vnncomp2025_benchmarks/benchmarks/yolo_2023/onnx/TinyYOLO.onnx,/home/elipregerson/nnenum/vnncomp2025_benchmarks/benchmarks/yolo_2023/vnnlib/TinyYOLO_prop_000101_eps_1_255.vnnlib,.006102595,error_exit_code_1,.595842414
yolo_2023,/home/elipregerson/nnenum/vnncomp2025_benchmarks/benchmarks/yolo_2023/onnx/TinyYOLO.onnx,/home/elipregerson/nnenum/vnncomp2025_benchmarks/benchmarks/yolo_2023/vnnlib/TinyYOLO_prop_000420_eps_1_255.vnnlib,.006112714,error_exit_code_1,.587551259
yolo_2023,/home/elipregerson/nnenum/vnncomp2025_benchmarks/benchmarks/yolo_2023/onnx/TinyYOLO.onnx,/home/elipregerson/nnenum/vnncomp2025_benchmarks/benchmarks/yolo_2023/vnnlib/TinyYOLO_prop_000036_eps_1_255.vnnlib,.006374993,error_exit_code_1,.587571441
yolo_2023,/home/elipregerson/nnenum/vnncomp2025_benchmarks/benchmarks/yolo_2023/onnx/TinyYOLO.onnx,/home/elipregerson/nnenum/vnncomp2025_benchmarks/benchmarks/yolo_2023/vnnlib/TinyYOLO_prop_000447_eps_1_255.vnnlib,.006152633,error_exit_code_1,.589616460
yolo_2023,/home/elipregerson/nnenum/vnncomp2025_benchmarks/benchmarks/yolo_2023/onnx/TinyYOLO.onnx,/home/elipregerson/nnenum/vnncomp2025_benchmarks/benchmarks/yolo_2023/vnnlib/TinyYOLO_prop_000103_eps_1_255.vnnlib,.006187982,error_exit_code_1,.601392108
yolo_2023,/home/elipregerson/nnenum/vnncomp2025_benchmarks/benchmarks/yolo_2023/onnx/TinyYOLO.onnx,/home/elipregerson/nnenum/vnncomp2025_benchmarks/benchmarks/yolo_2023/vnnlib/TinyYOLO_prop_000266_eps_1_255.vnnlib,.006182454,error_exit_code_1,.583850573
yolo_2023,/home/elipregerson/nnenum/vnncomp2025_benchmarks/benchmarks/yolo_2023/onnx/TinyYOLO.onnx,/home/elipregerson/nnenum/vnncomp2025_benchmarks/benchmarks/yolo_2023/vnnlib/TinyYOLO_prop_000047_eps_1_255.vnnlib,.006328809,error_exit_code_1,.590606940
yolo_2023,/home/elipregerson/nnenum/vnncomp2025_benchmarks/benchmarks/yolo_2023/onnx/TinyYOLO.onnx,/home/elipregerson/nnenum/vnncomp2025_benchmarks/benchmarks/yolo_2023/vnnlib/TinyYOLO_prop_000015_eps_1_255.vnnlib,.006144525,error_exit_code_1,.585744407
yolo_2023,/home/elipregerson/nnenum/vnncomp2025_benchmarks/benchmarks/yolo_2023/onnx/TinyYOLO.onnx,/home/elipregerson/nnenum/vnncomp2025_benchmarks/benchmarks/yolo_2023/vnnlib/TinyYOLO_prop_000284_eps_1_255.vnnlib,.006223523,error_exit_code_1,.588967063
yolo_2023,/home/elipregerson/nnenum/vnncomp2025_benchmarks/benchmarks/yolo_2023/onnx/TinyYOLO.onnx,/home/elipregerson/nnenum/vnncomp2025_benchmarks/benchmarks/yolo_2023/vnnlib/TinyYOLO_prop_000201_eps_1_255.vnnlib,.006090608,error_exit_code_1,.592243117
yolo_2023,/home/elipregerson/nnenum/vnncomp2025_benchmarks/benchmarks/yolo_2023/onnx/TinyYOLO.onnx,/home/elipregerson/nnenum/vnncomp2025_benchmarks/benchmarks/yolo_2023/vnnlib/TinyYOLO_prop_000323_eps_1_255.vnnlib,.006268078,error_exit_code_1,.591649768
yolo_2023,/home/elipregerson/nnenum/vnncomp2025_benchmarks/benchmarks/yolo_2023/onnx/TinyYOLO.onnx,/home/elipregerson/nnenum/vnncomp2025_benchmarks/benchmarks/yolo_2023/vnnlib/TinyYOLO_prop_000395_eps_1_255.vnnlib,.006093815,error_exit_code_1,.592423754
yolo_2023,/home/elipregerson/nnenum/vnncomp2025_benchmarks/benchmarks/yolo_2023/onnx/TinyYOLO.onnx,/home/elipregerson/nnenum/vnncomp2025_benchmarks/benchmarks/yolo_2023/vnnlib/TinyYOLO_prop_000450_eps_1_255.vnnlib,.006140801,error_exit_code_1,.597683072
yolo_2023,/home/elipregerson/nnenum/vnncomp2025_benchmarks/benchmarks/yolo_2023/onnx/TinyYOLO.onnx,/home/elipregerson/nnenum/vnncomp2025_benchmarks/benchmarks/yolo_2023/vnnlib/TinyYOLO_prop_000308_eps_1_255.vnnlib,.006138430,error_exit_code_1,.594416812
yolo_2023,/home/elipregerson/nnenum/vnncomp2025_benchmarks/benchmarks/yolo_2023/onnx/TinyYOLO.onnx,/home/elipregerson/nnenum/vnncomp2025_benchmarks/benchmarks/yolo_2023/vnnlib/TinyYOLO_prop_000159_eps_1_255.vnnlib,.006165875,error_exit_code_1,.593208652
yolo_2023,/home/elipregerson/nnenum/vnncomp2025_benchmarks/benchmarks/yolo_2023/onnx/TinyYOLO.onnx,/home/elipregerson/nnenum/vnncomp2025_benchmarks/benchmarks/yolo_2023/vnnlib/TinyYOLO_prop_000370_eps_1_255.vnnlib,.006203812,error_exit_code_1,.585641015
yolo_2023,/home/elipregerson/nnenum/vnncomp2025_benchmarks/benchmarks/yolo_2023/onnx/TinyYOLO.onnx,/home/elipregerson/nnenum/vnncomp2025_benchmarks/benchmarks/yolo_2023/vnnlib/TinyYOLO_prop_000217_eps_1_255.vnnlib,.006136083,error_exit_code_1,.591687370
yolo_2023,/home/elipregerson/nnenum/vnncomp2025_benchmarks/benchmarks/yolo_2023/onnx/TinyYOLO.onnx,/home/elipregerson/nnenum/vnncomp2025_benchmarks/benchmarks/yolo_2023/vnnlib/TinyYOLO_prop_000299_eps_1_255.vnnlib,.006335882,error_exit_code_1,.592476163
yolo_2023,/home/elipregerson/nnenum/vnncomp2025_benchmarks/benchmarks/yolo_2023/onnx/TinyYOLO.onnx,/home/elipregerson/nnenum/vnncomp2025_benchmarks/benchmarks/yolo_2023/vnnlib/TinyYOLO_prop_000401_eps_1_255.vnnlib,.006194833,error_exit_code_1,.590518044
yolo_2023,/home/elipregerson/nnenum/vnncomp2025_benchmarks/benchmarks/yolo_2023/onnx/TinyYOLO.onnx,/home/elipregerson/nnenum/vnncomp2025_benchmarks/benchmarks/yolo_2023/vnnlib/TinyYOLO_prop_000046_eps_1_255.vnnlib,.006380537,error_exit_code_1,.588033018
yolo_2023,/home/elipregerson/nnenum/vnncomp2025_benchmarks/benchmarks/yolo_2023/onnx/TinyYOLO.onnx,/home/elipregerson/nnenum/vnncomp2025_benchmarks/benchmarks/yolo_2023/vnnlib/TinyYOLO_prop_000139_eps_1_255.vnnlib,.006104998,error_exit_code_1,.584451717
yolo_2023,/home/elipregerson/nnenum/vnncomp2025_benchmarks/benchmarks/yolo_2023/onnx/TinyYOLO.onnx,/home/elipregerson/nnenum/vnncomp2025_benchmarks/benchmarks/yolo_2023/vnnlib/TinyYOLO_prop_000024_eps_1_255.vnnlib,.006269155,error_exit_code_1,.586340955
yolo_2023,/home/elipregerson/nnenum/vnncomp2025_benchmarks/benchmarks/yolo_2023/onnx/TinyYOLO.onnx,/home/elipregerson/nnenum/vnncomp2025_benchmarks/benchmarks/yolo_2023/vnnlib/TinyYOLO_prop_000249_eps_1_255.vnnlib,.006059770,error_exit_code_1,.592202976
yolo_2023,/home/elipregerson/nnenum/vnncomp2025_benchmarks/benchmarks/yolo_2023/onnx/TinyYOLO.onnx,/home/elipregerson/nnenum/vnncomp2025_benchmarks/benchmarks/yolo_2023/vnnlib/TinyYOLO_prop_000148_eps_1_255.vnnlib,.006192019,error_exit_code_1,.589667657
yolo_2023,/home/elipregerson/nnenum/vnncomp2025_benchmarks/benchmarks/yolo_2023/onnx/TinyYOLO.onnx,/home/elipregerson/nnenum/vnncomp2025_benchmarks/benchmarks/yolo_2023/vnnlib/TinyYOLO_prop_000196_eps_1_255.vnnlib,.006129372,error_exit_code_1,.588714907
yolo_2023,/home/elipregerson/nnenum/vnncomp2025_benchmarks/benchmarks/yolo_2023/onnx/TinyYOLO.onnx,/home/elipregerson/nnenum/vnncomp2025_benchmarks/benchmarks/yolo_2023/vnnlib/TinyYOLO_prop_000277_eps_1_255.vnnlib,.006076771,error_exit_code_1,.585793164
yolo_2023,/home/elipregerson/nnenum/vnncomp2025_benchmarks/benchmarks/yolo_2023/onnx/TinyYOLO.onnx,/home/elipregerson/nnenum/vnncomp2025_benchmarks/benchmarks/yolo_2023/vnnlib/TinyYOLO_prop_000262_eps_1_255.vnnlib,.006250372,error_exit_code_1,.584285471
yolo_2023,/home/elipregerson/nnenum/vnncomp2025_benchmarks/benchmarks/yolo_2023/onnx/TinyYOLO.onnx,/home/elipregerson/nnenum/vnncomp2025_benchmarks/benchmarks/yolo_2023/vnnlib/TinyYOLO_prop_000298_eps_1_255.vnnlib,.006162100,error_exit_code_1,.592644155
yolo_2023,/home/elipregerson/nnenum/vnncomp2025_benchmarks/benchmarks/yolo_2023/onnx/TinyYOLO.onnx,/home/elipregerson/nnenum/vnncomp2025_benchmarks/benchmarks/yolo_2023/vnnlib/TinyYOLO_prop_000336_eps_1_255.vnnlib,.006102308,error_exit_code_1,.585884161
yolo_2023,/home/elipregerson/nnenum/vnncomp2025_benchmarks/benchmarks/yolo_2023/onnx/TinyYOLO.onnx,/home/elipregerson/nnenum/vnncomp2025_benchmarks/benchmarks/yolo_2023/vnnlib/TinyYOLO_prop_000453_eps_1_255.vnnlib,.006525843,error_exit_code_1,.585231983
yolo_2023,/home/elipregerson/nnenum/vnncomp2025_benchmarks/benchmarks/yolo_2023/onnx/TinyYOLO.onnx,/home/elipregerson/nnenum/vnncomp2025_benchmarks/benchmarks/yolo_2023/vnnlib/TinyYOLO_prop_000405_eps_1_255.vnnlib,.006178728,error_exit_code_1,.585456742
yolo_2023,/home/elipregerson/nnenum/vnncomp2025_benchmarks/benchmarks/yolo_2023/onnx/TinyYOLO.onnx,/home/elipregerson/nnenum/vnncomp2025_benchmarks/benchmarks/yolo_2023/vnnlib/TinyYOLO_prop_000062_eps_1_255.vnnlib,.006328463,error_exit_code_1,.585966379
yolo_2023,/home/elipregerson/nnenum/vnncomp2025_benchmarks/benchmarks/yolo_2023/onnx/TinyYOLO.onnx,/home/elipregerson/nnenum/vnncomp2025_benchmarks/benchmarks/yolo_2023/vnnlib/TinyYOLO_prop_000165_eps_1_255.vnnlib,.006190022,error_exit_code_1,.588580435
yolo_2023,/home/elipregerson/nnenum/vnncomp2025_benchmarks/benchmarks/yolo_2023/onnx/TinyYOLO.onnx,/home/elipregerson/nnenum/vnncomp2025_benchmarks/benchmarks/yolo_2023/vnnlib/TinyYOLO_prop_000357_eps_1_255.vnnlib,.006324965,error_exit_code_1,.591980211
yolo_2023,/home/elipregerson/nnenum/vnncomp2025_benchmarks/benchmarks/yolo_2023/onnx/TinyYOLO.onnx,/home/elipregerson/nnenum/vnncomp2025_benchmarks/benchmarks/yolo_2023/vnnlib/TinyYOLO_prop_000037_eps_1_255.vnnlib,.006139114,error_exit_code_1,.598131340
yolo_2023,/home/elipregerson/nnenum/vnncomp2025_benchmarks/benchmarks/yolo_2023/onnx/TinyYOLO.onnx,/home/elipregerson/nnenum/vnncomp2025_benchmarks/benchmarks/yolo_2023/vnnlib/TinyYOLO_prop_000341_eps_1_255.vnnlib,.006240075,error_exit_code_1,.589502163
yolo_2023,/home/elipregerson/nnenum/vnncomp2025_benchmarks/benchmarks/yolo_2023/onnx/TinyYOLO.onnx,/home/elipregerson/nnenum/vnncomp2025_benchmarks/benchmarks/yolo_2023/vnnlib/TinyYOLO_prop_000271_eps_1_255.vnnlib,.006353602,error_exit_code_1,.582581020
yolo_2023,/home/elipregerson/nnenum/vnncomp2025_benchmarks/benchmarks/yolo_2023/onnx/TinyYOLO.onnx,/home/elipregerson/nnenum/vnncomp2025_benchmarks/benchmarks/yolo_2023/vnnlib/TinyYOLO_prop_000144_eps_1_255.vnnlib,.006215248,error_exit_code_1,.593350928
yolo_2023,/home/elipregerson/nnenum/vnncomp2025_benchmarks/benchmarks/yolo_2023/onnx/TinyYOLO.onnx,/home/elipregerson/nnenum/vnncomp2025_benchmarks/benchmarks/yolo_2023/vnnlib/TinyYOLO_prop_000170_eps_1_255.vnnlib,.006220259,error_exit_code_1,.586659356
yolo_2023,/home/elipregerson/nnenum/vnncomp2025_benchmarks/benchmarks/yolo_2023/onnx/TinyYOLO.onnx,/home/elipregerson/nnenum/vnncomp2025_benchmarks/benchmarks/yolo_2023/vnnlib/TinyYOLO_prop_000060_eps_1_255.vnnlib,.006351752,error_exit_code_1,.586098707
yolo_2023,/home/elipregerson/nnenum/vnncomp2025_benchmarks/benchmarks/yolo_2023/onnx/TinyYOLO.onnx,/home/elipregerson/nnenum/vnncomp2025_benchmarks/benchmarks/yolo_2023/vnnlib/TinyYOLO_prop_000129_eps_1_255.vnnlib,.006250685,error_exit_code_1,.591445943
yolo_2023,/home/elipregerson/nnenum/vnncomp2025_benchmarks/benchmarks/yolo_2023/onnx/TinyYOLO.onnx,/home/elipregerson/nnenum/vnncomp2025_benchmarks/benchmarks/yolo_2023/vnnlib/TinyYOLO_prop_000356_eps_1_255.vnnlib,.006210610,error_exit_code_1,.604463811
yolo_2023,/home/elipregerson/nnenum/vnncomp2025_benchmarks/benchmarks/yolo_2023/onnx/TinyYOLO.onnx,/home/elipregerson/nnenum/vnncomp2025_benchmarks/benchmarks/yolo_2023/vnnlib/TinyYOLO_prop_000261_eps_1_255.vnnlib,.006088720,error_exit_code_1,.593268422
yolo_2023,/home/elipregerson/nnenum/vnncomp2025_benchmarks/benchmarks/yolo_2023/onnx/TinyYOLO.onnx,/home/elipregerson/nnenum/vnncomp2025_benchmarks/benchmarks/yolo_2023/vnnlib/TinyYOLO_prop_000225_eps_1_255.vnnlib,.006078583,error_exit_code_1,.591302570
yolo_2023,/home/elipregerson/nnenum/vnncomp2025_benchmarks/benchmarks/yolo_2023/onnx/TinyYOLO.onnx,/home/elipregerson/nnenum/vnncomp2025_benchmarks/benchmarks/yolo_2023/vnnlib/TinyYOLO_prop_000181_eps_1_255.vnnlib,.006183607,error_exit_code_1,.586403315
yolo_2023,/home/elipregerson/nnenum/vnncomp2025_benchmarks/benchmarks/yolo_2023/onnx/TinyYOLO.onnx,/home/elipregerson/nnenum/vnncomp2025_benchmarks/benchmarks/yolo_2023/vnnlib/TinyYOLO_prop_000312_eps_1_255.vnnlib,.006074878,error_exit_code_1,.584385013
yolo_2023,/home/elipregerson/nnenum/vnncomp2025_benchmarks/benchmarks/test/onnx/test_nano.onnx,/home/elipregerson/nnenum/vnncomp2025_benchmarks/benchmarks/test/vnnlib/test_nano.vnnlib,.006054270,error_exit_code_1,.513126838
