acasxu_2023,/home/elipregerson/nnenum/vnncomp2025_benchmarks/benchmarks/acasxu_2023/onnx/ACASXU_run2a_1_1_batch_2000.onnx,/home/elipregerson/nnenum/vnncomp2025_benchmarks/benchmarks/acasxu_2023/vnnlib/prop_1.vnnlib,.006785216,unsat,.788866249
acasxu_2023,/home/elipregerson/nnenum/vnncomp2025_benchmarks/benchmarks/acasxu_2023/onnx/ACASXU_run2a_1_2_batch_2000.onnx,/home/elipregerson/nnenum/vnncomp2025_benchmarks/benchmarks/acasxu_2023/vnnlib/prop_1.vnnlib,.006243598,unsat,.855466812
acasxu_2023,/home/elipregerson/nnenum/vnncomp2025_benchmarks/benchmarks/acasxu_2023/onnx/ACASXU_run2a_1_3_batch_2000.onnx,/home/elipregerson/nnenum/vnncomp2025_benchmarks/benchmarks/acasxu_2023/vnnlib/prop_1.vnnlib,.006231423,unsat,.915444061
acasxu_2023,/home/elipregerson/nnenum/vnncomp2025_benchmarks/benchmarks/acasxu_2023/onnx/ACASXU_run2a_1_4_batch_2000.onnx,/home/elipregerson/nnenum/vnncomp2025_benchmarks/benchmarks/acasxu_2023/vnnlib/prop_1.vnnlib,.006161466,unsat,.884354001
acasxu_2023,/home/elipregerson/nnenum/vnncomp2025_benchmarks/benchmarks/acasxu_2023/onnx/ACASXU_run2a_1_5_batch_2000.onnx,/home/elipregerson/nnenum/vnncomp2025_benchmarks/benchmarks/acasxu_2023/vnnlib/prop_1.vnnlib,.006237857,unsat,.864945572
acasxu_2023,/home/elipregerson/nnenum/vnncomp2025_benchmarks/benchmarks/acasxu_2023/onnx/ACASXU_run2a_1_6_batch_2000.onnx,/home/elipregerson/nnenum/vnncomp2025_benchmarks/benchmarks/acasxu_2023/vnnlib/prop_1.vnnlib,.006256008,unsat,.987640544
acasxu_2023,/home/elipregerson/nnenum/vnncomp2025_benchmarks/benchmarks/acasxu_2023/onnx/ACASXU_run2a_1_7_batch_2000.onnx,/home/elipregerson/nnenum/vnncomp2025_benchmarks/benchmarks/acasxu_2023/vnnlib/prop_1.vnnlib,.005897605,unsat,.814041360
acasxu_2023,/home/elipregerson/nnenum/vnncomp2025_benchmarks/benchmarks/acasxu_2023/onnx/ACASXU_run2a_1_8_batch_2000.onnx,/home/elipregerson/nnenum/vnncomp2025_benchmarks/benchmarks/acasxu_2023/vnnlib/prop_1.vnnlib,.006132859,unsat,.946671967
acasxu_2023,/home/elipregerson/nnenum/vnncomp2025_benchmarks/benchmarks/acasxu_2023/onnx/ACASXU_run2a_1_9_batch_2000.onnx,/home/elipregerson/nnenum/vnncomp2025_benchmarks/benchmarks/acasxu_2023/vnnlib/prop_1.vnnlib,.006261883,unsat,.793165425
acasxu_2023,/home/elipregerson/nnenum/vnncomp2025_benchmarks/benchmarks/acasxu_2023/onnx/ACASXU_run2a_2_1_batch_2000.onnx,/home/elipregerson/nnenum/vnncomp2025_benchmarks/benchmarks/acasxu_2023/vnnlib/prop_1.vnnlib,.006189779,unsat,.976171737
acasxu_2023,/home/elipregerson/nnenum/vnncomp2025_benchmarks/benchmarks/acasxu_2023/onnx/ACASXU_run2a_2_2_batch_2000.onnx,/home/elipregerson/nnenum/vnncomp2025_benchmarks/benchmarks/acasxu_2023/vnnlib/prop_1.vnnlib,.006129971,unsat,1.378355572
acasxu_2023,/home/elipregerson/nnenum/vnncomp2025_benchmarks/benchmarks/acasxu_2023/onnx/ACASXU_run2a_2_3_batch_2000.onnx,/home/elipregerson/nnenum/vnncomp2025_benchmarks/benchmarks/acasxu_2023/vnnlib/prop_1.vnnlib,.006303885,unsat,1.170414899
acasxu_2023,/home/elipregerson/nnenum/vnncomp2025_benchmarks/benchmarks/acasxu_2023/onnx/ACASXU_run2a_2_4_batch_2000.onnx,/home/elipregerson/nnenum/vnncomp2025_benchmarks/benchmarks/acasxu_2023/vnnlib/prop_1.vnnlib,.006185188,unsat,.943629557
acasxu_2023,/home/elipregerson/nnenum/vnncomp2025_benchmarks/benchmarks/acasxu_2023/onnx/ACASXU_run2a_2_5_batch_2000.onnx,/home/elipregerson/nnenum/vnncomp2025_benchmarks/benchmarks/acasxu_2023/vnnlib/prop_1.vnnlib,.006149110,unsat,1.513640307
acasxu_2023,/home/elipregerson/nnenum/vnncomp2025_benchmarks/benchmarks/acasxu_2023/onnx/ACASXU_run2a_2_6_batch_2000.onnx,/home/elipregerson/nnenum/vnncomp2025_benchmarks/benchmarks/acasxu_2023/vnnlib/prop_1.vnnlib,.006057436,unsat,1.290366923
acasxu_2023,/home/elipregerson/nnenum/vnncomp2025_benchmarks/benchmarks/acasxu_2023/onnx/ACASXU_run2a_2_7_batch_2000.onnx,/home/elipregerson/nnenum/vnncomp2025_benchmarks/benchmarks/acasxu_2023/vnnlib/prop_1.vnnlib,.006166465,unsat,1.836512758
acasxu_2023,/home/elipregerson/nnenum/vnncomp2025_benchmarks/benchmarks/acasxu_2023/onnx/ACASXU_run2a_2_8_batch_2000.onnx,/home/elipregerson/nnenum/vnncomp2025_benchmarks/benchmarks/acasxu_2023/vnnlib/prop_1.vnnlib,.006169864,unsat,1.735581221
acasxu_2023,/home/elipregerson/nnenum/vnncomp2025_benchmarks/benchmarks/acasxu_2023/onnx/ACASXU_run2a_2_9_batch_2000.onnx,/home/elipregerson/nnenum/vnncomp2025_benchmarks/benchmarks/acasxu_2023/vnnlib/prop_1.vnnlib,.006311529,unsat,2.133560369
acasxu_2023,/home/elipregerson/nnenum/vnncomp2025_benchmarks/benchmarks/acasxu_2023/onnx/ACASXU_run2a_3_1_batch_2000.onnx,/home/elipregerson/nnenum/vnncomp2025_benchmarks/benchmarks/acasxu_2023/vnnlib/prop_1.vnnlib,.006193540,unsat,1.059242260
acasxu_2023,/home/elipregerson/nnenum/vnncomp2025_benchmarks/benchmarks/acasxu_2023/onnx/ACASXU_run2a_3_2_batch_2000.onnx,/home/elipregerson/nnenum/vnncomp2025_benchmarks/benchmarks/acasxu_2023/vnnlib/prop_1.vnnlib,.009204295,unsat,1.010868609
acasxu_2023,/home/elipregerson/nnenum/vnncomp2025_benchmarks/benchmarks/acasxu_2023/onnx/ACASXU_run2a_3_3_batch_2000.onnx,/home/elipregerson/nnenum/vnncomp2025_benchmarks/benchmarks/acasxu_2023/vnnlib/prop_1.vnnlib,.006775496,unsat,.975040824
acasxu_2023,/home/elipregerson/nnenum/vnncomp2025_benchmarks/benchmarks/acasxu_2023/onnx/ACASXU_run2a_3_4_batch_2000.onnx,/home/elipregerson/nnenum/vnncomp2025_benchmarks/benchmarks/acasxu_2023/vnnlib/prop_1.vnnlib,.006256068,unsat,.982278637
acasxu_2023,/home/elipregerson/nnenum/vnncomp2025_benchmarks/benchmarks/acasxu_2023/onnx/ACASXU_run2a_3_5_batch_2000.onnx,/home/elipregerson/nnenum/vnncomp2025_benchmarks/benchmarks/acasxu_2023/vnnlib/prop_1.vnnlib,.006200636,unsat,1.256719246
acasxu_2023,/home/elipregerson/nnenum/vnncomp2025_benchmarks/benchmarks/acasxu_2023/onnx/ACASXU_run2a_3_6_batch_2000.onnx,/home/elipregerson/nnenum/vnncomp2025_benchmarks/benchmarks/acasxu_2023/vnnlib/prop_1.vnnlib,.007162723,unsat,2.234742093
acasxu_2023,/home/elipregerson/nnenum/vnncomp2025_benchmarks/benchmarks/acasxu_2023/onnx/ACASXU_run2a_3_7_batch_2000.onnx,/home/elipregerson/nnenum/vnncomp2025_benchmarks/benchmarks/acasxu_2023/vnnlib/prop_1.vnnlib,.006113094,unsat,2.237154973
acasxu_2023,/home/elipregerson/nnenum/vnncomp2025_benchmarks/benchmarks/acasxu_2023/onnx/ACASXU_run2a_3_8_batch_2000.onnx,/home/elipregerson/nnenum/vnncomp2025_benchmarks/benchmarks/acasxu_2023/vnnlib/prop_1.vnnlib,.006291293,unsat,1.785796263
acasxu_2023,/home/elipregerson/nnenum/vnncomp2025_benchmarks/benchmarks/acasxu_2023/onnx/ACASXU_run2a_3_9_batch_2000.onnx,/home/elipregerson/nnenum/vnncomp2025_benchmarks/benchmarks/acasxu_2023/vnnlib/prop_1.vnnlib,.006728612,unsat,1.561090106
acasxu_2023,/home/elipregerson/nnenum/vnncomp2025_benchmarks/benchmarks/acasxu_2023/onnx/ACASXU_run2a_4_1_batch_2000.onnx,/home/elipregerson/nnenum/vnncomp2025_benchmarks/benchmarks/acasxu_2023/vnnlib/prop_1.vnnlib,.006301555,unsat,1.453891783
acasxu_2023,/home/elipregerson/nnenum/vnncomp2025_benchmarks/benchmarks/acasxu_2023/onnx/ACASXU_run2a_4_2_batch_2000.onnx,/home/elipregerson/nnenum/vnncomp2025_benchmarks/benchmarks/acasxu_2023/vnnlib/prop_1.vnnlib,.006129538,unsat,1.208552075
acasxu_2023,/home/elipregerson/nnenum/vnncomp2025_benchmarks/benchmarks/acasxu_2023/onnx/ACASXU_run2a_4_3_batch_2000.onnx,/home/elipregerson/nnenum/vnncomp2025_benchmarks/benchmarks/acasxu_2023/vnnlib/prop_1.vnnlib,.009581672,unsat,1.027164471
acasxu_2023,/home/elipregerson/nnenum/vnncomp2025_benchmarks/benchmarks/acasxu_2023/onnx/ACASXU_run2a_4_4_batch_2000.onnx,/home/elipregerson/nnenum/vnncomp2025_benchmarks/benchmarks/acasxu_2023/vnnlib/prop_1.vnnlib,.006207513,unsat,.955199324
acasxu_2023,/home/elipregerson/nnenum/vnncomp2025_benchmarks/benchmarks/acasxu_2023/onnx/ACASXU_run2a_4_5_batch_2000.onnx,/home/elipregerson/nnenum/vnncomp2025_benchmarks/benchmarks/acasxu_2023/vnnlib/prop_1.vnnlib,.006092994,unsat,1.393547491
acasxu_2023,/home/elipregerson/nnenum/vnncomp2025_benchmarks/benchmarks/acasxu_2023/onnx/ACASXU_run2a_4_6_batch_2000.onnx,/home/elipregerson/nnenum/vnncomp2025_benchmarks/benchmarks/acasxu_2023/vnnlib/prop_1.vnnlib,.006059724,unsat,2.696913843
acasxu_2023,/home/elipregerson/nnenum/vnncomp2025_benchmarks/benchmarks/acasxu_2023/onnx/ACASXU_run2a_4_7_batch_2000.onnx,/home/elipregerson/nnenum/vnncomp2025_benchmarks/benchmarks/acasxu_2023/vnnlib/prop_1.vnnlib,.006060498,unsat,1.989633062
acasxu_2023,/home/elipregerson/nnenum/vnncomp2025_benchmarks/benchmarks/acasxu_2023/onnx/ACASXU_run2a_4_8_batch_2000.onnx,/home/elipregerson/nnenum/vnncomp2025_benchmarks/benchmarks/acasxu_2023/vnnlib/prop_1.vnnlib,.006329681,unsat,1.690131806
acasxu_2023,/home/elipregerson/nnenum/vnncomp2025_benchmarks/benchmarks/acasxu_2023/onnx/ACASXU_run2a_4_9_batch_2000.onnx,/home/elipregerson/nnenum/vnncomp2025_benchmarks/benchmarks/acasxu_2023/vnnlib/prop_1.vnnlib,.006303193,unsat,3.487399173
acasxu_2023,/home/elipregerson/nnenum/vnncomp2025_benchmarks/benchmarks/acasxu_2023/onnx/ACASXU_run2a_5_1_batch_2000.onnx,/home/elipregerson/nnenum/vnncomp2025_benchmarks/benchmarks/acasxu_2023/vnnlib/prop_1.vnnlib,.006047709,unsat,.851200850
acasxu_2023,/home/elipregerson/nnenum/vnncomp2025_benchmarks/benchmarks/acasxu_2023/onnx/ACASXU_run2a_5_2_batch_2000.onnx,/home/elipregerson/nnenum/vnncomp2025_benchmarks/benchmarks/acasxu_2023/vnnlib/prop_1.vnnlib,.006208159,unsat,1.140851108
acasxu_2023,/home/elipregerson/nnenum/vnncomp2025_benchmarks/benchmarks/acasxu_2023/onnx/ACASXU_run2a_5_3_batch_2000.onnx,/home/elipregerson/nnenum/vnncomp2025_benchmarks/benchmarks/acasxu_2023/vnnlib/prop_1.vnnlib,.006268761,unsat,.850192154
acasxu_2023,/home/elipregerson/nnenum/vnncomp2025_benchmarks/benchmarks/acasxu_2023/onnx/ACASXU_run2a_5_4_batch_2000.onnx,/home/elipregerson/nnenum/vnncomp2025_benchmarks/benchmarks/acasxu_2023/vnnlib/prop_1.vnnlib,.006355140,unsat,.999164949
acasxu_2023,/home/elipregerson/nnenum/vnncomp2025_benchmarks/benchmarks/acasxu_2023/onnx/ACASXU_run2a_5_5_batch_2000.onnx,/home/elipregerson/nnenum/vnncomp2025_benchmarks/benchmarks/acasxu_2023/vnnlib/prop_1.vnnlib,.006782107,unsat,1.083529863
acasxu_2023,/home/elipregerson/nnenum/vnncomp2025_benchmarks/benchmarks/acasxu_2023/onnx/ACASXU_run2a_5_6_batch_2000.onnx,/home/elipregerson/nnenum/vnncomp2025_benchmarks/benchmarks/acasxu_2023/vnnlib/prop_1.vnnlib,.006357914,unsat,1.567994126
acasxu_2023,/home/elipregerson/nnenum/vnncomp2025_benchmarks/benchmarks/acasxu_2023/onnx/ACASXU_run2a_5_7_batch_2000.onnx,/home/elipregerson/nnenum/vnncomp2025_benchmarks/benchmarks/acasxu_2023/vnnlib/prop_1.vnnlib,.006104933,unsat,1.475801191
acasxu_2023,/home/elipregerson/nnenum/vnncomp2025_benchmarks/benchmarks/acasxu_2023/onnx/ACASXU_run2a_5_8_batch_2000.onnx,/home/elipregerson/nnenum/vnncomp2025_benchmarks/benchmarks/acasxu_2023/vnnlib/prop_1.vnnlib,.006051892,unsat,1.623178851
acasxu_2023,/home/elipregerson/nnenum/vnncomp2025_benchmarks/benchmarks/acasxu_2023/onnx/ACASXU_run2a_5_9_batch_2000.onnx,/home/elipregerson/nnenum/vnncomp2025_benchmarks/benchmarks/acasxu_2023/vnnlib/prop_1.vnnlib,.009000278,unsat,1.940440439
acasxu_2023,/home/elipregerson/nnenum/vnncomp2025_benchmarks/benchmarks/acasxu_2023/onnx/ACASXU_run2a_1_1_batch_2000.onnx,/home/elipregerson/nnenum/vnncomp2025_benchmarks/benchmarks/acasxu_2023/vnnlib/prop_2.vnnlib,.006005841,unsat,.886508191
acasxu_2023,/home/elipregerson/nnenum/vnncomp2025_benchmarks/benchmarks/acasxu_2023/onnx/ACASXU_run2a_1_2_batch_2000.onnx,/home/elipregerson/nnenum/vnncomp2025_benchmarks/benchmarks/acasxu_2023/vnnlib/prop_2.vnnlib,.005999739,sat,.676818247
acasxu_2023,/home/elipregerson/nnenum/vnncomp2025_benchmarks/benchmarks/acasxu_2023/onnx/ACASXU_run2a_1_3_batch_2000.onnx,/home/elipregerson/nnenum/vnncomp2025_benchmarks/benchmarks/acasxu_2023/vnnlib/prop_2.vnnlib,.006127116,sat,1.007381959
acasxu_2023,/home/elipregerson/nnenum/vnncomp2025_benchmarks/benchmarks/acasxu_2023/onnx/ACASXU_run2a_1_4_batch_2000.onnx,/home/elipregerson/nnenum/vnncomp2025_benchmarks/benchmarks/acasxu_2023/vnnlib/prop_2.vnnlib,.006240475,sat,.670360693
acasxu_2023,/home/elipregerson/nnenum/vnncomp2025_benchmarks/benchmarks/acasxu_2023/onnx/ACASXU_run2a_1_5_batch_2000.onnx,/home/elipregerson/nnenum/vnncomp2025_benchmarks/benchmarks/acasxu_2023/vnnlib/prop_2.vnnlib,.005998183,sat,.664852696
acasxu_2023,/home/elipregerson/nnenum/vnncomp2025_benchmarks/benchmarks/acasxu_2023/onnx/ACASXU_run2a_1_6_batch_2000.onnx,/home/elipregerson/nnenum/vnncomp2025_benchmarks/benchmarks/acasxu_2023/vnnlib/prop_2.vnnlib,.006172345,sat,.901066170
acasxu_2023,/home/elipregerson/nnenum/vnncomp2025_benchmarks/benchmarks/acasxu_2023/onnx/ACASXU_run2a_1_7_batch_2000.onnx,/home/elipregerson/nnenum/vnncomp2025_benchmarks/benchmarks/acasxu_2023/vnnlib/prop_2.vnnlib,.010559220,unsat,1.081045887
acasxu_2023,/home/elipregerson/nnenum/vnncomp2025_benchmarks/benchmarks/acasxu_2023/onnx/ACASXU_run2a_1_8_batch_2000.onnx,/home/elipregerson/nnenum/vnncomp2025_benchmarks/benchmarks/acasxu_2023/vnnlib/prop_2.vnnlib,.006075579,unsat,1.368008965
acasxu_2023,/home/elipregerson/nnenum/vnncomp2025_benchmarks/benchmarks/acasxu_2023/onnx/ACASXU_run2a_1_9_batch_2000.onnx,/home/elipregerson/nnenum/vnncomp2025_benchmarks/benchmarks/acasxu_2023/vnnlib/prop_2.vnnlib,.006091545,unsat,1.027136348
acasxu_2023,/home/elipregerson/nnenum/vnncomp2025_benchmarks/benchmarks/acasxu_2023/onnx/ACASXU_run2a_2_1_batch_2000.onnx,/home/elipregerson/nnenum/vnncomp2025_benchmarks/benchmarks/acasxu_2023/vnnlib/prop_2.vnnlib,.006409449,sat,.646566572
acasxu_2023,/home/elipregerson/nnenum/vnncomp2025_benchmarks/benchmarks/acasxu_2023/onnx/ACASXU_run2a_2_2_batch_2000.onnx,/home/elipregerson/nnenum/vnncomp2025_benchmarks/benchmarks/acasxu_2023/vnnlib/prop_2.vnnlib,.006218726,sat,.611615004
acasxu_2023,/home/elipregerson/nnenum/vnncomp2025_benchmarks/benchmarks/acasxu_2023/onnx/ACASXU_run2a_2_3_batch_2000.onnx,/home/elipregerson/nnenum/vnncomp2025_benchmarks/benchmarks/acasxu_2023/vnnlib/prop_2.vnnlib,.006626627,sat,.604342319
acasxu_2023,/home/elipregerson/nnenum/vnncomp2025_benchmarks/benchmarks/acasxu_2023/onnx/ACASXU_run2a_2_4_batch_2000.onnx,/home/elipregerson/nnenum/vnncomp2025_benchmarks/benchmarks/acasxu_2023/vnnlib/prop_2.vnnlib,.006305721,sat,.616046952
acasxu_2023,/home/elipregerson/nnenum/vnncomp2025_benchmarks/benchmarks/acasxu_2023/onnx/ACASXU_run2a_2_5_batch_2000.onnx,/home/elipregerson/nnenum/vnncomp2025_benchmarks/benchmarks/acasxu_2023/vnnlib/prop_2.vnnlib,.006219164,sat,.610906037
acasxu_2023,/home/elipregerson/nnenum/vnncomp2025_benchmarks/benchmarks/acasxu_2023/onnx/ACASXU_run2a_2_6_batch_2000.onnx,/home/elipregerson/nnenum/vnncomp2025_benchmarks/benchmarks/acasxu_2023/vnnlib/prop_2.vnnlib,.006227480,sat,.620215456
acasxu_2023,/home/elipregerson/nnenum/vnncomp2025_benchmarks/benchmarks/acasxu_2023/onnx/ACASXU_run2a_2_7_batch_2000.onnx,/home/elipregerson/nnenum/vnncomp2025_benchmarks/benchmarks/acasxu_2023/vnnlib/prop_2.vnnlib,.006338034,sat,.600848137
acasxu_2023,/home/elipregerson/nnenum/vnncomp2025_benchmarks/benchmarks/acasxu_2023/onnx/ACASXU_run2a_2_8_batch_2000.onnx,/home/elipregerson/nnenum/vnncomp2025_benchmarks/benchmarks/acasxu_2023/vnnlib/prop_2.vnnlib,.006422465,sat,.603141250
acasxu_2023,/home/elipregerson/nnenum/vnncomp2025_benchmarks/benchmarks/acasxu_2023/onnx/ACASXU_run2a_2_9_batch_2000.onnx,/home/elipregerson/nnenum/vnncomp2025_benchmarks/benchmarks/acasxu_2023/vnnlib/prop_2.vnnlib,.006108820,sat,.718880884
acasxu_2023,/home/elipregerson/nnenum/vnncomp2025_benchmarks/benchmarks/acasxu_2023/onnx/ACASXU_run2a_3_1_batch_2000.onnx,/home/elipregerson/nnenum/vnncomp2025_benchmarks/benchmarks/acasxu_2023/vnnlib/prop_2.vnnlib,.006536523,sat,.616515181
acasxu_2023,/home/elipregerson/nnenum/vnncomp2025_benchmarks/benchmarks/acasxu_2023/onnx/ACASXU_run2a_3_2_batch_2000.onnx,/home/elipregerson/nnenum/vnncomp2025_benchmarks/benchmarks/acasxu_2023/vnnlib/prop_2.vnnlib,.006344232,sat,.684621516
acasxu_2023,/home/elipregerson/nnenum/vnncomp2025_benchmarks/benchmarks/acasxu_2023/onnx/ACASXU_run2a_3_3_batch_2000.onnx,/home/elipregerson/nnenum/vnncomp2025_benchmarks/benchmarks/acasxu_2023/vnnlib/prop_2.vnnlib,.006277892,unsat,5.942030779
acasxu_2023,/home/elipregerson/nnenum/vnncomp2025_benchmarks/benchmarks/acasxu_2023/onnx/ACASXU_run2a_3_4_batch_2000.onnx,/home/elipregerson/nnenum/vnncomp2025_benchmarks/benchmarks/acasxu_2023/vnnlib/prop_2.vnnlib,.006106818,sat,.615123610
acasxu_2023,/home/elipregerson/nnenum/vnncomp2025_benchmarks/benchmarks/acasxu_2023/onnx/ACASXU_run2a_3_5_batch_2000.onnx,/home/elipregerson/nnenum/vnncomp2025_benchmarks/benchmarks/acasxu_2023/vnnlib/prop_2.vnnlib,.006235267,sat,.620641514
acasxu_2023,/home/elipregerson/nnenum/vnncomp2025_benchmarks/benchmarks/acasxu_2023/onnx/ACASXU_run2a_3_6_batch_2000.onnx,/home/elipregerson/nnenum/vnncomp2025_benchmarks/benchmarks/acasxu_2023/vnnlib/prop_2.vnnlib,.006060131,sat,.635777584
acasxu_2023,/home/elipregerson/nnenum/vnncomp2025_benchmarks/benchmarks/acasxu_2023/onnx/ACASXU_run2a_3_7_batch_2000.onnx,/home/elipregerson/nnenum/vnncomp2025_benchmarks/benchmarks/acasxu_2023/vnnlib/prop_2.vnnlib,.006215623,sat,1.036021038
acasxu_2023,/home/elipregerson/nnenum/vnncomp2025_benchmarks/benchmarks/acasxu_2023/onnx/ACASXU_run2a_3_8_batch_2000.onnx,/home/elipregerson/nnenum/vnncomp2025_benchmarks/benchmarks/acasxu_2023/vnnlib/prop_2.vnnlib,.005991516,sat,.617394978
acasxu_2023,/home/elipregerson/nnenum/vnncomp2025_benchmarks/benchmarks/acasxu_2023/onnx/ACASXU_run2a_3_9_batch_2000.onnx,/home/elipregerson/nnenum/vnncomp2025_benchmarks/benchmarks/acasxu_2023/vnnlib/prop_2.vnnlib,.006417932,sat,.616793810
acasxu_2023,/home/elipregerson/nnenum/vnncomp2025_benchmarks/benchmarks/acasxu_2023/onnx/ACASXU_run2a_4_1_batch_2000.onnx,/home/elipregerson/nnenum/vnncomp2025_benchmarks/benchmarks/acasxu_2023/vnnlib/prop_2.vnnlib,.006358803,sat,.614817053
acasxu_2023,/home/elipregerson/nnenum/vnncomp2025_benchmarks/benchmarks/acasxu_2023/onnx/ACASXU_run2a_4_2_batch_2000.onnx,/home/elipregerson/nnenum/vnncomp2025_benchmarks/benchmarks/acasxu_2023/vnnlib/prop_2.vnnlib,.006193330,unsat,6.072018931
acasxu_2023,/home/elipregerson/nnenum/vnncomp2025_benchmarks/benchmarks/acasxu_2023/onnx/ACASXU_run2a_4_3_batch_2000.onnx,/home/elipregerson/nnenum/vnncomp2025_benchmarks/benchmarks/acasxu_2023/vnnlib/prop_2.vnnlib,.005998214,sat,.602141853
acasxu_2023,/home/elipregerson/nnenum/vnncomp2025_benchmarks/benchmarks/acasxu_2023/onnx/ACASXU_run2a_4_4_batch_2000.onnx,/home/elipregerson/nnenum/vnncomp2025_benchmarks/benchmarks/acasxu_2023/vnnlib/prop_2.vnnlib,.006132245,sat,.624942781
acasxu_2023,/home/elipregerson/nnenum/vnncomp2025_benchmarks/benchmarks/acasxu_2023/onnx/ACASXU_run2a_4_5_batch_2000.onnx,/home/elipregerson/nnenum/vnncomp2025_benchmarks/benchmarks/acasxu_2023/vnnlib/prop_2.vnnlib,.006282689,sat,.618340458
acasxu_2023,/home/elipregerson/nnenum/vnncomp2025_benchmarks/benchmarks/acasxu_2023/onnx/ACASXU_run2a_4_6_batch_2000.onnx,/home/elipregerson/nnenum/vnncomp2025_benchmarks/benchmarks/acasxu_2023/vnnlib/prop_2.vnnlib,.006233037,sat,.604717751
acasxu_2023,/home/elipregerson/nnenum/vnncomp2025_benchmarks/benchmarks/acasxu_2023/onnx/ACASXU_run2a_4_7_batch_2000.onnx,/home/elipregerson/nnenum/vnncomp2025_benchmarks/benchmarks/acasxu_2023/vnnlib/prop_2.vnnlib,.006102993,sat,.597611978
acasxu_2023,/home/elipregerson/nnenum/vnncomp2025_benchmarks/benchmarks/acasxu_2023/onnx/ACASXU_run2a_4_8_batch_2000.onnx,/home/elipregerson/nnenum/vnncomp2025_benchmarks/benchmarks/acasxu_2023/vnnlib/prop_2.vnnlib,.006026954,sat,.605367237
acasxu_2023,/home/elipregerson/nnenum/vnncomp2025_benchmarks/benchmarks/acasxu_2023/onnx/ACASXU_run2a_4_9_batch_2000.onnx,/home/elipregerson/nnenum/vnncomp2025_benchmarks/benchmarks/acasxu_2023/vnnlib/prop_2.vnnlib,.006106063,sat,.639056649
acasxu_2023,/home/elipregerson/nnenum/vnncomp2025_benchmarks/benchmarks/acasxu_2023/onnx/ACASXU_run2a_5_1_batch_2000.onnx,/home/elipregerson/nnenum/vnncomp2025_benchmarks/benchmarks/acasxu_2023/vnnlib/prop_2.vnnlib,.006090798,sat,.615900951
acasxu_2023,/home/elipregerson/nnenum/vnncomp2025_benchmarks/benchmarks/acasxu_2023/onnx/ACASXU_run2a_5_2_batch_2000.onnx,/home/elipregerson/nnenum/vnncomp2025_benchmarks/benchmarks/acasxu_2023/vnnlib/prop_2.vnnlib,.006267531,sat,.600781462
acasxu_2023,/home/elipregerson/nnenum/vnncomp2025_benchmarks/benchmarks/acasxu_2023/onnx/ACASXU_run2a_5_3_batch_2000.onnx,/home/elipregerson/nnenum/vnncomp2025_benchmarks/benchmarks/acasxu_2023/vnnlib/prop_2.vnnlib,.006101046,sat,1.334694275
acasxu_2023,/home/elipregerson/nnenum/vnncomp2025_benchmarks/benchmarks/acasxu_2023/onnx/ACASXU_run2a_5_4_batch_2000.onnx,/home/elipregerson/nnenum/vnncomp2025_benchmarks/benchmarks/acasxu_2023/vnnlib/prop_2.vnnlib,.006164466,sat,.605367442
acasxu_2023,/home/elipregerson/nnenum/vnncomp2025_benchmarks/benchmarks/acasxu_2023/onnx/ACASXU_run2a_5_5_batch_2000.onnx,/home/elipregerson/nnenum/vnncomp2025_benchmarks/benchmarks/acasxu_2023/vnnlib/prop_2.vnnlib,.006101890,sat,.623441729
acasxu_2023,/home/elipregerson/nnenum/vnncomp2025_benchmarks/benchmarks/acasxu_2023/onnx/ACASXU_run2a_5_6_batch_2000.onnx,/home/elipregerson/nnenum/vnncomp2025_benchmarks/benchmarks/acasxu_2023/vnnlib/prop_2.vnnlib,.006394562,sat,.623751833
acasxu_2023,/home/elipregerson/nnenum/vnncomp2025_benchmarks/benchmarks/acasxu_2023/onnx/ACASXU_run2a_5_7_batch_2000.onnx,/home/elipregerson/nnenum/vnncomp2025_benchmarks/benchmarks/acasxu_2023/vnnlib/prop_2.vnnlib,.006334638,sat,.617103389
acasxu_2023,/home/elipregerson/nnenum/vnncomp2025_benchmarks/benchmarks/acasxu_2023/onnx/ACASXU_run2a_5_8_batch_2000.onnx,/home/elipregerson/nnenum/vnncomp2025_benchmarks/benchmarks/acasxu_2023/vnnlib/prop_2.vnnlib,.006309566,sat,.608967490
acasxu_2023,/home/elipregerson/nnenum/vnncomp2025_benchmarks/benchmarks/acasxu_2023/onnx/ACASXU_run2a_5_9_batch_2000.onnx,/home/elipregerson/nnenum/vnncomp2025_benchmarks/benchmarks/acasxu_2023/vnnlib/prop_2.vnnlib,.006456192,sat,.611680257
acasxu_2023,/home/elipregerson/nnenum/vnncomp2025_benchmarks/benchmarks/acasxu_2023/onnx/ACASXU_run2a_1_1_batch_2000.onnx,/home/elipregerson/nnenum/vnncomp2025_benchmarks/benchmarks/acasxu_2023/vnnlib/prop_3.vnnlib,.006564374,unsat,.924019104
acasxu_2023,/home/elipregerson/nnenum/vnncomp2025_benchmarks/benchmarks/acasxu_2023/onnx/ACASXU_run2a_1_2_batch_2000.onnx,/home/elipregerson/nnenum/vnncomp2025_benchmarks/benchmarks/acasxu_2023/vnnlib/prop_3.vnnlib,.006329317,unsat,.851836806
acasxu_2023,/home/elipregerson/nnenum/vnncomp2025_benchmarks/benchmarks/acasxu_2023/onnx/ACASXU_run2a_1_3_batch_2000.onnx,/home/elipregerson/nnenum/vnncomp2025_benchmarks/benchmarks/acasxu_2023/vnnlib/prop_3.vnnlib,.007482664,unsat,.795427402
acasxu_2023,/home/elipregerson/nnenum/vnncomp2025_benchmarks/benchmarks/acasxu_2023/onnx/ACASXU_run2a_1_4_batch_2000.onnx,/home/elipregerson/nnenum/vnncomp2025_benchmarks/benchmarks/acasxu_2023/vnnlib/prop_3.vnnlib,.006165633,unsat,.628773717
acasxu_2023,/home/elipregerson/nnenum/vnncomp2025_benchmarks/benchmarks/acasxu_2023/onnx/ACASXU_run2a_1_5_batch_2000.onnx,/home/elipregerson/nnenum/vnncomp2025_benchmarks/benchmarks/acasxu_2023/vnnlib/prop_3.vnnlib,.005950621,unsat,.629470740
acasxu_2023,/home/elipregerson/nnenum/vnncomp2025_benchmarks/benchmarks/acasxu_2023/onnx/ACASXU_run2a_1_6_batch_2000.onnx,/home/elipregerson/nnenum/vnncomp2025_benchmarks/benchmarks/acasxu_2023/vnnlib/prop_3.vnnlib,.009732932,unsat,.613940582
acasxu_2023,/home/elipregerson/nnenum/vnncomp2025_benchmarks/benchmarks/acasxu_2023/onnx/ACASXU_run2a_1_7_batch_2000.onnx,/home/elipregerson/nnenum/vnncomp2025_benchmarks/benchmarks/acasxu_2023/vnnlib/prop_3.vnnlib,.006449324,sat,.610278040
acasxu_2023,/home/elipregerson/nnenum/vnncomp2025_benchmarks/benchmarks/acasxu_2023/onnx/ACASXU_run2a_1_8_batch_2000.onnx,/home/elipregerson/nnenum/vnncomp2025_benchmarks/benchmarks/acasxu_2023/vnnlib/prop_3.vnnlib,.006273334,sat,.614868079
acasxu_2023,/home/elipregerson/nnenum/vnncomp2025_benchmarks/benchmarks/acasxu_2023/onnx/ACASXU_run2a_1_9_batch_2000.onnx,/home/elipregerson/nnenum/vnncomp2025_benchmarks/benchmarks/acasxu_2023/vnnlib/prop_3.vnnlib,.006268240,sat,.603058560
acasxu_2023,/home/elipregerson/nnenum/vnncomp2025_benchmarks/benchmarks/acasxu_2023/onnx/ACASXU_run2a_2_1_batch_2000.onnx,/home/elipregerson/nnenum/vnncomp2025_benchmarks/benchmarks/acasxu_2023/vnnlib/prop_3.vnnlib,.006070758,unsat,.716187538
acasxu_2023,/home/elipregerson/nnenum/vnncomp2025_benchmarks/benchmarks/acasxu_2023/onnx/ACASXU_run2a_2_2_batch_2000.onnx,/home/elipregerson/nnenum/vnncomp2025_benchmarks/benchmarks/acasxu_2023/vnnlib/prop_3.vnnlib,.006163576,unsat,.682789786
acasxu_2023,/home/elipregerson/nnenum/vnncomp2025_benchmarks/benchmarks/acasxu_2023/onnx/ACASXU_run2a_2_3_batch_2000.onnx,/home/elipregerson/nnenum/vnncomp2025_benchmarks/benchmarks/acasxu_2023/vnnlib/prop_3.vnnlib,.006415586,unsat,.819061615
acasxu_2023,/home/elipregerson/nnenum/vnncomp2025_benchmarks/benchmarks/acasxu_2023/onnx/ACASXU_run2a_2_4_batch_2000.onnx,/home/elipregerson/nnenum/vnncomp2025_benchmarks/benchmarks/acasxu_2023/vnnlib/prop_3.vnnlib,.006143523,unsat,.557761110
acasxu_2023,/home/elipregerson/nnenum/vnncomp2025_benchmarks/benchmarks/acasxu_2023/onnx/ACASXU_run2a_2_5_batch_2000.onnx,/home/elipregerson/nnenum/vnncomp2025_benchmarks/benchmarks/acasxu_2023/vnnlib/prop_3.vnnlib,.008146498,unsat,.617923634
acasxu_2023,/home/elipregerson/nnenum/vnncomp2025_benchmarks/benchmarks/acasxu_2023/onnx/ACASXU_run2a_2_6_batch_2000.onnx,/home/elipregerson/nnenum/vnncomp2025_benchmarks/benchmarks/acasxu_2023/vnnlib/prop_3.vnnlib,.006163614,unsat,.610957427
acasxu_2023,/home/elipregerson/nnenum/vnncomp2025_benchmarks/benchmarks/acasxu_2023/onnx/ACASXU_run2a_2_7_batch_2000.onnx,/home/elipregerson/nnenum/vnncomp2025_benchmarks/benchmarks/acasxu_2023/vnnlib/prop_3.vnnlib,.006147476,unsat,.618199303
acasxu_2023,/home/elipregerson/nnenum/vnncomp2025_benchmarks/benchmarks/acasxu_2023/onnx/ACASXU_run2a_2_8_batch_2000.onnx,/home/elipregerson/nnenum/vnncomp2025_benchmarks/benchmarks/acasxu_2023/vnnlib/prop_3.vnnlib,.006246845,unsat,.605527123
acasxu_2023,/home/elipregerson/nnenum/vnncomp2025_benchmarks/benchmarks/acasxu_2023/onnx/ACASXU_run2a_2_9_batch_2000.onnx,/home/elipregerson/nnenum/vnncomp2025_benchmarks/benchmarks/acasxu_2023/vnnlib/prop_3.vnnlib,.006317969,unsat,.555806340
acasxu_2023,/home/elipregerson/nnenum/vnncomp2025_benchmarks/benchmarks/acasxu_2023/onnx/ACASXU_run2a_3_1_batch_2000.onnx,/home/elipregerson/nnenum/vnncomp2025_benchmarks/benchmarks/acasxu_2023/vnnlib/prop_3.vnnlib,.006590386,unsat,.614136430
acasxu_2023,/home/elipregerson/nnenum/vnncomp2025_benchmarks/benchmarks/acasxu_2023/onnx/ACASXU_run2a_3_2_batch_2000.onnx,/home/elipregerson/nnenum/vnncomp2025_benchmarks/benchmarks/acasxu_2023/vnnlib/prop_3.vnnlib,.006398249,unsat,.790072494
acasxu_2023,/home/elipregerson/nnenum/vnncomp2025_benchmarks/benchmarks/acasxu_2023/onnx/ACASXU_run2a_3_3_batch_2000.onnx,/home/elipregerson/nnenum/vnncomp2025_benchmarks/benchmarks/acasxu_2023/vnnlib/prop_3.vnnlib,.006135555,unsat,.718972399
acasxu_2023,/home/elipregerson/nnenum/vnncomp2025_benchmarks/benchmarks/acasxu_2023/onnx/ACASXU_run2a_3_4_batch_2000.onnx,/home/elipregerson/nnenum/vnncomp2025_benchmarks/benchmarks/acasxu_2023/vnnlib/prop_3.vnnlib,.006059924,unsat,.617796323
acasxu_2023,/home/elipregerson/nnenum/vnncomp2025_benchmarks/benchmarks/acasxu_2023/onnx/ACASXU_run2a_3_5_batch_2000.onnx,/home/elipregerson/nnenum/vnncomp2025_benchmarks/benchmarks/acasxu_2023/vnnlib/prop_3.vnnlib,.006175291,unsat,.604940692
acasxu_2023,/home/elipregerson/nnenum/vnncomp2025_benchmarks/benchmarks/acasxu_2023/onnx/ACASXU_run2a_3_6_batch_2000.onnx,/home/elipregerson/nnenum/vnncomp2025_benchmarks/benchmarks/acasxu_2023/vnnlib/prop_3.vnnlib,.006017202,unsat,.634609566
acasxu_2023,/home/elipregerson/nnenum/vnncomp2025_benchmarks/benchmarks/acasxu_2023/onnx/ACASXU_run2a_3_7_batch_2000.onnx,/home/elipregerson/nnenum/vnncomp2025_benchmarks/benchmarks/acasxu_2023/vnnlib/prop_3.vnnlib,.006102661,unsat,.621643305
acasxu_2023,/home/elipregerson/nnenum/vnncomp2025_benchmarks/benchmarks/acasxu_2023/onnx/ACASXU_run2a_3_8_batch_2000.onnx,/home/elipregerson/nnenum/vnncomp2025_benchmarks/benchmarks/acasxu_2023/vnnlib/prop_3.vnnlib,.006645247,unsat,.608775700
acasxu_2023,/home/elipregerson/nnenum/vnncomp2025_benchmarks/benchmarks/acasxu_2023/onnx/ACASXU_run2a_3_9_batch_2000.onnx,/home/elipregerson/nnenum/vnncomp2025_benchmarks/benchmarks/acasxu_2023/vnnlib/prop_3.vnnlib,.006264396,unsat,.613275965
acasxu_2023,/home/elipregerson/nnenum/vnncomp2025_benchmarks/benchmarks/acasxu_2023/onnx/ACASXU_run2a_4_1_batch_2000.onnx,/home/elipregerson/nnenum/vnncomp2025_benchmarks/benchmarks/acasxu_2023/vnnlib/prop_3.vnnlib,.006948571,unsat,.658054504
acasxu_2023,/home/elipregerson/nnenum/vnncomp2025_benchmarks/benchmarks/acasxu_2023/onnx/ACASXU_run2a_4_2_batch_2000.onnx,/home/elipregerson/nnenum/vnncomp2025_benchmarks/benchmarks/acasxu_2023/vnnlib/prop_3.vnnlib,.006248087,unsat,.814291432
acasxu_2023,/home/elipregerson/nnenum/vnncomp2025_benchmarks/benchmarks/acasxu_2023/onnx/ACASXU_run2a_4_3_batch_2000.onnx,/home/elipregerson/nnenum/vnncomp2025_benchmarks/benchmarks/acasxu_2023/vnnlib/prop_3.vnnlib,.006043266,unsat,.847632248
acasxu_2023,/home/elipregerson/nnenum/vnncomp2025_benchmarks/benchmarks/acasxu_2023/onnx/ACASXU_run2a_4_4_batch_2000.onnx,/home/elipregerson/nnenum/vnncomp2025_benchmarks/benchmarks/acasxu_2023/vnnlib/prop_3.vnnlib,.007649862,unsat,.606891461
acasxu_2023,/home/elipregerson/nnenum/vnncomp2025_benchmarks/benchmarks/acasxu_2023/onnx/ACASXU_run2a_4_5_batch_2000.onnx,/home/elipregerson/nnenum/vnncomp2025_benchmarks/benchmarks/acasxu_2023/vnnlib/prop_3.vnnlib,.006095917,unsat,.605329774
acasxu_2023,/home/elipregerson/nnenum/vnncomp2025_benchmarks/benchmarks/acasxu_2023/onnx/ACASXU_run2a_4_6_batch_2000.onnx,/home/elipregerson/nnenum/vnncomp2025_benchmarks/benchmarks/acasxu_2023/vnnlib/prop_3.vnnlib,.006009048,unsat,.627897451
acasxu_2023,/home/elipregerson/nnenum/vnncomp2025_benchmarks/benchmarks/acasxu_2023/onnx/ACASXU_run2a_4_7_batch_2000.onnx,/home/elipregerson/nnenum/vnncomp2025_benchmarks/benchmarks/acasxu_2023/vnnlib/prop_3.vnnlib,.006118310,unsat,.609732583
acasxu_2023,/home/elipregerson/nnenum/vnncomp2025_benchmarks/benchmarks/acasxu_2023/onnx/ACASXU_run2a_4_8_batch_2000.onnx,/home/elipregerson/nnenum/vnncomp2025_benchmarks/benchmarks/acasxu_2023/vnnlib/prop_3.vnnlib,.006325297,unsat,.614608493
acasxu_2023,/home/elipregerson/nnenum/vnncomp2025_benchmarks/benchmarks/acasxu_2023/onnx/ACASXU_run2a_4_9_batch_2000.onnx,/home/elipregerson/nnenum/vnncomp2025_benchmarks/benchmarks/acasxu_2023/vnnlib/prop_3.vnnlib,.006438691,unsat,.641301657
acasxu_2023,/home/elipregerson/nnenum/vnncomp2025_benchmarks/benchmarks/acasxu_2023/onnx/ACASXU_run2a_5_1_batch_2000.onnx,/home/elipregerson/nnenum/vnncomp2025_benchmarks/benchmarks/acasxu_2023/vnnlib/prop_3.vnnlib,.006139984,unsat,.804323244
acasxu_2023,/home/elipregerson/nnenum/vnncomp2025_benchmarks/benchmarks/acasxu_2023/onnx/ACASXU_run2a_5_2_batch_2000.onnx,/home/elipregerson/nnenum/vnncomp2025_benchmarks/benchmarks/acasxu_2023/vnnlib/prop_3.vnnlib,.006140820,unsat,.610565313
acasxu_2023,/home/elipregerson/nnenum/vnncomp2025_benchmarks/benchmarks/acasxu_2023/onnx/ACASXU_run2a_5_3_batch_2000.onnx,/home/elipregerson/nnenum/vnncomp2025_benchmarks/benchmarks/acasxu_2023/vnnlib/prop_3.vnnlib,.006106905,unsat,.608000137
acasxu_2023,/home/elipregerson/nnenum/vnncomp2025_benchmarks/benchmarks/acasxu_2023/onnx/ACASXU_run2a_5_4_batch_2000.onnx,/home/elipregerson/nnenum/vnncomp2025_benchmarks/benchmarks/acasxu_2023/vnnlib/prop_3.vnnlib,.011762916,unsat,.605080558
acasxu_2023,/home/elipregerson/nnenum/vnncomp2025_benchmarks/benchmarks/acasxu_2023/onnx/ACASXU_run2a_5_5_batch_2000.onnx,/home/elipregerson/nnenum/vnncomp2025_benchmarks/benchmarks/acasxu_2023/vnnlib/prop_3.vnnlib,.006110071,unsat,.610562429
acasxu_2023,/home/elipregerson/nnenum/vnncomp2025_benchmarks/benchmarks/acasxu_2023/onnx/ACASXU_run2a_5_6_batch_2000.onnx,/home/elipregerson/nnenum/vnncomp2025_benchmarks/benchmarks/acasxu_2023/vnnlib/prop_3.vnnlib,.006320113,unsat,.644507593
acasxu_2023,/home/elipregerson/nnenum/vnncomp2025_benchmarks/benchmarks/acasxu_2023/onnx/ACASXU_run2a_5_7_batch_2000.onnx,/home/elipregerson/nnenum/vnncomp2025_benchmarks/benchmarks/acasxu_2023/vnnlib/prop_3.vnnlib,.006089125,unsat,.542824833
acasxu_2023,/home/elipregerson/nnenum/vnncomp2025_benchmarks/benchmarks/acasxu_2023/onnx/ACASXU_run2a_5_8_batch_2000.onnx,/home/elipregerson/nnenum/vnncomp2025_benchmarks/benchmarks/acasxu_2023/vnnlib/prop_3.vnnlib,.006193830,unsat,.609317978
acasxu_2023,/home/elipregerson/nnenum/vnncomp2025_benchmarks/benchmarks/acasxu_2023/onnx/ACASXU_run2a_5_9_batch_2000.onnx,/home/elipregerson/nnenum/vnncomp2025_benchmarks/benchmarks/acasxu_2023/vnnlib/prop_3.vnnlib,.006338540,unsat,.549898704
acasxu_2023,/home/elipregerson/nnenum/vnncomp2025_benchmarks/benchmarks/acasxu_2023/onnx/ACASXU_run2a_1_1_batch_2000.onnx,/home/elipregerson/nnenum/vnncomp2025_benchmarks/benchmarks/acasxu_2023/vnnlib/prop_4.vnnlib,.006415410,unsat,.797731036
acasxu_2023,/home/elipregerson/nnenum/vnncomp2025_benchmarks/benchmarks/acasxu_2023/onnx/ACASXU_run2a_1_2_batch_2000.onnx,/home/elipregerson/nnenum/vnncomp2025_benchmarks/benchmarks/acasxu_2023/vnnlib/prop_4.vnnlib,.006053528,unsat,.730763022
acasxu_2023,/home/elipregerson/nnenum/vnncomp2025_benchmarks/benchmarks/acasxu_2023/onnx/ACASXU_run2a_1_3_batch_2000.onnx,/home/elipregerson/nnenum/vnncomp2025_benchmarks/benchmarks/acasxu_2023/vnnlib/prop_4.vnnlib,.006097374,unsat,.704593976
acasxu_2023,/home/elipregerson/nnenum/vnncomp2025_benchmarks/benchmarks/acasxu_2023/onnx/ACASXU_run2a_1_4_batch_2000.onnx,/home/elipregerson/nnenum/vnncomp2025_benchmarks/benchmarks/acasxu_2023/vnnlib/prop_4.vnnlib,.006148561,unsat,.635468022
acasxu_2023,/home/elipregerson/nnenum/vnncomp2025_benchmarks/benchmarks/acasxu_2023/onnx/ACASXU_run2a_1_5_batch_2000.onnx,/home/elipregerson/nnenum/vnncomp2025_benchmarks/benchmarks/acasxu_2023/vnnlib/prop_4.vnnlib,.006100623,unsat,.653349503
acasxu_2023,/home/elipregerson/nnenum/vnncomp2025_benchmarks/benchmarks/acasxu_2023/onnx/ACASXU_run2a_1_6_batch_2000.onnx,/home/elipregerson/nnenum/vnncomp2025_benchmarks/benchmarks/acasxu_2023/vnnlib/prop_4.vnnlib,.006292856,unsat,.621497786
acasxu_2023,/home/elipregerson/nnenum/vnncomp2025_benchmarks/benchmarks/acasxu_2023/onnx/ACASXU_run2a_1_7_batch_2000.onnx,/home/elipregerson/nnenum/vnncomp2025_benchmarks/benchmarks/acasxu_2023/vnnlib/prop_4.vnnlib,.006185094,sat,.607972304
acasxu_2023,/home/elipregerson/nnenum/vnncomp2025_benchmarks/benchmarks/acasxu_2023/onnx/ACASXU_run2a_1_8_batch_2000.onnx,/home/elipregerson/nnenum/vnncomp2025_benchmarks/benchmarks/acasxu_2023/vnnlib/prop_4.vnnlib,.006346296,sat,.596703466
acasxu_2023,/home/elipregerson/nnenum/vnncomp2025_benchmarks/benchmarks/acasxu_2023/onnx/ACASXU_run2a_1_9_batch_2000.onnx,/home/elipregerson/nnenum/vnncomp2025_benchmarks/benchmarks/acasxu_2023/vnnlib/prop_4.vnnlib,.006355746,sat,.603813029
acasxu_2023,/home/elipregerson/nnenum/vnncomp2025_benchmarks/benchmarks/acasxu_2023/onnx/ACASXU_run2a_2_1_batch_2000.onnx,/home/elipregerson/nnenum/vnncomp2025_benchmarks/benchmarks/acasxu_2023/vnnlib/prop_4.vnnlib,.006096999,unsat,.626687033
acasxu_2023,/home/elipregerson/nnenum/vnncomp2025_benchmarks/benchmarks/acasxu_2023/onnx/ACASXU_run2a_2_2_batch_2000.onnx,/home/elipregerson/nnenum/vnncomp2025_benchmarks/benchmarks/acasxu_2023/vnnlib/prop_4.vnnlib,.006249929,unsat,.647270968
acasxu_2023,/home/elipregerson/nnenum/vnncomp2025_benchmarks/benchmarks/acasxu_2023/onnx/ACASXU_run2a_2_3_batch_2000.onnx,/home/elipregerson/nnenum/vnncomp2025_benchmarks/benchmarks/acasxu_2023/vnnlib/prop_4.vnnlib,.006086866,unsat,.612390873
acasxu_2023,/home/elipregerson/nnenum/vnncomp2025_benchmarks/benchmarks/acasxu_2023/onnx/ACASXU_run2a_2_4_batch_2000.onnx,/home/elipregerson/nnenum/vnncomp2025_benchmarks/benchmarks/acasxu_2023/vnnlib/prop_4.vnnlib,.006474890,unsat,.618299496
acasxu_2023,/home/elipregerson/nnenum/vnncomp2025_benchmarks/benchmarks/acasxu_2023/onnx/ACASXU_run2a_2_5_batch_2000.onnx,/home/elipregerson/nnenum/vnncomp2025_benchmarks/benchmarks/acasxu_2023/vnnlib/prop_4.vnnlib,.006196131,unsat,.623878075
acasxu_2023,/home/elipregerson/nnenum/vnncomp2025_benchmarks/benchmarks/acasxu_2023/onnx/ACASXU_run2a_2_6_batch_2000.onnx,/home/elipregerson/nnenum/vnncomp2025_benchmarks/benchmarks/acasxu_2023/vnnlib/prop_4.vnnlib,.006160992,unsat,.638071600
acasxu_2023,/home/elipregerson/nnenum/vnncomp2025_benchmarks/benchmarks/acasxu_2023/onnx/ACASXU_run2a_2_7_batch_2000.onnx,/home/elipregerson/nnenum/vnncomp2025_benchmarks/benchmarks/acasxu_2023/vnnlib/prop_4.vnnlib,.006001267,unsat,.639390251
acasxu_2023,/home/elipregerson/nnenum/vnncomp2025_benchmarks/benchmarks/acasxu_2023/onnx/ACASXU_run2a_2_8_batch_2000.onnx,/home/elipregerson/nnenum/vnncomp2025_benchmarks/benchmarks/acasxu_2023/vnnlib/prop_4.vnnlib,.006079768,unsat,.647977213
acasxu_2023,/home/elipregerson/nnenum/vnncomp2025_benchmarks/benchmarks/acasxu_2023/onnx/ACASXU_run2a_2_9_batch_2000.onnx,/home/elipregerson/nnenum/vnncomp2025_benchmarks/benchmarks/acasxu_2023/vnnlib/prop_4.vnnlib,.006193449,unsat,.555973019
acasxu_2023,/home/elipregerson/nnenum/vnncomp2025_benchmarks/benchmarks/acasxu_2023/onnx/ACASXU_run2a_3_1_batch_2000.onnx,/home/elipregerson/nnenum/vnncomp2025_benchmarks/benchmarks/acasxu_2023/vnnlib/prop_4.vnnlib,.006085104,unsat,.627202024
acasxu_2023,/home/elipregerson/nnenum/vnncomp2025_benchmarks/benchmarks/acasxu_2023/onnx/ACASXU_run2a_3_2_batch_2000.onnx,/home/elipregerson/nnenum/vnncomp2025_benchmarks/benchmarks/acasxu_2023/vnnlib/prop_4.vnnlib,.006141870,unsat,.618387611
acasxu_2023,/home/elipregerson/nnenum/vnncomp2025_benchmarks/benchmarks/acasxu_2023/onnx/ACASXU_run2a_3_3_batch_2000.onnx,/home/elipregerson/nnenum/vnncomp2025_benchmarks/benchmarks/acasxu_2023/vnnlib/prop_4.vnnlib,.006763971,unsat,.612474430
acasxu_2023,/home/elipregerson/nnenum/vnncomp2025_benchmarks/benchmarks/acasxu_2023/onnx/ACASXU_run2a_3_4_batch_2000.onnx,/home/elipregerson/nnenum/vnncomp2025_benchmarks/benchmarks/acasxu_2023/vnnlib/prop_4.vnnlib,.006623012,unsat,.606018668
acasxu_2023,/home/elipregerson/nnenum/vnncomp2025_benchmarks/benchmarks/acasxu_2023/onnx/ACASXU_run2a_3_5_batch_2000.onnx,/home/elipregerson/nnenum/vnncomp2025_benchmarks/benchmarks/acasxu_2023/vnnlib/prop_4.vnnlib,.006134138,unsat,.647011618
acasxu_2023,/home/elipregerson/nnenum/vnncomp2025_benchmarks/benchmarks/acasxu_2023/onnx/ACASXU_run2a_3_6_batch_2000.onnx,/home/elipregerson/nnenum/vnncomp2025_benchmarks/benchmarks/acasxu_2023/vnnlib/prop_4.vnnlib,.006270825,unsat,.611255544
acasxu_2023,/home/elipregerson/nnenum/vnncomp2025_benchmarks/benchmarks/acasxu_2023/onnx/ACASXU_run2a_3_7_batch_2000.onnx,/home/elipregerson/nnenum/vnncomp2025_benchmarks/benchmarks/acasxu_2023/vnnlib/prop_4.vnnlib,.006442032,unsat,.627608809
acasxu_2023,/home/elipregerson/nnenum/vnncomp2025_benchmarks/benchmarks/acasxu_2023/onnx/ACASXU_run2a_3_8_batch_2000.onnx,/home/elipregerson/nnenum/vnncomp2025_benchmarks/benchmarks/acasxu_2023/vnnlib/prop_4.vnnlib,.006406631,unsat,.643631880
acasxu_2023,/home/elipregerson/nnenum/vnncomp2025_benchmarks/benchmarks/acasxu_2023/onnx/ACASXU_run2a_3_9_batch_2000.onnx,/home/elipregerson/nnenum/vnncomp2025_benchmarks/benchmarks/acasxu_2023/vnnlib/prop_4.vnnlib,.006603586,unsat,.639241281
acasxu_2023,/home/elipregerson/nnenum/vnncomp2025_benchmarks/benchmarks/acasxu_2023/onnx/ACASXU_run2a_4_1_batch_2000.onnx,/home/elipregerson/nnenum/vnncomp2025_benchmarks/benchmarks/acasxu_2023/vnnlib/prop_4.vnnlib,.006068239,unsat,.610640495
acasxu_2023,/home/elipregerson/nnenum/vnncomp2025_benchmarks/benchmarks/acasxu_2023/onnx/ACASXU_run2a_4_2_batch_2000.onnx,/home/elipregerson/nnenum/vnncomp2025_benchmarks/benchmarks/acasxu_2023/vnnlib/prop_4.vnnlib,.006662203,unsat,.614729943
acasxu_2023,/home/elipregerson/nnenum/vnncomp2025_benchmarks/benchmarks/acasxu_2023/onnx/ACASXU_run2a_4_3_batch_2000.onnx,/home/elipregerson/nnenum/vnncomp2025_benchmarks/benchmarks/acasxu_2023/vnnlib/prop_4.vnnlib,.006204046,unsat,.624956979
acasxu_2023,/home/elipregerson/nnenum/vnncomp2025_benchmarks/benchmarks/acasxu_2023/onnx/ACASXU_run2a_4_4_batch_2000.onnx,/home/elipregerson/nnenum/vnncomp2025_benchmarks/benchmarks/acasxu_2023/vnnlib/prop_4.vnnlib,.006183465,unsat,.618063105
acasxu_2023,/home/elipregerson/nnenum/vnncomp2025_benchmarks/benchmarks/acasxu_2023/onnx/ACASXU_run2a_4_5_batch_2000.onnx,/home/elipregerson/nnenum/vnncomp2025_benchmarks/benchmarks/acasxu_2023/vnnlib/prop_4.vnnlib,.006293521,unsat,.609577875
acasxu_2023,/home/elipregerson/nnenum/vnncomp2025_benchmarks/benchmarks/acasxu_2023/onnx/ACASXU_run2a_4_6_batch_2000.onnx,/home/elipregerson/nnenum/vnncomp2025_benchmarks/benchmarks/acasxu_2023/vnnlib/prop_4.vnnlib,.006186586,unsat,.618042847
acasxu_2023,/home/elipregerson/nnenum/vnncomp2025_benchmarks/benchmarks/acasxu_2023/onnx/ACASXU_run2a_4_7_batch_2000.onnx,/home/elipregerson/nnenum/vnncomp2025_benchmarks/benchmarks/acasxu_2023/vnnlib/prop_4.vnnlib,.006263791,unsat,.613846376
acasxu_2023,/home/elipregerson/nnenum/vnncomp2025_benchmarks/benchmarks/acasxu_2023/onnx/ACASXU_run2a_4_8_batch_2000.onnx,/home/elipregerson/nnenum/vnncomp2025_benchmarks/benchmarks/acasxu_2023/vnnlib/prop_4.vnnlib,.006569450,unsat,.626459948
acasxu_2023,/home/elipregerson/nnenum/vnncomp2025_benchmarks/benchmarks/acasxu_2023/onnx/ACASXU_run2a_4_9_batch_2000.onnx,/home/elipregerson/nnenum/vnncomp2025_benchmarks/benchmarks/acasxu_2023/vnnlib/prop_4.vnnlib,.006200247,unsat,.601294398
acasxu_2023,/home/elipregerson/nnenum/vnncomp2025_benchmarks/benchmarks/acasxu_2023/onnx/ACASXU_run2a_5_1_batch_2000.onnx,/home/elipregerson/nnenum/vnncomp2025_benchmarks/benchmarks/acasxu_2023/vnnlib/prop_4.vnnlib,.006208048,unsat,.619855672
acasxu_2023,/home/elipregerson/nnenum/vnncomp2025_benchmarks/benchmarks/acasxu_2023/onnx/ACASXU_run2a_5_2_batch_2000.onnx,/home/elipregerson/nnenum/vnncomp2025_benchmarks/benchmarks/acasxu_2023/vnnlib/prop_4.vnnlib,.006134958,unsat,.607674765
acasxu_2023,/home/elipregerson/nnenum/vnncomp2025_benchmarks/benchmarks/acasxu_2023/onnx/ACASXU_run2a_5_3_batch_2000.onnx,/home/elipregerson/nnenum/vnncomp2025_benchmarks/benchmarks/acasxu_2023/vnnlib/prop_4.vnnlib,.006317009,unsat,.604277684
acasxu_2023,/home/elipregerson/nnenum/vnncomp2025_benchmarks/benchmarks/acasxu_2023/onnx/ACASXU_run2a_5_4_batch_2000.onnx,/home/elipregerson/nnenum/vnncomp2025_benchmarks/benchmarks/acasxu_2023/vnnlib/prop_4.vnnlib,.005991058,unsat,.603639774
acasxu_2023,/home/elipregerson/nnenum/vnncomp2025_benchmarks/benchmarks/acasxu_2023/onnx/ACASXU_run2a_5_5_batch_2000.onnx,/home/elipregerson/nnenum/vnncomp2025_benchmarks/benchmarks/acasxu_2023/vnnlib/prop_4.vnnlib,.006129654,unsat,.604676271
acasxu_2023,/home/elipregerson/nnenum/vnncomp2025_benchmarks/benchmarks/acasxu_2023/onnx/ACASXU_run2a_5_6_batch_2000.onnx,/home/elipregerson/nnenum/vnncomp2025_benchmarks/benchmarks/acasxu_2023/vnnlib/prop_4.vnnlib,.006220262,unsat,.608659547
acasxu_2023,/home/elipregerson/nnenum/vnncomp2025_benchmarks/benchmarks/acasxu_2023/onnx/ACASXU_run2a_5_7_batch_2000.onnx,/home/elipregerson/nnenum/vnncomp2025_benchmarks/benchmarks/acasxu_2023/vnnlib/prop_4.vnnlib,.006118197,unsat,.639830295
acasxu_2023,/home/elipregerson/nnenum/vnncomp2025_benchmarks/benchmarks/acasxu_2023/onnx/ACASXU_run2a_5_8_batch_2000.onnx,/home/elipregerson/nnenum/vnncomp2025_benchmarks/benchmarks/acasxu_2023/vnnlib/prop_4.vnnlib,.006450593,unsat,.625250300
acasxu_2023,/home/elipregerson/nnenum/vnncomp2025_benchmarks/benchmarks/acasxu_2023/onnx/ACASXU_run2a_5_9_batch_2000.onnx,/home/elipregerson/nnenum/vnncomp2025_benchmarks/benchmarks/acasxu_2023/vnnlib/prop_4.vnnlib,.006021432,unsat,.608509291
acasxu_2023,/home/elipregerson/nnenum/vnncomp2025_benchmarks/benchmarks/acasxu_2023/onnx/ACASXU_run2a_1_1_batch_2000.onnx,/home/elipregerson/nnenum/vnncomp2025_benchmarks/benchmarks/acasxu_2023/vnnlib/prop_5.vnnlib,.006121942,unsat,1.344963187
acasxu_2023,/home/elipregerson/nnenum/vnncomp2025_benchmarks/benchmarks/acasxu_2023/onnx/ACASXU_run2a_1_1_batch_2000.onnx,/home/elipregerson/nnenum/vnncomp2025_benchmarks/benchmarks/acasxu_2023/vnnlib/prop_6.vnnlib,.006122787,unsat,3.426893209
acasxu_2023,/home/elipregerson/nnenum/vnncomp2025_benchmarks/benchmarks/acasxu_2023/onnx/ACASXU_run2a_1_9_batch_2000.onnx,/home/elipregerson/nnenum/vnncomp2025_benchmarks/benchmarks/acasxu_2023/vnnlib/prop_7.vnnlib,.006041230,sat,.773249678
acasxu_2023,/home/elipregerson/nnenum/vnncomp2025_benchmarks/benchmarks/acasxu_2023/onnx/ACASXU_run2a_2_9_batch_2000.onnx,/home/elipregerson/nnenum/vnncomp2025_benchmarks/benchmarks/acasxu_2023/vnnlib/prop_8.vnnlib,.006166068,sat,.696737870
acasxu_2023,/home/elipregerson/nnenum/vnncomp2025_benchmarks/benchmarks/acasxu_2023/onnx/ACASXU_run2a_3_3_batch_2000.onnx,/home/elipregerson/nnenum/vnncomp2025_benchmarks/benchmarks/acasxu_2023/vnnlib/prop_9.vnnlib,.006067134,unsat,2.078022519
acasxu_2023,/home/elipregerson/nnenum/vnncomp2025_benchmarks/benchmarks/acasxu_2023/onnx/ACASXU_run2a_4_5_batch_2000.onnx,/home/elipregerson/nnenum/vnncomp2025_benchmarks/benchmarks/acasxu_2023/vnnlib/prop_10.vnnlib,.006700351,unsat,.923992140
acasxu_2023,/home/elipregerson/nnenum/vnncomp2025_benchmarks/benchmarks/test/onnx/test_nano.onnx,/home/elipregerson/nnenum/vnncomp2025_benchmarks/benchmarks/test/vnnlib/test_nano.vnnlib,.006177985,unsat,.556455648
cctsdb_yolo_2023,/home/elipregerson/nnenum/vnncomp2025_benchmarks/benchmarks/cctsdb_yolo_2023/onnx/patch-1.onnx,/home/elipregerson/nnenum/vnncomp2025_benchmarks/benchmarks/cctsdb_yolo_2023/vnnlib/spec_onnx_patch-1_idx_00559_0.vnnlib,.005978710,error_exit_code_1,.648662392
cctsdb_yolo_2023,/home/elipregerson/nnenum/vnncomp2025_benchmarks/benchmarks/cctsdb_yolo_2023/onnx/patch-1.onnx,/home/elipregerson/nnenum/vnncomp2025_benchmarks/benchmarks/cctsdb_yolo_2023/vnnlib/spec_onnx_patch-1_idx_16972_2.vnnlib,.006227385,error_exit_code_1,.659217455
cctsdb_yolo_2023,/home/elipregerson/nnenum/vnncomp2025_benchmarks/benchmarks/cctsdb_yolo_2023/onnx/patch-3.onnx,/home/elipregerson/nnenum/vnncomp2025_benchmarks/benchmarks/cctsdb_yolo_2023/vnnlib/spec_onnx_patch-3_idx_05840_0.vnnlib,.006140680,error_exit_code_1,.655769480
cctsdb_yolo_2023,/home/elipregerson/nnenum/vnncomp2025_benchmarks/benchmarks/cctsdb_yolo_2023/onnx/patch-1.onnx,/home/elipregerson/nnenum/vnncomp2025_benchmarks/benchmarks/cctsdb_yolo_2023/vnnlib/spec_onnx_patch-1_idx_01937_0.vnnlib,.006131011,error_exit_code_1,.646058686
cctsdb_yolo_2023,/home/elipregerson/nnenum/vnncomp2025_benchmarks/benchmarks/cctsdb_yolo_2023/onnx/patch-1.onnx,/home/elipregerson/nnenum/vnncomp2025_benchmarks/benchmarks/cctsdb_yolo_2023/vnnlib/spec_onnx_patch-1_idx_12559_0.vnnlib,.006234835,error_exit_code_1,.653642919
cctsdb_yolo_2023,/home/elipregerson/nnenum/vnncomp2025_benchmarks/benchmarks/cctsdb_yolo_2023/onnx/patch-3.onnx,/home/elipregerson/nnenum/vnncomp2025_benchmarks/benchmarks/cctsdb_yolo_2023/vnnlib/spec_onnx_patch-3_idx_00303_0.vnnlib,.006251382,error_exit_code_1,.640236758
cctsdb_yolo_2023,/home/elipregerson/nnenum/vnncomp2025_benchmarks/benchmarks/cctsdb_yolo_2023/onnx/patch-3.onnx,/home/elipregerson/nnenum/vnncomp2025_benchmarks/benchmarks/cctsdb_yolo_2023/vnnlib/spec_onnx_patch-3_idx_03292_0.vnnlib,.006358432,error_exit_code_1,.647053710
cctsdb_yolo_2023,/home/elipregerson/nnenum/vnncomp2025_benchmarks/benchmarks/cctsdb_yolo_2023/onnx/patch-1.onnx,/home/elipregerson/nnenum/vnncomp2025_benchmarks/benchmarks/cctsdb_yolo_2023/vnnlib/spec_onnx_patch-1_idx_01849_0.vnnlib,.006136901,error_exit_code_1,.645762888
cctsdb_yolo_2023,/home/elipregerson/nnenum/vnncomp2025_benchmarks/benchmarks/cctsdb_yolo_2023/onnx/patch-1.onnx,/home/elipregerson/nnenum/vnncomp2025_benchmarks/benchmarks/cctsdb_yolo_2023/vnnlib/spec_onnx_patch-1_idx_02037_0.vnnlib,.006164579,error_exit_code_1,.647834428
cctsdb_yolo_2023,/home/elipregerson/nnenum/vnncomp2025_benchmarks/benchmarks/cctsdb_yolo_2023/onnx/patch-1.onnx,/home/elipregerson/nnenum/vnncomp2025_benchmarks/benchmarks/cctsdb_yolo_2023/vnnlib/spec_onnx_patch-1_idx_13786_0.vnnlib,.006094707,error_exit_code_1,.640773271
cctsdb_yolo_2023,/home/elipregerson/nnenum/vnncomp2025_benchmarks/benchmarks/cctsdb_yolo_2023/onnx/patch-1.onnx,/home/elipregerson/nnenum/vnncomp2025_benchmarks/benchmarks/cctsdb_yolo_2023/vnnlib/spec_onnx_patch-1_idx_07658_0.vnnlib,.006146169,error_exit_code_1,.651006741
cctsdb_yolo_2023,/home/elipregerson/nnenum/vnncomp2025_benchmarks/benchmarks/cctsdb_yolo_2023/onnx/patch-3.onnx,/home/elipregerson/nnenum/vnncomp2025_benchmarks/benchmarks/cctsdb_yolo_2023/vnnlib/spec_onnx_patch-3_idx_01534_0.vnnlib,.006232460,error_exit_code_1,.640319683
cctsdb_yolo_2023,/home/elipregerson/nnenum/vnncomp2025_benchmarks/benchmarks/cctsdb_yolo_2023/onnx/patch-3.onnx,/home/elipregerson/nnenum/vnncomp2025_benchmarks/benchmarks/cctsdb_yolo_2023/vnnlib/spec_onnx_patch-3_idx_15377_1.vnnlib,.006229350,error_exit_code_1,.639149931
cctsdb_yolo_2023,/home/elipregerson/nnenum/vnncomp2025_benchmarks/benchmarks/cctsdb_yolo_2023/onnx/patch-3.onnx,/home/elipregerson/nnenum/vnncomp2025_benchmarks/benchmarks/cctsdb_yolo_2023/vnnlib/spec_onnx_patch-3_idx_03396_1.vnnlib,.006337730,error_exit_code_1,.642687185
cctsdb_yolo_2023,/home/elipregerson/nnenum/vnncomp2025_benchmarks/benchmarks/cctsdb_yolo_2023/onnx/patch-1.onnx,/home/elipregerson/nnenum/vnncomp2025_benchmarks/benchmarks/cctsdb_yolo_2023/vnnlib/spec_onnx_patch-1_idx_00087_1.vnnlib,.006152183,error_exit_code_1,.647252068
cctsdb_yolo_2023,/home/elipregerson/nnenum/vnncomp2025_benchmarks/benchmarks/cctsdb_yolo_2023/onnx/patch-3.onnx,/home/elipregerson/nnenum/vnncomp2025_benchmarks/benchmarks/cctsdb_yolo_2023/vnnlib/spec_onnx_patch-3_idx_12878_4.vnnlib,.006264718,error_exit_code_1,.645818371
cctsdb_yolo_2023,/home/elipregerson/nnenum/vnncomp2025_benchmarks/benchmarks/cctsdb_yolo_2023/onnx/patch-1.onnx,/home/elipregerson/nnenum/vnncomp2025_benchmarks/benchmarks/cctsdb_yolo_2023/vnnlib/spec_onnx_patch-1_idx_03775_0.vnnlib,.006091913,error_exit_code_1,.667331570
cctsdb_yolo_2023,/home/elipregerson/nnenum/vnncomp2025_benchmarks/benchmarks/cctsdb_yolo_2023/onnx/patch-1.onnx,/home/elipregerson/nnenum/vnncomp2025_benchmarks/benchmarks/cctsdb_yolo_2023/vnnlib/spec_onnx_patch-1_idx_00099_1.vnnlib,.006197958,error_exit_code_1,.643497778
cctsdb_yolo_2023,/home/elipregerson/nnenum/vnncomp2025_benchmarks/benchmarks/cctsdb_yolo_2023/onnx/patch-3.onnx,/home/elipregerson/nnenum/vnncomp2025_benchmarks/benchmarks/cctsdb_yolo_2023/vnnlib/spec_onnx_patch-3_idx_14771_0.vnnlib,.006071766,error_exit_code_1,.652645081
cctsdb_yolo_2023,/home/elipregerson/nnenum/vnncomp2025_benchmarks/benchmarks/cctsdb_yolo_2023/onnx/patch-1.onnx,/home/elipregerson/nnenum/vnncomp2025_benchmarks/benchmarks/cctsdb_yolo_2023/vnnlib/spec_onnx_patch-1_idx_00269_0.vnnlib,.006146769,error_exit_code_1,.637106701
cctsdb_yolo_2023,/home/elipregerson/nnenum/vnncomp2025_benchmarks/benchmarks/cctsdb_yolo_2023/onnx/patch-3.onnx,/home/elipregerson/nnenum/vnncomp2025_benchmarks/benchmarks/cctsdb_yolo_2023/vnnlib/spec_onnx_patch-3_idx_01673_0.vnnlib,.005984496,error_exit_code_1,.638617020
cctsdb_yolo_2023,/home/elipregerson/nnenum/vnncomp2025_benchmarks/benchmarks/cctsdb_yolo_2023/onnx/patch-3.onnx,/home/elipregerson/nnenum/vnncomp2025_benchmarks/benchmarks/cctsdb_yolo_2023/vnnlib/spec_onnx_patch-3_idx_01613_0.vnnlib,.006182391,error_exit_code_1,.644474114
cctsdb_yolo_2023,/home/elipregerson/nnenum/vnncomp2025_benchmarks/benchmarks/cctsdb_yolo_2023/onnx/patch-1.onnx,/home/elipregerson/nnenum/vnncomp2025_benchmarks/benchmarks/cctsdb_yolo_2023/vnnlib/spec_onnx_patch-1_idx_16845_1.vnnlib,.006246489,error_exit_code_1,.654166101
cctsdb_yolo_2023,/home/elipregerson/nnenum/vnncomp2025_benchmarks/benchmarks/cctsdb_yolo_2023/onnx/patch-1.onnx,/home/elipregerson/nnenum/vnncomp2025_benchmarks/benchmarks/cctsdb_yolo_2023/vnnlib/spec_onnx_patch-1_idx_00206_0.vnnlib,.006015064,error_exit_code_1,.637777038
cctsdb_yolo_2023,/home/elipregerson/nnenum/vnncomp2025_benchmarks/benchmarks/cctsdb_yolo_2023/onnx/patch-3.onnx,/home/elipregerson/nnenum/vnncomp2025_benchmarks/benchmarks/cctsdb_yolo_2023/vnnlib/spec_onnx_patch-3_idx_08544_0.vnnlib,.006245257,error_exit_code_1,.642848075
cctsdb_yolo_2023,/home/elipregerson/nnenum/vnncomp2025_benchmarks/benchmarks/cctsdb_yolo_2023/onnx/patch-1.onnx,/home/elipregerson/nnenum/vnncomp2025_benchmarks/benchmarks/cctsdb_yolo_2023/vnnlib/spec_onnx_patch-1_idx_04746_0.vnnlib,.006184001,error_exit_code_1,.631174827
cctsdb_yolo_2023,/home/elipregerson/nnenum/vnncomp2025_benchmarks/benchmarks/cctsdb_yolo_2023/onnx/patch-3.onnx,/home/elipregerson/nnenum/vnncomp2025_benchmarks/benchmarks/cctsdb_yolo_2023/vnnlib/spec_onnx_patch-3_idx_03372_1.vnnlib,.006130916,error_exit_code_1,.652426625
cctsdb_yolo_2023,/home/elipregerson/nnenum/vnncomp2025_benchmarks/benchmarks/cctsdb_yolo_2023/onnx/patch-3.onnx,/home/elipregerson/nnenum/vnncomp2025_benchmarks/benchmarks/cctsdb_yolo_2023/vnnlib/spec_onnx_patch-3_idx_01366_0.vnnlib,.006038408,error_exit_code_1,.642627502
cctsdb_yolo_2023,/home/elipregerson/nnenum/vnncomp2025_benchmarks/benchmarks/cctsdb_yolo_2023/onnx/patch-3.onnx,/home/elipregerson/nnenum/vnncomp2025_benchmarks/benchmarks/cctsdb_yolo_2023/vnnlib/spec_onnx_patch-3_idx_02945_0.vnnlib,.011114670,error_exit_code_1,.658704659
cctsdb_yolo_2023,/home/elipregerson/nnenum/vnncomp2025_benchmarks/benchmarks/cctsdb_yolo_2023/onnx/patch-1.onnx,/home/elipregerson/nnenum/vnncomp2025_benchmarks/benchmarks/cctsdb_yolo_2023/vnnlib/spec_onnx_patch-1_idx_02827_0.vnnlib,.006173404,error_exit_code_1,.648038997
cctsdb_yolo_2023,/home/elipregerson/nnenum/vnncomp2025_benchmarks/benchmarks/cctsdb_yolo_2023/onnx/patch-3.onnx,/home/elipregerson/nnenum/vnncomp2025_benchmarks/benchmarks/cctsdb_yolo_2023/vnnlib/spec_onnx_patch-3_idx_00055_0.vnnlib,.006196015,error_exit_code_1,.633083454
cctsdb_yolo_2023,/home/elipregerson/nnenum/vnncomp2025_benchmarks/benchmarks/cctsdb_yolo_2023/onnx/patch-1.onnx,/home/elipregerson/nnenum/vnncomp2025_benchmarks/benchmarks/cctsdb_yolo_2023/vnnlib/spec_onnx_patch-1_idx_15842_2.vnnlib,.006104373,error_exit_code_1,.639907982
cctsdb_yolo_2023,/home/elipregerson/nnenum/vnncomp2025_benchmarks/benchmarks/cctsdb_yolo_2023/onnx/patch-1.onnx,/home/elipregerson/nnenum/vnncomp2025_benchmarks/benchmarks/cctsdb_yolo_2023/vnnlib/spec_onnx_patch-1_idx_01613_0.vnnlib,.006124522,error_exit_code_1,.666279979
cctsdb_yolo_2023,/home/elipregerson/nnenum/vnncomp2025_benchmarks/benchmarks/cctsdb_yolo_2023/onnx/patch-3.onnx,/home/elipregerson/nnenum/vnncomp2025_benchmarks/benchmarks/cctsdb_yolo_2023/vnnlib/spec_onnx_patch-3_idx_03746_1.vnnlib,.006170021,error_exit_code_1,.650348779
cctsdb_yolo_2023,/home/elipregerson/nnenum/vnncomp2025_benchmarks/benchmarks/cctsdb_yolo_2023/onnx/patch-3.onnx,/home/elipregerson/nnenum/vnncomp2025_benchmarks/benchmarks/cctsdb_yolo_2023/vnnlib/spec_onnx_patch-3_idx_06844_2.vnnlib,.006130042,error_exit_code_1,.649726720
cctsdb_yolo_2023,/home/elipregerson/nnenum/vnncomp2025_benchmarks/benchmarks/cctsdb_yolo_2023/onnx/patch-1.onnx,/home/elipregerson/nnenum/vnncomp2025_benchmarks/benchmarks/cctsdb_yolo_2023/vnnlib/spec_onnx_patch-1_idx_01045_0.vnnlib,.006253860,error_exit_code_1,.656437793
cctsdb_yolo_2023,/home/elipregerson/nnenum/vnncomp2025_benchmarks/benchmarks/cctsdb_yolo_2023/onnx/patch-3.onnx,/home/elipregerson/nnenum/vnncomp2025_benchmarks/benchmarks/cctsdb_yolo_2023/vnnlib/spec_onnx_patch-3_idx_13330_0.vnnlib,.005994102,error_exit_code_1,.654193349
cctsdb_yolo_2023,/home/elipregerson/nnenum/vnncomp2025_benchmarks/benchmarks/cctsdb_yolo_2023/onnx/patch-3.onnx,/home/elipregerson/nnenum/vnncomp2025_benchmarks/benchmarks/cctsdb_yolo_2023/vnnlib/spec_onnx_patch-3_idx_00559_0.vnnlib,.005888977,error_exit_code_1,.647761993
cctsdb_yolo_2023,/home/elipregerson/nnenum/vnncomp2025_benchmarks/benchmarks/cctsdb_yolo_2023/onnx/patch-3.onnx,/home/elipregerson/nnenum/vnncomp2025_benchmarks/benchmarks/cctsdb_yolo_2023/vnnlib/spec_onnx_patch-3_idx_16384_0.vnnlib,.005994186,error_exit_code_1,.640859649
cctsdb_yolo_2023,/home/elipregerson/nnenum/vnncomp2025_benchmarks/benchmarks/test/onnx/test_nano.onnx,/home/elipregerson/nnenum/vnncomp2025_benchmarks/benchmarks/test/vnnlib/test_nano.vnnlib,.006523104,unsat,.558155398
cersyve,/home/elipregerson/nnenum/vnncomp2025_benchmarks/benchmarks/cersyve/onnx/lane_keep_pretrain_con.onnx,/home/elipregerson/nnenum/vnncomp2025_benchmarks/benchmarks/cersyve/vnnlib/prop_lane_keep.vnnlib,.006015775,error_exit_code_1,.546336868
cersyve,/home/elipregerson/nnenum/vnncomp2025_benchmarks/benchmarks/cersyve/onnx/lane_keep_pretrain_inv.onnx,/home/elipregerson/nnenum/vnncomp2025_benchmarks/benchmarks/cersyve/vnnlib/prop_lane_keep.vnnlib,.006098060,error_exit_code_1,.549849097
cersyve,/home/elipregerson/nnenum/vnncomp2025_benchmarks/benchmarks/cersyve/onnx/lane_keep_finetune_con.onnx,/home/elipregerson/nnenum/vnncomp2025_benchmarks/benchmarks/cersyve/vnnlib/prop_lane_keep.vnnlib,.006075020,error_exit_code_1,.554680116
cersyve,/home/elipregerson/nnenum/vnncomp2025_benchmarks/benchmarks/cersyve/onnx/lane_keep_finetune_inv.onnx,/home/elipregerson/nnenum/vnncomp2025_benchmarks/benchmarks/cersyve/vnnlib/prop_lane_keep.vnnlib,.006114689,error_exit_code_1,.559266009
cersyve,/home/elipregerson/nnenum/vnncomp2025_benchmarks/benchmarks/cersyve/onnx/pendulum_pretrain_con.onnx,/home/elipregerson/nnenum/vnncomp2025_benchmarks/benchmarks/cersyve/vnnlib/prop_pendulum.vnnlib,.006170078,error_exit_code_1,.561929610
cersyve,/home/elipregerson/nnenum/vnncomp2025_benchmarks/benchmarks/cersyve/onnx/pendulum_pretrain_inv.onnx,/home/elipregerson/nnenum/vnncomp2025_benchmarks/benchmarks/cersyve/vnnlib/prop_pendulum.vnnlib,.006051974,error_exit_code_1,.565354390
cersyve,/home/elipregerson/nnenum/vnncomp2025_benchmarks/benchmarks/cersyve/onnx/pendulum_finetune_con.onnx,/home/elipregerson/nnenum/vnncomp2025_benchmarks/benchmarks/cersyve/vnnlib/prop_pendulum.vnnlib,.006126937,error_exit_code_1,.548967913
cersyve,/home/elipregerson/nnenum/vnncomp2025_benchmarks/benchmarks/cersyve/onnx/pendulum_finetune_inv.onnx,/home/elipregerson/nnenum/vnncomp2025_benchmarks/benchmarks/cersyve/vnnlib/prop_pendulum.vnnlib,.006084622,error_exit_code_1,.553351985
cersyve,/home/elipregerson/nnenum/vnncomp2025_benchmarks/benchmarks/cersyve/onnx/point_mass_pretrain_con.onnx,/home/elipregerson/nnenum/vnncomp2025_benchmarks/benchmarks/cersyve/vnnlib/prop_point_mass.vnnlib,.005996595,error_exit_code_1,.548873523
cersyve,/home/elipregerson/nnenum/vnncomp2025_benchmarks/benchmarks/cersyve/onnx/point_mass_pretrain_inv.onnx,/home/elipregerson/nnenum/vnncomp2025_benchmarks/benchmarks/cersyve/vnnlib/prop_point_mass.vnnlib,.006090348,error_exit_code_1,.550781712
cersyve,/home/elipregerson/nnenum/vnncomp2025_benchmarks/benchmarks/cersyve/onnx/point_mass_finetune_con.onnx,/home/elipregerson/nnenum/vnncomp2025_benchmarks/benchmarks/cersyve/vnnlib/prop_point_mass.vnnlib,.006160898,error_exit_code_1,.561963451
cersyve,/home/elipregerson/nnenum/vnncomp2025_benchmarks/benchmarks/cersyve/onnx/point_mass_finetune_inv.onnx,/home/elipregerson/nnenum/vnncomp2025_benchmarks/benchmarks/cersyve/vnnlib/prop_point_mass.vnnlib,.006180382,error_exit_code_1,.569883631
cersyve,/home/elipregerson/nnenum/vnncomp2025_benchmarks/benchmarks/test/onnx/test_nano.onnx,/home/elipregerson/nnenum/vnncomp2025_benchmarks/benchmarks/test/vnnlib/test_nano.vnnlib,.006262795,unsat,.562706030
cgan_2023,/home/elipregerson/nnenum/vnncomp2025_benchmarks/benchmarks/cgan_2023/onnx/cGAN_imgSz32_nCh_1.onnx,/home/elipregerson/nnenum/vnncomp2025_benchmarks/benchmarks/cgan_2023/vnnlib/cGAN_imgSz32_nCh_1_prop_0_input_eps_0.010_output_eps_0.015.vnnlib,.006075091,sat,4.046222009
cgan_2023,/home/elipregerson/nnenum/vnncomp2025_benchmarks/benchmarks/cgan_2023/onnx/cGAN_imgSz32_nCh_1.onnx,/home/elipregerson/nnenum/vnncomp2025_benchmarks/benchmarks/cgan_2023/vnnlib/cGAN_imgSz32_nCh_1_prop_1_input_eps_0.010_output_eps_0.015.vnnlib,.006413986,unsat,6.256146816
cgan_2023,/home/elipregerson/nnenum/vnncomp2025_benchmarks/benchmarks/cgan_2023/onnx/cGAN_imgSz32_nCh_1.onnx,/home/elipregerson/nnenum/vnncomp2025_benchmarks/benchmarks/cgan_2023/vnnlib/cGAN_imgSz32_nCh_1_prop_2_input_eps_0.020_output_eps_0.025.vnnlib,.006103055,sat,9.200637969
cgan_2023,/home/elipregerson/nnenum/vnncomp2025_benchmarks/benchmarks/cgan_2023/onnx/cGAN_imgSz32_nCh_1.onnx,/home/elipregerson/nnenum/vnncomp2025_benchmarks/benchmarks/cgan_2023/vnnlib/cGAN_imgSz32_nCh_1_prop_3_input_eps_0.010_output_eps_0.015.vnnlib,.006319825,unsat,5.288301826
cgan_2023,/home/elipregerson/nnenum/vnncomp2025_benchmarks/benchmarks/cgan_2023/onnx/cGAN_imgSz32_nCh_3.onnx,/home/elipregerson/nnenum/vnncomp2025_benchmarks/benchmarks/cgan_2023/vnnlib/cGAN_imgSz32_nCh_3_prop_0_input_eps_0.015_output_eps_0.020.vnnlib,.005977240,unsat,10.373608770
cgan_2023,/home/elipregerson/nnenum/vnncomp2025_benchmarks/benchmarks/cgan_2023/onnx/cGAN_imgSz32_nCh_3.onnx,/home/elipregerson/nnenum/vnncomp2025_benchmarks/benchmarks/cgan_2023/vnnlib/cGAN_imgSz32_nCh_3_prop_1_input_eps_0.015_output_eps_0.020.vnnlib,.005925057,unsat,4.826641455
cgan_2023,/home/elipregerson/nnenum/vnncomp2025_benchmarks/benchmarks/cgan_2023/onnx/cGAN_imgSz32_nCh_3.onnx,/home/elipregerson/nnenum/vnncomp2025_benchmarks/benchmarks/cgan_2023/vnnlib/cGAN_imgSz32_nCh_3_prop_2_input_eps_0.015_output_eps_0.020.vnnlib,.006291246,unsat,15.933421125
cgan_2023,/home/elipregerson/nnenum/vnncomp2025_benchmarks/benchmarks/cgan_2023/onnx/cGAN_imgSz32_nCh_3.onnx,/home/elipregerson/nnenum/vnncomp2025_benchmarks/benchmarks/cgan_2023/vnnlib/cGAN_imgSz32_nCh_3_prop_3_input_eps_0.015_output_eps_0.020.vnnlib,.006127506,sat,10.350271356
cgan_2023,/home/elipregerson/nnenum/vnncomp2025_benchmarks/benchmarks/cgan_2023/onnx/cGAN_imgSz64_nCh_1.onnx,/home/elipregerson/nnenum/vnncomp2025_benchmarks/benchmarks/cgan_2023/vnnlib/cGAN_imgSz64_nCh_1_prop_0_input_eps_0.010_output_eps_0.015.vnnlib,.006352078,sat,33.671626621
cgan_2023,/home/elipregerson/nnenum/vnncomp2025_benchmarks/benchmarks/cgan_2023/onnx/cGAN_imgSz64_nCh_1.onnx,/home/elipregerson/nnenum/vnncomp2025_benchmarks/benchmarks/cgan_2023/vnnlib/cGAN_imgSz64_nCh_1_prop_1_input_eps_0.010_output_eps_0.015.vnnlib,.006653241,sat,.877483188
cgan_2023,/home/elipregerson/nnenum/vnncomp2025_benchmarks/benchmarks/cgan_2023/onnx/cGAN_imgSz64_nCh_1.onnx,/home/elipregerson/nnenum/vnncomp2025_benchmarks/benchmarks/cgan_2023/vnnlib/cGAN_imgSz64_nCh_1_prop_2_input_eps_0.005_output_eps_0.010.vnnlib,.006413449,sat,.876614282
cgan_2023,/home/elipregerson/nnenum/vnncomp2025_benchmarks/benchmarks/cgan_2023/onnx/cGAN_imgSz64_nCh_1.onnx,/home/elipregerson/nnenum/vnncomp2025_benchmarks/benchmarks/cgan_2023/vnnlib/cGAN_imgSz64_nCh_1_prop_3_input_eps_0.010_output_eps_0.015.vnnlib,.006187811,sat,59.291471005
cgan_2023,/home/elipregerson/nnenum/vnncomp2025_benchmarks/benchmarks/cgan_2023/onnx/cGAN_imgSz64_nCh_3.onnx,/home/elipregerson/nnenum/vnncomp2025_benchmarks/benchmarks/cgan_2023/vnnlib/cGAN_imgSz64_nCh_3_prop_0_input_eps_0.005_output_eps_0.010.vnnlib,.010188059,sat,18.917882036
cgan_2023,/home/elipregerson/nnenum/vnncomp2025_benchmarks/benchmarks/cgan_2023/onnx/cGAN_imgSz64_nCh_3.onnx,/home/elipregerson/nnenum/vnncomp2025_benchmarks/benchmarks/cgan_2023/vnnlib/cGAN_imgSz64_nCh_3_prop_1_input_eps_0.010_output_eps_0.015.vnnlib,.009801399,unsat,89.080633709
cgan_2023,/home/elipregerson/nnenum/vnncomp2025_benchmarks/benchmarks/cgan_2023/onnx/cGAN_imgSz64_nCh_3.onnx,/home/elipregerson/nnenum/vnncomp2025_benchmarks/benchmarks/cgan_2023/vnnlib/cGAN_imgSz64_nCh_3_prop_2_input_eps_0.005_output_eps_0.010.vnnlib,.006237461,sat,7.857725997
cgan_2023,/home/elipregerson/nnenum/vnncomp2025_benchmarks/benchmarks/cgan_2023/onnx/cGAN_imgSz64_nCh_3.onnx,/home/elipregerson/nnenum/vnncomp2025_benchmarks/benchmarks/cgan_2023/vnnlib/cGAN_imgSz64_nCh_3_prop_3_input_eps_0.010_output_eps_0.015.vnnlib,.006654975,unsat,21.846281527
cgan_2023,/home/elipregerson/nnenum/vnncomp2025_benchmarks/benchmarks/cgan_2023/onnx/cGAN_imgSz32_nCh_3_nonlinear_activations.onnx,/home/elipregerson/nnenum/vnncomp2025_benchmarks/benchmarks/cgan_2023/vnnlib/cGAN_imgSz32_nCh_3_nonlinear_activations_prop_0_input_eps_0.015_output_eps_0.020.vnnlib,.007363964,error_exit_code_1,.584605618
cgan_2023,/home/elipregerson/nnenum/vnncomp2025_benchmarks/benchmarks/cgan_2023/onnx/cGAN_imgSz32_nCh_1_transposedConvPadding_1.onnx,/home/elipregerson/nnenum/vnncomp2025_benchmarks/benchmarks/cgan_2023/vnnlib/cGAN_imgSz32_nCh_1_transposedConvPadding_1_prop_0_input_eps_0.015_output_eps_0.020.vnnlib,.006306026,sat,8.611479856
cgan_2023,/home/elipregerson/nnenum/vnncomp2025_benchmarks/benchmarks/cgan_2023/onnx/cGAN_imgSz32_nCh_3_upsample.onnx,/home/elipregerson/nnenum/vnncomp2025_benchmarks/benchmarks/cgan_2023/vnnlib/cGAN_imgSz32_nCh_3_upsample_prop_0_input_eps_0.015_output_eps_0.020.vnnlib,.006395218,error_exit_code_1,.563939718
cgan_2023,/home/elipregerson/nnenum/vnncomp2025_benchmarks/benchmarks/cgan_2023/onnx/cGAN_imgSz32_nCh_3_small_transformer.onnx,/home/elipregerson/nnenum/vnncomp2025_benchmarks/benchmarks/cgan_2023/vnnlib/cGAN_imgSz32_nCh_3_small_transformer_prop_0_input_eps_0.005_output_eps_0.010.vnnlib,.005989340,error_exit_code_1,5.468419173
cgan_2023,/home/elipregerson/nnenum/vnncomp2025_benchmarks/benchmarks/cgan_2023/onnx/cGAN_imgSz32_nCh_3_small_transformer.onnx,/home/elipregerson/nnenum/vnncomp2025_benchmarks/benchmarks/cgan_2023/vnnlib/cGAN_imgSz32_nCh_3_small_transformer_prop_1_input_eps_0.010_output_eps_0.015.vnnlib,.006290032,error_exit_code_1,5.356525560
cgan_2023,/home/elipregerson/nnenum/vnncomp2025_benchmarks/benchmarks/test/onnx/test_nano.onnx,/home/elipregerson/nnenum/vnncomp2025_benchmarks/benchmarks/test/vnnlib/test_nano.vnnlib,.006235085,unsat,.641213310
cifar100_2024,/home/elipregerson/nnenum/vnncomp2025_benchmarks/benchmarks/cifar100_2024/onnx/CIFAR100_resnet_medium.onnx,/home/elipregerson/nnenum/vnncomp2025_benchmarks/benchmarks/cifar100_2024/vnnlib/CIFAR100_resnet_medium_prop_idx_7641_sidx_1041_eps_0.0039.vnnlib,.006247592,error_exit_code_1,1.348781947
cifar100_2024,/home/elipregerson/nnenum/vnncomp2025_benchmarks/benchmarks/cifar100_2024/onnx/CIFAR100_resnet_medium.onnx,/home/elipregerson/nnenum/vnncomp2025_benchmarks/benchmarks/cifar100_2024/vnnlib/CIFAR100_resnet_medium_prop_idx_2132_sidx_6868_eps_0.0039.vnnlib,.006028009,error_exit_code_1,1.323702033
cifar100_2024,/home/elipregerson/nnenum/vnncomp2025_benchmarks/benchmarks/cifar100_2024/onnx/CIFAR100_resnet_medium.onnx,/home/elipregerson/nnenum/vnncomp2025_benchmarks/benchmarks/cifar100_2024/vnnlib/CIFAR100_resnet_medium_prop_idx_6232_sidx_3020_eps_0.0039.vnnlib,.006037871,error_exit_code_1,1.358895769
cifar100_2024,/home/elipregerson/nnenum/vnncomp2025_benchmarks/benchmarks/cifar100_2024/onnx/CIFAR100_resnet_medium.onnx,/home/elipregerson/nnenum/vnncomp2025_benchmarks/benchmarks/cifar100_2024/vnnlib/CIFAR100_resnet_medium_prop_idx_9694_sidx_2810_eps_0.0039.vnnlib,.006155385,error_exit_code_1,1.334699236
cifar100_2024,/home/elipregerson/nnenum/vnncomp2025_benchmarks/benchmarks/cifar100_2024/onnx/CIFAR100_resnet_medium.onnx,/home/elipregerson/nnenum/vnncomp2025_benchmarks/benchmarks/cifar100_2024/vnnlib/CIFAR100_resnet_medium_prop_idx_4760_sidx_4651_eps_0.0039.vnnlib,.006400492,error_exit_code_1,1.340903195
cifar100_2024,/home/elipregerson/nnenum/vnncomp2025_benchmarks/benchmarks/cifar100_2024/onnx/CIFAR100_resnet_medium.onnx,/home/elipregerson/nnenum/vnncomp2025_benchmarks/benchmarks/cifar100_2024/vnnlib/CIFAR100_resnet_medium_prop_idx_6135_sidx_4586_eps_0.0039.vnnlib,.006139936,error_exit_code_1,1.374118064
cifar100_2024,/home/elipregerson/nnenum/vnncomp2025_benchmarks/benchmarks/cifar100_2024/onnx/CIFAR100_resnet_medium.onnx,/home/elipregerson/nnenum/vnncomp2025_benchmarks/benchmarks/cifar100_2024/vnnlib/CIFAR100_resnet_medium_prop_idx_4921_sidx_3617_eps_0.0039.vnnlib,.007095225,error_exit_code_1,1.345005085
cifar100_2024,/home/elipregerson/nnenum/vnncomp2025_benchmarks/benchmarks/cifar100_2024/onnx/CIFAR100_resnet_medium.onnx,/home/elipregerson/nnenum/vnncomp2025_benchmarks/benchmarks/cifar100_2024/vnnlib/CIFAR100_resnet_medium_prop_idx_5242_sidx_1208_eps_0.0039.vnnlib,.006262181,error_exit_code_1,1.407424535
cifar100_2024,/home/elipregerson/nnenum/vnncomp2025_benchmarks/benchmarks/cifar100_2024/onnx/CIFAR100_resnet_medium.onnx,/home/elipregerson/nnenum/vnncomp2025_benchmarks/benchmarks/cifar100_2024/vnnlib/CIFAR100_resnet_medium_prop_idx_2176_sidx_3285_eps_0.0039.vnnlib,.006344919,error_exit_code_1,1.360580915
cifar100_2024,/home/elipregerson/nnenum/vnncomp2025_benchmarks/benchmarks/cifar100_2024/onnx/CIFAR100_resnet_medium.onnx,/home/elipregerson/nnenum/vnncomp2025_benchmarks/benchmarks/cifar100_2024/vnnlib/CIFAR100_resnet_medium_prop_idx_8762_sidx_3374_eps_0.0039.vnnlib,.006088578,error_exit_code_1,1.299942818
cifar100_2024,/home/elipregerson/nnenum/vnncomp2025_benchmarks/benchmarks/cifar100_2024/onnx/CIFAR100_resnet_medium.onnx,/home/elipregerson/nnenum/vnncomp2025_benchmarks/benchmarks/cifar100_2024/vnnlib/CIFAR100_resnet_medium_prop_idx_7704_sidx_3701_eps_0.0039.vnnlib,.005971338,error_exit_code_1,1.335914696
cifar100_2024,/home/elipregerson/nnenum/vnncomp2025_benchmarks/benchmarks/cifar100_2024/onnx/CIFAR100_resnet_medium.onnx,/home/elipregerson/nnenum/vnncomp2025_benchmarks/benchmarks/cifar100_2024/vnnlib/CIFAR100_resnet_medium_prop_idx_4752_sidx_1800_eps_0.0039.vnnlib,.006117731,error_exit_code_1,1.329200151
cifar100_2024,/home/elipregerson/nnenum/vnncomp2025_benchmarks/benchmarks/cifar100_2024/onnx/CIFAR100_resnet_medium.onnx,/home/elipregerson/nnenum/vnncomp2025_benchmarks/benchmarks/cifar100_2024/vnnlib/CIFAR100_resnet_medium_prop_idx_6415_sidx_4543_eps_0.0039.vnnlib,.005987033,error_exit_code_1,1.323456282
cifar100_2024,/home/elipregerson/nnenum/vnncomp2025_benchmarks/benchmarks/cifar100_2024/onnx/CIFAR100_resnet_medium.onnx,/home/elipregerson/nnenum/vnncomp2025_benchmarks/benchmarks/cifar100_2024/vnnlib/CIFAR100_resnet_medium_prop_idx_2477_sidx_388_eps_0.0039.vnnlib,.006128753,error_exit_code_1,1.335514695
cifar100_2024,/home/elipregerson/nnenum/vnncomp2025_benchmarks/benchmarks/cifar100_2024/onnx/CIFAR100_resnet_medium.onnx,/home/elipregerson/nnenum/vnncomp2025_benchmarks/benchmarks/cifar100_2024/vnnlib/CIFAR100_resnet_medium_prop_idx_6553_sidx_7265_eps_0.0039.vnnlib,.006325451,error_exit_code_1,1.281583207
cifar100_2024,/home/elipregerson/nnenum/vnncomp2025_benchmarks/benchmarks/cifar100_2024/onnx/CIFAR100_resnet_medium.onnx,/home/elipregerson/nnenum/vnncomp2025_benchmarks/benchmarks/cifar100_2024/vnnlib/CIFAR100_resnet_medium_prop_idx_8600_sidx_2721_eps_0.0039.vnnlib,.006097301,error_exit_code_1,1.322362022
cifar100_2024,/home/elipregerson/nnenum/vnncomp2025_benchmarks/benchmarks/cifar100_2024/onnx/CIFAR100_resnet_medium.onnx,/home/elipregerson/nnenum/vnncomp2025_benchmarks/benchmarks/cifar100_2024/vnnlib/CIFAR100_resnet_medium_prop_idx_7258_sidx_3539_eps_0.0039.vnnlib,.006158528,error_exit_code_1,1.336731187
cifar100_2024,/home/elipregerson/nnenum/vnncomp2025_benchmarks/benchmarks/cifar100_2024/onnx/CIFAR100_resnet_medium.onnx,/home/elipregerson/nnenum/vnncomp2025_benchmarks/benchmarks/cifar100_2024/vnnlib/CIFAR100_resnet_medium_prop_idx_6659_sidx_4583_eps_0.0039.vnnlib,.005992055,error_exit_code_1,1.366941640
cifar100_2024,/home/elipregerson/nnenum/vnncomp2025_benchmarks/benchmarks/cifar100_2024/onnx/CIFAR100_resnet_medium.onnx,/home/elipregerson/nnenum/vnncomp2025_benchmarks/benchmarks/cifar100_2024/vnnlib/CIFAR100_resnet_medium_prop_idx_885_sidx_7654_eps_0.0039.vnnlib,.006195867,error_exit_code_1,1.307265440
cifar100_2024,/home/elipregerson/nnenum/vnncomp2025_benchmarks/benchmarks/cifar100_2024/onnx/CIFAR100_resnet_medium.onnx,/home/elipregerson/nnenum/vnncomp2025_benchmarks/benchmarks/cifar100_2024/vnnlib/CIFAR100_resnet_medium_prop_idx_3006_sidx_928_eps_0.0039.vnnlib,.006057626,error_exit_code_1,1.287946595
cifar100_2024,/home/elipregerson/nnenum/vnncomp2025_benchmarks/benchmarks/cifar100_2024/onnx/CIFAR100_resnet_medium.onnx,/home/elipregerson/nnenum/vnncomp2025_benchmarks/benchmarks/cifar100_2024/vnnlib/CIFAR100_resnet_medium_prop_idx_1588_sidx_6654_eps_0.0039.vnnlib,.006266226,error_exit_code_1,1.343192653
cifar100_2024,/home/elipregerson/nnenum/vnncomp2025_benchmarks/benchmarks/cifar100_2024/onnx/CIFAR100_resnet_medium.onnx,/home/elipregerson/nnenum/vnncomp2025_benchmarks/benchmarks/cifar100_2024/vnnlib/CIFAR100_resnet_medium_prop_idx_8594_sidx_5815_eps_0.0039.vnnlib,.006191574,error_exit_code_1,1.304238464
cifar100_2024,/home/elipregerson/nnenum/vnncomp2025_benchmarks/benchmarks/cifar100_2024/onnx/CIFAR100_resnet_medium.onnx,/home/elipregerson/nnenum/vnncomp2025_benchmarks/benchmarks/cifar100_2024/vnnlib/CIFAR100_resnet_medium_prop_idx_9658_sidx_1660_eps_0.0039.vnnlib,.006147865,error_exit_code_1,1.300903751
cifar100_2024,/home/elipregerson/nnenum/vnncomp2025_benchmarks/benchmarks/cifar100_2024/onnx/CIFAR100_resnet_medium.onnx,/home/elipregerson/nnenum/vnncomp2025_benchmarks/benchmarks/cifar100_2024/vnnlib/CIFAR100_resnet_medium_prop_idx_8505_sidx_1690_eps_0.0039.vnnlib,.006340679,error_exit_code_1,1.282624925
cifar100_2024,/home/elipregerson/nnenum/vnncomp2025_benchmarks/benchmarks/cifar100_2024/onnx/CIFAR100_resnet_medium.onnx,/home/elipregerson/nnenum/vnncomp2025_benchmarks/benchmarks/cifar100_2024/vnnlib/CIFAR100_resnet_medium_prop_idx_8945_sidx_3584_eps_0.0039.vnnlib,.006205637,error_exit_code_1,1.300211308
cifar100_2024,/home/elipregerson/nnenum/vnncomp2025_benchmarks/benchmarks/cifar100_2024/onnx/CIFAR100_resnet_medium.onnx,/home/elipregerson/nnenum/vnncomp2025_benchmarks/benchmarks/cifar100_2024/vnnlib/CIFAR100_resnet_medium_prop_idx_6585_sidx_533_eps_0.0039.vnnlib,.006270010,error_exit_code_1,1.302372225
cifar100_2024,/home/elipregerson/nnenum/vnncomp2025_benchmarks/benchmarks/cifar100_2024/onnx/CIFAR100_resnet_medium.onnx,/home/elipregerson/nnenum/vnncomp2025_benchmarks/benchmarks/cifar100_2024/vnnlib/CIFAR100_resnet_medium_prop_idx_6573_sidx_5525_eps_0.0039.vnnlib,.006060120,error_exit_code_1,1.335059770
cifar100_2024,/home/elipregerson/nnenum/vnncomp2025_benchmarks/benchmarks/cifar100_2024/onnx/CIFAR100_resnet_medium.onnx,/home/elipregerson/nnenum/vnncomp2025_benchmarks/benchmarks/cifar100_2024/vnnlib/CIFAR100_resnet_medium_prop_idx_8619_sidx_4461_eps_0.0039.vnnlib,.006243976,error_exit_code_1,1.291879028
cifar100_2024,/home/elipregerson/nnenum/vnncomp2025_benchmarks/benchmarks/cifar100_2024/onnx/CIFAR100_resnet_medium.onnx,/home/elipregerson/nnenum/vnncomp2025_benchmarks/benchmarks/cifar100_2024/vnnlib/CIFAR100_resnet_medium_prop_idx_54_sidx_9735_eps_0.0039.vnnlib,.006150393,error_exit_code_1,1.296158692
cifar100_2024,/home/elipregerson/nnenum/vnncomp2025_benchmarks/benchmarks/cifar100_2024/onnx/CIFAR100_resnet_medium.onnx,/home/elipregerson/nnenum/vnncomp2025_benchmarks/benchmarks/cifar100_2024/vnnlib/CIFAR100_resnet_medium_prop_idx_4429_sidx_1471_eps_0.0039.vnnlib,.006358268,error_exit_code_1,1.309399027
cifar100_2024,/home/elipregerson/nnenum/vnncomp2025_benchmarks/benchmarks/cifar100_2024/onnx/CIFAR100_resnet_medium.onnx,/home/elipregerson/nnenum/vnncomp2025_benchmarks/benchmarks/cifar100_2024/vnnlib/CIFAR100_resnet_medium_prop_idx_1190_sidx_8846_eps_0.0039.vnnlib,.006075238,error_exit_code_1,1.314932146
cifar100_2024,/home/elipregerson/nnenum/vnncomp2025_benchmarks/benchmarks/cifar100_2024/onnx/CIFAR100_resnet_medium.onnx,/home/elipregerson/nnenum/vnncomp2025_benchmarks/benchmarks/cifar100_2024/vnnlib/CIFAR100_resnet_medium_prop_idx_7569_sidx_2906_eps_0.0039.vnnlib,.007286693,error_exit_code_1,1.314445930
cifar100_2024,/home/elipregerson/nnenum/vnncomp2025_benchmarks/benchmarks/cifar100_2024/onnx/CIFAR100_resnet_medium.onnx,/home/elipregerson/nnenum/vnncomp2025_benchmarks/benchmarks/cifar100_2024/vnnlib/CIFAR100_resnet_medium_prop_idx_9897_sidx_9124_eps_0.0039.vnnlib,.006001115,error_exit_code_1,1.304766361
cifar100_2024,/home/elipregerson/nnenum/vnncomp2025_benchmarks/benchmarks/cifar100_2024/onnx/CIFAR100_resnet_medium.onnx,/home/elipregerson/nnenum/vnncomp2025_benchmarks/benchmarks/cifar100_2024/vnnlib/CIFAR100_resnet_medium_prop_idx_5831_sidx_5506_eps_0.0039.vnnlib,.006067337,error_exit_code_1,1.290948777
cifar100_2024,/home/elipregerson/nnenum/vnncomp2025_benchmarks/benchmarks/cifar100_2024/onnx/CIFAR100_resnet_medium.onnx,/home/elipregerson/nnenum/vnncomp2025_benchmarks/benchmarks/cifar100_2024/vnnlib/CIFAR100_resnet_medium_prop_idx_4169_sidx_9758_eps_0.0039.vnnlib,.006063892,error_exit_code_1,1.316768663
cifar100_2024,/home/elipregerson/nnenum/vnncomp2025_benchmarks/benchmarks/cifar100_2024/onnx/CIFAR100_resnet_medium.onnx,/home/elipregerson/nnenum/vnncomp2025_benchmarks/benchmarks/cifar100_2024/vnnlib/CIFAR100_resnet_medium_prop_idx_8196_sidx_3864_eps_0.0039.vnnlib,.006050399,error_exit_code_1,1.294099293
cifar100_2024,/home/elipregerson/nnenum/vnncomp2025_benchmarks/benchmarks/cifar100_2024/onnx/CIFAR100_resnet_medium.onnx,/home/elipregerson/nnenum/vnncomp2025_benchmarks/benchmarks/cifar100_2024/vnnlib/CIFAR100_resnet_medium_prop_idx_6583_sidx_8860_eps_0.0039.vnnlib,.006204993,error_exit_code_1,1.310111000
cifar100_2024,/home/elipregerson/nnenum/vnncomp2025_benchmarks/benchmarks/cifar100_2024/onnx/CIFAR100_resnet_medium.onnx,/home/elipregerson/nnenum/vnncomp2025_benchmarks/benchmarks/cifar100_2024/vnnlib/CIFAR100_resnet_medium_prop_idx_8523_sidx_9936_eps_0.0039.vnnlib,.006125759,error_exit_code_1,1.326939143
cifar100_2024,/home/elipregerson/nnenum/vnncomp2025_benchmarks/benchmarks/cifar100_2024/onnx/CIFAR100_resnet_medium.onnx,/home/elipregerson/nnenum/vnncomp2025_benchmarks/benchmarks/cifar100_2024/vnnlib/CIFAR100_resnet_medium_prop_idx_3418_sidx_4225_eps_0.0039.vnnlib,.006084062,error_exit_code_1,1.324114421
cifar100_2024,/home/elipregerson/nnenum/vnncomp2025_benchmarks/benchmarks/cifar100_2024/onnx/CIFAR100_resnet_medium.onnx,/home/elipregerson/nnenum/vnncomp2025_benchmarks/benchmarks/cifar100_2024/vnnlib/CIFAR100_resnet_medium_prop_idx_7431_sidx_7329_eps_0.0039.vnnlib,.006178863,error_exit_code_1,1.320070077
cifar100_2024,/home/elipregerson/nnenum/vnncomp2025_benchmarks/benchmarks/cifar100_2024/onnx/CIFAR100_resnet_medium.onnx,/home/elipregerson/nnenum/vnncomp2025_benchmarks/benchmarks/cifar100_2024/vnnlib/CIFAR100_resnet_medium_prop_idx_6010_sidx_5369_eps_0.0039.vnnlib,.006440440,error_exit_code_1,1.309851339
cifar100_2024,/home/elipregerson/nnenum/vnncomp2025_benchmarks/benchmarks/cifar100_2024/onnx/CIFAR100_resnet_medium.onnx,/home/elipregerson/nnenum/vnncomp2025_benchmarks/benchmarks/cifar100_2024/vnnlib/CIFAR100_resnet_medium_prop_idx_5127_sidx_993_eps_0.0039.vnnlib,.006142134,error_exit_code_1,1.289091626
cifar100_2024,/home/elipregerson/nnenum/vnncomp2025_benchmarks/benchmarks/cifar100_2024/onnx/CIFAR100_resnet_medium.onnx,/home/elipregerson/nnenum/vnncomp2025_benchmarks/benchmarks/cifar100_2024/vnnlib/CIFAR100_resnet_medium_prop_idx_6263_sidx_7644_eps_0.0039.vnnlib,.008387051,error_exit_code_1,1.315405950
cifar100_2024,/home/elipregerson/nnenum/vnncomp2025_benchmarks/benchmarks/cifar100_2024/onnx/CIFAR100_resnet_medium.onnx,/home/elipregerson/nnenum/vnncomp2025_benchmarks/benchmarks/cifar100_2024/vnnlib/CIFAR100_resnet_medium_prop_idx_5001_sidx_1154_eps_0.0039.vnnlib,.006109943,error_exit_code_1,1.324703522
cifar100_2024,/home/elipregerson/nnenum/vnncomp2025_benchmarks/benchmarks/cifar100_2024/onnx/CIFAR100_resnet_medium.onnx,/home/elipregerson/nnenum/vnncomp2025_benchmarks/benchmarks/cifar100_2024/vnnlib/CIFAR100_resnet_medium_prop_idx_4597_sidx_282_eps_0.0039.vnnlib,.006067920,error_exit_code_1,1.294781085
cifar100_2024,/home/elipregerson/nnenum/vnncomp2025_benchmarks/benchmarks/cifar100_2024/onnx/CIFAR100_resnet_medium.onnx,/home/elipregerson/nnenum/vnncomp2025_benchmarks/benchmarks/cifar100_2024/vnnlib/CIFAR100_resnet_medium_prop_idx_3184_sidx_9092_eps_0.0039.vnnlib,.005995599,error_exit_code_1,1.322048125
cifar100_2024,/home/elipregerson/nnenum/vnncomp2025_benchmarks/benchmarks/cifar100_2024/onnx/CIFAR100_resnet_medium.onnx,/home/elipregerson/nnenum/vnncomp2025_benchmarks/benchmarks/cifar100_2024/vnnlib/CIFAR100_resnet_medium_prop_idx_3343_sidx_1406_eps_0.0039.vnnlib,.006100696,error_exit_code_1,1.272831695
cifar100_2024,/home/elipregerson/nnenum/vnncomp2025_benchmarks/benchmarks/cifar100_2024/onnx/CIFAR100_resnet_medium.onnx,/home/elipregerson/nnenum/vnncomp2025_benchmarks/benchmarks/cifar100_2024/vnnlib/CIFAR100_resnet_medium_prop_idx_8330_sidx_7593_eps_0.0039.vnnlib,.006055451,error_exit_code_1,1.313403630
cifar100_2024,/home/elipregerson/nnenum/vnncomp2025_benchmarks/benchmarks/cifar100_2024/onnx/CIFAR100_resnet_medium.onnx,/home/elipregerson/nnenum/vnncomp2025_benchmarks/benchmarks/cifar100_2024/vnnlib/CIFAR100_resnet_medium_prop_idx_5634_sidx_9441_eps_0.0039.vnnlib,.006145995,error_exit_code_1,1.282351516
cifar100_2024,/home/elipregerson/nnenum/vnncomp2025_benchmarks/benchmarks/cifar100_2024/onnx/CIFAR100_resnet_medium.onnx,/home/elipregerson/nnenum/vnncomp2025_benchmarks/benchmarks/cifar100_2024/vnnlib/CIFAR100_resnet_medium_prop_idx_7478_sidx_6593_eps_0.0039.vnnlib,.006095917,error_exit_code_1,1.277561822
cifar100_2024,/home/elipregerson/nnenum/vnncomp2025_benchmarks/benchmarks/cifar100_2024/onnx/CIFAR100_resnet_medium.onnx,/home/elipregerson/nnenum/vnncomp2025_benchmarks/benchmarks/cifar100_2024/vnnlib/CIFAR100_resnet_medium_prop_idx_913_sidx_2404_eps_0.0039.vnnlib,.006252596,error_exit_code_1,1.287164641
cifar100_2024,/home/elipregerson/nnenum/vnncomp2025_benchmarks/benchmarks/cifar100_2024/onnx/CIFAR100_resnet_medium.onnx,/home/elipregerson/nnenum/vnncomp2025_benchmarks/benchmarks/cifar100_2024/vnnlib/CIFAR100_resnet_medium_prop_idx_1761_sidx_3933_eps_0.0039.vnnlib,.006292301,error_exit_code_1,1.301716941
cifar100_2024,/home/elipregerson/nnenum/vnncomp2025_benchmarks/benchmarks/cifar100_2024/onnx/CIFAR100_resnet_medium.onnx,/home/elipregerson/nnenum/vnncomp2025_benchmarks/benchmarks/cifar100_2024/vnnlib/CIFAR100_resnet_medium_prop_idx_1798_sidx_1061_eps_0.0039.vnnlib,.006046220,error_exit_code_1,1.273675961
cifar100_2024,/home/elipregerson/nnenum/vnncomp2025_benchmarks/benchmarks/cifar100_2024/onnx/CIFAR100_resnet_medium.onnx,/home/elipregerson/nnenum/vnncomp2025_benchmarks/benchmarks/cifar100_2024/vnnlib/CIFAR100_resnet_medium_prop_idx_8450_sidx_9332_eps_0.0039.vnnlib,.006174314,error_exit_code_1,1.273608429
cifar100_2024,/home/elipregerson/nnenum/vnncomp2025_benchmarks/benchmarks/cifar100_2024/onnx/CIFAR100_resnet_medium.onnx,/home/elipregerson/nnenum/vnncomp2025_benchmarks/benchmarks/cifar100_2024/vnnlib/CIFAR100_resnet_medium_prop_idx_1592_sidx_3741_eps_0.0039.vnnlib,.006029720,error_exit_code_1,1.288258434
cifar100_2024,/home/elipregerson/nnenum/vnncomp2025_benchmarks/benchmarks/cifar100_2024/onnx/CIFAR100_resnet_medium.onnx,/home/elipregerson/nnenum/vnncomp2025_benchmarks/benchmarks/cifar100_2024/vnnlib/CIFAR100_resnet_medium_prop_idx_230_sidx_1968_eps_0.0039.vnnlib,.006034496,error_exit_code_1,1.301005871
cifar100_2024,/home/elipregerson/nnenum/vnncomp2025_benchmarks/benchmarks/cifar100_2024/onnx/CIFAR100_resnet_medium.onnx,/home/elipregerson/nnenum/vnncomp2025_benchmarks/benchmarks/cifar100_2024/vnnlib/CIFAR100_resnet_medium_prop_idx_5791_sidx_5659_eps_0.0039.vnnlib,.006196116,error_exit_code_1,1.310552713
cifar100_2024,/home/elipregerson/nnenum/vnncomp2025_benchmarks/benchmarks/cifar100_2024/onnx/CIFAR100_resnet_medium.onnx,/home/elipregerson/nnenum/vnncomp2025_benchmarks/benchmarks/cifar100_2024/vnnlib/CIFAR100_resnet_medium_prop_idx_4475_sidx_752_eps_0.0039.vnnlib,.006039957,error_exit_code_1,1.304827877
cifar100_2024,/home/elipregerson/nnenum/vnncomp2025_benchmarks/benchmarks/cifar100_2024/onnx/CIFAR100_resnet_medium.onnx,/home/elipregerson/nnenum/vnncomp2025_benchmarks/benchmarks/cifar100_2024/vnnlib/CIFAR100_resnet_medium_prop_idx_3247_sidx_1605_eps_0.0039.vnnlib,.006196160,error_exit_code_1,1.263740995
cifar100_2024,/home/elipregerson/nnenum/vnncomp2025_benchmarks/benchmarks/cifar100_2024/onnx/CIFAR100_resnet_medium.onnx,/home/elipregerson/nnenum/vnncomp2025_benchmarks/benchmarks/cifar100_2024/vnnlib/CIFAR100_resnet_medium_prop_idx_2557_sidx_6196_eps_0.0039.vnnlib,.006629663,error_exit_code_1,1.324731075
cifar100_2024,/home/elipregerson/nnenum/vnncomp2025_benchmarks/benchmarks/cifar100_2024/onnx/CIFAR100_resnet_medium.onnx,/home/elipregerson/nnenum/vnncomp2025_benchmarks/benchmarks/cifar100_2024/vnnlib/CIFAR100_resnet_medium_prop_idx_4191_sidx_3301_eps_0.0039.vnnlib,.006065972,error_exit_code_1,1.318885226
cifar100_2024,/home/elipregerson/nnenum/vnncomp2025_benchmarks/benchmarks/cifar100_2024/onnx/CIFAR100_resnet_medium.onnx,/home/elipregerson/nnenum/vnncomp2025_benchmarks/benchmarks/cifar100_2024/vnnlib/CIFAR100_resnet_medium_prop_idx_2697_sidx_4836_eps_0.0039.vnnlib,.006079355,error_exit_code_1,1.303286533
cifar100_2024,/home/elipregerson/nnenum/vnncomp2025_benchmarks/benchmarks/cifar100_2024/onnx/CIFAR100_resnet_medium.onnx,/home/elipregerson/nnenum/vnncomp2025_benchmarks/benchmarks/cifar100_2024/vnnlib/CIFAR100_resnet_medium_prop_idx_9665_sidx_9074_eps_0.0039.vnnlib,.006075792,error_exit_code_1,1.268125578
cifar100_2024,/home/elipregerson/nnenum/vnncomp2025_benchmarks/benchmarks/cifar100_2024/onnx/CIFAR100_resnet_medium.onnx,/home/elipregerson/nnenum/vnncomp2025_benchmarks/benchmarks/cifar100_2024/vnnlib/CIFAR100_resnet_medium_prop_idx_9518_sidx_9183_eps_0.0039.vnnlib,.006027281,error_exit_code_1,1.282001621
cifar100_2024,/home/elipregerson/nnenum/vnncomp2025_benchmarks/benchmarks/cifar100_2024/onnx/CIFAR100_resnet_medium.onnx,/home/elipregerson/nnenum/vnncomp2025_benchmarks/benchmarks/cifar100_2024/vnnlib/CIFAR100_resnet_medium_prop_idx_5973_sidx_7841_eps_0.0039.vnnlib,.006110776,error_exit_code_1,1.272989365
cifar100_2024,/home/elipregerson/nnenum/vnncomp2025_benchmarks/benchmarks/cifar100_2024/onnx/CIFAR100_resnet_medium.onnx,/home/elipregerson/nnenum/vnncomp2025_benchmarks/benchmarks/cifar100_2024/vnnlib/CIFAR100_resnet_medium_prop_idx_9845_sidx_200_eps_0.0039.vnnlib,.006193469,error_exit_code_1,1.278485982
cifar100_2024,/home/elipregerson/nnenum/vnncomp2025_benchmarks/benchmarks/cifar100_2024/onnx/CIFAR100_resnet_medium.onnx,/home/elipregerson/nnenum/vnncomp2025_benchmarks/benchmarks/cifar100_2024/vnnlib/CIFAR100_resnet_medium_prop_idx_2779_sidx_6416_eps_0.0039.vnnlib,.006034522,error_exit_code_1,1.270020876
cifar100_2024,/home/elipregerson/nnenum/vnncomp2025_benchmarks/benchmarks/cifar100_2024/onnx/CIFAR100_resnet_medium.onnx,/home/elipregerson/nnenum/vnncomp2025_benchmarks/benchmarks/cifar100_2024/vnnlib/CIFAR100_resnet_medium_prop_idx_6292_sidx_5430_eps_0.0039.vnnlib,.006146152,error_exit_code_1,1.307236636
cifar100_2024,/home/elipregerson/nnenum/vnncomp2025_benchmarks/benchmarks/cifar100_2024/onnx/CIFAR100_resnet_medium.onnx,/home/elipregerson/nnenum/vnncomp2025_benchmarks/benchmarks/cifar100_2024/vnnlib/CIFAR100_resnet_medium_prop_idx_8642_sidx_9095_eps_0.0039.vnnlib,.006138036,error_exit_code_1,1.271340698
cifar100_2024,/home/elipregerson/nnenum/vnncomp2025_benchmarks/benchmarks/cifar100_2024/onnx/CIFAR100_resnet_medium.onnx,/home/elipregerson/nnenum/vnncomp2025_benchmarks/benchmarks/cifar100_2024/vnnlib/CIFAR100_resnet_medium_prop_idx_6049_sidx_4719_eps_0.0039.vnnlib,.006019214,error_exit_code_1,1.280985253
cifar100_2024,/home/elipregerson/nnenum/vnncomp2025_benchmarks/benchmarks/cifar100_2024/onnx/CIFAR100_resnet_medium.onnx,/home/elipregerson/nnenum/vnncomp2025_benchmarks/benchmarks/cifar100_2024/vnnlib/CIFAR100_resnet_medium_prop_idx_8739_sidx_1540_eps_0.0039.vnnlib,.006016725,error_exit_code_1,1.310779324
cifar100_2024,/home/elipregerson/nnenum/vnncomp2025_benchmarks/benchmarks/cifar100_2024/onnx/CIFAR100_resnet_medium.onnx,/home/elipregerson/nnenum/vnncomp2025_benchmarks/benchmarks/cifar100_2024/vnnlib/CIFAR100_resnet_medium_prop_idx_7034_sidx_4129_eps_0.0039.vnnlib,.006245304,error_exit_code_1,1.287833507
cifar100_2024,/home/elipregerson/nnenum/vnncomp2025_benchmarks/benchmarks/cifar100_2024/onnx/CIFAR100_resnet_medium.onnx,/home/elipregerson/nnenum/vnncomp2025_benchmarks/benchmarks/cifar100_2024/vnnlib/CIFAR100_resnet_medium_prop_idx_1498_sidx_792_eps_0.0039.vnnlib,.006058448,error_exit_code_1,1.273986890
cifar100_2024,/home/elipregerson/nnenum/vnncomp2025_benchmarks/benchmarks/cifar100_2024/onnx/CIFAR100_resnet_medium.onnx,/home/elipregerson/nnenum/vnncomp2025_benchmarks/benchmarks/cifar100_2024/vnnlib/CIFAR100_resnet_medium_prop_idx_3898_sidx_9109_eps_0.0039.vnnlib,.006087599,error_exit_code_1,1.308971202
cifar100_2024,/home/elipregerson/nnenum/vnncomp2025_benchmarks/benchmarks/cifar100_2024/onnx/CIFAR100_resnet_medium.onnx,/home/elipregerson/nnenum/vnncomp2025_benchmarks/benchmarks/cifar100_2024/vnnlib/CIFAR100_resnet_medium_prop_idx_854_sidx_6893_eps_0.0039.vnnlib,.006092327,error_exit_code_1,1.302929138
cifar100_2024,/home/elipregerson/nnenum/vnncomp2025_benchmarks/benchmarks/cifar100_2024/onnx/CIFAR100_resnet_medium.onnx,/home/elipregerson/nnenum/vnncomp2025_benchmarks/benchmarks/cifar100_2024/vnnlib/CIFAR100_resnet_medium_prop_idx_9502_sidx_7197_eps_0.0039.vnnlib,.006085742,error_exit_code_1,1.297857354
cifar100_2024,/home/elipregerson/nnenum/vnncomp2025_benchmarks/benchmarks/cifar100_2024/onnx/CIFAR100_resnet_medium.onnx,/home/elipregerson/nnenum/vnncomp2025_benchmarks/benchmarks/cifar100_2024/vnnlib/CIFAR100_resnet_medium_prop_idx_2551_sidx_9941_eps_0.0039.vnnlib,.006003566,error_exit_code_1,1.293924438
cifar100_2024,/home/elipregerson/nnenum/vnncomp2025_benchmarks/benchmarks/cifar100_2024/onnx/CIFAR100_resnet_medium.onnx,/home/elipregerson/nnenum/vnncomp2025_benchmarks/benchmarks/cifar100_2024/vnnlib/CIFAR100_resnet_medium_prop_idx_7658_sidx_1537_eps_0.0039.vnnlib,.006191291,error_exit_code_1,1.277819468
cifar100_2024,/home/elipregerson/nnenum/vnncomp2025_benchmarks/benchmarks/cifar100_2024/onnx/CIFAR100_resnet_medium.onnx,/home/elipregerson/nnenum/vnncomp2025_benchmarks/benchmarks/cifar100_2024/vnnlib/CIFAR100_resnet_medium_prop_idx_9726_sidx_4400_eps_0.0039.vnnlib,.006020360,error_exit_code_1,1.289507478
cifar100_2024,/home/elipregerson/nnenum/vnncomp2025_benchmarks/benchmarks/cifar100_2024/onnx/CIFAR100_resnet_medium.onnx,/home/elipregerson/nnenum/vnncomp2025_benchmarks/benchmarks/cifar100_2024/vnnlib/CIFAR100_resnet_medium_prop_idx_9313_sidx_6462_eps_0.0039.vnnlib,.006275405,error_exit_code_1,1.344402686
cifar100_2024,/home/elipregerson/nnenum/vnncomp2025_benchmarks/benchmarks/cifar100_2024/onnx/CIFAR100_resnet_medium.onnx,/home/elipregerson/nnenum/vnncomp2025_benchmarks/benchmarks/cifar100_2024/vnnlib/CIFAR100_resnet_medium_prop_idx_815_sidx_1902_eps_0.0039.vnnlib,.006442103,error_exit_code_1,1.309743174
cifar100_2024,/home/elipregerson/nnenum/vnncomp2025_benchmarks/benchmarks/cifar100_2024/onnx/CIFAR100_resnet_medium.onnx,/home/elipregerson/nnenum/vnncomp2025_benchmarks/benchmarks/cifar100_2024/vnnlib/CIFAR100_resnet_medium_prop_idx_6491_sidx_3620_eps_0.0039.vnnlib,.005944566,error_exit_code_1,1.283104122
cifar100_2024,/home/elipregerson/nnenum/vnncomp2025_benchmarks/benchmarks/cifar100_2024/onnx/CIFAR100_resnet_medium.onnx,/home/elipregerson/nnenum/vnncomp2025_benchmarks/benchmarks/cifar100_2024/vnnlib/CIFAR100_resnet_medium_prop_idx_4605_sidx_6225_eps_0.0039.vnnlib,.006101502,error_exit_code_1,1.266644866
cifar100_2024,/home/elipregerson/nnenum/vnncomp2025_benchmarks/benchmarks/cifar100_2024/onnx/CIFAR100_resnet_medium.onnx,/home/elipregerson/nnenum/vnncomp2025_benchmarks/benchmarks/cifar100_2024/vnnlib/CIFAR100_resnet_medium_prop_idx_2352_sidx_2704_eps_0.0039.vnnlib,.006095926,error_exit_code_1,1.278565992
cifar100_2024,/home/elipregerson/nnenum/vnncomp2025_benchmarks/benchmarks/cifar100_2024/onnx/CIFAR100_resnet_medium.onnx,/home/elipregerson/nnenum/vnncomp2025_benchmarks/benchmarks/cifar100_2024/vnnlib/CIFAR100_resnet_medium_prop_idx_1642_sidx_7494_eps_0.0039.vnnlib,.006057460,error_exit_code_1,1.341021873
cifar100_2024,/home/elipregerson/nnenum/vnncomp2025_benchmarks/benchmarks/cifar100_2024/onnx/CIFAR100_resnet_medium.onnx,/home/elipregerson/nnenum/vnncomp2025_benchmarks/benchmarks/cifar100_2024/vnnlib/CIFAR100_resnet_medium_prop_idx_8502_sidx_2893_eps_0.0039.vnnlib,.006171730,error_exit_code_1,1.315779211
cifar100_2024,/home/elipregerson/nnenum/vnncomp2025_benchmarks/benchmarks/cifar100_2024/onnx/CIFAR100_resnet_medium.onnx,/home/elipregerson/nnenum/vnncomp2025_benchmarks/benchmarks/cifar100_2024/vnnlib/CIFAR100_resnet_medium_prop_idx_4964_sidx_5266_eps_0.0039.vnnlib,.006183099,error_exit_code_1,1.262511319
cifar100_2024,/home/elipregerson/nnenum/vnncomp2025_benchmarks/benchmarks/cifar100_2024/onnx/CIFAR100_resnet_medium.onnx,/home/elipregerson/nnenum/vnncomp2025_benchmarks/benchmarks/cifar100_2024/vnnlib/CIFAR100_resnet_medium_prop_idx_6369_sidx_8824_eps_0.0039.vnnlib,.006020738,error_exit_code_1,1.277960793
cifar100_2024,/home/elipregerson/nnenum/vnncomp2025_benchmarks/benchmarks/cifar100_2024/onnx/CIFAR100_resnet_medium.onnx,/home/elipregerson/nnenum/vnncomp2025_benchmarks/benchmarks/cifar100_2024/vnnlib/CIFAR100_resnet_medium_prop_idx_966_sidx_2330_eps_0.0039.vnnlib,.006071136,error_exit_code_1,1.304729161
cifar100_2024,/home/elipregerson/nnenum/vnncomp2025_benchmarks/benchmarks/cifar100_2024/onnx/CIFAR100_resnet_medium.onnx,/home/elipregerson/nnenum/vnncomp2025_benchmarks/benchmarks/cifar100_2024/vnnlib/CIFAR100_resnet_medium_prop_idx_9162_sidx_4337_eps_0.0039.vnnlib,.006091209,error_exit_code_1,1.288917845
cifar100_2024,/home/elipregerson/nnenum/vnncomp2025_benchmarks/benchmarks/cifar100_2024/onnx/CIFAR100_resnet_medium.onnx,/home/elipregerson/nnenum/vnncomp2025_benchmarks/benchmarks/cifar100_2024/vnnlib/CIFAR100_resnet_medium_prop_idx_425_sidx_9099_eps_0.0039.vnnlib,.006053026,error_exit_code_1,1.274548141
cifar100_2024,/home/elipregerson/nnenum/vnncomp2025_benchmarks/benchmarks/cifar100_2024/onnx/CIFAR100_resnet_medium.onnx,/home/elipregerson/nnenum/vnncomp2025_benchmarks/benchmarks/cifar100_2024/vnnlib/CIFAR100_resnet_medium_prop_idx_4898_sidx_6695_eps_0.0039.vnnlib,.014779895,error_exit_code_1,1.295976359
cifar100_2024,/home/elipregerson/nnenum/vnncomp2025_benchmarks/benchmarks/cifar100_2024/onnx/CIFAR100_resnet_medium.onnx,/home/elipregerson/nnenum/vnncomp2025_benchmarks/benchmarks/cifar100_2024/vnnlib/CIFAR100_resnet_medium_prop_idx_7500_sidx_40_eps_0.0039.vnnlib,.006204971,error_exit_code_1,1.298053554
cifar100_2024,/home/elipregerson/nnenum/vnncomp2025_benchmarks/benchmarks/cifar100_2024/onnx/CIFAR100_resnet_medium.onnx,/home/elipregerson/nnenum/vnncomp2025_benchmarks/benchmarks/cifar100_2024/vnnlib/CIFAR100_resnet_medium_prop_idx_7176_sidx_1522_eps_0.0039.vnnlib,.006118246,error_exit_code_1,1.263533161
cifar100_2024,/home/elipregerson/nnenum/vnncomp2025_benchmarks/benchmarks/cifar100_2024/onnx/CIFAR100_resnet_medium.onnx,/home/elipregerson/nnenum/vnncomp2025_benchmarks/benchmarks/cifar100_2024/vnnlib/CIFAR100_resnet_medium_prop_idx_2050_sidx_8228_eps_0.0039.vnnlib,.006182287,error_exit_code_1,1.259185959
cifar100_2024,/home/elipregerson/nnenum/vnncomp2025_benchmarks/benchmarks/cifar100_2024/onnx/CIFAR100_resnet_medium.onnx,/home/elipregerson/nnenum/vnncomp2025_benchmarks/benchmarks/cifar100_2024/vnnlib/CIFAR100_resnet_medium_prop_idx_7470_sidx_4555_eps_0.0039.vnnlib,.006043463,error_exit_code_1,1.258915545
cifar100_2024,/home/elipregerson/nnenum/vnncomp2025_benchmarks/benchmarks/cifar100_2024/onnx/CIFAR100_resnet_medium.onnx,/home/elipregerson/nnenum/vnncomp2025_benchmarks/benchmarks/cifar100_2024/vnnlib/CIFAR100_resnet_medium_prop_idx_5797_sidx_6343_eps_0.0039.vnnlib,.006610669,error_exit_code_1,1.291733016
cifar100_2024,/home/elipregerson/nnenum/vnncomp2025_benchmarks/benchmarks/cifar100_2024/onnx/CIFAR100_resnet_medium.onnx,/home/elipregerson/nnenum/vnncomp2025_benchmarks/benchmarks/cifar100_2024/vnnlib/CIFAR100_resnet_medium_prop_idx_5894_sidx_5577_eps_0.0039.vnnlib,.006228369,error_exit_code_1,1.297259638
cifar100_2024,/home/elipregerson/nnenum/vnncomp2025_benchmarks/benchmarks/cifar100_2024/onnx/CIFAR100_resnet_medium.onnx,/home/elipregerson/nnenum/vnncomp2025_benchmarks/benchmarks/cifar100_2024/vnnlib/CIFAR100_resnet_medium_prop_idx_3852_sidx_2848_eps_0.0039.vnnlib,.006107669,error_exit_code_1,1.266546013
cifar100_2024,/home/elipregerson/nnenum/vnncomp2025_benchmarks/benchmarks/cifar100_2024/onnx/CIFAR100_resnet_medium.onnx,/home/elipregerson/nnenum/vnncomp2025_benchmarks/benchmarks/cifar100_2024/vnnlib/CIFAR100_resnet_medium_prop_idx_2925_sidx_8815_eps_0.0039.vnnlib,.006117991,error_exit_code_1,1.307615779
cifar100_2024,/home/elipregerson/nnenum/vnncomp2025_benchmarks/benchmarks/cifar100_2024/onnx/CIFAR100_resnet_large.onnx,/home/elipregerson/nnenum/vnncomp2025_benchmarks/benchmarks/cifar100_2024/vnnlib/CIFAR100_resnet_large_prop_idx_496_sidx_1194_eps_0.0039.vnnlib,.008380240,error_exit_code_1,1.340845353
cifar100_2024,/home/elipregerson/nnenum/vnncomp2025_benchmarks/benchmarks/cifar100_2024/onnx/CIFAR100_resnet_large.onnx,/home/elipregerson/nnenum/vnncomp2025_benchmarks/benchmarks/cifar100_2024/vnnlib/CIFAR100_resnet_large_prop_idx_4385_sidx_9116_eps_0.0039.vnnlib,.006121712,error_exit_code_1,1.323105304
cifar100_2024,/home/elipregerson/nnenum/vnncomp2025_benchmarks/benchmarks/cifar100_2024/onnx/CIFAR100_resnet_large.onnx,/home/elipregerson/nnenum/vnncomp2025_benchmarks/benchmarks/cifar100_2024/vnnlib/CIFAR100_resnet_large_prop_idx_5308_sidx_1650_eps_0.0039.vnnlib,.006134361,error_exit_code_1,1.350791151
cifar100_2024,/home/elipregerson/nnenum/vnncomp2025_benchmarks/benchmarks/cifar100_2024/onnx/CIFAR100_resnet_large.onnx,/home/elipregerson/nnenum/vnncomp2025_benchmarks/benchmarks/cifar100_2024/vnnlib/CIFAR100_resnet_large_prop_idx_4757_sidx_803_eps_0.0039.vnnlib,.006175023,error_exit_code_1,1.316643414
cifar100_2024,/home/elipregerson/nnenum/vnncomp2025_benchmarks/benchmarks/cifar100_2024/onnx/CIFAR100_resnet_large.onnx,/home/elipregerson/nnenum/vnncomp2025_benchmarks/benchmarks/cifar100_2024/vnnlib/CIFAR100_resnet_large_prop_idx_4227_sidx_5883_eps_0.0039.vnnlib,.006168521,error_exit_code_1,1.303637105
cifar100_2024,/home/elipregerson/nnenum/vnncomp2025_benchmarks/benchmarks/cifar100_2024/onnx/CIFAR100_resnet_large.onnx,/home/elipregerson/nnenum/vnncomp2025_benchmarks/benchmarks/cifar100_2024/vnnlib/CIFAR100_resnet_large_prop_idx_8589_sidx_3105_eps_0.0039.vnnlib,.006408910,error_exit_code_1,1.326180977
cifar100_2024,/home/elipregerson/nnenum/vnncomp2025_benchmarks/benchmarks/cifar100_2024/onnx/CIFAR100_resnet_large.onnx,/home/elipregerson/nnenum/vnncomp2025_benchmarks/benchmarks/cifar100_2024/vnnlib/CIFAR100_resnet_large_prop_idx_8476_sidx_3906_eps_0.0039.vnnlib,.006070147,error_exit_code_1,1.308604581
cifar100_2024,/home/elipregerson/nnenum/vnncomp2025_benchmarks/benchmarks/cifar100_2024/onnx/CIFAR100_resnet_large.onnx,/home/elipregerson/nnenum/vnncomp2025_benchmarks/benchmarks/cifar100_2024/vnnlib/CIFAR100_resnet_large_prop_idx_1456_sidx_5797_eps_0.0039.vnnlib,.006148789,error_exit_code_1,1.329327741
cifar100_2024,/home/elipregerson/nnenum/vnncomp2025_benchmarks/benchmarks/cifar100_2024/onnx/CIFAR100_resnet_large.onnx,/home/elipregerson/nnenum/vnncomp2025_benchmarks/benchmarks/cifar100_2024/vnnlib/CIFAR100_resnet_large_prop_idx_998_sidx_7605_eps_0.0039.vnnlib,.006270382,error_exit_code_1,1.310197728
cifar100_2024,/home/elipregerson/nnenum/vnncomp2025_benchmarks/benchmarks/cifar100_2024/onnx/CIFAR100_resnet_large.onnx,/home/elipregerson/nnenum/vnncomp2025_benchmarks/benchmarks/cifar100_2024/vnnlib/CIFAR100_resnet_large_prop_idx_9778_sidx_7516_eps_0.0039.vnnlib,.006004438,error_exit_code_1,1.317415392
cifar100_2024,/home/elipregerson/nnenum/vnncomp2025_benchmarks/benchmarks/cifar100_2024/onnx/CIFAR100_resnet_large.onnx,/home/elipregerson/nnenum/vnncomp2025_benchmarks/benchmarks/cifar100_2024/vnnlib/CIFAR100_resnet_large_prop_idx_1063_sidx_7948_eps_0.0039.vnnlib,.006220359,error_exit_code_1,1.348945190
cifar100_2024,/home/elipregerson/nnenum/vnncomp2025_benchmarks/benchmarks/cifar100_2024/onnx/CIFAR100_resnet_large.onnx,/home/elipregerson/nnenum/vnncomp2025_benchmarks/benchmarks/cifar100_2024/vnnlib/CIFAR100_resnet_large_prop_idx_1426_sidx_3855_eps_0.0039.vnnlib,.006068366,error_exit_code_1,1.335497222
cifar100_2024,/home/elipregerson/nnenum/vnncomp2025_benchmarks/benchmarks/cifar100_2024/onnx/CIFAR100_resnet_large.onnx,/home/elipregerson/nnenum/vnncomp2025_benchmarks/benchmarks/cifar100_2024/vnnlib/CIFAR100_resnet_large_prop_idx_3355_sidx_212_eps_0.0039.vnnlib,.006291482,error_exit_code_1,1.303179272
cifar100_2024,/home/elipregerson/nnenum/vnncomp2025_benchmarks/benchmarks/cifar100_2024/onnx/CIFAR100_resnet_large.onnx,/home/elipregerson/nnenum/vnncomp2025_benchmarks/benchmarks/cifar100_2024/vnnlib/CIFAR100_resnet_large_prop_idx_1439_sidx_8354_eps_0.0039.vnnlib,.006013007,error_exit_code_1,1.330873677
cifar100_2024,/home/elipregerson/nnenum/vnncomp2025_benchmarks/benchmarks/cifar100_2024/onnx/CIFAR100_resnet_large.onnx,/home/elipregerson/nnenum/vnncomp2025_benchmarks/benchmarks/cifar100_2024/vnnlib/CIFAR100_resnet_large_prop_idx_3585_sidx_3469_eps_0.0039.vnnlib,.006186536,error_exit_code_1,1.351212573
cifar100_2024,/home/elipregerson/nnenum/vnncomp2025_benchmarks/benchmarks/cifar100_2024/onnx/CIFAR100_resnet_large.onnx,/home/elipregerson/nnenum/vnncomp2025_benchmarks/benchmarks/cifar100_2024/vnnlib/CIFAR100_resnet_large_prop_idx_2636_sidx_1992_eps_0.0039.vnnlib,.006215118,error_exit_code_1,1.316857559
cifar100_2024,/home/elipregerson/nnenum/vnncomp2025_benchmarks/benchmarks/cifar100_2024/onnx/CIFAR100_resnet_large.onnx,/home/elipregerson/nnenum/vnncomp2025_benchmarks/benchmarks/cifar100_2024/vnnlib/CIFAR100_resnet_large_prop_idx_6101_sidx_3593_eps_0.0039.vnnlib,.006112819,error_exit_code_1,1.309714531
cifar100_2024,/home/elipregerson/nnenum/vnncomp2025_benchmarks/benchmarks/cifar100_2024/onnx/CIFAR100_resnet_large.onnx,/home/elipregerson/nnenum/vnncomp2025_benchmarks/benchmarks/cifar100_2024/vnnlib/CIFAR100_resnet_large_prop_idx_1059_sidx_6596_eps_0.0039.vnnlib,.006291193,error_exit_code_1,1.315955031
cifar100_2024,/home/elipregerson/nnenum/vnncomp2025_benchmarks/benchmarks/cifar100_2024/onnx/CIFAR100_resnet_large.onnx,/home/elipregerson/nnenum/vnncomp2025_benchmarks/benchmarks/cifar100_2024/vnnlib/CIFAR100_resnet_large_prop_idx_9773_sidx_3718_eps_0.0039.vnnlib,.006134496,error_exit_code_1,1.335370418
cifar100_2024,/home/elipregerson/nnenum/vnncomp2025_benchmarks/benchmarks/cifar100_2024/onnx/CIFAR100_resnet_large.onnx,/home/elipregerson/nnenum/vnncomp2025_benchmarks/benchmarks/cifar100_2024/vnnlib/CIFAR100_resnet_large_prop_idx_7890_sidx_4421_eps_0.0039.vnnlib,.006073635,error_exit_code_1,1.320980214
cifar100_2024,/home/elipregerson/nnenum/vnncomp2025_benchmarks/benchmarks/cifar100_2024/onnx/CIFAR100_resnet_large.onnx,/home/elipregerson/nnenum/vnncomp2025_benchmarks/benchmarks/cifar100_2024/vnnlib/CIFAR100_resnet_large_prop_idx_2993_sidx_2485_eps_0.0039.vnnlib,.006178763,error_exit_code_1,1.341795025
cifar100_2024,/home/elipregerson/nnenum/vnncomp2025_benchmarks/benchmarks/cifar100_2024/onnx/CIFAR100_resnet_large.onnx,/home/elipregerson/nnenum/vnncomp2025_benchmarks/benchmarks/cifar100_2024/vnnlib/CIFAR100_resnet_large_prop_idx_1105_sidx_9000_eps_0.0039.vnnlib,.006302428,error_exit_code_1,1.339858764
cifar100_2024,/home/elipregerson/nnenum/vnncomp2025_benchmarks/benchmarks/cifar100_2024/onnx/CIFAR100_resnet_large.onnx,/home/elipregerson/nnenum/vnncomp2025_benchmarks/benchmarks/cifar100_2024/vnnlib/CIFAR100_resnet_large_prop_idx_383_sidx_3388_eps_0.0039.vnnlib,.006202938,error_exit_code_1,1.334584781
cifar100_2024,/home/elipregerson/nnenum/vnncomp2025_benchmarks/benchmarks/cifar100_2024/onnx/CIFAR100_resnet_large.onnx,/home/elipregerson/nnenum/vnncomp2025_benchmarks/benchmarks/cifar100_2024/vnnlib/CIFAR100_resnet_large_prop_idx_6341_sidx_3142_eps_0.0039.vnnlib,.006089830,error_exit_code_1,1.330775204
cifar100_2024,/home/elipregerson/nnenum/vnncomp2025_benchmarks/benchmarks/cifar100_2024/onnx/CIFAR100_resnet_large.onnx,/home/elipregerson/nnenum/vnncomp2025_benchmarks/benchmarks/cifar100_2024/vnnlib/CIFAR100_resnet_large_prop_idx_2132_sidx_6868_eps_0.0039.vnnlib,.006110489,error_exit_code_1,1.326944499
cifar100_2024,/home/elipregerson/nnenum/vnncomp2025_benchmarks/benchmarks/cifar100_2024/onnx/CIFAR100_resnet_large.onnx,/home/elipregerson/nnenum/vnncomp2025_benchmarks/benchmarks/cifar100_2024/vnnlib/CIFAR100_resnet_large_prop_idx_3443_sidx_918_eps_0.0039.vnnlib,.006151189,error_exit_code_1,1.323658407
cifar100_2024,/home/elipregerson/nnenum/vnncomp2025_benchmarks/benchmarks/cifar100_2024/onnx/CIFAR100_resnet_large.onnx,/home/elipregerson/nnenum/vnncomp2025_benchmarks/benchmarks/cifar100_2024/vnnlib/CIFAR100_resnet_large_prop_idx_8119_sidx_972_eps_0.0039.vnnlib,.006222756,error_exit_code_1,1.341668483
cifar100_2024,/home/elipregerson/nnenum/vnncomp2025_benchmarks/benchmarks/cifar100_2024/onnx/CIFAR100_resnet_large.onnx,/home/elipregerson/nnenum/vnncomp2025_benchmarks/benchmarks/cifar100_2024/vnnlib/CIFAR100_resnet_large_prop_idx_484_sidx_161_eps_0.0039.vnnlib,.006146857,error_exit_code_1,1.324667529
cifar100_2024,/home/elipregerson/nnenum/vnncomp2025_benchmarks/benchmarks/cifar100_2024/onnx/CIFAR100_resnet_large.onnx,/home/elipregerson/nnenum/vnncomp2025_benchmarks/benchmarks/cifar100_2024/vnnlib/CIFAR100_resnet_large_prop_idx_62_sidx_313_eps_0.0039.vnnlib,.006142914,error_exit_code_1,1.332717096
cifar100_2024,/home/elipregerson/nnenum/vnncomp2025_benchmarks/benchmarks/cifar100_2024/onnx/CIFAR100_resnet_large.onnx,/home/elipregerson/nnenum/vnncomp2025_benchmarks/benchmarks/cifar100_2024/vnnlib/CIFAR100_resnet_large_prop_idx_6269_sidx_6873_eps_0.0039.vnnlib,.006036492,error_exit_code_1,1.341490388
cifar100_2024,/home/elipregerson/nnenum/vnncomp2025_benchmarks/benchmarks/cifar100_2024/onnx/CIFAR100_resnet_large.onnx,/home/elipregerson/nnenum/vnncomp2025_benchmarks/benchmarks/cifar100_2024/vnnlib/CIFAR100_resnet_large_prop_idx_3703_sidx_3842_eps_0.0039.vnnlib,.006018259,error_exit_code_1,1.348461364
cifar100_2024,/home/elipregerson/nnenum/vnncomp2025_benchmarks/benchmarks/cifar100_2024/onnx/CIFAR100_resnet_large.onnx,/home/elipregerson/nnenum/vnncomp2025_benchmarks/benchmarks/cifar100_2024/vnnlib/CIFAR100_resnet_large_prop_idx_2998_sidx_6947_eps_0.0039.vnnlib,.006114633,error_exit_code_1,1.330510027
cifar100_2024,/home/elipregerson/nnenum/vnncomp2025_benchmarks/benchmarks/cifar100_2024/onnx/CIFAR100_resnet_large.onnx,/home/elipregerson/nnenum/vnncomp2025_benchmarks/benchmarks/cifar100_2024/vnnlib/CIFAR100_resnet_large_prop_idx_7926_sidx_589_eps_0.0039.vnnlib,.006277969,error_exit_code_1,1.302741145
cifar100_2024,/home/elipregerson/nnenum/vnncomp2025_benchmarks/benchmarks/cifar100_2024/onnx/CIFAR100_resnet_large.onnx,/home/elipregerson/nnenum/vnncomp2025_benchmarks/benchmarks/cifar100_2024/vnnlib/CIFAR100_resnet_large_prop_idx_3681_sidx_4987_eps_0.0039.vnnlib,.006059691,error_exit_code_1,1.341480858
cifar100_2024,/home/elipregerson/nnenum/vnncomp2025_benchmarks/benchmarks/cifar100_2024/onnx/CIFAR100_resnet_large.onnx,/home/elipregerson/nnenum/vnncomp2025_benchmarks/benchmarks/cifar100_2024/vnnlib/CIFAR100_resnet_large_prop_idx_5410_sidx_2762_eps_0.0039.vnnlib,.006267834,error_exit_code_1,1.339561096
cifar100_2024,/home/elipregerson/nnenum/vnncomp2025_benchmarks/benchmarks/cifar100_2024/onnx/CIFAR100_resnet_large.onnx,/home/elipregerson/nnenum/vnncomp2025_benchmarks/benchmarks/cifar100_2024/vnnlib/CIFAR100_resnet_large_prop_idx_1280_sidx_5310_eps_0.0039.vnnlib,.006112544,error_exit_code_1,1.328343959
cifar100_2024,/home/elipregerson/nnenum/vnncomp2025_benchmarks/benchmarks/cifar100_2024/onnx/CIFAR100_resnet_large.onnx,/home/elipregerson/nnenum/vnncomp2025_benchmarks/benchmarks/cifar100_2024/vnnlib/CIFAR100_resnet_large_prop_idx_7233_sidx_4318_eps_0.0039.vnnlib,.006163588,error_exit_code_1,1.316513538
cifar100_2024,/home/elipregerson/nnenum/vnncomp2025_benchmarks/benchmarks/cifar100_2024/onnx/CIFAR100_resnet_large.onnx,/home/elipregerson/nnenum/vnncomp2025_benchmarks/benchmarks/cifar100_2024/vnnlib/CIFAR100_resnet_large_prop_idx_2724_sidx_6459_eps_0.0039.vnnlib,.005958382,error_exit_code_1,1.348176413
cifar100_2024,/home/elipregerson/nnenum/vnncomp2025_benchmarks/benchmarks/cifar100_2024/onnx/CIFAR100_resnet_large.onnx,/home/elipregerson/nnenum/vnncomp2025_benchmarks/benchmarks/cifar100_2024/vnnlib/CIFAR100_resnet_large_prop_idx_3894_sidx_5803_eps_0.0039.vnnlib,.006106256,error_exit_code_1,1.313572469
cifar100_2024,/home/elipregerson/nnenum/vnncomp2025_benchmarks/benchmarks/cifar100_2024/onnx/CIFAR100_resnet_large.onnx,/home/elipregerson/nnenum/vnncomp2025_benchmarks/benchmarks/cifar100_2024/vnnlib/CIFAR100_resnet_large_prop_idx_3858_sidx_134_eps_0.0039.vnnlib,.006058926,error_exit_code_1,1.311283702
cifar100_2024,/home/elipregerson/nnenum/vnncomp2025_benchmarks/benchmarks/cifar100_2024/onnx/CIFAR100_resnet_large.onnx,/home/elipregerson/nnenum/vnncomp2025_benchmarks/benchmarks/cifar100_2024/vnnlib/CIFAR100_resnet_large_prop_idx_8005_sidx_2582_eps_0.0039.vnnlib,.006237974,error_exit_code_1,1.319338846
cifar100_2024,/home/elipregerson/nnenum/vnncomp2025_benchmarks/benchmarks/cifar100_2024/onnx/CIFAR100_resnet_large.onnx,/home/elipregerson/nnenum/vnncomp2025_benchmarks/benchmarks/cifar100_2024/vnnlib/CIFAR100_resnet_large_prop_idx_1298_sidx_33_eps_0.0039.vnnlib,.006139812,error_exit_code_1,1.343829862
cifar100_2024,/home/elipregerson/nnenum/vnncomp2025_benchmarks/benchmarks/cifar100_2024/onnx/CIFAR100_resnet_large.onnx,/home/elipregerson/nnenum/vnncomp2025_benchmarks/benchmarks/cifar100_2024/vnnlib/CIFAR100_resnet_large_prop_idx_9935_sidx_75_eps_0.0039.vnnlib,.006056468,error_exit_code_1,1.318351712
cifar100_2024,/home/elipregerson/nnenum/vnncomp2025_benchmarks/benchmarks/cifar100_2024/onnx/CIFAR100_resnet_large.onnx,/home/elipregerson/nnenum/vnncomp2025_benchmarks/benchmarks/cifar100_2024/vnnlib/CIFAR100_resnet_large_prop_idx_276_sidx_476_eps_0.0039.vnnlib,.006363743,error_exit_code_1,1.336325281
cifar100_2024,/home/elipregerson/nnenum/vnncomp2025_benchmarks/benchmarks/cifar100_2024/onnx/CIFAR100_resnet_large.onnx,/home/elipregerson/nnenum/vnncomp2025_benchmarks/benchmarks/cifar100_2024/vnnlib/CIFAR100_resnet_large_prop_idx_1913_sidx_2767_eps_0.0039.vnnlib,.006048405,error_exit_code_1,1.295590981
cifar100_2024,/home/elipregerson/nnenum/vnncomp2025_benchmarks/benchmarks/cifar100_2024/onnx/CIFAR100_resnet_large.onnx,/home/elipregerson/nnenum/vnncomp2025_benchmarks/benchmarks/cifar100_2024/vnnlib/CIFAR100_resnet_large_prop_idx_1309_sidx_8525_eps_0.0039.vnnlib,.006001484,error_exit_code_1,1.309089371
cifar100_2024,/home/elipregerson/nnenum/vnncomp2025_benchmarks/benchmarks/cifar100_2024/onnx/CIFAR100_resnet_large.onnx,/home/elipregerson/nnenum/vnncomp2025_benchmarks/benchmarks/cifar100_2024/vnnlib/CIFAR100_resnet_large_prop_idx_4862_sidx_9853_eps_0.0039.vnnlib,.006027177,error_exit_code_1,1.335937418
cifar100_2024,/home/elipregerson/nnenum/vnncomp2025_benchmarks/benchmarks/cifar100_2024/onnx/CIFAR100_resnet_large.onnx,/home/elipregerson/nnenum/vnncomp2025_benchmarks/benchmarks/cifar100_2024/vnnlib/CIFAR100_resnet_large_prop_idx_7554_sidx_8201_eps_0.0039.vnnlib,.006047559,error_exit_code_1,1.320226822
cifar100_2024,/home/elipregerson/nnenum/vnncomp2025_benchmarks/benchmarks/cifar100_2024/onnx/CIFAR100_resnet_large.onnx,/home/elipregerson/nnenum/vnncomp2025_benchmarks/benchmarks/cifar100_2024/vnnlib/CIFAR100_resnet_large_prop_idx_4571_sidx_3801_eps_0.0039.vnnlib,.006194491,error_exit_code_1,1.336701012
cifar100_2024,/home/elipregerson/nnenum/vnncomp2025_benchmarks/benchmarks/cifar100_2024/onnx/CIFAR100_resnet_large.onnx,/home/elipregerson/nnenum/vnncomp2025_benchmarks/benchmarks/cifar100_2024/vnnlib/CIFAR100_resnet_large_prop_idx_5769_sidx_1524_eps_0.0039.vnnlib,.006047295,error_exit_code_1,1.308880213
cifar100_2024,/home/elipregerson/nnenum/vnncomp2025_benchmarks/benchmarks/cifar100_2024/onnx/CIFAR100_resnet_large.onnx,/home/elipregerson/nnenum/vnncomp2025_benchmarks/benchmarks/cifar100_2024/vnnlib/CIFAR100_resnet_large_prop_idx_8748_sidx_4804_eps_0.0039.vnnlib,.006174996,error_exit_code_1,1.324898196
cifar100_2024,/home/elipregerson/nnenum/vnncomp2025_benchmarks/benchmarks/cifar100_2024/onnx/CIFAR100_resnet_large.onnx,/home/elipregerson/nnenum/vnncomp2025_benchmarks/benchmarks/cifar100_2024/vnnlib/CIFAR100_resnet_large_prop_idx_3950_sidx_4217_eps_0.0039.vnnlib,.006176417,error_exit_code_1,1.309140882
cifar100_2024,/home/elipregerson/nnenum/vnncomp2025_benchmarks/benchmarks/cifar100_2024/onnx/CIFAR100_resnet_large.onnx,/home/elipregerson/nnenum/vnncomp2025_benchmarks/benchmarks/cifar100_2024/vnnlib/CIFAR100_resnet_large_prop_idx_7886_sidx_7064_eps_0.0039.vnnlib,.006165465,error_exit_code_1,1.342638744
cifar100_2024,/home/elipregerson/nnenum/vnncomp2025_benchmarks/benchmarks/cifar100_2024/onnx/CIFAR100_resnet_large.onnx,/home/elipregerson/nnenum/vnncomp2025_benchmarks/benchmarks/cifar100_2024/vnnlib/CIFAR100_resnet_large_prop_idx_4652_sidx_1371_eps_0.0039.vnnlib,.006152151,error_exit_code_1,1.304265560
cifar100_2024,/home/elipregerson/nnenum/vnncomp2025_benchmarks/benchmarks/cifar100_2024/onnx/CIFAR100_resnet_large.onnx,/home/elipregerson/nnenum/vnncomp2025_benchmarks/benchmarks/cifar100_2024/vnnlib/CIFAR100_resnet_large_prop_idx_1938_sidx_6556_eps_0.0039.vnnlib,.006098580,error_exit_code_1,1.321693329
cifar100_2024,/home/elipregerson/nnenum/vnncomp2025_benchmarks/benchmarks/cifar100_2024/onnx/CIFAR100_resnet_large.onnx,/home/elipregerson/nnenum/vnncomp2025_benchmarks/benchmarks/cifar100_2024/vnnlib/CIFAR100_resnet_large_prop_idx_8332_sidx_4482_eps_0.0039.vnnlib,.006308824,error_exit_code_1,1.346503529
cifar100_2024,/home/elipregerson/nnenum/vnncomp2025_benchmarks/benchmarks/cifar100_2024/onnx/CIFAR100_resnet_large.onnx,/home/elipregerson/nnenum/vnncomp2025_benchmarks/benchmarks/cifar100_2024/vnnlib/CIFAR100_resnet_large_prop_idx_2302_sidx_3657_eps_0.0039.vnnlib,.006225961,error_exit_code_1,1.336639806
cifar100_2024,/home/elipregerson/nnenum/vnncomp2025_benchmarks/benchmarks/cifar100_2024/onnx/CIFAR100_resnet_large.onnx,/home/elipregerson/nnenum/vnncomp2025_benchmarks/benchmarks/cifar100_2024/vnnlib/CIFAR100_resnet_large_prop_idx_7104_sidx_9469_eps_0.0039.vnnlib,.006132260,error_exit_code_1,1.324383734
cifar100_2024,/home/elipregerson/nnenum/vnncomp2025_benchmarks/benchmarks/cifar100_2024/onnx/CIFAR100_resnet_large.onnx,/home/elipregerson/nnenum/vnncomp2025_benchmarks/benchmarks/cifar100_2024/vnnlib/CIFAR100_resnet_large_prop_idx_2783_sidx_8903_eps_0.0039.vnnlib,.006125438,error_exit_code_1,1.310730302
cifar100_2024,/home/elipregerson/nnenum/vnncomp2025_benchmarks/benchmarks/cifar100_2024/onnx/CIFAR100_resnet_large.onnx,/home/elipregerson/nnenum/vnncomp2025_benchmarks/benchmarks/cifar100_2024/vnnlib/CIFAR100_resnet_large_prop_idx_6491_sidx_3620_eps_0.0039.vnnlib,.006151960,error_exit_code_1,1.342277532
cifar100_2024,/home/elipregerson/nnenum/vnncomp2025_benchmarks/benchmarks/cifar100_2024/onnx/CIFAR100_resnet_large.onnx,/home/elipregerson/nnenum/vnncomp2025_benchmarks/benchmarks/cifar100_2024/vnnlib/CIFAR100_resnet_large_prop_idx_5162_sidx_8126_eps_0.0039.vnnlib,.006094419,error_exit_code_1,1.323910224
cifar100_2024,/home/elipregerson/nnenum/vnncomp2025_benchmarks/benchmarks/cifar100_2024/onnx/CIFAR100_resnet_large.onnx,/home/elipregerson/nnenum/vnncomp2025_benchmarks/benchmarks/cifar100_2024/vnnlib/CIFAR100_resnet_large_prop_idx_8502_sidx_2893_eps_0.0039.vnnlib,.006081756,error_exit_code_1,1.318703071
cifar100_2024,/home/elipregerson/nnenum/vnncomp2025_benchmarks/benchmarks/cifar100_2024/onnx/CIFAR100_resnet_large.onnx,/home/elipregerson/nnenum/vnncomp2025_benchmarks/benchmarks/cifar100_2024/vnnlib/CIFAR100_resnet_large_prop_idx_3143_sidx_9413_eps_0.0039.vnnlib,.006003110,error_exit_code_1,1.321447750
cifar100_2024,/home/elipregerson/nnenum/vnncomp2025_benchmarks/benchmarks/cifar100_2024/onnx/CIFAR100_resnet_large.onnx,/home/elipregerson/nnenum/vnncomp2025_benchmarks/benchmarks/cifar100_2024/vnnlib/CIFAR100_resnet_large_prop_idx_656_sidx_2209_eps_0.0039.vnnlib,.006077601,error_exit_code_1,1.325595021
cifar100_2024,/home/elipregerson/nnenum/vnncomp2025_benchmarks/benchmarks/cifar100_2024/onnx/CIFAR100_resnet_large.onnx,/home/elipregerson/nnenum/vnncomp2025_benchmarks/benchmarks/cifar100_2024/vnnlib/CIFAR100_resnet_large_prop_idx_4322_sidx_9995_eps_0.0039.vnnlib,.006123451,error_exit_code_1,1.336176385
cifar100_2024,/home/elipregerson/nnenum/vnncomp2025_benchmarks/benchmarks/cifar100_2024/onnx/CIFAR100_resnet_large.onnx,/home/elipregerson/nnenum/vnncomp2025_benchmarks/benchmarks/cifar100_2024/vnnlib/CIFAR100_resnet_large_prop_idx_5804_sidx_1885_eps_0.0039.vnnlib,.006160128,error_exit_code_1,1.317802352
cifar100_2024,/home/elipregerson/nnenum/vnncomp2025_benchmarks/benchmarks/cifar100_2024/onnx/CIFAR100_resnet_large.onnx,/home/elipregerson/nnenum/vnncomp2025_benchmarks/benchmarks/cifar100_2024/vnnlib/CIFAR100_resnet_large_prop_idx_2630_sidx_1753_eps_0.0039.vnnlib,.006018391,error_exit_code_1,1.333942693
cifar100_2024,/home/elipregerson/nnenum/vnncomp2025_benchmarks/benchmarks/cifar100_2024/onnx/CIFAR100_resnet_large.onnx,/home/elipregerson/nnenum/vnncomp2025_benchmarks/benchmarks/cifar100_2024/vnnlib/CIFAR100_resnet_large_prop_idx_2461_sidx_2912_eps_0.0039.vnnlib,.006219382,error_exit_code_1,1.318463464
cifar100_2024,/home/elipregerson/nnenum/vnncomp2025_benchmarks/benchmarks/cifar100_2024/onnx/CIFAR100_resnet_large.onnx,/home/elipregerson/nnenum/vnncomp2025_benchmarks/benchmarks/cifar100_2024/vnnlib/CIFAR100_resnet_large_prop_idx_4486_sidx_8828_eps_0.0039.vnnlib,.005962983,error_exit_code_1,1.329869459
cifar100_2024,/home/elipregerson/nnenum/vnncomp2025_benchmarks/benchmarks/cifar100_2024/onnx/CIFAR100_resnet_large.onnx,/home/elipregerson/nnenum/vnncomp2025_benchmarks/benchmarks/cifar100_2024/vnnlib/CIFAR100_resnet_large_prop_idx_5810_sidx_7106_eps_0.0039.vnnlib,.006091790,error_exit_code_1,1.320194684
cifar100_2024,/home/elipregerson/nnenum/vnncomp2025_benchmarks/benchmarks/cifar100_2024/onnx/CIFAR100_resnet_large.onnx,/home/elipregerson/nnenum/vnncomp2025_benchmarks/benchmarks/cifar100_2024/vnnlib/CIFAR100_resnet_large_prop_idx_6343_sidx_1886_eps_0.0039.vnnlib,.006070800,error_exit_code_1,1.328178184
cifar100_2024,/home/elipregerson/nnenum/vnncomp2025_benchmarks/benchmarks/cifar100_2024/onnx/CIFAR100_resnet_large.onnx,/home/elipregerson/nnenum/vnncomp2025_benchmarks/benchmarks/cifar100_2024/vnnlib/CIFAR100_resnet_large_prop_idx_9640_sidx_7273_eps_0.0039.vnnlib,.006138872,error_exit_code_1,1.328568912
cifar100_2024,/home/elipregerson/nnenum/vnncomp2025_benchmarks/benchmarks/cifar100_2024/onnx/CIFAR100_resnet_large.onnx,/home/elipregerson/nnenum/vnncomp2025_benchmarks/benchmarks/cifar100_2024/vnnlib/CIFAR100_resnet_large_prop_idx_5522_sidx_5863_eps_0.0039.vnnlib,.006135531,error_exit_code_1,1.329751294
cifar100_2024,/home/elipregerson/nnenum/vnncomp2025_benchmarks/benchmarks/cifar100_2024/onnx/CIFAR100_resnet_large.onnx,/home/elipregerson/nnenum/vnncomp2025_benchmarks/benchmarks/cifar100_2024/vnnlib/CIFAR100_resnet_large_prop_idx_9460_sidx_4347_eps_0.0039.vnnlib,.006079651,error_exit_code_1,1.310524664
cifar100_2024,/home/elipregerson/nnenum/vnncomp2025_benchmarks/benchmarks/cifar100_2024/onnx/CIFAR100_resnet_large.onnx,/home/elipregerson/nnenum/vnncomp2025_benchmarks/benchmarks/cifar100_2024/vnnlib/CIFAR100_resnet_large_prop_idx_8865_sidx_700_eps_0.0039.vnnlib,.005940271,error_exit_code_1,1.310249141
cifar100_2024,/home/elipregerson/nnenum/vnncomp2025_benchmarks/benchmarks/cifar100_2024/onnx/CIFAR100_resnet_large.onnx,/home/elipregerson/nnenum/vnncomp2025_benchmarks/benchmarks/cifar100_2024/vnnlib/CIFAR100_resnet_large_prop_idx_8395_sidx_8915_eps_0.0039.vnnlib,.006102625,error_exit_code_1,1.326562425
cifar100_2024,/home/elipregerson/nnenum/vnncomp2025_benchmarks/benchmarks/cifar100_2024/onnx/CIFAR100_resnet_large.onnx,/home/elipregerson/nnenum/vnncomp2025_benchmarks/benchmarks/cifar100_2024/vnnlib/CIFAR100_resnet_large_prop_idx_9883_sidx_7162_eps_0.0039.vnnlib,.006152763,error_exit_code_1,1.321270561
cifar100_2024,/home/elipregerson/nnenum/vnncomp2025_benchmarks/benchmarks/cifar100_2024/onnx/CIFAR100_resnet_large.onnx,/home/elipregerson/nnenum/vnncomp2025_benchmarks/benchmarks/cifar100_2024/vnnlib/CIFAR100_resnet_large_prop_idx_3573_sidx_2903_eps_0.0039.vnnlib,.006042963,error_exit_code_1,1.306704195
cifar100_2024,/home/elipregerson/nnenum/vnncomp2025_benchmarks/benchmarks/cifar100_2024/onnx/CIFAR100_resnet_large.onnx,/home/elipregerson/nnenum/vnncomp2025_benchmarks/benchmarks/cifar100_2024/vnnlib/CIFAR100_resnet_large_prop_idx_6418_sidx_7923_eps_0.0039.vnnlib,.006017378,error_exit_code_1,1.314240484
cifar100_2024,/home/elipregerson/nnenum/vnncomp2025_benchmarks/benchmarks/cifar100_2024/onnx/CIFAR100_resnet_large.onnx,/home/elipregerson/nnenum/vnncomp2025_benchmarks/benchmarks/cifar100_2024/vnnlib/CIFAR100_resnet_large_prop_idx_2668_sidx_2652_eps_0.0039.vnnlib,.006092525,error_exit_code_1,1.353174445
cifar100_2024,/home/elipregerson/nnenum/vnncomp2025_benchmarks/benchmarks/cifar100_2024/onnx/CIFAR100_resnet_large.onnx,/home/elipregerson/nnenum/vnncomp2025_benchmarks/benchmarks/cifar100_2024/vnnlib/CIFAR100_resnet_large_prop_idx_1216_sidx_6431_eps_0.0039.vnnlib,.007533959,error_exit_code_1,1.318751255
cifar100_2024,/home/elipregerson/nnenum/vnncomp2025_benchmarks/benchmarks/cifar100_2024/onnx/CIFAR100_resnet_large.onnx,/home/elipregerson/nnenum/vnncomp2025_benchmarks/benchmarks/cifar100_2024/vnnlib/CIFAR100_resnet_large_prop_idx_6583_sidx_8860_eps_0.0039.vnnlib,.006179325,error_exit_code_1,1.317627875
cifar100_2024,/home/elipregerson/nnenum/vnncomp2025_benchmarks/benchmarks/cifar100_2024/onnx/CIFAR100_resnet_large.onnx,/home/elipregerson/nnenum/vnncomp2025_benchmarks/benchmarks/cifar100_2024/vnnlib/CIFAR100_resnet_large_prop_idx_5546_sidx_4338_eps_0.0039.vnnlib,.006200750,error_exit_code_1,1.356874037
cifar100_2024,/home/elipregerson/nnenum/vnncomp2025_benchmarks/benchmarks/cifar100_2024/onnx/CIFAR100_resnet_large.onnx,/home/elipregerson/nnenum/vnncomp2025_benchmarks/benchmarks/cifar100_2024/vnnlib/CIFAR100_resnet_large_prop_idx_9845_sidx_200_eps_0.0039.vnnlib,.006120055,error_exit_code_1,1.322400839
cifar100_2024,/home/elipregerson/nnenum/vnncomp2025_benchmarks/benchmarks/cifar100_2024/onnx/CIFAR100_resnet_large.onnx,/home/elipregerson/nnenum/vnncomp2025_benchmarks/benchmarks/cifar100_2024/vnnlib/CIFAR100_resnet_large_prop_idx_8012_sidx_5910_eps_0.0039.vnnlib,.006171759,error_exit_code_1,1.311501895
cifar100_2024,/home/elipregerson/nnenum/vnncomp2025_benchmarks/benchmarks/cifar100_2024/onnx/CIFAR100_resnet_large.onnx,/home/elipregerson/nnenum/vnncomp2025_benchmarks/benchmarks/cifar100_2024/vnnlib/CIFAR100_resnet_large_prop_idx_7884_sidx_6926_eps_0.0039.vnnlib,.006031663,error_exit_code_1,1.325574758
cifar100_2024,/home/elipregerson/nnenum/vnncomp2025_benchmarks/benchmarks/cifar100_2024/onnx/CIFAR100_resnet_large.onnx,/home/elipregerson/nnenum/vnncomp2025_benchmarks/benchmarks/cifar100_2024/vnnlib/CIFAR100_resnet_large_prop_idx_8381_sidx_4474_eps_0.0039.vnnlib,.006119041,error_exit_code_1,1.336953726
cifar100_2024,/home/elipregerson/nnenum/vnncomp2025_benchmarks/benchmarks/cifar100_2024/onnx/CIFAR100_resnet_large.onnx,/home/elipregerson/nnenum/vnncomp2025_benchmarks/benchmarks/cifar100_2024/vnnlib/CIFAR100_resnet_large_prop_idx_483_sidx_7371_eps_0.0039.vnnlib,.006158449,error_exit_code_1,1.326508576
cifar100_2024,/home/elipregerson/nnenum/vnncomp2025_benchmarks/benchmarks/cifar100_2024/onnx/CIFAR100_resnet_large.onnx,/home/elipregerson/nnenum/vnncomp2025_benchmarks/benchmarks/cifar100_2024/vnnlib/CIFAR100_resnet_large_prop_idx_7640_sidx_9025_eps_0.0039.vnnlib,.006101672,error_exit_code_1,1.337647621
cifar100_2024,/home/elipregerson/nnenum/vnncomp2025_benchmarks/benchmarks/cifar100_2024/onnx/CIFAR100_resnet_large.onnx,/home/elipregerson/nnenum/vnncomp2025_benchmarks/benchmarks/cifar100_2024/vnnlib/CIFAR100_resnet_large_prop_idx_5230_sidx_242_eps_0.0039.vnnlib,.006140638,error_exit_code_1,1.313514988
cifar100_2024,/home/elipregerson/nnenum/vnncomp2025_benchmarks/benchmarks/cifar100_2024/onnx/CIFAR100_resnet_large.onnx,/home/elipregerson/nnenum/vnncomp2025_benchmarks/benchmarks/cifar100_2024/vnnlib/CIFAR100_resnet_large_prop_idx_9476_sidx_5602_eps_0.0039.vnnlib,.005973387,error_exit_code_1,1.337870680
cifar100_2024,/home/elipregerson/nnenum/vnncomp2025_benchmarks/benchmarks/cifar100_2024/onnx/CIFAR100_resnet_large.onnx,/home/elipregerson/nnenum/vnncomp2025_benchmarks/benchmarks/cifar100_2024/vnnlib/CIFAR100_resnet_large_prop_idx_7866_sidx_7980_eps_0.0039.vnnlib,.006125555,error_exit_code_1,1.310300048
cifar100_2024,/home/elipregerson/nnenum/vnncomp2025_benchmarks/benchmarks/cifar100_2024/onnx/CIFAR100_resnet_large.onnx,/home/elipregerson/nnenum/vnncomp2025_benchmarks/benchmarks/cifar100_2024/vnnlib/CIFAR100_resnet_large_prop_idx_7436_sidx_5742_eps_0.0039.vnnlib,.006054145,error_exit_code_1,1.332298462
cifar100_2024,/home/elipregerson/nnenum/vnncomp2025_benchmarks/benchmarks/cifar100_2024/onnx/CIFAR100_resnet_large.onnx,/home/elipregerson/nnenum/vnncomp2025_benchmarks/benchmarks/cifar100_2024/vnnlib/CIFAR100_resnet_large_prop_idx_2624_sidx_917_eps_0.0039.vnnlib,.006304539,error_exit_code_1,1.316975570
cifar100_2024,/home/elipregerson/nnenum/vnncomp2025_benchmarks/benchmarks/cifar100_2024/onnx/CIFAR100_resnet_large.onnx,/home/elipregerson/nnenum/vnncomp2025_benchmarks/benchmarks/cifar100_2024/vnnlib/CIFAR100_resnet_large_prop_idx_1241_sidx_5679_eps_0.0039.vnnlib,.006013975,error_exit_code_1,1.331131468
cifar100_2024,/home/elipregerson/nnenum/vnncomp2025_benchmarks/benchmarks/cifar100_2024/onnx/CIFAR100_resnet_large.onnx,/home/elipregerson/nnenum/vnncomp2025_benchmarks/benchmarks/cifar100_2024/vnnlib/CIFAR100_resnet_large_prop_idx_3812_sidx_8477_eps_0.0039.vnnlib,.006177291,error_exit_code_1,1.309236239
cifar100_2024,/home/elipregerson/nnenum/vnncomp2025_benchmarks/benchmarks/cifar100_2024/onnx/CIFAR100_resnet_large.onnx,/home/elipregerson/nnenum/vnncomp2025_benchmarks/benchmarks/cifar100_2024/vnnlib/CIFAR100_resnet_large_prop_idx_9372_sidx_3515_eps_0.0039.vnnlib,.006238545,error_exit_code_1,1.334363789
cifar100_2024,/home/elipregerson/nnenum/vnncomp2025_benchmarks/benchmarks/cifar100_2024/onnx/CIFAR100_resnet_large.onnx,/home/elipregerson/nnenum/vnncomp2025_benchmarks/benchmarks/cifar100_2024/vnnlib/CIFAR100_resnet_large_prop_idx_1590_sidx_2858_eps_0.0039.vnnlib,.006045957,error_exit_code_1,1.315769718
cifar100_2024,/home/elipregerson/nnenum/vnncomp2025_benchmarks/benchmarks/cifar100_2024/onnx/CIFAR100_resnet_large.onnx,/home/elipregerson/nnenum/vnncomp2025_benchmarks/benchmarks/cifar100_2024/vnnlib/CIFAR100_resnet_large_prop_idx_6337_sidx_2381_eps_0.0039.vnnlib,.005969951,error_exit_code_1,1.331045934
cifar100_2024,/home/elipregerson/nnenum/vnncomp2025_benchmarks/benchmarks/cifar100_2024/onnx/CIFAR100_resnet_large.onnx,/home/elipregerson/nnenum/vnncomp2025_benchmarks/benchmarks/cifar100_2024/vnnlib/CIFAR100_resnet_large_prop_idx_6757_sidx_2400_eps_0.0039.vnnlib,.006112234,error_exit_code_1,1.325266771
cifar100_2024,/home/elipregerson/nnenum/vnncomp2025_benchmarks/benchmarks/test/onnx/test_nano.onnx,/home/elipregerson/nnenum/vnncomp2025_benchmarks/benchmarks/test/vnnlib/test_nano.vnnlib,.006116612,unsat,.532600680
collins_aerospace_benchmark,/home/elipregerson/nnenum/vnncomp2025_benchmarks/benchmarks/collins_aerospace_benchmark/onnx/yolov5nano_LRelu_640.onnx,/home/elipregerson/nnenum/vnncomp2025_benchmarks/benchmarks/collins_aerospace_benchmark/vnnlib/img_14421_perturbed_bbox_3_delta_0.001.vnnlib,.006166929,error_exit_code_1,52.995744474
collins_aerospace_benchmark,/home/elipregerson/nnenum/vnncomp2025_benchmarks/benchmarks/collins_aerospace_benchmark/onnx/yolov5nano_LRelu_640.onnx,/home/elipregerson/nnenum/vnncomp2025_benchmarks/benchmarks/collins_aerospace_benchmark/vnnlib/img_6876_perturbed_bbox_0_delta_0.005.vnnlib,.006114865,error_exit_code_1,52.741903255
collins_aerospace_benchmark,/home/elipregerson/nnenum/vnncomp2025_benchmarks/benchmarks/collins_aerospace_benchmark/onnx/yolov5nano_LRelu_640.onnx,/home/elipregerson/nnenum/vnncomp2025_benchmarks/benchmarks/collins_aerospace_benchmark/vnnlib/img_14386_perturbed_bbox_7_delta_0.01.vnnlib,.006216410,error_exit_code_1,52.366518866
collins_aerospace_benchmark,/home/elipregerson/nnenum/vnncomp2025_benchmarks/benchmarks/collins_aerospace_benchmark/onnx/yolov5nano_LRelu_640.onnx,/home/elipregerson/nnenum/vnncomp2025_benchmarks/benchmarks/collins_aerospace_benchmark/vnnlib/img_8758_perturbed_bbox_3_delta_0.02.vnnlib,.006049383,error_exit_code_1,52.213407549
collins_aerospace_benchmark,/home/elipregerson/nnenum/vnncomp2025_benchmarks/benchmarks/collins_aerospace_benchmark/onnx/yolov5nano_LRelu_640.onnx,/home/elipregerson/nnenum/vnncomp2025_benchmarks/benchmarks/collins_aerospace_benchmark/vnnlib/img_8758_perturbed_bbox_4_delta_0.05.vnnlib,.006008631,error_exit_code_1,52.232274954
collins_aerospace_benchmark,/home/elipregerson/nnenum/vnncomp2025_benchmarks/benchmarks/collins_aerospace_benchmark/onnx/yolov5nano_LRelu_640.onnx,/home/elipregerson/nnenum/vnncomp2025_benchmarks/benchmarks/collins_aerospace_benchmark/vnnlib/img_12761_perturbed_bbox_0_delta_0.1.vnnlib,.006181277,error_exit_code_1,52.073558058
collins_aerospace_benchmark,/home/elipregerson/nnenum/vnncomp2025_benchmarks/benchmarks/test/onnx/test_nano.onnx,/home/elipregerson/nnenum/vnncomp2025_benchmarks/benchmarks/test/vnnlib/test_nano.vnnlib,.006272756,unsat,.527533319
collins_rul_cnn_2022,/home/elipregerson/nnenum/vnncomp2025_benchmarks/benchmarks/collins_rul_cnn_2022/onnx/NN_rul_small_window_20.onnx,/home/elipregerson/nnenum/vnncomp2025_benchmarks/benchmarks/collins_rul_cnn_2022/vnnlib/robustness_2perturbations_delta5_epsilon10_w20.vnnlib,.006011588,sat,.671242585
collins_rul_cnn_2022,/home/elipregerson/nnenum/vnncomp2025_benchmarks/benchmarks/collins_rul_cnn_2022/onnx/NN_rul_small_window_20.onnx,/home/elipregerson/nnenum/vnncomp2025_benchmarks/benchmarks/collins_rul_cnn_2022/vnnlib/robustness_2perturbations_delta10_epsilon10_w20.vnnlib,.006074571,unsat,.678510649
collins_rul_cnn_2022,/home/elipregerson/nnenum/vnncomp2025_benchmarks/benchmarks/collins_rul_cnn_2022/onnx/NN_rul_small_window_20.onnx,/home/elipregerson/nnenum/vnncomp2025_benchmarks/benchmarks/collins_rul_cnn_2022/vnnlib/robustness_2perturbations_delta20_epsilon10_w20.vnnlib,.006183357,unsat,.710872286
collins_rul_cnn_2022,/home/elipregerson/nnenum/vnncomp2025_benchmarks/benchmarks/collins_rul_cnn_2022/onnx/NN_rul_small_window_20.onnx,/home/elipregerson/nnenum/vnncomp2025_benchmarks/benchmarks/collins_rul_cnn_2022/vnnlib/robustness_2perturbations_delta40_epsilon10_w20.vnnlib,.006047896,unsat,.702272394
collins_rul_cnn_2022,/home/elipregerson/nnenum/vnncomp2025_benchmarks/benchmarks/collins_rul_cnn_2022/onnx/NN_rul_small_window_20.onnx,/home/elipregerson/nnenum/vnncomp2025_benchmarks/benchmarks/collins_rul_cnn_2022/vnnlib/robustness_4perturbations_delta5_epsilon10_w20.vnnlib,.006240007,sat,.693953313
collins_rul_cnn_2022,/home/elipregerson/nnenum/vnncomp2025_benchmarks/benchmarks/collins_rul_cnn_2022/onnx/NN_rul_small_window_20.onnx,/home/elipregerson/nnenum/vnncomp2025_benchmarks/benchmarks/collins_rul_cnn_2022/vnnlib/robustness_4perturbations_delta10_epsilon10_w20.vnnlib,.006448339,sat,.696540175
collins_rul_cnn_2022,/home/elipregerson/nnenum/vnncomp2025_benchmarks/benchmarks/collins_rul_cnn_2022/onnx/NN_rul_small_window_20.onnx,/home/elipregerson/nnenum/vnncomp2025_benchmarks/benchmarks/collins_rul_cnn_2022/vnnlib/robustness_4perturbations_delta20_epsilon10_w20.vnnlib,.006367243,sat,.681358000
collins_rul_cnn_2022,/home/elipregerson/nnenum/vnncomp2025_benchmarks/benchmarks/collins_rul_cnn_2022/onnx/NN_rul_small_window_20.onnx,/home/elipregerson/nnenum/vnncomp2025_benchmarks/benchmarks/collins_rul_cnn_2022/vnnlib/robustness_4perturbations_delta40_epsilon10_w20.vnnlib,.006157853,sat,.698535129
collins_rul_cnn_2022,/home/elipregerson/nnenum/vnncomp2025_benchmarks/benchmarks/collins_rul_cnn_2022/onnx/NN_rul_small_window_20.onnx,/home/elipregerson/nnenum/vnncomp2025_benchmarks/benchmarks/collins_rul_cnn_2022/vnnlib/robustness_8perturbations_delta5_epsilon10_w20.vnnlib,.006150681,unsat,.699998393
collins_rul_cnn_2022,/home/elipregerson/nnenum/vnncomp2025_benchmarks/benchmarks/collins_rul_cnn_2022/onnx/NN_rul_small_window_20.onnx,/home/elipregerson/nnenum/vnncomp2025_benchmarks/benchmarks/collins_rul_cnn_2022/vnnlib/robustness_8perturbations_delta10_epsilon10_w20.vnnlib,.006010576,unsat,.691750975
collins_rul_cnn_2022,/home/elipregerson/nnenum/vnncomp2025_benchmarks/benchmarks/collins_rul_cnn_2022/onnx/NN_rul_small_window_20.onnx,/home/elipregerson/nnenum/vnncomp2025_benchmarks/benchmarks/collins_rul_cnn_2022/vnnlib/robustness_8perturbations_delta20_epsilon10_w20.vnnlib,.006130519,unsat,.706014051
collins_rul_cnn_2022,/home/elipregerson/nnenum/vnncomp2025_benchmarks/benchmarks/collins_rul_cnn_2022/onnx/NN_rul_small_window_20.onnx,/home/elipregerson/nnenum/vnncomp2025_benchmarks/benchmarks/collins_rul_cnn_2022/vnnlib/robustness_8perturbations_delta40_epsilon10_w20.vnnlib,.006172783,unsat,.699198048
collins_rul_cnn_2022,/home/elipregerson/nnenum/vnncomp2025_benchmarks/benchmarks/collins_rul_cnn_2022/onnx/NN_rul_small_window_20.onnx,/home/elipregerson/nnenum/vnncomp2025_benchmarks/benchmarks/collins_rul_cnn_2022/vnnlib/robustness_16perturbations_delta5_epsilon10_w20.vnnlib,.006189126,unsat,.699793162
collins_rul_cnn_2022,/home/elipregerson/nnenum/vnncomp2025_benchmarks/benchmarks/collins_rul_cnn_2022/onnx/NN_rul_small_window_20.onnx,/home/elipregerson/nnenum/vnncomp2025_benchmarks/benchmarks/collins_rul_cnn_2022/vnnlib/robustness_16perturbations_delta10_epsilon10_w20.vnnlib,.005916652,sat,.705041688
collins_rul_cnn_2022,/home/elipregerson/nnenum/vnncomp2025_benchmarks/benchmarks/collins_rul_cnn_2022/onnx/NN_rul_small_window_20.onnx,/home/elipregerson/nnenum/vnncomp2025_benchmarks/benchmarks/collins_rul_cnn_2022/vnnlib/robustness_16perturbations_delta20_epsilon10_w20.vnnlib,.006210992,unsat,.696039819
collins_rul_cnn_2022,/home/elipregerson/nnenum/vnncomp2025_benchmarks/benchmarks/collins_rul_cnn_2022/onnx/NN_rul_small_window_20.onnx,/home/elipregerson/nnenum/vnncomp2025_benchmarks/benchmarks/collins_rul_cnn_2022/vnnlib/robustness_16perturbations_delta40_epsilon10_w20.vnnlib,.005992920,sat,.695257912
collins_rul_cnn_2022,/home/elipregerson/nnenum/vnncomp2025_benchmarks/benchmarks/collins_rul_cnn_2022/onnx/NN_rul_small_window_20.onnx,/home/elipregerson/nnenum/vnncomp2025_benchmarks/benchmarks/collins_rul_cnn_2022/vnnlib/monotonicity_CI_shift5_w20.vnnlib,.006509359,unsat,.704954572
collins_rul_cnn_2022,/home/elipregerson/nnenum/vnncomp2025_benchmarks/benchmarks/collins_rul_cnn_2022/onnx/NN_rul_small_window_20.onnx,/home/elipregerson/nnenum/vnncomp2025_benchmarks/benchmarks/collins_rul_cnn_2022/vnnlib/monotonicity_CI_shift10_w20.vnnlib,.006408462,unsat,.698037758
collins_rul_cnn_2022,/home/elipregerson/nnenum/vnncomp2025_benchmarks/benchmarks/collins_rul_cnn_2022/onnx/NN_rul_small_window_20.onnx,/home/elipregerson/nnenum/vnncomp2025_benchmarks/benchmarks/collins_rul_cnn_2022/vnnlib/monotonicity_CI_shift20_w20.vnnlib,.011754191,unsat,.699647725
collins_rul_cnn_2022,/home/elipregerson/nnenum/vnncomp2025_benchmarks/benchmarks/collins_rul_cnn_2022/onnx/NN_rul_small_window_20.onnx,/home/elipregerson/nnenum/vnncomp2025_benchmarks/benchmarks/collins_rul_cnn_2022/vnnlib/if_then_5levels_w20.vnnlib,.006532223,sat,.706557695
collins_rul_cnn_2022,/home/elipregerson/nnenum/vnncomp2025_benchmarks/benchmarks/collins_rul_cnn_2022/onnx/NN_rul_small_window_20.onnx,/home/elipregerson/nnenum/vnncomp2025_benchmarks/benchmarks/collins_rul_cnn_2022/vnnlib/if_then_7levels_w20.vnnlib,.006261429,sat,.693826328
collins_rul_cnn_2022,/home/elipregerson/nnenum/vnncomp2025_benchmarks/benchmarks/collins_rul_cnn_2022/onnx/NN_rul_small_window_20.onnx,/home/elipregerson/nnenum/vnncomp2025_benchmarks/benchmarks/collins_rul_cnn_2022/vnnlib/if_then_9levels_w20.vnnlib,.006009420,sat,.702574650
collins_rul_cnn_2022,/home/elipregerson/nnenum/vnncomp2025_benchmarks/benchmarks/collins_rul_cnn_2022/onnx/NN_rul_full_window_20.onnx,/home/elipregerson/nnenum/vnncomp2025_benchmarks/benchmarks/collins_rul_cnn_2022/vnnlib/robustness_2perturbations_delta5_epsilon10_w20.vnnlib,.006169244,sat,.711139902
collins_rul_cnn_2022,/home/elipregerson/nnenum/vnncomp2025_benchmarks/benchmarks/collins_rul_cnn_2022/onnx/NN_rul_full_window_20.onnx,/home/elipregerson/nnenum/vnncomp2025_benchmarks/benchmarks/collins_rul_cnn_2022/vnnlib/robustness_2perturbations_delta10_epsilon10_w20.vnnlib,.006154969,unsat,.684539671
collins_rul_cnn_2022,/home/elipregerson/nnenum/vnncomp2025_benchmarks/benchmarks/collins_rul_cnn_2022/onnx/NN_rul_full_window_20.onnx,/home/elipregerson/nnenum/vnncomp2025_benchmarks/benchmarks/collins_rul_cnn_2022/vnnlib/robustness_2perturbations_delta20_epsilon10_w20.vnnlib,.006169315,unsat,.712911316
collins_rul_cnn_2022,/home/elipregerson/nnenum/vnncomp2025_benchmarks/benchmarks/collins_rul_cnn_2022/onnx/NN_rul_full_window_20.onnx,/home/elipregerson/nnenum/vnncomp2025_benchmarks/benchmarks/collins_rul_cnn_2022/vnnlib/robustness_2perturbations_delta40_epsilon10_w20.vnnlib,.006061995,unsat,.693630388
collins_rul_cnn_2022,/home/elipregerson/nnenum/vnncomp2025_benchmarks/benchmarks/collins_rul_cnn_2022/onnx/NN_rul_full_window_20.onnx,/home/elipregerson/nnenum/vnncomp2025_benchmarks/benchmarks/collins_rul_cnn_2022/vnnlib/robustness_4perturbations_delta5_epsilon10_w20.vnnlib,.005988117,sat,.698408185
collins_rul_cnn_2022,/home/elipregerson/nnenum/vnncomp2025_benchmarks/benchmarks/collins_rul_cnn_2022/onnx/NN_rul_full_window_20.onnx,/home/elipregerson/nnenum/vnncomp2025_benchmarks/benchmarks/collins_rul_cnn_2022/vnnlib/robustness_4perturbations_delta10_epsilon10_w20.vnnlib,.006024983,sat,.697582190
collins_rul_cnn_2022,/home/elipregerson/nnenum/vnncomp2025_benchmarks/benchmarks/collins_rul_cnn_2022/onnx/NN_rul_full_window_20.onnx,/home/elipregerson/nnenum/vnncomp2025_benchmarks/benchmarks/collins_rul_cnn_2022/vnnlib/robustness_4perturbations_delta20_epsilon10_w20.vnnlib,.006278283,sat,.701430961
collins_rul_cnn_2022,/home/elipregerson/nnenum/vnncomp2025_benchmarks/benchmarks/collins_rul_cnn_2022/onnx/NN_rul_full_window_20.onnx,/home/elipregerson/nnenum/vnncomp2025_benchmarks/benchmarks/collins_rul_cnn_2022/vnnlib/robustness_4perturbations_delta40_epsilon10_w20.vnnlib,.006059683,sat,.704249151
collins_rul_cnn_2022,/home/elipregerson/nnenum/vnncomp2025_benchmarks/benchmarks/collins_rul_cnn_2022/onnx/NN_rul_full_window_20.onnx,/home/elipregerson/nnenum/vnncomp2025_benchmarks/benchmarks/collins_rul_cnn_2022/vnnlib/robustness_8perturbations_delta5_epsilon10_w20.vnnlib,.006125622,unsat,.683572361
collins_rul_cnn_2022,/home/elipregerson/nnenum/vnncomp2025_benchmarks/benchmarks/collins_rul_cnn_2022/onnx/NN_rul_full_window_20.onnx,/home/elipregerson/nnenum/vnncomp2025_benchmarks/benchmarks/collins_rul_cnn_2022/vnnlib/robustness_8perturbations_delta10_epsilon10_w20.vnnlib,.006202254,unsat,.696440798
collins_rul_cnn_2022,/home/elipregerson/nnenum/vnncomp2025_benchmarks/benchmarks/collins_rul_cnn_2022/onnx/NN_rul_full_window_20.onnx,/home/elipregerson/nnenum/vnncomp2025_benchmarks/benchmarks/collins_rul_cnn_2022/vnnlib/robustness_8perturbations_delta20_epsilon10_w20.vnnlib,.006216363,unsat,.710539714
collins_rul_cnn_2022,/home/elipregerson/nnenum/vnncomp2025_benchmarks/benchmarks/collins_rul_cnn_2022/onnx/NN_rul_full_window_20.onnx,/home/elipregerson/nnenum/vnncomp2025_benchmarks/benchmarks/collins_rul_cnn_2022/vnnlib/robustness_8perturbations_delta40_epsilon10_w20.vnnlib,.006030434,unsat,.705307157
collins_rul_cnn_2022,/home/elipregerson/nnenum/vnncomp2025_benchmarks/benchmarks/collins_rul_cnn_2022/onnx/NN_rul_full_window_20.onnx,/home/elipregerson/nnenum/vnncomp2025_benchmarks/benchmarks/collins_rul_cnn_2022/vnnlib/robustness_16perturbations_delta5_epsilon10_w20.vnnlib,.006067370,unsat,.718597261
collins_rul_cnn_2022,/home/elipregerson/nnenum/vnncomp2025_benchmarks/benchmarks/collins_rul_cnn_2022/onnx/NN_rul_full_window_20.onnx,/home/elipregerson/nnenum/vnncomp2025_benchmarks/benchmarks/collins_rul_cnn_2022/vnnlib/robustness_16perturbations_delta10_epsilon10_w20.vnnlib,.006201084,sat,.671767544
collins_rul_cnn_2022,/home/elipregerson/nnenum/vnncomp2025_benchmarks/benchmarks/collins_rul_cnn_2022/onnx/NN_rul_full_window_20.onnx,/home/elipregerson/nnenum/vnncomp2025_benchmarks/benchmarks/collins_rul_cnn_2022/vnnlib/robustness_16perturbations_delta20_epsilon10_w20.vnnlib,.006217615,unsat,.702099238
collins_rul_cnn_2022,/home/elipregerson/nnenum/vnncomp2025_benchmarks/benchmarks/collins_rul_cnn_2022/onnx/NN_rul_full_window_20.onnx,/home/elipregerson/nnenum/vnncomp2025_benchmarks/benchmarks/collins_rul_cnn_2022/vnnlib/robustness_16perturbations_delta40_epsilon10_w20.vnnlib,.006208669,sat,.697954973
collins_rul_cnn_2022,/home/elipregerson/nnenum/vnncomp2025_benchmarks/benchmarks/collins_rul_cnn_2022/onnx/NN_rul_full_window_20.onnx,/home/elipregerson/nnenum/vnncomp2025_benchmarks/benchmarks/collins_rul_cnn_2022/vnnlib/monotonicity_CI_shift5_w20.vnnlib,.006142508,unsat,.710990345
collins_rul_cnn_2022,/home/elipregerson/nnenum/vnncomp2025_benchmarks/benchmarks/collins_rul_cnn_2022/onnx/NN_rul_full_window_20.onnx,/home/elipregerson/nnenum/vnncomp2025_benchmarks/benchmarks/collins_rul_cnn_2022/vnnlib/monotonicity_CI_shift10_w20.vnnlib,.006127567,unsat,.694519888
collins_rul_cnn_2022,/home/elipregerson/nnenum/vnncomp2025_benchmarks/benchmarks/collins_rul_cnn_2022/onnx/NN_rul_full_window_20.onnx,/home/elipregerson/nnenum/vnncomp2025_benchmarks/benchmarks/collins_rul_cnn_2022/vnnlib/monotonicity_CI_shift20_w20.vnnlib,.006152795,unsat,.693768121
collins_rul_cnn_2022,/home/elipregerson/nnenum/vnncomp2025_benchmarks/benchmarks/collins_rul_cnn_2022/onnx/NN_rul_full_window_20.onnx,/home/elipregerson/nnenum/vnncomp2025_benchmarks/benchmarks/collins_rul_cnn_2022/vnnlib/if_then_7levels_w20.vnnlib,.006115091,sat,.701975001
collins_rul_cnn_2022,/home/elipregerson/nnenum/vnncomp2025_benchmarks/benchmarks/collins_rul_cnn_2022/onnx/NN_rul_full_window_20.onnx,/home/elipregerson/nnenum/vnncomp2025_benchmarks/benchmarks/collins_rul_cnn_2022/vnnlib/if_then_9levels_w20.vnnlib,.006037607,sat,.701115745
collins_rul_cnn_2022,/home/elipregerson/nnenum/vnncomp2025_benchmarks/benchmarks/collins_rul_cnn_2022/onnx/NN_rul_full_window_40.onnx,/home/elipregerson/nnenum/vnncomp2025_benchmarks/benchmarks/collins_rul_cnn_2022/vnnlib/robustness_2perturbations_delta5_epsilon10_w40.vnnlib,.006273034,unsat,.703477927
collins_rul_cnn_2022,/home/elipregerson/nnenum/vnncomp2025_benchmarks/benchmarks/collins_rul_cnn_2022/onnx/NN_rul_full_window_40.onnx,/home/elipregerson/nnenum/vnncomp2025_benchmarks/benchmarks/collins_rul_cnn_2022/vnnlib/robustness_2perturbations_delta10_epsilon10_w40.vnnlib,.006059424,unsat,.694986580
collins_rul_cnn_2022,/home/elipregerson/nnenum/vnncomp2025_benchmarks/benchmarks/collins_rul_cnn_2022/onnx/NN_rul_full_window_40.onnx,/home/elipregerson/nnenum/vnncomp2025_benchmarks/benchmarks/collins_rul_cnn_2022/vnnlib/robustness_2perturbations_delta20_epsilon10_w40.vnnlib,.006014720,unsat,.717167980
collins_rul_cnn_2022,/home/elipregerson/nnenum/vnncomp2025_benchmarks/benchmarks/collins_rul_cnn_2022/onnx/NN_rul_full_window_40.onnx,/home/elipregerson/nnenum/vnncomp2025_benchmarks/benchmarks/collins_rul_cnn_2022/vnnlib/robustness_2perturbations_delta40_epsilon10_w40.vnnlib,.006277931,unsat,.715393884
collins_rul_cnn_2022,/home/elipregerson/nnenum/vnncomp2025_benchmarks/benchmarks/collins_rul_cnn_2022/onnx/NN_rul_full_window_40.onnx,/home/elipregerson/nnenum/vnncomp2025_benchmarks/benchmarks/collins_rul_cnn_2022/vnnlib/robustness_4perturbations_delta5_epsilon10_w40.vnnlib,.006039053,sat,.695981690
collins_rul_cnn_2022,/home/elipregerson/nnenum/vnncomp2025_benchmarks/benchmarks/collins_rul_cnn_2022/onnx/NN_rul_full_window_40.onnx,/home/elipregerson/nnenum/vnncomp2025_benchmarks/benchmarks/collins_rul_cnn_2022/vnnlib/robustness_4perturbations_delta10_epsilon10_w40.vnnlib,.006071169,sat,.712306194
collins_rul_cnn_2022,/home/elipregerson/nnenum/vnncomp2025_benchmarks/benchmarks/collins_rul_cnn_2022/onnx/NN_rul_full_window_40.onnx,/home/elipregerson/nnenum/vnncomp2025_benchmarks/benchmarks/collins_rul_cnn_2022/vnnlib/robustness_4perturbations_delta20_epsilon10_w40.vnnlib,.006109558,unsat,.712239756
collins_rul_cnn_2022,/home/elipregerson/nnenum/vnncomp2025_benchmarks/benchmarks/collins_rul_cnn_2022/onnx/NN_rul_full_window_40.onnx,/home/elipregerson/nnenum/vnncomp2025_benchmarks/benchmarks/collins_rul_cnn_2022/vnnlib/robustness_4perturbations_delta40_epsilon10_w40.vnnlib,.005973892,sat,.709429363
collins_rul_cnn_2022,/home/elipregerson/nnenum/vnncomp2025_benchmarks/benchmarks/collins_rul_cnn_2022/onnx/NN_rul_full_window_40.onnx,/home/elipregerson/nnenum/vnncomp2025_benchmarks/benchmarks/collins_rul_cnn_2022/vnnlib/robustness_8perturbations_delta5_epsilon10_w40.vnnlib,.006102550,unsat,.711359246
collins_rul_cnn_2022,/home/elipregerson/nnenum/vnncomp2025_benchmarks/benchmarks/collins_rul_cnn_2022/onnx/NN_rul_full_window_40.onnx,/home/elipregerson/nnenum/vnncomp2025_benchmarks/benchmarks/collins_rul_cnn_2022/vnnlib/robustness_8perturbations_delta10_epsilon10_w40.vnnlib,.006040653,unsat,.713102476
collins_rul_cnn_2022,/home/elipregerson/nnenum/vnncomp2025_benchmarks/benchmarks/collins_rul_cnn_2022/onnx/NN_rul_full_window_40.onnx,/home/elipregerson/nnenum/vnncomp2025_benchmarks/benchmarks/collins_rul_cnn_2022/vnnlib/robustness_8perturbations_delta20_epsilon10_w40.vnnlib,.006198382,unsat,.729773084
collins_rul_cnn_2022,/home/elipregerson/nnenum/vnncomp2025_benchmarks/benchmarks/collins_rul_cnn_2022/onnx/NN_rul_full_window_40.onnx,/home/elipregerson/nnenum/vnncomp2025_benchmarks/benchmarks/collins_rul_cnn_2022/vnnlib/robustness_8perturbations_delta40_epsilon10_w40.vnnlib,.006214315,sat,.724223064
collins_rul_cnn_2022,/home/elipregerson/nnenum/vnncomp2025_benchmarks/benchmarks/collins_rul_cnn_2022/onnx/NN_rul_full_window_40.onnx,/home/elipregerson/nnenum/vnncomp2025_benchmarks/benchmarks/collins_rul_cnn_2022/vnnlib/robustness_16perturbations_delta5_epsilon10_w40.vnnlib,.006528882,unsat,.723745803
collins_rul_cnn_2022,/home/elipregerson/nnenum/vnncomp2025_benchmarks/benchmarks/collins_rul_cnn_2022/onnx/NN_rul_full_window_40.onnx,/home/elipregerson/nnenum/vnncomp2025_benchmarks/benchmarks/collins_rul_cnn_2022/vnnlib/robustness_16perturbations_delta10_epsilon10_w40.vnnlib,.006293252,unsat,.718684874
collins_rul_cnn_2022,/home/elipregerson/nnenum/vnncomp2025_benchmarks/benchmarks/collins_rul_cnn_2022/onnx/NN_rul_full_window_40.onnx,/home/elipregerson/nnenum/vnncomp2025_benchmarks/benchmarks/collins_rul_cnn_2022/vnnlib/robustness_16perturbations_delta20_epsilon10_w40.vnnlib,.006155153,unsat,.710655543
collins_rul_cnn_2022,/home/elipregerson/nnenum/vnncomp2025_benchmarks/benchmarks/collins_rul_cnn_2022/onnx/NN_rul_full_window_40.onnx,/home/elipregerson/nnenum/vnncomp2025_benchmarks/benchmarks/collins_rul_cnn_2022/vnnlib/robustness_16perturbations_delta40_epsilon10_w40.vnnlib,.006118638,unsat,.718943995
collins_rul_cnn_2022,/home/elipregerson/nnenum/vnncomp2025_benchmarks/benchmarks/collins_rul_cnn_2022/onnx/NN_rul_full_window_40.onnx,/home/elipregerson/nnenum/vnncomp2025_benchmarks/benchmarks/collins_rul_cnn_2022/vnnlib/monotonicity_CI_shift5_w40.vnnlib,.006279283,unsat,.709025398
collins_rul_cnn_2022,/home/elipregerson/nnenum/vnncomp2025_benchmarks/benchmarks/collins_rul_cnn_2022/onnx/NN_rul_full_window_40.onnx,/home/elipregerson/nnenum/vnncomp2025_benchmarks/benchmarks/collins_rul_cnn_2022/vnnlib/monotonicity_CI_shift10_w40.vnnlib,.006095647,unsat,.700119579
collins_rul_cnn_2022,/home/elipregerson/nnenum/vnncomp2025_benchmarks/benchmarks/collins_rul_cnn_2022/onnx/NN_rul_full_window_40.onnx,/home/elipregerson/nnenum/vnncomp2025_benchmarks/benchmarks/collins_rul_cnn_2022/vnnlib/monotonicity_CI_shift20_w40.vnnlib,.006041532,unsat,.706034727
collins_rul_cnn_2022,/home/elipregerson/nnenum/vnncomp2025_benchmarks/benchmarks/test/onnx/test_nano.onnx,/home/elipregerson/nnenum/vnncomp2025_benchmarks/benchmarks/test/vnnlib/test_nano.vnnlib,.006243372,unsat,.595551500
cora_2024,/home/elipregerson/nnenum/vnncomp2025_benchmarks/benchmarks/cora_2024/./onnx/mnist-point.onnx,/home/elipregerson/nnenum/vnncomp2025_benchmarks/benchmarks/cora_2024/vnnlib/mnist-img0.vnnlib,.006071450,error_exit_code_1,.580665432
cora_2024,/home/elipregerson/nnenum/vnncomp2025_benchmarks/benchmarks/cora_2024/./onnx/mnist-trades.onnx,/home/elipregerson/nnenum/vnncomp2025_benchmarks/benchmarks/cora_2024/vnnlib/mnist-img0.vnnlib,.006163398,error_exit_code_1,.584424750
cora_2024,/home/elipregerson/nnenum/vnncomp2025_benchmarks/benchmarks/cora_2024/./onnx/mnist-set.onnx,/home/elipregerson/nnenum/vnncomp2025_benchmarks/benchmarks/cora_2024/vnnlib/mnist-img0.vnnlib,.006113432,error_exit_code_1,.587861277
cora_2024,/home/elipregerson/nnenum/vnncomp2025_benchmarks/benchmarks/cora_2024/./onnx/mnist-point.onnx,/home/elipregerson/nnenum/vnncomp2025_benchmarks/benchmarks/cora_2024/vnnlib/mnist-img1.vnnlib,.006059096,error_exit_code_1,.574049008
cora_2024,/home/elipregerson/nnenum/vnncomp2025_benchmarks/benchmarks/cora_2024/./onnx/mnist-trades.onnx,/home/elipregerson/nnenum/vnncomp2025_benchmarks/benchmarks/cora_2024/vnnlib/mnist-img1.vnnlib,.006039106,error_exit_code_1,.567617077
cora_2024,/home/elipregerson/nnenum/vnncomp2025_benchmarks/benchmarks/cora_2024/./onnx/mnist-set.onnx,/home/elipregerson/nnenum/vnncomp2025_benchmarks/benchmarks/cora_2024/vnnlib/mnist-img1.vnnlib,.006129238,error_exit_code_1,.578611322
cora_2024,/home/elipregerson/nnenum/vnncomp2025_benchmarks/benchmarks/cora_2024/./onnx/mnist-point.onnx,/home/elipregerson/nnenum/vnncomp2025_benchmarks/benchmarks/cora_2024/vnnlib/mnist-img2.vnnlib,.006162597,error_exit_code_1,.568750607
cora_2024,/home/elipregerson/nnenum/vnncomp2025_benchmarks/benchmarks/cora_2024/./onnx/mnist-trades.onnx,/home/elipregerson/nnenum/vnncomp2025_benchmarks/benchmarks/cora_2024/vnnlib/mnist-img2.vnnlib,.006041962,error_exit_code_1,.574503898
cora_2024,/home/elipregerson/nnenum/vnncomp2025_benchmarks/benchmarks/cora_2024/./onnx/mnist-set.onnx,/home/elipregerson/nnenum/vnncomp2025_benchmarks/benchmarks/cora_2024/vnnlib/mnist-img2.vnnlib,.006155247,error_exit_code_1,.574350554
cora_2024,/home/elipregerson/nnenum/vnncomp2025_benchmarks/benchmarks/cora_2024/./onnx/mnist-point.onnx,/home/elipregerson/nnenum/vnncomp2025_benchmarks/benchmarks/cora_2024/vnnlib/mnist-img3.vnnlib,.006159155,error_exit_code_1,.570925483
cora_2024,/home/elipregerson/nnenum/vnncomp2025_benchmarks/benchmarks/cora_2024/./onnx/mnist-trades.onnx,/home/elipregerson/nnenum/vnncomp2025_benchmarks/benchmarks/cora_2024/vnnlib/mnist-img3.vnnlib,.006144531,error_exit_code_1,.578410511
cora_2024,/home/elipregerson/nnenum/vnncomp2025_benchmarks/benchmarks/cora_2024/./onnx/mnist-set.onnx,/home/elipregerson/nnenum/vnncomp2025_benchmarks/benchmarks/cora_2024/vnnlib/mnist-img3.vnnlib,.006045702,error_exit_code_1,.568044187
cora_2024,/home/elipregerson/nnenum/vnncomp2025_benchmarks/benchmarks/cora_2024/./onnx/mnist-point.onnx,/home/elipregerson/nnenum/vnncomp2025_benchmarks/benchmarks/cora_2024/vnnlib/mnist-img4.vnnlib,.006125018,error_exit_code_1,.569456353
cora_2024,/home/elipregerson/nnenum/vnncomp2025_benchmarks/benchmarks/cora_2024/./onnx/mnist-trades.onnx,/home/elipregerson/nnenum/vnncomp2025_benchmarks/benchmarks/cora_2024/vnnlib/mnist-img4.vnnlib,.006081171,error_exit_code_1,.574173405
cora_2024,/home/elipregerson/nnenum/vnncomp2025_benchmarks/benchmarks/cora_2024/./onnx/mnist-set.onnx,/home/elipregerson/nnenum/vnncomp2025_benchmarks/benchmarks/cora_2024/vnnlib/mnist-img4.vnnlib,.006061489,error_exit_code_1,.572619264
cora_2024,/home/elipregerson/nnenum/vnncomp2025_benchmarks/benchmarks/cora_2024/./onnx/mnist-point.onnx,/home/elipregerson/nnenum/vnncomp2025_benchmarks/benchmarks/cora_2024/vnnlib/mnist-img5.vnnlib,.006111484,error_exit_code_1,.571469216
cora_2024,/home/elipregerson/nnenum/vnncomp2025_benchmarks/benchmarks/cora_2024/./onnx/mnist-trades.onnx,/home/elipregerson/nnenum/vnncomp2025_benchmarks/benchmarks/cora_2024/vnnlib/mnist-img5.vnnlib,.006108609,error_exit_code_1,.568624568
cora_2024,/home/elipregerson/nnenum/vnncomp2025_benchmarks/benchmarks/cora_2024/./onnx/mnist-set.onnx,/home/elipregerson/nnenum/vnncomp2025_benchmarks/benchmarks/cora_2024/vnnlib/mnist-img5.vnnlib,.006443789,error_exit_code_1,.574375626
cora_2024,/home/elipregerson/nnenum/vnncomp2025_benchmarks/benchmarks/cora_2024/./onnx/mnist-point.onnx,/home/elipregerson/nnenum/vnncomp2025_benchmarks/benchmarks/cora_2024/vnnlib/mnist-img6.vnnlib,.006243403,error_exit_code_1,.567364785
cora_2024,/home/elipregerson/nnenum/vnncomp2025_benchmarks/benchmarks/cora_2024/./onnx/mnist-trades.onnx,/home/elipregerson/nnenum/vnncomp2025_benchmarks/benchmarks/cora_2024/vnnlib/mnist-img6.vnnlib,.006110506,error_exit_code_1,.566703193
cora_2024,/home/elipregerson/nnenum/vnncomp2025_benchmarks/benchmarks/cora_2024/./onnx/mnist-set.onnx,/home/elipregerson/nnenum/vnncomp2025_benchmarks/benchmarks/cora_2024/vnnlib/mnist-img6.vnnlib,.006020990,error_exit_code_1,.566834292
cora_2024,/home/elipregerson/nnenum/vnncomp2025_benchmarks/benchmarks/cora_2024/./onnx/mnist-point.onnx,/home/elipregerson/nnenum/vnncomp2025_benchmarks/benchmarks/cora_2024/vnnlib/mnist-img7.vnnlib,.006101981,error_exit_code_1,.566188610
cora_2024,/home/elipregerson/nnenum/vnncomp2025_benchmarks/benchmarks/cora_2024/./onnx/mnist-trades.onnx,/home/elipregerson/nnenum/vnncomp2025_benchmarks/benchmarks/cora_2024/vnnlib/mnist-img7.vnnlib,.006056506,error_exit_code_1,.572948105
cora_2024,/home/elipregerson/nnenum/vnncomp2025_benchmarks/benchmarks/cora_2024/./onnx/mnist-set.onnx,/home/elipregerson/nnenum/vnncomp2025_benchmarks/benchmarks/cora_2024/vnnlib/mnist-img7.vnnlib,.006089381,error_exit_code_1,.566587675
cora_2024,/home/elipregerson/nnenum/vnncomp2025_benchmarks/benchmarks/cora_2024/./onnx/mnist-point.onnx,/home/elipregerson/nnenum/vnncomp2025_benchmarks/benchmarks/cora_2024/vnnlib/mnist-img8.vnnlib,.006253254,error_exit_code_1,.569960294
cora_2024,/home/elipregerson/nnenum/vnncomp2025_benchmarks/benchmarks/cora_2024/./onnx/mnist-trades.onnx,/home/elipregerson/nnenum/vnncomp2025_benchmarks/benchmarks/cora_2024/vnnlib/mnist-img8.vnnlib,.006059509,error_exit_code_1,.570800562
cora_2024,/home/elipregerson/nnenum/vnncomp2025_benchmarks/benchmarks/cora_2024/./onnx/mnist-set.onnx,/home/elipregerson/nnenum/vnncomp2025_benchmarks/benchmarks/cora_2024/vnnlib/mnist-img8.vnnlib,.006040348,error_exit_code_1,.566769349
cora_2024,/home/elipregerson/nnenum/vnncomp2025_benchmarks/benchmarks/cora_2024/./onnx/mnist-point.onnx,/home/elipregerson/nnenum/vnncomp2025_benchmarks/benchmarks/cora_2024/vnnlib/mnist-img9.vnnlib,.006105130,error_exit_code_1,.567079009
cora_2024,/home/elipregerson/nnenum/vnncomp2025_benchmarks/benchmarks/cora_2024/./onnx/mnist-trades.onnx,/home/elipregerson/nnenum/vnncomp2025_benchmarks/benchmarks/cora_2024/vnnlib/mnist-img9.vnnlib,.006058715,error_exit_code_1,.570814279
cora_2024,/home/elipregerson/nnenum/vnncomp2025_benchmarks/benchmarks/cora_2024/./onnx/mnist-set.onnx,/home/elipregerson/nnenum/vnncomp2025_benchmarks/benchmarks/cora_2024/vnnlib/mnist-img9.vnnlib,.005920295,error_exit_code_1,.579311614
cora_2024,/home/elipregerson/nnenum/vnncomp2025_benchmarks/benchmarks/cora_2024/./onnx/mnist-point.onnx,/home/elipregerson/nnenum/vnncomp2025_benchmarks/benchmarks/cora_2024/vnnlib/mnist-img10.vnnlib,.006168224,error_exit_code_1,.567777147
cora_2024,/home/elipregerson/nnenum/vnncomp2025_benchmarks/benchmarks/cora_2024/./onnx/mnist-trades.onnx,/home/elipregerson/nnenum/vnncomp2025_benchmarks/benchmarks/cora_2024/vnnlib/mnist-img10.vnnlib,.006143055,error_exit_code_1,.563197057
cora_2024,/home/elipregerson/nnenum/vnncomp2025_benchmarks/benchmarks/cora_2024/./onnx/mnist-set.onnx,/home/elipregerson/nnenum/vnncomp2025_benchmarks/benchmarks/cora_2024/vnnlib/mnist-img10.vnnlib,.006183142,error_exit_code_1,.581303466
cora_2024,/home/elipregerson/nnenum/vnncomp2025_benchmarks/benchmarks/cora_2024/./onnx/mnist-point.onnx,/home/elipregerson/nnenum/vnncomp2025_benchmarks/benchmarks/cora_2024/vnnlib/mnist-img11.vnnlib,.006041487,error_exit_code_1,.566974888
cora_2024,/home/elipregerson/nnenum/vnncomp2025_benchmarks/benchmarks/cora_2024/./onnx/mnist-trades.onnx,/home/elipregerson/nnenum/vnncomp2025_benchmarks/benchmarks/cora_2024/vnnlib/mnist-img11.vnnlib,.006036466,error_exit_code_1,.571253905
cora_2024,/home/elipregerson/nnenum/vnncomp2025_benchmarks/benchmarks/cora_2024/./onnx/mnist-set.onnx,/home/elipregerson/nnenum/vnncomp2025_benchmarks/benchmarks/cora_2024/vnnlib/mnist-img11.vnnlib,.006239867,error_exit_code_1,.573263222
cora_2024,/home/elipregerson/nnenum/vnncomp2025_benchmarks/benchmarks/cora_2024/./onnx/mnist-point.onnx,/home/elipregerson/nnenum/vnncomp2025_benchmarks/benchmarks/cora_2024/vnnlib/mnist-img13.vnnlib,.005873168,error_exit_code_1,.565733677
cora_2024,/home/elipregerson/nnenum/vnncomp2025_benchmarks/benchmarks/cora_2024/./onnx/mnist-trades.onnx,/home/elipregerson/nnenum/vnncomp2025_benchmarks/benchmarks/cora_2024/vnnlib/mnist-img13.vnnlib,.006245177,error_exit_code_1,.563061536
cora_2024,/home/elipregerson/nnenum/vnncomp2025_benchmarks/benchmarks/cora_2024/./onnx/mnist-set.onnx,/home/elipregerson/nnenum/vnncomp2025_benchmarks/benchmarks/cora_2024/vnnlib/mnist-img13.vnnlib,.006017855,error_exit_code_1,.565220209
cora_2024,/home/elipregerson/nnenum/vnncomp2025_benchmarks/benchmarks/cora_2024/./onnx/mnist-point.onnx,/home/elipregerson/nnenum/vnncomp2025_benchmarks/benchmarks/cora_2024/vnnlib/mnist-img14.vnnlib,.006086375,error_exit_code_1,.572471078
cora_2024,/home/elipregerson/nnenum/vnncomp2025_benchmarks/benchmarks/cora_2024/./onnx/mnist-trades.onnx,/home/elipregerson/nnenum/vnncomp2025_benchmarks/benchmarks/cora_2024/vnnlib/mnist-img14.vnnlib,.006123205,error_exit_code_1,.565778001
cora_2024,/home/elipregerson/nnenum/vnncomp2025_benchmarks/benchmarks/cora_2024/./onnx/mnist-set.onnx,/home/elipregerson/nnenum/vnncomp2025_benchmarks/benchmarks/cora_2024/vnnlib/mnist-img14.vnnlib,.005997233,error_exit_code_1,.566641655
cora_2024,/home/elipregerson/nnenum/vnncomp2025_benchmarks/benchmarks/cora_2024/./onnx/mnist-point.onnx,/home/elipregerson/nnenum/vnncomp2025_benchmarks/benchmarks/cora_2024/vnnlib/mnist-img15.vnnlib,.006155695,error_exit_code_1,.568859913
cora_2024,/home/elipregerson/nnenum/vnncomp2025_benchmarks/benchmarks/cora_2024/./onnx/mnist-trades.onnx,/home/elipregerson/nnenum/vnncomp2025_benchmarks/benchmarks/cora_2024/vnnlib/mnist-img15.vnnlib,.006130975,error_exit_code_1,.571498770
cora_2024,/home/elipregerson/nnenum/vnncomp2025_benchmarks/benchmarks/cora_2024/./onnx/mnist-set.onnx,/home/elipregerson/nnenum/vnncomp2025_benchmarks/benchmarks/cora_2024/vnnlib/mnist-img15.vnnlib,.006120212,error_exit_code_1,.573176135
cora_2024,/home/elipregerson/nnenum/vnncomp2025_benchmarks/benchmarks/cora_2024/./onnx/mnist-point.onnx,/home/elipregerson/nnenum/vnncomp2025_benchmarks/benchmarks/cora_2024/vnnlib/mnist-img16.vnnlib,.006143504,error_exit_code_1,.564237804
cora_2024,/home/elipregerson/nnenum/vnncomp2025_benchmarks/benchmarks/cora_2024/./onnx/mnist-trades.onnx,/home/elipregerson/nnenum/vnncomp2025_benchmarks/benchmarks/cora_2024/vnnlib/mnist-img16.vnnlib,.006050623,error_exit_code_1,.564533791
cora_2024,/home/elipregerson/nnenum/vnncomp2025_benchmarks/benchmarks/cora_2024/./onnx/mnist-set.onnx,/home/elipregerson/nnenum/vnncomp2025_benchmarks/benchmarks/cora_2024/vnnlib/mnist-img16.vnnlib,.006005571,error_exit_code_1,.568098787
cora_2024,/home/elipregerson/nnenum/vnncomp2025_benchmarks/benchmarks/cora_2024/./onnx/mnist-point.onnx,/home/elipregerson/nnenum/vnncomp2025_benchmarks/benchmarks/cora_2024/vnnlib/mnist-img17.vnnlib,.006061404,error_exit_code_1,.565162406
cora_2024,/home/elipregerson/nnenum/vnncomp2025_benchmarks/benchmarks/cora_2024/./onnx/mnist-trades.onnx,/home/elipregerson/nnenum/vnncomp2025_benchmarks/benchmarks/cora_2024/vnnlib/mnist-img17.vnnlib,.006124590,error_exit_code_1,.568530132
cora_2024,/home/elipregerson/nnenum/vnncomp2025_benchmarks/benchmarks/cora_2024/./onnx/mnist-set.onnx,/home/elipregerson/nnenum/vnncomp2025_benchmarks/benchmarks/cora_2024/vnnlib/mnist-img17.vnnlib,.006131060,error_exit_code_1,.569330205
cora_2024,/home/elipregerson/nnenum/vnncomp2025_benchmarks/benchmarks/cora_2024/./onnx/mnist-point.onnx,/home/elipregerson/nnenum/vnncomp2025_benchmarks/benchmarks/cora_2024/vnnlib/mnist-img18.vnnlib,.006039049,error_exit_code_1,.564468744
cora_2024,/home/elipregerson/nnenum/vnncomp2025_benchmarks/benchmarks/cora_2024/./onnx/mnist-trades.onnx,/home/elipregerson/nnenum/vnncomp2025_benchmarks/benchmarks/cora_2024/vnnlib/mnist-img18.vnnlib,.006023020,error_exit_code_1,.563071386
cora_2024,/home/elipregerson/nnenum/vnncomp2025_benchmarks/benchmarks/cora_2024/./onnx/mnist-set.onnx,/home/elipregerson/nnenum/vnncomp2025_benchmarks/benchmarks/cora_2024/vnnlib/mnist-img18.vnnlib,.006038312,error_exit_code_1,.579388272
cora_2024,/home/elipregerson/nnenum/vnncomp2025_benchmarks/benchmarks/cora_2024/./onnx/mnist-point.onnx,/home/elipregerson/nnenum/vnncomp2025_benchmarks/benchmarks/cora_2024/vnnlib/mnist-img19.vnnlib,.006199362,error_exit_code_1,.570158616
cora_2024,/home/elipregerson/nnenum/vnncomp2025_benchmarks/benchmarks/cora_2024/./onnx/mnist-trades.onnx,/home/elipregerson/nnenum/vnncomp2025_benchmarks/benchmarks/cora_2024/vnnlib/mnist-img19.vnnlib,.006103763,error_exit_code_1,.571627800
cora_2024,/home/elipregerson/nnenum/vnncomp2025_benchmarks/benchmarks/cora_2024/./onnx/mnist-set.onnx,/home/elipregerson/nnenum/vnncomp2025_benchmarks/benchmarks/cora_2024/vnnlib/mnist-img19.vnnlib,.006242409,error_exit_code_1,.573218962
cora_2024,/home/elipregerson/nnenum/vnncomp2025_benchmarks/benchmarks/cora_2024/./onnx/mnist-point.onnx,/home/elipregerson/nnenum/vnncomp2025_benchmarks/benchmarks/cora_2024/vnnlib/mnist-img20.vnnlib,.006082591,error_exit_code_1,.568471991
cora_2024,/home/elipregerson/nnenum/vnncomp2025_benchmarks/benchmarks/cora_2024/./onnx/mnist-trades.onnx,/home/elipregerson/nnenum/vnncomp2025_benchmarks/benchmarks/cora_2024/vnnlib/mnist-img20.vnnlib,.006176179,error_exit_code_1,.573672647
cora_2024,/home/elipregerson/nnenum/vnncomp2025_benchmarks/benchmarks/cora_2024/./onnx/mnist-set.onnx,/home/elipregerson/nnenum/vnncomp2025_benchmarks/benchmarks/cora_2024/vnnlib/mnist-img20.vnnlib,.006136116,error_exit_code_1,.566091575
cora_2024,/home/elipregerson/nnenum/vnncomp2025_benchmarks/benchmarks/cora_2024/./onnx/svhn-point.onnx,/home/elipregerson/nnenum/vnncomp2025_benchmarks/benchmarks/cora_2024/vnnlib/svhn-img14.vnnlib,.006174191,error_exit_code_1,1.088906689
cora_2024,/home/elipregerson/nnenum/vnncomp2025_benchmarks/benchmarks/cora_2024/./onnx/svhn-trades.onnx,/home/elipregerson/nnenum/vnncomp2025_benchmarks/benchmarks/cora_2024/vnnlib/svhn-img14.vnnlib,.006012983,error_exit_code_1,1.077505474
cora_2024,/home/elipregerson/nnenum/vnncomp2025_benchmarks/benchmarks/cora_2024/./onnx/svhn-set.onnx,/home/elipregerson/nnenum/vnncomp2025_benchmarks/benchmarks/cora_2024/vnnlib/svhn-img14.vnnlib,.006052969,error_exit_code_1,1.093183020
cora_2024,/home/elipregerson/nnenum/vnncomp2025_benchmarks/benchmarks/cora_2024/./onnx/svhn-point.onnx,/home/elipregerson/nnenum/vnncomp2025_benchmarks/benchmarks/cora_2024/vnnlib/svhn-img130.vnnlib,.006088135,error_exit_code_1,1.060882653
cora_2024,/home/elipregerson/nnenum/vnncomp2025_benchmarks/benchmarks/cora_2024/./onnx/svhn-trades.onnx,/home/elipregerson/nnenum/vnncomp2025_benchmarks/benchmarks/cora_2024/vnnlib/svhn-img130.vnnlib,.006205023,error_exit_code_1,1.080447054
cora_2024,/home/elipregerson/nnenum/vnncomp2025_benchmarks/benchmarks/cora_2024/./onnx/svhn-set.onnx,/home/elipregerson/nnenum/vnncomp2025_benchmarks/benchmarks/cora_2024/vnnlib/svhn-img130.vnnlib,.005909391,error_exit_code_1,1.092461757
cora_2024,/home/elipregerson/nnenum/vnncomp2025_benchmarks/benchmarks/cora_2024/./onnx/svhn-point.onnx,/home/elipregerson/nnenum/vnncomp2025_benchmarks/benchmarks/cora_2024/vnnlib/svhn-img137.vnnlib,.006080494,error_exit_code_1,1.077392038
cora_2024,/home/elipregerson/nnenum/vnncomp2025_benchmarks/benchmarks/cora_2024/./onnx/svhn-trades.onnx,/home/elipregerson/nnenum/vnncomp2025_benchmarks/benchmarks/cora_2024/vnnlib/svhn-img137.vnnlib,.006146890,error_exit_code_1,1.068286056
cora_2024,/home/elipregerson/nnenum/vnncomp2025_benchmarks/benchmarks/cora_2024/./onnx/svhn-set.onnx,/home/elipregerson/nnenum/vnncomp2025_benchmarks/benchmarks/cora_2024/vnnlib/svhn-img137.vnnlib,.006066833,error_exit_code_1,1.090908732
cora_2024,/home/elipregerson/nnenum/vnncomp2025_benchmarks/benchmarks/cora_2024/./onnx/svhn-point.onnx,/home/elipregerson/nnenum/vnncomp2025_benchmarks/benchmarks/cora_2024/vnnlib/svhn-img153.vnnlib,.006053088,error_exit_code_1,1.082841020
cora_2024,/home/elipregerson/nnenum/vnncomp2025_benchmarks/benchmarks/cora_2024/./onnx/svhn-trades.onnx,/home/elipregerson/nnenum/vnncomp2025_benchmarks/benchmarks/cora_2024/vnnlib/svhn-img153.vnnlib,.006101003,error_exit_code_1,1.073624696
cora_2024,/home/elipregerson/nnenum/vnncomp2025_benchmarks/benchmarks/cora_2024/./onnx/svhn-set.onnx,/home/elipregerson/nnenum/vnncomp2025_benchmarks/benchmarks/cora_2024/vnnlib/svhn-img153.vnnlib,.006144153,error_exit_code_1,1.088321639
cora_2024,/home/elipregerson/nnenum/vnncomp2025_benchmarks/benchmarks/cora_2024/./onnx/svhn-point.onnx,/home/elipregerson/nnenum/vnncomp2025_benchmarks/benchmarks/cora_2024/vnnlib/svhn-img164.vnnlib,.006138932,error_exit_code_1,1.166335104
cora_2024,/home/elipregerson/nnenum/vnncomp2025_benchmarks/benchmarks/cora_2024/./onnx/svhn-trades.onnx,/home/elipregerson/nnenum/vnncomp2025_benchmarks/benchmarks/cora_2024/vnnlib/svhn-img164.vnnlib,.005985343,error_exit_code_1,1.064552439
cora_2024,/home/elipregerson/nnenum/vnncomp2025_benchmarks/benchmarks/cora_2024/./onnx/svhn-set.onnx,/home/elipregerson/nnenum/vnncomp2025_benchmarks/benchmarks/cora_2024/vnnlib/svhn-img164.vnnlib,.006346574,error_exit_code_1,1.077768473
cora_2024,/home/elipregerson/nnenum/vnncomp2025_benchmarks/benchmarks/cora_2024/./onnx/svhn-point.onnx,/home/elipregerson/nnenum/vnncomp2025_benchmarks/benchmarks/cora_2024/vnnlib/svhn-img182.vnnlib,.005958440,error_exit_code_1,1.075812266
cora_2024,/home/elipregerson/nnenum/vnncomp2025_benchmarks/benchmarks/cora_2024/./onnx/svhn-trades.onnx,/home/elipregerson/nnenum/vnncomp2025_benchmarks/benchmarks/cora_2024/vnnlib/svhn-img182.vnnlib,.006272522,error_exit_code_1,1.113160938
cora_2024,/home/elipregerson/nnenum/vnncomp2025_benchmarks/benchmarks/cora_2024/./onnx/svhn-set.onnx,/home/elipregerson/nnenum/vnncomp2025_benchmarks/benchmarks/cora_2024/vnnlib/svhn-img182.vnnlib,.006170087,error_exit_code_1,1.091471123
cora_2024,/home/elipregerson/nnenum/vnncomp2025_benchmarks/benchmarks/cora_2024/./onnx/svhn-point.onnx,/home/elipregerson/nnenum/vnncomp2025_benchmarks/benchmarks/cora_2024/vnnlib/svhn-img225.vnnlib,.006174379,error_exit_code_1,1.092188961
cora_2024,/home/elipregerson/nnenum/vnncomp2025_benchmarks/benchmarks/cora_2024/./onnx/svhn-trades.onnx,/home/elipregerson/nnenum/vnncomp2025_benchmarks/benchmarks/cora_2024/vnnlib/svhn-img225.vnnlib,.006099397,error_exit_code_1,1.066433467
cora_2024,/home/elipregerson/nnenum/vnncomp2025_benchmarks/benchmarks/cora_2024/./onnx/svhn-set.onnx,/home/elipregerson/nnenum/vnncomp2025_benchmarks/benchmarks/cora_2024/vnnlib/svhn-img225.vnnlib,.006173907,error_exit_code_1,1.087356706
cora_2024,/home/elipregerson/nnenum/vnncomp2025_benchmarks/benchmarks/cora_2024/./onnx/svhn-point.onnx,/home/elipregerson/nnenum/vnncomp2025_benchmarks/benchmarks/cora_2024/vnnlib/svhn-img263.vnnlib,.006171824,error_exit_code_1,1.064685044
cora_2024,/home/elipregerson/nnenum/vnncomp2025_benchmarks/benchmarks/cora_2024/./onnx/svhn-trades.onnx,/home/elipregerson/nnenum/vnncomp2025_benchmarks/benchmarks/cora_2024/vnnlib/svhn-img263.vnnlib,.006106107,error_exit_code_1,1.071930804
cora_2024,/home/elipregerson/nnenum/vnncomp2025_benchmarks/benchmarks/cora_2024/./onnx/svhn-set.onnx,/home/elipregerson/nnenum/vnncomp2025_benchmarks/benchmarks/cora_2024/vnnlib/svhn-img263.vnnlib,.006025739,error_exit_code_1,1.100791538
cora_2024,/home/elipregerson/nnenum/vnncomp2025_benchmarks/benchmarks/cora_2024/./onnx/svhn-point.onnx,/home/elipregerson/nnenum/vnncomp2025_benchmarks/benchmarks/cora_2024/vnnlib/svhn-img279.vnnlib,.006050169,error_exit_code_1,1.065428535
cora_2024,/home/elipregerson/nnenum/vnncomp2025_benchmarks/benchmarks/cora_2024/./onnx/svhn-trades.onnx,/home/elipregerson/nnenum/vnncomp2025_benchmarks/benchmarks/cora_2024/vnnlib/svhn-img279.vnnlib,.006070515,error_exit_code_1,1.070366670
cora_2024,/home/elipregerson/nnenum/vnncomp2025_benchmarks/benchmarks/cora_2024/./onnx/svhn-set.onnx,/home/elipregerson/nnenum/vnncomp2025_benchmarks/benchmarks/cora_2024/vnnlib/svhn-img279.vnnlib,.005995847,error_exit_code_1,1.092611692
cora_2024,/home/elipregerson/nnenum/vnncomp2025_benchmarks/benchmarks/cora_2024/./onnx/svhn-point.onnx,/home/elipregerson/nnenum/vnncomp2025_benchmarks/benchmarks/cora_2024/vnnlib/svhn-img289.vnnlib,.006173384,error_exit_code_1,1.071231172
cora_2024,/home/elipregerson/nnenum/vnncomp2025_benchmarks/benchmarks/cora_2024/./onnx/svhn-trades.onnx,/home/elipregerson/nnenum/vnncomp2025_benchmarks/benchmarks/cora_2024/vnnlib/svhn-img289.vnnlib,.012107487,error_exit_code_1,1.079503782
cora_2024,/home/elipregerson/nnenum/vnncomp2025_benchmarks/benchmarks/cora_2024/./onnx/svhn-set.onnx,/home/elipregerson/nnenum/vnncomp2025_benchmarks/benchmarks/cora_2024/vnnlib/svhn-img289.vnnlib,.006059341,error_exit_code_1,1.088730945
cora_2024,/home/elipregerson/nnenum/vnncomp2025_benchmarks/benchmarks/cora_2024/./onnx/svhn-point.onnx,/home/elipregerson/nnenum/vnncomp2025_benchmarks/benchmarks/cora_2024/vnnlib/svhn-img337.vnnlib,.006130900,error_exit_code_1,1.071984251
cora_2024,/home/elipregerson/nnenum/vnncomp2025_benchmarks/benchmarks/cora_2024/./onnx/svhn-trades.onnx,/home/elipregerson/nnenum/vnncomp2025_benchmarks/benchmarks/cora_2024/vnnlib/svhn-img337.vnnlib,.006032460,error_exit_code_1,1.077769634
cora_2024,/home/elipregerson/nnenum/vnncomp2025_benchmarks/benchmarks/cora_2024/./onnx/svhn-set.onnx,/home/elipregerson/nnenum/vnncomp2025_benchmarks/benchmarks/cora_2024/vnnlib/svhn-img337.vnnlib,.006237160,error_exit_code_1,1.081109654
cora_2024,/home/elipregerson/nnenum/vnncomp2025_benchmarks/benchmarks/cora_2024/./onnx/svhn-point.onnx,/home/elipregerson/nnenum/vnncomp2025_benchmarks/benchmarks/cora_2024/vnnlib/svhn-img349.vnnlib,.006034700,error_exit_code_1,1.087805740
cora_2024,/home/elipregerson/nnenum/vnncomp2025_benchmarks/benchmarks/cora_2024/./onnx/svhn-trades.onnx,/home/elipregerson/nnenum/vnncomp2025_benchmarks/benchmarks/cora_2024/vnnlib/svhn-img349.vnnlib,.006145916,error_exit_code_1,1.076627524
cora_2024,/home/elipregerson/nnenum/vnncomp2025_benchmarks/benchmarks/cora_2024/./onnx/svhn-set.onnx,/home/elipregerson/nnenum/vnncomp2025_benchmarks/benchmarks/cora_2024/vnnlib/svhn-img349.vnnlib,.006244184,error_exit_code_1,1.096100118
cora_2024,/home/elipregerson/nnenum/vnncomp2025_benchmarks/benchmarks/cora_2024/./onnx/svhn-point.onnx,/home/elipregerson/nnenum/vnncomp2025_benchmarks/benchmarks/cora_2024/vnnlib/svhn-img530.vnnlib,.006050636,error_exit_code_1,1.082080392
cora_2024,/home/elipregerson/nnenum/vnncomp2025_benchmarks/benchmarks/cora_2024/./onnx/svhn-trades.onnx,/home/elipregerson/nnenum/vnncomp2025_benchmarks/benchmarks/cora_2024/vnnlib/svhn-img530.vnnlib,.006124299,error_exit_code_1,1.076398006
cora_2024,/home/elipregerson/nnenum/vnncomp2025_benchmarks/benchmarks/cora_2024/./onnx/svhn-set.onnx,/home/elipregerson/nnenum/vnncomp2025_benchmarks/benchmarks/cora_2024/vnnlib/svhn-img530.vnnlib,.006303875,error_exit_code_1,1.066869943
cora_2024,/home/elipregerson/nnenum/vnncomp2025_benchmarks/benchmarks/cora_2024/./onnx/svhn-point.onnx,/home/elipregerson/nnenum/vnncomp2025_benchmarks/benchmarks/cora_2024/vnnlib/svhn-img601.vnnlib,.006172159,error_exit_code_1,1.075360025
cora_2024,/home/elipregerson/nnenum/vnncomp2025_benchmarks/benchmarks/cora_2024/./onnx/svhn-trades.onnx,/home/elipregerson/nnenum/vnncomp2025_benchmarks/benchmarks/cora_2024/vnnlib/svhn-img601.vnnlib,.006127590,error_exit_code_1,1.065082882
cora_2024,/home/elipregerson/nnenum/vnncomp2025_benchmarks/benchmarks/cora_2024/./onnx/svhn-set.onnx,/home/elipregerson/nnenum/vnncomp2025_benchmarks/benchmarks/cora_2024/vnnlib/svhn-img601.vnnlib,.006129587,error_exit_code_1,1.084015140
cora_2024,/home/elipregerson/nnenum/vnncomp2025_benchmarks/benchmarks/cora_2024/./onnx/svhn-point.onnx,/home/elipregerson/nnenum/vnncomp2025_benchmarks/benchmarks/cora_2024/vnnlib/svhn-img637.vnnlib,.005964694,error_exit_code_1,1.130803245
cora_2024,/home/elipregerson/nnenum/vnncomp2025_benchmarks/benchmarks/cora_2024/./onnx/svhn-trades.onnx,/home/elipregerson/nnenum/vnncomp2025_benchmarks/benchmarks/cora_2024/vnnlib/svhn-img637.vnnlib,.006665269,error_exit_code_1,1.081381344
cora_2024,/home/elipregerson/nnenum/vnncomp2025_benchmarks/benchmarks/cora_2024/./onnx/svhn-set.onnx,/home/elipregerson/nnenum/vnncomp2025_benchmarks/benchmarks/cora_2024/vnnlib/svhn-img637.vnnlib,.006027955,error_exit_code_1,1.096425037
cora_2024,/home/elipregerson/nnenum/vnncomp2025_benchmarks/benchmarks/cora_2024/./onnx/svhn-point.onnx,/home/elipregerson/nnenum/vnncomp2025_benchmarks/benchmarks/cora_2024/vnnlib/svhn-img692.vnnlib,.005991309,error_exit_code_1,1.080411104
cora_2024,/home/elipregerson/nnenum/vnncomp2025_benchmarks/benchmarks/cora_2024/./onnx/svhn-trades.onnx,/home/elipregerson/nnenum/vnncomp2025_benchmarks/benchmarks/cora_2024/vnnlib/svhn-img692.vnnlib,.006033979,error_exit_code_1,1.090367561
cora_2024,/home/elipregerson/nnenum/vnncomp2025_benchmarks/benchmarks/cora_2024/./onnx/svhn-set.onnx,/home/elipregerson/nnenum/vnncomp2025_benchmarks/benchmarks/cora_2024/vnnlib/svhn-img692.vnnlib,.006100055,error_exit_code_1,1.089434117
cora_2024,/home/elipregerson/nnenum/vnncomp2025_benchmarks/benchmarks/cora_2024/./onnx/svhn-point.onnx,/home/elipregerson/nnenum/vnncomp2025_benchmarks/benchmarks/cora_2024/vnnlib/svhn-img718.vnnlib,.006128188,error_exit_code_1,1.084453876
cora_2024,/home/elipregerson/nnenum/vnncomp2025_benchmarks/benchmarks/cora_2024/./onnx/svhn-trades.onnx,/home/elipregerson/nnenum/vnncomp2025_benchmarks/benchmarks/cora_2024/vnnlib/svhn-img718.vnnlib,.006500412,error_exit_code_1,1.085018981
cora_2024,/home/elipregerson/nnenum/vnncomp2025_benchmarks/benchmarks/cora_2024/./onnx/svhn-set.onnx,/home/elipregerson/nnenum/vnncomp2025_benchmarks/benchmarks/cora_2024/vnnlib/svhn-img718.vnnlib,.005975347,error_exit_code_1,1.091898444
cora_2024,/home/elipregerson/nnenum/vnncomp2025_benchmarks/benchmarks/cora_2024/./onnx/svhn-point.onnx,/home/elipregerson/nnenum/vnncomp2025_benchmarks/benchmarks/cora_2024/vnnlib/svhn-img735.vnnlib,.006114476,error_exit_code_1,1.093934328
cora_2024,/home/elipregerson/nnenum/vnncomp2025_benchmarks/benchmarks/cora_2024/./onnx/svhn-trades.onnx,/home/elipregerson/nnenum/vnncomp2025_benchmarks/benchmarks/cora_2024/vnnlib/svhn-img735.vnnlib,.006063119,error_exit_code_1,1.071070594
cora_2024,/home/elipregerson/nnenum/vnncomp2025_benchmarks/benchmarks/cora_2024/./onnx/svhn-set.onnx,/home/elipregerson/nnenum/vnncomp2025_benchmarks/benchmarks/cora_2024/vnnlib/svhn-img735.vnnlib,.005945684,error_exit_code_1,1.094451884
cora_2024,/home/elipregerson/nnenum/vnncomp2025_benchmarks/benchmarks/cora_2024/./onnx/svhn-point.onnx,/home/elipregerson/nnenum/vnncomp2025_benchmarks/benchmarks/cora_2024/vnnlib/svhn-img745.vnnlib,.006596616,error_exit_code_1,1.073650865
cora_2024,/home/elipregerson/nnenum/vnncomp2025_benchmarks/benchmarks/cora_2024/./onnx/svhn-trades.onnx,/home/elipregerson/nnenum/vnncomp2025_benchmarks/benchmarks/cora_2024/vnnlib/svhn-img745.vnnlib,.006031595,error_exit_code_1,1.092583548
cora_2024,/home/elipregerson/nnenum/vnncomp2025_benchmarks/benchmarks/cora_2024/./onnx/svhn-set.onnx,/home/elipregerson/nnenum/vnncomp2025_benchmarks/benchmarks/cora_2024/vnnlib/svhn-img745.vnnlib,.005931682,error_exit_code_1,1.108829866
cora_2024,/home/elipregerson/nnenum/vnncomp2025_benchmarks/benchmarks/cora_2024/./onnx/svhn-point.onnx,/home/elipregerson/nnenum/vnncomp2025_benchmarks/benchmarks/cora_2024/vnnlib/svhn-img760.vnnlib,.006031958,error_exit_code_1,1.087888056
cora_2024,/home/elipregerson/nnenum/vnncomp2025_benchmarks/benchmarks/cora_2024/./onnx/svhn-trades.onnx,/home/elipregerson/nnenum/vnncomp2025_benchmarks/benchmarks/cora_2024/vnnlib/svhn-img760.vnnlib,.006105917,error_exit_code_1,1.077006480
cora_2024,/home/elipregerson/nnenum/vnncomp2025_benchmarks/benchmarks/cora_2024/./onnx/svhn-set.onnx,/home/elipregerson/nnenum/vnncomp2025_benchmarks/benchmarks/cora_2024/vnnlib/svhn-img760.vnnlib,.010174248,error_exit_code_1,1.093171397
cora_2024,/home/elipregerson/nnenum/vnncomp2025_benchmarks/benchmarks/cora_2024/./onnx/cifar10-point.onnx,/home/elipregerson/nnenum/vnncomp2025_benchmarks/benchmarks/cora_2024/vnnlib/cifar10-img66.vnnlib,.006527646,error_exit_code_1,1.108540153
cora_2024,/home/elipregerson/nnenum/vnncomp2025_benchmarks/benchmarks/cora_2024/./onnx/cifar10-trades.onnx,/home/elipregerson/nnenum/vnncomp2025_benchmarks/benchmarks/cora_2024/vnnlib/cifar10-img66.vnnlib,.006954637,error_exit_code_1,1.117998967
cora_2024,/home/elipregerson/nnenum/vnncomp2025_benchmarks/benchmarks/cora_2024/./onnx/cifar10-set.onnx,/home/elipregerson/nnenum/vnncomp2025_benchmarks/benchmarks/cora_2024/vnnlib/cifar10-img66.vnnlib,.006026038,error_exit_code_1,1.087903617
cora_2024,/home/elipregerson/nnenum/vnncomp2025_benchmarks/benchmarks/cora_2024/./onnx/cifar10-point.onnx,/home/elipregerson/nnenum/vnncomp2025_benchmarks/benchmarks/cora_2024/vnnlib/cifar10-img77.vnnlib,.006062734,error_exit_code_1,1.093030093
cora_2024,/home/elipregerson/nnenum/vnncomp2025_benchmarks/benchmarks/cora_2024/./onnx/cifar10-trades.onnx,/home/elipregerson/nnenum/vnncomp2025_benchmarks/benchmarks/cora_2024/vnnlib/cifar10-img77.vnnlib,.006081535,error_exit_code_1,1.094473021
cora_2024,/home/elipregerson/nnenum/vnncomp2025_benchmarks/benchmarks/cora_2024/./onnx/cifar10-set.onnx,/home/elipregerson/nnenum/vnncomp2025_benchmarks/benchmarks/cora_2024/vnnlib/cifar10-img77.vnnlib,.006028401,error_exit_code_1,1.092533259
cora_2024,/home/elipregerson/nnenum/vnncomp2025_benchmarks/benchmarks/cora_2024/./onnx/cifar10-point.onnx,/home/elipregerson/nnenum/vnncomp2025_benchmarks/benchmarks/cora_2024/vnnlib/cifar10-img96.vnnlib,.007617531,error_exit_code_1,1.095684246
cora_2024,/home/elipregerson/nnenum/vnncomp2025_benchmarks/benchmarks/cora_2024/./onnx/cifar10-trades.onnx,/home/elipregerson/nnenum/vnncomp2025_benchmarks/benchmarks/cora_2024/vnnlib/cifar10-img96.vnnlib,.006041034,error_exit_code_1,1.065789831
cora_2024,/home/elipregerson/nnenum/vnncomp2025_benchmarks/benchmarks/cora_2024/./onnx/cifar10-set.onnx,/home/elipregerson/nnenum/vnncomp2025_benchmarks/benchmarks/cora_2024/vnnlib/cifar10-img96.vnnlib,.005971221,error_exit_code_1,1.078308644
cora_2024,/home/elipregerson/nnenum/vnncomp2025_benchmarks/benchmarks/cora_2024/./onnx/cifar10-point.onnx,/home/elipregerson/nnenum/vnncomp2025_benchmarks/benchmarks/cora_2024/vnnlib/cifar10-img100.vnnlib,.006005455,error_exit_code_1,1.124128859
cora_2024,/home/elipregerson/nnenum/vnncomp2025_benchmarks/benchmarks/cora_2024/./onnx/cifar10-trades.onnx,/home/elipregerson/nnenum/vnncomp2025_benchmarks/benchmarks/cora_2024/vnnlib/cifar10-img100.vnnlib,.005942597,error_exit_code_1,1.071421728
cora_2024,/home/elipregerson/nnenum/vnncomp2025_benchmarks/benchmarks/cora_2024/./onnx/cifar10-set.onnx,/home/elipregerson/nnenum/vnncomp2025_benchmarks/benchmarks/cora_2024/vnnlib/cifar10-img100.vnnlib,.006150377,error_exit_code_1,1.104000901
cora_2024,/home/elipregerson/nnenum/vnncomp2025_benchmarks/benchmarks/cora_2024/./onnx/cifar10-point.onnx,/home/elipregerson/nnenum/vnncomp2025_benchmarks/benchmarks/cora_2024/vnnlib/cifar10-img126.vnnlib,.006251783,error_exit_code_1,1.103038717
cora_2024,/home/elipregerson/nnenum/vnncomp2025_benchmarks/benchmarks/cora_2024/./onnx/cifar10-trades.onnx,/home/elipregerson/nnenum/vnncomp2025_benchmarks/benchmarks/cora_2024/vnnlib/cifar10-img126.vnnlib,.006112133,error_exit_code_1,1.098605608
cora_2024,/home/elipregerson/nnenum/vnncomp2025_benchmarks/benchmarks/cora_2024/./onnx/cifar10-set.onnx,/home/elipregerson/nnenum/vnncomp2025_benchmarks/benchmarks/cora_2024/vnnlib/cifar10-img126.vnnlib,.006107037,error_exit_code_1,1.085046767
cora_2024,/home/elipregerson/nnenum/vnncomp2025_benchmarks/benchmarks/cora_2024/./onnx/cifar10-point.onnx,/home/elipregerson/nnenum/vnncomp2025_benchmarks/benchmarks/cora_2024/vnnlib/cifar10-img135.vnnlib,.006067152,error_exit_code_1,1.072766937
cora_2024,/home/elipregerson/nnenum/vnncomp2025_benchmarks/benchmarks/cora_2024/./onnx/cifar10-trades.onnx,/home/elipregerson/nnenum/vnncomp2025_benchmarks/benchmarks/cora_2024/vnnlib/cifar10-img135.vnnlib,.006054307,error_exit_code_1,1.093418932
cora_2024,/home/elipregerson/nnenum/vnncomp2025_benchmarks/benchmarks/cora_2024/./onnx/cifar10-set.onnx,/home/elipregerson/nnenum/vnncomp2025_benchmarks/benchmarks/cora_2024/vnnlib/cifar10-img135.vnnlib,.006014803,error_exit_code_1,1.097319112
cora_2024,/home/elipregerson/nnenum/vnncomp2025_benchmarks/benchmarks/cora_2024/./onnx/cifar10-point.onnx,/home/elipregerson/nnenum/vnncomp2025_benchmarks/benchmarks/cora_2024/vnnlib/cifar10-img160.vnnlib,.006235779,error_exit_code_1,1.071621234
cora_2024,/home/elipregerson/nnenum/vnncomp2025_benchmarks/benchmarks/cora_2024/./onnx/cifar10-trades.onnx,/home/elipregerson/nnenum/vnncomp2025_benchmarks/benchmarks/cora_2024/vnnlib/cifar10-img160.vnnlib,.006219561,error_exit_code_1,1.104517082
cora_2024,/home/elipregerson/nnenum/vnncomp2025_benchmarks/benchmarks/cora_2024/./onnx/cifar10-set.onnx,/home/elipregerson/nnenum/vnncomp2025_benchmarks/benchmarks/cora_2024/vnnlib/cifar10-img160.vnnlib,.006048237,error_exit_code_1,1.071200919
cora_2024,/home/elipregerson/nnenum/vnncomp2025_benchmarks/benchmarks/cora_2024/./onnx/cifar10-point.onnx,/home/elipregerson/nnenum/vnncomp2025_benchmarks/benchmarks/cora_2024/vnnlib/cifar10-img166.vnnlib,.006007825,error_exit_code_1,1.065800935
cora_2024,/home/elipregerson/nnenum/vnncomp2025_benchmarks/benchmarks/cora_2024/./onnx/cifar10-trades.onnx,/home/elipregerson/nnenum/vnncomp2025_benchmarks/benchmarks/cora_2024/vnnlib/cifar10-img166.vnnlib,.007075244,error_exit_code_1,1.085771581
cora_2024,/home/elipregerson/nnenum/vnncomp2025_benchmarks/benchmarks/cora_2024/./onnx/cifar10-set.onnx,/home/elipregerson/nnenum/vnncomp2025_benchmarks/benchmarks/cora_2024/vnnlib/cifar10-img166.vnnlib,.006113476,error_exit_code_1,1.081355662
cora_2024,/home/elipregerson/nnenum/vnncomp2025_benchmarks/benchmarks/cora_2024/./onnx/cifar10-point.onnx,/home/elipregerson/nnenum/vnncomp2025_benchmarks/benchmarks/cora_2024/vnnlib/cifar10-img206.vnnlib,.005915915,error_exit_code_1,1.067946570
cora_2024,/home/elipregerson/nnenum/vnncomp2025_benchmarks/benchmarks/cora_2024/./onnx/cifar10-trades.onnx,/home/elipregerson/nnenum/vnncomp2025_benchmarks/benchmarks/cora_2024/vnnlib/cifar10-img206.vnnlib,.006038733,error_exit_code_1,1.096261758
cora_2024,/home/elipregerson/nnenum/vnncomp2025_benchmarks/benchmarks/cora_2024/./onnx/cifar10-set.onnx,/home/elipregerson/nnenum/vnncomp2025_benchmarks/benchmarks/cora_2024/vnnlib/cifar10-img206.vnnlib,.006181202,error_exit_code_1,1.077511929
cora_2024,/home/elipregerson/nnenum/vnncomp2025_benchmarks/benchmarks/cora_2024/./onnx/cifar10-point.onnx,/home/elipregerson/nnenum/vnncomp2025_benchmarks/benchmarks/cora_2024/vnnlib/cifar10-img207.vnnlib,.006140283,error_exit_code_1,1.089944903
cora_2024,/home/elipregerson/nnenum/vnncomp2025_benchmarks/benchmarks/cora_2024/./onnx/cifar10-trades.onnx,/home/elipregerson/nnenum/vnncomp2025_benchmarks/benchmarks/cora_2024/vnnlib/cifar10-img207.vnnlib,.006092557,error_exit_code_1,1.096401520
cora_2024,/home/elipregerson/nnenum/vnncomp2025_benchmarks/benchmarks/cora_2024/./onnx/cifar10-set.onnx,/home/elipregerson/nnenum/vnncomp2025_benchmarks/benchmarks/cora_2024/vnnlib/cifar10-img207.vnnlib,.006176309,error_exit_code_1,1.094793015
cora_2024,/home/elipregerson/nnenum/vnncomp2025_benchmarks/benchmarks/cora_2024/./onnx/cifar10-point.onnx,/home/elipregerson/nnenum/vnncomp2025_benchmarks/benchmarks/cora_2024/vnnlib/cifar10-img244.vnnlib,.006173357,error_exit_code_1,1.103003044
cora_2024,/home/elipregerson/nnenum/vnncomp2025_benchmarks/benchmarks/cora_2024/./onnx/cifar10-trades.onnx,/home/elipregerson/nnenum/vnncomp2025_benchmarks/benchmarks/cora_2024/vnnlib/cifar10-img244.vnnlib,.006059412,error_exit_code_1,1.099177022
cora_2024,/home/elipregerson/nnenum/vnncomp2025_benchmarks/benchmarks/cora_2024/./onnx/cifar10-set.onnx,/home/elipregerson/nnenum/vnncomp2025_benchmarks/benchmarks/cora_2024/vnnlib/cifar10-img244.vnnlib,.006026764,error_exit_code_1,1.094117150
cora_2024,/home/elipregerson/nnenum/vnncomp2025_benchmarks/benchmarks/cora_2024/./onnx/cifar10-point.onnx,/home/elipregerson/nnenum/vnncomp2025_benchmarks/benchmarks/cora_2024/vnnlib/cifar10-img292.vnnlib,.006153382,error_exit_code_1,1.096722975
cora_2024,/home/elipregerson/nnenum/vnncomp2025_benchmarks/benchmarks/cora_2024/./onnx/cifar10-trades.onnx,/home/elipregerson/nnenum/vnncomp2025_benchmarks/benchmarks/cora_2024/vnnlib/cifar10-img292.vnnlib,.006141194,error_exit_code_1,1.103427193
cora_2024,/home/elipregerson/nnenum/vnncomp2025_benchmarks/benchmarks/cora_2024/./onnx/cifar10-set.onnx,/home/elipregerson/nnenum/vnncomp2025_benchmarks/benchmarks/cora_2024/vnnlib/cifar10-img292.vnnlib,.006067116,error_exit_code_1,1.088186828
cora_2024,/home/elipregerson/nnenum/vnncomp2025_benchmarks/benchmarks/cora_2024/./onnx/cifar10-point.onnx,/home/elipregerson/nnenum/vnncomp2025_benchmarks/benchmarks/cora_2024/vnnlib/cifar10-img328.vnnlib,.006009238,error_exit_code_1,1.096428258
cora_2024,/home/elipregerson/nnenum/vnncomp2025_benchmarks/benchmarks/cora_2024/./onnx/cifar10-trades.onnx,/home/elipregerson/nnenum/vnncomp2025_benchmarks/benchmarks/cora_2024/vnnlib/cifar10-img328.vnnlib,.006000012,error_exit_code_1,1.086759721
cora_2024,/home/elipregerson/nnenum/vnncomp2025_benchmarks/benchmarks/cora_2024/./onnx/cifar10-set.onnx,/home/elipregerson/nnenum/vnncomp2025_benchmarks/benchmarks/cora_2024/vnnlib/cifar10-img328.vnnlib,.006013781,error_exit_code_1,1.079513740
cora_2024,/home/elipregerson/nnenum/vnncomp2025_benchmarks/benchmarks/cora_2024/./onnx/cifar10-point.onnx,/home/elipregerson/nnenum/vnncomp2025_benchmarks/benchmarks/cora_2024/vnnlib/cifar10-img332.vnnlib,.006191925,error_exit_code_1,1.109921919
cora_2024,/home/elipregerson/nnenum/vnncomp2025_benchmarks/benchmarks/cora_2024/./onnx/cifar10-trades.onnx,/home/elipregerson/nnenum/vnncomp2025_benchmarks/benchmarks/cora_2024/vnnlib/cifar10-img332.vnnlib,.011251286,error_exit_code_1,1.095959197
cora_2024,/home/elipregerson/nnenum/vnncomp2025_benchmarks/benchmarks/cora_2024/./onnx/cifar10-set.onnx,/home/elipregerson/nnenum/vnncomp2025_benchmarks/benchmarks/cora_2024/vnnlib/cifar10-img332.vnnlib,.006105693,error_exit_code_1,1.083981903
cora_2024,/home/elipregerson/nnenum/vnncomp2025_benchmarks/benchmarks/cora_2024/./onnx/cifar10-point.onnx,/home/elipregerson/nnenum/vnncomp2025_benchmarks/benchmarks/cora_2024/vnnlib/cifar10-img339.vnnlib,.006029373,error_exit_code_1,1.096432737
cora_2024,/home/elipregerson/nnenum/vnncomp2025_benchmarks/benchmarks/cora_2024/./onnx/cifar10-trades.onnx,/home/elipregerson/nnenum/vnncomp2025_benchmarks/benchmarks/cora_2024/vnnlib/cifar10-img339.vnnlib,.006135449,error_exit_code_1,1.072672424
cora_2024,/home/elipregerson/nnenum/vnncomp2025_benchmarks/benchmarks/cora_2024/./onnx/cifar10-set.onnx,/home/elipregerson/nnenum/vnncomp2025_benchmarks/benchmarks/cora_2024/vnnlib/cifar10-img339.vnnlib,.006128773,error_exit_code_1,1.097645080
cora_2024,/home/elipregerson/nnenum/vnncomp2025_benchmarks/benchmarks/cora_2024/./onnx/cifar10-point.onnx,/home/elipregerson/nnenum/vnncomp2025_benchmarks/benchmarks/cora_2024/vnnlib/cifar10-img340.vnnlib,.006255048,error_exit_code_1,1.099794715
cora_2024,/home/elipregerson/nnenum/vnncomp2025_benchmarks/benchmarks/cora_2024/./onnx/cifar10-trades.onnx,/home/elipregerson/nnenum/vnncomp2025_benchmarks/benchmarks/cora_2024/vnnlib/cifar10-img340.vnnlib,.006129765,error_exit_code_1,1.098607583
cora_2024,/home/elipregerson/nnenum/vnncomp2025_benchmarks/benchmarks/cora_2024/./onnx/cifar10-set.onnx,/home/elipregerson/nnenum/vnncomp2025_benchmarks/benchmarks/cora_2024/vnnlib/cifar10-img340.vnnlib,.005948631,error_exit_code_1,1.073061289
cora_2024,/home/elipregerson/nnenum/vnncomp2025_benchmarks/benchmarks/cora_2024/./onnx/cifar10-point.onnx,/home/elipregerson/nnenum/vnncomp2025_benchmarks/benchmarks/cora_2024/vnnlib/cifar10-img386.vnnlib,.008030401,error_exit_code_1,1.117025717
cora_2024,/home/elipregerson/nnenum/vnncomp2025_benchmarks/benchmarks/cora_2024/./onnx/cifar10-trades.onnx,/home/elipregerson/nnenum/vnncomp2025_benchmarks/benchmarks/cora_2024/vnnlib/cifar10-img386.vnnlib,.016094233,error_exit_code_1,1.120463069
cora_2024,/home/elipregerson/nnenum/vnncomp2025_benchmarks/benchmarks/cora_2024/./onnx/cifar10-set.onnx,/home/elipregerson/nnenum/vnncomp2025_benchmarks/benchmarks/cora_2024/vnnlib/cifar10-img386.vnnlib,.006059516,error_exit_code_1,1.098420789
cora_2024,/home/elipregerson/nnenum/vnncomp2025_benchmarks/benchmarks/cora_2024/./onnx/cifar10-point.onnx,/home/elipregerson/nnenum/vnncomp2025_benchmarks/benchmarks/cora_2024/vnnlib/cifar10-img398.vnnlib,.006024638,error_exit_code_1,1.081466335
cora_2024,/home/elipregerson/nnenum/vnncomp2025_benchmarks/benchmarks/cora_2024/./onnx/cifar10-trades.onnx,/home/elipregerson/nnenum/vnncomp2025_benchmarks/benchmarks/cora_2024/vnnlib/cifar10-img398.vnnlib,.006221942,error_exit_code_1,1.083843216
cora_2024,/home/elipregerson/nnenum/vnncomp2025_benchmarks/benchmarks/cora_2024/./onnx/cifar10-set.onnx,/home/elipregerson/nnenum/vnncomp2025_benchmarks/benchmarks/cora_2024/vnnlib/cifar10-img398.vnnlib,.006110492,error_exit_code_1,1.105492658
cora_2024,/home/elipregerson/nnenum/vnncomp2025_benchmarks/benchmarks/cora_2024/./onnx/cifar10-point.onnx,/home/elipregerson/nnenum/vnncomp2025_benchmarks/benchmarks/cora_2024/vnnlib/cifar10-img440.vnnlib,.006067646,error_exit_code_1,1.086270669
cora_2024,/home/elipregerson/nnenum/vnncomp2025_benchmarks/benchmarks/cora_2024/./onnx/cifar10-trades.onnx,/home/elipregerson/nnenum/vnncomp2025_benchmarks/benchmarks/cora_2024/vnnlib/cifar10-img440.vnnlib,.006223174,error_exit_code_1,1.075901378
cora_2024,/home/elipregerson/nnenum/vnncomp2025_benchmarks/benchmarks/cora_2024/./onnx/cifar10-set.onnx,/home/elipregerson/nnenum/vnncomp2025_benchmarks/benchmarks/cora_2024/vnnlib/cifar10-img440.vnnlib,.006057883,error_exit_code_1,1.097690942
cora_2024,/home/elipregerson/nnenum/vnncomp2025_benchmarks/benchmarks/cora_2024/./onnx/cifar10-point.onnx,/home/elipregerson/nnenum/vnncomp2025_benchmarks/benchmarks/cora_2024/vnnlib/cifar10-img479.vnnlib,.006061627,error_exit_code_1,1.090566638
cora_2024,/home/elipregerson/nnenum/vnncomp2025_benchmarks/benchmarks/cora_2024/./onnx/cifar10-trades.onnx,/home/elipregerson/nnenum/vnncomp2025_benchmarks/benchmarks/cora_2024/vnnlib/cifar10-img479.vnnlib,.006179081,error_exit_code_1,1.077811516
cora_2024,/home/elipregerson/nnenum/vnncomp2025_benchmarks/benchmarks/cora_2024/./onnx/cifar10-set.onnx,/home/elipregerson/nnenum/vnncomp2025_benchmarks/benchmarks/cora_2024/vnnlib/cifar10-img479.vnnlib,.006092367,error_exit_code_1,1.078020112
cora_2024,/home/elipregerson/nnenum/vnncomp2025_benchmarks/benchmarks/test/onnx/test_nano.onnx,/home/elipregerson/nnenum/vnncomp2025_benchmarks/benchmarks/test/vnnlib/test_nano.vnnlib,.006203902,error_exit_code_1,.521364947
dist_shift_2023,/home/elipregerson/nnenum/vnncomp2025_benchmarks/benchmarks/dist_shift_2023/./onnx/mnist_concat.onnx,/home/elipregerson/nnenum/vnncomp2025_benchmarks/benchmarks/dist_shift_2023/./vnnlib/index7901_delta0.13.vnnlib,.006148483,error_exit_code_1,.540930628
dist_shift_2023,/home/elipregerson/nnenum/vnncomp2025_benchmarks/benchmarks/dist_shift_2023/./onnx/mnist_concat.onnx,/home/elipregerson/nnenum/vnncomp2025_benchmarks/benchmarks/dist_shift_2023/./vnnlib/index6323_delta0.13.vnnlib,.006045764,error_exit_code_1,.539360389
dist_shift_2023,/home/elipregerson/nnenum/vnncomp2025_benchmarks/benchmarks/dist_shift_2023/./onnx/mnist_concat.onnx,/home/elipregerson/nnenum/vnncomp2025_benchmarks/benchmarks/dist_shift_2023/./vnnlib/index7027_delta0.13.vnnlib,.005976183,error_exit_code_1,.537023797
dist_shift_2023,/home/elipregerson/nnenum/vnncomp2025_benchmarks/benchmarks/dist_shift_2023/./onnx/mnist_concat.onnx,/home/elipregerson/nnenum/vnncomp2025_benchmarks/benchmarks/dist_shift_2023/./vnnlib/index7116_delta0.13.vnnlib,.006073034,error_exit_code_1,.537842640
dist_shift_2023,/home/elipregerson/nnenum/vnncomp2025_benchmarks/benchmarks/dist_shift_2023/./onnx/mnist_concat.onnx,/home/elipregerson/nnenum/vnncomp2025_benchmarks/benchmarks/dist_shift_2023/./vnnlib/index1373_delta0.13.vnnlib,.006044103,error_exit_code_1,.530617484
dist_shift_2023,/home/elipregerson/nnenum/vnncomp2025_benchmarks/benchmarks/dist_shift_2023/./onnx/mnist_concat.onnx,/home/elipregerson/nnenum/vnncomp2025_benchmarks/benchmarks/dist_shift_2023/./vnnlib/index6957_delta0.13.vnnlib,.005995901,error_exit_code_1,.531988019
dist_shift_2023,/home/elipregerson/nnenum/vnncomp2025_benchmarks/benchmarks/dist_shift_2023/./onnx/mnist_concat.onnx,/home/elipregerson/nnenum/vnncomp2025_benchmarks/benchmarks/dist_shift_2023/./vnnlib/index365_delta0.13.vnnlib,.006158701,error_exit_code_1,.531454594
dist_shift_2023,/home/elipregerson/nnenum/vnncomp2025_benchmarks/benchmarks/dist_shift_2023/./onnx/mnist_concat.onnx,/home/elipregerson/nnenum/vnncomp2025_benchmarks/benchmarks/dist_shift_2023/./vnnlib/index8900_delta0.13.vnnlib,.006095206,error_exit_code_1,.537462394
dist_shift_2023,/home/elipregerson/nnenum/vnncomp2025_benchmarks/benchmarks/dist_shift_2023/./onnx/mnist_concat.onnx,/home/elipregerson/nnenum/vnncomp2025_benchmarks/benchmarks/dist_shift_2023/./vnnlib/index9733_delta0.13.vnnlib,.006167287,error_exit_code_1,.532251033
dist_shift_2023,/home/elipregerson/nnenum/vnncomp2025_benchmarks/benchmarks/dist_shift_2023/./onnx/mnist_concat.onnx,/home/elipregerson/nnenum/vnncomp2025_benchmarks/benchmarks/dist_shift_2023/./vnnlib/index9154_delta0.13.vnnlib,.006159056,error_exit_code_1,.539289710
dist_shift_2023,/home/elipregerson/nnenum/vnncomp2025_benchmarks/benchmarks/dist_shift_2023/./onnx/mnist_concat.onnx,/home/elipregerson/nnenum/vnncomp2025_benchmarks/benchmarks/dist_shift_2023/./vnnlib/index5938_delta0.13.vnnlib,.005984985,error_exit_code_1,.536138572
dist_shift_2023,/home/elipregerson/nnenum/vnncomp2025_benchmarks/benchmarks/dist_shift_2023/./onnx/mnist_concat.onnx,/home/elipregerson/nnenum/vnncomp2025_benchmarks/benchmarks/dist_shift_2023/./vnnlib/index8964_delta0.13.vnnlib,.006159577,error_exit_code_1,.541230533
dist_shift_2023,/home/elipregerson/nnenum/vnncomp2025_benchmarks/benchmarks/dist_shift_2023/./onnx/mnist_concat.onnx,/home/elipregerson/nnenum/vnncomp2025_benchmarks/benchmarks/dist_shift_2023/./vnnlib/index4665_delta0.13.vnnlib,.006027854,error_exit_code_1,.537317673
dist_shift_2023,/home/elipregerson/nnenum/vnncomp2025_benchmarks/benchmarks/dist_shift_2023/./onnx/mnist_concat.onnx,/home/elipregerson/nnenum/vnncomp2025_benchmarks/benchmarks/dist_shift_2023/./vnnlib/index2204_delta0.13.vnnlib,.006144758,error_exit_code_1,.544568201
dist_shift_2023,/home/elipregerson/nnenum/vnncomp2025_benchmarks/benchmarks/dist_shift_2023/./onnx/mnist_concat.onnx,/home/elipregerson/nnenum/vnncomp2025_benchmarks/benchmarks/dist_shift_2023/./vnnlib/index6405_delta0.13.vnnlib,.006184744,error_exit_code_1,.535313796
dist_shift_2023,/home/elipregerson/nnenum/vnncomp2025_benchmarks/benchmarks/dist_shift_2023/./onnx/mnist_concat.onnx,/home/elipregerson/nnenum/vnncomp2025_benchmarks/benchmarks/dist_shift_2023/./vnnlib/index4739_delta0.13.vnnlib,.006009266,error_exit_code_1,.530247527
dist_shift_2023,/home/elipregerson/nnenum/vnncomp2025_benchmarks/benchmarks/dist_shift_2023/./onnx/mnist_concat.onnx,/home/elipregerson/nnenum/vnncomp2025_benchmarks/benchmarks/dist_shift_2023/./vnnlib/index5291_delta0.13.vnnlib,.006229729,error_exit_code_1,.544378222
dist_shift_2023,/home/elipregerson/nnenum/vnncomp2025_benchmarks/benchmarks/dist_shift_2023/./onnx/mnist_concat.onnx,/home/elipregerson/nnenum/vnncomp2025_benchmarks/benchmarks/dist_shift_2023/./vnnlib/index5206_delta0.13.vnnlib,.006161191,error_exit_code_1,.542330606
dist_shift_2023,/home/elipregerson/nnenum/vnncomp2025_benchmarks/benchmarks/dist_shift_2023/./onnx/mnist_concat.onnx,/home/elipregerson/nnenum/vnncomp2025_benchmarks/benchmarks/dist_shift_2023/./vnnlib/index7329_delta0.13.vnnlib,.006126789,error_exit_code_1,.531393839
dist_shift_2023,/home/elipregerson/nnenum/vnncomp2025_benchmarks/benchmarks/dist_shift_2023/./onnx/mnist_concat.onnx,/home/elipregerson/nnenum/vnncomp2025_benchmarks/benchmarks/dist_shift_2023/./vnnlib/index292_delta0.13.vnnlib,.006215213,error_exit_code_1,.536070414
dist_shift_2023,/home/elipregerson/nnenum/vnncomp2025_benchmarks/benchmarks/dist_shift_2023/./onnx/mnist_concat.onnx,/home/elipregerson/nnenum/vnncomp2025_benchmarks/benchmarks/dist_shift_2023/./vnnlib/index1282_delta0.13.vnnlib,.006053926,error_exit_code_1,.533627563
dist_shift_2023,/home/elipregerson/nnenum/vnncomp2025_benchmarks/benchmarks/dist_shift_2023/./onnx/mnist_concat.onnx,/home/elipregerson/nnenum/vnncomp2025_benchmarks/benchmarks/dist_shift_2023/./vnnlib/index2251_delta0.13.vnnlib,.006088563,error_exit_code_1,.531515571
dist_shift_2023,/home/elipregerson/nnenum/vnncomp2025_benchmarks/benchmarks/dist_shift_2023/./onnx/mnist_concat.onnx,/home/elipregerson/nnenum/vnncomp2025_benchmarks/benchmarks/dist_shift_2023/./vnnlib/index1921_delta0.13.vnnlib,.006293834,error_exit_code_1,.535155624
dist_shift_2023,/home/elipregerson/nnenum/vnncomp2025_benchmarks/benchmarks/dist_shift_2023/./onnx/mnist_concat.onnx,/home/elipregerson/nnenum/vnncomp2025_benchmarks/benchmarks/dist_shift_2023/./vnnlib/index1285_delta0.13.vnnlib,.006153962,error_exit_code_1,.545858798
dist_shift_2023,/home/elipregerson/nnenum/vnncomp2025_benchmarks/benchmarks/dist_shift_2023/./onnx/mnist_concat.onnx,/home/elipregerson/nnenum/vnncomp2025_benchmarks/benchmarks/dist_shift_2023/./vnnlib/index9211_delta0.13.vnnlib,.006183584,error_exit_code_1,.530771614
dist_shift_2023,/home/elipregerson/nnenum/vnncomp2025_benchmarks/benchmarks/dist_shift_2023/./onnx/mnist_concat.onnx,/home/elipregerson/nnenum/vnncomp2025_benchmarks/benchmarks/dist_shift_2023/./vnnlib/index1159_delta0.13.vnnlib,.006135286,error_exit_code_1,.530653648
dist_shift_2023,/home/elipregerson/nnenum/vnncomp2025_benchmarks/benchmarks/dist_shift_2023/./onnx/mnist_concat.onnx,/home/elipregerson/nnenum/vnncomp2025_benchmarks/benchmarks/dist_shift_2023/./vnnlib/index4901_delta0.13.vnnlib,.006182901,error_exit_code_1,.530081497
dist_shift_2023,/home/elipregerson/nnenum/vnncomp2025_benchmarks/benchmarks/dist_shift_2023/./onnx/mnist_concat.onnx,/home/elipregerson/nnenum/vnncomp2025_benchmarks/benchmarks/dist_shift_2023/./vnnlib/index1662_delta0.13.vnnlib,.006075494,error_exit_code_1,.532560844
dist_shift_2023,/home/elipregerson/nnenum/vnncomp2025_benchmarks/benchmarks/dist_shift_2023/./onnx/mnist_concat.onnx,/home/elipregerson/nnenum/vnncomp2025_benchmarks/benchmarks/dist_shift_2023/./vnnlib/index7606_delta0.13.vnnlib,.006119134,error_exit_code_1,.529320462
dist_shift_2023,/home/elipregerson/nnenum/vnncomp2025_benchmarks/benchmarks/dist_shift_2023/./onnx/mnist_concat.onnx,/home/elipregerson/nnenum/vnncomp2025_benchmarks/benchmarks/dist_shift_2023/./vnnlib/index1537_delta0.13.vnnlib,.006204738,error_exit_code_1,.533427704
dist_shift_2023,/home/elipregerson/nnenum/vnncomp2025_benchmarks/benchmarks/dist_shift_2023/./onnx/mnist_concat.onnx,/home/elipregerson/nnenum/vnncomp2025_benchmarks/benchmarks/dist_shift_2023/./vnnlib/index3863_delta0.13.vnnlib,.006111265,error_exit_code_1,.532095485
dist_shift_2023,/home/elipregerson/nnenum/vnncomp2025_benchmarks/benchmarks/dist_shift_2023/./onnx/mnist_concat.onnx,/home/elipregerson/nnenum/vnncomp2025_benchmarks/benchmarks/dist_shift_2023/./vnnlib/index6792_delta0.13.vnnlib,.005875346,error_exit_code_1,.535742606
dist_shift_2023,/home/elipregerson/nnenum/vnncomp2025_benchmarks/benchmarks/dist_shift_2023/./onnx/mnist_concat.onnx,/home/elipregerson/nnenum/vnncomp2025_benchmarks/benchmarks/dist_shift_2023/./vnnlib/index2481_delta0.13.vnnlib,.005950642,error_exit_code_1,.537226305
dist_shift_2023,/home/elipregerson/nnenum/vnncomp2025_benchmarks/benchmarks/dist_shift_2023/./onnx/mnist_concat.onnx,/home/elipregerson/nnenum/vnncomp2025_benchmarks/benchmarks/dist_shift_2023/./vnnlib/index9027_delta0.13.vnnlib,.006061704,error_exit_code_1,.535593614
dist_shift_2023,/home/elipregerson/nnenum/vnncomp2025_benchmarks/benchmarks/dist_shift_2023/./onnx/mnist_concat.onnx,/home/elipregerson/nnenum/vnncomp2025_benchmarks/benchmarks/dist_shift_2023/./vnnlib/index6136_delta0.13.vnnlib,.006242997,error_exit_code_1,.533332833
dist_shift_2023,/home/elipregerson/nnenum/vnncomp2025_benchmarks/benchmarks/dist_shift_2023/./onnx/mnist_concat.onnx,/home/elipregerson/nnenum/vnncomp2025_benchmarks/benchmarks/dist_shift_2023/./vnnlib/index4799_delta0.13.vnnlib,.006060233,error_exit_code_1,.543352909
dist_shift_2023,/home/elipregerson/nnenum/vnncomp2025_benchmarks/benchmarks/dist_shift_2023/./onnx/mnist_concat.onnx,/home/elipregerson/nnenum/vnncomp2025_benchmarks/benchmarks/dist_shift_2023/./vnnlib/index3444_delta0.13.vnnlib,.006168542,error_exit_code_1,.538379244
dist_shift_2023,/home/elipregerson/nnenum/vnncomp2025_benchmarks/benchmarks/dist_shift_2023/./onnx/mnist_concat.onnx,/home/elipregerson/nnenum/vnncomp2025_benchmarks/benchmarks/dist_shift_2023/./vnnlib/index5328_delta0.13.vnnlib,.006198324,error_exit_code_1,.529908534
dist_shift_2023,/home/elipregerson/nnenum/vnncomp2025_benchmarks/benchmarks/dist_shift_2023/./onnx/mnist_concat.onnx,/home/elipregerson/nnenum/vnncomp2025_benchmarks/benchmarks/dist_shift_2023/./vnnlib/index1031_delta0.13.vnnlib,.006112646,error_exit_code_1,.533682064
dist_shift_2023,/home/elipregerson/nnenum/vnncomp2025_benchmarks/benchmarks/dist_shift_2023/./onnx/mnist_concat.onnx,/home/elipregerson/nnenum/vnncomp2025_benchmarks/benchmarks/dist_shift_2023/./vnnlib/index3401_delta0.13.vnnlib,.006075686,error_exit_code_1,.534882234
dist_shift_2023,/home/elipregerson/nnenum/vnncomp2025_benchmarks/benchmarks/dist_shift_2023/./onnx/mnist_concat.onnx,/home/elipregerson/nnenum/vnncomp2025_benchmarks/benchmarks/dist_shift_2023/./vnnlib/index9101_delta0.13.vnnlib,.006258642,error_exit_code_1,.534228665
dist_shift_2023,/home/elipregerson/nnenum/vnncomp2025_benchmarks/benchmarks/dist_shift_2023/./onnx/mnist_concat.onnx,/home/elipregerson/nnenum/vnncomp2025_benchmarks/benchmarks/dist_shift_2023/./vnnlib/index7109_delta0.13.vnnlib,.006074994,error_exit_code_1,.535748118
dist_shift_2023,/home/elipregerson/nnenum/vnncomp2025_benchmarks/benchmarks/dist_shift_2023/./onnx/mnist_concat.onnx,/home/elipregerson/nnenum/vnncomp2025_benchmarks/benchmarks/dist_shift_2023/./vnnlib/index4312_delta0.13.vnnlib,.006274597,error_exit_code_1,.543786794
dist_shift_2023,/home/elipregerson/nnenum/vnncomp2025_benchmarks/benchmarks/dist_shift_2023/./onnx/mnist_concat.onnx,/home/elipregerson/nnenum/vnncomp2025_benchmarks/benchmarks/dist_shift_2023/./vnnlib/index9203_delta0.13.vnnlib,.006141128,error_exit_code_1,.537622786
dist_shift_2023,/home/elipregerson/nnenum/vnncomp2025_benchmarks/benchmarks/dist_shift_2023/./onnx/mnist_concat.onnx,/home/elipregerson/nnenum/vnncomp2025_benchmarks/benchmarks/dist_shift_2023/./vnnlib/index1929_delta0.13.vnnlib,.006243020,error_exit_code_1,.532235081
dist_shift_2023,/home/elipregerson/nnenum/vnncomp2025_benchmarks/benchmarks/dist_shift_2023/./onnx/mnist_concat.onnx,/home/elipregerson/nnenum/vnncomp2025_benchmarks/benchmarks/dist_shift_2023/./vnnlib/index6217_delta0.13.vnnlib,.006090474,error_exit_code_1,.548032937
dist_shift_2023,/home/elipregerson/nnenum/vnncomp2025_benchmarks/benchmarks/dist_shift_2023/./onnx/mnist_concat.onnx,/home/elipregerson/nnenum/vnncomp2025_benchmarks/benchmarks/dist_shift_2023/./vnnlib/index4272_delta0.13.vnnlib,.006159143,error_exit_code_1,.527539889
dist_shift_2023,/home/elipregerson/nnenum/vnncomp2025_benchmarks/benchmarks/dist_shift_2023/./onnx/mnist_concat.onnx,/home/elipregerson/nnenum/vnncomp2025_benchmarks/benchmarks/dist_shift_2023/./vnnlib/index316_delta0.13.vnnlib,.006097207,error_exit_code_1,.533165765
dist_shift_2023,/home/elipregerson/nnenum/vnncomp2025_benchmarks/benchmarks/dist_shift_2023/./onnx/mnist_concat.onnx,/home/elipregerson/nnenum/vnncomp2025_benchmarks/benchmarks/dist_shift_2023/./vnnlib/index2750_delta0.13.vnnlib,.006115284,error_exit_code_1,.529776290
dist_shift_2023,/home/elipregerson/nnenum/vnncomp2025_benchmarks/benchmarks/dist_shift_2023/./onnx/mnist_concat.onnx,/home/elipregerson/nnenum/vnncomp2025_benchmarks/benchmarks/dist_shift_2023/./vnnlib/index7336_delta0.13.vnnlib,.006174103,error_exit_code_1,.535516315
dist_shift_2023,/home/elipregerson/nnenum/vnncomp2025_benchmarks/benchmarks/dist_shift_2023/./onnx/mnist_concat.onnx,/home/elipregerson/nnenum/vnncomp2025_benchmarks/benchmarks/dist_shift_2023/./vnnlib/index1453_delta0.13.vnnlib,.006009720,error_exit_code_1,.538681740
dist_shift_2023,/home/elipregerson/nnenum/vnncomp2025_benchmarks/benchmarks/dist_shift_2023/./onnx/mnist_concat.onnx,/home/elipregerson/nnenum/vnncomp2025_benchmarks/benchmarks/dist_shift_2023/./vnnlib/index112_delta0.13.vnnlib,.006004906,error_exit_code_1,.537416149
dist_shift_2023,/home/elipregerson/nnenum/vnncomp2025_benchmarks/benchmarks/dist_shift_2023/./onnx/mnist_concat.onnx,/home/elipregerson/nnenum/vnncomp2025_benchmarks/benchmarks/dist_shift_2023/./vnnlib/index6936_delta0.13.vnnlib,.006298682,error_exit_code_1,.533472857
dist_shift_2023,/home/elipregerson/nnenum/vnncomp2025_benchmarks/benchmarks/dist_shift_2023/./onnx/mnist_concat.onnx,/home/elipregerson/nnenum/vnncomp2025_benchmarks/benchmarks/dist_shift_2023/./vnnlib/index6574_delta0.13.vnnlib,.006248545,error_exit_code_1,.538994886
dist_shift_2023,/home/elipregerson/nnenum/vnncomp2025_benchmarks/benchmarks/dist_shift_2023/./onnx/mnist_concat.onnx,/home/elipregerson/nnenum/vnncomp2025_benchmarks/benchmarks/dist_shift_2023/./vnnlib/index7281_delta0.13.vnnlib,.006730405,error_exit_code_1,.537389391
dist_shift_2023,/home/elipregerson/nnenum/vnncomp2025_benchmarks/benchmarks/dist_shift_2023/./onnx/mnist_concat.onnx,/home/elipregerson/nnenum/vnncomp2025_benchmarks/benchmarks/dist_shift_2023/./vnnlib/index6551_delta0.13.vnnlib,.006022928,error_exit_code_1,.532486723
dist_shift_2023,/home/elipregerson/nnenum/vnncomp2025_benchmarks/benchmarks/dist_shift_2023/./onnx/mnist_concat.onnx,/home/elipregerson/nnenum/vnncomp2025_benchmarks/benchmarks/dist_shift_2023/./vnnlib/index6412_delta0.13.vnnlib,.006026182,error_exit_code_1,.540711364
dist_shift_2023,/home/elipregerson/nnenum/vnncomp2025_benchmarks/benchmarks/dist_shift_2023/./onnx/mnist_concat.onnx,/home/elipregerson/nnenum/vnncomp2025_benchmarks/benchmarks/dist_shift_2023/./vnnlib/index3552_delta0.13.vnnlib,.006087650,error_exit_code_1,.532496489
dist_shift_2023,/home/elipregerson/nnenum/vnncomp2025_benchmarks/benchmarks/dist_shift_2023/./onnx/mnist_concat.onnx,/home/elipregerson/nnenum/vnncomp2025_benchmarks/benchmarks/dist_shift_2023/./vnnlib/index3805_delta0.13.vnnlib,.006094081,error_exit_code_1,.532453294
dist_shift_2023,/home/elipregerson/nnenum/vnncomp2025_benchmarks/benchmarks/dist_shift_2023/./onnx/mnist_concat.onnx,/home/elipregerson/nnenum/vnncomp2025_benchmarks/benchmarks/dist_shift_2023/./vnnlib/index668_delta0.13.vnnlib,.006049950,error_exit_code_1,.543814995
dist_shift_2023,/home/elipregerson/nnenum/vnncomp2025_benchmarks/benchmarks/dist_shift_2023/./onnx/mnist_concat.onnx,/home/elipregerson/nnenum/vnncomp2025_benchmarks/benchmarks/dist_shift_2023/./vnnlib/index7175_delta0.13.vnnlib,.006090720,error_exit_code_1,.531193037
dist_shift_2023,/home/elipregerson/nnenum/vnncomp2025_benchmarks/benchmarks/dist_shift_2023/./onnx/mnist_concat.onnx,/home/elipregerson/nnenum/vnncomp2025_benchmarks/benchmarks/dist_shift_2023/./vnnlib/index4286_delta0.13.vnnlib,.006189348,error_exit_code_1,.536687022
dist_shift_2023,/home/elipregerson/nnenum/vnncomp2025_benchmarks/benchmarks/dist_shift_2023/./onnx/mnist_concat.onnx,/home/elipregerson/nnenum/vnncomp2025_benchmarks/benchmarks/dist_shift_2023/./vnnlib/index5385_delta0.13.vnnlib,.006155458,error_exit_code_1,.532050042
dist_shift_2023,/home/elipregerson/nnenum/vnncomp2025_benchmarks/benchmarks/dist_shift_2023/./onnx/mnist_concat.onnx,/home/elipregerson/nnenum/vnncomp2025_benchmarks/benchmarks/dist_shift_2023/./vnnlib/index5391_delta0.13.vnnlib,.006293627,error_exit_code_1,.544315010
dist_shift_2023,/home/elipregerson/nnenum/vnncomp2025_benchmarks/benchmarks/dist_shift_2023/./onnx/mnist_concat.onnx,/home/elipregerson/nnenum/vnncomp2025_benchmarks/benchmarks/dist_shift_2023/./vnnlib/index6354_delta0.13.vnnlib,.006068914,error_exit_code_1,.536083925
dist_shift_2023,/home/elipregerson/nnenum/vnncomp2025_benchmarks/benchmarks/dist_shift_2023/./onnx/mnist_concat.onnx,/home/elipregerson/nnenum/vnncomp2025_benchmarks/benchmarks/dist_shift_2023/./vnnlib/index5020_delta0.13.vnnlib,.006215186,error_exit_code_1,.529668895
dist_shift_2023,/home/elipregerson/nnenum/vnncomp2025_benchmarks/benchmarks/dist_shift_2023/./onnx/mnist_concat.onnx,/home/elipregerson/nnenum/vnncomp2025_benchmarks/benchmarks/dist_shift_2023/./vnnlib/index7106_delta0.13.vnnlib,.006051464,error_exit_code_1,.537690492
dist_shift_2023,/home/elipregerson/nnenum/vnncomp2025_benchmarks/benchmarks/dist_shift_2023/./onnx/mnist_concat.onnx,/home/elipregerson/nnenum/vnncomp2025_benchmarks/benchmarks/dist_shift_2023/./vnnlib/index4148_delta0.13.vnnlib,.006083742,error_exit_code_1,.533237742
dist_shift_2023,/home/elipregerson/nnenum/vnncomp2025_benchmarks/benchmarks/dist_shift_2023/./onnx/mnist_concat.onnx,/home/elipregerson/nnenum/vnncomp2025_benchmarks/benchmarks/dist_shift_2023/./vnnlib/index6199_delta0.13.vnnlib,.006176663,error_exit_code_1,.534054023
dist_shift_2023,/home/elipregerson/nnenum/vnncomp2025_benchmarks/benchmarks/dist_shift_2023/./onnx/mnist_concat.onnx,/home/elipregerson/nnenum/vnncomp2025_benchmarks/benchmarks/dist_shift_2023/./vnnlib/index7534_delta0.13.vnnlib,.006054205,error_exit_code_1,.531259708
dist_shift_2023,/home/elipregerson/nnenum/vnncomp2025_benchmarks/benchmarks/dist_shift_2023/./onnx/mnist_concat.onnx,/home/elipregerson/nnenum/vnncomp2025_benchmarks/benchmarks/dist_shift_2023/./vnnlib/index9021_delta0.13.vnnlib,.006155354,error_exit_code_1,.534302482
dist_shift_2023,/home/elipregerson/nnenum/vnncomp2025_benchmarks/benchmarks/dist_shift_2023/./onnx/mnist_concat.onnx,/home/elipregerson/nnenum/vnncomp2025_benchmarks/benchmarks/dist_shift_2023/./vnnlib/index6107_delta0.13.vnnlib,.006162630,error_exit_code_1,.531093334
dist_shift_2023,/home/elipregerson/nnenum/vnncomp2025_benchmarks/benchmarks/test/onnx/test_nano.onnx,/home/elipregerson/nnenum/vnncomp2025_benchmarks/benchmarks/test/vnnlib/test_nano.vnnlib,.006221019,unsat,.533356017
linearizenn_2024,/home/elipregerson/nnenum/vnncomp2025_benchmarks/benchmarks/linearizenn_2024/onnx/AllInOne_10_10.onnx,/home/elipregerson/nnenum/vnncomp2025_benchmarks/benchmarks/linearizenn_2024/vnnlib/prop_10_10.vnnlib,.006004600,sat,.858582732
linearizenn_2024,/home/elipregerson/nnenum/vnncomp2025_benchmarks/benchmarks/linearizenn_2024/onnx/AllInOne_10_10.onnx,/home/elipregerson/nnenum/vnncomp2025_benchmarks/benchmarks/linearizenn_2024/vnnlib/prop_10_10_0.vnnlib,.006114225,unsat,.756354588
linearizenn_2024,/home/elipregerson/nnenum/vnncomp2025_benchmarks/benchmarks/linearizenn_2024/onnx/AllInOne_10_10.onnx,/home/elipregerson/nnenum/vnncomp2025_benchmarks/benchmarks/linearizenn_2024/vnnlib/prop_10_10_1.vnnlib,.006368079,unsat,.765507409
linearizenn_2024,/home/elipregerson/nnenum/vnncomp2025_benchmarks/benchmarks/linearizenn_2024/onnx/AllInOne_10_10.onnx,/home/elipregerson/nnenum/vnncomp2025_benchmarks/benchmarks/linearizenn_2024/vnnlib/prop_10_10_2.vnnlib,.006258260,unsat,.755905513
linearizenn_2024,/home/elipregerson/nnenum/vnncomp2025_benchmarks/benchmarks/linearizenn_2024/onnx/AllInOne_10_10.onnx,/home/elipregerson/nnenum/vnncomp2025_benchmarks/benchmarks/linearizenn_2024/vnnlib/prop_10_10_3.vnnlib,.006160351,unsat,.761260082
linearizenn_2024,/home/elipregerson/nnenum/vnncomp2025_benchmarks/benchmarks/linearizenn_2024/onnx/AllInOne_10_10.onnx,/home/elipregerson/nnenum/vnncomp2025_benchmarks/benchmarks/linearizenn_2024/vnnlib/prop_10_10_4.vnnlib,.006222721,unsat,.791704208
linearizenn_2024,/home/elipregerson/nnenum/vnncomp2025_benchmarks/benchmarks/linearizenn_2024/onnx/AllInOne_30_30.onnx,/home/elipregerson/nnenum/vnncomp2025_benchmarks/benchmarks/linearizenn_2024/vnnlib/prop_30_30.vnnlib,.005936811,unsat,1.196482240
linearizenn_2024,/home/elipregerson/nnenum/vnncomp2025_benchmarks/benchmarks/linearizenn_2024/onnx/AllInOne_30_30.onnx,/home/elipregerson/nnenum/vnncomp2025_benchmarks/benchmarks/linearizenn_2024/vnnlib/prop_30_30_0.vnnlib,.006059241,unsat,.948494675
linearizenn_2024,/home/elipregerson/nnenum/vnncomp2025_benchmarks/benchmarks/linearizenn_2024/onnx/AllInOne_30_30.onnx,/home/elipregerson/nnenum/vnncomp2025_benchmarks/benchmarks/linearizenn_2024/vnnlib/prop_30_30_1.vnnlib,.006054299,unsat,.859812659
linearizenn_2024,/home/elipregerson/nnenum/vnncomp2025_benchmarks/benchmarks/linearizenn_2024/onnx/AllInOne_30_30.onnx,/home/elipregerson/nnenum/vnncomp2025_benchmarks/benchmarks/linearizenn_2024/vnnlib/prop_30_30_2.vnnlib,.006697909,unsat,.992983892
linearizenn_2024,/home/elipregerson/nnenum/vnncomp2025_benchmarks/benchmarks/linearizenn_2024/onnx/AllInOne_30_30.onnx,/home/elipregerson/nnenum/vnncomp2025_benchmarks/benchmarks/linearizenn_2024/vnnlib/prop_30_30_3.vnnlib,.006075673,unsat,1.055484153
linearizenn_2024,/home/elipregerson/nnenum/vnncomp2025_benchmarks/benchmarks/linearizenn_2024/onnx/AllInOne_30_30.onnx,/home/elipregerson/nnenum/vnncomp2025_benchmarks/benchmarks/linearizenn_2024/vnnlib/prop_30_30_4.vnnlib,.006194095,unsat,.951003166
linearizenn_2024,/home/elipregerson/nnenum/vnncomp2025_benchmarks/benchmarks/linearizenn_2024/onnx/AllInOne_30_80.onnx,/home/elipregerson/nnenum/vnncomp2025_benchmarks/benchmarks/linearizenn_2024/vnnlib/prop_30_80.vnnlib,.006223298,unsat,4.987065867
linearizenn_2024,/home/elipregerson/nnenum/vnncomp2025_benchmarks/benchmarks/linearizenn_2024/onnx/AllInOne_30_80.onnx,/home/elipregerson/nnenum/vnncomp2025_benchmarks/benchmarks/linearizenn_2024/vnnlib/prop_30_80_0.vnnlib,.006531092,unsat,2.920784636
linearizenn_2024,/home/elipregerson/nnenum/vnncomp2025_benchmarks/benchmarks/linearizenn_2024/onnx/AllInOne_30_80.onnx,/home/elipregerson/nnenum/vnncomp2025_benchmarks/benchmarks/linearizenn_2024/vnnlib/prop_30_80_1.vnnlib,.006260582,unsat,2.488157935
linearizenn_2024,/home/elipregerson/nnenum/vnncomp2025_benchmarks/benchmarks/linearizenn_2024/onnx/AllInOne_30_80.onnx,/home/elipregerson/nnenum/vnncomp2025_benchmarks/benchmarks/linearizenn_2024/vnnlib/prop_30_80_2.vnnlib,.006310223,unsat,1.960941233
linearizenn_2024,/home/elipregerson/nnenum/vnncomp2025_benchmarks/benchmarks/linearizenn_2024/onnx/AllInOne_30_80.onnx,/home/elipregerson/nnenum/vnncomp2025_benchmarks/benchmarks/linearizenn_2024/vnnlib/prop_30_80_3.vnnlib,.005998730,unsat,2.002151269
linearizenn_2024,/home/elipregerson/nnenum/vnncomp2025_benchmarks/benchmarks/linearizenn_2024/onnx/AllInOne_30_80.onnx,/home/elipregerson/nnenum/vnncomp2025_benchmarks/benchmarks/linearizenn_2024/vnnlib/prop_30_80_4.vnnlib,.006141275,unsat,1.773947979
linearizenn_2024,/home/elipregerson/nnenum/vnncomp2025_benchmarks/benchmarks/linearizenn_2024/onnx/AllInOne_50_50.onnx,/home/elipregerson/nnenum/vnncomp2025_benchmarks/benchmarks/linearizenn_2024/vnnlib/prop_50_50.vnnlib,.006810016,unsat,2.318907004
linearizenn_2024,/home/elipregerson/nnenum/vnncomp2025_benchmarks/benchmarks/linearizenn_2024/onnx/AllInOne_50_50.onnx,/home/elipregerson/nnenum/vnncomp2025_benchmarks/benchmarks/linearizenn_2024/vnnlib/prop_50_50_0.vnnlib,.005968616,unsat,1.486337566
linearizenn_2024,/home/elipregerson/nnenum/vnncomp2025_benchmarks/benchmarks/linearizenn_2024/onnx/AllInOne_50_50.onnx,/home/elipregerson/nnenum/vnncomp2025_benchmarks/benchmarks/linearizenn_2024/vnnlib/prop_50_50_1.vnnlib,.006018565,unsat,1.266730424
linearizenn_2024,/home/elipregerson/nnenum/vnncomp2025_benchmarks/benchmarks/linearizenn_2024/onnx/AllInOne_50_50.onnx,/home/elipregerson/nnenum/vnncomp2025_benchmarks/benchmarks/linearizenn_2024/vnnlib/prop_50_50_2.vnnlib,.006206669,unsat,1.467116299
linearizenn_2024,/home/elipregerson/nnenum/vnncomp2025_benchmarks/benchmarks/linearizenn_2024/onnx/AllInOne_50_50.onnx,/home/elipregerson/nnenum/vnncomp2025_benchmarks/benchmarks/linearizenn_2024/vnnlib/prop_50_50_3.vnnlib,.006176663,unsat,1.401151014
linearizenn_2024,/home/elipregerson/nnenum/vnncomp2025_benchmarks/benchmarks/linearizenn_2024/onnx/AllInOne_50_50.onnx,/home/elipregerson/nnenum/vnncomp2025_benchmarks/benchmarks/linearizenn_2024/vnnlib/prop_50_50_4.vnnlib,.005921191,unsat,1.551101232
linearizenn_2024,/home/elipregerson/nnenum/vnncomp2025_benchmarks/benchmarks/linearizenn_2024/onnx/AllInOne_50_120.onnx,/home/elipregerson/nnenum/vnncomp2025_benchmarks/benchmarks/linearizenn_2024/vnnlib/prop_50_120.vnnlib,.006142202,unsat,4.661945796
linearizenn_2024,/home/elipregerson/nnenum/vnncomp2025_benchmarks/benchmarks/linearizenn_2024/onnx/AllInOne_50_120.onnx,/home/elipregerson/nnenum/vnncomp2025_benchmarks/benchmarks/linearizenn_2024/vnnlib/prop_50_120_0.vnnlib,.005981267,unsat,2.715662631
linearizenn_2024,/home/elipregerson/nnenum/vnncomp2025_benchmarks/benchmarks/linearizenn_2024/onnx/AllInOne_50_120.onnx,/home/elipregerson/nnenum/vnncomp2025_benchmarks/benchmarks/linearizenn_2024/vnnlib/prop_50_120_1.vnnlib,.006023051,unsat,2.532926702
linearizenn_2024,/home/elipregerson/nnenum/vnncomp2025_benchmarks/benchmarks/linearizenn_2024/onnx/AllInOne_50_120.onnx,/home/elipregerson/nnenum/vnncomp2025_benchmarks/benchmarks/linearizenn_2024/vnnlib/prop_50_120_2.vnnlib,.006153005,unsat,2.664632221
linearizenn_2024,/home/elipregerson/nnenum/vnncomp2025_benchmarks/benchmarks/linearizenn_2024/onnx/AllInOne_50_120.onnx,/home/elipregerson/nnenum/vnncomp2025_benchmarks/benchmarks/linearizenn_2024/vnnlib/prop_50_120_3.vnnlib,.006562892,unsat,2.792364833
linearizenn_2024,/home/elipregerson/nnenum/vnncomp2025_benchmarks/benchmarks/linearizenn_2024/onnx/AllInOne_50_120.onnx,/home/elipregerson/nnenum/vnncomp2025_benchmarks/benchmarks/linearizenn_2024/vnnlib/prop_50_120_4.vnnlib,.006142976,unsat,2.509087309
linearizenn_2024,/home/elipregerson/nnenum/vnncomp2025_benchmarks/benchmarks/linearizenn_2024/onnx/AllInOne_80_30.onnx,/home/elipregerson/nnenum/vnncomp2025_benchmarks/benchmarks/linearizenn_2024/vnnlib/prop_80_30.vnnlib,.006111829,unsat,9.842486388
linearizenn_2024,/home/elipregerson/nnenum/vnncomp2025_benchmarks/benchmarks/linearizenn_2024/onnx/AllInOne_80_30.onnx,/home/elipregerson/nnenum/vnncomp2025_benchmarks/benchmarks/linearizenn_2024/vnnlib/prop_80_30_0.vnnlib,.006179475,unsat,4.325512425
linearizenn_2024,/home/elipregerson/nnenum/vnncomp2025_benchmarks/benchmarks/linearizenn_2024/onnx/AllInOne_80_30.onnx,/home/elipregerson/nnenum/vnncomp2025_benchmarks/benchmarks/linearizenn_2024/vnnlib/prop_80_30_1.vnnlib,.006075201,unsat,3.627340808
linearizenn_2024,/home/elipregerson/nnenum/vnncomp2025_benchmarks/benchmarks/linearizenn_2024/onnx/AllInOne_80_30.onnx,/home/elipregerson/nnenum/vnncomp2025_benchmarks/benchmarks/linearizenn_2024/vnnlib/prop_80_30_2.vnnlib,.005981065,unsat,4.136931310
linearizenn_2024,/home/elipregerson/nnenum/vnncomp2025_benchmarks/benchmarks/linearizenn_2024/onnx/AllInOne_80_30.onnx,/home/elipregerson/nnenum/vnncomp2025_benchmarks/benchmarks/linearizenn_2024/vnnlib/prop_80_30_3.vnnlib,.006303999,unsat,3.043262443
linearizenn_2024,/home/elipregerson/nnenum/vnncomp2025_benchmarks/benchmarks/linearizenn_2024/onnx/AllInOne_80_30.onnx,/home/elipregerson/nnenum/vnncomp2025_benchmarks/benchmarks/linearizenn_2024/vnnlib/prop_80_30_4.vnnlib,.006158597,unsat,3.363790810
linearizenn_2024,/home/elipregerson/nnenum/vnncomp2025_benchmarks/benchmarks/linearizenn_2024/onnx/AllInOne_80_80.onnx,/home/elipregerson/nnenum/vnncomp2025_benchmarks/benchmarks/linearizenn_2024/vnnlib/prop_80_80.vnnlib,.006063930,unsat,5.348667445
linearizenn_2024,/home/elipregerson/nnenum/vnncomp2025_benchmarks/benchmarks/linearizenn_2024/onnx/AllInOne_80_80.onnx,/home/elipregerson/nnenum/vnncomp2025_benchmarks/benchmarks/linearizenn_2024/vnnlib/prop_80_80_0.vnnlib,.006201163,unsat,2.278600580
linearizenn_2024,/home/elipregerson/nnenum/vnncomp2025_benchmarks/benchmarks/linearizenn_2024/onnx/AllInOne_80_80.onnx,/home/elipregerson/nnenum/vnncomp2025_benchmarks/benchmarks/linearizenn_2024/vnnlib/prop_80_80_1.vnnlib,.006156727,unsat,1.386890024
linearizenn_2024,/home/elipregerson/nnenum/vnncomp2025_benchmarks/benchmarks/linearizenn_2024/onnx/AllInOne_80_80.onnx,/home/elipregerson/nnenum/vnncomp2025_benchmarks/benchmarks/linearizenn_2024/vnnlib/prop_80_80_2.vnnlib,.006370354,unsat,2.059613078
linearizenn_2024,/home/elipregerson/nnenum/vnncomp2025_benchmarks/benchmarks/linearizenn_2024/onnx/AllInOne_80_80.onnx,/home/elipregerson/nnenum/vnncomp2025_benchmarks/benchmarks/linearizenn_2024/vnnlib/prop_80_80_3.vnnlib,.006122502,unsat,2.405396167
linearizenn_2024,/home/elipregerson/nnenum/vnncomp2025_benchmarks/benchmarks/linearizenn_2024/onnx/AllInOne_80_80.onnx,/home/elipregerson/nnenum/vnncomp2025_benchmarks/benchmarks/linearizenn_2024/vnnlib/prop_80_80_4.vnnlib,.006249661,unsat,2.038827969
linearizenn_2024,/home/elipregerson/nnenum/vnncomp2025_benchmarks/benchmarks/linearizenn_2024/onnx/AllInOne_120_30.onnx,/home/elipregerson/nnenum/vnncomp2025_benchmarks/benchmarks/linearizenn_2024/vnnlib/prop_120_30.vnnlib,.006045418,unsat,4.719601348
linearizenn_2024,/home/elipregerson/nnenum/vnncomp2025_benchmarks/benchmarks/linearizenn_2024/onnx/AllInOne_120_30.onnx,/home/elipregerson/nnenum/vnncomp2025_benchmarks/benchmarks/linearizenn_2024/vnnlib/prop_120_30_0.vnnlib,.006125657,unsat,2.174606127
linearizenn_2024,/home/elipregerson/nnenum/vnncomp2025_benchmarks/benchmarks/linearizenn_2024/onnx/AllInOne_120_30.onnx,/home/elipregerson/nnenum/vnncomp2025_benchmarks/benchmarks/linearizenn_2024/vnnlib/prop_120_30_1.vnnlib,.006365146,unsat,2.918484335
linearizenn_2024,/home/elipregerson/nnenum/vnncomp2025_benchmarks/benchmarks/linearizenn_2024/onnx/AllInOne_120_30.onnx,/home/elipregerson/nnenum/vnncomp2025_benchmarks/benchmarks/linearizenn_2024/vnnlib/prop_120_30_2.vnnlib,.005987429,unsat,2.762476342
linearizenn_2024,/home/elipregerson/nnenum/vnncomp2025_benchmarks/benchmarks/linearizenn_2024/onnx/AllInOne_120_30.onnx,/home/elipregerson/nnenum/vnncomp2025_benchmarks/benchmarks/linearizenn_2024/vnnlib/prop_120_30_3.vnnlib,.005999428,unsat,2.388790441
linearizenn_2024,/home/elipregerson/nnenum/vnncomp2025_benchmarks/benchmarks/linearizenn_2024/onnx/AllInOne_120_30.onnx,/home/elipregerson/nnenum/vnncomp2025_benchmarks/benchmarks/linearizenn_2024/vnnlib/prop_120_30_4.vnnlib,.006059468,unsat,2.932422827
linearizenn_2024,/home/elipregerson/nnenum/vnncomp2025_benchmarks/benchmarks/linearizenn_2024/onnx/AllInOne_120_50.onnx,/home/elipregerson/nnenum/vnncomp2025_benchmarks/benchmarks/linearizenn_2024/vnnlib/prop_120_50.vnnlib,.006111168,unsat,3.343095396
linearizenn_2024,/home/elipregerson/nnenum/vnncomp2025_benchmarks/benchmarks/linearizenn_2024/onnx/AllInOne_120_50.onnx,/home/elipregerson/nnenum/vnncomp2025_benchmarks/benchmarks/linearizenn_2024/vnnlib/prop_120_50_0.vnnlib,.006224537,unsat,2.017443674
linearizenn_2024,/home/elipregerson/nnenum/vnncomp2025_benchmarks/benchmarks/linearizenn_2024/onnx/AllInOne_120_50.onnx,/home/elipregerson/nnenum/vnncomp2025_benchmarks/benchmarks/linearizenn_2024/vnnlib/prop_120_50_1.vnnlib,.006159736,unsat,1.774754134
linearizenn_2024,/home/elipregerson/nnenum/vnncomp2025_benchmarks/benchmarks/linearizenn_2024/onnx/AllInOne_120_50.onnx,/home/elipregerson/nnenum/vnncomp2025_benchmarks/benchmarks/linearizenn_2024/vnnlib/prop_120_50_2.vnnlib,.006274346,unsat,1.830983365
linearizenn_2024,/home/elipregerson/nnenum/vnncomp2025_benchmarks/benchmarks/linearizenn_2024/onnx/AllInOne_120_50.onnx,/home/elipregerson/nnenum/vnncomp2025_benchmarks/benchmarks/linearizenn_2024/vnnlib/prop_120_50_3.vnnlib,.006180712,unsat,1.829501355
linearizenn_2024,/home/elipregerson/nnenum/vnncomp2025_benchmarks/benchmarks/linearizenn_2024/onnx/AllInOne_120_50.onnx,/home/elipregerson/nnenum/vnncomp2025_benchmarks/benchmarks/linearizenn_2024/vnnlib/prop_120_50_4.vnnlib,.006104528,unsat,1.491188583
linearizenn_2024,/home/elipregerson/nnenum/vnncomp2025_benchmarks/benchmarks/linearizenn_2024/onnx/AllInOne_120_120.onnx,/home/elipregerson/nnenum/vnncomp2025_benchmarks/benchmarks/linearizenn_2024/vnnlib/prop_120_120.vnnlib,.006098865,unsat,.977850585
linearizenn_2024,/home/elipregerson/nnenum/vnncomp2025_benchmarks/benchmarks/linearizenn_2024/onnx/AllInOne_120_120.onnx,/home/elipregerson/nnenum/vnncomp2025_benchmarks/benchmarks/linearizenn_2024/vnnlib/prop_120_120_0.vnnlib,.006290799,unsat,.881180100
linearizenn_2024,/home/elipregerson/nnenum/vnncomp2025_benchmarks/benchmarks/linearizenn_2024/onnx/AllInOne_120_120.onnx,/home/elipregerson/nnenum/vnncomp2025_benchmarks/benchmarks/linearizenn_2024/vnnlib/prop_120_120_1.vnnlib,.006093622,unsat,.843295438
linearizenn_2024,/home/elipregerson/nnenum/vnncomp2025_benchmarks/benchmarks/linearizenn_2024/onnx/AllInOne_120_120.onnx,/home/elipregerson/nnenum/vnncomp2025_benchmarks/benchmarks/linearizenn_2024/vnnlib/prop_120_120_2.vnnlib,.006008919,unsat,.842651847
linearizenn_2024,/home/elipregerson/nnenum/vnncomp2025_benchmarks/benchmarks/linearizenn_2024/onnx/AllInOne_120_120.onnx,/home/elipregerson/nnenum/vnncomp2025_benchmarks/benchmarks/linearizenn_2024/vnnlib/prop_120_120_3.vnnlib,.006135775,unsat,.851857209
linearizenn_2024,/home/elipregerson/nnenum/vnncomp2025_benchmarks/benchmarks/linearizenn_2024/onnx/AllInOne_120_120.onnx,/home/elipregerson/nnenum/vnncomp2025_benchmarks/benchmarks/linearizenn_2024/vnnlib/prop_120_120_4.vnnlib,.006142379,unsat,.875465125
linearizenn_2024,/home/elipregerson/nnenum/vnncomp2025_benchmarks/benchmarks/test/onnx/test_nano.onnx,/home/elipregerson/nnenum/vnncomp2025_benchmarks/benchmarks/test/vnnlib/test_nano.vnnlib,.006156359,unsat,.546388585
lsnc_relu,/home/elipregerson/nnenum/vnncomp2025_benchmarks/benchmarks/lsnc_relu/onnx/relu_quadrotor2d_state.onnx,/home/elipregerson/nnenum/vnncomp2025_benchmarks/benchmarks/lsnc_relu/vnnlib/quadrotor2d_state_0.vnnlib,.005979548,error_exit_code_1,.529242363
lsnc_relu,/home/elipregerson/nnenum/vnncomp2025_benchmarks/benchmarks/lsnc_relu/onnx/relu_quadrotor2d_state.onnx,/home/elipregerson/nnenum/vnncomp2025_benchmarks/benchmarks/lsnc_relu/vnnlib/quadrotor2d_state_1.vnnlib,.006122645,error_exit_code_1,.529046623
lsnc_relu,/home/elipregerson/nnenum/vnncomp2025_benchmarks/benchmarks/lsnc_relu/onnx/relu_quadrotor2d_state.onnx,/home/elipregerson/nnenum/vnncomp2025_benchmarks/benchmarks/lsnc_relu/vnnlib/quadrotor2d_state_2.vnnlib,.006055998,error_exit_code_1,.530040580
lsnc_relu,/home/elipregerson/nnenum/vnncomp2025_benchmarks/benchmarks/lsnc_relu/onnx/relu_quadrotor2d_state.onnx,/home/elipregerson/nnenum/vnncomp2025_benchmarks/benchmarks/lsnc_relu/vnnlib/quadrotor2d_state_3.vnnlib,.006054871,error_exit_code_1,.536381664
lsnc_relu,/home/elipregerson/nnenum/vnncomp2025_benchmarks/benchmarks/lsnc_relu/onnx/relu_quadrotor2d_state.onnx,/home/elipregerson/nnenum/vnncomp2025_benchmarks/benchmarks/lsnc_relu/vnnlib/quadrotor2d_state_4.vnnlib,.005980266,error_exit_code_1,.526478939
lsnc_relu,/home/elipregerson/nnenum/vnncomp2025_benchmarks/benchmarks/lsnc_relu/onnx/relu_quadrotor2d_state.onnx,/home/elipregerson/nnenum/vnncomp2025_benchmarks/benchmarks/lsnc_relu/vnnlib/quadrotor2d_state_5.vnnlib,.006137701,error_exit_code_1,.522903079
lsnc_relu,/home/elipregerson/nnenum/vnncomp2025_benchmarks/benchmarks/lsnc_relu/onnx/relu_quadrotor2d_state.onnx,/home/elipregerson/nnenum/vnncomp2025_benchmarks/benchmarks/lsnc_relu/vnnlib/quadrotor2d_state_6.vnnlib,.006161945,error_exit_code_1,.527540951
lsnc_relu,/home/elipregerson/nnenum/vnncomp2025_benchmarks/benchmarks/lsnc_relu/onnx/relu_quadrotor2d_state.onnx,/home/elipregerson/nnenum/vnncomp2025_benchmarks/benchmarks/lsnc_relu/vnnlib/quadrotor2d_state_7.vnnlib,.006248414,error_exit_code_1,.532350009
lsnc_relu,/home/elipregerson/nnenum/vnncomp2025_benchmarks/benchmarks/lsnc_relu/onnx/relu_quadrotor2d_state.onnx,/home/elipregerson/nnenum/vnncomp2025_benchmarks/benchmarks/lsnc_relu/vnnlib/quadrotor2d_state_8.vnnlib,.006291292,error_exit_code_1,.528325931
lsnc_relu,/home/elipregerson/nnenum/vnncomp2025_benchmarks/benchmarks/lsnc_relu/onnx/relu_quadrotor2d_state.onnx,/home/elipregerson/nnenum/vnncomp2025_benchmarks/benchmarks/lsnc_relu/vnnlib/quadrotor2d_state_9.vnnlib,.005992182,error_exit_code_1,.524687153
lsnc_relu,/home/elipregerson/nnenum/vnncomp2025_benchmarks/benchmarks/lsnc_relu/onnx/relu_quadrotor2d_state.onnx,/home/elipregerson/nnenum/vnncomp2025_benchmarks/benchmarks/lsnc_relu/vnnlib/quadrotor2d_state_10.vnnlib,.006105790,error_exit_code_1,.526552575
lsnc_relu,/home/elipregerson/nnenum/vnncomp2025_benchmarks/benchmarks/lsnc_relu/onnx/relu_quadrotor2d_state.onnx,/home/elipregerson/nnenum/vnncomp2025_benchmarks/benchmarks/lsnc_relu/vnnlib/quadrotor2d_state_11.vnnlib,.006029591,error_exit_code_1,.525700477
lsnc_relu,/home/elipregerson/nnenum/vnncomp2025_benchmarks/benchmarks/lsnc_relu/onnx/relu_quadrotor2d_state.onnx,/home/elipregerson/nnenum/vnncomp2025_benchmarks/benchmarks/lsnc_relu/vnnlib/quadrotor2d_state_12.vnnlib,.006008263,error_exit_code_1,.522536629
lsnc_relu,/home/elipregerson/nnenum/vnncomp2025_benchmarks/benchmarks/lsnc_relu/onnx/relu_quadrotor2d_state.onnx,/home/elipregerson/nnenum/vnncomp2025_benchmarks/benchmarks/lsnc_relu/vnnlib/quadrotor2d_state_13.vnnlib,.006187893,error_exit_code_1,.530024802
lsnc_relu,/home/elipregerson/nnenum/vnncomp2025_benchmarks/benchmarks/lsnc_relu/onnx/relu_quadrotor2d_state.onnx,/home/elipregerson/nnenum/vnncomp2025_benchmarks/benchmarks/lsnc_relu/vnnlib/quadrotor2d_state_14.vnnlib,.005990494,error_exit_code_1,.529406423
lsnc_relu,/home/elipregerson/nnenum/vnncomp2025_benchmarks/benchmarks/lsnc_relu/onnx/relu_quadrotor2d_state.onnx,/home/elipregerson/nnenum/vnncomp2025_benchmarks/benchmarks/lsnc_relu/vnnlib/quadrotor2d_state_15.vnnlib,.006050466,error_exit_code_1,.528614798
lsnc_relu,/home/elipregerson/nnenum/vnncomp2025_benchmarks/benchmarks/lsnc_relu/onnx/relu_quadrotor2d_state.onnx,/home/elipregerson/nnenum/vnncomp2025_benchmarks/benchmarks/lsnc_relu/vnnlib/quadrotor2d_state_16.vnnlib,.006094276,error_exit_code_1,.522916939
lsnc_relu,/home/elipregerson/nnenum/vnncomp2025_benchmarks/benchmarks/lsnc_relu/onnx/relu_quadrotor2d_state.onnx,/home/elipregerson/nnenum/vnncomp2025_benchmarks/benchmarks/lsnc_relu/vnnlib/quadrotor2d_state_17.vnnlib,.006085749,error_exit_code_1,.526812928
lsnc_relu,/home/elipregerson/nnenum/vnncomp2025_benchmarks/benchmarks/lsnc_relu/onnx/relu_quadrotor2d_state.onnx,/home/elipregerson/nnenum/vnncomp2025_benchmarks/benchmarks/lsnc_relu/vnnlib/quadrotor2d_state_18.vnnlib,.006119494,error_exit_code_1,.536140454
lsnc_relu,/home/elipregerson/nnenum/vnncomp2025_benchmarks/benchmarks/lsnc_relu/onnx/relu_quadrotor2d_state.onnx,/home/elipregerson/nnenum/vnncomp2025_benchmarks/benchmarks/lsnc_relu/vnnlib/quadrotor2d_state_19.vnnlib,.006028453,error_exit_code_1,.526914152
lsnc_relu,/home/elipregerson/nnenum/vnncomp2025_benchmarks/benchmarks/lsnc_relu/onnx/relu_quadrotor2d_state.onnx,/home/elipregerson/nnenum/vnncomp2025_benchmarks/benchmarks/lsnc_relu/vnnlib/quadrotor2d_state_20.vnnlib,.006121708,error_exit_code_1,.531132102
lsnc_relu,/home/elipregerson/nnenum/vnncomp2025_benchmarks/benchmarks/lsnc_relu/onnx/relu_quadrotor2d_state.onnx,/home/elipregerson/nnenum/vnncomp2025_benchmarks/benchmarks/lsnc_relu/vnnlib/quadrotor2d_state_21.vnnlib,.006144509,error_exit_code_1,.534172903
lsnc_relu,/home/elipregerson/nnenum/vnncomp2025_benchmarks/benchmarks/lsnc_relu/onnx/relu_quadrotor2d_state.onnx,/home/elipregerson/nnenum/vnncomp2025_benchmarks/benchmarks/lsnc_relu/vnnlib/quadrotor2d_state_22.vnnlib,.005998704,error_exit_code_1,.523168875
lsnc_relu,/home/elipregerson/nnenum/vnncomp2025_benchmarks/benchmarks/lsnc_relu/onnx/relu_quadrotor2d_state.onnx,/home/elipregerson/nnenum/vnncomp2025_benchmarks/benchmarks/lsnc_relu/vnnlib/quadrotor2d_state_23.vnnlib,.006077750,error_exit_code_1,.524686220
lsnc_relu,/home/elipregerson/nnenum/vnncomp2025_benchmarks/benchmarks/lsnc_relu/onnx/relu_quadrotor2d_state.onnx,/home/elipregerson/nnenum/vnncomp2025_benchmarks/benchmarks/lsnc_relu/vnnlib/quadrotor2d_state_24.vnnlib,.006143259,error_exit_code_1,.524054877
lsnc_relu,/home/elipregerson/nnenum/vnncomp2025_benchmarks/benchmarks/lsnc_relu/onnx/relu_quadrotor2d_state.onnx,/home/elipregerson/nnenum/vnncomp2025_benchmarks/benchmarks/lsnc_relu/vnnlib/quadrotor2d_state_25.vnnlib,.006200862,error_exit_code_1,.534825111
lsnc_relu,/home/elipregerson/nnenum/vnncomp2025_benchmarks/benchmarks/lsnc_relu/onnx/relu_quadrotor2d_state.onnx,/home/elipregerson/nnenum/vnncomp2025_benchmarks/benchmarks/lsnc_relu/vnnlib/quadrotor2d_state_26.vnnlib,.006070428,error_exit_code_1,.523737518
lsnc_relu,/home/elipregerson/nnenum/vnncomp2025_benchmarks/benchmarks/lsnc_relu/onnx/relu_quadrotor2d_state.onnx,/home/elipregerson/nnenum/vnncomp2025_benchmarks/benchmarks/lsnc_relu/vnnlib/quadrotor2d_state_27.vnnlib,.005969256,error_exit_code_1,.528926619
lsnc_relu,/home/elipregerson/nnenum/vnncomp2025_benchmarks/benchmarks/lsnc_relu/onnx/relu_quadrotor2d_state.onnx,/home/elipregerson/nnenum/vnncomp2025_benchmarks/benchmarks/lsnc_relu/vnnlib/quadrotor2d_state_28.vnnlib,.006109955,error_exit_code_1,.534442912
lsnc_relu,/home/elipregerson/nnenum/vnncomp2025_benchmarks/benchmarks/lsnc_relu/onnx/relu_quadrotor2d_state.onnx,/home/elipregerson/nnenum/vnncomp2025_benchmarks/benchmarks/lsnc_relu/vnnlib/quadrotor2d_state_29.vnnlib,.006219207,error_exit_code_1,.527906401
lsnc_relu,/home/elipregerson/nnenum/vnncomp2025_benchmarks/benchmarks/lsnc_relu/onnx/relu_quadrotor2d_state.onnx,/home/elipregerson/nnenum/vnncomp2025_benchmarks/benchmarks/lsnc_relu/vnnlib/quadrotor2d_state_30.vnnlib,.006074531,error_exit_code_1,.525028319
lsnc_relu,/home/elipregerson/nnenum/vnncomp2025_benchmarks/benchmarks/lsnc_relu/onnx/relu_quadrotor2d_state.onnx,/home/elipregerson/nnenum/vnncomp2025_benchmarks/benchmarks/lsnc_relu/vnnlib/quadrotor2d_state_31.vnnlib,.006151691,error_exit_code_1,.525957494
lsnc_relu,/home/elipregerson/nnenum/vnncomp2025_benchmarks/benchmarks/lsnc_relu/onnx/relu_quadrotor2d_state.onnx,/home/elipregerson/nnenum/vnncomp2025_benchmarks/benchmarks/lsnc_relu/vnnlib/quadrotor2d_state_32.vnnlib,.006190305,error_exit_code_1,.529029349
lsnc_relu,/home/elipregerson/nnenum/vnncomp2025_benchmarks/benchmarks/lsnc_relu/onnx/relu_quadrotor2d_state.onnx,/home/elipregerson/nnenum/vnncomp2025_benchmarks/benchmarks/lsnc_relu/vnnlib/quadrotor2d_state_33.vnnlib,.006141502,error_exit_code_1,.531656277
lsnc_relu,/home/elipregerson/nnenum/vnncomp2025_benchmarks/benchmarks/lsnc_relu/onnx/relu_quadrotor2d_state.onnx,/home/elipregerson/nnenum/vnncomp2025_benchmarks/benchmarks/lsnc_relu/vnnlib/quadrotor2d_state_34.vnnlib,.005902138,error_exit_code_1,.531972824
lsnc_relu,/home/elipregerson/nnenum/vnncomp2025_benchmarks/benchmarks/lsnc_relu/onnx/relu_quadrotor2d_state.onnx,/home/elipregerson/nnenum/vnncomp2025_benchmarks/benchmarks/lsnc_relu/vnnlib/quadrotor2d_state_35.vnnlib,.006113245,error_exit_code_1,.527961854
lsnc_relu,/home/elipregerson/nnenum/vnncomp2025_benchmarks/benchmarks/lsnc_relu/onnx/relu_quadrotor2d_state.onnx,/home/elipregerson/nnenum/vnncomp2025_benchmarks/benchmarks/lsnc_relu/vnnlib/quadrotor2d_state_36.vnnlib,.006019279,error_exit_code_1,.527010478
lsnc_relu,/home/elipregerson/nnenum/vnncomp2025_benchmarks/benchmarks/lsnc_relu/onnx/relu_quadrotor2d_state.onnx,/home/elipregerson/nnenum/vnncomp2025_benchmarks/benchmarks/lsnc_relu/vnnlib/quadrotor2d_state_37.vnnlib,.005993285,error_exit_code_1,.529761551
lsnc_relu,/home/elipregerson/nnenum/vnncomp2025_benchmarks/benchmarks/lsnc_relu/onnx/relu_quadrotor2d_state.onnx,/home/elipregerson/nnenum/vnncomp2025_benchmarks/benchmarks/lsnc_relu/vnnlib/quadrotor2d_state_38.vnnlib,.006131819,error_exit_code_1,.531057560
lsnc_relu,/home/elipregerson/nnenum/vnncomp2025_benchmarks/benchmarks/lsnc_relu/onnx/relu_quadrotor2d_state.onnx,/home/elipregerson/nnenum/vnncomp2025_benchmarks/benchmarks/lsnc_relu/vnnlib/quadrotor2d_state_39.vnnlib,.006045289,error_exit_code_1,.525521924
lsnc_relu,/home/elipregerson/nnenum/vnncomp2025_benchmarks/benchmarks/lsnc_relu/onnx/relu_quadrotor2d_state.onnx,/home/elipregerson/nnenum/vnncomp2025_benchmarks/benchmarks/lsnc_relu/vnnlib/quadrotor2d_state_40.vnnlib,.006066383,error_exit_code_1,.532151520
lsnc_relu,/home/elipregerson/nnenum/vnncomp2025_benchmarks/benchmarks/lsnc_relu/onnx/relu_quadrotor2d_state.onnx,/home/elipregerson/nnenum/vnncomp2025_benchmarks/benchmarks/lsnc_relu/vnnlib/quadrotor2d_state_41.vnnlib,.006133371,error_exit_code_1,.529300688
lsnc_relu,/home/elipregerson/nnenum/vnncomp2025_benchmarks/benchmarks/lsnc_relu/onnx/relu_quadrotor2d_state.onnx,/home/elipregerson/nnenum/vnncomp2025_benchmarks/benchmarks/lsnc_relu/vnnlib/quadrotor2d_state_42.vnnlib,.006056801,error_exit_code_1,.524588574
lsnc_relu,/home/elipregerson/nnenum/vnncomp2025_benchmarks/benchmarks/lsnc_relu/onnx/relu_quadrotor2d_state.onnx,/home/elipregerson/nnenum/vnncomp2025_benchmarks/benchmarks/lsnc_relu/vnnlib/quadrotor2d_state_43.vnnlib,.006367362,error_exit_code_1,.525253723
lsnc_relu,/home/elipregerson/nnenum/vnncomp2025_benchmarks/benchmarks/lsnc_relu/onnx/relu_quadrotor2d_state.onnx,/home/elipregerson/nnenum/vnncomp2025_benchmarks/benchmarks/lsnc_relu/vnnlib/quadrotor2d_state_44.vnnlib,.006120576,error_exit_code_1,.526122199
lsnc_relu,/home/elipregerson/nnenum/vnncomp2025_benchmarks/benchmarks/lsnc_relu/onnx/relu_quadrotor2d_state.onnx,/home/elipregerson/nnenum/vnncomp2025_benchmarks/benchmarks/lsnc_relu/vnnlib/quadrotor2d_state_45.vnnlib,.006047438,error_exit_code_1,.520573746
lsnc_relu,/home/elipregerson/nnenum/vnncomp2025_benchmarks/benchmarks/lsnc_relu/onnx/relu_quadrotor2d_state.onnx,/home/elipregerson/nnenum/vnncomp2025_benchmarks/benchmarks/lsnc_relu/vnnlib/quadrotor2d_state_46.vnnlib,.006095005,error_exit_code_1,.526431688
lsnc_relu,/home/elipregerson/nnenum/vnncomp2025_benchmarks/benchmarks/lsnc_relu/onnx/relu_quadrotor2d_state.onnx,/home/elipregerson/nnenum/vnncomp2025_benchmarks/benchmarks/lsnc_relu/vnnlib/quadrotor2d_state_47.vnnlib,.005971315,error_exit_code_1,.529430314
lsnc_relu,/home/elipregerson/nnenum/vnncomp2025_benchmarks/benchmarks/lsnc_relu/onnx/relu_quadrotor2d_state.onnx,/home/elipregerson/nnenum/vnncomp2025_benchmarks/benchmarks/lsnc_relu/vnnlib/quadrotor2d_state_48.vnnlib,.006051963,error_exit_code_1,.530466545
lsnc_relu,/home/elipregerson/nnenum/vnncomp2025_benchmarks/benchmarks/lsnc_relu/onnx/relu_quadrotor2d_state.onnx,/home/elipregerson/nnenum/vnncomp2025_benchmarks/benchmarks/lsnc_relu/vnnlib/quadrotor2d_state_49.vnnlib,.006125265,error_exit_code_1,.538405362
lsnc_relu,/home/elipregerson/nnenum/vnncomp2025_benchmarks/benchmarks/lsnc_relu/onnx/relu_quadrotor2d_state.onnx,/home/elipregerson/nnenum/vnncomp2025_benchmarks/benchmarks/lsnc_relu/vnnlib/quadrotor2d_state_50.vnnlib,.006086863,error_exit_code_1,.531039402
lsnc_relu,/home/elipregerson/nnenum/vnncomp2025_benchmarks/benchmarks/lsnc_relu/onnx/relu_quadrotor2d_state.onnx,/home/elipregerson/nnenum/vnncomp2025_benchmarks/benchmarks/lsnc_relu/vnnlib/quadrotor2d_state_51.vnnlib,.006049911,error_exit_code_1,.526430929
lsnc_relu,/home/elipregerson/nnenum/vnncomp2025_benchmarks/benchmarks/lsnc_relu/onnx/relu_quadrotor2d_state.onnx,/home/elipregerson/nnenum/vnncomp2025_benchmarks/benchmarks/lsnc_relu/vnnlib/quadrotor2d_state_52.vnnlib,.006009257,error_exit_code_1,.530169295
lsnc_relu,/home/elipregerson/nnenum/vnncomp2025_benchmarks/benchmarks/lsnc_relu/onnx/relu_quadrotor2d_state.onnx,/home/elipregerson/nnenum/vnncomp2025_benchmarks/benchmarks/lsnc_relu/vnnlib/quadrotor2d_state_53.vnnlib,.006025148,error_exit_code_1,.522970346
lsnc_relu,/home/elipregerson/nnenum/vnncomp2025_benchmarks/benchmarks/lsnc_relu/onnx/relu_quadrotor2d_state.onnx,/home/elipregerson/nnenum/vnncomp2025_benchmarks/benchmarks/lsnc_relu/vnnlib/quadrotor2d_state_54.vnnlib,.006052491,error_exit_code_1,.524584149
lsnc_relu,/home/elipregerson/nnenum/vnncomp2025_benchmarks/benchmarks/lsnc_relu/onnx/relu_quadrotor2d_state.onnx,/home/elipregerson/nnenum/vnncomp2025_benchmarks/benchmarks/lsnc_relu/vnnlib/quadrotor2d_state_55.vnnlib,.005994174,error_exit_code_1,.524280163
lsnc_relu,/home/elipregerson/nnenum/vnncomp2025_benchmarks/benchmarks/lsnc_relu/onnx/relu_quadrotor2d_state.onnx,/home/elipregerson/nnenum/vnncomp2025_benchmarks/benchmarks/lsnc_relu/vnnlib/quadrotor2d_state_56.vnnlib,.006180932,error_exit_code_1,.523287539
lsnc_relu,/home/elipregerson/nnenum/vnncomp2025_benchmarks/benchmarks/lsnc_relu/onnx/relu_quadrotor2d_state.onnx,/home/elipregerson/nnenum/vnncomp2025_benchmarks/benchmarks/lsnc_relu/vnnlib/quadrotor2d_state_57.vnnlib,.006310699,error_exit_code_1,.527942162
lsnc_relu,/home/elipregerson/nnenum/vnncomp2025_benchmarks/benchmarks/lsnc_relu/onnx/relu_quadrotor2d_state.onnx,/home/elipregerson/nnenum/vnncomp2025_benchmarks/benchmarks/lsnc_relu/vnnlib/quadrotor2d_state_58.vnnlib,.006105167,error_exit_code_1,.528877065
lsnc_relu,/home/elipregerson/nnenum/vnncomp2025_benchmarks/benchmarks/lsnc_relu/onnx/relu_quadrotor2d_state.onnx,/home/elipregerson/nnenum/vnncomp2025_benchmarks/benchmarks/lsnc_relu/vnnlib/quadrotor2d_state_59.vnnlib,.006035487,error_exit_code_1,.529552633
lsnc_relu,/home/elipregerson/nnenum/vnncomp2025_benchmarks/benchmarks/lsnc_relu/onnx/relu_quadrotor2d_state.onnx,/home/elipregerson/nnenum/vnncomp2025_benchmarks/benchmarks/lsnc_relu/vnnlib/quadrotor2d_state_60.vnnlib,.006263318,error_exit_code_1,.528492905
lsnc_relu,/home/elipregerson/nnenum/vnncomp2025_benchmarks/benchmarks/lsnc_relu/onnx/relu_quadrotor2d_state.onnx,/home/elipregerson/nnenum/vnncomp2025_benchmarks/benchmarks/lsnc_relu/vnnlib/quadrotor2d_state_61.vnnlib,.006051813,error_exit_code_1,.525632338
lsnc_relu,/home/elipregerson/nnenum/vnncomp2025_benchmarks/benchmarks/lsnc_relu/onnx/relu_quadrotor2d_state.onnx,/home/elipregerson/nnenum/vnncomp2025_benchmarks/benchmarks/lsnc_relu/vnnlib/quadrotor2d_state_62.vnnlib,.006185161,error_exit_code_1,.526631569
lsnc_relu,/home/elipregerson/nnenum/vnncomp2025_benchmarks/benchmarks/lsnc_relu/onnx/relu_quadrotor2d_state.onnx,/home/elipregerson/nnenum/vnncomp2025_benchmarks/benchmarks/lsnc_relu/vnnlib/quadrotor2d_state_63.vnnlib,.006209083,error_exit_code_1,.523292975
lsnc_relu,/home/elipregerson/nnenum/vnncomp2025_benchmarks/benchmarks/lsnc_relu/onnx/relu_quadrotor2d_state.onnx,/home/elipregerson/nnenum/vnncomp2025_benchmarks/benchmarks/lsnc_relu/vnnlib/quadrotor2d_state_64.vnnlib,.006073300,error_exit_code_1,.525074617
lsnc_relu,/home/elipregerson/nnenum/vnncomp2025_benchmarks/benchmarks/lsnc_relu/onnx/relu_quadrotor2d_state.onnx,/home/elipregerson/nnenum/vnncomp2025_benchmarks/benchmarks/lsnc_relu/vnnlib/quadrotor2d_state_65.vnnlib,.006271032,error_exit_code_1,.524771492
lsnc_relu,/home/elipregerson/nnenum/vnncomp2025_benchmarks/benchmarks/lsnc_relu/onnx/relu_quadrotor2d_state.onnx,/home/elipregerson/nnenum/vnncomp2025_benchmarks/benchmarks/lsnc_relu/vnnlib/quadrotor2d_state_66.vnnlib,.006082959,error_exit_code_1,.522342052
lsnc_relu,/home/elipregerson/nnenum/vnncomp2025_benchmarks/benchmarks/lsnc_relu/onnx/relu_quadrotor2d_state.onnx,/home/elipregerson/nnenum/vnncomp2025_benchmarks/benchmarks/lsnc_relu/vnnlib/quadrotor2d_state_67.vnnlib,.006127731,error_exit_code_1,.521900071
lsnc_relu,/home/elipregerson/nnenum/vnncomp2025_benchmarks/benchmarks/lsnc_relu/onnx/relu_quadrotor2d_state.onnx,/home/elipregerson/nnenum/vnncomp2025_benchmarks/benchmarks/lsnc_relu/vnnlib/quadrotor2d_state_68.vnnlib,.006178495,error_exit_code_1,.527304976
lsnc_relu,/home/elipregerson/nnenum/vnncomp2025_benchmarks/benchmarks/lsnc_relu/onnx/relu_quadrotor2d_state.onnx,/home/elipregerson/nnenum/vnncomp2025_benchmarks/benchmarks/lsnc_relu/vnnlib/quadrotor2d_state_69.vnnlib,.006153858,error_exit_code_1,.526062896
lsnc_relu,/home/elipregerson/nnenum/vnncomp2025_benchmarks/benchmarks/lsnc_relu/onnx/relu_quadrotor2d_state.onnx,/home/elipregerson/nnenum/vnncomp2025_benchmarks/benchmarks/lsnc_relu/vnnlib/quadrotor2d_state_70.vnnlib,.006044276,error_exit_code_1,.529446042
lsnc_relu,/home/elipregerson/nnenum/vnncomp2025_benchmarks/benchmarks/lsnc_relu/onnx/relu_quadrotor2d_state.onnx,/home/elipregerson/nnenum/vnncomp2025_benchmarks/benchmarks/lsnc_relu/vnnlib/quadrotor2d_state_71.vnnlib,.006149717,error_exit_code_1,.527235796
lsnc_relu,/home/elipregerson/nnenum/vnncomp2025_benchmarks/benchmarks/lsnc_relu/onnx/relu_quadrotor2d_state.onnx,/home/elipregerson/nnenum/vnncomp2025_benchmarks/benchmarks/lsnc_relu/vnnlib/quadrotor2d_state_72.vnnlib,.006111996,error_exit_code_1,.528265304
lsnc_relu,/home/elipregerson/nnenum/vnncomp2025_benchmarks/benchmarks/lsnc_relu/onnx/relu_quadrotor2d_state.onnx,/home/elipregerson/nnenum/vnncomp2025_benchmarks/benchmarks/lsnc_relu/vnnlib/quadrotor2d_state_73.vnnlib,.006067434,error_exit_code_1,.533654689
lsnc_relu,/home/elipregerson/nnenum/vnncomp2025_benchmarks/benchmarks/lsnc_relu/onnx/relu_quadrotor2d_state.onnx,/home/elipregerson/nnenum/vnncomp2025_benchmarks/benchmarks/lsnc_relu/vnnlib/quadrotor2d_state_74.vnnlib,.006236024,error_exit_code_1,.527590802
lsnc_relu,/home/elipregerson/nnenum/vnncomp2025_benchmarks/benchmarks/lsnc_relu/onnx/relu_quadrotor2d_state.onnx,/home/elipregerson/nnenum/vnncomp2025_benchmarks/benchmarks/lsnc_relu/vnnlib/quadrotor2d_state_75.vnnlib,.006162368,error_exit_code_1,.529018579
lsnc_relu,/home/elipregerson/nnenum/vnncomp2025_benchmarks/benchmarks/lsnc_relu/onnx/relu_quadrotor2d_state.onnx,/home/elipregerson/nnenum/vnncomp2025_benchmarks/benchmarks/lsnc_relu/vnnlib/quadrotor2d_state_76.vnnlib,.006111550,error_exit_code_1,.525393985
lsnc_relu,/home/elipregerson/nnenum/vnncomp2025_benchmarks/benchmarks/lsnc_relu/onnx/relu_quadrotor2d_state.onnx,/home/elipregerson/nnenum/vnncomp2025_benchmarks/benchmarks/lsnc_relu/vnnlib/quadrotor2d_state_77.vnnlib,.006314862,error_exit_code_1,.527594503
lsnc_relu,/home/elipregerson/nnenum/vnncomp2025_benchmarks/benchmarks/lsnc_relu/onnx/relu_quadrotor2d_state.onnx,/home/elipregerson/nnenum/vnncomp2025_benchmarks/benchmarks/lsnc_relu/vnnlib/quadrotor2d_state_78.vnnlib,.008975528,error_exit_code_1,.522727300
lsnc_relu,/home/elipregerson/nnenum/vnncomp2025_benchmarks/benchmarks/lsnc_relu/onnx/relu_quadrotor2d_state.onnx,/home/elipregerson/nnenum/vnncomp2025_benchmarks/benchmarks/lsnc_relu/vnnlib/quadrotor2d_state_79.vnnlib,.005905044,error_exit_code_1,.529476754
lsnc_relu,/home/elipregerson/nnenum/vnncomp2025_benchmarks/benchmarks/test/onnx/test_nano.onnx,/home/elipregerson/nnenum/vnncomp2025_benchmarks/benchmarks/test/vnnlib/test_nano.vnnlib,.006130721,unsat,.527331282
malbeware,/home/elipregerson/nnenum/vnncomp2025_benchmarks/benchmarks/malbeware/onnx/malware_malimg_family_scaled_linear-25.onnx,/home/elipregerson/nnenum/vnncomp2025_benchmarks/benchmarks/malbeware/vnnlib/malbeware_family-Obfuscator.AD_label-17_eps-1_idx-89.vnnlib,.006059855,unsat,2.006302347
malbeware,/home/elipregerson/nnenum/vnncomp2025_benchmarks/benchmarks/malbeware/onnx/malware_malimg_family_scaled_linear-25.onnx,/home/elipregerson/nnenum/vnncomp2025_benchmarks/benchmarks/malbeware/vnnlib/malbeware_family-VB.AT_label-22_eps-3_idx-112.vnnlib,.006137194,unsat,1.996491650
malbeware,/home/elipregerson/nnenum/vnncomp2025_benchmarks/benchmarks/malbeware/onnx/malware_malimg_family_scaled_linear-25.onnx,/home/elipregerson/nnenum/vnncomp2025_benchmarks/benchmarks/malbeware/vnnlib/malbeware_family-Allaple.A_label-2_eps-3_idx-11.vnnlib,.006017951,unsat,1.982403451
malbeware,/home/elipregerson/nnenum/vnncomp2025_benchmarks/benchmarks/malbeware/onnx/malware_malimg_family_scaled_linear-25.onnx,/home/elipregerson/nnenum/vnncomp2025_benchmarks/benchmarks/malbeware/vnnlib/malbeware_family-Skintrim.N_label-19_eps-3_idx-96.vnnlib,.005937468,unsat,1.998617926
malbeware,/home/elipregerson/nnenum/vnncomp2025_benchmarks/benchmarks/malbeware/onnx/malware_malimg_family_scaled_linear-25.onnx,/home/elipregerson/nnenum/vnncomp2025_benchmarks/benchmarks/malbeware/vnnlib/malbeware_family-Lolyda.AA1_label-12_eps-3_idx-64.vnnlib,.006112134,unsat,1.984058876
malbeware,/home/elipregerson/nnenum/vnncomp2025_benchmarks/benchmarks/malbeware/onnx/malware_malimg_family_scaled_linear-25.onnx,/home/elipregerson/nnenum/vnncomp2025_benchmarks/benchmarks/malbeware/vnnlib/malbeware_family-Agent.FYI_label-1_eps-2_idx-8.vnnlib,.006003503,unsat,1.992948863
malbeware,/home/elipregerson/nnenum/vnncomp2025_benchmarks/benchmarks/malbeware/onnx/malware_malimg_family_scaled_linear-25.onnx,/home/elipregerson/nnenum/vnncomp2025_benchmarks/benchmarks/malbeware/vnnlib/malbeware_family-Alueron.gen!J_label-4_eps-3_idx-21.vnnlib,.006299071,unsat,1.987767939
malbeware,/home/elipregerson/nnenum/vnncomp2025_benchmarks/benchmarks/malbeware/onnx/malware_malimg_family_scaled_linear-25.onnx,/home/elipregerson/nnenum/vnncomp2025_benchmarks/benchmarks/malbeware/vnnlib/malbeware_family-Rbotigen_label-18_eps-2_idx-92.vnnlib,.006244786,unsat,2.004848480
malbeware,/home/elipregerson/nnenum/vnncomp2025_benchmarks/benchmarks/malbeware/onnx/malware_malimg_family_scaled_linear-25.onnx,/home/elipregerson/nnenum/vnncomp2025_benchmarks/benchmarks/malbeware/vnnlib/malbeware_family-Yuner.A_label-24_eps-3_idx-120.vnnlib,.006340879,unsat,2.008501975
malbeware,/home/elipregerson/nnenum/vnncomp2025_benchmarks/benchmarks/malbeware/onnx/malware_malimg_family_scaled_linear-25.onnx,/home/elipregerson/nnenum/vnncomp2025_benchmarks/benchmarks/malbeware/vnnlib/malbeware_family-Swizzor.gen!E_label-20_eps-3_idx-102.vnnlib,.006012999,unsat,2.012437060
malbeware,/home/elipregerson/nnenum/vnncomp2025_benchmarks/benchmarks/malbeware/onnx/malware_malimg_family_scaled_linear-25.onnx,/home/elipregerson/nnenum/vnncomp2025_benchmarks/benchmarks/malbeware/vnnlib/malbeware_family-Lolyda.AA1_label-12_eps-3_idx-60.vnnlib,.006184474,unsat,1.991044055
malbeware,/home/elipregerson/nnenum/vnncomp2025_benchmarks/benchmarks/malbeware/onnx/malware_malimg_family_scaled_linear-25.onnx,/home/elipregerson/nnenum/vnncomp2025_benchmarks/benchmarks/malbeware/vnnlib/malbeware_family-Skintrim.N_label-19_eps-1_idx-96.vnnlib,.005955641,unsat,1.999745116
malbeware,/home/elipregerson/nnenum/vnncomp2025_benchmarks/benchmarks/malbeware/onnx/malware_malimg_family_scaled_linear-25.onnx,/home/elipregerson/nnenum/vnncomp2025_benchmarks/benchmarks/malbeware/vnnlib/malbeware_family-Fakerean_label-10_eps-3_idx-54.vnnlib,.006235693,unsat,2.002798211
malbeware,/home/elipregerson/nnenum/vnncomp2025_benchmarks/benchmarks/malbeware/onnx/malware_malimg_family_scaled_linear-25.onnx,/home/elipregerson/nnenum/vnncomp2025_benchmarks/benchmarks/malbeware/vnnlib/malbeware_family-Allaple.L_label-3_eps-2_idx-16.vnnlib,.006138757,unsat,2.015752967
malbeware,/home/elipregerson/nnenum/vnncomp2025_benchmarks/benchmarks/malbeware/onnx/malware_malimg_family_scaled_linear-25.onnx,/home/elipregerson/nnenum/vnncomp2025_benchmarks/benchmarks/malbeware/vnnlib/malbeware_family-Adialer.C_label-0_eps-1_idx-4.vnnlib,.006160815,unsat,2.018870027
malbeware,/home/elipregerson/nnenum/vnncomp2025_benchmarks/benchmarks/malbeware/onnx/malware_malimg_family_scaled_linear-25.onnx,/home/elipregerson/nnenum/vnncomp2025_benchmarks/benchmarks/malbeware/vnnlib/malbeware_family-Wintrim.BX_label-23_eps-3_idx-119.vnnlib,.005962510,unsat,2.000527984
malbeware,/home/elipregerson/nnenum/vnncomp2025_benchmarks/benchmarks/malbeware/onnx/malware_malimg_family_scaled_linear-25.onnx,/home/elipregerson/nnenum/vnncomp2025_benchmarks/benchmarks/malbeware/vnnlib/malbeware_family-Rbotigen_label-18_eps-2_idx-94.vnnlib,.006033814,unsat,1.986492319
malbeware,/home/elipregerson/nnenum/vnncomp2025_benchmarks/benchmarks/malbeware/onnx/malware_malimg_family_scaled_linear-25.onnx,/home/elipregerson/nnenum/vnncomp2025_benchmarks/benchmarks/malbeware/vnnlib/malbeware_family-Obfuscator.AD_label-17_eps-2_idx-87.vnnlib,.005983251,unsat,1.987942500
malbeware,/home/elipregerson/nnenum/vnncomp2025_benchmarks/benchmarks/malbeware/onnx/malware_malimg_family_scaled_linear-25.onnx,/home/elipregerson/nnenum/vnncomp2025_benchmarks/benchmarks/malbeware/vnnlib/malbeware_family-Lolyda.AA3_label-14_eps-1_idx-71.vnnlib,.006072176,unsat,1.984615594
malbeware,/home/elipregerson/nnenum/vnncomp2025_benchmarks/benchmarks/malbeware/onnx/malware_malimg_family_scaled_linear-25.onnx,/home/elipregerson/nnenum/vnncomp2025_benchmarks/benchmarks/malbeware/vnnlib/malbeware_family-Malex.gen!J_label-16_eps-1_idx-84.vnnlib,.006133016,unsat,1.992445664
malbeware,/home/elipregerson/nnenum/vnncomp2025_benchmarks/benchmarks/malbeware/onnx/malware_malimg_family_scaled_linear-25.onnx,/home/elipregerson/nnenum/vnncomp2025_benchmarks/benchmarks/malbeware/vnnlib/malbeware_family-Dontovo.A_label-9_eps-1_idx-48.vnnlib,.006164090,unsat,1.980244606
malbeware,/home/elipregerson/nnenum/vnncomp2025_benchmarks/benchmarks/malbeware/onnx/malware_malimg_family_scaled_linear-25.onnx,/home/elipregerson/nnenum/vnncomp2025_benchmarks/benchmarks/malbeware/vnnlib/malbeware_family-Swizzor.gen!E_label-20_eps-3_idx-100.vnnlib,.006380288,sat,2.860825500
malbeware,/home/elipregerson/nnenum/vnncomp2025_benchmarks/benchmarks/malbeware/onnx/malware_malimg_family_scaled_linear-25.onnx,/home/elipregerson/nnenum/vnncomp2025_benchmarks/benchmarks/malbeware/vnnlib/malbeware_family-Wintrim.BX_label-23_eps-2_idx-117.vnnlib,.006263733,unsat,2.008651148
malbeware,/home/elipregerson/nnenum/vnncomp2025_benchmarks/benchmarks/malbeware/onnx/malware_malimg_family_scaled_linear-25.onnx,/home/elipregerson/nnenum/vnncomp2025_benchmarks/benchmarks/malbeware/vnnlib/malbeware_family-Autorun.K_label-5_eps-1_idx-25.vnnlib,.006322012,unsat,1.992936620
malbeware,/home/elipregerson/nnenum/vnncomp2025_benchmarks/benchmarks/malbeware/onnx/malware_malimg_family_scaled_linear-25.onnx,/home/elipregerson/nnenum/vnncomp2025_benchmarks/benchmarks/malbeware/vnnlib/malbeware_family-Lolyda.AA3_label-14_eps-3_idx-71.vnnlib,.006026921,unsat,1.987105320
malbeware,/home/elipregerson/nnenum/vnncomp2025_benchmarks/benchmarks/malbeware/onnx/malware_malimg_family_scaled_linear-25.onnx,/home/elipregerson/nnenum/vnncomp2025_benchmarks/benchmarks/malbeware/vnnlib/malbeware_family-Agent.FYI_label-1_eps-3_idx-8.vnnlib,.006194273,unsat,1.983122403
malbeware,/home/elipregerson/nnenum/vnncomp2025_benchmarks/benchmarks/malbeware/onnx/malware_malimg_family_scaled_linear-25.onnx,/home/elipregerson/nnenum/vnncomp2025_benchmarks/benchmarks/malbeware/vnnlib/malbeware_family-Allaple.A_label-2_eps-3_idx-12.vnnlib,.006168678,unsat,1.991539928
malbeware,/home/elipregerson/nnenum/vnncomp2025_benchmarks/benchmarks/malbeware/onnx/malware_malimg_family_scaled_linear-25.onnx,/home/elipregerson/nnenum/vnncomp2025_benchmarks/benchmarks/malbeware/vnnlib/malbeware_family-Lolyda.AA2_label-13_eps-2_idx-68.vnnlib,.006129285,unsat,1.990053979
malbeware,/home/elipregerson/nnenum/vnncomp2025_benchmarks/benchmarks/malbeware/onnx/malware_malimg_family_scaled_linear-25.onnx,/home/elipregerson/nnenum/vnncomp2025_benchmarks/benchmarks/malbeware/vnnlib/malbeware_family-Lolyda.AA2_label-13_eps-1_idx-66.vnnlib,.006172323,unsat,2.001089315
malbeware,/home/elipregerson/nnenum/vnncomp2025_benchmarks/benchmarks/malbeware/onnx/malware_malimg_family_scaled_linear-25.onnx,/home/elipregerson/nnenum/vnncomp2025_benchmarks/benchmarks/malbeware/vnnlib/malbeware_family-Autorun.K_label-5_eps-2_idx-29.vnnlib,.019162062,unsat,2.006213806
malbeware,/home/elipregerson/nnenum/vnncomp2025_benchmarks/benchmarks/malbeware/onnx/malware_malimg_family_scaled_linear-25.onnx,/home/elipregerson/nnenum/vnncomp2025_benchmarks/benchmarks/malbeware/vnnlib/malbeware_family-Lolyda.AT_label-15_eps-1_idx-79.vnnlib,.006110625,unsat,1.989566942
malbeware,/home/elipregerson/nnenum/vnncomp2025_benchmarks/benchmarks/malbeware/onnx/malware_malimg_family_scaled_linear-25.onnx,/home/elipregerson/nnenum/vnncomp2025_benchmarks/benchmarks/malbeware/vnnlib/malbeware_family-VB.AT_label-22_eps-2_idx-112.vnnlib,.006113577,unsat,2.005147324
malbeware,/home/elipregerson/nnenum/vnncomp2025_benchmarks/benchmarks/malbeware/onnx/malware_malimg_family_scaled_linear-25.onnx,/home/elipregerson/nnenum/vnncomp2025_benchmarks/benchmarks/malbeware/vnnlib/malbeware_family-C2LOP.P_label-6_eps-2_idx-30.vnnlib,.006236819,unsat,1.987499255
malbeware,/home/elipregerson/nnenum/vnncomp2025_benchmarks/benchmarks/malbeware/onnx/malware_malimg_family_scaled_linear-25.onnx,/home/elipregerson/nnenum/vnncomp2025_benchmarks/benchmarks/malbeware/vnnlib/malbeware_family-Instantaccess_label-11_eps-2_idx-57.vnnlib,.006142479,unsat,2.003042741
malbeware,/home/elipregerson/nnenum/vnncomp2025_benchmarks/benchmarks/malbeware/onnx/malware_malimg_family_scaled_linear-25.onnx,/home/elipregerson/nnenum/vnncomp2025_benchmarks/benchmarks/malbeware/vnnlib/malbeware_family-Dialplatform.B_label-8_eps-1_idx-40.vnnlib,.006201213,unsat,1.984049825
malbeware,/home/elipregerson/nnenum/vnncomp2025_benchmarks/benchmarks/malbeware/onnx/malware_malimg_family_scaled_linear-25.onnx,/home/elipregerson/nnenum/vnncomp2025_benchmarks/benchmarks/malbeware/vnnlib/malbeware_family-Malex.gen!J_label-16_eps-3_idx-82.vnnlib,.006078734,unsat,1.990962201
malbeware,/home/elipregerson/nnenum/vnncomp2025_benchmarks/benchmarks/malbeware/onnx/malware_malimg_family_scaled_linear-25.onnx,/home/elipregerson/nnenum/vnncomp2025_benchmarks/benchmarks/malbeware/vnnlib/malbeware_family-Autorun.K_label-5_eps-1_idx-27.vnnlib,.006479601,unsat,1.993927301
malbeware,/home/elipregerson/nnenum/vnncomp2025_benchmarks/benchmarks/malbeware/onnx/malware_malimg_family_scaled_linear-25.onnx,/home/elipregerson/nnenum/vnncomp2025_benchmarks/benchmarks/malbeware/vnnlib/malbeware_family-Allaple.L_label-3_eps-3_idx-16.vnnlib,.006430178,unsat,1.952314534
malbeware,/home/elipregerson/nnenum/vnncomp2025_benchmarks/benchmarks/malbeware/onnx/malware_malimg_family_scaled_linear-25.onnx,/home/elipregerson/nnenum/vnncomp2025_benchmarks/benchmarks/malbeware/vnnlib/malbeware_family-Allaple.L_label-3_eps-1_idx-18.vnnlib,.005998082,unsat,1.995215649
malbeware,/home/elipregerson/nnenum/vnncomp2025_benchmarks/benchmarks/malbeware/onnx/malware_malimg_family_scaled_linear-25.onnx,/home/elipregerson/nnenum/vnncomp2025_benchmarks/benchmarks/malbeware/vnnlib/malbeware_family-Swizzor.gen!E_label-20_eps-2_idx-104.vnnlib,.006117641,unsat,1.956046684
malbeware,/home/elipregerson/nnenum/vnncomp2025_benchmarks/benchmarks/malbeware/onnx/malware_malimg_family_scaled_linear-25.onnx,/home/elipregerson/nnenum/vnncomp2025_benchmarks/benchmarks/malbeware/vnnlib/malbeware_family-VB.AT_label-22_eps-3_idx-111.vnnlib,.006178310,unsat,1.989085136
malbeware,/home/elipregerson/nnenum/vnncomp2025_benchmarks/benchmarks/malbeware/onnx/malware_malimg_family_scaled_linear-25.onnx,/home/elipregerson/nnenum/vnncomp2025_benchmarks/benchmarks/malbeware/vnnlib/malbeware_family-Rbotigen_label-18_eps-2_idx-93.vnnlib,.006077414,unsat,1.985379888
malbeware,/home/elipregerson/nnenum/vnncomp2025_benchmarks/benchmarks/malbeware/onnx/malware_malimg_family_scaled_linear-25.onnx,/home/elipregerson/nnenum/vnncomp2025_benchmarks/benchmarks/malbeware/vnnlib/malbeware_family-Lolyda.AT_label-15_eps-2_idx-76.vnnlib,.006085338,unsat,1.990341107
malbeware,/home/elipregerson/nnenum/vnncomp2025_benchmarks/benchmarks/malbeware/onnx/malware_malimg_family_scaled_linear-25.onnx,/home/elipregerson/nnenum/vnncomp2025_benchmarks/benchmarks/malbeware/vnnlib/malbeware_family-C2LOP.P_label-6_eps-2_idx-31.vnnlib,.005998055,unsat,1.986326174
malbeware,/home/elipregerson/nnenum/vnncomp2025_benchmarks/benchmarks/malbeware/onnx/malware_malimg_family_scaled_linear-25.onnx,/home/elipregerson/nnenum/vnncomp2025_benchmarks/benchmarks/malbeware/vnnlib/malbeware_family-Allaple.L_label-3_eps-2_idx-18.vnnlib,.006055259,unsat,1.985213282
malbeware,/home/elipregerson/nnenum/vnncomp2025_benchmarks/benchmarks/malbeware/onnx/malware_malimg_family_scaled_linear-25.onnx,/home/elipregerson/nnenum/vnncomp2025_benchmarks/benchmarks/malbeware/vnnlib/malbeware_family-Autorun.K_label-5_eps-1_idx-28.vnnlib,.006032539,unsat,1.995319858
malbeware,/home/elipregerson/nnenum/vnncomp2025_benchmarks/benchmarks/malbeware/onnx/malware_malimg_family_scaled_linear-25.onnx,/home/elipregerson/nnenum/vnncomp2025_benchmarks/benchmarks/malbeware/vnnlib/malbeware_family-Allaple.A_label-2_eps-2_idx-13.vnnlib,.006026136,unsat,1.997254001
malbeware,/home/elipregerson/nnenum/vnncomp2025_benchmarks/benchmarks/malbeware/onnx/malware_malimg_family_scaled_linear-25.onnx,/home/elipregerson/nnenum/vnncomp2025_benchmarks/benchmarks/malbeware/vnnlib/malbeware_family-Alueron.gen!J_label-4_eps-1_idx-23.vnnlib,.006135566,unsat,2.001967487
malbeware,/home/elipregerson/nnenum/vnncomp2025_benchmarks/benchmarks/malbeware/onnx/malware_malimg_family_scaled_linear-25.onnx,/home/elipregerson/nnenum/vnncomp2025_benchmarks/benchmarks/malbeware/vnnlib/malbeware_family-Dialplatform.B_label-8_eps-2_idx-43.vnnlib,.006199455,unsat,1.961984757
malbeware,/home/elipregerson/nnenum/vnncomp2025_benchmarks/benchmarks/malbeware/onnx/malware_malimg_family_scaled_linear-25.onnx,/home/elipregerson/nnenum/vnncomp2025_benchmarks/benchmarks/malbeware/vnnlib/malbeware_family-Instantaccess_label-11_eps-2_idx-55.vnnlib,.006266980,unsat,1.997423559
malbeware,/home/elipregerson/nnenum/vnncomp2025_benchmarks/benchmarks/malbeware/onnx/malware_malimg_family_scaled_4-25.onnx,/home/elipregerson/nnenum/vnncomp2025_benchmarks/benchmarks/malbeware/vnnlib/malbeware_family-Obfuscator.AD_label-17_eps-1_idx-89.vnnlib,.006348360,unsat,4.246889387
malbeware,/home/elipregerson/nnenum/vnncomp2025_benchmarks/benchmarks/malbeware/onnx/malware_malimg_family_scaled_4-25.onnx,/home/elipregerson/nnenum/vnncomp2025_benchmarks/benchmarks/malbeware/vnnlib/malbeware_family-VB.AT_label-22_eps-3_idx-112.vnnlib,.006244104,unsat,4.196260655
malbeware,/home/elipregerson/nnenum/vnncomp2025_benchmarks/benchmarks/malbeware/onnx/malware_malimg_family_scaled_4-25.onnx,/home/elipregerson/nnenum/vnncomp2025_benchmarks/benchmarks/malbeware/vnnlib/malbeware_family-Allaple.A_label-2_eps-3_idx-11.vnnlib,.006127183,timeout,100.896513632
malbeware,/home/elipregerson/nnenum/vnncomp2025_benchmarks/benchmarks/malbeware/onnx/malware_malimg_family_scaled_4-25.onnx,/home/elipregerson/nnenum/vnncomp2025_benchmarks/benchmarks/malbeware/vnnlib/malbeware_family-Skintrim.N_label-19_eps-3_idx-96.vnnlib,.006250865,unsat,4.241268653
malbeware,/home/elipregerson/nnenum/vnncomp2025_benchmarks/benchmarks/malbeware/onnx/malware_malimg_family_scaled_4-25.onnx,/home/elipregerson/nnenum/vnncomp2025_benchmarks/benchmarks/malbeware/vnnlib/malbeware_family-Lolyda.AA1_label-12_eps-3_idx-64.vnnlib,.005967624,unsat,4.210111206
malbeware,/home/elipregerson/nnenum/vnncomp2025_benchmarks/benchmarks/malbeware/onnx/malware_malimg_family_scaled_4-25.onnx,/home/elipregerson/nnenum/vnncomp2025_benchmarks/benchmarks/malbeware/vnnlib/malbeware_family-Agent.FYI_label-1_eps-2_idx-8.vnnlib,.006213496,unsat,4.218347069
malbeware,/home/elipregerson/nnenum/vnncomp2025_benchmarks/benchmarks/malbeware/onnx/malware_malimg_family_scaled_4-25.onnx,/home/elipregerson/nnenum/vnncomp2025_benchmarks/benchmarks/malbeware/vnnlib/malbeware_family-Alueron.gen!J_label-4_eps-3_idx-21.vnnlib,.006108157,sat,45.680298360
malbeware,/home/elipregerson/nnenum/vnncomp2025_benchmarks/benchmarks/malbeware/onnx/malware_malimg_family_scaled_4-25.onnx,/home/elipregerson/nnenum/vnncomp2025_benchmarks/benchmarks/malbeware/vnnlib/malbeware_family-Rbotigen_label-18_eps-2_idx-92.vnnlib,.006232136,unsat,4.294418321
malbeware,/home/elipregerson/nnenum/vnncomp2025_benchmarks/benchmarks/malbeware/onnx/malware_malimg_family_scaled_4-25.onnx,/home/elipregerson/nnenum/vnncomp2025_benchmarks/benchmarks/malbeware/vnnlib/malbeware_family-Yuner.A_label-24_eps-3_idx-120.vnnlib,.006026021,unsat,4.299456900
malbeware,/home/elipregerson/nnenum/vnncomp2025_benchmarks/benchmarks/malbeware/onnx/malware_malimg_family_scaled_4-25.onnx,/home/elipregerson/nnenum/vnncomp2025_benchmarks/benchmarks/malbeware/vnnlib/malbeware_family-Swizzor.gen!E_label-20_eps-3_idx-102.vnnlib,.006245220,sat,34.096867197
malbeware,/home/elipregerson/nnenum/vnncomp2025_benchmarks/benchmarks/malbeware/onnx/malware_malimg_family_scaled_4-25.onnx,/home/elipregerson/nnenum/vnncomp2025_benchmarks/benchmarks/malbeware/vnnlib/malbeware_family-Lolyda.AA1_label-12_eps-3_idx-60.vnnlib,.006227979,unsat,4.238114149
malbeware,/home/elipregerson/nnenum/vnncomp2025_benchmarks/benchmarks/malbeware/onnx/malware_malimg_family_scaled_4-25.onnx,/home/elipregerson/nnenum/vnncomp2025_benchmarks/benchmarks/malbeware/vnnlib/malbeware_family-Skintrim.N_label-19_eps-1_idx-96.vnnlib,.006214396,unsat,4.157053942
malbeware,/home/elipregerson/nnenum/vnncomp2025_benchmarks/benchmarks/malbeware/onnx/malware_malimg_family_scaled_4-25.onnx,/home/elipregerson/nnenum/vnncomp2025_benchmarks/benchmarks/malbeware/vnnlib/malbeware_family-Fakerean_label-10_eps-3_idx-54.vnnlib,.006139234,unsat,4.367918293
malbeware,/home/elipregerson/nnenum/vnncomp2025_benchmarks/benchmarks/malbeware/onnx/malware_malimg_family_scaled_4-25.onnx,/home/elipregerson/nnenum/vnncomp2025_benchmarks/benchmarks/malbeware/vnnlib/malbeware_family-Allaple.L_label-3_eps-2_idx-16.vnnlib,.006205820,unsat,4.274703189
malbeware,/home/elipregerson/nnenum/vnncomp2025_benchmarks/benchmarks/malbeware/onnx/malware_malimg_family_scaled_4-25.onnx,/home/elipregerson/nnenum/vnncomp2025_benchmarks/benchmarks/malbeware/vnnlib/malbeware_family-Adialer.C_label-0_eps-1_idx-4.vnnlib,.006284483,unsat,4.165085951
malbeware,/home/elipregerson/nnenum/vnncomp2025_benchmarks/benchmarks/malbeware/onnx/malware_malimg_family_scaled_4-25.onnx,/home/elipregerson/nnenum/vnncomp2025_benchmarks/benchmarks/malbeware/vnnlib/malbeware_family-Wintrim.BX_label-23_eps-3_idx-119.vnnlib,.006126848,timeout,116.353038416
malbeware,/home/elipregerson/nnenum/vnncomp2025_benchmarks/benchmarks/malbeware/onnx/malware_malimg_family_scaled_4-25.onnx,/home/elipregerson/nnenum/vnncomp2025_benchmarks/benchmarks/malbeware/vnnlib/malbeware_family-Rbotigen_label-18_eps-2_idx-94.vnnlib,.006178841,unsat,4.195671548
malbeware,/home/elipregerson/nnenum/vnncomp2025_benchmarks/benchmarks/malbeware/onnx/malware_malimg_family_scaled_4-25.onnx,/home/elipregerson/nnenum/vnncomp2025_benchmarks/benchmarks/malbeware/vnnlib/malbeware_family-Obfuscator.AD_label-17_eps-2_idx-87.vnnlib,.006219204,unsat,4.370081569
malbeware,/home/elipregerson/nnenum/vnncomp2025_benchmarks/benchmarks/malbeware/onnx/malware_malimg_family_scaled_4-25.onnx,/home/elipregerson/nnenum/vnncomp2025_benchmarks/benchmarks/malbeware/vnnlib/malbeware_family-Lolyda.AA3_label-14_eps-1_idx-71.vnnlib,.006046004,unsat,4.167398523
malbeware,/home/elipregerson/nnenum/vnncomp2025_benchmarks/benchmarks/malbeware/onnx/malware_malimg_family_scaled_4-25.onnx,/home/elipregerson/nnenum/vnncomp2025_benchmarks/benchmarks/malbeware/vnnlib/malbeware_family-Malex.gen!J_label-16_eps-1_idx-84.vnnlib,.006068421,unsat,4.227209946
malbeware,/home/elipregerson/nnenum/vnncomp2025_benchmarks/benchmarks/malbeware/onnx/malware_malimg_family_scaled_4-25.onnx,/home/elipregerson/nnenum/vnncomp2025_benchmarks/benchmarks/malbeware/vnnlib/malbeware_family-Dontovo.A_label-9_eps-1_idx-48.vnnlib,.006103760,unsat,4.121222879
malbeware,/home/elipregerson/nnenum/vnncomp2025_benchmarks/benchmarks/malbeware/onnx/malware_malimg_family_scaled_4-25.onnx,/home/elipregerson/nnenum/vnncomp2025_benchmarks/benchmarks/malbeware/vnnlib/malbeware_family-Swizzor.gen!E_label-20_eps-3_idx-100.vnnlib,.006035519,sat,34.413411632
malbeware,/home/elipregerson/nnenum/vnncomp2025_benchmarks/benchmarks/malbeware/onnx/malware_malimg_family_scaled_4-25.onnx,/home/elipregerson/nnenum/vnncomp2025_benchmarks/benchmarks/malbeware/vnnlib/malbeware_family-Wintrim.BX_label-23_eps-2_idx-117.vnnlib,.007246356,unsat,4.426915231
malbeware,/home/elipregerson/nnenum/vnncomp2025_benchmarks/benchmarks/malbeware/onnx/malware_malimg_family_scaled_4-25.onnx,/home/elipregerson/nnenum/vnncomp2025_benchmarks/benchmarks/malbeware/vnnlib/malbeware_family-Autorun.K_label-5_eps-1_idx-25.vnnlib,.006064989,unsat,4.165863265
malbeware,/home/elipregerson/nnenum/vnncomp2025_benchmarks/benchmarks/malbeware/onnx/malware_malimg_family_scaled_4-25.onnx,/home/elipregerson/nnenum/vnncomp2025_benchmarks/benchmarks/malbeware/vnnlib/malbeware_family-Lolyda.AA3_label-14_eps-3_idx-71.vnnlib,.006047066,unsat,4.161011386
malbeware,/home/elipregerson/nnenum/vnncomp2025_benchmarks/benchmarks/malbeware/onnx/malware_malimg_family_scaled_4-25.onnx,/home/elipregerson/nnenum/vnncomp2025_benchmarks/benchmarks/malbeware/vnnlib/malbeware_family-Agent.FYI_label-1_eps-3_idx-8.vnnlib,.006319230,unsat,4.160806208
malbeware,/home/elipregerson/nnenum/vnncomp2025_benchmarks/benchmarks/malbeware/onnx/malware_malimg_family_scaled_4-25.onnx,/home/elipregerson/nnenum/vnncomp2025_benchmarks/benchmarks/malbeware/vnnlib/malbeware_family-Allaple.A_label-2_eps-3_idx-12.vnnlib,.006186256,timeout,109.408569460
malbeware,/home/elipregerson/nnenum/vnncomp2025_benchmarks/benchmarks/malbeware/onnx/malware_malimg_family_scaled_4-25.onnx,/home/elipregerson/nnenum/vnncomp2025_benchmarks/benchmarks/malbeware/vnnlib/malbeware_family-Lolyda.AA2_label-13_eps-2_idx-68.vnnlib,.010246281,unsat,4.217872269
malbeware,/home/elipregerson/nnenum/vnncomp2025_benchmarks/benchmarks/malbeware/onnx/malware_malimg_family_scaled_4-25.onnx,/home/elipregerson/nnenum/vnncomp2025_benchmarks/benchmarks/malbeware/vnnlib/malbeware_family-Lolyda.AA2_label-13_eps-1_idx-66.vnnlib,.006041932,unsat,4.163901546
malbeware,/home/elipregerson/nnenum/vnncomp2025_benchmarks/benchmarks/malbeware/onnx/malware_malimg_family_scaled_4-25.onnx,/home/elipregerson/nnenum/vnncomp2025_benchmarks/benchmarks/malbeware/vnnlib/malbeware_family-Autorun.K_label-5_eps-2_idx-29.vnnlib,.006020394,unsat,4.207363957
malbeware,/home/elipregerson/nnenum/vnncomp2025_benchmarks/benchmarks/malbeware/onnx/malware_malimg_family_scaled_4-25.onnx,/home/elipregerson/nnenum/vnncomp2025_benchmarks/benchmarks/malbeware/vnnlib/malbeware_family-Lolyda.AT_label-15_eps-1_idx-79.vnnlib,.006124911,unsat,4.134874651
malbeware,/home/elipregerson/nnenum/vnncomp2025_benchmarks/benchmarks/malbeware/onnx/malware_malimg_family_scaled_4-25.onnx,/home/elipregerson/nnenum/vnncomp2025_benchmarks/benchmarks/malbeware/vnnlib/malbeware_family-VB.AT_label-22_eps-2_idx-112.vnnlib,.006180703,unsat,4.163889212
malbeware,/home/elipregerson/nnenum/vnncomp2025_benchmarks/benchmarks/malbeware/onnx/malware_malimg_family_scaled_4-25.onnx,/home/elipregerson/nnenum/vnncomp2025_benchmarks/benchmarks/malbeware/vnnlib/malbeware_family-C2LOP.P_label-6_eps-2_idx-30.vnnlib,.006155833,sat,28.620807848
malbeware,/home/elipregerson/nnenum/vnncomp2025_benchmarks/benchmarks/malbeware/onnx/malware_malimg_family_scaled_4-25.onnx,/home/elipregerson/nnenum/vnncomp2025_benchmarks/benchmarks/malbeware/vnnlib/malbeware_family-Instantaccess_label-11_eps-2_idx-57.vnnlib,.006170652,unsat,4.267271567
malbeware,/home/elipregerson/nnenum/vnncomp2025_benchmarks/benchmarks/malbeware/onnx/malware_malimg_family_scaled_4-25.onnx,/home/elipregerson/nnenum/vnncomp2025_benchmarks/benchmarks/malbeware/vnnlib/malbeware_family-Dialplatform.B_label-8_eps-1_idx-40.vnnlib,.006297195,unsat,4.193021872
malbeware,/home/elipregerson/nnenum/vnncomp2025_benchmarks/benchmarks/malbeware/onnx/malware_malimg_family_scaled_4-25.onnx,/home/elipregerson/nnenum/vnncomp2025_benchmarks/benchmarks/malbeware/vnnlib/malbeware_family-Malex.gen!J_label-16_eps-3_idx-82.vnnlib,.006768979,sat,47.416330145
malbeware,/home/elipregerson/nnenum/vnncomp2025_benchmarks/benchmarks/malbeware/onnx/malware_malimg_family_scaled_4-25.onnx,/home/elipregerson/nnenum/vnncomp2025_benchmarks/benchmarks/malbeware/vnnlib/malbeware_family-Autorun.K_label-5_eps-1_idx-27.vnnlib,.006217713,unsat,4.203949334
malbeware,/home/elipregerson/nnenum/vnncomp2025_benchmarks/benchmarks/malbeware/onnx/malware_malimg_family_scaled_4-25.onnx,/home/elipregerson/nnenum/vnncomp2025_benchmarks/benchmarks/malbeware/vnnlib/malbeware_family-Allaple.L_label-3_eps-3_idx-16.vnnlib,.006193092,sat,41.930477714
malbeware,/home/elipregerson/nnenum/vnncomp2025_benchmarks/benchmarks/malbeware/onnx/malware_malimg_family_scaled_4-25.onnx,/home/elipregerson/nnenum/vnncomp2025_benchmarks/benchmarks/malbeware/vnnlib/malbeware_family-Allaple.L_label-3_eps-1_idx-18.vnnlib,.006438883,unsat,4.210882257
malbeware,/home/elipregerson/nnenum/vnncomp2025_benchmarks/benchmarks/malbeware/onnx/malware_malimg_family_scaled_4-25.onnx,/home/elipregerson/nnenum/vnncomp2025_benchmarks/benchmarks/malbeware/vnnlib/malbeware_family-Swizzor.gen!E_label-20_eps-2_idx-104.vnnlib,.006038865,sat,25.363497485
malbeware,/home/elipregerson/nnenum/vnncomp2025_benchmarks/benchmarks/malbeware/onnx/malware_malimg_family_scaled_4-25.onnx,/home/elipregerson/nnenum/vnncomp2025_benchmarks/benchmarks/malbeware/vnnlib/malbeware_family-VB.AT_label-22_eps-3_idx-111.vnnlib,.013127306,unsat,4.636566068
malbeware,/home/elipregerson/nnenum/vnncomp2025_benchmarks/benchmarks/malbeware/onnx/malware_malimg_family_scaled_4-25.onnx,/home/elipregerson/nnenum/vnncomp2025_benchmarks/benchmarks/malbeware/vnnlib/malbeware_family-Rbotigen_label-18_eps-2_idx-93.vnnlib,.006254608,unsat,4.211497382
malbeware,/home/elipregerson/nnenum/vnncomp2025_benchmarks/benchmarks/malbeware/onnx/malware_malimg_family_scaled_4-25.onnx,/home/elipregerson/nnenum/vnncomp2025_benchmarks/benchmarks/malbeware/vnnlib/malbeware_family-Lolyda.AT_label-15_eps-2_idx-76.vnnlib,.006476239,unsat,4.232033139
malbeware,/home/elipregerson/nnenum/vnncomp2025_benchmarks/benchmarks/malbeware/onnx/malware_malimg_family_scaled_4-25.onnx,/home/elipregerson/nnenum/vnncomp2025_benchmarks/benchmarks/malbeware/vnnlib/malbeware_family-C2LOP.P_label-6_eps-2_idx-31.vnnlib,.006046741,unsat,4.337771720
malbeware,/home/elipregerson/nnenum/vnncomp2025_benchmarks/benchmarks/malbeware/onnx/malware_malimg_family_scaled_4-25.onnx,/home/elipregerson/nnenum/vnncomp2025_benchmarks/benchmarks/malbeware/vnnlib/malbeware_family-Allaple.L_label-3_eps-2_idx-18.vnnlib,.006090225,sat,28.017553058
malbeware,/home/elipregerson/nnenum/vnncomp2025_benchmarks/benchmarks/malbeware/onnx/malware_malimg_family_scaled_4-25.onnx,/home/elipregerson/nnenum/vnncomp2025_benchmarks/benchmarks/malbeware/vnnlib/malbeware_family-Autorun.K_label-5_eps-1_idx-28.vnnlib,.010519980,unsat,4.419444241
malbeware,/home/elipregerson/nnenum/vnncomp2025_benchmarks/benchmarks/malbeware/onnx/malware_malimg_family_scaled_4-25.onnx,/home/elipregerson/nnenum/vnncomp2025_benchmarks/benchmarks/malbeware/vnnlib/malbeware_family-Allaple.A_label-2_eps-2_idx-13.vnnlib,.006081484,unsat,4.381449619
malbeware,/home/elipregerson/nnenum/vnncomp2025_benchmarks/benchmarks/malbeware/onnx/malware_malimg_family_scaled_4-25.onnx,/home/elipregerson/nnenum/vnncomp2025_benchmarks/benchmarks/malbeware/vnnlib/malbeware_family-Alueron.gen!J_label-4_eps-1_idx-23.vnnlib,.006164788,unsat,4.230854772
malbeware,/home/elipregerson/nnenum/vnncomp2025_benchmarks/benchmarks/malbeware/onnx/malware_malimg_family_scaled_4-25.onnx,/home/elipregerson/nnenum/vnncomp2025_benchmarks/benchmarks/malbeware/vnnlib/malbeware_family-Dialplatform.B_label-8_eps-2_idx-43.vnnlib,.006286660,unsat,4.181298888
malbeware,/home/elipregerson/nnenum/vnncomp2025_benchmarks/benchmarks/malbeware/onnx/malware_malimg_family_scaled_4-25.onnx,/home/elipregerson/nnenum/vnncomp2025_benchmarks/benchmarks/malbeware/vnnlib/malbeware_family-Instantaccess_label-11_eps-2_idx-55.vnnlib,.006047975,unsat,4.325044667
malbeware,/home/elipregerson/nnenum/vnncomp2025_benchmarks/benchmarks/malbeware/onnx/malware_malimg_family_scaled_16-25.onnx,/home/elipregerson/nnenum/vnncomp2025_benchmarks/benchmarks/malbeware/vnnlib/malbeware_family-Obfuscator.AD_label-17_eps-1_idx-89.vnnlib,.006129040,unsat,9.417762548
malbeware,/home/elipregerson/nnenum/vnncomp2025_benchmarks/benchmarks/malbeware/onnx/malware_malimg_family_scaled_16-25.onnx,/home/elipregerson/nnenum/vnncomp2025_benchmarks/benchmarks/malbeware/vnnlib/malbeware_family-VB.AT_label-22_eps-3_idx-112.vnnlib,.006053506,unsat,10.680031327
malbeware,/home/elipregerson/nnenum/vnncomp2025_benchmarks/benchmarks/malbeware/onnx/malware_malimg_family_scaled_16-25.onnx,/home/elipregerson/nnenum/vnncomp2025_benchmarks/benchmarks/malbeware/vnnlib/malbeware_family-Allaple.A_label-2_eps-3_idx-11.vnnlib,.006070516,run_instance_timeout,160.007761375
malbeware,/home/elipregerson/nnenum/vnncomp2025_benchmarks/benchmarks/malbeware/onnx/malware_malimg_family_scaled_16-25.onnx,/home/elipregerson/nnenum/vnncomp2025_benchmarks/benchmarks/malbeware/vnnlib/malbeware_family-Skintrim.N_label-19_eps-3_idx-96.vnnlib,.008127943,unsat,12.793046442
malbeware,/home/elipregerson/nnenum/vnncomp2025_benchmarks/benchmarks/malbeware/onnx/malware_malimg_family_scaled_16-25.onnx,/home/elipregerson/nnenum/vnncomp2025_benchmarks/benchmarks/malbeware/vnnlib/malbeware_family-Lolyda.AA1_label-12_eps-3_idx-64.vnnlib,.007917931,unsat,11.392971617
malbeware,/home/elipregerson/nnenum/vnncomp2025_benchmarks/benchmarks/malbeware/onnx/malware_malimg_family_scaled_16-25.onnx,/home/elipregerson/nnenum/vnncomp2025_benchmarks/benchmarks/malbeware/vnnlib/malbeware_family-Agent.FYI_label-1_eps-2_idx-8.vnnlib,.006151859,unsat,9.762826791
malbeware,/home/elipregerson/nnenum/vnncomp2025_benchmarks/benchmarks/malbeware/onnx/malware_malimg_family_scaled_16-25.onnx,/home/elipregerson/nnenum/vnncomp2025_benchmarks/benchmarks/malbeware/vnnlib/malbeware_family-Alueron.gen!J_label-4_eps-3_idx-21.vnnlib,.006030052,timeout,157.054790947
malbeware,/home/elipregerson/nnenum/vnncomp2025_benchmarks/benchmarks/malbeware/onnx/malware_malimg_family_scaled_16-25.onnx,/home/elipregerson/nnenum/vnncomp2025_benchmarks/benchmarks/malbeware/vnnlib/malbeware_family-Rbotigen_label-18_eps-2_idx-92.vnnlib,.006082279,unsat,10.849970952
malbeware,/home/elipregerson/nnenum/vnncomp2025_benchmarks/benchmarks/malbeware/onnx/malware_malimg_family_scaled_16-25.onnx,/home/elipregerson/nnenum/vnncomp2025_benchmarks/benchmarks/malbeware/vnnlib/malbeware_family-Yuner.A_label-24_eps-3_idx-120.vnnlib,.006252326,unsat,11.994215182
malbeware,/home/elipregerson/nnenum/vnncomp2025_benchmarks/benchmarks/malbeware/onnx/malware_malimg_family_scaled_16-25.onnx,/home/elipregerson/nnenum/vnncomp2025_benchmarks/benchmarks/malbeware/vnnlib/malbeware_family-Swizzor.gen!E_label-20_eps-3_idx-102.vnnlib,.006111071,run_instance_timeout,160.007653108
malbeware,/home/elipregerson/nnenum/vnncomp2025_benchmarks/benchmarks/malbeware/onnx/malware_malimg_family_scaled_16-25.onnx,/home/elipregerson/nnenum/vnncomp2025_benchmarks/benchmarks/malbeware/vnnlib/malbeware_family-Lolyda.AA1_label-12_eps-3_idx-60.vnnlib,.008735549,unsat,11.650363616
malbeware,/home/elipregerson/nnenum/vnncomp2025_benchmarks/benchmarks/malbeware/onnx/malware_malimg_family_scaled_16-25.onnx,/home/elipregerson/nnenum/vnncomp2025_benchmarks/benchmarks/malbeware/vnnlib/malbeware_family-Skintrim.N_label-19_eps-1_idx-96.vnnlib,.006473044,unsat,10.369344577
malbeware,/home/elipregerson/nnenum/vnncomp2025_benchmarks/benchmarks/malbeware/onnx/malware_malimg_family_scaled_16-25.onnx,/home/elipregerson/nnenum/vnncomp2025_benchmarks/benchmarks/malbeware/vnnlib/malbeware_family-Fakerean_label-10_eps-3_idx-54.vnnlib,.006215938,timeout,110.916112087
malbeware,/home/elipregerson/nnenum/vnncomp2025_benchmarks/benchmarks/malbeware/onnx/malware_malimg_family_scaled_16-25.onnx,/home/elipregerson/nnenum/vnncomp2025_benchmarks/benchmarks/malbeware/vnnlib/malbeware_family-Allaple.L_label-3_eps-2_idx-16.vnnlib,.008121909,unsat,11.041463350
malbeware,/home/elipregerson/nnenum/vnncomp2025_benchmarks/benchmarks/malbeware/onnx/malware_malimg_family_scaled_16-25.onnx,/home/elipregerson/nnenum/vnncomp2025_benchmarks/benchmarks/malbeware/vnnlib/malbeware_family-Adialer.C_label-0_eps-1_idx-4.vnnlib,.006518802,unsat,10.256630107
malbeware,/home/elipregerson/nnenum/vnncomp2025_benchmarks/benchmarks/malbeware/onnx/malware_malimg_family_scaled_16-25.onnx,/home/elipregerson/nnenum/vnncomp2025_benchmarks/benchmarks/malbeware/vnnlib/malbeware_family-Wintrim.BX_label-23_eps-3_idx-119.vnnlib,.006233048,run_instance_timeout,160.006142148
malbeware,/home/elipregerson/nnenum/vnncomp2025_benchmarks/benchmarks/malbeware/onnx/malware_malimg_family_scaled_16-25.onnx,/home/elipregerson/nnenum/vnncomp2025_benchmarks/benchmarks/malbeware/vnnlib/malbeware_family-Rbotigen_label-18_eps-2_idx-94.vnnlib,.009695526,unsat,12.039775307
malbeware,/home/elipregerson/nnenum/vnncomp2025_benchmarks/benchmarks/malbeware/onnx/malware_malimg_family_scaled_16-25.onnx,/home/elipregerson/nnenum/vnncomp2025_benchmarks/benchmarks/malbeware/vnnlib/malbeware_family-Obfuscator.AD_label-17_eps-2_idx-87.vnnlib,.006136983,unsat,10.628742922
malbeware,/home/elipregerson/nnenum/vnncomp2025_benchmarks/benchmarks/malbeware/onnx/malware_malimg_family_scaled_16-25.onnx,/home/elipregerson/nnenum/vnncomp2025_benchmarks/benchmarks/malbeware/vnnlib/malbeware_family-Lolyda.AA3_label-14_eps-1_idx-71.vnnlib,.006209508,unsat,9.096143096
malbeware,/home/elipregerson/nnenum/vnncomp2025_benchmarks/benchmarks/malbeware/onnx/malware_malimg_family_scaled_16-25.onnx,/home/elipregerson/nnenum/vnncomp2025_benchmarks/benchmarks/malbeware/vnnlib/malbeware_family-Malex.gen!J_label-16_eps-1_idx-84.vnnlib,.006122389,unsat,9.608393358
malbeware,/home/elipregerson/nnenum/vnncomp2025_benchmarks/benchmarks/malbeware/onnx/malware_malimg_family_scaled_16-25.onnx,/home/elipregerson/nnenum/vnncomp2025_benchmarks/benchmarks/malbeware/vnnlib/malbeware_family-Dontovo.A_label-9_eps-1_idx-48.vnnlib,.006285282,unsat,9.502711856
malbeware,/home/elipregerson/nnenum/vnncomp2025_benchmarks/benchmarks/malbeware/onnx/malware_malimg_family_scaled_16-25.onnx,/home/elipregerson/nnenum/vnncomp2025_benchmarks/benchmarks/malbeware/vnnlib/malbeware_family-Swizzor.gen!E_label-20_eps-3_idx-100.vnnlib,.006129584,sat,8.143065776
malbeware,/home/elipregerson/nnenum/vnncomp2025_benchmarks/benchmarks/malbeware/onnx/malware_malimg_family_scaled_16-25.onnx,/home/elipregerson/nnenum/vnncomp2025_benchmarks/benchmarks/malbeware/vnnlib/malbeware_family-Wintrim.BX_label-23_eps-2_idx-117.vnnlib,.006234913,unsat,10.836298902
malbeware,/home/elipregerson/nnenum/vnncomp2025_benchmarks/benchmarks/malbeware/onnx/malware_malimg_family_scaled_16-25.onnx,/home/elipregerson/nnenum/vnncomp2025_benchmarks/benchmarks/malbeware/vnnlib/malbeware_family-Autorun.K_label-5_eps-1_idx-25.vnnlib,.006404701,unsat,10.054199629
malbeware,/home/elipregerson/nnenum/vnncomp2025_benchmarks/benchmarks/malbeware/onnx/malware_malimg_family_scaled_16-25.onnx,/home/elipregerson/nnenum/vnncomp2025_benchmarks/benchmarks/malbeware/vnnlib/malbeware_family-Lolyda.AA3_label-14_eps-3_idx-71.vnnlib,.006154171,unsat,10.546862252
malbeware,/home/elipregerson/nnenum/vnncomp2025_benchmarks/benchmarks/malbeware/onnx/malware_malimg_family_scaled_16-25.onnx,/home/elipregerson/nnenum/vnncomp2025_benchmarks/benchmarks/malbeware/vnnlib/malbeware_family-Agent.FYI_label-1_eps-3_idx-8.vnnlib,.006268684,unsat,10.299123113
malbeware,/home/elipregerson/nnenum/vnncomp2025_benchmarks/benchmarks/malbeware/onnx/malware_malimg_family_scaled_16-25.onnx,/home/elipregerson/nnenum/vnncomp2025_benchmarks/benchmarks/malbeware/vnnlib/malbeware_family-Allaple.A_label-2_eps-3_idx-12.vnnlib,.006107245,run_instance_timeout,160.016116440
malbeware,/home/elipregerson/nnenum/vnncomp2025_benchmarks/benchmarks/malbeware/onnx/malware_malimg_family_scaled_16-25.onnx,/home/elipregerson/nnenum/vnncomp2025_benchmarks/benchmarks/malbeware/vnnlib/malbeware_family-Lolyda.AA2_label-13_eps-2_idx-68.vnnlib,.008929161,unsat,10.780848356
malbeware,/home/elipregerson/nnenum/vnncomp2025_benchmarks/benchmarks/malbeware/onnx/malware_malimg_family_scaled_16-25.onnx,/home/elipregerson/nnenum/vnncomp2025_benchmarks/benchmarks/malbeware/vnnlib/malbeware_family-Lolyda.AA2_label-13_eps-1_idx-66.vnnlib,.006173228,unsat,9.577161359
malbeware,/home/elipregerson/nnenum/vnncomp2025_benchmarks/benchmarks/malbeware/onnx/malware_malimg_family_scaled_16-25.onnx,/home/elipregerson/nnenum/vnncomp2025_benchmarks/benchmarks/malbeware/vnnlib/malbeware_family-Autorun.K_label-5_eps-2_idx-29.vnnlib,.005972790,unsat,11.120246881
malbeware,/home/elipregerson/nnenum/vnncomp2025_benchmarks/benchmarks/malbeware/onnx/malware_malimg_family_scaled_16-25.onnx,/home/elipregerson/nnenum/vnncomp2025_benchmarks/benchmarks/malbeware/vnnlib/malbeware_family-Lolyda.AT_label-15_eps-1_idx-79.vnnlib,.006314936,unsat,9.609339783
malbeware,/home/elipregerson/nnenum/vnncomp2025_benchmarks/benchmarks/malbeware/onnx/malware_malimg_family_scaled_16-25.onnx,/home/elipregerson/nnenum/vnncomp2025_benchmarks/benchmarks/malbeware/vnnlib/malbeware_family-VB.AT_label-22_eps-2_idx-112.vnnlib,.006170969,unsat,10.287744986
malbeware,/home/elipregerson/nnenum/vnncomp2025_benchmarks/benchmarks/malbeware/onnx/malware_malimg_family_scaled_16-25.onnx,/home/elipregerson/nnenum/vnncomp2025_benchmarks/benchmarks/malbeware/vnnlib/malbeware_family-C2LOP.P_label-6_eps-2_idx-30.vnnlib,.006340015,timeout,118.429908212
malbeware,/home/elipregerson/nnenum/vnncomp2025_benchmarks/benchmarks/malbeware/onnx/malware_malimg_family_scaled_16-25.onnx,/home/elipregerson/nnenum/vnncomp2025_benchmarks/benchmarks/malbeware/vnnlib/malbeware_family-Instantaccess_label-11_eps-2_idx-57.vnnlib,.011885124,unsat,11.003240935
malbeware,/home/elipregerson/nnenum/vnncomp2025_benchmarks/benchmarks/malbeware/onnx/malware_malimg_family_scaled_16-25.onnx,/home/elipregerson/nnenum/vnncomp2025_benchmarks/benchmarks/malbeware/vnnlib/malbeware_family-Dialplatform.B_label-8_eps-1_idx-40.vnnlib,.006292537,unsat,9.535688240
malbeware,/home/elipregerson/nnenum/vnncomp2025_benchmarks/benchmarks/malbeware/onnx/malware_malimg_family_scaled_16-25.onnx,/home/elipregerson/nnenum/vnncomp2025_benchmarks/benchmarks/malbeware/vnnlib/malbeware_family-Malex.gen!J_label-16_eps-3_idx-82.vnnlib,.006502816,run_instance_timeout,160.008985380
malbeware,/home/elipregerson/nnenum/vnncomp2025_benchmarks/benchmarks/malbeware/onnx/malware_malimg_family_scaled_16-25.onnx,/home/elipregerson/nnenum/vnncomp2025_benchmarks/benchmarks/malbeware/vnnlib/malbeware_family-Autorun.K_label-5_eps-1_idx-27.vnnlib,.009073831,unsat,10.814772321
malbeware,/home/elipregerson/nnenum/vnncomp2025_benchmarks/benchmarks/malbeware/onnx/malware_malimg_family_scaled_16-25.onnx,/home/elipregerson/nnenum/vnncomp2025_benchmarks/benchmarks/malbeware/vnnlib/malbeware_family-Allaple.L_label-3_eps-3_idx-16.vnnlib,.006479183,run_instance_timeout,160.011865357
malbeware,/home/elipregerson/nnenum/vnncomp2025_benchmarks/benchmarks/malbeware/onnx/malware_malimg_family_scaled_16-25.onnx,/home/elipregerson/nnenum/vnncomp2025_benchmarks/benchmarks/malbeware/vnnlib/malbeware_family-Allaple.L_label-3_eps-1_idx-18.vnnlib,.008894997,unsat,9.805879127
malbeware,/home/elipregerson/nnenum/vnncomp2025_benchmarks/benchmarks/malbeware/onnx/malware_malimg_family_scaled_16-25.onnx,/home/elipregerson/nnenum/vnncomp2025_benchmarks/benchmarks/malbeware/vnnlib/malbeware_family-Swizzor.gen!E_label-20_eps-2_idx-104.vnnlib,.006334755,sat,8.196737343
malbeware,/home/elipregerson/nnenum/vnncomp2025_benchmarks/benchmarks/malbeware/onnx/malware_malimg_family_scaled_16-25.onnx,/home/elipregerson/nnenum/vnncomp2025_benchmarks/benchmarks/malbeware/vnnlib/malbeware_family-VB.AT_label-22_eps-3_idx-111.vnnlib,.006106166,unsat,10.779671791
malbeware,/home/elipregerson/nnenum/vnncomp2025_benchmarks/benchmarks/malbeware/onnx/malware_malimg_family_scaled_16-25.onnx,/home/elipregerson/nnenum/vnncomp2025_benchmarks/benchmarks/malbeware/vnnlib/malbeware_family-Rbotigen_label-18_eps-2_idx-93.vnnlib,.006187701,unsat,11.197381619
malbeware,/home/elipregerson/nnenum/vnncomp2025_benchmarks/benchmarks/malbeware/onnx/malware_malimg_family_scaled_16-25.onnx,/home/elipregerson/nnenum/vnncomp2025_benchmarks/benchmarks/malbeware/vnnlib/malbeware_family-Lolyda.AT_label-15_eps-2_idx-76.vnnlib,.006267990,unsat,10.253675290
malbeware,/home/elipregerson/nnenum/vnncomp2025_benchmarks/benchmarks/malbeware/onnx/malware_malimg_family_scaled_16-25.onnx,/home/elipregerson/nnenum/vnncomp2025_benchmarks/benchmarks/malbeware/vnnlib/malbeware_family-C2LOP.P_label-6_eps-2_idx-31.vnnlib,.005955468,sat,8.175160665
malbeware,/home/elipregerson/nnenum/vnncomp2025_benchmarks/benchmarks/malbeware/onnx/malware_malimg_family_scaled_16-25.onnx,/home/elipregerson/nnenum/vnncomp2025_benchmarks/benchmarks/malbeware/vnnlib/malbeware_family-Allaple.L_label-3_eps-2_idx-18.vnnlib,.006333029,timeout,101.178658048
malbeware,/home/elipregerson/nnenum/vnncomp2025_benchmarks/benchmarks/malbeware/onnx/malware_malimg_family_scaled_16-25.onnx,/home/elipregerson/nnenum/vnncomp2025_benchmarks/benchmarks/malbeware/vnnlib/malbeware_family-Autorun.K_label-5_eps-1_idx-28.vnnlib,.006118088,unsat,10.075333909
malbeware,/home/elipregerson/nnenum/vnncomp2025_benchmarks/benchmarks/malbeware/onnx/malware_malimg_family_scaled_16-25.onnx,/home/elipregerson/nnenum/vnncomp2025_benchmarks/benchmarks/malbeware/vnnlib/malbeware_family-Allaple.A_label-2_eps-2_idx-13.vnnlib,.006186170,unsat,10.783770160
malbeware,/home/elipregerson/nnenum/vnncomp2025_benchmarks/benchmarks/malbeware/onnx/malware_malimg_family_scaled_16-25.onnx,/home/elipregerson/nnenum/vnncomp2025_benchmarks/benchmarks/malbeware/vnnlib/malbeware_family-Alueron.gen!J_label-4_eps-1_idx-23.vnnlib,.006277515,unsat,9.590899212
malbeware,/home/elipregerson/nnenum/vnncomp2025_benchmarks/benchmarks/malbeware/onnx/malware_malimg_family_scaled_16-25.onnx,/home/elipregerson/nnenum/vnncomp2025_benchmarks/benchmarks/malbeware/vnnlib/malbeware_family-Dialplatform.B_label-8_eps-2_idx-43.vnnlib,.006133756,unsat,9.970260409
malbeware,/home/elipregerson/nnenum/vnncomp2025_benchmarks/benchmarks/malbeware/onnx/malware_malimg_family_scaled_16-25.onnx,/home/elipregerson/nnenum/vnncomp2025_benchmarks/benchmarks/malbeware/vnnlib/malbeware_family-Instantaccess_label-11_eps-2_idx-55.vnnlib,.006151844,unsat,10.450205063
malbeware,/home/elipregerson/nnenum/vnncomp2025_benchmarks/benchmarks/test/onnx/test_nano.onnx,/home/elipregerson/nnenum/vnncomp2025_benchmarks/benchmarks/test/vnnlib/test_nano.vnnlib,.006264274,unsat,.540019888
metaroom_2023,/home/elipregerson/nnenum/vnncomp2025_benchmarks/benchmarks/metaroom_2023/./onnx/6cnn_tz_35_5_no_custom_OP.onnx,/home/elipregerson/nnenum/vnncomp2025_benchmarks/benchmarks/metaroom_2023/./vnnlib/spec_idx_176_eps_0.00001000.vnnlib,.006127468,error_exit_code_1,.846531025
metaroom_2023,/home/elipregerson/nnenum/vnncomp2025_benchmarks/benchmarks/metaroom_2023/./onnx/4cnn_tz_65_10_no_custom_OP.onnx,/home/elipregerson/nnenum/vnncomp2025_benchmarks/benchmarks/metaroom_2023/./vnnlib/spec_idx_79_eps_0.00001000.vnnlib,.006109937,error_exit_code_1,.748266776
metaroom_2023,/home/elipregerson/nnenum/vnncomp2025_benchmarks/benchmarks/metaroom_2023/./onnx/6cnn_tz_65_10_no_custom_OP.onnx,/home/elipregerson/nnenum/vnncomp2025_benchmarks/benchmarks/metaroom_2023/./vnnlib/spec_idx_196_eps_0.00001000.vnnlib,.006088561,error_exit_code_1,.846884978
metaroom_2023,/home/elipregerson/nnenum/vnncomp2025_benchmarks/benchmarks/metaroom_2023/./onnx/6cnn_ry_30_5_no_custom_OP.onnx,/home/elipregerson/nnenum/vnncomp2025_benchmarks/benchmarks/metaroom_2023/./vnnlib/spec_idx_114_eps_0.00000436.vnnlib,.006177708,unsat,1.044358150
metaroom_2023,/home/elipregerson/nnenum/vnncomp2025_benchmarks/benchmarks/metaroom_2023/./onnx/4cnn_ry_47_7_no_custom_OP.onnx,/home/elipregerson/nnenum/vnncomp2025_benchmarks/benchmarks/metaroom_2023/./vnnlib/spec_idx_23_eps_0.00000436.vnnlib,.006072466,error_exit_code_1,.754035275
metaroom_2023,/home/elipregerson/nnenum/vnncomp2025_benchmarks/benchmarks/metaroom_2023/./onnx/6cnn_ry_5_0_no_custom_OP.onnx,/home/elipregerson/nnenum/vnncomp2025_benchmarks/benchmarks/metaroom_2023/./vnnlib/spec_idx_130_eps_0.00000436.vnnlib,.006040681,error_exit_code_1,.843482038
metaroom_2023,/home/elipregerson/nnenum/vnncomp2025_benchmarks/benchmarks/metaroom_2023/./onnx/4cnn_ry_65_10_no_custom_OP.onnx,/home/elipregerson/nnenum/vnncomp2025_benchmarks/benchmarks/metaroom_2023/./vnnlib/spec_idx_33_eps_0.00000436.vnnlib,.006119231,error_exit_code_1,.753466433
metaroom_2023,/home/elipregerson/nnenum/vnncomp2025_benchmarks/benchmarks/metaroom_2023/./onnx/4cnn_tz_8_1_no_custom_OP.onnx,/home/elipregerson/nnenum/vnncomp2025_benchmarks/benchmarks/metaroom_2023/./vnnlib/spec_idx_88_eps_0.00001000.vnnlib,.006097031,error_exit_code_1,.743950509
metaroom_2023,/home/elipregerson/nnenum/vnncomp2025_benchmarks/benchmarks/metaroom_2023/./onnx/6cnn_ry_38_6_no_custom_OP.onnx,/home/elipregerson/nnenum/vnncomp2025_benchmarks/benchmarks/metaroom_2023/./vnnlib/spec_idx_118_eps_0.00000436.vnnlib,.006153857,unsat,1.007625176
metaroom_2023,/home/elipregerson/nnenum/vnncomp2025_benchmarks/benchmarks/metaroom_2023/./onnx/6cnn_ry_49_8_no_custom_OP.onnx,/home/elipregerson/nnenum/vnncomp2025_benchmarks/benchmarks/metaroom_2023/./vnnlib/spec_idx_124_eps_0.00000436.vnnlib,.006303981,unsat,1.597813385
metaroom_2023,/home/elipregerson/nnenum/vnncomp2025_benchmarks/benchmarks/metaroom_2023/./onnx/4cnn_ry_34_5_no_custom_OP.onnx,/home/elipregerson/nnenum/vnncomp2025_benchmarks/benchmarks/metaroom_2023/./vnnlib/spec_idx_12_eps_0.00000436.vnnlib,.006232623,unsat,.824466492
metaroom_2023,/home/elipregerson/nnenum/vnncomp2025_benchmarks/benchmarks/metaroom_2023/./onnx/4cnn_tz_37_6_no_custom_OP.onnx,/home/elipregerson/nnenum/vnncomp2025_benchmarks/benchmarks/metaroom_2023/./vnnlib/spec_idx_61_eps_0.00001000.vnnlib,.006008902,error_exit_code_1,.758155314
metaroom_2023,/home/elipregerson/nnenum/vnncomp2025_benchmarks/benchmarks/metaroom_2023/./onnx/6cnn_tz_114_19_no_custom_OP.onnx,/home/elipregerson/nnenum/vnncomp2025_benchmarks/benchmarks/metaroom_2023/./vnnlib/spec_idx_160_eps_0.00001000.vnnlib,.006034555,unsat,.965326270
metaroom_2023,/home/elipregerson/nnenum/vnncomp2025_benchmarks/benchmarks/metaroom_2023/./onnx/4cnn_tz_31_5_no_custom_OP.onnx,/home/elipregerson/nnenum/vnncomp2025_benchmarks/benchmarks/metaroom_2023/./vnnlib/spec_idx_57_eps_0.00001000.vnnlib,.005997000,error_exit_code_1,.757583601
metaroom_2023,/home/elipregerson/nnenum/vnncomp2025_benchmarks/benchmarks/metaroom_2023/./onnx/6cnn_ry_93_15_no_custom_OP.onnx,/home/elipregerson/nnenum/vnncomp2025_benchmarks/benchmarks/metaroom_2023/./vnnlib/spec_idx_148_eps_0.00000436.vnnlib,.006038039,timeout,211.306352652
metaroom_2023,/home/elipregerson/nnenum/vnncomp2025_benchmarks/benchmarks/metaroom_2023/./onnx/4cnn_ry_56_9_no_custom_OP.onnx,/home/elipregerson/nnenum/vnncomp2025_benchmarks/benchmarks/metaroom_2023/./vnnlib/spec_idx_27_eps_0.00000436.vnnlib,.006276868,unsat,.822877156
metaroom_2023,/home/elipregerson/nnenum/vnncomp2025_benchmarks/benchmarks/metaroom_2023/./onnx/6cnn_tz_91_15_no_custom_OP.onnx,/home/elipregerson/nnenum/vnncomp2025_benchmarks/benchmarks/metaroom_2023/./vnnlib/spec_idx_207_eps_0.00001000.vnnlib,.006026816,error_exit_code_1,.839663546
metaroom_2023,/home/elipregerson/nnenum/vnncomp2025_benchmarks/benchmarks/metaroom_2023/./onnx/6cnn_ry_48_8_no_custom_OP.onnx,/home/elipregerson/nnenum/vnncomp2025_benchmarks/benchmarks/metaroom_2023/./vnnlib/spec_idx_123_eps_0.00000436.vnnlib,.006144377,unsat,1.059841664
metaroom_2023,/home/elipregerson/nnenum/vnncomp2025_benchmarks/benchmarks/metaroom_2023/./onnx/6cnn_tz_62_10_no_custom_OP.onnx,/home/elipregerson/nnenum/vnncomp2025_benchmarks/benchmarks/metaroom_2023/./vnnlib/spec_idx_193_eps_0.00001000.vnnlib,.006476768,error_exit_code_1,.865032534
metaroom_2023,/home/elipregerson/nnenum/vnncomp2025_benchmarks/benchmarks/metaroom_2023/./onnx/6cnn_tz_75_12_no_custom_OP.onnx,/home/elipregerson/nnenum/vnncomp2025_benchmarks/benchmarks/metaroom_2023/./vnnlib/spec_idx_203_eps_0.00001000.vnnlib,.006128418,unsat,.978768953
metaroom_2023,/home/elipregerson/nnenum/vnncomp2025_benchmarks/benchmarks/metaroom_2023/./onnx/4cnn_ry_6_1_no_custom_OP.onnx,/home/elipregerson/nnenum/vnncomp2025_benchmarks/benchmarks/metaroom_2023/./vnnlib/spec_idx_35_eps_0.00000436.vnnlib,.006222572,unsat,.825900985
metaroom_2023,/home/elipregerson/nnenum/vnncomp2025_benchmarks/benchmarks/metaroom_2023/./onnx/4cnn_tz_70_11_no_custom_OP.onnx,/home/elipregerson/nnenum/vnncomp2025_benchmarks/benchmarks/metaroom_2023/./vnnlib/spec_idx_82_eps_0.00001000.vnnlib,.006382195,error_exit_code_1,.753425340
metaroom_2023,/home/elipregerson/nnenum/vnncomp2025_benchmarks/benchmarks/metaroom_2023/./onnx/4cnn_ry_117_19_no_custom_OP.onnx,/home/elipregerson/nnenum/vnncomp2025_benchmarks/benchmarks/metaroom_2023/./vnnlib/spec_idx_3_eps_0.00000436.vnnlib,.006086189,unsat,1.298971253
metaroom_2023,/home/elipregerson/nnenum/vnncomp2025_benchmarks/benchmarks/metaroom_2023/./onnx/4cnn_tz_117_19_no_custom_OP.onnx,/home/elipregerson/nnenum/vnncomp2025_benchmarks/benchmarks/metaroom_2023/./vnnlib/spec_idx_49_eps_0.00001000.vnnlib,.006062314,unsat,.803786325
metaroom_2023,/home/elipregerson/nnenum/vnncomp2025_benchmarks/benchmarks/metaroom_2023/./onnx/4cnn_ry_68_11_no_custom_OP.onnx,/home/elipregerson/nnenum/vnncomp2025_benchmarks/benchmarks/metaroom_2023/./vnnlib/spec_idx_34_eps_0.00000436.vnnlib,.006011624,unsat,.816350154
metaroom_2023,/home/elipregerson/nnenum/vnncomp2025_benchmarks/benchmarks/metaroom_2023/./onnx/4cnn_tz_33_5_no_custom_OP.onnx,/home/elipregerson/nnenum/vnncomp2025_benchmarks/benchmarks/metaroom_2023/./vnnlib/spec_idx_58_eps_0.00001000.vnnlib,.006110471,unsat,.808096272
metaroom_2023,/home/elipregerson/nnenum/vnncomp2025_benchmarks/benchmarks/metaroom_2023/./onnx/6cnn_ry_57_9_no_custom_OP.onnx,/home/elipregerson/nnenum/vnncomp2025_benchmarks/benchmarks/metaroom_2023/./vnnlib/spec_idx_129_eps_0.00000436.vnnlib,.006217729,timeout,211.211206910
metaroom_2023,/home/elipregerson/nnenum/vnncomp2025_benchmarks/benchmarks/metaroom_2023/./onnx/6cnn_ry_1_0_no_custom_OP.onnx,/home/elipregerson/nnenum/vnncomp2025_benchmarks/benchmarks/metaroom_2023/./vnnlib/spec_idx_108_eps_0.00000436.vnnlib,.006191297,unsat,1.600040434
metaroom_2023,/home/elipregerson/nnenum/vnncomp2025_benchmarks/benchmarks/metaroom_2023/./onnx/6cnn_tz_52_8_no_custom_OP.onnx,/home/elipregerson/nnenum/vnncomp2025_benchmarks/benchmarks/metaroom_2023/./vnnlib/spec_idx_187_eps_0.00001000.vnnlib,.006175854,error_exit_code_1,.853476159
metaroom_2023,/home/elipregerson/nnenum/vnncomp2025_benchmarks/benchmarks/metaroom_2023/./onnx/6cnn_ry_64_10_no_custom_OP.onnx,/home/elipregerson/nnenum/vnncomp2025_benchmarks/benchmarks/metaroom_2023/./vnnlib/spec_idx_132_eps_0.00000436.vnnlib,.006160887,unsat,1.331487402
metaroom_2023,/home/elipregerson/nnenum/vnncomp2025_benchmarks/benchmarks/metaroom_2023/./onnx/6cnn_tz_49_8_no_custom_OP.onnx,/home/elipregerson/nnenum/vnncomp2025_benchmarks/benchmarks/metaroom_2023/./vnnlib/spec_idx_185_eps_0.00001000.vnnlib,.006156844,error_exit_code_1,.858669297
metaroom_2023,/home/elipregerson/nnenum/vnncomp2025_benchmarks/benchmarks/metaroom_2023/./onnx/6cnn_ry_66_11_no_custom_OP.onnx,/home/elipregerson/nnenum/vnncomp2025_benchmarks/benchmarks/metaroom_2023/./vnnlib/spec_idx_134_eps_0.00000436.vnnlib,.006327991,unsat,1.029528512
metaroom_2023,/home/elipregerson/nnenum/vnncomp2025_benchmarks/benchmarks/metaroom_2023/./onnx/4cnn_ry_20_3_no_custom_OP.onnx,/home/elipregerson/nnenum/vnncomp2025_benchmarks/benchmarks/metaroom_2023/./vnnlib/spec_idx_7_eps_0.00000436.vnnlib,.006203877,unsat,.819093645
metaroom_2023,/home/elipregerson/nnenum/vnncomp2025_benchmarks/benchmarks/metaroom_2023/./onnx/6cnn_tz_103_17_no_custom_OP.onnx,/home/elipregerson/nnenum/vnncomp2025_benchmarks/benchmarks/metaroom_2023/./vnnlib/spec_idx_154_eps_0.00001000.vnnlib,.006084225,error_exit_code_1,.852679203
metaroom_2023,/home/elipregerson/nnenum/vnncomp2025_benchmarks/benchmarks/metaroom_2023/./onnx/4cnn_ry_44_7_no_custom_OP.onnx,/home/elipregerson/nnenum/vnncomp2025_benchmarks/benchmarks/metaroom_2023/./vnnlib/spec_idx_21_eps_0.00000436.vnnlib,.006140613,unsat,.805615820
metaroom_2023,/home/elipregerson/nnenum/vnncomp2025_benchmarks/benchmarks/metaroom_2023/./onnx/4cnn_ry_99_16_no_custom_OP.onnx,/home/elipregerson/nnenum/vnncomp2025_benchmarks/benchmarks/metaroom_2023/./vnnlib/spec_idx_43_eps_0.00000436.vnnlib,.006458230,sat,1.336518661
metaroom_2023,/home/elipregerson/nnenum/vnncomp2025_benchmarks/benchmarks/metaroom_2023/./onnx/4cnn_tz_19_3_no_custom_OP.onnx,/home/elipregerson/nnenum/vnncomp2025_benchmarks/benchmarks/metaroom_2023/./vnnlib/spec_idx_51_eps_0.00001000.vnnlib,.006067254,error_exit_code_1,.743421434
metaroom_2023,/home/elipregerson/nnenum/vnncomp2025_benchmarks/benchmarks/metaroom_2023/./onnx/6cnn_tz_66_11_no_custom_OP.onnx,/home/elipregerson/nnenum/vnncomp2025_benchmarks/benchmarks/metaroom_2023/./vnnlib/spec_idx_197_eps_0.00001000.vnnlib,.005887369,unsat,.956288879
metaroom_2023,/home/elipregerson/nnenum/vnncomp2025_benchmarks/benchmarks/metaroom_2023/./onnx/6cnn_tz_0_0_no_custom_OP.onnx,/home/elipregerson/nnenum/vnncomp2025_benchmarks/benchmarks/metaroom_2023/./vnnlib/spec_idx_152_eps_0.00001000.vnnlib,.006157025,unsat,.965327684
metaroom_2023,/home/elipregerson/nnenum/vnncomp2025_benchmarks/benchmarks/metaroom_2023/./onnx/6cnn_tz_118_19_no_custom_OP.onnx,/home/elipregerson/nnenum/vnncomp2025_benchmarks/benchmarks/metaroom_2023/./vnnlib/spec_idx_162_eps_0.00001000.vnnlib,.006249567,error_exit_code_1,.844596058
metaroom_2023,/home/elipregerson/nnenum/vnncomp2025_benchmarks/benchmarks/metaroom_2023/./onnx/6cnn_tz_67_11_no_custom_OP.onnx,/home/elipregerson/nnenum/vnncomp2025_benchmarks/benchmarks/metaroom_2023/./vnnlib/spec_idx_198_eps_0.00001000.vnnlib,.006020203,error_exit_code_1,.869748497
metaroom_2023,/home/elipregerson/nnenum/vnncomp2025_benchmarks/benchmarks/metaroom_2023/./onnx/6cnn_tz_21_3_no_custom_OP.onnx,/home/elipregerson/nnenum/vnncomp2025_benchmarks/benchmarks/metaroom_2023/./vnnlib/spec_idx_170_eps_0.00001000.vnnlib,.006032411,unsat,.976160999
metaroom_2023,/home/elipregerson/nnenum/vnncomp2025_benchmarks/benchmarks/metaroom_2023/./onnx/4cnn_tz_1_0_no_custom_OP.onnx,/home/elipregerson/nnenum/vnncomp2025_benchmarks/benchmarks/metaroom_2023/./vnnlib/spec_idx_52_eps_0.00001000.vnnlib,.006035606,error_exit_code_1,.757262487
metaroom_2023,/home/elipregerson/nnenum/vnncomp2025_benchmarks/benchmarks/metaroom_2023/./onnx/4cnn_ry_48_8_no_custom_OP.onnx,/home/elipregerson/nnenum/vnncomp2025_benchmarks/benchmarks/metaroom_2023/./vnnlib/spec_idx_24_eps_0.00000436.vnnlib,.006142023,unsat,.821165274
metaroom_2023,/home/elipregerson/nnenum/vnncomp2025_benchmarks/benchmarks/metaroom_2023/./onnx/4cnn_ry_61_10_no_custom_OP.onnx,/home/elipregerson/nnenum/vnncomp2025_benchmarks/benchmarks/metaroom_2023/./vnnlib/spec_idx_31_eps_0.00000436.vnnlib,.006420151,unsat,.885048694
metaroom_2023,/home/elipregerson/nnenum/vnncomp2025_benchmarks/benchmarks/metaroom_2023/./onnx/6cnn_ry_81_13_no_custom_OP.onnx,/home/elipregerson/nnenum/vnncomp2025_benchmarks/benchmarks/metaroom_2023/./vnnlib/spec_idx_144_eps_0.00000436.vnnlib,.006154686,timeout,211.825223686
metaroom_2023,/home/elipregerson/nnenum/vnncomp2025_benchmarks/benchmarks/metaroom_2023/./onnx/6cnn_tz_38_6_no_custom_OP.onnx,/home/elipregerson/nnenum/vnncomp2025_benchmarks/benchmarks/metaroom_2023/./vnnlib/spec_idx_179_eps_0.00001000.vnnlib,.006343544,error_exit_code_1,.855639331
metaroom_2023,/home/elipregerson/nnenum/vnncomp2025_benchmarks/benchmarks/metaroom_2023/./onnx/6cnn_ry_53_8_no_custom_OP.onnx,/home/elipregerson/nnenum/vnncomp2025_benchmarks/benchmarks/metaroom_2023/./vnnlib/spec_idx_127_eps_0.00000436.vnnlib,.006278086,error_exit_code_1,.863199621
metaroom_2023,/home/elipregerson/nnenum/vnncomp2025_benchmarks/benchmarks/metaroom_2023/./onnx/6cnn_tz_94_15_no_custom_OP.onnx,/home/elipregerson/nnenum/vnncomp2025_benchmarks/benchmarks/metaroom_2023/./vnnlib/spec_idx_209_eps_0.00001000.vnnlib,.005929963,error_exit_code_1,.843499978
metaroom_2023,/home/elipregerson/nnenum/vnncomp2025_benchmarks/benchmarks/metaroom_2023/./onnx/6cnn_ry_68_11_no_custom_OP.onnx,/home/elipregerson/nnenum/vnncomp2025_benchmarks/benchmarks/metaroom_2023/./vnnlib/spec_idx_136_eps_0.00000436.vnnlib,.005926963,unsat,.983864926
metaroom_2023,/home/elipregerson/nnenum/vnncomp2025_benchmarks/benchmarks/metaroom_2023/./onnx/6cnn_ry_54_9_no_custom_OP.onnx,/home/elipregerson/nnenum/vnncomp2025_benchmarks/benchmarks/metaroom_2023/./vnnlib/spec_idx_128_eps_0.00000436.vnnlib,.006313343,unsat,1.046580463
metaroom_2023,/home/elipregerson/nnenum/vnncomp2025_benchmarks/benchmarks/metaroom_2023/./onnx/4cnn_ry_30_5_no_custom_OP.onnx,/home/elipregerson/nnenum/vnncomp2025_benchmarks/benchmarks/metaroom_2023/./vnnlib/spec_idx_9_eps_0.00000436.vnnlib,.006029036,unsat,.824050720
metaroom_2023,/home/elipregerson/nnenum/vnncomp2025_benchmarks/benchmarks/metaroom_2023/./onnx/6cnn_ry_18_3_no_custom_OP.onnx,/home/elipregerson/nnenum/vnncomp2025_benchmarks/benchmarks/metaroom_2023/./vnnlib/spec_idx_107_eps_0.00000436.vnnlib,.006309213,unsat,1.023663728
metaroom_2023,/home/elipregerson/nnenum/vnncomp2025_benchmarks/benchmarks/metaroom_2023/./onnx/6cnn_tz_54_9_no_custom_OP.onnx,/home/elipregerson/nnenum/vnncomp2025_benchmarks/benchmarks/metaroom_2023/./vnnlib/spec_idx_189_eps_0.00001000.vnnlib,.006140932,unsat,.965784446
metaroom_2023,/home/elipregerson/nnenum/vnncomp2025_benchmarks/benchmarks/metaroom_2023/./onnx/6cnn_tz_113_18_no_custom_OP.onnx,/home/elipregerson/nnenum/vnncomp2025_benchmarks/benchmarks/metaroom_2023/./vnnlib/spec_idx_159_eps_0.00001000.vnnlib,.006236037,error_exit_code_1,.857265436
metaroom_2023,/home/elipregerson/nnenum/vnncomp2025_benchmarks/benchmarks/metaroom_2023/./onnx/4cnn_ry_79_13_no_custom_OP.onnx,/home/elipregerson/nnenum/vnncomp2025_benchmarks/benchmarks/metaroom_2023/./vnnlib/spec_idx_38_eps_0.00000436.vnnlib,.005972365,unsat,.846555429
metaroom_2023,/home/elipregerson/nnenum/vnncomp2025_benchmarks/benchmarks/metaroom_2023/./onnx/6cnn_tz_22_3_no_custom_OP.onnx,/home/elipregerson/nnenum/vnncomp2025_benchmarks/benchmarks/metaroom_2023/./vnnlib/spec_idx_171_eps_0.00001000.vnnlib,.006148765,error_exit_code_1,.847685699
metaroom_2023,/home/elipregerson/nnenum/vnncomp2025_benchmarks/benchmarks/metaroom_2023/./onnx/4cnn_ry_19_3_no_custom_OP.onnx,/home/elipregerson/nnenum/vnncomp2025_benchmarks/benchmarks/metaroom_2023/./vnnlib/spec_idx_5_eps_0.00000436.vnnlib,.005964323,unsat,.854605471
metaroom_2023,/home/elipregerson/nnenum/vnncomp2025_benchmarks/benchmarks/metaroom_2023/./onnx/4cnn_tz_94_15_no_custom_OP.onnx,/home/elipregerson/nnenum/vnncomp2025_benchmarks/benchmarks/metaroom_2023/./vnnlib/spec_idx_90_eps_0.00001000.vnnlib,.006105898,error_exit_code_1,.760756261
metaroom_2023,/home/elipregerson/nnenum/vnncomp2025_benchmarks/benchmarks/metaroom_2023/./onnx/6cnn_tz_10_1_no_custom_OP.onnx,/home/elipregerson/nnenum/vnncomp2025_benchmarks/benchmarks/metaroom_2023/./vnnlib/spec_idx_158_eps_0.00001000.vnnlib,.006058295,error_exit_code_1,.844350017
metaroom_2023,/home/elipregerson/nnenum/vnncomp2025_benchmarks/benchmarks/metaroom_2023/./onnx/6cnn_ry_35_5_no_custom_OP.onnx,/home/elipregerson/nnenum/vnncomp2025_benchmarks/benchmarks/metaroom_2023/./vnnlib/spec_idx_115_eps_0.00000436.vnnlib,.006057679,error_exit_code_1,.845227667
metaroom_2023,/home/elipregerson/nnenum/vnncomp2025_benchmarks/benchmarks/metaroom_2023/./onnx/4cnn_ry_58_9_no_custom_OP.onnx,/home/elipregerson/nnenum/vnncomp2025_benchmarks/benchmarks/metaroom_2023/./vnnlib/spec_idx_29_eps_0.00000436.vnnlib,.006000908,unsat,.825970820
metaroom_2023,/home/elipregerson/nnenum/vnncomp2025_benchmarks/benchmarks/metaroom_2023/./onnx/4cnn_tz_103_17_no_custom_OP.onnx,/home/elipregerson/nnenum/vnncomp2025_benchmarks/benchmarks/metaroom_2023/./vnnlib/spec_idx_47_eps_0.00001000.vnnlib,.006021191,error_exit_code_1,.742925244
metaroom_2023,/home/elipregerson/nnenum/vnncomp2025_benchmarks/benchmarks/metaroom_2023/./onnx/6cnn_tz_78_13_no_custom_OP.onnx,/home/elipregerson/nnenum/vnncomp2025_benchmarks/benchmarks/metaroom_2023/./vnnlib/spec_idx_204_eps_0.00001000.vnnlib,.005978561,unsat,.971507365
metaroom_2023,/home/elipregerson/nnenum/vnncomp2025_benchmarks/benchmarks/metaroom_2023/./onnx/6cnn_tz_6_1_no_custom_OP.onnx,/home/elipregerson/nnenum/vnncomp2025_benchmarks/benchmarks/metaroom_2023/./vnnlib/spec_idx_200_eps_0.00001000.vnnlib,.005988051,unsat,.954155659
metaroom_2023,/home/elipregerson/nnenum/vnncomp2025_benchmarks/benchmarks/metaroom_2023/./onnx/6cnn_tz_3_0_no_custom_OP.onnx,/home/elipregerson/nnenum/vnncomp2025_benchmarks/benchmarks/metaroom_2023/./vnnlib/spec_idx_181_eps_0.00001000.vnnlib,.006032391,unsat,.979948909
metaroom_2023,/home/elipregerson/nnenum/vnncomp2025_benchmarks/benchmarks/metaroom_2023/./onnx/6cnn_ry_4_0_no_custom_OP.onnx,/home/elipregerson/nnenum/vnncomp2025_benchmarks/benchmarks/metaroom_2023/./vnnlib/spec_idx_125_eps_0.00000436.vnnlib,.005974038,unsat,1.221471917
metaroom_2023,/home/elipregerson/nnenum/vnncomp2025_benchmarks/benchmarks/metaroom_2023/./onnx/6cnn_ry_95_15_no_custom_OP.onnx,/home/elipregerson/nnenum/vnncomp2025_benchmarks/benchmarks/metaroom_2023/./vnnlib/spec_idx_150_eps_0.00000436.vnnlib,.006236643,error_exit_code_1,.849103588
metaroom_2023,/home/elipregerson/nnenum/vnncomp2025_benchmarks/benchmarks/metaroom_2023/./onnx/6cnn_tz_37_6_no_custom_OP.onnx,/home/elipregerson/nnenum/vnncomp2025_benchmarks/benchmarks/metaroom_2023/./vnnlib/spec_idx_178_eps_0.00001000.vnnlib,.006154817,error_exit_code_1,.840321412
metaroom_2023,/home/elipregerson/nnenum/vnncomp2025_benchmarks/benchmarks/metaroom_2023/./onnx/4cnn_ry_71_11_no_custom_OP.onnx,/home/elipregerson/nnenum/vnncomp2025_benchmarks/benchmarks/metaroom_2023/./vnnlib/spec_idx_37_eps_0.00000436.vnnlib,.005996612,error_exit_code_1,.734925228
metaroom_2023,/home/elipregerson/nnenum/vnncomp2025_benchmarks/benchmarks/metaroom_2023/./onnx/6cnn_ry_114_19_no_custom_OP.onnx,/home/elipregerson/nnenum/vnncomp2025_benchmarks/benchmarks/metaroom_2023/./vnnlib/spec_idx_100_eps_0.00000436.vnnlib,.005989566,unsat,1.023855117
metaroom_2023,/home/elipregerson/nnenum/vnncomp2025_benchmarks/benchmarks/metaroom_2023/./onnx/4cnn_ry_70_11_no_custom_OP.onnx,/home/elipregerson/nnenum/vnncomp2025_benchmarks/benchmarks/metaroom_2023/./vnnlib/spec_idx_36_eps_0.00000436.vnnlib,.006247236,unsat,.824052249
metaroom_2023,/home/elipregerson/nnenum/vnncomp2025_benchmarks/benchmarks/metaroom_2023/./onnx/4cnn_tz_20_3_no_custom_OP.onnx,/home/elipregerson/nnenum/vnncomp2025_benchmarks/benchmarks/metaroom_2023/./vnnlib/spec_idx_53_eps_0.00001000.vnnlib,.006197347,error_exit_code_1,.750941717
metaroom_2023,/home/elipregerson/nnenum/vnncomp2025_benchmarks/benchmarks/metaroom_2023/./onnx/4cnn_ry_52_8_no_custom_OP.onnx,/home/elipregerson/nnenum/vnncomp2025_benchmarks/benchmarks/metaroom_2023/./vnnlib/spec_idx_25_eps_0.00000436.vnnlib,.005980476,unsat,.814175467
metaroom_2023,/home/elipregerson/nnenum/vnncomp2025_benchmarks/benchmarks/metaroom_2023/./onnx/6cnn_tz_4_0_no_custom_OP.onnx,/home/elipregerson/nnenum/vnncomp2025_benchmarks/benchmarks/metaroom_2023/./vnnlib/spec_idx_186_eps_0.00001000.vnnlib,.006111653,error_exit_code_1,.844782773
metaroom_2023,/home/elipregerson/nnenum/vnncomp2025_benchmarks/benchmarks/metaroom_2023/./onnx/6cnn_ry_91_15_no_custom_OP.onnx,/home/elipregerson/nnenum/vnncomp2025_benchmarks/benchmarks/metaroom_2023/./vnnlib/spec_idx_146_eps_0.00000436.vnnlib,.006004356,unsat,1.605469534
metaroom_2023,/home/elipregerson/nnenum/vnncomp2025_benchmarks/benchmarks/metaroom_2023/./onnx/4cnn_tz_4_0_no_custom_OP.onnx,/home/elipregerson/nnenum/vnncomp2025_benchmarks/benchmarks/metaroom_2023/./vnnlib/spec_idx_71_eps_0.00001000.vnnlib,.006198600,error_exit_code_1,.755422416
metaroom_2023,/home/elipregerson/nnenum/vnncomp2025_benchmarks/benchmarks/metaroom_2023/./onnx/4cnn_tz_47_7_no_custom_OP.onnx,/home/elipregerson/nnenum/vnncomp2025_benchmarks/benchmarks/metaroom_2023/./vnnlib/spec_idx_69_eps_0.00001000.vnnlib,.006159990,error_exit_code_1,.748108914
metaroom_2023,/home/elipregerson/nnenum/vnncomp2025_benchmarks/benchmarks/metaroom_2023/./onnx/4cnn_ry_57_9_no_custom_OP.onnx,/home/elipregerson/nnenum/vnncomp2025_benchmarks/benchmarks/metaroom_2023/./vnnlib/spec_idx_28_eps_0.00000436.vnnlib,.006065497,unsat,89.557372738
metaroom_2023,/home/elipregerson/nnenum/vnncomp2025_benchmarks/benchmarks/metaroom_2023/./onnx/6cnn_ry_67_11_no_custom_OP.onnx,/home/elipregerson/nnenum/vnncomp2025_benchmarks/benchmarks/metaroom_2023/./vnnlib/spec_idx_135_eps_0.00000436.vnnlib,.006074462,unsat,1.829258045
metaroom_2023,/home/elipregerson/nnenum/vnncomp2025_benchmarks/benchmarks/metaroom_2023/./onnx/4cnn_tz_34_5_no_custom_OP.onnx,/home/elipregerson/nnenum/vnncomp2025_benchmarks/benchmarks/metaroom_2023/./vnnlib/spec_idx_59_eps_0.00001000.vnnlib,.006061924,error_exit_code_1,.756846180
metaroom_2023,/home/elipregerson/nnenum/vnncomp2025_benchmarks/benchmarks/metaroom_2023/./onnx/4cnn_tz_41_6_no_custom_OP.onnx,/home/elipregerson/nnenum/vnncomp2025_benchmarks/benchmarks/metaroom_2023/./vnnlib/spec_idx_66_eps_0.00001000.vnnlib,.005970828,error_exit_code_1,.752870332
metaroom_2023,/home/elipregerson/nnenum/vnncomp2025_benchmarks/benchmarks/metaroom_2023/./onnx/4cnn_tz_99_16_no_custom_OP.onnx,/home/elipregerson/nnenum/vnncomp2025_benchmarks/benchmarks/metaroom_2023/./vnnlib/spec_idx_91_eps_0.00001000.vnnlib,.005930006,unsat,.820040940
metaroom_2023,/home/elipregerson/nnenum/vnncomp2025_benchmarks/benchmarks/metaroom_2023/./onnx/6cnn_ry_12_2_no_custom_OP.onnx,/home/elipregerson/nnenum/vnncomp2025_benchmarks/benchmarks/metaroom_2023/./vnnlib/spec_idx_105_eps_0.00000436.vnnlib,.006043813,unsat,1.028296977
metaroom_2023,/home/elipregerson/nnenum/vnncomp2025_benchmarks/benchmarks/metaroom_2023/./onnx/6cnn_tz_93_15_no_custom_OP.onnx,/home/elipregerson/nnenum/vnncomp2025_benchmarks/benchmarks/metaroom_2023/./vnnlib/spec_idx_208_eps_0.00001000.vnnlib,.006061158,unsat,.990468267
metaroom_2023,/home/elipregerson/nnenum/vnncomp2025_benchmarks/benchmarks/metaroom_2023/./onnx/4cnn_tz_44_7_no_custom_OP.onnx,/home/elipregerson/nnenum/vnncomp2025_benchmarks/benchmarks/metaroom_2023/./vnnlib/spec_idx_68_eps_0.00001000.vnnlib,.006233175,error_exit_code_1,.761431813
metaroom_2023,/home/elipregerson/nnenum/vnncomp2025_benchmarks/benchmarks/metaroom_2023/./onnx/6cnn_tz_79_13_no_custom_OP.onnx,/home/elipregerson/nnenum/vnncomp2025_benchmarks/benchmarks/metaroom_2023/./vnnlib/spec_idx_205_eps_0.00001000.vnnlib,.005985005,error_exit_code_1,.866008619
metaroom_2023,/home/elipregerson/nnenum/vnncomp2025_benchmarks/benchmarks/metaroom_2023/./onnx/6cnn_ry_6_1_no_custom_OP.onnx,/home/elipregerson/nnenum/vnncomp2025_benchmarks/benchmarks/metaroom_2023/./vnnlib/spec_idx_137_eps_0.00000436.vnnlib,.006109996,unsat,1.047878088
metaroom_2023,/home/elipregerson/nnenum/vnncomp2025_benchmarks/benchmarks/metaroom_2023/./onnx/6cnn_ry_52_8_no_custom_OP.onnx,/home/elipregerson/nnenum/vnncomp2025_benchmarks/benchmarks/metaroom_2023/./vnnlib/spec_idx_126_eps_0.00000436.vnnlib,.006147228,unsat,1.240762290
metaroom_2023,/home/elipregerson/nnenum/vnncomp2025_benchmarks/benchmarks/metaroom_2023/./onnx/4cnn_tz_82_13_no_custom_OP.onnx,/home/elipregerson/nnenum/vnncomp2025_benchmarks/benchmarks/metaroom_2023/./vnnlib/spec_idx_87_eps_0.00001000.vnnlib,.006230608,error_exit_code_1,.761776107
metaroom_2023,/home/elipregerson/nnenum/vnncomp2025_benchmarks/benchmarks/metaroom_2023/./onnx/6cnn_ry_28_4_no_custom_OP.onnx,/home/elipregerson/nnenum/vnncomp2025_benchmarks/benchmarks/metaroom_2023/./vnnlib/spec_idx_113_eps_0.00000436.vnnlib,.006077646,unsat,1.247417903
metaroom_2023,/home/elipregerson/nnenum/vnncomp2025_benchmarks/benchmarks/metaroom_2023/./onnx/6cnn_tz_28_4_no_custom_OP.onnx,/home/elipregerson/nnenum/vnncomp2025_benchmarks/benchmarks/metaroom_2023/./vnnlib/spec_idx_173_eps_0.00001000.vnnlib,.006355815,error_exit_code_1,.859437255
metaroom_2023,/home/elipregerson/nnenum/vnncomp2025_benchmarks/benchmarks/metaroom_2023/./onnx/6cnn_tz_104_17_no_custom_OP.onnx,/home/elipregerson/nnenum/vnncomp2025_benchmarks/benchmarks/metaroom_2023/./vnnlib/spec_idx_155_eps_0.00001000.vnnlib,.006116034,error_exit_code_1,.865521112
metaroom_2023,/home/elipregerson/nnenum/vnncomp2025_benchmarks/benchmarks/metaroom_2023/./onnx/6cnn_tz_18_3_no_custom_OP.onnx,/home/elipregerson/nnenum/vnncomp2025_benchmarks/benchmarks/metaroom_2023/./vnnlib/spec_idx_166_eps_0.00001000.vnnlib,.006085807,unsat,.965353385
metaroom_2023,/home/elipregerson/nnenum/vnncomp2025_benchmarks/benchmarks/metaroom_2023/./onnx/6cnn_ry_36_6_no_custom_OP.onnx,/home/elipregerson/nnenum/vnncomp2025_benchmarks/benchmarks/metaroom_2023/./vnnlib/spec_idx_116_eps_0.00000436.vnnlib,.005996614,unsat,1.020280136
metaroom_2023,/home/elipregerson/nnenum/vnncomp2025_benchmarks/benchmarks/metaroom_2023/./onnx/6cnn_ry_117_19_no_custom_OP.onnx,/home/elipregerson/nnenum/vnncomp2025_benchmarks/benchmarks/metaroom_2023/./vnnlib/spec_idx_101_eps_0.00000436.vnnlib,.005992298,timeout,212.233454898
metaroom_2023,/home/elipregerson/nnenum/vnncomp2025_benchmarks/benchmarks/metaroom_2023/./onnx/6cnn_ry_92_15_no_custom_OP.onnx,/home/elipregerson/nnenum/vnncomp2025_benchmarks/benchmarks/metaroom_2023/./vnnlib/spec_idx_147_eps_0.00000436.vnnlib,.006200413,unsat,1.012782409
metaroom_2023,/home/elipregerson/nnenum/vnncomp2025_benchmarks/benchmarks/metaroom_2023/./onnx/6cnn_ry_39_6_no_custom_OP.onnx,/home/elipregerson/nnenum/vnncomp2025_benchmarks/benchmarks/metaroom_2023/./vnnlib/spec_idx_119_eps_0.00000436.vnnlib,.006166130,timeout,210.992162587
metaroom_2023,/home/elipregerson/nnenum/vnncomp2025_benchmarks/benchmarks/metaroom_2023/./onnx/4cnn_tz_39_6_no_custom_OP.onnx,/home/elipregerson/nnenum/vnncomp2025_benchmarks/benchmarks/metaroom_2023/./vnnlib/spec_idx_63_eps_0.00001000.vnnlib,.005984654,error_exit_code_1,.759249754
metaroom_2023,/home/elipregerson/nnenum/vnncomp2025_benchmarks/benchmarks/metaroom_2023/./onnx/6cnn_tz_23_3_no_custom_OP.onnx,/home/elipregerson/nnenum/vnncomp2025_benchmarks/benchmarks/metaroom_2023/./vnnlib/spec_idx_172_eps_0.00001000.vnnlib,.006159269,error_exit_code_1,.850066973
metaroom_2023,/home/elipregerson/nnenum/vnncomp2025_benchmarks/benchmarks/test/onnx/test_nano.onnx,/home/elipregerson/nnenum/vnncomp2025_benchmarks/benchmarks/test/vnnlib/test_nano.vnnlib,.006271483,unsat,.602461211
ml4acopf_2024,/home/elipregerson/nnenum/vnncomp2025_benchmarks/benchmarks/ml4acopf_2024/./onnx/14_ieee_ml4acopf-linear-residual.onnx,/home/elipregerson/nnenum/vnncomp2025_benchmarks/benchmarks/ml4acopf_2024/./vnnlib/14_ieee_prop9.vnnlib,.006101546,error_exit_code_1,.541012470
ml4acopf_2024,/home/elipregerson/nnenum/vnncomp2025_benchmarks/benchmarks/ml4acopf_2024/./onnx/14_ieee_ml4acopf-linear-residual.onnx,/home/elipregerson/nnenum/vnncomp2025_benchmarks/benchmarks/ml4acopf_2024/./vnnlib/14_ieee_prop7.vnnlib,.006019117,error_exit_code_1,.538862350
ml4acopf_2024,/home/elipregerson/nnenum/vnncomp2025_benchmarks/benchmarks/ml4acopf_2024/./onnx/14_ieee_ml4acopf-linear-residual.onnx,/home/elipregerson/nnenum/vnncomp2025_benchmarks/benchmarks/ml4acopf_2024/./vnnlib/14_ieee_prop2.vnnlib,.006188035,error_exit_code_1,.547684721
ml4acopf_2024,/home/elipregerson/nnenum/vnncomp2025_benchmarks/benchmarks/ml4acopf_2024/./onnx/14_ieee_ml4acopf-linear-residual.onnx,/home/elipregerson/nnenum/vnncomp2025_benchmarks/benchmarks/ml4acopf_2024/./vnnlib/14_ieee_prop8.vnnlib,.005971585,error_exit_code_1,.548813174
ml4acopf_2024,/home/elipregerson/nnenum/vnncomp2025_benchmarks/benchmarks/ml4acopf_2024/./onnx/14_ieee_ml4acopf-linear-residual.onnx,/home/elipregerson/nnenum/vnncomp2025_benchmarks/benchmarks/ml4acopf_2024/./vnnlib/14_ieee_prop4.vnnlib,.005962011,error_exit_code_1,.544636840
ml4acopf_2024,/home/elipregerson/nnenum/vnncomp2025_benchmarks/benchmarks/ml4acopf_2024/./onnx/14_ieee_ml4acopf-linear-residual.onnx,/home/elipregerson/nnenum/vnncomp2025_benchmarks/benchmarks/ml4acopf_2024/./vnnlib/14_ieee_prop6.vnnlib,.005972240,error_exit_code_1,.540637695
ml4acopf_2024,/home/elipregerson/nnenum/vnncomp2025_benchmarks/benchmarks/ml4acopf_2024/./onnx/14_ieee_ml4acopf-linear-residual.onnx,/home/elipregerson/nnenum/vnncomp2025_benchmarks/benchmarks/ml4acopf_2024/./vnnlib/14_ieee_prop12.vnnlib,.006043579,error_exit_code_1,.541359325
ml4acopf_2024,/home/elipregerson/nnenum/vnncomp2025_benchmarks/benchmarks/ml4acopf_2024/./onnx/14_ieee_ml4acopf-linear-residual.onnx,/home/elipregerson/nnenum/vnncomp2025_benchmarks/benchmarks/ml4acopf_2024/./vnnlib/14_ieee_prop13.vnnlib,.006124327,error_exit_code_1,.538203878
ml4acopf_2024,/home/elipregerson/nnenum/vnncomp2025_benchmarks/benchmarks/ml4acopf_2024/./onnx/14_ieee_ml4acopf-linear-residual.onnx,/home/elipregerson/nnenum/vnncomp2025_benchmarks/benchmarks/ml4acopf_2024/./vnnlib/14_ieee_prop11.vnnlib,.006446889,error_exit_code_1,.545730746
ml4acopf_2024,/home/elipregerson/nnenum/vnncomp2025_benchmarks/benchmarks/ml4acopf_2024/./onnx/14_ieee_ml4acopf-linear-residual.onnx,/home/elipregerson/nnenum/vnncomp2025_benchmarks/benchmarks/ml4acopf_2024/./vnnlib/14_ieee_prop1.vnnlib,.005997833,error_exit_code_1,.549177425
ml4acopf_2024,/home/elipregerson/nnenum/vnncomp2025_benchmarks/benchmarks/ml4acopf_2024/./onnx/14_ieee_ml4acopf-linear-residual.onnx,/home/elipregerson/nnenum/vnncomp2025_benchmarks/benchmarks/ml4acopf_2024/./vnnlib/14_ieee_prop3.vnnlib,.006105882,error_exit_code_1,.550311961
ml4acopf_2024,/home/elipregerson/nnenum/vnncomp2025_benchmarks/benchmarks/ml4acopf_2024/./onnx/14_ieee_ml4acopf-linear-residual.onnx,/home/elipregerson/nnenum/vnncomp2025_benchmarks/benchmarks/ml4acopf_2024/./vnnlib/14_ieee_prop14.vnnlib,.006041212,error_exit_code_1,.548918148
ml4acopf_2024,/home/elipregerson/nnenum/vnncomp2025_benchmarks/benchmarks/ml4acopf_2024/./onnx/14_ieee_ml4acopf-linear-residual.onnx,/home/elipregerson/nnenum/vnncomp2025_benchmarks/benchmarks/ml4acopf_2024/./vnnlib/14_ieee_prop10.vnnlib,.006031950,error_exit_code_1,.549885208
ml4acopf_2024,/home/elipregerson/nnenum/vnncomp2025_benchmarks/benchmarks/ml4acopf_2024/./onnx/14_ieee_ml4acopf-linear-residual.onnx,/home/elipregerson/nnenum/vnncomp2025_benchmarks/benchmarks/ml4acopf_2024/./vnnlib/14_ieee_prop5.vnnlib,.006115820,error_exit_code_1,.544807560
ml4acopf_2024,/home/elipregerson/nnenum/vnncomp2025_benchmarks/benchmarks/ml4acopf_2024/./onnx/118_ieee_ml4acopf.onnx,/home/elipregerson/nnenum/vnncomp2025_benchmarks/benchmarks/ml4acopf_2024/./vnnlib/118_ieee_prop2.vnnlib,.006361091,error_exit_code_1,.548129240
ml4acopf_2024,/home/elipregerson/nnenum/vnncomp2025_benchmarks/benchmarks/ml4acopf_2024/./onnx/118_ieee_ml4acopf.onnx,/home/elipregerson/nnenum/vnncomp2025_benchmarks/benchmarks/ml4acopf_2024/./vnnlib/118_ieee_prop4.vnnlib,.006038861,error_exit_code_1,.622262304
ml4acopf_2024,/home/elipregerson/nnenum/vnncomp2025_benchmarks/benchmarks/ml4acopf_2024/./onnx/118_ieee_ml4acopf.onnx,/home/elipregerson/nnenum/vnncomp2025_benchmarks/benchmarks/ml4acopf_2024/./vnnlib/118_ieee_prop3.vnnlib,.006215221,error_exit_code_1,.629280580
ml4acopf_2024,/home/elipregerson/nnenum/vnncomp2025_benchmarks/benchmarks/ml4acopf_2024/./onnx/118_ieee_ml4acopf.onnx,/home/elipregerson/nnenum/vnncomp2025_benchmarks/benchmarks/ml4acopf_2024/./vnnlib/118_ieee_prop5.vnnlib,.006019783,error_exit_code_1,.543180489
ml4acopf_2024,/home/elipregerson/nnenum/vnncomp2025_benchmarks/benchmarks/ml4acopf_2024/./onnx/118_ieee_ml4acopf.onnx,/home/elipregerson/nnenum/vnncomp2025_benchmarks/benchmarks/ml4acopf_2024/./vnnlib/118_ieee_prop6.vnnlib,.006016949,error_exit_code_1,.559851778
ml4acopf_2024,/home/elipregerson/nnenum/vnncomp2025_benchmarks/benchmarks/ml4acopf_2024/./onnx/300_ieee_ml4acopf-linear-nonresidual.onnx,/home/elipregerson/nnenum/vnncomp2025_benchmarks/benchmarks/ml4acopf_2024/./vnnlib/300_ieee_prop3.vnnlib,.006074324,error_exit_code_1,.798998003
ml4acopf_2024,/home/elipregerson/nnenum/vnncomp2025_benchmarks/benchmarks/ml4acopf_2024/./onnx/300_ieee_ml4acopf-linear-nonresidual.onnx,/home/elipregerson/nnenum/vnncomp2025_benchmarks/benchmarks/ml4acopf_2024/./vnnlib/300_ieee_prop105.vnnlib,.006109440,error_exit_code_1,.585026932
ml4acopf_2024,/home/elipregerson/nnenum/vnncomp2025_benchmarks/benchmarks/ml4acopf_2024/./onnx/300_ieee_ml4acopf-linear-nonresidual.onnx,/home/elipregerson/nnenum/vnncomp2025_benchmarks/benchmarks/ml4acopf_2024/./vnnlib/300_ieee_prop2.vnnlib,.005959460,error_exit_code_1,.571898709
ml4acopf_2024,/home/elipregerson/nnenum/vnncomp2025_benchmarks/benchmarks/ml4acopf_2024/./onnx/300_ieee_ml4acopf-linear-nonresidual.onnx,/home/elipregerson/nnenum/vnncomp2025_benchmarks/benchmarks/ml4acopf_2024/./vnnlib/300_ieee_prop4.vnnlib,.006112194,error_exit_code_1,1.100051244
ml4acopf_2024,/home/elipregerson/nnenum/vnncomp2025_benchmarks/benchmarks/ml4acopf_2024/./onnx/14_ieee_ml4acopf-linear-nonresidual.onnx,/home/elipregerson/nnenum/vnncomp2025_benchmarks/benchmarks/ml4acopf_2024/./vnnlib/14_ieee_prop9.vnnlib,.006034013,error_exit_code_1,.548692849
ml4acopf_2024,/home/elipregerson/nnenum/vnncomp2025_benchmarks/benchmarks/ml4acopf_2024/./onnx/14_ieee_ml4acopf-linear-nonresidual.onnx,/home/elipregerson/nnenum/vnncomp2025_benchmarks/benchmarks/ml4acopf_2024/./vnnlib/14_ieee_prop7.vnnlib,.006083580,error_exit_code_1,.534890935
ml4acopf_2024,/home/elipregerson/nnenum/vnncomp2025_benchmarks/benchmarks/ml4acopf_2024/./onnx/14_ieee_ml4acopf-linear-nonresidual.onnx,/home/elipregerson/nnenum/vnncomp2025_benchmarks/benchmarks/ml4acopf_2024/./vnnlib/14_ieee_prop2.vnnlib,.006026852,error_exit_code_1,.539078760
ml4acopf_2024,/home/elipregerson/nnenum/vnncomp2025_benchmarks/benchmarks/ml4acopf_2024/./onnx/14_ieee_ml4acopf-linear-nonresidual.onnx,/home/elipregerson/nnenum/vnncomp2025_benchmarks/benchmarks/ml4acopf_2024/./vnnlib/14_ieee_prop8.vnnlib,.005920533,error_exit_code_1,.532828947
ml4acopf_2024,/home/elipregerson/nnenum/vnncomp2025_benchmarks/benchmarks/ml4acopf_2024/./onnx/14_ieee_ml4acopf-linear-nonresidual.onnx,/home/elipregerson/nnenum/vnncomp2025_benchmarks/benchmarks/ml4acopf_2024/./vnnlib/14_ieee_prop4.vnnlib,.005974789,error_exit_code_1,.545167767
ml4acopf_2024,/home/elipregerson/nnenum/vnncomp2025_benchmarks/benchmarks/ml4acopf_2024/./onnx/14_ieee_ml4acopf-linear-nonresidual.onnx,/home/elipregerson/nnenum/vnncomp2025_benchmarks/benchmarks/ml4acopf_2024/./vnnlib/14_ieee_prop6.vnnlib,.006153558,error_exit_code_1,.538359602
ml4acopf_2024,/home/elipregerson/nnenum/vnncomp2025_benchmarks/benchmarks/ml4acopf_2024/./onnx/14_ieee_ml4acopf-linear-nonresidual.onnx,/home/elipregerson/nnenum/vnncomp2025_benchmarks/benchmarks/ml4acopf_2024/./vnnlib/14_ieee_prop12.vnnlib,.005970478,error_exit_code_1,.545619072
ml4acopf_2024,/home/elipregerson/nnenum/vnncomp2025_benchmarks/benchmarks/ml4acopf_2024/./onnx/14_ieee_ml4acopf-linear-nonresidual.onnx,/home/elipregerson/nnenum/vnncomp2025_benchmarks/benchmarks/ml4acopf_2024/./vnnlib/14_ieee_prop13.vnnlib,.005932530,error_exit_code_1,.539555620
ml4acopf_2024,/home/elipregerson/nnenum/vnncomp2025_benchmarks/benchmarks/ml4acopf_2024/./onnx/14_ieee_ml4acopf-linear-nonresidual.onnx,/home/elipregerson/nnenum/vnncomp2025_benchmarks/benchmarks/ml4acopf_2024/./vnnlib/14_ieee_prop11.vnnlib,.006090743,error_exit_code_1,.536614649
ml4acopf_2024,/home/elipregerson/nnenum/vnncomp2025_benchmarks/benchmarks/ml4acopf_2024/./onnx/14_ieee_ml4acopf-linear-nonresidual.onnx,/home/elipregerson/nnenum/vnncomp2025_benchmarks/benchmarks/ml4acopf_2024/./vnnlib/14_ieee_prop1.vnnlib,.005962291,error_exit_code_1,.539879698
ml4acopf_2024,/home/elipregerson/nnenum/vnncomp2025_benchmarks/benchmarks/ml4acopf_2024/./onnx/14_ieee_ml4acopf-linear-nonresidual.onnx,/home/elipregerson/nnenum/vnncomp2025_benchmarks/benchmarks/ml4acopf_2024/./vnnlib/14_ieee_prop3.vnnlib,.006000864,error_exit_code_1,.537898465
ml4acopf_2024,/home/elipregerson/nnenum/vnncomp2025_benchmarks/benchmarks/ml4acopf_2024/./onnx/14_ieee_ml4acopf-linear-nonresidual.onnx,/home/elipregerson/nnenum/vnncomp2025_benchmarks/benchmarks/ml4acopf_2024/./vnnlib/14_ieee_prop14.vnnlib,.006010714,error_exit_code_1,.545267660
ml4acopf_2024,/home/elipregerson/nnenum/vnncomp2025_benchmarks/benchmarks/ml4acopf_2024/./onnx/14_ieee_ml4acopf-linear-nonresidual.onnx,/home/elipregerson/nnenum/vnncomp2025_benchmarks/benchmarks/ml4acopf_2024/./vnnlib/14_ieee_prop10.vnnlib,.006021677,error_exit_code_1,.533540565
ml4acopf_2024,/home/elipregerson/nnenum/vnncomp2025_benchmarks/benchmarks/ml4acopf_2024/./onnx/14_ieee_ml4acopf-linear-nonresidual.onnx,/home/elipregerson/nnenum/vnncomp2025_benchmarks/benchmarks/ml4acopf_2024/./vnnlib/14_ieee_prop5.vnnlib,.005866348,error_exit_code_1,.537569781
ml4acopf_2024,/home/elipregerson/nnenum/vnncomp2025_benchmarks/benchmarks/ml4acopf_2024/./onnx/118_ieee_ml4acopf-linear-nonresidual.onnx,/home/elipregerson/nnenum/vnncomp2025_benchmarks/benchmarks/ml4acopf_2024/./vnnlib/118_ieee_prop2.vnnlib,.005924715,error_exit_code_1,.545070686
ml4acopf_2024,/home/elipregerson/nnenum/vnncomp2025_benchmarks/benchmarks/ml4acopf_2024/./onnx/118_ieee_ml4acopf-linear-nonresidual.onnx,/home/elipregerson/nnenum/vnncomp2025_benchmarks/benchmarks/ml4acopf_2024/./vnnlib/118_ieee_prop4.vnnlib,.006093319,error_exit_code_1,.624588625
ml4acopf_2024,/home/elipregerson/nnenum/vnncomp2025_benchmarks/benchmarks/ml4acopf_2024/./onnx/118_ieee_ml4acopf-linear-nonresidual.onnx,/home/elipregerson/nnenum/vnncomp2025_benchmarks/benchmarks/ml4acopf_2024/./vnnlib/118_ieee_prop3.vnnlib,.005881532,error_exit_code_1,.612988844
ml4acopf_2024,/home/elipregerson/nnenum/vnncomp2025_benchmarks/benchmarks/ml4acopf_2024/./onnx/118_ieee_ml4acopf-linear-nonresidual.onnx,/home/elipregerson/nnenum/vnncomp2025_benchmarks/benchmarks/ml4acopf_2024/./vnnlib/118_ieee_prop5.vnnlib,.005999129,error_exit_code_1,.549186558
ml4acopf_2024,/home/elipregerson/nnenum/vnncomp2025_benchmarks/benchmarks/ml4acopf_2024/./onnx/118_ieee_ml4acopf-linear-nonresidual.onnx,/home/elipregerson/nnenum/vnncomp2025_benchmarks/benchmarks/ml4acopf_2024/./vnnlib/118_ieee_prop6.vnnlib,.006147489,error_exit_code_1,.548507441
ml4acopf_2024,/home/elipregerson/nnenum/vnncomp2025_benchmarks/benchmarks/ml4acopf_2024/./onnx/14_ieee_ml4acopf.onnx,/home/elipregerson/nnenum/vnncomp2025_benchmarks/benchmarks/ml4acopf_2024/./vnnlib/14_ieee_prop9.vnnlib,.005961609,error_exit_code_1,.531819354
ml4acopf_2024,/home/elipregerson/nnenum/vnncomp2025_benchmarks/benchmarks/ml4acopf_2024/./onnx/14_ieee_ml4acopf.onnx,/home/elipregerson/nnenum/vnncomp2025_benchmarks/benchmarks/ml4acopf_2024/./vnnlib/14_ieee_prop7.vnnlib,.006075180,error_exit_code_1,.533444209
ml4acopf_2024,/home/elipregerson/nnenum/vnncomp2025_benchmarks/benchmarks/ml4acopf_2024/./onnx/14_ieee_ml4acopf.onnx,/home/elipregerson/nnenum/vnncomp2025_benchmarks/benchmarks/ml4acopf_2024/./vnnlib/14_ieee_prop2.vnnlib,.005993819,error_exit_code_1,.532432543
ml4acopf_2024,/home/elipregerson/nnenum/vnncomp2025_benchmarks/benchmarks/ml4acopf_2024/./onnx/14_ieee_ml4acopf.onnx,/home/elipregerson/nnenum/vnncomp2025_benchmarks/benchmarks/ml4acopf_2024/./vnnlib/14_ieee_prop8.vnnlib,.006024487,error_exit_code_1,.530462142
ml4acopf_2024,/home/elipregerson/nnenum/vnncomp2025_benchmarks/benchmarks/ml4acopf_2024/./onnx/14_ieee_ml4acopf.onnx,/home/elipregerson/nnenum/vnncomp2025_benchmarks/benchmarks/ml4acopf_2024/./vnnlib/14_ieee_prop4.vnnlib,.006084283,error_exit_code_1,.534099893
ml4acopf_2024,/home/elipregerson/nnenum/vnncomp2025_benchmarks/benchmarks/ml4acopf_2024/./onnx/14_ieee_ml4acopf.onnx,/home/elipregerson/nnenum/vnncomp2025_benchmarks/benchmarks/ml4acopf_2024/./vnnlib/14_ieee_prop6.vnnlib,.006002923,error_exit_code_1,.538540644
ml4acopf_2024,/home/elipregerson/nnenum/vnncomp2025_benchmarks/benchmarks/ml4acopf_2024/./onnx/14_ieee_ml4acopf.onnx,/home/elipregerson/nnenum/vnncomp2025_benchmarks/benchmarks/ml4acopf_2024/./vnnlib/14_ieee_prop12.vnnlib,.005947898,error_exit_code_1,.536341879
ml4acopf_2024,/home/elipregerson/nnenum/vnncomp2025_benchmarks/benchmarks/ml4acopf_2024/./onnx/14_ieee_ml4acopf.onnx,/home/elipregerson/nnenum/vnncomp2025_benchmarks/benchmarks/ml4acopf_2024/./vnnlib/14_ieee_prop13.vnnlib,.005885698,error_exit_code_1,.537780087
ml4acopf_2024,/home/elipregerson/nnenum/vnncomp2025_benchmarks/benchmarks/ml4acopf_2024/./onnx/14_ieee_ml4acopf.onnx,/home/elipregerson/nnenum/vnncomp2025_benchmarks/benchmarks/ml4acopf_2024/./vnnlib/14_ieee_prop11.vnnlib,.006004122,error_exit_code_1,.532147255
ml4acopf_2024,/home/elipregerson/nnenum/vnncomp2025_benchmarks/benchmarks/ml4acopf_2024/./onnx/14_ieee_ml4acopf.onnx,/home/elipregerson/nnenum/vnncomp2025_benchmarks/benchmarks/ml4acopf_2024/./vnnlib/14_ieee_prop1.vnnlib,.005954989,error_exit_code_1,.553083624
ml4acopf_2024,/home/elipregerson/nnenum/vnncomp2025_benchmarks/benchmarks/ml4acopf_2024/./onnx/14_ieee_ml4acopf.onnx,/home/elipregerson/nnenum/vnncomp2025_benchmarks/benchmarks/ml4acopf_2024/./vnnlib/14_ieee_prop3.vnnlib,.006290494,error_exit_code_1,.529600265
ml4acopf_2024,/home/elipregerson/nnenum/vnncomp2025_benchmarks/benchmarks/ml4acopf_2024/./onnx/14_ieee_ml4acopf.onnx,/home/elipregerson/nnenum/vnncomp2025_benchmarks/benchmarks/ml4acopf_2024/./vnnlib/14_ieee_prop14.vnnlib,.006038857,error_exit_code_1,.539003739
ml4acopf_2024,/home/elipregerson/nnenum/vnncomp2025_benchmarks/benchmarks/ml4acopf_2024/./onnx/14_ieee_ml4acopf.onnx,/home/elipregerson/nnenum/vnncomp2025_benchmarks/benchmarks/ml4acopf_2024/./vnnlib/14_ieee_prop10.vnnlib,.006139483,error_exit_code_1,.531147322
ml4acopf_2024,/home/elipregerson/nnenum/vnncomp2025_benchmarks/benchmarks/ml4acopf_2024/./onnx/14_ieee_ml4acopf.onnx,/home/elipregerson/nnenum/vnncomp2025_benchmarks/benchmarks/ml4acopf_2024/./vnnlib/14_ieee_prop5.vnnlib,.006007342,error_exit_code_1,.541035947
ml4acopf_2024,/home/elipregerson/nnenum/vnncomp2025_benchmarks/benchmarks/ml4acopf_2024/./onnx/300_ieee_ml4acopf-linear-residual.onnx,/home/elipregerson/nnenum/vnncomp2025_benchmarks/benchmarks/ml4acopf_2024/./vnnlib/300_ieee_prop3.vnnlib,.005942898,error_exit_code_1,.791512772
ml4acopf_2024,/home/elipregerson/nnenum/vnncomp2025_benchmarks/benchmarks/ml4acopf_2024/./onnx/300_ieee_ml4acopf-linear-residual.onnx,/home/elipregerson/nnenum/vnncomp2025_benchmarks/benchmarks/ml4acopf_2024/./vnnlib/300_ieee_prop105.vnnlib,.006101972,error_exit_code_1,.569386722
ml4acopf_2024,/home/elipregerson/nnenum/vnncomp2025_benchmarks/benchmarks/ml4acopf_2024/./onnx/300_ieee_ml4acopf-linear-residual.onnx,/home/elipregerson/nnenum/vnncomp2025_benchmarks/benchmarks/ml4acopf_2024/./vnnlib/300_ieee_prop2.vnnlib,.006289267,error_exit_code_1,.578531909
ml4acopf_2024,/home/elipregerson/nnenum/vnncomp2025_benchmarks/benchmarks/ml4acopf_2024/./onnx/300_ieee_ml4acopf-linear-residual.onnx,/home/elipregerson/nnenum/vnncomp2025_benchmarks/benchmarks/ml4acopf_2024/./vnnlib/300_ieee_prop4.vnnlib,.005875697,error_exit_code_1,1.083711018
ml4acopf_2024,/home/elipregerson/nnenum/vnncomp2025_benchmarks/benchmarks/ml4acopf_2024/./onnx/118_ieee_ml4acopf-linear-residual.onnx,/home/elipregerson/nnenum/vnncomp2025_benchmarks/benchmarks/ml4acopf_2024/./vnnlib/118_ieee_prop2.vnnlib,.006317422,error_exit_code_1,.548856449
ml4acopf_2024,/home/elipregerson/nnenum/vnncomp2025_benchmarks/benchmarks/ml4acopf_2024/./onnx/118_ieee_ml4acopf-linear-residual.onnx,/home/elipregerson/nnenum/vnncomp2025_benchmarks/benchmarks/ml4acopf_2024/./vnnlib/118_ieee_prop4.vnnlib,.006071256,error_exit_code_1,.648908181
ml4acopf_2024,/home/elipregerson/nnenum/vnncomp2025_benchmarks/benchmarks/ml4acopf_2024/./onnx/118_ieee_ml4acopf-linear-residual.onnx,/home/elipregerson/nnenum/vnncomp2025_benchmarks/benchmarks/ml4acopf_2024/./vnnlib/118_ieee_prop3.vnnlib,.006029902,error_exit_code_1,.615467877
ml4acopf_2024,/home/elipregerson/nnenum/vnncomp2025_benchmarks/benchmarks/ml4acopf_2024/./onnx/118_ieee_ml4acopf-linear-residual.onnx,/home/elipregerson/nnenum/vnncomp2025_benchmarks/benchmarks/ml4acopf_2024/./vnnlib/118_ieee_prop5.vnnlib,.006205352,error_exit_code_1,.553021344
ml4acopf_2024,/home/elipregerson/nnenum/vnncomp2025_benchmarks/benchmarks/ml4acopf_2024/./onnx/118_ieee_ml4acopf-linear-residual.onnx,/home/elipregerson/nnenum/vnncomp2025_benchmarks/benchmarks/ml4acopf_2024/./vnnlib/118_ieee_prop6.vnnlib,.006082134,error_exit_code_1,.546586590
ml4acopf_2024,/home/elipregerson/nnenum/vnncomp2025_benchmarks/benchmarks/ml4acopf_2024/./onnx/300_ieee_ml4acopf.onnx,/home/elipregerson/nnenum/vnncomp2025_benchmarks/benchmarks/ml4acopf_2024/./vnnlib/300_ieee_prop3.vnnlib,.006051245,error_exit_code_1,.787334151
ml4acopf_2024,/home/elipregerson/nnenum/vnncomp2025_benchmarks/benchmarks/ml4acopf_2024/./onnx/300_ieee_ml4acopf.onnx,/home/elipregerson/nnenum/vnncomp2025_benchmarks/benchmarks/ml4acopf_2024/./vnnlib/300_ieee_prop105.vnnlib,.006078688,error_exit_code_1,.570634961
ml4acopf_2024,/home/elipregerson/nnenum/vnncomp2025_benchmarks/benchmarks/ml4acopf_2024/./onnx/300_ieee_ml4acopf.onnx,/home/elipregerson/nnenum/vnncomp2025_benchmarks/benchmarks/ml4acopf_2024/./vnnlib/300_ieee_prop2.vnnlib,.005984038,error_exit_code_1,.569853882
ml4acopf_2024,/home/elipregerson/nnenum/vnncomp2025_benchmarks/benchmarks/ml4acopf_2024/./onnx/300_ieee_ml4acopf.onnx,/home/elipregerson/nnenum/vnncomp2025_benchmarks/benchmarks/ml4acopf_2024/./vnnlib/300_ieee_prop4.vnnlib,.005983922,error_exit_code_1,1.083318779
ml4acopf_2024,/home/elipregerson/nnenum/vnncomp2025_benchmarks/benchmarks/test/onnx/test_nano.onnx,/home/elipregerson/nnenum/vnncomp2025_benchmarks/benchmarks/test/vnnlib/test_nano.vnnlib,.006139789,unsat,.540126975
nn4sys,/home/elipregerson/nnenum/vnncomp2025_benchmarks/benchmarks/nn4sys/onnx/pensieve_small_simple.onnx,/home/elipregerson/nnenum/vnncomp2025_benchmarks/benchmarks/nn4sys/vnnlib/pensieve_simple_0.vnnlib,.006055558,error_exit_code_1,.542221587
nn4sys,/home/elipregerson/nnenum/vnncomp2025_benchmarks/benchmarks/nn4sys/onnx/pensieve_big_parallel.onnx,/home/elipregerson/nnenum/vnncomp2025_benchmarks/benchmarks/nn4sys/vnnlib/pensieve_parallel_1.vnnlib,.006105054,error_exit_code_1,.552166468
nn4sys,/home/elipregerson/nnenum/vnncomp2025_benchmarks/benchmarks/nn4sys/onnx/pensieve_small_simple.onnx,/home/elipregerson/nnenum/vnncomp2025_benchmarks/benchmarks/nn4sys/vnnlib/pensieve_simple_2.vnnlib,.006014866,error_exit_code_1,.526078844
nn4sys,/home/elipregerson/nnenum/vnncomp2025_benchmarks/benchmarks/nn4sys/onnx/pensieve_small_simple.onnx,/home/elipregerson/nnenum/vnncomp2025_benchmarks/benchmarks/nn4sys/vnnlib/pensieve_simple_3.vnnlib,.005952368,error_exit_code_1,.540838753
nn4sys,/home/elipregerson/nnenum/vnncomp2025_benchmarks/benchmarks/nn4sys/onnx/pensieve_small_parallel.onnx,/home/elipregerson/nnenum/vnncomp2025_benchmarks/benchmarks/nn4sys/vnnlib/pensieve_parallel_4.vnnlib,.006311146,error_exit_code_1,.546181534
nn4sys,/home/elipregerson/nnenum/vnncomp2025_benchmarks/benchmarks/nn4sys/onnx/pensieve_small_simple.onnx,/home/elipregerson/nnenum/vnncomp2025_benchmarks/benchmarks/nn4sys/vnnlib/pensieve_simple_5.vnnlib,.005945955,error_exit_code_1,.534921988
nn4sys,/home/elipregerson/nnenum/vnncomp2025_benchmarks/benchmarks/nn4sys/onnx/pensieve_mid_simple.onnx,/home/elipregerson/nnenum/vnncomp2025_benchmarks/benchmarks/nn4sys/vnnlib/pensieve_simple_6.vnnlib,.005994315,error_exit_code_1,.554504868
nn4sys,/home/elipregerson/nnenum/vnncomp2025_benchmarks/benchmarks/nn4sys/onnx/pensieve_big_simple.onnx,/home/elipregerson/nnenum/vnncomp2025_benchmarks/benchmarks/nn4sys/vnnlib/pensieve_simple_7.vnnlib,.005966386,error_exit_code_1,.571095812
nn4sys,/home/elipregerson/nnenum/vnncomp2025_benchmarks/benchmarks/nn4sys/onnx/pensieve_big_parallel.onnx,/home/elipregerson/nnenum/vnncomp2025_benchmarks/benchmarks/nn4sys/vnnlib/pensieve_parallel_8.vnnlib,.006011137,error_exit_code_1,.544051364
nn4sys,/home/elipregerson/nnenum/vnncomp2025_benchmarks/benchmarks/nn4sys/onnx/pensieve_small_parallel.onnx,/home/elipregerson/nnenum/vnncomp2025_benchmarks/benchmarks/nn4sys/vnnlib/pensieve_parallel_9.vnnlib,.006223499,error_exit_code_1,.536961768
nn4sys,/home/elipregerson/nnenum/vnncomp2025_benchmarks/benchmarks/nn4sys/onnx/pensieve_big_simple.onnx,/home/elipregerson/nnenum/vnncomp2025_benchmarks/benchmarks/nn4sys/vnnlib/pensieve_simple_10.vnnlib,.006046631,error_exit_code_1,.550172090
nn4sys,/home/elipregerson/nnenum/vnncomp2025_benchmarks/benchmarks/nn4sys/onnx/pensieve_mid_simple.onnx,/home/elipregerson/nnenum/vnncomp2025_benchmarks/benchmarks/nn4sys/vnnlib/pensieve_simple_11.vnnlib,.006103439,error_exit_code_1,.544197719
nn4sys,/home/elipregerson/nnenum/vnncomp2025_benchmarks/benchmarks/nn4sys/onnx/pensieve_big_simple.onnx,/home/elipregerson/nnenum/vnncomp2025_benchmarks/benchmarks/nn4sys/vnnlib/pensieve_simple_12.vnnlib,.005964546,error_exit_code_1,.568971608
nn4sys,/home/elipregerson/nnenum/vnncomp2025_benchmarks/benchmarks/nn4sys/onnx/pensieve_small_simple.onnx,/home/elipregerson/nnenum/vnncomp2025_benchmarks/benchmarks/nn4sys/vnnlib/pensieve_simple_13.vnnlib,.006100913,error_exit_code_1,.535166889
nn4sys,/home/elipregerson/nnenum/vnncomp2025_benchmarks/benchmarks/nn4sys/onnx/pensieve_big_simple.onnx,/home/elipregerson/nnenum/vnncomp2025_benchmarks/benchmarks/nn4sys/vnnlib/pensieve_simple_14.vnnlib,.006509904,error_exit_code_1,.558575287
nn4sys,/home/elipregerson/nnenum/vnncomp2025_benchmarks/benchmarks/nn4sys/onnx/pensieve_small_simple.onnx,/home/elipregerson/nnenum/vnncomp2025_benchmarks/benchmarks/nn4sys/vnnlib/pensieve_simple_15.vnnlib,.005996414,error_exit_code_1,.535108774
nn4sys,/home/elipregerson/nnenum/vnncomp2025_benchmarks/benchmarks/nn4sys/onnx/pensieve_small_simple.onnx,/home/elipregerson/nnenum/vnncomp2025_benchmarks/benchmarks/nn4sys/vnnlib/pensieve_simple_16.vnnlib,.006489874,error_exit_code_1,.533031355
nn4sys,/home/elipregerson/nnenum/vnncomp2025_benchmarks/benchmarks/nn4sys/onnx/pensieve_small_parallel.onnx,/home/elipregerson/nnenum/vnncomp2025_benchmarks/benchmarks/nn4sys/vnnlib/pensieve_parallel_17.vnnlib,.006216813,error_exit_code_1,.531767923
nn4sys,/home/elipregerson/nnenum/vnncomp2025_benchmarks/benchmarks/nn4sys/onnx/pensieve_small_simple.onnx,/home/elipregerson/nnenum/vnncomp2025_benchmarks/benchmarks/nn4sys/vnnlib/pensieve_simple_18.vnnlib,.006016097,error_exit_code_1,.530002787
nn4sys,/home/elipregerson/nnenum/vnncomp2025_benchmarks/benchmarks/nn4sys/onnx/pensieve_small_parallel.onnx,/home/elipregerson/nnenum/vnncomp2025_benchmarks/benchmarks/nn4sys/vnnlib/pensieve_parallel_19.vnnlib,.006010772,error_exit_code_1,.535090851
nn4sys,/home/elipregerson/nnenum/vnncomp2025_benchmarks/benchmarks/nn4sys/onnx/pensieve_small_parallel.onnx,/home/elipregerson/nnenum/vnncomp2025_benchmarks/benchmarks/nn4sys/vnnlib/pensieve_parallel_20.vnnlib,.006181749,error_exit_code_1,.529886689
nn4sys,/home/elipregerson/nnenum/vnncomp2025_benchmarks/benchmarks/nn4sys/onnx/pensieve_mid_simple.onnx,/home/elipregerson/nnenum/vnncomp2025_benchmarks/benchmarks/nn4sys/vnnlib/pensieve_simple_21.vnnlib,.006003680,error_exit_code_1,.539899005
nn4sys,/home/elipregerson/nnenum/vnncomp2025_benchmarks/benchmarks/nn4sys/onnx/pensieve_big_simple.onnx,/home/elipregerson/nnenum/vnncomp2025_benchmarks/benchmarks/nn4sys/vnnlib/pensieve_simple_22.vnnlib,.006047419,error_exit_code_1,.549843037
nn4sys,/home/elipregerson/nnenum/vnncomp2025_benchmarks/benchmarks/nn4sys/onnx/pensieve_big_parallel.onnx,/home/elipregerson/nnenum/vnncomp2025_benchmarks/benchmarks/nn4sys/vnnlib/pensieve_parallel_23.vnnlib,.005949043,error_exit_code_1,.560600398
nn4sys,/home/elipregerson/nnenum/vnncomp2025_benchmarks/benchmarks/nn4sys/onnx/pensieve_big_parallel.onnx,/home/elipregerson/nnenum/vnncomp2025_benchmarks/benchmarks/nn4sys/vnnlib/pensieve_parallel_24.vnnlib,.006060346,error_exit_code_1,.553860493
nn4sys,/home/elipregerson/nnenum/vnncomp2025_benchmarks/benchmarks/nn4sys/onnx/pensieve_big_simple.onnx,/home/elipregerson/nnenum/vnncomp2025_benchmarks/benchmarks/nn4sys/vnnlib/pensieve_simple_25.vnnlib,.006169686,error_exit_code_1,.559955480
nn4sys,/home/elipregerson/nnenum/vnncomp2025_benchmarks/benchmarks/nn4sys/onnx/pensieve_big_simple.onnx,/home/elipregerson/nnenum/vnncomp2025_benchmarks/benchmarks/nn4sys/vnnlib/pensieve_simple_26.vnnlib,.006086838,error_exit_code_1,.556365605
nn4sys,/home/elipregerson/nnenum/vnncomp2025_benchmarks/benchmarks/nn4sys/onnx/pensieve_small_parallel.onnx,/home/elipregerson/nnenum/vnncomp2025_benchmarks/benchmarks/nn4sys/vnnlib/pensieve_parallel_27.vnnlib,.006164579,error_exit_code_1,.530715291
nn4sys,/home/elipregerson/nnenum/vnncomp2025_benchmarks/benchmarks/nn4sys/onnx/pensieve_small_simple.onnx,/home/elipregerson/nnenum/vnncomp2025_benchmarks/benchmarks/nn4sys/vnnlib/pensieve_simple_28.vnnlib,.006005509,error_exit_code_1,.535854134
nn4sys,/home/elipregerson/nnenum/vnncomp2025_benchmarks/benchmarks/nn4sys/onnx/pensieve_big_simple.onnx,/home/elipregerson/nnenum/vnncomp2025_benchmarks/benchmarks/nn4sys/vnnlib/pensieve_simple_29.vnnlib,.006191630,error_exit_code_1,.550421735
nn4sys,/home/elipregerson/nnenum/vnncomp2025_benchmarks/benchmarks/nn4sys/onnx/pensieve_big_parallel.onnx,/home/elipregerson/nnenum/vnncomp2025_benchmarks/benchmarks/nn4sys/vnnlib/pensieve_parallel_30.vnnlib,.005943835,error_exit_code_1,.554334916
nn4sys,/home/elipregerson/nnenum/vnncomp2025_benchmarks/benchmarks/nn4sys/onnx/pensieve_big_simple.onnx,/home/elipregerson/nnenum/vnncomp2025_benchmarks/benchmarks/nn4sys/vnnlib/pensieve_simple_31.vnnlib,.005943424,error_exit_code_1,.544431783
nn4sys,/home/elipregerson/nnenum/vnncomp2025_benchmarks/benchmarks/nn4sys/onnx/pensieve_small_parallel.onnx,/home/elipregerson/nnenum/vnncomp2025_benchmarks/benchmarks/nn4sys/vnnlib/pensieve_parallel_32.vnnlib,.006097656,error_exit_code_1,.535441672
nn4sys,/home/elipregerson/nnenum/vnncomp2025_benchmarks/benchmarks/nn4sys/onnx/pensieve_small_parallel.onnx,/home/elipregerson/nnenum/vnncomp2025_benchmarks/benchmarks/nn4sys/vnnlib/pensieve_parallel_33.vnnlib,.006178882,error_exit_code_1,.530758177
nn4sys,/home/elipregerson/nnenum/vnncomp2025_benchmarks/benchmarks/nn4sys/onnx/pensieve_small_simple.onnx,/home/elipregerson/nnenum/vnncomp2025_benchmarks/benchmarks/nn4sys/vnnlib/pensieve_simple_34.vnnlib,.006118369,error_exit_code_1,.532494503
nn4sys,/home/elipregerson/nnenum/vnncomp2025_benchmarks/benchmarks/nn4sys/onnx/pensieve_big_parallel.onnx,/home/elipregerson/nnenum/vnncomp2025_benchmarks/benchmarks/nn4sys/vnnlib/pensieve_parallel_35.vnnlib,.006220984,error_exit_code_1,.543138269
nn4sys,/home/elipregerson/nnenum/vnncomp2025_benchmarks/benchmarks/nn4sys/onnx/pensieve_big_parallel.onnx,/home/elipregerson/nnenum/vnncomp2025_benchmarks/benchmarks/nn4sys/vnnlib/pensieve_parallel_36.vnnlib,.005931395,error_exit_code_1,.548965682
nn4sys,/home/elipregerson/nnenum/vnncomp2025_benchmarks/benchmarks/nn4sys/onnx/pensieve_big_parallel.onnx,/home/elipregerson/nnenum/vnncomp2025_benchmarks/benchmarks/nn4sys/vnnlib/pensieve_parallel_37.vnnlib,.005878833,error_exit_code_1,.540512587
nn4sys,/home/elipregerson/nnenum/vnncomp2025_benchmarks/benchmarks/nn4sys/onnx/pensieve_big_parallel.onnx,/home/elipregerson/nnenum/vnncomp2025_benchmarks/benchmarks/nn4sys/vnnlib/pensieve_parallel_38.vnnlib,.005996935,error_exit_code_1,.550617866
nn4sys,/home/elipregerson/nnenum/vnncomp2025_benchmarks/benchmarks/nn4sys/onnx/pensieve_big_parallel.onnx,/home/elipregerson/nnenum/vnncomp2025_benchmarks/benchmarks/nn4sys/vnnlib/pensieve_parallel_39.vnnlib,.006100274,error_exit_code_1,.544764108
nn4sys,/home/elipregerson/nnenum/vnncomp2025_benchmarks/benchmarks/nn4sys/onnx/pensieve_big_parallel.onnx,/home/elipregerson/nnenum/vnncomp2025_benchmarks/benchmarks/nn4sys/vnnlib/pensieve_parallel_40.vnnlib,.006058441,error_exit_code_1,.543397160
nn4sys,/home/elipregerson/nnenum/vnncomp2025_benchmarks/benchmarks/nn4sys/onnx/pensieve_big_parallel.onnx,/home/elipregerson/nnenum/vnncomp2025_benchmarks/benchmarks/nn4sys/vnnlib/pensieve_parallel_41.vnnlib,.006042837,error_exit_code_1,.549877998
nn4sys,/home/elipregerson/nnenum/vnncomp2025_benchmarks/benchmarks/nn4sys/onnx/pensieve_big_parallel.onnx,/home/elipregerson/nnenum/vnncomp2025_benchmarks/benchmarks/nn4sys/vnnlib/pensieve_parallel_42.vnnlib,.006055889,error_exit_code_1,.547604082
nn4sys,/home/elipregerson/nnenum/vnncomp2025_benchmarks/benchmarks/nn4sys/onnx/pensieve_big_parallel.onnx,/home/elipregerson/nnenum/vnncomp2025_benchmarks/benchmarks/nn4sys/vnnlib/pensieve_parallel_43.vnnlib,.006131998,error_exit_code_1,.551948110
nn4sys,/home/elipregerson/nnenum/vnncomp2025_benchmarks/benchmarks/nn4sys/onnx/pensieve_big_parallel.onnx,/home/elipregerson/nnenum/vnncomp2025_benchmarks/benchmarks/nn4sys/vnnlib/pensieve_parallel_44.vnnlib,.006037936,error_exit_code_1,.550804783
nn4sys,/home/elipregerson/nnenum/vnncomp2025_benchmarks/benchmarks/nn4sys/onnx/pensieve_big_parallel.onnx,/home/elipregerson/nnenum/vnncomp2025_benchmarks/benchmarks/nn4sys/vnnlib/pensieve_parallel_45.vnnlib,.006039516,error_exit_code_1,.538273551
nn4sys,/home/elipregerson/nnenum/vnncomp2025_benchmarks/benchmarks/nn4sys/onnx/pensieve_big_parallel.onnx,/home/elipregerson/nnenum/vnncomp2025_benchmarks/benchmarks/nn4sys/vnnlib/pensieve_parallel_46.vnnlib,.006115496,error_exit_code_1,.546455956
nn4sys,/home/elipregerson/nnenum/vnncomp2025_benchmarks/benchmarks/nn4sys/onnx/pensieve_big_parallel.onnx,/home/elipregerson/nnenum/vnncomp2025_benchmarks/benchmarks/nn4sys/vnnlib/pensieve_parallel_47.vnnlib,.006063430,error_exit_code_1,.548035966
nn4sys,/home/elipregerson/nnenum/vnncomp2025_benchmarks/benchmarks/nn4sys/onnx/pensieve_big_parallel.onnx,/home/elipregerson/nnenum/vnncomp2025_benchmarks/benchmarks/nn4sys/vnnlib/pensieve_parallel_48.vnnlib,.006191152,error_exit_code_1,.556447060
nn4sys,/home/elipregerson/nnenum/vnncomp2025_benchmarks/benchmarks/nn4sys/onnx/pensieve_big_parallel.onnx,/home/elipregerson/nnenum/vnncomp2025_benchmarks/benchmarks/nn4sys/vnnlib/pensieve_parallel_49.vnnlib,.006099123,error_exit_code_1,.540575130
nn4sys,/home/elipregerson/nnenum/vnncomp2025_benchmarks/benchmarks/nn4sys/onnx/pensieve_big_parallel.onnx,/home/elipregerson/nnenum/vnncomp2025_benchmarks/benchmarks/nn4sys/vnnlib/pensieve_parallel_50.vnnlib,.006228608,error_exit_code_1,.554299602
nn4sys,/home/elipregerson/nnenum/vnncomp2025_benchmarks/benchmarks/nn4sys/onnx/pensieve_big_parallel.onnx,/home/elipregerson/nnenum/vnncomp2025_benchmarks/benchmarks/nn4sys/vnnlib/pensieve_parallel_51.vnnlib,.006298747,error_exit_code_1,.548176215
nn4sys,/home/elipregerson/nnenum/vnncomp2025_benchmarks/benchmarks/nn4sys/onnx/pensieve_big_parallel.onnx,/home/elipregerson/nnenum/vnncomp2025_benchmarks/benchmarks/nn4sys/vnnlib/pensieve_parallel_52.vnnlib,.006075631,error_exit_code_1,.543157566
nn4sys,/home/elipregerson/nnenum/vnncomp2025_benchmarks/benchmarks/nn4sys/onnx/pensieve_big_parallel.onnx,/home/elipregerson/nnenum/vnncomp2025_benchmarks/benchmarks/nn4sys/vnnlib/pensieve_parallel_53.vnnlib,.006136837,error_exit_code_1,.548944473
nn4sys,/home/elipregerson/nnenum/vnncomp2025_benchmarks/benchmarks/nn4sys/onnx/pensieve_big_parallel.onnx,/home/elipregerson/nnenum/vnncomp2025_benchmarks/benchmarks/nn4sys/vnnlib/pensieve_parallel_54.vnnlib,.006020251,error_exit_code_1,.546363117
nn4sys,/home/elipregerson/nnenum/vnncomp2025_benchmarks/benchmarks/nn4sys/onnx/pensieve_big_parallel.onnx,/home/elipregerson/nnenum/vnncomp2025_benchmarks/benchmarks/nn4sys/vnnlib/pensieve_parallel_55.vnnlib,.005979982,error_exit_code_1,.542984044
nn4sys,/home/elipregerson/nnenum/vnncomp2025_benchmarks/benchmarks/nn4sys/onnx/pensieve_big_parallel.onnx,/home/elipregerson/nnenum/vnncomp2025_benchmarks/benchmarks/nn4sys/vnnlib/pensieve_parallel_56.vnnlib,.006071203,error_exit_code_1,.549075308
nn4sys,/home/elipregerson/nnenum/vnncomp2025_benchmarks/benchmarks/nn4sys/onnx/pensieve_big_parallel.onnx,/home/elipregerson/nnenum/vnncomp2025_benchmarks/benchmarks/nn4sys/vnnlib/pensieve_parallel_57.vnnlib,.008065354,error_exit_code_1,.547058175
nn4sys,/home/elipregerson/nnenum/vnncomp2025_benchmarks/benchmarks/nn4sys/onnx/pensieve_big_parallel.onnx,/home/elipregerson/nnenum/vnncomp2025_benchmarks/benchmarks/nn4sys/vnnlib/pensieve_parallel_58.vnnlib,.006080238,error_exit_code_1,.533664623
nn4sys,/home/elipregerson/nnenum/vnncomp2025_benchmarks/benchmarks/nn4sys/onnx/pensieve_big_parallel.onnx,/home/elipregerson/nnenum/vnncomp2025_benchmarks/benchmarks/nn4sys/vnnlib/pensieve_parallel_59.vnnlib,.006159103,error_exit_code_1,.552831533
nn4sys,/home/elipregerson/nnenum/vnncomp2025_benchmarks/benchmarks/nn4sys/onnx/pensieve_big_parallel.onnx,/home/elipregerson/nnenum/vnncomp2025_benchmarks/benchmarks/nn4sys/vnnlib/pensieve_parallel_60.vnnlib,.006062954,error_exit_code_1,.548876007
nn4sys,/home/elipregerson/nnenum/vnncomp2025_benchmarks/benchmarks/nn4sys/onnx/pensieve_big_parallel.onnx,/home/elipregerson/nnenum/vnncomp2025_benchmarks/benchmarks/nn4sys/vnnlib/pensieve_parallel_61.vnnlib,.006139698,error_exit_code_1,.556375543
nn4sys,/home/elipregerson/nnenum/vnncomp2025_benchmarks/benchmarks/nn4sys/onnx/pensieve_big_parallel.onnx,/home/elipregerson/nnenum/vnncomp2025_benchmarks/benchmarks/nn4sys/vnnlib/pensieve_parallel_62.vnnlib,.006116034,error_exit_code_1,.562569372
nn4sys,/home/elipregerson/nnenum/vnncomp2025_benchmarks/benchmarks/nn4sys/onnx/pensieve_big_parallel.onnx,/home/elipregerson/nnenum/vnncomp2025_benchmarks/benchmarks/nn4sys/vnnlib/pensieve_parallel_63.vnnlib,.006123502,error_exit_code_1,.556474468
nn4sys,/home/elipregerson/nnenum/vnncomp2025_benchmarks/benchmarks/nn4sys/onnx/pensieve_big_parallel.onnx,/home/elipregerson/nnenum/vnncomp2025_benchmarks/benchmarks/nn4sys/vnnlib/pensieve_parallel_64.vnnlib,.006177506,error_exit_code_1,.541410806
nn4sys,/home/elipregerson/nnenum/vnncomp2025_benchmarks/benchmarks/nn4sys/onnx/pensieve_big_parallel.onnx,/home/elipregerson/nnenum/vnncomp2025_benchmarks/benchmarks/nn4sys/vnnlib/pensieve_parallel_65.vnnlib,.006041192,error_exit_code_1,.550038654
nn4sys,/home/elipregerson/nnenum/vnncomp2025_benchmarks/benchmarks/nn4sys/onnx/pensieve_big_parallel.onnx,/home/elipregerson/nnenum/vnncomp2025_benchmarks/benchmarks/nn4sys/vnnlib/pensieve_parallel_66.vnnlib,.006053579,error_exit_code_1,.543646320
nn4sys,/home/elipregerson/nnenum/vnncomp2025_benchmarks/benchmarks/nn4sys/onnx/pensieve_big_parallel.onnx,/home/elipregerson/nnenum/vnncomp2025_benchmarks/benchmarks/nn4sys/vnnlib/pensieve_parallel_67.vnnlib,.006016311,error_exit_code_1,.545342867
nn4sys,/home/elipregerson/nnenum/vnncomp2025_benchmarks/benchmarks/nn4sys/onnx/pensieve_big_parallel.onnx,/home/elipregerson/nnenum/vnncomp2025_benchmarks/benchmarks/nn4sys/vnnlib/pensieve_parallel_68.vnnlib,.006070855,error_exit_code_1,.551587743
nn4sys,/home/elipregerson/nnenum/vnncomp2025_benchmarks/benchmarks/nn4sys/onnx/pensieve_big_parallel.onnx,/home/elipregerson/nnenum/vnncomp2025_benchmarks/benchmarks/nn4sys/vnnlib/pensieve_parallel_69.vnnlib,.006017831,error_exit_code_1,.546069123
nn4sys,/home/elipregerson/nnenum/vnncomp2025_benchmarks/benchmarks/nn4sys/onnx/pensieve_big_parallel.onnx,/home/elipregerson/nnenum/vnncomp2025_benchmarks/benchmarks/nn4sys/vnnlib/pensieve_parallel_70.vnnlib,.006119261,error_exit_code_1,.543416125
nn4sys,/home/elipregerson/nnenum/vnncomp2025_benchmarks/benchmarks/nn4sys/onnx/pensieve_big_parallel.onnx,/home/elipregerson/nnenum/vnncomp2025_benchmarks/benchmarks/nn4sys/vnnlib/pensieve_parallel_71.vnnlib,.005962542,error_exit_code_1,.543178758
nn4sys,/home/elipregerson/nnenum/vnncomp2025_benchmarks/benchmarks/nn4sys/onnx/pensieve_big_parallel.onnx,/home/elipregerson/nnenum/vnncomp2025_benchmarks/benchmarks/nn4sys/vnnlib/pensieve_parallel_72.vnnlib,.006092401,error_exit_code_1,.538497831
nn4sys,/home/elipregerson/nnenum/vnncomp2025_benchmarks/benchmarks/nn4sys/onnx/pensieve_big_parallel.onnx,/home/elipregerson/nnenum/vnncomp2025_benchmarks/benchmarks/nn4sys/vnnlib/pensieve_parallel_73.vnnlib,.006147182,error_exit_code_1,.537812227
nn4sys,/home/elipregerson/nnenum/vnncomp2025_benchmarks/benchmarks/nn4sys/onnx/pensieve_big_parallel.onnx,/home/elipregerson/nnenum/vnncomp2025_benchmarks/benchmarks/nn4sys/vnnlib/pensieve_parallel_74.vnnlib,.006063134,error_exit_code_1,.541894695
nn4sys,/home/elipregerson/nnenum/vnncomp2025_benchmarks/benchmarks/nn4sys/onnx/pensieve_big_parallel.onnx,/home/elipregerson/nnenum/vnncomp2025_benchmarks/benchmarks/nn4sys/vnnlib/pensieve_parallel_75.vnnlib,.006028424,error_exit_code_1,.549113531
nn4sys,/home/elipregerson/nnenum/vnncomp2025_benchmarks/benchmarks/nn4sys/onnx/pensieve_big_parallel.onnx,/home/elipregerson/nnenum/vnncomp2025_benchmarks/benchmarks/nn4sys/vnnlib/pensieve_parallel_76.vnnlib,.006211814,error_exit_code_1,.555114410
nn4sys,/home/elipregerson/nnenum/vnncomp2025_benchmarks/benchmarks/nn4sys/onnx/pensieve_big_parallel.onnx,/home/elipregerson/nnenum/vnncomp2025_benchmarks/benchmarks/nn4sys/vnnlib/pensieve_parallel_77.vnnlib,.006067838,error_exit_code_1,.549960720
nn4sys,/home/elipregerson/nnenum/vnncomp2025_benchmarks/benchmarks/nn4sys/onnx/pensieve_big_parallel.onnx,/home/elipregerson/nnenum/vnncomp2025_benchmarks/benchmarks/nn4sys/vnnlib/pensieve_parallel_78.vnnlib,.006095724,error_exit_code_1,.540329634
nn4sys,/home/elipregerson/nnenum/vnncomp2025_benchmarks/benchmarks/nn4sys/onnx/pensieve_big_parallel.onnx,/home/elipregerson/nnenum/vnncomp2025_benchmarks/benchmarks/nn4sys/vnnlib/pensieve_parallel_79.vnnlib,.005997351,error_exit_code_1,.544803600
nn4sys,/home/elipregerson/nnenum/vnncomp2025_benchmarks/benchmarks/nn4sys/onnx/pensieve_big_parallel.onnx,/home/elipregerson/nnenum/vnncomp2025_benchmarks/benchmarks/nn4sys/vnnlib/pensieve_parallel_80.vnnlib,.005985853,error_exit_code_1,.539888927
nn4sys,/home/elipregerson/nnenum/vnncomp2025_benchmarks/benchmarks/nn4sys/onnx/pensieve_big_parallel.onnx,/home/elipregerson/nnenum/vnncomp2025_benchmarks/benchmarks/nn4sys/vnnlib/pensieve_parallel_81.vnnlib,.006106690,error_exit_code_1,.543457147
nn4sys,/home/elipregerson/nnenum/vnncomp2025_benchmarks/benchmarks/nn4sys/onnx/pensieve_big_parallel.onnx,/home/elipregerson/nnenum/vnncomp2025_benchmarks/benchmarks/nn4sys/vnnlib/pensieve_parallel_82.vnnlib,.006086073,error_exit_code_1,.557473574
nn4sys,/home/elipregerson/nnenum/vnncomp2025_benchmarks/benchmarks/nn4sys/onnx/pensieve_big_parallel.onnx,/home/elipregerson/nnenum/vnncomp2025_benchmarks/benchmarks/nn4sys/vnnlib/pensieve_parallel_83.vnnlib,.005936100,error_exit_code_1,.541181337
nn4sys,/home/elipregerson/nnenum/vnncomp2025_benchmarks/benchmarks/nn4sys/onnx/pensieve_big_parallel.onnx,/home/elipregerson/nnenum/vnncomp2025_benchmarks/benchmarks/nn4sys/vnnlib/pensieve_parallel_84.vnnlib,.006125742,error_exit_code_1,.541939357
nn4sys,/home/elipregerson/nnenum/vnncomp2025_benchmarks/benchmarks/nn4sys/onnx/pensieve_big_parallel.onnx,/home/elipregerson/nnenum/vnncomp2025_benchmarks/benchmarks/nn4sys/vnnlib/pensieve_parallel_85.vnnlib,.006199358,error_exit_code_1,.547850302
nn4sys,/home/elipregerson/nnenum/vnncomp2025_benchmarks/benchmarks/nn4sys/onnx/pensieve_big_parallel.onnx,/home/elipregerson/nnenum/vnncomp2025_benchmarks/benchmarks/nn4sys/vnnlib/pensieve_parallel_86.vnnlib,.006117248,error_exit_code_1,.546244087
nn4sys,/home/elipregerson/nnenum/vnncomp2025_benchmarks/benchmarks/nn4sys/onnx/pensieve_big_parallel.onnx,/home/elipregerson/nnenum/vnncomp2025_benchmarks/benchmarks/nn4sys/vnnlib/pensieve_parallel_87.vnnlib,.005982497,error_exit_code_1,.542101470
nn4sys,/home/elipregerson/nnenum/vnncomp2025_benchmarks/benchmarks/nn4sys/onnx/pensieve_big_parallel.onnx,/home/elipregerson/nnenum/vnncomp2025_benchmarks/benchmarks/nn4sys/vnnlib/pensieve_parallel_88.vnnlib,.005999761,error_exit_code_1,.541751864
nn4sys,/home/elipregerson/nnenum/vnncomp2025_benchmarks/benchmarks/nn4sys/onnx/pensieve_big_parallel.onnx,/home/elipregerson/nnenum/vnncomp2025_benchmarks/benchmarks/nn4sys/vnnlib/pensieve_parallel_89.vnnlib,.006007151,error_exit_code_1,.549629011
nn4sys,/home/elipregerson/nnenum/vnncomp2025_benchmarks/benchmarks/nn4sys/onnx/pensieve_big_parallel.onnx,/home/elipregerson/nnenum/vnncomp2025_benchmarks/benchmarks/nn4sys/vnnlib/pensieve_parallel_90.vnnlib,.005936338,error_exit_code_1,.542723575
nn4sys,/home/elipregerson/nnenum/vnncomp2025_benchmarks/benchmarks/nn4sys/onnx/pensieve_big_parallel.onnx,/home/elipregerson/nnenum/vnncomp2025_benchmarks/benchmarks/nn4sys/vnnlib/pensieve_parallel_91.vnnlib,.006052566,error_exit_code_1,.541960351
nn4sys,/home/elipregerson/nnenum/vnncomp2025_benchmarks/benchmarks/nn4sys/onnx/pensieve_big_parallel.onnx,/home/elipregerson/nnenum/vnncomp2025_benchmarks/benchmarks/nn4sys/vnnlib/pensieve_parallel_92.vnnlib,.005918187,error_exit_code_1,.550742124
nn4sys,/home/elipregerson/nnenum/vnncomp2025_benchmarks/benchmarks/nn4sys/onnx/pensieve_big_parallel.onnx,/home/elipregerson/nnenum/vnncomp2025_benchmarks/benchmarks/nn4sys/vnnlib/pensieve_parallel_93.vnnlib,.006016559,error_exit_code_1,.551954103
nn4sys,/home/elipregerson/nnenum/vnncomp2025_benchmarks/benchmarks/nn4sys/onnx/pensieve_big_parallel.onnx,/home/elipregerson/nnenum/vnncomp2025_benchmarks/benchmarks/nn4sys/vnnlib/pensieve_parallel_94.vnnlib,.006081993,error_exit_code_1,.543334500
nn4sys,/home/elipregerson/nnenum/vnncomp2025_benchmarks/benchmarks/nn4sys/onnx/pensieve_big_parallel.onnx,/home/elipregerson/nnenum/vnncomp2025_benchmarks/benchmarks/nn4sys/vnnlib/pensieve_parallel_95.vnnlib,.005983591,error_exit_code_1,.549045770
nn4sys,/home/elipregerson/nnenum/vnncomp2025_benchmarks/benchmarks/nn4sys/onnx/pensieve_big_parallel.onnx,/home/elipregerson/nnenum/vnncomp2025_benchmarks/benchmarks/nn4sys/vnnlib/pensieve_parallel_96.vnnlib,.006092053,error_exit_code_1,.545658292
nn4sys,/home/elipregerson/nnenum/vnncomp2025_benchmarks/benchmarks/nn4sys/onnx/pensieve_big_parallel.onnx,/home/elipregerson/nnenum/vnncomp2025_benchmarks/benchmarks/nn4sys/vnnlib/pensieve_parallel_97.vnnlib,.006133151,error_exit_code_1,.550128377
nn4sys,/home/elipregerson/nnenum/vnncomp2025_benchmarks/benchmarks/nn4sys/onnx/pensieve_big_parallel.onnx,/home/elipregerson/nnenum/vnncomp2025_benchmarks/benchmarks/nn4sys/vnnlib/pensieve_parallel_98.vnnlib,.005925152,error_exit_code_1,.545360638
nn4sys,/home/elipregerson/nnenum/vnncomp2025_benchmarks/benchmarks/nn4sys/onnx/pensieve_big_parallel.onnx,/home/elipregerson/nnenum/vnncomp2025_benchmarks/benchmarks/nn4sys/vnnlib/pensieve_parallel_99.vnnlib,.006000126,error_exit_code_1,.544415365
nn4sys,/home/elipregerson/nnenum/vnncomp2025_benchmarks/benchmarks/nn4sys/onnx/pensieve_big_parallel.onnx,/home/elipregerson/nnenum/vnncomp2025_benchmarks/benchmarks/nn4sys/vnnlib/pensieve_parallel_100.vnnlib,.006027057,error_exit_code_1,.545148491
nn4sys,/home/elipregerson/nnenum/vnncomp2025_benchmarks/benchmarks/nn4sys/onnx/pensieve_big_parallel.onnx,/home/elipregerson/nnenum/vnncomp2025_benchmarks/benchmarks/nn4sys/vnnlib/pensieve_parallel_101.vnnlib,.005959210,error_exit_code_1,.547987708
nn4sys,/home/elipregerson/nnenum/vnncomp2025_benchmarks/benchmarks/nn4sys/onnx/pensieve_big_parallel.onnx,/home/elipregerson/nnenum/vnncomp2025_benchmarks/benchmarks/nn4sys/vnnlib/pensieve_parallel_102.vnnlib,.005994690,error_exit_code_1,.541432244
nn4sys,/home/elipregerson/nnenum/vnncomp2025_benchmarks/benchmarks/nn4sys/onnx/pensieve_big_parallel.onnx,/home/elipregerson/nnenum/vnncomp2025_benchmarks/benchmarks/nn4sys/vnnlib/pensieve_parallel_103.vnnlib,.006232365,error_exit_code_1,.553147483
nn4sys,/home/elipregerson/nnenum/vnncomp2025_benchmarks/benchmarks/nn4sys/onnx/pensieve_big_parallel.onnx,/home/elipregerson/nnenum/vnncomp2025_benchmarks/benchmarks/nn4sys/vnnlib/pensieve_parallel_104.vnnlib,.006095036,error_exit_code_1,.544913973
nn4sys,/home/elipregerson/nnenum/vnncomp2025_benchmarks/benchmarks/nn4sys/onnx/lindex.onnx,/home/elipregerson/nnenum/vnncomp2025_benchmarks/benchmarks/nn4sys/vnnlib/lindex_1.vnnlib,.006143356,error_exit_code_1,.524687856
nn4sys,/home/elipregerson/nnenum/vnncomp2025_benchmarks/benchmarks/nn4sys/onnx/lindex_deep.onnx,/home/elipregerson/nnenum/vnncomp2025_benchmarks/benchmarks/nn4sys/vnnlib/lindex_1.vnnlib,.009434471,error_exit_code_1,.527048230
nn4sys,/home/elipregerson/nnenum/vnncomp2025_benchmarks/benchmarks/nn4sys/onnx/lindex.onnx,/home/elipregerson/nnenum/vnncomp2025_benchmarks/benchmarks/nn4sys/vnnlib/lindex_200.vnnlib,.006063778,error_exit_code_1,.523273293
nn4sys,/home/elipregerson/nnenum/vnncomp2025_benchmarks/benchmarks/nn4sys/onnx/lindex_deep.onnx,/home/elipregerson/nnenum/vnncomp2025_benchmarks/benchmarks/nn4sys/vnnlib/lindex_200.vnnlib,.006111025,error_exit_code_1,.520695497
nn4sys,/home/elipregerson/nnenum/vnncomp2025_benchmarks/benchmarks/nn4sys/onnx/lindex.onnx,/home/elipregerson/nnenum/vnncomp2025_benchmarks/benchmarks/nn4sys/vnnlib/lindex_400.vnnlib,.006173757,error_exit_code_1,.532287548
nn4sys,/home/elipregerson/nnenum/vnncomp2025_benchmarks/benchmarks/nn4sys/onnx/lindex_deep.onnx,/home/elipregerson/nnenum/vnncomp2025_benchmarks/benchmarks/nn4sys/vnnlib/lindex_400.vnnlib,.006257279,error_exit_code_1,.523812467
nn4sys,/home/elipregerson/nnenum/vnncomp2025_benchmarks/benchmarks/nn4sys/onnx/lindex.onnx,/home/elipregerson/nnenum/vnncomp2025_benchmarks/benchmarks/nn4sys/vnnlib/lindex_600.vnnlib,.006084205,error_exit_code_1,.531696746
nn4sys,/home/elipregerson/nnenum/vnncomp2025_benchmarks/benchmarks/nn4sys/onnx/lindex_deep.onnx,/home/elipregerson/nnenum/vnncomp2025_benchmarks/benchmarks/nn4sys/vnnlib/lindex_600.vnnlib,.006092034,error_exit_code_1,.532956523
nn4sys,/home/elipregerson/nnenum/vnncomp2025_benchmarks/benchmarks/nn4sys/onnx/lindex.onnx,/home/elipregerson/nnenum/vnncomp2025_benchmarks/benchmarks/nn4sys/vnnlib/lindex_800.vnnlib,.005987570,error_exit_code_1,.542188286
nn4sys,/home/elipregerson/nnenum/vnncomp2025_benchmarks/benchmarks/nn4sys/onnx/lindex_deep.onnx,/home/elipregerson/nnenum/vnncomp2025_benchmarks/benchmarks/nn4sys/vnnlib/lindex_800.vnnlib,.006031956,error_exit_code_1,.547431458
nn4sys,/home/elipregerson/nnenum/vnncomp2025_benchmarks/benchmarks/nn4sys/onnx/lindex.onnx,/home/elipregerson/nnenum/vnncomp2025_benchmarks/benchmarks/nn4sys/vnnlib/lindex_1000.vnnlib,.005912317,error_exit_code_1,.549151907
nn4sys,/home/elipregerson/nnenum/vnncomp2025_benchmarks/benchmarks/nn4sys/onnx/lindex_deep.onnx,/home/elipregerson/nnenum/vnncomp2025_benchmarks/benchmarks/nn4sys/vnnlib/lindex_1000.vnnlib,.006072192,error_exit_code_1,.553677109
nn4sys,/home/elipregerson/nnenum/vnncomp2025_benchmarks/benchmarks/nn4sys/onnx/lindex.onnx,/home/elipregerson/nnenum/vnncomp2025_benchmarks/benchmarks/nn4sys/vnnlib/lindex_3000.vnnlib,.005962285,error_exit_code_1,.624114211
nn4sys,/home/elipregerson/nnenum/vnncomp2025_benchmarks/benchmarks/nn4sys/onnx/lindex_deep.onnx,/home/elipregerson/nnenum/vnncomp2025_benchmarks/benchmarks/nn4sys/vnnlib/lindex_3000.vnnlib,.006149633,error_exit_code_1,.626101437
nn4sys,/home/elipregerson/nnenum/vnncomp2025_benchmarks/benchmarks/nn4sys/onnx/lindex.onnx,/home/elipregerson/nnenum/vnncomp2025_benchmarks/benchmarks/nn4sys/vnnlib/lindex_5000.vnnlib,.005970652,error_exit_code_1,.707303145
nn4sys,/home/elipregerson/nnenum/vnncomp2025_benchmarks/benchmarks/nn4sys/onnx/lindex_deep.onnx,/home/elipregerson/nnenum/vnncomp2025_benchmarks/benchmarks/nn4sys/vnnlib/lindex_5000.vnnlib,.005920799,error_exit_code_1,.701512832
nn4sys,/home/elipregerson/nnenum/vnncomp2025_benchmarks/benchmarks/nn4sys/onnx/lindex.onnx,/home/elipregerson/nnenum/vnncomp2025_benchmarks/benchmarks/nn4sys/vnnlib/lindex_7000.vnnlib,.005986043,error_exit_code_1,.762539728
nn4sys,/home/elipregerson/nnenum/vnncomp2025_benchmarks/benchmarks/nn4sys/onnx/lindex_deep.onnx,/home/elipregerson/nnenum/vnncomp2025_benchmarks/benchmarks/nn4sys/vnnlib/lindex_7000.vnnlib,.006138366,error_exit_code_1,.770284097
nn4sys,/home/elipregerson/nnenum/vnncomp2025_benchmarks/benchmarks/nn4sys/onnx/lindex.onnx,/home/elipregerson/nnenum/vnncomp2025_benchmarks/benchmarks/nn4sys/vnnlib/lindex_9000.vnnlib,.006055284,error_exit_code_1,.848721748
nn4sys,/home/elipregerson/nnenum/vnncomp2025_benchmarks/benchmarks/nn4sys/onnx/lindex_deep.onnx,/home/elipregerson/nnenum/vnncomp2025_benchmarks/benchmarks/nn4sys/vnnlib/lindex_9000.vnnlib,.006028594,error_exit_code_1,.851725184
nn4sys,/home/elipregerson/nnenum/vnncomp2025_benchmarks/benchmarks/nn4sys/onnx/lindex.onnx,/home/elipregerson/nnenum/vnncomp2025_benchmarks/benchmarks/nn4sys/vnnlib/lindex_10000.vnnlib,.006065633,error_exit_code_1,.881721570
nn4sys,/home/elipregerson/nnenum/vnncomp2025_benchmarks/benchmarks/nn4sys/onnx/lindex_deep.onnx,/home/elipregerson/nnenum/vnncomp2025_benchmarks/benchmarks/nn4sys/vnnlib/lindex_10000.vnnlib,.006100527,error_exit_code_1,.880445903
nn4sys,/home/elipregerson/nnenum/vnncomp2025_benchmarks/benchmarks/nn4sys/onnx/lindex.onnx,/home/elipregerson/nnenum/vnncomp2025_benchmarks/benchmarks/nn4sys/vnnlib/lindex_60000.vnnlib,.006070294,error_exit_code_1,2.843955889
nn4sys,/home/elipregerson/nnenum/vnncomp2025_benchmarks/benchmarks/nn4sys/onnx/lindex_deep.onnx,/home/elipregerson/nnenum/vnncomp2025_benchmarks/benchmarks/nn4sys/vnnlib/lindex_60000.vnnlib,.006079031,error_exit_code_1,2.845322891
nn4sys,/home/elipregerson/nnenum/vnncomp2025_benchmarks/benchmarks/nn4sys/onnx/mscn_128d.onnx,/home/elipregerson/nnenum/vnncomp2025_benchmarks/benchmarks/nn4sys/vnnlib/cardinality_0_1_128.vnnlib,.006076110,error_exit_code_1,.527152385
nn4sys,/home/elipregerson/nnenum/vnncomp2025_benchmarks/benchmarks/nn4sys/onnx/mscn_128d.onnx,/home/elipregerson/nnenum/vnncomp2025_benchmarks/benchmarks/nn4sys/vnnlib/cardinality_0_500_128.vnnlib,.006046445,error_exit_code_1,1.247128464
nn4sys,/home/elipregerson/nnenum/vnncomp2025_benchmarks/benchmarks/nn4sys/onnx/mscn_128d.onnx,/home/elipregerson/nnenum/vnncomp2025_benchmarks/benchmarks/nn4sys/vnnlib/cardinality_0_750_128.vnnlib,.006085584,error_exit_code_1,1.628250716
nn4sys,/home/elipregerson/nnenum/vnncomp2025_benchmarks/benchmarks/nn4sys/onnx/mscn_128d.onnx,/home/elipregerson/nnenum/vnncomp2025_benchmarks/benchmarks/nn4sys/vnnlib/cardinality_0_1000_128.vnnlib,.006155587,error_exit_code_1,1.993327973
nn4sys,/home/elipregerson/nnenum/vnncomp2025_benchmarks/benchmarks/nn4sys/onnx/mscn_128d.onnx,/home/elipregerson/nnenum/vnncomp2025_benchmarks/benchmarks/nn4sys/vnnlib/cardinality_0_2120_128.vnnlib,.005997518,error_exit_code_1,3.690594774
nn4sys,/home/elipregerson/nnenum/vnncomp2025_benchmarks/benchmarks/nn4sys/onnx/mscn_128d.onnx,/home/elipregerson/nnenum/vnncomp2025_benchmarks/benchmarks/nn4sys/vnnlib/cardinality_0_2680_128.vnnlib,.006096184,error_exit_code_1,4.526019239
nn4sys,/home/elipregerson/nnenum/vnncomp2025_benchmarks/benchmarks/nn4sys/onnx/mscn_128d.onnx,/home/elipregerson/nnenum/vnncomp2025_benchmarks/benchmarks/nn4sys/vnnlib/cardinality_0_3240_128.vnnlib,.005981872,error_exit_code_1,5.424531564
nn4sys,/home/elipregerson/nnenum/vnncomp2025_benchmarks/benchmarks/nn4sys/onnx/mscn_128d.onnx,/home/elipregerson/nnenum/vnncomp2025_benchmarks/benchmarks/nn4sys/vnnlib/cardinality_0_3800_128.vnnlib,.005967564,error_exit_code_1,6.270905677
nn4sys,/home/elipregerson/nnenum/vnncomp2025_benchmarks/benchmarks/nn4sys/onnx/mscn_128d_dual.onnx,/home/elipregerson/nnenum/vnncomp2025_benchmarks/benchmarks/nn4sys/vnnlib/cardinality_1_1_128_dual.vnnlib,.005983270,error_exit_code_1,.538481201
nn4sys,/home/elipregerson/nnenum/vnncomp2025_benchmarks/benchmarks/nn4sys/onnx/mscn_128d_dual.onnx,/home/elipregerson/nnenum/vnncomp2025_benchmarks/benchmarks/nn4sys/vnnlib/cardinality_1_240_128_dual.vnnlib,.006010401,error_exit_code_1,.877171953
nn4sys,/home/elipregerson/nnenum/vnncomp2025_benchmarks/benchmarks/nn4sys/onnx/mscn_128d_dual.onnx,/home/elipregerson/nnenum/vnncomp2025_benchmarks/benchmarks/nn4sys/vnnlib/cardinality_1_360_128_dual.vnnlib,.006045795,error_exit_code_1,1.046513914
nn4sys,/home/elipregerson/nnenum/vnncomp2025_benchmarks/benchmarks/nn4sys/onnx/mscn_128d_dual.onnx,/home/elipregerson/nnenum/vnncomp2025_benchmarks/benchmarks/nn4sys/vnnlib/cardinality_1_480_128_dual.vnnlib,.006122046,error_exit_code_1,1.235382037
nn4sys,/home/elipregerson/nnenum/vnncomp2025_benchmarks/benchmarks/nn4sys/onnx/mscn_128d_dual.onnx,/home/elipregerson/nnenum/vnncomp2025_benchmarks/benchmarks/nn4sys/vnnlib/cardinality_1_600_128_dual.vnnlib,.006171222,error_exit_code_1,1.407558217
nn4sys,/home/elipregerson/nnenum/vnncomp2025_benchmarks/benchmarks/nn4sys/onnx/mscn_128d_dual.onnx,/home/elipregerson/nnenum/vnncomp2025_benchmarks/benchmarks/nn4sys/vnnlib/cardinality_1_720_128_dual.vnnlib,.006150424,error_exit_code_1,1.567043055
nn4sys,/home/elipregerson/nnenum/vnncomp2025_benchmarks/benchmarks/nn4sys/onnx/mscn_128d_dual.onnx,/home/elipregerson/nnenum/vnncomp2025_benchmarks/benchmarks/nn4sys/vnnlib/cardinality_1_840_128_dual.vnnlib,.006001129,error_exit_code_1,1.776341345
nn4sys,/home/elipregerson/nnenum/vnncomp2025_benchmarks/benchmarks/nn4sys/onnx/mscn_128d_dual.onnx,/home/elipregerson/nnenum/vnncomp2025_benchmarks/benchmarks/nn4sys/vnnlib/cardinality_1_960_128_dual.vnnlib,.005953643,error_exit_code_1,1.926807194
nn4sys,/home/elipregerson/nnenum/vnncomp2025_benchmarks/benchmarks/nn4sys/onnx/mscn_128d_dual.onnx,/home/elipregerson/nnenum/vnncomp2025_benchmarks/benchmarks/nn4sys/vnnlib/cardinality_1_2260_128_dual.vnnlib,.006257074,error_exit_code_1,3.874151453
nn4sys,/home/elipregerson/nnenum/vnncomp2025_benchmarks/benchmarks/nn4sys/onnx/mscn_128d_dual.onnx,/home/elipregerson/nnenum/vnncomp2025_benchmarks/benchmarks/nn4sys/vnnlib/cardinality_1_2890_128_dual.vnnlib,.006222685,error_exit_code_1,4.826624099
nn4sys,/home/elipregerson/nnenum/vnncomp2025_benchmarks/benchmarks/nn4sys/onnx/mscn_128d_dual.onnx,/home/elipregerson/nnenum/vnncomp2025_benchmarks/benchmarks/nn4sys/vnnlib/cardinality_1_3520_128_dual.vnnlib,.006248479,error_exit_code_1,5.858415954
nn4sys,/home/elipregerson/nnenum/vnncomp2025_benchmarks/benchmarks/nn4sys/onnx/mscn_128d_dual.onnx,/home/elipregerson/nnenum/vnncomp2025_benchmarks/benchmarks/nn4sys/vnnlib/cardinality_1_4150_128_dual.vnnlib,.005968139,error_exit_code_1,6.878307739
nn4sys,/home/elipregerson/nnenum/vnncomp2025_benchmarks/benchmarks/nn4sys/onnx/mscn_128d_dual.onnx,/home/elipregerson/nnenum/vnncomp2025_benchmarks/benchmarks/nn4sys/vnnlib/cardinality_1_4780_128_dual.vnnlib,.006039507,error_exit_code_1,7.814930924
nn4sys,/home/elipregerson/nnenum/vnncomp2025_benchmarks/benchmarks/nn4sys/onnx/mscn_128d_dual.onnx,/home/elipregerson/nnenum/vnncomp2025_benchmarks/benchmarks/nn4sys/vnnlib/cardinality_1_5410_128_dual.vnnlib,.006186278,error_exit_code_1,8.847848157
nn4sys,/home/elipregerson/nnenum/vnncomp2025_benchmarks/benchmarks/nn4sys/onnx/mscn_128d_dual.onnx,/home/elipregerson/nnenum/vnncomp2025_benchmarks/benchmarks/nn4sys/vnnlib/cardinality_1_6040_128_dual.vnnlib,.006133612,error_exit_code_1,9.791686982
nn4sys,/home/elipregerson/nnenum/vnncomp2025_benchmarks/benchmarks/nn4sys/onnx/mscn_128d_dual.onnx,/home/elipregerson/nnenum/vnncomp2025_benchmarks/benchmarks/nn4sys/vnnlib/cardinality_1_6670_128_dual.vnnlib,.005931044,error_exit_code_1,10.810200002
nn4sys,/home/elipregerson/nnenum/vnncomp2025_benchmarks/benchmarks/nn4sys/onnx/mscn_128d_dual.onnx,/home/elipregerson/nnenum/vnncomp2025_benchmarks/benchmarks/nn4sys/vnnlib/cardinality_1_7300_128_dual.vnnlib,.006079200,error_exit_code_1,11.775405416
nn4sys,/home/elipregerson/nnenum/vnncomp2025_benchmarks/benchmarks/nn4sys/onnx/mscn_128d_dual.onnx,/home/elipregerson/nnenum/vnncomp2025_benchmarks/benchmarks/nn4sys/vnnlib/cardinality_1_7930_128_dual.vnnlib,.006348912,error_exit_code_1,12.612440844
nn4sys,/home/elipregerson/nnenum/vnncomp2025_benchmarks/benchmarks/nn4sys/onnx/mscn_128d_dual.onnx,/home/elipregerson/nnenum/vnncomp2025_benchmarks/benchmarks/nn4sys/vnnlib/cardinality_1_8560_128_dual.vnnlib,.006148757,error_exit_code_1,13.707716921
nn4sys,/home/elipregerson/nnenum/vnncomp2025_benchmarks/benchmarks/nn4sys/onnx/mscn_128d_dual.onnx,/home/elipregerson/nnenum/vnncomp2025_benchmarks/benchmarks/nn4sys/vnnlib/cardinality_1_9190_128_dual.vnnlib,.006024140,error_exit_code_1,14.669579500
nn4sys,/home/elipregerson/nnenum/vnncomp2025_benchmarks/benchmarks/nn4sys/onnx/mscn_128d_dual.onnx,/home/elipregerson/nnenum/vnncomp2025_benchmarks/benchmarks/nn4sys/vnnlib/cardinality_1_9820_128_dual.vnnlib,.006071586,error_exit_code_1,15.598159987
nn4sys,/home/elipregerson/nnenum/vnncomp2025_benchmarks/benchmarks/nn4sys/onnx/mscn_128d_dual.onnx,/home/elipregerson/nnenum/vnncomp2025_benchmarks/benchmarks/nn4sys/vnnlib/cardinality_1_10450_128_dual.vnnlib,.006127184,error_exit_code_1,16.702262459
nn4sys,/home/elipregerson/nnenum/vnncomp2025_benchmarks/benchmarks/nn4sys/onnx/mscn_128d_dual.onnx,/home/elipregerson/nnenum/vnncomp2025_benchmarks/benchmarks/nn4sys/vnnlib/cardinality_1_11080_128_dual.vnnlib,.006048061,error_exit_code_1,17.642902836
nn4sys,/home/elipregerson/nnenum/vnncomp2025_benchmarks/benchmarks/nn4sys/onnx/mscn_2048d.onnx,/home/elipregerson/nnenum/vnncomp2025_benchmarks/benchmarks/nn4sys/vnnlib/cardinality_0_1_2048.vnnlib,.006035127,error_exit_code_1,1.947613179
nn4sys,/home/elipregerson/nnenum/vnncomp2025_benchmarks/benchmarks/nn4sys/onnx/mscn_2048d.onnx,/home/elipregerson/nnenum/vnncomp2025_benchmarks/benchmarks/nn4sys/vnnlib/cardinality_0_500_2048.vnnlib,.005997863,error_exit_code_1,2.620967175
nn4sys,/home/elipregerson/nnenum/vnncomp2025_benchmarks/benchmarks/nn4sys/onnx/mscn_2048d.onnx,/home/elipregerson/nnenum/vnncomp2025_benchmarks/benchmarks/nn4sys/vnnlib/cardinality_0_750_2048.vnnlib,.006057718,error_exit_code_1,2.961328893
nn4sys,/home/elipregerson/nnenum/vnncomp2025_benchmarks/benchmarks/nn4sys/onnx/mscn_2048d.onnx,/home/elipregerson/nnenum/vnncomp2025_benchmarks/benchmarks/nn4sys/vnnlib/cardinality_0_1000_2048.vnnlib,.005922543,error_exit_code_1,3.330837490
nn4sys,/home/elipregerson/nnenum/vnncomp2025_benchmarks/benchmarks/nn4sys/onnx/mscn_2048d.onnx,/home/elipregerson/nnenum/vnncomp2025_benchmarks/benchmarks/nn4sys/vnnlib/cardinality_0_2120_2048.vnnlib,.005916232,error_exit_code_1,5.023434827
nn4sys,/home/elipregerson/nnenum/vnncomp2025_benchmarks/benchmarks/nn4sys/onnx/mscn_2048d.onnx,/home/elipregerson/nnenum/vnncomp2025_benchmarks/benchmarks/nn4sys/vnnlib/cardinality_0_2680_2048.vnnlib,.005997466,error_exit_code_1,5.884799003
nn4sys,/home/elipregerson/nnenum/vnncomp2025_benchmarks/benchmarks/nn4sys/onnx/mscn_2048d.onnx,/home/elipregerson/nnenum/vnncomp2025_benchmarks/benchmarks/nn4sys/vnnlib/cardinality_0_3240_2048.vnnlib,.005962631,error_exit_code_1,6.668354152
nn4sys,/home/elipregerson/nnenum/vnncomp2025_benchmarks/benchmarks/nn4sys/onnx/mscn_2048d.onnx,/home/elipregerson/nnenum/vnncomp2025_benchmarks/benchmarks/nn4sys/vnnlib/cardinality_0_3800_2048.vnnlib,.006026283,error_exit_code_1,7.445450944
nn4sys,/home/elipregerson/nnenum/vnncomp2025_benchmarks/benchmarks/nn4sys/onnx/mscn_2048d.onnx,/home/elipregerson/nnenum/vnncomp2025_benchmarks/benchmarks/nn4sys/vnnlib/cardinality_0_4360_2048.vnnlib,.006017177,error_exit_code_1,8.456079183
nn4sys,/home/elipregerson/nnenum/vnncomp2025_benchmarks/benchmarks/nn4sys/onnx/mscn_2048d.onnx,/home/elipregerson/nnenum/vnncomp2025_benchmarks/benchmarks/nn4sys/vnnlib/cardinality_0_4920_2048.vnnlib,.005899191,error_exit_code_1,9.243938467
nn4sys,/home/elipregerson/nnenum/vnncomp2025_benchmarks/benchmarks/nn4sys/onnx/mscn_2048d.onnx,/home/elipregerson/nnenum/vnncomp2025_benchmarks/benchmarks/nn4sys/vnnlib/cardinality_0_5480_2048.vnnlib,.005948845,error_exit_code_1,10.189977028
nn4sys,/home/elipregerson/nnenum/vnncomp2025_benchmarks/benchmarks/nn4sys/onnx/mscn_2048d_dual.onnx,/home/elipregerson/nnenum/vnncomp2025_benchmarks/benchmarks/nn4sys/vnnlib/cardinality_1_1_2048_dual.vnnlib,.006017698,error_exit_code_1,2.866975572
nn4sys,/home/elipregerson/nnenum/vnncomp2025_benchmarks/benchmarks/nn4sys/onnx/mscn_2048d_dual.onnx,/home/elipregerson/nnenum/vnncomp2025_benchmarks/benchmarks/nn4sys/vnnlib/cardinality_1_240_2048_dual.vnnlib,.006051653,error_exit_code_1,3.220679086
nn4sys,/home/elipregerson/nnenum/vnncomp2025_benchmarks/benchmarks/nn4sys/onnx/mscn_2048d_dual.onnx,/home/elipregerson/nnenum/vnncomp2025_benchmarks/benchmarks/nn4sys/vnnlib/cardinality_1_360_2048_dual.vnnlib,.005979346,error_exit_code_1,3.337194629
nn4sys,/home/elipregerson/nnenum/vnncomp2025_benchmarks/benchmarks/nn4sys/onnx/mscn_2048d_dual.onnx,/home/elipregerson/nnenum/vnncomp2025_benchmarks/benchmarks/nn4sys/vnnlib/cardinality_1_480_2048_dual.vnnlib,.005901335,error_exit_code_1,3.524862942
nn4sys,/home/elipregerson/nnenum/vnncomp2025_benchmarks/benchmarks/nn4sys/onnx/mscn_2048d_dual.onnx,/home/elipregerson/nnenum/vnncomp2025_benchmarks/benchmarks/nn4sys/vnnlib/cardinality_1_600_2048_dual.vnnlib,.006063608,error_exit_code_1,3.708547651
nn4sys,/home/elipregerson/nnenum/vnncomp2025_benchmarks/benchmarks/nn4sys/onnx/mscn_2048d_dual.onnx,/home/elipregerson/nnenum/vnncomp2025_benchmarks/benchmarks/nn4sys/vnnlib/cardinality_1_720_2048_dual.vnnlib,.005909720,error_exit_code_1,3.853824567
nn4sys,/home/elipregerson/nnenum/vnncomp2025_benchmarks/benchmarks/nn4sys/onnx/mscn_2048d_dual.onnx,/home/elipregerson/nnenum/vnncomp2025_benchmarks/benchmarks/nn4sys/vnnlib/cardinality_1_840_2048_dual.vnnlib,.006074034,error_exit_code_1,4.040793959
nn4sys,/home/elipregerson/nnenum/vnncomp2025_benchmarks/benchmarks/nn4sys/onnx/mscn_2048d_dual.onnx,/home/elipregerson/nnenum/vnncomp2025_benchmarks/benchmarks/nn4sys/vnnlib/cardinality_1_960_2048_dual.vnnlib,.006093161,error_exit_code_1,4.216455204
nn4sys,/home/elipregerson/nnenum/vnncomp2025_benchmarks/benchmarks/nn4sys/onnx/mscn_2048d_dual.onnx,/home/elipregerson/nnenum/vnncomp2025_benchmarks/benchmarks/nn4sys/vnnlib/cardinality_1_2260_2048_dual.vnnlib,.006036356,error_exit_code_1,6.186917042
nn4sys,/home/elipregerson/nnenum/vnncomp2025_benchmarks/benchmarks/nn4sys/onnx/mscn_2048d_dual.onnx,/home/elipregerson/nnenum/vnncomp2025_benchmarks/benchmarks/nn4sys/vnnlib/cardinality_1_2890_2048_dual.vnnlib,.005966470,error_exit_code_1,7.064422864
nn4sys,/home/elipregerson/nnenum/vnncomp2025_benchmarks/benchmarks/nn4sys/onnx/mscn_2048d_dual.onnx,/home/elipregerson/nnenum/vnncomp2025_benchmarks/benchmarks/nn4sys/vnnlib/cardinality_1_3520_2048_dual.vnnlib,.006163270,error_exit_code_1,8.152203011
nn4sys,/home/elipregerson/nnenum/vnncomp2025_benchmarks/benchmarks/nn4sys/onnx/mscn_2048d_dual.onnx,/home/elipregerson/nnenum/vnncomp2025_benchmarks/benchmarks/nn4sys/vnnlib/cardinality_1_4150_2048_dual.vnnlib,.006024240,error_exit_code_1,9.185591593
nn4sys,/home/elipregerson/nnenum/vnncomp2025_benchmarks/benchmarks/nn4sys/onnx/mscn_2048d_dual.onnx,/home/elipregerson/nnenum/vnncomp2025_benchmarks/benchmarks/nn4sys/vnnlib/cardinality_1_4780_2048_dual.vnnlib,.006035818,error_exit_code_1,10.051369518
nn4sys,/home/elipregerson/nnenum/vnncomp2025_benchmarks/benchmarks/nn4sys/onnx/mscn_2048d_dual.onnx,/home/elipregerson/nnenum/vnncomp2025_benchmarks/benchmarks/nn4sys/vnnlib/cardinality_1_5410_2048_dual.vnnlib,.006088927,error_exit_code_1,11.088262308
nn4sys,/home/elipregerson/nnenum/vnncomp2025_benchmarks/benchmarks/nn4sys/onnx/mscn_2048d_dual.onnx,/home/elipregerson/nnenum/vnncomp2025_benchmarks/benchmarks/nn4sys/vnnlib/cardinality_1_6040_2048_dual.vnnlib,.006064471,error_exit_code_1,12.061320084
nn4sys,/home/elipregerson/nnenum/vnncomp2025_benchmarks/benchmarks/nn4sys/onnx/mscn_2048d_dual.onnx,/home/elipregerson/nnenum/vnncomp2025_benchmarks/benchmarks/nn4sys/vnnlib/cardinality_1_6670_2048_dual.vnnlib,.006067407,error_exit_code_1,13.138893359
nn4sys,/home/elipregerson/nnenum/vnncomp2025_benchmarks/benchmarks/nn4sys/onnx/mscn_2048d_dual.onnx,/home/elipregerson/nnenum/vnncomp2025_benchmarks/benchmarks/nn4sys/vnnlib/cardinality_1_7300_2048_dual.vnnlib,.005974747,error_exit_code_1,14.064328164
nn4sys,/home/elipregerson/nnenum/vnncomp2025_benchmarks/benchmarks/nn4sys/onnx/mscn_2048d_dual.onnx,/home/elipregerson/nnenum/vnncomp2025_benchmarks/benchmarks/nn4sys/vnnlib/cardinality_1_7930_2048_dual.vnnlib,.005972484,error_exit_code_1,14.957095754
nn4sys,/home/elipregerson/nnenum/vnncomp2025_benchmarks/benchmarks/nn4sys/onnx/mscn_2048d_dual.onnx,/home/elipregerson/nnenum/vnncomp2025_benchmarks/benchmarks/nn4sys/vnnlib/cardinality_1_8560_2048_dual.vnnlib,.006046884,error_exit_code_1,16.006452435
nn4sys,/home/elipregerson/nnenum/vnncomp2025_benchmarks/benchmarks/nn4sys/onnx/mscn_2048d_dual.onnx,/home/elipregerson/nnenum/vnncomp2025_benchmarks/benchmarks/nn4sys/vnnlib/cardinality_1_9190_2048_dual.vnnlib,.005869559,error_exit_code_1,16.962532306
nn4sys,/home/elipregerson/nnenum/vnncomp2025_benchmarks/benchmarks/nn4sys/onnx/mscn_2048d_dual.onnx,/home/elipregerson/nnenum/vnncomp2025_benchmarks/benchmarks/nn4sys/vnnlib/cardinality_1_9820_2048_dual.vnnlib,.006104055,error_exit_code_1,17.949493778
nn4sys,/home/elipregerson/nnenum/vnncomp2025_benchmarks/benchmarks/nn4sys/onnx/mscn_2048d_dual.onnx,/home/elipregerson/nnenum/vnncomp2025_benchmarks/benchmarks/nn4sys/vnnlib/cardinality_1_10450_2048_dual.vnnlib,.006020407,error_exit_code_1,19.110522647
nn4sys,/home/elipregerson/nnenum/vnncomp2025_benchmarks/benchmarks/nn4sys/onnx/mscn_2048d_dual.onnx,/home/elipregerson/nnenum/vnncomp2025_benchmarks/benchmarks/nn4sys/vnnlib/cardinality_1_11080_2048_dual.vnnlib,.006063171,error_exit_code_1,20.094487317
nn4sys,/home/elipregerson/nnenum/vnncomp2025_benchmarks/benchmarks/test/onnx/test_nano.onnx,/home/elipregerson/nnenum/vnncomp2025_benchmarks/benchmarks/test/vnnlib/test_nano.vnnlib,.005968002,error_exit_code_1,.519280182
relusplitter,/home/elipregerson/nnenum/vnncomp2025_benchmarks/benchmarks/relusplitter/onnx/mnist_fc_vnncomp2022_mnist-net_256x4.onnx,/home/elipregerson/nnenum/vnncomp2025_benchmarks/benchmarks/relusplitter/vnnlib/mnist_fc_vnncomp2022_prop_5_0.05.vnnlib,.005978545,timeout,30.819777704
relusplitter,/home/elipregerson/nnenum/vnncomp2025_benchmarks/benchmarks/relusplitter/onnx/mnist_fc_vnncomp2022_mnist-net_256x4_RSPLITTER_mnist_fc_vnncomp2022_prop_5_0.05.onnx,/home/elipregerson/nnenum/vnncomp2025_benchmarks/benchmarks/relusplitter/vnnlib/mnist_fc_vnncomp2022_prop_5_0.05.vnnlib,.006069601,timeout,90.823777166
relusplitter,/home/elipregerson/nnenum/vnncomp2025_benchmarks/benchmarks/relusplitter/onnx/mnist_fc_vnncomp2022_mnist-net_256x4.onnx,/home/elipregerson/nnenum/vnncomp2025_benchmarks/benchmarks/relusplitter/vnnlib/mnist_fc_vnncomp2022_prop_3_0.05.vnnlib,.006147034,unsat,2.340413685
relusplitter,/home/elipregerson/nnenum/vnncomp2025_benchmarks/benchmarks/relusplitter/onnx/mnist_fc_vnncomp2022_mnist-net_256x4_RSPLITTER_mnist_fc_vnncomp2022_prop_3_0.05.onnx,/home/elipregerson/nnenum/vnncomp2025_benchmarks/benchmarks/relusplitter/vnnlib/mnist_fc_vnncomp2022_prop_3_0.05.vnnlib,.006214922,timeout,90.976875975
relusplitter,/home/elipregerson/nnenum/vnncomp2025_benchmarks/benchmarks/relusplitter/onnx/mnist_fc_vnncomp2022_mnist-net_256x4.onnx,/home/elipregerson/nnenum/vnncomp2025_benchmarks/benchmarks/relusplitter/vnnlib/mnist_fc_vnncomp2022_prop_6_0.05.vnnlib,.006105066,timeout,30.667426746
relusplitter,/home/elipregerson/nnenum/vnncomp2025_benchmarks/benchmarks/relusplitter/onnx/mnist_fc_vnncomp2022_mnist-net_256x4_RSPLITTER_mnist_fc_vnncomp2022_prop_6_0.05.onnx,/home/elipregerson/nnenum/vnncomp2025_benchmarks/benchmarks/relusplitter/vnnlib/mnist_fc_vnncomp2022_prop_6_0.05.vnnlib,.006047607,timeout,90.803275444
relusplitter,/home/elipregerson/nnenum/vnncomp2025_benchmarks/benchmarks/relusplitter/onnx/mnist_fc_vnncomp2022_mnist-net_256x4.onnx,/home/elipregerson/nnenum/vnncomp2025_benchmarks/benchmarks/relusplitter/vnnlib/mnist_fc_vnncomp2022_prop_0_0.03.vnnlib,.006240459,timeout,30.895260310
relusplitter,/home/elipregerson/nnenum/vnncomp2025_benchmarks/benchmarks/relusplitter/onnx/mnist_fc_vnncomp2022_mnist-net_256x4_RSPLITTER_mnist_fc_vnncomp2022_prop_0_0.03.onnx,/home/elipregerson/nnenum/vnncomp2025_benchmarks/benchmarks/relusplitter/vnnlib/mnist_fc_vnncomp2022_prop_0_0.03.vnnlib,.006019959,timeout,91.042409464
relusplitter,/home/elipregerson/nnenum/vnncomp2025_benchmarks/benchmarks/relusplitter/onnx/mnist_fc_vnncomp2022_mnist-net_256x4.onnx,/home/elipregerson/nnenum/vnncomp2025_benchmarks/benchmarks/relusplitter/vnnlib/mnist_fc_vnncomp2022_prop_4_0.05.vnnlib,.006213546,timeout,30.633328932
relusplitter,/home/elipregerson/nnenum/vnncomp2025_benchmarks/benchmarks/relusplitter/onnx/mnist_fc_vnncomp2022_mnist-net_256x4_RSPLITTER_mnist_fc_vnncomp2022_prop_4_0.05.onnx,/home/elipregerson/nnenum/vnncomp2025_benchmarks/benchmarks/relusplitter/vnnlib/mnist_fc_vnncomp2022_prop_4_0.05.vnnlib,.006071144,timeout,90.824737551
relusplitter,/home/elipregerson/nnenum/vnncomp2025_benchmarks/benchmarks/relusplitter/onnx/mnist_fc_vnncomp2022_mnist-net_256x4.onnx,/home/elipregerson/nnenum/vnncomp2025_benchmarks/benchmarks/relusplitter/vnnlib/mnist_fc_vnncomp2022_prop_0_0.05.vnnlib,.006425725,timeout,30.633774999
relusplitter,/home/elipregerson/nnenum/vnncomp2025_benchmarks/benchmarks/relusplitter/onnx/mnist_fc_vnncomp2022_mnist-net_256x4_RSPLITTER_mnist_fc_vnncomp2022_prop_0_0.05.onnx,/home/elipregerson/nnenum/vnncomp2025_benchmarks/benchmarks/relusplitter/vnnlib/mnist_fc_vnncomp2022_prop_0_0.05.vnnlib,.006097752,timeout,90.763913134
relusplitter,/home/elipregerson/nnenum/vnncomp2025_benchmarks/benchmarks/relusplitter/onnx/mnist_fc_vnncomp2022_mnist-net_256x4.onnx,/home/elipregerson/nnenum/vnncomp2025_benchmarks/benchmarks/relusplitter/vnnlib/mnist_fc_vnncomp2022_prop_12_0.03.vnnlib,.006116359,unsat,.674067240
relusplitter,/home/elipregerson/nnenum/vnncomp2025_benchmarks/benchmarks/relusplitter/onnx/mnist_fc_vnncomp2022_mnist-net_256x4_RSPLITTER_mnist_fc_vnncomp2022_prop_12_0.03.onnx,/home/elipregerson/nnenum/vnncomp2025_benchmarks/benchmarks/relusplitter/vnnlib/mnist_fc_vnncomp2022_prop_12_0.03.vnnlib,.006177873,unsat,2.970292904
relusplitter,/home/elipregerson/nnenum/vnncomp2025_benchmarks/benchmarks/relusplitter/onnx/mnist_fc_vnncomp2022_mnist-net_256x4.onnx,/home/elipregerson/nnenum/vnncomp2025_benchmarks/benchmarks/relusplitter/vnnlib/mnist_fc_vnncomp2022_prop_7_0.03.vnnlib,.006023734,timeout,30.759085326
relusplitter,/home/elipregerson/nnenum/vnncomp2025_benchmarks/benchmarks/relusplitter/onnx/mnist_fc_vnncomp2022_mnist-net_256x4_RSPLITTER_mnist_fc_vnncomp2022_prop_7_0.03.onnx,/home/elipregerson/nnenum/vnncomp2025_benchmarks/benchmarks/relusplitter/vnnlib/mnist_fc_vnncomp2022_prop_7_0.03.vnnlib,.006065771,timeout,90.845576505
relusplitter,/home/elipregerson/nnenum/vnncomp2025_benchmarks/benchmarks/relusplitter/onnx/mnist_fc_vnncomp2022_mnist-net_256x4.onnx,/home/elipregerson/nnenum/vnncomp2025_benchmarks/benchmarks/relusplitter/vnnlib/mnist_fc_vnncomp2022_prop_1_0.05.vnnlib,.006723836,timeout,30.838362517
relusplitter,/home/elipregerson/nnenum/vnncomp2025_benchmarks/benchmarks/relusplitter/onnx/mnist_fc_vnncomp2022_mnist-net_256x4_RSPLITTER_mnist_fc_vnncomp2022_prop_1_0.05.onnx,/home/elipregerson/nnenum/vnncomp2025_benchmarks/benchmarks/relusplitter/vnnlib/mnist_fc_vnncomp2022_prop_1_0.05.vnnlib,.006052239,timeout,91.043505745
relusplitter,/home/elipregerson/nnenum/vnncomp2025_benchmarks/benchmarks/relusplitter/onnx/mnist_fc_vnncomp2022_mnist-net_256x4.onnx,/home/elipregerson/nnenum/vnncomp2025_benchmarks/benchmarks/relusplitter/vnnlib/mnist_fc_vnncomp2022_prop_7_0.05.vnnlib,.006131747,timeout,30.748676877
relusplitter,/home/elipregerson/nnenum/vnncomp2025_benchmarks/benchmarks/relusplitter/onnx/mnist_fc_vnncomp2022_mnist-net_256x4_RSPLITTER_mnist_fc_vnncomp2022_prop_7_0.05.onnx,/home/elipregerson/nnenum/vnncomp2025_benchmarks/benchmarks/relusplitter/vnnlib/mnist_fc_vnncomp2022_prop_7_0.05.vnnlib,.006097366,timeout,90.822476678
relusplitter,/home/elipregerson/nnenum/vnncomp2025_benchmarks/benchmarks/relusplitter/onnx/mnist_fc_vnncomp2022_mnist-net_256x4.onnx,/home/elipregerson/nnenum/vnncomp2025_benchmarks/benchmarks/relusplitter/vnnlib/mnist_fc_vnncomp2022_prop_8_0.05.vnnlib,.005985414,timeout,30.821994472
relusplitter,/home/elipregerson/nnenum/vnncomp2025_benchmarks/benchmarks/relusplitter/onnx/mnist_fc_vnncomp2022_mnist-net_256x4_RSPLITTER_mnist_fc_vnncomp2022_prop_8_0.05.onnx,/home/elipregerson/nnenum/vnncomp2025_benchmarks/benchmarks/relusplitter/vnnlib/mnist_fc_vnncomp2022_prop_8_0.05.vnnlib,.006101075,timeout,91.028421329
relusplitter,/home/elipregerson/nnenum/vnncomp2025_benchmarks/benchmarks/relusplitter/onnx/mnist_fc_vnncomp2022_mnist-net_256x4.onnx,/home/elipregerson/nnenum/vnncomp2025_benchmarks/benchmarks/relusplitter/vnnlib/mnist_fc_vnncomp2022_prop_14_0.03.vnnlib,.006136768,unsat,1.769844882
relusplitter,/home/elipregerson/nnenum/vnncomp2025_benchmarks/benchmarks/relusplitter/onnx/mnist_fc_vnncomp2022_mnist-net_256x4_RSPLITTER_mnist_fc_vnncomp2022_prop_14_0.03.onnx,/home/elipregerson/nnenum/vnncomp2025_benchmarks/benchmarks/relusplitter/vnnlib/mnist_fc_vnncomp2022_prop_14_0.03.vnnlib,.006115717,unsat,3.238627237
relusplitter,/home/elipregerson/nnenum/vnncomp2025_benchmarks/benchmarks/relusplitter/onnx/mnist_fc_vnncomp2022_mnist-net_256x4.onnx,/home/elipregerson/nnenum/vnncomp2025_benchmarks/benchmarks/relusplitter/vnnlib/mnist_fc_vnncomp2022_prop_13_0.03.vnnlib,.006153436,timeout,30.723420426
relusplitter,/home/elipregerson/nnenum/vnncomp2025_benchmarks/benchmarks/relusplitter/onnx/mnist_fc_vnncomp2022_mnist-net_256x4_RSPLITTER_mnist_fc_vnncomp2022_prop_13_0.03.onnx,/home/elipregerson/nnenum/vnncomp2025_benchmarks/benchmarks/relusplitter/vnnlib/mnist_fc_vnncomp2022_prop_13_0.03.vnnlib,.006139232,timeout,90.808516257
relusplitter,/home/elipregerson/nnenum/vnncomp2025_benchmarks/benchmarks/relusplitter/onnx/mnist_fc_vnncomp2022_mnist-net_256x4.onnx,/home/elipregerson/nnenum/vnncomp2025_benchmarks/benchmarks/relusplitter/vnnlib/mnist_fc_vnncomp2022_prop_2_0.05.vnnlib,.006338075,timeout,33.422206068
relusplitter,/home/elipregerson/nnenum/vnncomp2025_benchmarks/benchmarks/relusplitter/onnx/mnist_fc_vnncomp2022_mnist-net_256x4_RSPLITTER_mnist_fc_vnncomp2022_prop_2_0.05.onnx,/home/elipregerson/nnenum/vnncomp2025_benchmarks/benchmarks/relusplitter/vnnlib/mnist_fc_vnncomp2022_prop_2_0.05.vnnlib,.006043815,timeout,90.685329904
relusplitter,/home/elipregerson/nnenum/vnncomp2025_benchmarks/benchmarks/relusplitter/onnx/mnist_fc_vnncomp2022_mnist-net_256x4.onnx,/home/elipregerson/nnenum/vnncomp2025_benchmarks/benchmarks/relusplitter/vnnlib/mnist_fc_vnncomp2022_prop_11_0.03.vnnlib,.006093993,unsat,.666647404
relusplitter,/home/elipregerson/nnenum/vnncomp2025_benchmarks/benchmarks/relusplitter/onnx/mnist_fc_vnncomp2022_mnist-net_256x4_RSPLITTER_mnist_fc_vnncomp2022_prop_11_0.03.onnx,/home/elipregerson/nnenum/vnncomp2025_benchmarks/benchmarks/relusplitter/vnnlib/mnist_fc_vnncomp2022_prop_11_0.03.vnnlib,.006260627,unsat,4.345965660
relusplitter,/home/elipregerson/nnenum/vnncomp2025_benchmarks/benchmarks/relusplitter/onnx/mnist_fc_vnncomp2022_mnist-net_256x4.onnx,/home/elipregerson/nnenum/vnncomp2025_benchmarks/benchmarks/relusplitter/vnnlib/mnist_fc_vnncomp2022_prop_11_0.05.vnnlib,.005983172,timeout,30.745647659
relusplitter,/home/elipregerson/nnenum/vnncomp2025_benchmarks/benchmarks/relusplitter/onnx/mnist_fc_vnncomp2022_mnist-net_256x4_RSPLITTER_mnist_fc_vnncomp2022_prop_11_0.05.onnx,/home/elipregerson/nnenum/vnncomp2025_benchmarks/benchmarks/relusplitter/vnnlib/mnist_fc_vnncomp2022_prop_11_0.05.vnnlib,.006307841,timeout,90.698393624
relusplitter,/home/elipregerson/nnenum/vnncomp2025_benchmarks/benchmarks/relusplitter/onnx/mnist_fc_vnncomp2022_mnist-net_256x4.onnx,/home/elipregerson/nnenum/vnncomp2025_benchmarks/benchmarks/relusplitter/vnnlib/mnist_fc_vnncomp2022_prop_10_0.03.vnnlib,.005971587,unsat,.663672304
relusplitter,/home/elipregerson/nnenum/vnncomp2025_benchmarks/benchmarks/relusplitter/onnx/mnist_fc_vnncomp2022_mnist-net_256x4_RSPLITTER_mnist_fc_vnncomp2022_prop_10_0.03.onnx,/home/elipregerson/nnenum/vnncomp2025_benchmarks/benchmarks/relusplitter/vnnlib/mnist_fc_vnncomp2022_prop_10_0.03.vnnlib,.006167588,unsat,3.876676136
relusplitter,/home/elipregerson/nnenum/vnncomp2025_benchmarks/benchmarks/relusplitter/onnx/mnist_fc_vnncomp2022_mnist-net_256x4.onnx,/home/elipregerson/nnenum/vnncomp2025_benchmarks/benchmarks/relusplitter/vnnlib/mnist_fc_vnncomp2022_prop_9_0.03.vnnlib,.006034461,unsat,2.359082363
relusplitter,/home/elipregerson/nnenum/vnncomp2025_benchmarks/benchmarks/relusplitter/onnx/mnist_fc_vnncomp2022_mnist-net_256x4_RSPLITTER_mnist_fc_vnncomp2022_prop_9_0.03.onnx,/home/elipregerson/nnenum/vnncomp2025_benchmarks/benchmarks/relusplitter/vnnlib/mnist_fc_vnncomp2022_prop_9_0.03.vnnlib,.006443165,unsat,4.840996904
relusplitter,/home/elipregerson/nnenum/vnncomp2025_benchmarks/benchmarks/relusplitter/onnx/mnist_fc_vnncomp2022_mnist-net_256x4.onnx,/home/elipregerson/nnenum/vnncomp2025_benchmarks/benchmarks/relusplitter/vnnlib/mnist_fc_vnncomp2022_prop_10_0.05.vnnlib,.006773355,timeout,30.758229775
relusplitter,/home/elipregerson/nnenum/vnncomp2025_benchmarks/benchmarks/relusplitter/onnx/mnist_fc_vnncomp2022_mnist-net_256x4_RSPLITTER_mnist_fc_vnncomp2022_prop_10_0.05.onnx,/home/elipregerson/nnenum/vnncomp2025_benchmarks/benchmarks/relusplitter/vnnlib/mnist_fc_vnncomp2022_prop_10_0.05.vnnlib,.006168801,timeout,90.794492175
relusplitter,/home/elipregerson/nnenum/vnncomp2025_benchmarks/benchmarks/relusplitter/onnx/mnist_fc_vnncomp2022_mnist-net_256x4.onnx,/home/elipregerson/nnenum/vnncomp2025_benchmarks/benchmarks/relusplitter/vnnlib/mnist_fc_vnncomp2022_prop_4_0.03.vnnlib,.006610302,unsat,12.316179841
relusplitter,/home/elipregerson/nnenum/vnncomp2025_benchmarks/benchmarks/relusplitter/onnx/mnist_fc_vnncomp2022_mnist-net_256x4_RSPLITTER_mnist_fc_vnncomp2022_prop_4_0.03.onnx,/home/elipregerson/nnenum/vnncomp2025_benchmarks/benchmarks/relusplitter/vnnlib/mnist_fc_vnncomp2022_prop_4_0.03.vnnlib,.005965313,timeout,90.726099013
relusplitter,/home/elipregerson/nnenum/vnncomp2025_benchmarks/benchmarks/relusplitter/onnx/mnist_fc_vnncomp2022_mnist-net_256x6.onnx,/home/elipregerson/nnenum/vnncomp2025_benchmarks/benchmarks/relusplitter/vnnlib/mnist_fc_vnncomp2022_prop_7_0.05.vnnlib,.006166748,timeout,30.618726108
relusplitter,/home/elipregerson/nnenum/vnncomp2025_benchmarks/benchmarks/relusplitter/onnx/mnist_fc_vnncomp2022_mnist-net_256x6_RSPLITTER_mnist_fc_vnncomp2022_prop_7_0.05.onnx,/home/elipregerson/nnenum/vnncomp2025_benchmarks/benchmarks/relusplitter/vnnlib/mnist_fc_vnncomp2022_prop_7_0.05.vnnlib,.006106431,timeout,91.167973307
relusplitter,/home/elipregerson/nnenum/vnncomp2025_benchmarks/benchmarks/relusplitter/onnx/mnist_fc_vnncomp2022_mnist-net_256x6.onnx,/home/elipregerson/nnenum/vnncomp2025_benchmarks/benchmarks/relusplitter/vnnlib/mnist_fc_vnncomp2022_prop_4_0.05.vnnlib,.006053445,timeout,30.805969411
relusplitter,/home/elipregerson/nnenum/vnncomp2025_benchmarks/benchmarks/relusplitter/onnx/mnist_fc_vnncomp2022_mnist-net_256x6_RSPLITTER_mnist_fc_vnncomp2022_prop_4_0.05.onnx,/home/elipregerson/nnenum/vnncomp2025_benchmarks/benchmarks/relusplitter/vnnlib/mnist_fc_vnncomp2022_prop_4_0.05.vnnlib,.006230062,timeout,90.933145097
relusplitter,/home/elipregerson/nnenum/vnncomp2025_benchmarks/benchmarks/relusplitter/onnx/mnist_fc_vnncomp2022_mnist-net_256x6.onnx,/home/elipregerson/nnenum/vnncomp2025_benchmarks/benchmarks/relusplitter/vnnlib/mnist_fc_vnncomp2022_prop_3_0.05.vnnlib,.006046003,unsat,4.502431691
relusplitter,/home/elipregerson/nnenum/vnncomp2025_benchmarks/benchmarks/relusplitter/onnx/mnist_fc_vnncomp2022_mnist-net_256x6_RSPLITTER_mnist_fc_vnncomp2022_prop_3_0.05.onnx,/home/elipregerson/nnenum/vnncomp2025_benchmarks/benchmarks/relusplitter/vnnlib/mnist_fc_vnncomp2022_prop_3_0.05.vnnlib,.006015612,unsat,7.669122383
relusplitter,/home/elipregerson/nnenum/vnncomp2025_benchmarks/benchmarks/relusplitter/onnx/mnist_fc_vnncomp2022_mnist-net_256x6.onnx,/home/elipregerson/nnenum/vnncomp2025_benchmarks/benchmarks/relusplitter/vnnlib/mnist_fc_vnncomp2022_prop_3_0.03.vnnlib,.006008068,unsat,.677214457
relusplitter,/home/elipregerson/nnenum/vnncomp2025_benchmarks/benchmarks/relusplitter/onnx/mnist_fc_vnncomp2022_mnist-net_256x6_RSPLITTER_mnist_fc_vnncomp2022_prop_3_0.03.onnx,/home/elipregerson/nnenum/vnncomp2025_benchmarks/benchmarks/relusplitter/vnnlib/mnist_fc_vnncomp2022_prop_3_0.03.vnnlib,.006100666,unsat,.877863857
relusplitter,/home/elipregerson/nnenum/vnncomp2025_benchmarks/benchmarks/relusplitter/onnx/mnist_fc_vnncomp2022_mnist-net_256x6.onnx,/home/elipregerson/nnenum/vnncomp2025_benchmarks/benchmarks/relusplitter/vnnlib/mnist_fc_vnncomp2022_prop_14_0.05.vnnlib,.006655076,timeout,30.667344858
relusplitter,/home/elipregerson/nnenum/vnncomp2025_benchmarks/benchmarks/relusplitter/onnx/mnist_fc_vnncomp2022_mnist-net_256x6_RSPLITTER_mnist_fc_vnncomp2022_prop_14_0.05.onnx,/home/elipregerson/nnenum/vnncomp2025_benchmarks/benchmarks/relusplitter/vnnlib/mnist_fc_vnncomp2022_prop_14_0.05.vnnlib,.006005467,timeout,90.760333007
relusplitter,/home/elipregerson/nnenum/vnncomp2025_benchmarks/benchmarks/relusplitter/onnx/mnist_fc_vnncomp2022_mnist-net_256x6.onnx,/home/elipregerson/nnenum/vnncomp2025_benchmarks/benchmarks/relusplitter/vnnlib/mnist_fc_vnncomp2022_prop_0_0.05.vnnlib,.009177759,timeout,30.963496778
relusplitter,/home/elipregerson/nnenum/vnncomp2025_benchmarks/benchmarks/relusplitter/onnx/mnist_fc_vnncomp2022_mnist-net_256x6_RSPLITTER_mnist_fc_vnncomp2022_prop_0_0.05.onnx,/home/elipregerson/nnenum/vnncomp2025_benchmarks/benchmarks/relusplitter/vnnlib/mnist_fc_vnncomp2022_prop_0_0.05.vnnlib,.005992514,timeout,90.936764220
relusplitter,/home/elipregerson/nnenum/vnncomp2025_benchmarks/benchmarks/relusplitter/onnx/mnist_fc_vnncomp2022_mnist-net_256x6.onnx,/home/elipregerson/nnenum/vnncomp2025_benchmarks/benchmarks/relusplitter/vnnlib/mnist_fc_vnncomp2022_prop_9_0.03.vnnlib,.006020579,unsat,5.312681838
relusplitter,/home/elipregerson/nnenum/vnncomp2025_benchmarks/benchmarks/relusplitter/onnx/mnist_fc_vnncomp2022_mnist-net_256x6_RSPLITTER_mnist_fc_vnncomp2022_prop_9_0.03.onnx,/home/elipregerson/nnenum/vnncomp2025_benchmarks/benchmarks/relusplitter/vnnlib/mnist_fc_vnncomp2022_prop_9_0.03.vnnlib,.006166842,timeout,90.848183224
relusplitter,/home/elipregerson/nnenum/vnncomp2025_benchmarks/benchmarks/relusplitter/onnx/mnist_fc_vnncomp2022_mnist-net_256x6.onnx,/home/elipregerson/nnenum/vnncomp2025_benchmarks/benchmarks/relusplitter/vnnlib/mnist_fc_vnncomp2022_prop_12_0.03.vnnlib,.006447479,timeout,30.635341483
relusplitter,/home/elipregerson/nnenum/vnncomp2025_benchmarks/benchmarks/relusplitter/onnx/mnist_fc_vnncomp2022_mnist-net_256x6_RSPLITTER_mnist_fc_vnncomp2022_prop_12_0.03.onnx,/home/elipregerson/nnenum/vnncomp2025_benchmarks/benchmarks/relusplitter/vnnlib/mnist_fc_vnncomp2022_prop_12_0.03.vnnlib,.006201923,timeout,92.475847916
relusplitter,/home/elipregerson/nnenum/vnncomp2025_benchmarks/benchmarks/relusplitter/onnx/mnist_fc_vnncomp2022_mnist-net_256x6.onnx,/home/elipregerson/nnenum/vnncomp2025_benchmarks/benchmarks/relusplitter/vnnlib/mnist_fc_vnncomp2022_prop_1_0.03.vnnlib,.006067846,timeout,33.862725352
relusplitter,/home/elipregerson/nnenum/vnncomp2025_benchmarks/benchmarks/relusplitter/onnx/mnist_fc_vnncomp2022_mnist-net_256x6_RSPLITTER_mnist_fc_vnncomp2022_prop_1_0.03.onnx,/home/elipregerson/nnenum/vnncomp2025_benchmarks/benchmarks/relusplitter/vnnlib/mnist_fc_vnncomp2022_prop_1_0.03.vnnlib,.006032930,timeout,90.832716234
relusplitter,/home/elipregerson/nnenum/vnncomp2025_benchmarks/benchmarks/relusplitter/onnx/mnist_fc_vnncomp2022_mnist-net_256x6.onnx,/home/elipregerson/nnenum/vnncomp2025_benchmarks/benchmarks/relusplitter/vnnlib/mnist_fc_vnncomp2022_prop_5_0.05.vnnlib,.006108738,timeout,30.735175179
relusplitter,/home/elipregerson/nnenum/vnncomp2025_benchmarks/benchmarks/relusplitter/onnx/mnist_fc_vnncomp2022_mnist-net_256x6_RSPLITTER_mnist_fc_vnncomp2022_prop_5_0.05.onnx,/home/elipregerson/nnenum/vnncomp2025_benchmarks/benchmarks/relusplitter/vnnlib/mnist_fc_vnncomp2022_prop_5_0.05.vnnlib,.006164316,timeout,90.703004788
relusplitter,/home/elipregerson/nnenum/vnncomp2025_benchmarks/benchmarks/relusplitter/onnx/mnist_fc_vnncomp2022_mnist-net_256x6.onnx,/home/elipregerson/nnenum/vnncomp2025_benchmarks/benchmarks/relusplitter/vnnlib/mnist_fc_vnncomp2022_prop_10_0.05.vnnlib,.006063564,timeout,31.649584318
relusplitter,/home/elipregerson/nnenum/vnncomp2025_benchmarks/benchmarks/relusplitter/onnx/mnist_fc_vnncomp2022_mnist-net_256x6_RSPLITTER_mnist_fc_vnncomp2022_prop_10_0.05.onnx,/home/elipregerson/nnenum/vnncomp2025_benchmarks/benchmarks/relusplitter/vnnlib/mnist_fc_vnncomp2022_prop_10_0.05.vnnlib,.006198226,timeout,90.712757249
relusplitter,/home/elipregerson/nnenum/vnncomp2025_benchmarks/benchmarks/relusplitter/onnx/mnist_fc_vnncomp2022_mnist-net_256x6.onnx,/home/elipregerson/nnenum/vnncomp2025_benchmarks/benchmarks/relusplitter/vnnlib/mnist_fc_vnncomp2022_prop_11_0.03.vnnlib,.006122363,unsat,6.970832249
relusplitter,/home/elipregerson/nnenum/vnncomp2025_benchmarks/benchmarks/relusplitter/onnx/mnist_fc_vnncomp2022_mnist-net_256x6_RSPLITTER_mnist_fc_vnncomp2022_prop_11_0.03.onnx,/home/elipregerson/nnenum/vnncomp2025_benchmarks/benchmarks/relusplitter/vnnlib/mnist_fc_vnncomp2022_prop_11_0.03.vnnlib,.006114993,error_exit_code_1,19.615309999
relusplitter,/home/elipregerson/nnenum/vnncomp2025_benchmarks/benchmarks/relusplitter/onnx/mnist_fc_vnncomp2022_mnist-net_256x6.onnx,/home/elipregerson/nnenum/vnncomp2025_benchmarks/benchmarks/relusplitter/vnnlib/mnist_fc_vnncomp2022_prop_6_0.03.vnnlib,.006172686,unsat,.672239382
relusplitter,/home/elipregerson/nnenum/vnncomp2025_benchmarks/benchmarks/relusplitter/onnx/mnist_fc_vnncomp2022_mnist-net_256x6_RSPLITTER_mnist_fc_vnncomp2022_prop_6_0.03.onnx,/home/elipregerson/nnenum/vnncomp2025_benchmarks/benchmarks/relusplitter/vnnlib/mnist_fc_vnncomp2022_prop_6_0.03.vnnlib,.005988234,unsat,7.903788327
relusplitter,/home/elipregerson/nnenum/vnncomp2025_benchmarks/benchmarks/relusplitter/onnx/mnist_fc_vnncomp2022_mnist-net_256x6.onnx,/home/elipregerson/nnenum/vnncomp2025_benchmarks/benchmarks/relusplitter/vnnlib/mnist_fc_vnncomp2022_prop_14_0.03.vnnlib,.006231056,unsat,8.085779338
relusplitter,/home/elipregerson/nnenum/vnncomp2025_benchmarks/benchmarks/relusplitter/onnx/mnist_fc_vnncomp2022_mnist-net_256x6_RSPLITTER_mnist_fc_vnncomp2022_prop_14_0.03.onnx,/home/elipregerson/nnenum/vnncomp2025_benchmarks/benchmarks/relusplitter/vnnlib/mnist_fc_vnncomp2022_prop_14_0.03.vnnlib,.006022850,timeout,90.784455354
relusplitter,/home/elipregerson/nnenum/vnncomp2025_benchmarks/benchmarks/relusplitter/onnx/mnist_fc_vnncomp2022_mnist-net_256x6.onnx,/home/elipregerson/nnenum/vnncomp2025_benchmarks/benchmarks/relusplitter/vnnlib/mnist_fc_vnncomp2022_prop_7_0.03.vnnlib,.006174561,timeout,30.621754299
relusplitter,/home/elipregerson/nnenum/vnncomp2025_benchmarks/benchmarks/relusplitter/onnx/mnist_fc_vnncomp2022_mnist-net_256x6_RSPLITTER_mnist_fc_vnncomp2022_prop_7_0.03.onnx,/home/elipregerson/nnenum/vnncomp2025_benchmarks/benchmarks/relusplitter/vnnlib/mnist_fc_vnncomp2022_prop_7_0.03.vnnlib,.006130274,timeout,91.347522808
relusplitter,/home/elipregerson/nnenum/vnncomp2025_benchmarks/benchmarks/relusplitter/onnx/mnist_fc_vnncomp2022_mnist-net_256x6.onnx,/home/elipregerson/nnenum/vnncomp2025_benchmarks/benchmarks/relusplitter/vnnlib/mnist_fc_vnncomp2022_prop_8_0.05.vnnlib,.006676913,timeout,30.800163502
relusplitter,/home/elipregerson/nnenum/vnncomp2025_benchmarks/benchmarks/relusplitter/onnx/mnist_fc_vnncomp2022_mnist-net_256x6_RSPLITTER_mnist_fc_vnncomp2022_prop_8_0.05.onnx,/home/elipregerson/nnenum/vnncomp2025_benchmarks/benchmarks/relusplitter/vnnlib/mnist_fc_vnncomp2022_prop_8_0.05.vnnlib,.006550191,timeout,90.731798772
relusplitter,/home/elipregerson/nnenum/vnncomp2025_benchmarks/benchmarks/relusplitter/onnx/mnist_fc_vnncomp2022_mnist-net_256x6.onnx,/home/elipregerson/nnenum/vnncomp2025_benchmarks/benchmarks/relusplitter/vnnlib/mnist_fc_vnncomp2022_prop_4_0.03.vnnlib,.006171247,timeout,30.770121470
relusplitter,/home/elipregerson/nnenum/vnncomp2025_benchmarks/benchmarks/relusplitter/onnx/mnist_fc_vnncomp2022_mnist-net_256x6_RSPLITTER_mnist_fc_vnncomp2022_prop_4_0.03.onnx,/home/elipregerson/nnenum/vnncomp2025_benchmarks/benchmarks/relusplitter/vnnlib/mnist_fc_vnncomp2022_prop_4_0.03.vnnlib,.006068595,timeout,90.720723429
relusplitter,/home/elipregerson/nnenum/vnncomp2025_benchmarks/benchmarks/relusplitter/onnx/mnist_fc_vnncomp2022_mnist-net_256x6.onnx,/home/elipregerson/nnenum/vnncomp2025_benchmarks/benchmarks/relusplitter/vnnlib/mnist_fc_vnncomp2022_prop_6_0.05.vnnlib,.006009449,timeout,30.856462311
relusplitter,/home/elipregerson/nnenum/vnncomp2025_benchmarks/benchmarks/relusplitter/onnx/mnist_fc_vnncomp2022_mnist-net_256x6_RSPLITTER_mnist_fc_vnncomp2022_prop_6_0.05.onnx,/home/elipregerson/nnenum/vnncomp2025_benchmarks/benchmarks/relusplitter/vnnlib/mnist_fc_vnncomp2022_prop_6_0.05.vnnlib,.006040128,timeout,90.655480525
relusplitter,/home/elipregerson/nnenum/vnncomp2025_benchmarks/benchmarks/relusplitter/onnx/mnist_fc_vnncomp2022_mnist-net_256x6.onnx,/home/elipregerson/nnenum/vnncomp2025_benchmarks/benchmarks/relusplitter/vnnlib/mnist_fc_vnncomp2022_prop_9_0.05.vnnlib,.006178862,timeout,30.696996641
relusplitter,/home/elipregerson/nnenum/vnncomp2025_benchmarks/benchmarks/relusplitter/onnx/mnist_fc_vnncomp2022_mnist-net_256x6_RSPLITTER_mnist_fc_vnncomp2022_prop_9_0.05.onnx,/home/elipregerson/nnenum/vnncomp2025_benchmarks/benchmarks/relusplitter/vnnlib/mnist_fc_vnncomp2022_prop_9_0.05.vnnlib,.006042132,timeout,90.654674359
relusplitter,/home/elipregerson/nnenum/vnncomp2025_benchmarks/benchmarks/relusplitter/onnx/mnist_fc_vnncomp2022_mnist-net_256x6.onnx,/home/elipregerson/nnenum/vnncomp2025_benchmarks/benchmarks/relusplitter/vnnlib/mnist_fc_vnncomp2022_prop_13_0.03.vnnlib,.006127655,timeout,35.733400637
relusplitter,/home/elipregerson/nnenum/vnncomp2025_benchmarks/benchmarks/relusplitter/onnx/mnist_fc_vnncomp2022_mnist-net_256x6_RSPLITTER_mnist_fc_vnncomp2022_prop_13_0.03.onnx,/home/elipregerson/nnenum/vnncomp2025_benchmarks/benchmarks/relusplitter/vnnlib/mnist_fc_vnncomp2022_prop_13_0.03.vnnlib,.006007951,timeout,90.835646051
relusplitter,/home/elipregerson/nnenum/vnncomp2025_benchmarks/benchmarks/relusplitter/onnx/oval21-benchmark_cifar_base_kw.onnx,/home/elipregerson/nnenum/vnncomp2025_benchmarks/benchmarks/relusplitter/vnnlib/oval21-benchmark_cifar_base_kw-img3365-eps0.0407843137254902.vnnlib,.006072685,timeout,61.351026225
relusplitter,/home/elipregerson/nnenum/vnncomp2025_benchmarks/benchmarks/relusplitter/onnx/oval21-benchmark_cifar_base_kw_RSPLITTER_oval21-benchmark_cifar_base_kw-img3365-eps0.0407843137254902.onnx,/home/elipregerson/nnenum/vnncomp2025_benchmarks/benchmarks/relusplitter/vnnlib/oval21-benchmark_cifar_base_kw-img3365-eps0.0407843137254902.vnnlib,.005947285,timeout,180.774104959
relusplitter,/home/elipregerson/nnenum/vnncomp2025_benchmarks/benchmarks/relusplitter/onnx/oval21-benchmark_cifar_base_kw.onnx,/home/elipregerson/nnenum/vnncomp2025_benchmarks/benchmarks/relusplitter/vnnlib/oval21-benchmark_cifar_base_kw-img2537-eps0.006666666666666667.vnnlib,.006043027,timeout,61.382733304
relusplitter,/home/elipregerson/nnenum/vnncomp2025_benchmarks/benchmarks/relusplitter/onnx/oval21-benchmark_cifar_base_kw_RSPLITTER_oval21-benchmark_cifar_base_kw-img2537-eps0.006666666666666667.onnx,/home/elipregerson/nnenum/vnncomp2025_benchmarks/benchmarks/relusplitter/vnnlib/oval21-benchmark_cifar_base_kw-img2537-eps0.006666666666666667.vnnlib,.006430554,timeout,181.123509561
relusplitter,/home/elipregerson/nnenum/vnncomp2025_benchmarks/benchmarks/relusplitter/onnx/oval21-benchmark_cifar_base_kw.onnx,/home/elipregerson/nnenum/vnncomp2025_benchmarks/benchmarks/relusplitter/vnnlib/oval21-benchmark_cifar_base_kw-img1900-eps0.03934640522875817.vnnlib,.006220389,timeout,60.829539627
relusplitter,/home/elipregerson/nnenum/vnncomp2025_benchmarks/benchmarks/relusplitter/onnx/oval21-benchmark_cifar_base_kw_RSPLITTER_oval21-benchmark_cifar_base_kw-img1900-eps0.03934640522875817.onnx,/home/elipregerson/nnenum/vnncomp2025_benchmarks/benchmarks/relusplitter/vnnlib/oval21-benchmark_cifar_base_kw-img1900-eps0.03934640522875817.vnnlib,.006075017,timeout,180.778599532
relusplitter,/home/elipregerson/nnenum/vnncomp2025_benchmarks/benchmarks/relusplitter/onnx/oval21-benchmark_cifar_base_kw.onnx,/home/elipregerson/nnenum/vnncomp2025_benchmarks/benchmarks/relusplitter/vnnlib/oval21-benchmark_cifar_base_kw-img395-eps0.003790849673202614.vnnlib,.006079025,timeout,61.139377791
relusplitter,/home/elipregerson/nnenum/vnncomp2025_benchmarks/benchmarks/relusplitter/onnx/oval21-benchmark_cifar_base_kw_RSPLITTER_oval21-benchmark_cifar_base_kw-img395-eps0.003790849673202614.onnx,/home/elipregerson/nnenum/vnncomp2025_benchmarks/benchmarks/relusplitter/vnnlib/oval21-benchmark_cifar_base_kw-img395-eps0.003790849673202614.vnnlib,.006052685,timeout,180.972073114
relusplitter,/home/elipregerson/nnenum/vnncomp2025_benchmarks/benchmarks/relusplitter/onnx/oval21-benchmark_cifar_base_kw.onnx,/home/elipregerson/nnenum/vnncomp2025_benchmarks/benchmarks/relusplitter/vnnlib/oval21-benchmark_cifar_base_kw-img6098-eps0.006666666666666666.vnnlib,.006151292,timeout,61.213823375
relusplitter,/home/elipregerson/nnenum/vnncomp2025_benchmarks/benchmarks/relusplitter/onnx/oval21-benchmark_cifar_base_kw_RSPLITTER_oval21-benchmark_cifar_base_kw-img6098-eps0.006666666666666666.onnx,/home/elipregerson/nnenum/vnncomp2025_benchmarks/benchmarks/relusplitter/vnnlib/oval21-benchmark_cifar_base_kw-img6098-eps0.006666666666666666.vnnlib,.006290971,timeout,181.024322557
relusplitter,/home/elipregerson/nnenum/vnncomp2025_benchmarks/benchmarks/relusplitter/onnx/oval21-benchmark_cifar_base_kw.onnx,/home/elipregerson/nnenum/vnncomp2025_benchmarks/benchmarks/relusplitter/vnnlib/oval21-benchmark_cifar_base_kw-img2153-eps0.04196078431372549.vnnlib,.006195332,timeout,60.893826748
relusplitter,/home/elipregerson/nnenum/vnncomp2025_benchmarks/benchmarks/relusplitter/onnx/oval21-benchmark_cifar_base_kw_RSPLITTER_oval21-benchmark_cifar_base_kw-img2153-eps0.04196078431372549.onnx,/home/elipregerson/nnenum/vnncomp2025_benchmarks/benchmarks/relusplitter/vnnlib/oval21-benchmark_cifar_base_kw-img2153-eps0.04196078431372549.vnnlib,.006367193,timeout,182.541651895
relusplitter,/home/elipregerson/nnenum/vnncomp2025_benchmarks/benchmarks/relusplitter/onnx/oval21-benchmark_cifar_base_kw.onnx,/home/elipregerson/nnenum/vnncomp2025_benchmarks/benchmarks/relusplitter/vnnlib/oval21-benchmark_cifar_base_kw-img1204-eps0.024967320261437907.vnnlib,.006085205,timeout,60.872413302
relusplitter,/home/elipregerson/nnenum/vnncomp2025_benchmarks/benchmarks/relusplitter/onnx/oval21-benchmark_cifar_base_kw_RSPLITTER_oval21-benchmark_cifar_base_kw-img1204-eps0.024967320261437907.onnx,/home/elipregerson/nnenum/vnncomp2025_benchmarks/benchmarks/relusplitter/vnnlib/oval21-benchmark_cifar_base_kw-img1204-eps0.024967320261437907.vnnlib,.006220893,timeout,181.721015567
relusplitter,/home/elipregerson/nnenum/vnncomp2025_benchmarks/benchmarks/relusplitter/onnx/oval21-benchmark_cifar_base_kw.onnx,/home/elipregerson/nnenum/vnncomp2025_benchmarks/benchmarks/relusplitter/vnnlib/oval21-benchmark_cifar_base_kw-img2341-eps0.049150326797385624.vnnlib,.006302569,timeout,61.080139712
relusplitter,/home/elipregerson/nnenum/vnncomp2025_benchmarks/benchmarks/relusplitter/onnx/oval21-benchmark_cifar_base_kw_RSPLITTER_oval21-benchmark_cifar_base_kw-img2341-eps0.049150326797385624.onnx,/home/elipregerson/nnenum/vnncomp2025_benchmarks/benchmarks/relusplitter/vnnlib/oval21-benchmark_cifar_base_kw-img2341-eps0.049150326797385624.vnnlib,.005974602,timeout,181.519848840
relusplitter,/home/elipregerson/nnenum/vnncomp2025_benchmarks/benchmarks/relusplitter/onnx/oval21-benchmark_cifar_base_kw.onnx,/home/elipregerson/nnenum/vnncomp2025_benchmarks/benchmarks/relusplitter/vnnlib/oval21-benchmark_cifar_base_kw-img8258-eps0.005620915032679739.vnnlib,.006415449,timeout,61.716204878
relusplitter,/home/elipregerson/nnenum/vnncomp2025_benchmarks/benchmarks/relusplitter/onnx/oval21-benchmark_cifar_base_kw_RSPLITTER_oval21-benchmark_cifar_base_kw-img8258-eps0.005620915032679739.onnx,/home/elipregerson/nnenum/vnncomp2025_benchmarks/benchmarks/relusplitter/vnnlib/oval21-benchmark_cifar_base_kw-img8258-eps0.005620915032679739.vnnlib,.006388029,timeout,181.040276994
relusplitter,/home/elipregerson/nnenum/vnncomp2025_benchmarks/benchmarks/relusplitter/onnx/oval21-benchmark_cifar_base_kw.onnx,/home/elipregerson/nnenum/vnncomp2025_benchmarks/benchmarks/relusplitter/vnnlib/oval21-benchmark_cifar_base_kw-img4386-eps0.011111111111111112.vnnlib,.006230782,timeout,61.340393792
relusplitter,/home/elipregerson/nnenum/vnncomp2025_benchmarks/benchmarks/relusplitter/onnx/oval21-benchmark_cifar_base_kw_RSPLITTER_oval21-benchmark_cifar_base_kw-img4386-eps0.011111111111111112.onnx,/home/elipregerson/nnenum/vnncomp2025_benchmarks/benchmarks/relusplitter/vnnlib/oval21-benchmark_cifar_base_kw-img4386-eps0.011111111111111112.vnnlib,.006297665,timeout,181.190135464
relusplitter,/home/elipregerson/nnenum/vnncomp2025_benchmarks/benchmarks/relusplitter/onnx/oval21-benchmark_cifar_deep_kw.onnx,/home/elipregerson/nnenum/vnncomp2025_benchmarks/benchmarks/relusplitter/vnnlib/oval21-benchmark_cifar_deep_kw-img3039-eps0.035686274509803925.vnnlib,.006365617,timeout,60.862439338
relusplitter,/home/elipregerson/nnenum/vnncomp2025_benchmarks/benchmarks/relusplitter/onnx/oval21-benchmark_cifar_deep_kw_RSPLITTER_oval21-benchmark_cifar_deep_kw-img3039-eps0.035686274509803925.onnx,/home/elipregerson/nnenum/vnncomp2025_benchmarks/benchmarks/relusplitter/vnnlib/oval21-benchmark_cifar_deep_kw-img3039-eps0.035686274509803925.vnnlib,.006769823,timeout,181.496063726
relusplitter,/home/elipregerson/nnenum/vnncomp2025_benchmarks/benchmarks/relusplitter/onnx/oval21-benchmark_cifar_deep_kw.onnx,/home/elipregerson/nnenum/vnncomp2025_benchmarks/benchmarks/relusplitter/vnnlib/oval21-benchmark_cifar_deep_kw-img6995-eps0.00954248366013072.vnnlib,.006249937,timeout,60.864003390
relusplitter,/home/elipregerson/nnenum/vnncomp2025_benchmarks/benchmarks/relusplitter/onnx/oval21-benchmark_cifar_deep_kw_RSPLITTER_oval21-benchmark_cifar_deep_kw-img6995-eps0.00954248366013072.onnx,/home/elipregerson/nnenum/vnncomp2025_benchmarks/benchmarks/relusplitter/vnnlib/oval21-benchmark_cifar_deep_kw-img6995-eps0.00954248366013072.vnnlib,.006124781,timeout,181.240081487
relusplitter,/home/elipregerson/nnenum/vnncomp2025_benchmarks/benchmarks/relusplitter/onnx/oval21-benchmark_cifar_deep_kw.onnx,/home/elipregerson/nnenum/vnncomp2025_benchmarks/benchmarks/relusplitter/vnnlib/oval21-benchmark_cifar_deep_kw-img7358-eps0.03869281045751634.vnnlib,.006286955,timeout,62.584296051
relusplitter,/home/elipregerson/nnenum/vnncomp2025_benchmarks/benchmarks/relusplitter/onnx/oval21-benchmark_cifar_deep_kw_RSPLITTER_oval21-benchmark_cifar_deep_kw-img7358-eps0.03869281045751634.onnx,/home/elipregerson/nnenum/vnncomp2025_benchmarks/benchmarks/relusplitter/vnnlib/oval21-benchmark_cifar_deep_kw-img7358-eps0.03869281045751634.vnnlib,.006175825,timeout,180.839312900
relusplitter,/home/elipregerson/nnenum/vnncomp2025_benchmarks/benchmarks/relusplitter/onnx/oval21-benchmark_cifar_deep_kw.onnx,/home/elipregerson/nnenum/vnncomp2025_benchmarks/benchmarks/relusplitter/vnnlib/oval21-benchmark_cifar_deep_kw-img4387-eps0.04705882352941177.vnnlib,.006360444,timeout,62.306637626
relusplitter,/home/elipregerson/nnenum/vnncomp2025_benchmarks/benchmarks/relusplitter/onnx/oval21-benchmark_cifar_deep_kw_RSPLITTER_oval21-benchmark_cifar_deep_kw-img4387-eps0.04705882352941177.onnx,/home/elipregerson/nnenum/vnncomp2025_benchmarks/benchmarks/relusplitter/vnnlib/oval21-benchmark_cifar_deep_kw-img4387-eps0.04705882352941177.vnnlib,.006143844,timeout,183.597819454
relusplitter,/home/elipregerson/nnenum/vnncomp2025_benchmarks/benchmarks/relusplitter/onnx/oval21-benchmark_cifar_deep_kw.onnx,/home/elipregerson/nnenum/vnncomp2025_benchmarks/benchmarks/relusplitter/vnnlib/oval21-benchmark_cifar_deep_kw-img2920-eps0.014248366013071896.vnnlib,.006115189,timeout,60.832143525
relusplitter,/home/elipregerson/nnenum/vnncomp2025_benchmarks/benchmarks/relusplitter/onnx/oval21-benchmark_cifar_deep_kw_RSPLITTER_oval21-benchmark_cifar_deep_kw-img2920-eps0.014248366013071896.onnx,/home/elipregerson/nnenum/vnncomp2025_benchmarks/benchmarks/relusplitter/vnnlib/oval21-benchmark_cifar_deep_kw-img2920-eps0.014248366013071896.vnnlib,.006152793,timeout,181.048200022
relusplitter,/home/elipregerson/nnenum/vnncomp2025_benchmarks/benchmarks/relusplitter/onnx/oval21-benchmark_cifar_deep_kw.onnx,/home/elipregerson/nnenum/vnncomp2025_benchmarks/benchmarks/relusplitter/vnnlib/oval21-benchmark_cifar_deep_kw-img4740-eps0.01647058823529412.vnnlib,.006028153,timeout,60.753566279
relusplitter,/home/elipregerson/nnenum/vnncomp2025_benchmarks/benchmarks/relusplitter/onnx/oval21-benchmark_cifar_deep_kw_RSPLITTER_oval21-benchmark_cifar_deep_kw-img4740-eps0.01647058823529412.onnx,/home/elipregerson/nnenum/vnncomp2025_benchmarks/benchmarks/relusplitter/vnnlib/oval21-benchmark_cifar_deep_kw-img4740-eps0.01647058823529412.vnnlib,.006365256,timeout,181.451266453
relusplitter,/home/elipregerson/nnenum/vnncomp2025_benchmarks/benchmarks/relusplitter/onnx/oval21-benchmark_cifar_deep_kw.onnx,/home/elipregerson/nnenum/vnncomp2025_benchmarks/benchmarks/relusplitter/vnnlib/oval21-benchmark_cifar_deep_kw-img917-eps0.04235294117647059.vnnlib,.005943646,timeout,60.941524722
relusplitter,/home/elipregerson/nnenum/vnncomp2025_benchmarks/benchmarks/relusplitter/onnx/oval21-benchmark_cifar_deep_kw_RSPLITTER_oval21-benchmark_cifar_deep_kw-img917-eps0.04235294117647059.onnx,/home/elipregerson/nnenum/vnncomp2025_benchmarks/benchmarks/relusplitter/vnnlib/oval21-benchmark_cifar_deep_kw-img917-eps0.04235294117647059.vnnlib,.006672598,timeout,181.337378836
relusplitter,/home/elipregerson/nnenum/vnncomp2025_benchmarks/benchmarks/relusplitter/onnx/oval21-benchmark_cifar_deep_kw.onnx,/home/elipregerson/nnenum/vnncomp2025_benchmarks/benchmarks/relusplitter/vnnlib/oval21-benchmark_cifar_deep_kw-img5988-eps0.037516339869281046.vnnlib,.006050289,timeout,60.962298801
relusplitter,/home/elipregerson/nnenum/vnncomp2025_benchmarks/benchmarks/relusplitter/onnx/oval21-benchmark_cifar_deep_kw_RSPLITTER_oval21-benchmark_cifar_deep_kw-img5988-eps0.037516339869281046.onnx,/home/elipregerson/nnenum/vnncomp2025_benchmarks/benchmarks/relusplitter/vnnlib/oval21-benchmark_cifar_deep_kw-img5988-eps0.037516339869281046.vnnlib,.006175098,run_instance_timeout,240.015413940
relusplitter,/home/elipregerson/nnenum/vnncomp2025_benchmarks/benchmarks/relusplitter/onnx/oval21-benchmark_cifar_deep_kw.onnx,/home/elipregerson/nnenum/vnncomp2025_benchmarks/benchmarks/relusplitter/vnnlib/oval21-benchmark_cifar_deep_kw-img6254-eps0.013594771241830067.vnnlib,.006314342,timeout,61.177039350
relusplitter,/home/elipregerson/nnenum/vnncomp2025_benchmarks/benchmarks/relusplitter/onnx/oval21-benchmark_cifar_deep_kw_RSPLITTER_oval21-benchmark_cifar_deep_kw-img6254-eps0.013594771241830067.onnx,/home/elipregerson/nnenum/vnncomp2025_benchmarks/benchmarks/relusplitter/vnnlib/oval21-benchmark_cifar_deep_kw-img6254-eps0.013594771241830067.vnnlib,.006343191,timeout,181.654138093
relusplitter,/home/elipregerson/nnenum/vnncomp2025_benchmarks/benchmarks/relusplitter/onnx/oval21-benchmark_cifar_deep_kw.onnx,/home/elipregerson/nnenum/vnncomp2025_benchmarks/benchmarks/relusplitter/vnnlib/oval21-benchmark_cifar_deep_kw-img3782-eps0.053202614379084974.vnnlib,.006129505,timeout,62.097385637
relusplitter,/home/elipregerson/nnenum/vnncomp2025_benchmarks/benchmarks/relusplitter/onnx/oval21-benchmark_cifar_deep_kw_RSPLITTER_oval21-benchmark_cifar_deep_kw-img3782-eps0.053202614379084974.onnx,/home/elipregerson/nnenum/vnncomp2025_benchmarks/benchmarks/relusplitter/vnnlib/oval21-benchmark_cifar_deep_kw-img3782-eps0.053202614379084974.vnnlib,.006032136,run_instance_timeout,240.012711202
relusplitter,/home/elipregerson/nnenum/vnncomp2025_benchmarks/benchmarks/relusplitter/onnx/oval21-benchmark_cifar_wide_kw.onnx,/home/elipregerson/nnenum/vnncomp2025_benchmarks/benchmarks/relusplitter/vnnlib/oval21-benchmark_cifar_wide_kw-img4351-eps0.03633986928104575.vnnlib,.008484306,timeout,60.780197778
relusplitter,/home/elipregerson/nnenum/vnncomp2025_benchmarks/benchmarks/relusplitter/onnx/oval21-benchmark_cifar_wide_kw_RSPLITTER_oval21-benchmark_cifar_wide_kw-img4351-eps0.03633986928104575.onnx,/home/elipregerson/nnenum/vnncomp2025_benchmarks/benchmarks/relusplitter/vnnlib/oval21-benchmark_cifar_wide_kw-img4351-eps0.03633986928104575.vnnlib,.006124231,timeout,180.708683663
relusplitter,/home/elipregerson/nnenum/vnncomp2025_benchmarks/benchmarks/relusplitter/onnx/oval21-benchmark_cifar_wide_kw.onnx,/home/elipregerson/nnenum/vnncomp2025_benchmarks/benchmarks/relusplitter/vnnlib/oval21-benchmark_cifar_wide_kw-img7814-eps0.01738562091503268.vnnlib,.006212381,timeout,61.417693523
relusplitter,/home/elipregerson/nnenum/vnncomp2025_benchmarks/benchmarks/relusplitter/onnx/oval21-benchmark_cifar_wide_kw_RSPLITTER_oval21-benchmark_cifar_wide_kw-img7814-eps0.01738562091503268.onnx,/home/elipregerson/nnenum/vnncomp2025_benchmarks/benchmarks/relusplitter/vnnlib/oval21-benchmark_cifar_wide_kw-img7814-eps0.01738562091503268.vnnlib,.006121495,timeout,181.597482464
relusplitter,/home/elipregerson/nnenum/vnncomp2025_benchmarks/benchmarks/relusplitter/onnx/oval21-benchmark_cifar_wide_kw.onnx,/home/elipregerson/nnenum/vnncomp2025_benchmarks/benchmarks/relusplitter/vnnlib/oval21-benchmark_cifar_wide_kw-img2440-eps0.010588235294117648.vnnlib,.006347024,timeout,61.239383701
relusplitter,/home/elipregerson/nnenum/vnncomp2025_benchmarks/benchmarks/relusplitter/onnx/oval21-benchmark_cifar_wide_kw_RSPLITTER_oval21-benchmark_cifar_wide_kw-img2440-eps0.010588235294117648.onnx,/home/elipregerson/nnenum/vnncomp2025_benchmarks/benchmarks/relusplitter/vnnlib/oval21-benchmark_cifar_wide_kw-img2440-eps0.010588235294117648.vnnlib,.006079752,timeout,182.520122274
relusplitter,/home/elipregerson/nnenum/vnncomp2025_benchmarks/benchmarks/relusplitter/onnx/oval21-benchmark_cifar_wide_kw.onnx,/home/elipregerson/nnenum/vnncomp2025_benchmarks/benchmarks/relusplitter/vnnlib/oval21-benchmark_cifar_wide_kw-img6947-eps0.019084967320261437.vnnlib,.005992893,timeout,61.323718202
relusplitter,/home/elipregerson/nnenum/vnncomp2025_benchmarks/benchmarks/relusplitter/onnx/oval21-benchmark_cifar_wide_kw_RSPLITTER_oval21-benchmark_cifar_wide_kw-img6947-eps0.019084967320261437.onnx,/home/elipregerson/nnenum/vnncomp2025_benchmarks/benchmarks/relusplitter/vnnlib/oval21-benchmark_cifar_wide_kw-img6947-eps0.019084967320261437.vnnlib,.006079868,error_exit_code_1,60.160890635
relusplitter,/home/elipregerson/nnenum/vnncomp2025_benchmarks/benchmarks/relusplitter/onnx/oval21-benchmark_cifar_wide_kw.onnx,/home/elipregerson/nnenum/vnncomp2025_benchmarks/benchmarks/relusplitter/vnnlib/oval21-benchmark_cifar_wide_kw-img4760-eps0.0134640522875817.vnnlib,.006284292,timeout,62.178969079
relusplitter,/home/elipregerson/nnenum/vnncomp2025_benchmarks/benchmarks/relusplitter/onnx/oval21-benchmark_cifar_wide_kw_RSPLITTER_oval21-benchmark_cifar_wide_kw-img4760-eps0.0134640522875817.onnx,/home/elipregerson/nnenum/vnncomp2025_benchmarks/benchmarks/relusplitter/vnnlib/oval21-benchmark_cifar_wide_kw-img4760-eps0.0134640522875817.vnnlib,.005963229,timeout,182.136107036
relusplitter,/home/elipregerson/nnenum/vnncomp2025_benchmarks/benchmarks/relusplitter/onnx/oval21-benchmark_cifar_wide_kw.onnx,/home/elipregerson/nnenum/vnncomp2025_benchmarks/benchmarks/relusplitter/vnnlib/oval21-benchmark_cifar_wide_kw-img4409-eps0.021307189542483663.vnnlib,.006060972,timeout,60.785325541
relusplitter,/home/elipregerson/nnenum/vnncomp2025_benchmarks/benchmarks/relusplitter/onnx/oval21-benchmark_cifar_wide_kw_RSPLITTER_oval21-benchmark_cifar_wide_kw-img4409-eps0.021307189542483663.onnx,/home/elipregerson/nnenum/vnncomp2025_benchmarks/benchmarks/relusplitter/vnnlib/oval21-benchmark_cifar_wide_kw-img4409-eps0.021307189542483663.vnnlib,.006207574,timeout,181.556422598
relusplitter,/home/elipregerson/nnenum/vnncomp2025_benchmarks/benchmarks/relusplitter/onnx/oval21-benchmark_cifar_wide_kw.onnx,/home/elipregerson/nnenum/vnncomp2025_benchmarks/benchmarks/relusplitter/vnnlib/oval21-benchmark_cifar_wide_kw-img773-eps0.0026143790849673205.vnnlib,.006097765,sat,13.382474040
relusplitter,/home/elipregerson/nnenum/vnncomp2025_benchmarks/benchmarks/relusplitter/onnx/oval21-benchmark_cifar_wide_kw_RSPLITTER_oval21-benchmark_cifar_wide_kw-img773-eps0.0026143790849673205.onnx,/home/elipregerson/nnenum/vnncomp2025_benchmarks/benchmarks/relusplitter/vnnlib/oval21-benchmark_cifar_wide_kw-img773-eps0.0026143790849673205.vnnlib,.006033817,sat,15.662574745
relusplitter,/home/elipregerson/nnenum/vnncomp2025_benchmarks/benchmarks/relusplitter/onnx/oval21-benchmark_cifar_wide_kw.onnx,/home/elipregerson/nnenum/vnncomp2025_benchmarks/benchmarks/relusplitter/vnnlib/oval21-benchmark_cifar_wide_kw-img7176-eps0.004183006535947713.vnnlib,.006179447,timeout,61.229771603
relusplitter,/home/elipregerson/nnenum/vnncomp2025_benchmarks/benchmarks/relusplitter/onnx/oval21-benchmark_cifar_wide_kw_RSPLITTER_oval21-benchmark_cifar_wide_kw-img7176-eps0.004183006535947713.onnx,/home/elipregerson/nnenum/vnncomp2025_benchmarks/benchmarks/relusplitter/vnnlib/oval21-benchmark_cifar_wide_kw-img7176-eps0.004183006535947713.vnnlib,.006154467,timeout,182.185737955
relusplitter,/home/elipregerson/nnenum/vnncomp2025_benchmarks/benchmarks/relusplitter/onnx/oval21-benchmark_cifar_wide_kw.onnx,/home/elipregerson/nnenum/vnncomp2025_benchmarks/benchmarks/relusplitter/vnnlib/oval21-benchmark_cifar_wide_kw-img4279-eps0.02143790849673203.vnnlib,.006109797,timeout,61.690010202
relusplitter,/home/elipregerson/nnenum/vnncomp2025_benchmarks/benchmarks/relusplitter/onnx/oval21-benchmark_cifar_wide_kw_RSPLITTER_oval21-benchmark_cifar_wide_kw-img4279-eps0.02143790849673203.onnx,/home/elipregerson/nnenum/vnncomp2025_benchmarks/benchmarks/relusplitter/vnnlib/oval21-benchmark_cifar_wide_kw-img4279-eps0.02143790849673203.vnnlib,.006131845,timeout,183.707193465
relusplitter,/home/elipregerson/nnenum/vnncomp2025_benchmarks/benchmarks/relusplitter/onnx/oval21-benchmark_cifar_wide_kw.onnx,/home/elipregerson/nnenum/vnncomp2025_benchmarks/benchmarks/relusplitter/vnnlib/oval21-benchmark_cifar_wide_kw-img7442-eps0.006666666666666667.vnnlib,.006139230,timeout,61.723201782
relusplitter,/home/elipregerson/nnenum/vnncomp2025_benchmarks/benchmarks/relusplitter/onnx/oval21-benchmark_cifar_wide_kw_RSPLITTER_oval21-benchmark_cifar_wide_kw-img7442-eps0.006666666666666667.onnx,/home/elipregerson/nnenum/vnncomp2025_benchmarks/benchmarks/relusplitter/vnnlib/oval21-benchmark_cifar_wide_kw-img7442-eps0.006666666666666667.vnnlib,.006311466,timeout,181.824562688
relusplitter,/home/elipregerson/nnenum/vnncomp2025_benchmarks/benchmarks/relusplitter/onnx/cifar_biasfield_vnncomp2022_cifar_bias_field_28.onnx,/home/elipregerson/nnenum/vnncomp2025_benchmarks/benchmarks/relusplitter/vnnlib/cifar_biasfield_vnncomp2022_prop_28.vnnlib,.006078270,run_instance_timeout,120.012337435
relusplitter,/home/elipregerson/nnenum/vnncomp2025_benchmarks/benchmarks/relusplitter/onnx/cifar_biasfield_vnncomp2022_cifar_bias_field_28_RSPLITTER_cifar_biasfield_vnncomp2022_prop_28.onnx,/home/elipregerson/nnenum/vnncomp2025_benchmarks/benchmarks/relusplitter/vnnlib/cifar_biasfield_vnncomp2022_prop_28.vnnlib,.006076879,timeout,180.659406580
relusplitter,/home/elipregerson/nnenum/vnncomp2025_benchmarks/benchmarks/relusplitter/onnx/cifar_biasfield_vnncomp2022_cifar_bias_field_8.onnx,/home/elipregerson/nnenum/vnncomp2025_benchmarks/benchmarks/relusplitter/vnnlib/cifar_biasfield_vnncomp2022_prop_8.vnnlib,.006146096,timeout,60.660966425
relusplitter,/home/elipregerson/nnenum/vnncomp2025_benchmarks/benchmarks/relusplitter/onnx/cifar_biasfield_vnncomp2022_cifar_bias_field_8_RSPLITTER_cifar_biasfield_vnncomp2022_prop_8.onnx,/home/elipregerson/nnenum/vnncomp2025_benchmarks/benchmarks/relusplitter/vnnlib/cifar_biasfield_vnncomp2022_prop_8.vnnlib,.006144903,timeout,180.750026415
relusplitter,/home/elipregerson/nnenum/vnncomp2025_benchmarks/benchmarks/relusplitter/onnx/cifar_biasfield_vnncomp2022_cifar_bias_field_19.onnx,/home/elipregerson/nnenum/vnncomp2025_benchmarks/benchmarks/relusplitter/vnnlib/cifar_biasfield_vnncomp2022_prop_19.vnnlib,.006065155,unsat,1.293027892
relusplitter,/home/elipregerson/nnenum/vnncomp2025_benchmarks/benchmarks/relusplitter/onnx/cifar_biasfield_vnncomp2022_cifar_bias_field_19_RSPLITTER_cifar_biasfield_vnncomp2022_prop_19.onnx,/home/elipregerson/nnenum/vnncomp2025_benchmarks/benchmarks/relusplitter/vnnlib/cifar_biasfield_vnncomp2022_prop_19.vnnlib,.006034708,timeout,180.747047207
relusplitter,/home/elipregerson/nnenum/vnncomp2025_benchmarks/benchmarks/relusplitter/onnx/cifar_biasfield_vnncomp2022_cifar_bias_field_45.onnx,/home/elipregerson/nnenum/vnncomp2025_benchmarks/benchmarks/relusplitter/vnnlib/cifar_biasfield_vnncomp2022_prop_45.vnnlib,.005972078,timeout,70.326522742
relusplitter,/home/elipregerson/nnenum/vnncomp2025_benchmarks/benchmarks/relusplitter/onnx/cifar_biasfield_vnncomp2022_cifar_bias_field_45_RSPLITTER_cifar_biasfield_vnncomp2022_prop_45.onnx,/home/elipregerson/nnenum/vnncomp2025_benchmarks/benchmarks/relusplitter/vnnlib/cifar_biasfield_vnncomp2022_prop_45.vnnlib,.007928392,timeout,181.435966415
relusplitter,/home/elipregerson/nnenum/vnncomp2025_benchmarks/benchmarks/relusplitter/onnx/cifar_biasfield_vnncomp2022_cifar_bias_field_24.onnx,/home/elipregerson/nnenum/vnncomp2025_benchmarks/benchmarks/relusplitter/vnnlib/cifar_biasfield_vnncomp2022_prop_24.vnnlib,.006151854,unsat,28.004041558
relusplitter,/home/elipregerson/nnenum/vnncomp2025_benchmarks/benchmarks/relusplitter/onnx/cifar_biasfield_vnncomp2022_cifar_bias_field_24_RSPLITTER_cifar_biasfield_vnncomp2022_prop_24.onnx,/home/elipregerson/nnenum/vnncomp2025_benchmarks/benchmarks/relusplitter/vnnlib/cifar_biasfield_vnncomp2022_prop_24.vnnlib,.006144992,timeout,180.963108222
relusplitter,/home/elipregerson/nnenum/vnncomp2025_benchmarks/benchmarks/relusplitter/onnx/cifar_biasfield_vnncomp2022_cifar_bias_field_1.onnx,/home/elipregerson/nnenum/vnncomp2025_benchmarks/benchmarks/relusplitter/vnnlib/cifar_biasfield_vnncomp2022_prop_1.vnnlib,.006140421,timeout,60.653704379
relusplitter,/home/elipregerson/nnenum/vnncomp2025_benchmarks/benchmarks/relusplitter/onnx/cifar_biasfield_vnncomp2022_cifar_bias_field_1_RSPLITTER_cifar_biasfield_vnncomp2022_prop_1.onnx,/home/elipregerson/nnenum/vnncomp2025_benchmarks/benchmarks/relusplitter/vnnlib/cifar_biasfield_vnncomp2022_prop_1.vnnlib,.006083710,timeout,180.672374655
relusplitter,/home/elipregerson/nnenum/vnncomp2025_benchmarks/benchmarks/relusplitter/onnx/cifar_biasfield_vnncomp2022_cifar_bias_field_15.onnx,/home/elipregerson/nnenum/vnncomp2025_benchmarks/benchmarks/relusplitter/vnnlib/cifar_biasfield_vnncomp2022_prop_15.vnnlib,.006187787,timeout,60.989833915
relusplitter,/home/elipregerson/nnenum/vnncomp2025_benchmarks/benchmarks/relusplitter/onnx/cifar_biasfield_vnncomp2022_cifar_bias_field_15_RSPLITTER_cifar_biasfield_vnncomp2022_prop_15.onnx,/home/elipregerson/nnenum/vnncomp2025_benchmarks/benchmarks/relusplitter/vnnlib/cifar_biasfield_vnncomp2022_prop_15.vnnlib,.011550244,timeout,180.811057044
relusplitter,/home/elipregerson/nnenum/vnncomp2025_benchmarks/benchmarks/relusplitter/onnx/cifar_biasfield_vnncomp2022_cifar_bias_field_46.onnx,/home/elipregerson/nnenum/vnncomp2025_benchmarks/benchmarks/relusplitter/vnnlib/cifar_biasfield_vnncomp2022_prop_46.vnnlib,.006171790,timeout,60.688817778
relusplitter,/home/elipregerson/nnenum/vnncomp2025_benchmarks/benchmarks/relusplitter/onnx/cifar_biasfield_vnncomp2022_cifar_bias_field_46_RSPLITTER_cifar_biasfield_vnncomp2022_prop_46.onnx,/home/elipregerson/nnenum/vnncomp2025_benchmarks/benchmarks/relusplitter/vnnlib/cifar_biasfield_vnncomp2022_prop_46.vnnlib,.006281110,timeout,180.745697326
relusplitter,/home/elipregerson/nnenum/vnncomp2025_benchmarks/benchmarks/relusplitter/onnx/cifar_biasfield_vnncomp2022_cifar_bias_field_22.onnx,/home/elipregerson/nnenum/vnncomp2025_benchmarks/benchmarks/relusplitter/vnnlib/cifar_biasfield_vnncomp2022_prop_22.vnnlib,.006132058,timeout,68.323759839
relusplitter,/home/elipregerson/nnenum/vnncomp2025_benchmarks/benchmarks/relusplitter/onnx/cifar_biasfield_vnncomp2022_cifar_bias_field_22_RSPLITTER_cifar_biasfield_vnncomp2022_prop_22.onnx,/home/elipregerson/nnenum/vnncomp2025_benchmarks/benchmarks/relusplitter/vnnlib/cifar_biasfield_vnncomp2022_prop_22.vnnlib,.011457218,timeout,180.847640523
relusplitter,/home/elipregerson/nnenum/vnncomp2025_benchmarks/benchmarks/relusplitter/onnx/cifar_biasfield_vnncomp2022_cifar_bias_field_26.onnx,/home/elipregerson/nnenum/vnncomp2025_benchmarks/benchmarks/relusplitter/vnnlib/cifar_biasfield_vnncomp2022_prop_26.vnnlib,.006185649,unsat,1.064279803
relusplitter,/home/elipregerson/nnenum/vnncomp2025_benchmarks/benchmarks/relusplitter/onnx/cifar_biasfield_vnncomp2022_cifar_bias_field_26_RSPLITTER_cifar_biasfield_vnncomp2022_prop_26.onnx,/home/elipregerson/nnenum/vnncomp2025_benchmarks/benchmarks/relusplitter/vnnlib/cifar_biasfield_vnncomp2022_prop_26.vnnlib,.006202090,timeout,180.831352560
relusplitter,/home/elipregerson/nnenum/vnncomp2025_benchmarks/benchmarks/relusplitter/onnx/cifar_biasfield_vnncomp2022_cifar_bias_field_40.onnx,/home/elipregerson/nnenum/vnncomp2025_benchmarks/benchmarks/relusplitter/vnnlib/cifar_biasfield_vnncomp2022_prop_40.vnnlib,.006115102,timeout,64.539094546
relusplitter,/home/elipregerson/nnenum/vnncomp2025_benchmarks/benchmarks/relusplitter/onnx/cifar_biasfield_vnncomp2022_cifar_bias_field_40_RSPLITTER_cifar_biasfield_vnncomp2022_prop_40.onnx,/home/elipregerson/nnenum/vnncomp2025_benchmarks/benchmarks/relusplitter/vnnlib/cifar_biasfield_vnncomp2022_prop_40.vnnlib,.010006332,timeout,181.165733045
relusplitter,/home/elipregerson/nnenum/vnncomp2025_benchmarks/benchmarks/relusplitter/onnx/cifar_biasfield_vnncomp2022_cifar_bias_field_64.onnx,/home/elipregerson/nnenum/vnncomp2025_benchmarks/benchmarks/relusplitter/vnnlib/cifar_biasfield_vnncomp2022_prop_64.vnnlib,.006039822,timeout,60.669308932
relusplitter,/home/elipregerson/nnenum/vnncomp2025_benchmarks/benchmarks/relusplitter/onnx/cifar_biasfield_vnncomp2022_cifar_bias_field_64_RSPLITTER_cifar_biasfield_vnncomp2022_prop_64.onnx,/home/elipregerson/nnenum/vnncomp2025_benchmarks/benchmarks/relusplitter/vnnlib/cifar_biasfield_vnncomp2022_prop_64.vnnlib,.006144119,timeout,180.784815918
relusplitter,/home/elipregerson/nnenum/vnncomp2025_benchmarks/benchmarks/relusplitter/onnx/cifar_biasfield_vnncomp2022_cifar_bias_field_66.onnx,/home/elipregerson/nnenum/vnncomp2025_benchmarks/benchmarks/relusplitter/vnnlib/cifar_biasfield_vnncomp2022_prop_66.vnnlib,.006024259,unsat,1.340139786
relusplitter,/home/elipregerson/nnenum/vnncomp2025_benchmarks/benchmarks/relusplitter/onnx/cifar_biasfield_vnncomp2022_cifar_bias_field_66_RSPLITTER_cifar_biasfield_vnncomp2022_prop_66.onnx,/home/elipregerson/nnenum/vnncomp2025_benchmarks/benchmarks/relusplitter/vnnlib/cifar_biasfield_vnncomp2022_prop_66.vnnlib,.006186799,timeout,182.537400297
relusplitter,/home/elipregerson/nnenum/vnncomp2025_benchmarks/benchmarks/relusplitter/onnx/cifar_biasfield_vnncomp2022_cifar_bias_field_11.onnx,/home/elipregerson/nnenum/vnncomp2025_benchmarks/benchmarks/relusplitter/vnnlib/cifar_biasfield_vnncomp2022_prop_11.vnnlib,.005966305,timeout,60.714124276
relusplitter,/home/elipregerson/nnenum/vnncomp2025_benchmarks/benchmarks/relusplitter/onnx/cifar_biasfield_vnncomp2022_cifar_bias_field_11_RSPLITTER_cifar_biasfield_vnncomp2022_prop_11.onnx,/home/elipregerson/nnenum/vnncomp2025_benchmarks/benchmarks/relusplitter/vnnlib/cifar_biasfield_vnncomp2022_prop_11.vnnlib,.006199278,timeout,180.822169463
relusplitter,/home/elipregerson/nnenum/vnncomp2025_benchmarks/benchmarks/relusplitter/onnx/cifar_biasfield_vnncomp2022_cifar_bias_field_50.onnx,/home/elipregerson/nnenum/vnncomp2025_benchmarks/benchmarks/relusplitter/vnnlib/cifar_biasfield_vnncomp2022_prop_50.vnnlib,.006160687,timeout,60.710133197
relusplitter,/home/elipregerson/nnenum/vnncomp2025_benchmarks/benchmarks/relusplitter/onnx/cifar_biasfield_vnncomp2022_cifar_bias_field_50_RSPLITTER_cifar_biasfield_vnncomp2022_prop_50.onnx,/home/elipregerson/nnenum/vnncomp2025_benchmarks/benchmarks/relusplitter/vnnlib/cifar_biasfield_vnncomp2022_prop_50.vnnlib,.006100676,timeout,181.879874669
relusplitter,/home/elipregerson/nnenum/vnncomp2025_benchmarks/benchmarks/relusplitter/onnx/cifar_biasfield_vnncomp2022_cifar_bias_field_14.onnx,/home/elipregerson/nnenum/vnncomp2025_benchmarks/benchmarks/relusplitter/vnnlib/cifar_biasfield_vnncomp2022_prop_14.vnnlib,.006056541,timeout,60.692823801
relusplitter,/home/elipregerson/nnenum/vnncomp2025_benchmarks/benchmarks/relusplitter/onnx/cifar_biasfield_vnncomp2022_cifar_bias_field_14_RSPLITTER_cifar_biasfield_vnncomp2022_prop_14.onnx,/home/elipregerson/nnenum/vnncomp2025_benchmarks/benchmarks/relusplitter/vnnlib/cifar_biasfield_vnncomp2022_prop_14.vnnlib,.006130258,timeout,180.759063094
relusplitter,/home/elipregerson/nnenum/vnncomp2025_benchmarks/benchmarks/relusplitter/onnx/cifar_biasfield_vnncomp2022_cifar_bias_field_20.onnx,/home/elipregerson/nnenum/vnncomp2025_benchmarks/benchmarks/relusplitter/vnnlib/cifar_biasfield_vnncomp2022_prop_20.vnnlib,.006860108,timeout,68.064637948
relusplitter,/home/elipregerson/nnenum/vnncomp2025_benchmarks/benchmarks/relusplitter/onnx/cifar_biasfield_vnncomp2022_cifar_bias_field_20_RSPLITTER_cifar_biasfield_vnncomp2022_prop_20.onnx,/home/elipregerson/nnenum/vnncomp2025_benchmarks/benchmarks/relusplitter/vnnlib/cifar_biasfield_vnncomp2022_prop_20.vnnlib,.009485021,timeout,181.468345387
relusplitter,/home/elipregerson/nnenum/vnncomp2025_benchmarks/benchmarks/relusplitter/onnx/cifar_biasfield_vnncomp2022_cifar_bias_field_16.onnx,/home/elipregerson/nnenum/vnncomp2025_benchmarks/benchmarks/relusplitter/vnnlib/cifar_biasfield_vnncomp2022_prop_16.vnnlib,.005998539,timeout,60.858696672
relusplitter,/home/elipregerson/nnenum/vnncomp2025_benchmarks/benchmarks/relusplitter/onnx/cifar_biasfield_vnncomp2022_cifar_bias_field_16_RSPLITTER_cifar_biasfield_vnncomp2022_prop_16.onnx,/home/elipregerson/nnenum/vnncomp2025_benchmarks/benchmarks/relusplitter/vnnlib/cifar_biasfield_vnncomp2022_prop_16.vnnlib,.006019776,timeout,185.002747008
relusplitter,/home/elipregerson/nnenum/vnncomp2025_benchmarks/benchmarks/relusplitter/onnx/cifar_biasfield_vnncomp2022_cifar_bias_field_29.onnx,/home/elipregerson/nnenum/vnncomp2025_benchmarks/benchmarks/relusplitter/vnnlib/cifar_biasfield_vnncomp2022_prop_29.vnnlib,.007193380,timeout,70.088530877
relusplitter,/home/elipregerson/nnenum/vnncomp2025_benchmarks/benchmarks/relusplitter/onnx/cifar_biasfield_vnncomp2022_cifar_bias_field_29_RSPLITTER_cifar_biasfield_vnncomp2022_prop_29.onnx,/home/elipregerson/nnenum/vnncomp2025_benchmarks/benchmarks/relusplitter/vnnlib/cifar_biasfield_vnncomp2022_prop_29.vnnlib,.010030766,timeout,181.106092024
relusplitter,/home/elipregerson/nnenum/vnncomp2025_benchmarks/benchmarks/relusplitter/onnx/cifar_biasfield_vnncomp2022_cifar_bias_field_70.onnx,/home/elipregerson/nnenum/vnncomp2025_benchmarks/benchmarks/relusplitter/vnnlib/cifar_biasfield_vnncomp2022_prop_70.vnnlib,.006167860,timeout,60.695088955
relusplitter,/home/elipregerson/nnenum/vnncomp2025_benchmarks/benchmarks/relusplitter/onnx/cifar_biasfield_vnncomp2022_cifar_bias_field_70_RSPLITTER_cifar_biasfield_vnncomp2022_prop_70.onnx,/home/elipregerson/nnenum/vnncomp2025_benchmarks/benchmarks/relusplitter/vnnlib/cifar_biasfield_vnncomp2022_prop_70.vnnlib,.006201402,timeout,180.711212796
relusplitter,/home/elipregerson/nnenum/vnncomp2025_benchmarks/benchmarks/relusplitter/onnx/cifar_biasfield_vnncomp2022_cifar_bias_field_2.onnx,/home/elipregerson/nnenum/vnncomp2025_benchmarks/benchmarks/relusplitter/vnnlib/cifar_biasfield_vnncomp2022_prop_2.vnnlib,.006025456,timeout,60.699070865
relusplitter,/home/elipregerson/nnenum/vnncomp2025_benchmarks/benchmarks/relusplitter/onnx/cifar_biasfield_vnncomp2022_cifar_bias_field_2_RSPLITTER_cifar_biasfield_vnncomp2022_prop_2.onnx,/home/elipregerson/nnenum/vnncomp2025_benchmarks/benchmarks/relusplitter/vnnlib/cifar_biasfield_vnncomp2022_prop_2.vnnlib,.006052024,timeout,190.067392135
relusplitter,/home/elipregerson/nnenum/vnncomp2025_benchmarks/benchmarks/relusplitter/onnx/cifar_biasfield_vnncomp2022_cifar_bias_field_49.onnx,/home/elipregerson/nnenum/vnncomp2025_benchmarks/benchmarks/relusplitter/vnnlib/cifar_biasfield_vnncomp2022_prop_49.vnnlib,.006380809,timeout,77.930390713
relusplitter,/home/elipregerson/nnenum/vnncomp2025_benchmarks/benchmarks/relusplitter/onnx/cifar_biasfield_vnncomp2022_cifar_bias_field_49_RSPLITTER_cifar_biasfield_vnncomp2022_prop_49.onnx,/home/elipregerson/nnenum/vnncomp2025_benchmarks/benchmarks/relusplitter/vnnlib/cifar_biasfield_vnncomp2022_prop_49.vnnlib,.006036682,timeout,181.210479623
relusplitter,/home/elipregerson/nnenum/vnncomp2025_benchmarks/benchmarks/relusplitter/onnx/cifar_biasfield_vnncomp2022_cifar_bias_field_37.onnx,/home/elipregerson/nnenum/vnncomp2025_benchmarks/benchmarks/relusplitter/vnnlib/cifar_biasfield_vnncomp2022_prop_37.vnnlib,.006168198,unsat,1.676413853
relusplitter,/home/elipregerson/nnenum/vnncomp2025_benchmarks/benchmarks/relusplitter/onnx/cifar_biasfield_vnncomp2022_cifar_bias_field_37_RSPLITTER_cifar_biasfield_vnncomp2022_prop_37.onnx,/home/elipregerson/nnenum/vnncomp2025_benchmarks/benchmarks/relusplitter/vnnlib/cifar_biasfield_vnncomp2022_prop_37.vnnlib,.006044043,timeout,180.931710065
relusplitter,/home/elipregerson/nnenum/vnncomp2025_benchmarks/benchmarks/relusplitter/onnx/cifar_biasfield_vnncomp2022_cifar_bias_field_69.onnx,/home/elipregerson/nnenum/vnncomp2025_benchmarks/benchmarks/relusplitter/vnnlib/cifar_biasfield_vnncomp2022_prop_69.vnnlib,.006176567,timeout,60.705457163
relusplitter,/home/elipregerson/nnenum/vnncomp2025_benchmarks/benchmarks/relusplitter/onnx/cifar_biasfield_vnncomp2022_cifar_bias_field_69_RSPLITTER_cifar_biasfield_vnncomp2022_prop_69.onnx,/home/elipregerson/nnenum/vnncomp2025_benchmarks/benchmarks/relusplitter/vnnlib/cifar_biasfield_vnncomp2022_prop_69.vnnlib,.006241212,timeout,180.941091315
relusplitter,/home/elipregerson/nnenum/vnncomp2025_benchmarks/benchmarks/relusplitter/onnx/cifar_biasfield_vnncomp2022_cifar_bias_field_43.onnx,/home/elipregerson/nnenum/vnncomp2025_benchmarks/benchmarks/relusplitter/vnnlib/cifar_biasfield_vnncomp2022_prop_43.vnnlib,.005994362,timeout,60.777873154
relusplitter,/home/elipregerson/nnenum/vnncomp2025_benchmarks/benchmarks/relusplitter/onnx/cifar_biasfield_vnncomp2022_cifar_bias_field_43_RSPLITTER_cifar_biasfield_vnncomp2022_prop_43.onnx,/home/elipregerson/nnenum/vnncomp2025_benchmarks/benchmarks/relusplitter/vnnlib/cifar_biasfield_vnncomp2022_prop_43.vnnlib,.006078900,timeout,180.811923777
relusplitter,/home/elipregerson/nnenum/vnncomp2025_benchmarks/benchmarks/relusplitter/onnx/cifar_biasfield_vnncomp2022_cifar_bias_field_41.onnx,/home/elipregerson/nnenum/vnncomp2025_benchmarks/benchmarks/relusplitter/vnnlib/cifar_biasfield_vnncomp2022_prop_41.vnnlib,.006086452,timeout,64.483545639
relusplitter,/home/elipregerson/nnenum/vnncomp2025_benchmarks/benchmarks/relusplitter/onnx/cifar_biasfield_vnncomp2022_cifar_bias_field_41_RSPLITTER_cifar_biasfield_vnncomp2022_prop_41.onnx,/home/elipregerson/nnenum/vnncomp2025_benchmarks/benchmarks/relusplitter/vnnlib/cifar_biasfield_vnncomp2022_prop_41.vnnlib,.008292234,timeout,181.040348426
relusplitter,/home/elipregerson/nnenum/vnncomp2025_benchmarks/benchmarks/relusplitter/onnx/cifar_biasfield_vnncomp2022_cifar_bias_field_21.onnx,/home/elipregerson/nnenum/vnncomp2025_benchmarks/benchmarks/relusplitter/vnnlib/cifar_biasfield_vnncomp2022_prop_21.vnnlib,.006630967,sat,46.025354380
relusplitter,/home/elipregerson/nnenum/vnncomp2025_benchmarks/benchmarks/relusplitter/onnx/cifar_biasfield_vnncomp2022_cifar_bias_field_21_RSPLITTER_cifar_biasfield_vnncomp2022_prop_21.onnx,/home/elipregerson/nnenum/vnncomp2025_benchmarks/benchmarks/relusplitter/vnnlib/cifar_biasfield_vnncomp2022_prop_21.vnnlib,.006502969,timeout,181.370813869
relusplitter,/home/elipregerson/nnenum/vnncomp2025_benchmarks/benchmarks/relusplitter/onnx/cifar_biasfield_vnncomp2022_cifar_bias_field_63.onnx,/home/elipregerson/nnenum/vnncomp2025_benchmarks/benchmarks/relusplitter/vnnlib/cifar_biasfield_vnncomp2022_prop_63.vnnlib,.006067466,timeout,84.947007031
relusplitter,/home/elipregerson/nnenum/vnncomp2025_benchmarks/benchmarks/relusplitter/onnx/cifar_biasfield_vnncomp2022_cifar_bias_field_63_RSPLITTER_cifar_biasfield_vnncomp2022_prop_63.onnx,/home/elipregerson/nnenum/vnncomp2025_benchmarks/benchmarks/relusplitter/vnnlib/cifar_biasfield_vnncomp2022_prop_63.vnnlib,.006089293,timeout,181.177603755
relusplitter,/home/elipregerson/nnenum/vnncomp2025_benchmarks/benchmarks/relusplitter/onnx/cifar_biasfield_vnncomp2022_cifar_bias_field_36.onnx,/home/elipregerson/nnenum/vnncomp2025_benchmarks/benchmarks/relusplitter/vnnlib/cifar_biasfield_vnncomp2022_prop_36.vnnlib,.006156375,timeout,75.581171312
relusplitter,/home/elipregerson/nnenum/vnncomp2025_benchmarks/benchmarks/relusplitter/onnx/cifar_biasfield_vnncomp2022_cifar_bias_field_36_RSPLITTER_cifar_biasfield_vnncomp2022_prop_36.onnx,/home/elipregerson/nnenum/vnncomp2025_benchmarks/benchmarks/relusplitter/vnnlib/cifar_biasfield_vnncomp2022_prop_36.vnnlib,.006129977,timeout,180.801058591
relusplitter,/home/elipregerson/nnenum/vnncomp2025_benchmarks/benchmarks/relusplitter/onnx/cifar_biasfield_vnncomp2022_cifar_bias_field_18.onnx,/home/elipregerson/nnenum/vnncomp2025_benchmarks/benchmarks/relusplitter/vnnlib/cifar_biasfield_vnncomp2022_prop_18.vnnlib,.006264719,timeout,60.704776219
relusplitter,/home/elipregerson/nnenum/vnncomp2025_benchmarks/benchmarks/relusplitter/onnx/cifar_biasfield_vnncomp2022_cifar_bias_field_18_RSPLITTER_cifar_biasfield_vnncomp2022_prop_18.onnx,/home/elipregerson/nnenum/vnncomp2025_benchmarks/benchmarks/relusplitter/vnnlib/cifar_biasfield_vnncomp2022_prop_18.vnnlib,.006651767,timeout,180.920228955
relusplitter,/home/elipregerson/nnenum/vnncomp2025_benchmarks/benchmarks/relusplitter/onnx/cifar_biasfield_vnncomp2022_cifar_bias_field_4.onnx,/home/elipregerson/nnenum/vnncomp2025_benchmarks/benchmarks/relusplitter/vnnlib/cifar_biasfield_vnncomp2022_prop_4.vnnlib,.006258102,timeout,103.939198689
relusplitter,/home/elipregerson/nnenum/vnncomp2025_benchmarks/benchmarks/relusplitter/onnx/cifar_biasfield_vnncomp2022_cifar_bias_field_4_RSPLITTER_cifar_biasfield_vnncomp2022_prop_4.onnx,/home/elipregerson/nnenum/vnncomp2025_benchmarks/benchmarks/relusplitter/vnnlib/cifar_biasfield_vnncomp2022_prop_4.vnnlib,.006253327,timeout,180.716801062
relusplitter,/home/elipregerson/nnenum/vnncomp2025_benchmarks/benchmarks/relusplitter/onnx/cifar_biasfield_vnncomp2022_cifar_bias_field_34.onnx,/home/elipregerson/nnenum/vnncomp2025_benchmarks/benchmarks/relusplitter/vnnlib/cifar_biasfield_vnncomp2022_prop_34.vnnlib,.007179105,timeout,60.686283339
relusplitter,/home/elipregerson/nnenum/vnncomp2025_benchmarks/benchmarks/relusplitter/onnx/cifar_biasfield_vnncomp2022_cifar_bias_field_34_RSPLITTER_cifar_biasfield_vnncomp2022_prop_34.onnx,/home/elipregerson/nnenum/vnncomp2025_benchmarks/benchmarks/relusplitter/vnnlib/cifar_biasfield_vnncomp2022_prop_34.vnnlib,.006145976,timeout,180.692522391
relusplitter,/home/elipregerson/nnenum/vnncomp2025_benchmarks/benchmarks/relusplitter/onnx/cifar_biasfield_vnncomp2022_cifar_bias_field_25.onnx,/home/elipregerson/nnenum/vnncomp2025_benchmarks/benchmarks/relusplitter/vnnlib/cifar_biasfield_vnncomp2022_prop_25.vnnlib,.006492337,run_instance_timeout,120.012359333
relusplitter,/home/elipregerson/nnenum/vnncomp2025_benchmarks/benchmarks/relusplitter/onnx/cifar_biasfield_vnncomp2022_cifar_bias_field_25_RSPLITTER_cifar_biasfield_vnncomp2022_prop_25.onnx,/home/elipregerson/nnenum/vnncomp2025_benchmarks/benchmarks/relusplitter/vnnlib/cifar_biasfield_vnncomp2022_prop_25.vnnlib,.005989818,timeout,181.189271972
relusplitter,/home/elipregerson/nnenum/vnncomp2025_benchmarks/benchmarks/relusplitter/onnx/cifar_biasfield_vnncomp2022_cifar_bias_field_31.onnx,/home/elipregerson/nnenum/vnncomp2025_benchmarks/benchmarks/relusplitter/vnnlib/cifar_biasfield_vnncomp2022_prop_31.vnnlib,.006009968,unsat,1.137986149
relusplitter,/home/elipregerson/nnenum/vnncomp2025_benchmarks/benchmarks/relusplitter/onnx/cifar_biasfield_vnncomp2022_cifar_bias_field_31_RSPLITTER_cifar_biasfield_vnncomp2022_prop_31.onnx,/home/elipregerson/nnenum/vnncomp2025_benchmarks/benchmarks/relusplitter/vnnlib/cifar_biasfield_vnncomp2022_prop_31.vnnlib,.006198932,timeout,181.010134027
relusplitter,/home/elipregerson/nnenum/vnncomp2025_benchmarks/benchmarks/relusplitter/onnx/cifar_biasfield_vnncomp2022_cifar_bias_field_65.onnx,/home/elipregerson/nnenum/vnncomp2025_benchmarks/benchmarks/relusplitter/vnnlib/cifar_biasfield_vnncomp2022_prop_65.vnnlib,.006119364,timeout,60.732659376
relusplitter,/home/elipregerson/nnenum/vnncomp2025_benchmarks/benchmarks/relusplitter/onnx/cifar_biasfield_vnncomp2022_cifar_bias_field_65_RSPLITTER_cifar_biasfield_vnncomp2022_prop_65.onnx,/home/elipregerson/nnenum/vnncomp2025_benchmarks/benchmarks/relusplitter/vnnlib/cifar_biasfield_vnncomp2022_prop_65.vnnlib,.006449911,timeout,181.563184794
relusplitter,/home/elipregerson/nnenum/vnncomp2025_benchmarks/benchmarks/relusplitter/onnx/cifar_biasfield_vnncomp2022_cifar_bias_field_52.onnx,/home/elipregerson/nnenum/vnncomp2025_benchmarks/benchmarks/relusplitter/vnnlib/cifar_biasfield_vnncomp2022_prop_52.vnnlib,.006256312,timeout,73.274118684
relusplitter,/home/elipregerson/nnenum/vnncomp2025_benchmarks/benchmarks/relusplitter/onnx/cifar_biasfield_vnncomp2022_cifar_bias_field_52_RSPLITTER_cifar_biasfield_vnncomp2022_prop_52.onnx,/home/elipregerson/nnenum/vnncomp2025_benchmarks/benchmarks/relusplitter/vnnlib/cifar_biasfield_vnncomp2022_prop_52.vnnlib,.011256480,timeout,181.184252189
relusplitter,/home/elipregerson/nnenum/vnncomp2025_benchmarks/benchmarks/relusplitter/onnx/cifar_biasfield_vnncomp2022_cifar_bias_field_60.onnx,/home/elipregerson/nnenum/vnncomp2025_benchmarks/benchmarks/relusplitter/vnnlib/cifar_biasfield_vnncomp2022_prop_60.vnnlib,.010675599,timeout,60.920071882
relusplitter,/home/elipregerson/nnenum/vnncomp2025_benchmarks/benchmarks/relusplitter/onnx/cifar_biasfield_vnncomp2022_cifar_bias_field_60_RSPLITTER_cifar_biasfield_vnncomp2022_prop_60.onnx,/home/elipregerson/nnenum/vnncomp2025_benchmarks/benchmarks/relusplitter/vnnlib/cifar_biasfield_vnncomp2022_prop_60.vnnlib,.006265258,timeout,181.402152387
relusplitter,/home/elipregerson/nnenum/vnncomp2025_benchmarks/benchmarks/relusplitter/onnx/cifar_biasfield_vnncomp2022_cifar_bias_field_12.onnx,/home/elipregerson/nnenum/vnncomp2025_benchmarks/benchmarks/relusplitter/vnnlib/cifar_biasfield_vnncomp2022_prop_12.vnnlib,.005983811,timeout,60.704529903
relusplitter,/home/elipregerson/nnenum/vnncomp2025_benchmarks/benchmarks/relusplitter/onnx/cifar_biasfield_vnncomp2022_cifar_bias_field_12_RSPLITTER_cifar_biasfield_vnncomp2022_prop_12.onnx,/home/elipregerson/nnenum/vnncomp2025_benchmarks/benchmarks/relusplitter/vnnlib/cifar_biasfield_vnncomp2022_prop_12.vnnlib,.006181030,timeout,180.888031157
relusplitter,/home/elipregerson/nnenum/vnncomp2025_benchmarks/benchmarks/relusplitter/onnx/cifar_biasfield_vnncomp2022_cifar_bias_field_17.onnx,/home/elipregerson/nnenum/vnncomp2025_benchmarks/benchmarks/relusplitter/vnnlib/cifar_biasfield_vnncomp2022_prop_17.vnnlib,.006072539,timeout,91.601777831
relusplitter,/home/elipregerson/nnenum/vnncomp2025_benchmarks/benchmarks/relusplitter/onnx/cifar_biasfield_vnncomp2022_cifar_bias_field_17_RSPLITTER_cifar_biasfield_vnncomp2022_prop_17.onnx,/home/elipregerson/nnenum/vnncomp2025_benchmarks/benchmarks/relusplitter/vnnlib/cifar_biasfield_vnncomp2022_prop_17.vnnlib,.006171360,timeout,181.087292881
relusplitter,/home/elipregerson/nnenum/vnncomp2025_benchmarks/benchmarks/relusplitter/onnx/cifar_biasfield_vnncomp2022_cifar_bias_field_0.onnx,/home/elipregerson/nnenum/vnncomp2025_benchmarks/benchmarks/relusplitter/vnnlib/cifar_biasfield_vnncomp2022_prop_0.vnnlib,.006157224,timeout,61.078415950
relusplitter,/home/elipregerson/nnenum/vnncomp2025_benchmarks/benchmarks/relusplitter/onnx/cifar_biasfield_vnncomp2022_cifar_bias_field_0_RSPLITTER_cifar_biasfield_vnncomp2022_prop_0.onnx,/home/elipregerson/nnenum/vnncomp2025_benchmarks/benchmarks/relusplitter/vnnlib/cifar_biasfield_vnncomp2022_prop_0.vnnlib,.005931231,timeout,180.809396470
relusplitter,/home/elipregerson/nnenum/vnncomp2025_benchmarks/benchmarks/test/onnx/test_nano.onnx,/home/elipregerson/nnenum/vnncomp2025_benchmarks/benchmarks/test/vnnlib/test_nano.vnnlib,.006232287,unsat,.611638598
safenlp_2024,/home/elipregerson/nnenum/vnncomp2025_benchmarks/benchmarks/safenlp_2024/onnx/medical/perturbations_0.onnx,/home/elipregerson/nnenum/vnncomp2025_benchmarks/benchmarks/safenlp_2024/vnnlib/medical/hyperrectangle_418.vnnlib,.006159920,sat,.645692850
safenlp_2024,/home/elipregerson/nnenum/vnncomp2025_benchmarks/benchmarks/safenlp_2024/onnx/ruarobot/perturbations_0.onnx,/home/elipregerson/nnenum/vnncomp2025_benchmarks/benchmarks/safenlp_2024/vnnlib/ruarobot/hyperrectangle_992.vnnlib,.006176675,timeout,20.572500711
safenlp_2024,/home/elipregerson/nnenum/vnncomp2025_benchmarks/benchmarks/safenlp_2024/onnx/ruarobot/perturbations_0.onnx,/home/elipregerson/nnenum/vnncomp2025_benchmarks/benchmarks/safenlp_2024/vnnlib/ruarobot/hyperrectangle_132.vnnlib,.010951671,sat,.728825492
safenlp_2024,/home/elipregerson/nnenum/vnncomp2025_benchmarks/benchmarks/safenlp_2024/onnx/ruarobot/perturbations_0.onnx,/home/elipregerson/nnenum/vnncomp2025_benchmarks/benchmarks/safenlp_2024/vnnlib/ruarobot/hyperrectangle_2674.vnnlib,.006269467,timeout,20.570312550
safenlp_2024,/home/elipregerson/nnenum/vnncomp2025_benchmarks/benchmarks/safenlp_2024/onnx/medical/perturbations_0.onnx,/home/elipregerson/nnenum/vnncomp2025_benchmarks/benchmarks/safenlp_2024/vnnlib/medical/hyperrectangle_2839.vnnlib,.010098806,unsat,.713517581
safenlp_2024,/home/elipregerson/nnenum/vnncomp2025_benchmarks/benchmarks/safenlp_2024/onnx/ruarobot/perturbations_0.onnx,/home/elipregerson/nnenum/vnncomp2025_benchmarks/benchmarks/safenlp_2024/vnnlib/ruarobot/hyperrectangle_6891.vnnlib,.006046063,sat,.645951351
safenlp_2024,/home/elipregerson/nnenum/vnncomp2025_benchmarks/benchmarks/safenlp_2024/onnx/ruarobot/perturbations_0.onnx,/home/elipregerson/nnenum/vnncomp2025_benchmarks/benchmarks/safenlp_2024/vnnlib/ruarobot/hyperrectangle_1921.vnnlib,.006122210,sat,.642137267
safenlp_2024,/home/elipregerson/nnenum/vnncomp2025_benchmarks/benchmarks/safenlp_2024/onnx/ruarobot/perturbations_0.onnx,/home/elipregerson/nnenum/vnncomp2025_benchmarks/benchmarks/safenlp_2024/vnnlib/ruarobot/hyperrectangle_3558.vnnlib,.006080887,timeout,20.582385871
safenlp_2024,/home/elipregerson/nnenum/vnncomp2025_benchmarks/benchmarks/safenlp_2024/onnx/medical/perturbations_0.onnx,/home/elipregerson/nnenum/vnncomp2025_benchmarks/benchmarks/safenlp_2024/vnnlib/medical/hyperrectangle_2884.vnnlib,.008370078,unsat,.693775040
safenlp_2024,/home/elipregerson/nnenum/vnncomp2025_benchmarks/benchmarks/safenlp_2024/onnx/ruarobot/perturbations_0.onnx,/home/elipregerson/nnenum/vnncomp2025_benchmarks/benchmarks/safenlp_2024/vnnlib/ruarobot/hyperrectangle_6394.vnnlib,.005983217,unsat,.947572437
safenlp_2024,/home/elipregerson/nnenum/vnncomp2025_benchmarks/benchmarks/safenlp_2024/onnx/medical/perturbations_0.onnx,/home/elipregerson/nnenum/vnncomp2025_benchmarks/benchmarks/safenlp_2024/vnnlib/medical/hyperrectangle_2330.vnnlib,.006244027,unsat,.890767641
safenlp_2024,/home/elipregerson/nnenum/vnncomp2025_benchmarks/benchmarks/safenlp_2024/onnx/medical/perturbations_0.onnx,/home/elipregerson/nnenum/vnncomp2025_benchmarks/benchmarks/safenlp_2024/vnnlib/medical/hyperrectangle_2626.vnnlib,.006428901,unsat,.763285346
safenlp_2024,/home/elipregerson/nnenum/vnncomp2025_benchmarks/benchmarks/safenlp_2024/onnx/ruarobot/perturbations_0.onnx,/home/elipregerson/nnenum/vnncomp2025_benchmarks/benchmarks/safenlp_2024/vnnlib/ruarobot/hyperrectangle_3536.vnnlib,.006189554,sat,.631772227
safenlp_2024,/home/elipregerson/nnenum/vnncomp2025_benchmarks/benchmarks/safenlp_2024/onnx/ruarobot/perturbations_0.onnx,/home/elipregerson/nnenum/vnncomp2025_benchmarks/benchmarks/safenlp_2024/vnnlib/ruarobot/hyperrectangle_5651.vnnlib,.006211999,sat,.635857647
safenlp_2024,/home/elipregerson/nnenum/vnncomp2025_benchmarks/benchmarks/safenlp_2024/onnx/ruarobot/perturbations_0.onnx,/home/elipregerson/nnenum/vnncomp2025_benchmarks/benchmarks/safenlp_2024/vnnlib/ruarobot/hyperrectangle_4032.vnnlib,.006080551,sat,.637815911
safenlp_2024,/home/elipregerson/nnenum/vnncomp2025_benchmarks/benchmarks/safenlp_2024/onnx/ruarobot/perturbations_0.onnx,/home/elipregerson/nnenum/vnncomp2025_benchmarks/benchmarks/safenlp_2024/vnnlib/ruarobot/hyperrectangle_6209.vnnlib,.006344544,sat,.642448111
safenlp_2024,/home/elipregerson/nnenum/vnncomp2025_benchmarks/benchmarks/safenlp_2024/onnx/medical/perturbations_0.onnx,/home/elipregerson/nnenum/vnncomp2025_benchmarks/benchmarks/safenlp_2024/vnnlib/medical/hyperrectangle_1590.vnnlib,.006239806,unsat,.590763433
safenlp_2024,/home/elipregerson/nnenum/vnncomp2025_benchmarks/benchmarks/safenlp_2024/onnx/ruarobot/perturbations_0.onnx,/home/elipregerson/nnenum/vnncomp2025_benchmarks/benchmarks/safenlp_2024/vnnlib/ruarobot/hyperrectangle_2411.vnnlib,.006181073,sat,.712403496
safenlp_2024,/home/elipregerson/nnenum/vnncomp2025_benchmarks/benchmarks/safenlp_2024/onnx/medical/perturbations_0.onnx,/home/elipregerson/nnenum/vnncomp2025_benchmarks/benchmarks/safenlp_2024/vnnlib/medical/hyperrectangle_83.vnnlib,.006232804,unsat,1.281896473
safenlp_2024,/home/elipregerson/nnenum/vnncomp2025_benchmarks/benchmarks/safenlp_2024/onnx/ruarobot/perturbations_0.onnx,/home/elipregerson/nnenum/vnncomp2025_benchmarks/benchmarks/safenlp_2024/vnnlib/ruarobot/hyperrectangle_706.vnnlib,.006101795,sat,.633763632
safenlp_2024,/home/elipregerson/nnenum/vnncomp2025_benchmarks/benchmarks/safenlp_2024/onnx/ruarobot/perturbations_0.onnx,/home/elipregerson/nnenum/vnncomp2025_benchmarks/benchmarks/safenlp_2024/vnnlib/ruarobot/hyperrectangle_2809.vnnlib,.006368749,sat,.638186464
safenlp_2024,/home/elipregerson/nnenum/vnncomp2025_benchmarks/benchmarks/safenlp_2024/onnx/ruarobot/perturbations_0.onnx,/home/elipregerson/nnenum/vnncomp2025_benchmarks/benchmarks/safenlp_2024/vnnlib/ruarobot/hyperrectangle_1889.vnnlib,.006256519,timeout,20.583196088
safenlp_2024,/home/elipregerson/nnenum/vnncomp2025_benchmarks/benchmarks/safenlp_2024/onnx/medical/perturbations_0.onnx,/home/elipregerson/nnenum/vnncomp2025_benchmarks/benchmarks/safenlp_2024/vnnlib/medical/hyperrectangle_1255.vnnlib,.008742203,unsat,.617953873
safenlp_2024,/home/elipregerson/nnenum/vnncomp2025_benchmarks/benchmarks/safenlp_2024/onnx/ruarobot/perturbations_0.onnx,/home/elipregerson/nnenum/vnncomp2025_benchmarks/benchmarks/safenlp_2024/vnnlib/ruarobot/hyperrectangle_486.vnnlib,.006306173,sat,.644595505
safenlp_2024,/home/elipregerson/nnenum/vnncomp2025_benchmarks/benchmarks/safenlp_2024/onnx/ruarobot/perturbations_0.onnx,/home/elipregerson/nnenum/vnncomp2025_benchmarks/benchmarks/safenlp_2024/vnnlib/ruarobot/hyperrectangle_6440.vnnlib,.006121659,sat,.645146857
safenlp_2024,/home/elipregerson/nnenum/vnncomp2025_benchmarks/benchmarks/safenlp_2024/onnx/medical/perturbations_0.onnx,/home/elipregerson/nnenum/vnncomp2025_benchmarks/benchmarks/safenlp_2024/vnnlib/medical/hyperrectangle_162.vnnlib,.006070313,unsat,2.405481231
safenlp_2024,/home/elipregerson/nnenum/vnncomp2025_benchmarks/benchmarks/safenlp_2024/onnx/medical/perturbations_0.onnx,/home/elipregerson/nnenum/vnncomp2025_benchmarks/benchmarks/safenlp_2024/vnnlib/medical/hyperrectangle_1899.vnnlib,.006127994,unsat,.590960503
safenlp_2024,/home/elipregerson/nnenum/vnncomp2025_benchmarks/benchmarks/safenlp_2024/onnx/medical/perturbations_0.onnx,/home/elipregerson/nnenum/vnncomp2025_benchmarks/benchmarks/safenlp_2024/vnnlib/medical/hyperrectangle_2660.vnnlib,.006163564,sat,.638137770
safenlp_2024,/home/elipregerson/nnenum/vnncomp2025_benchmarks/benchmarks/safenlp_2024/onnx/medical/perturbations_0.onnx,/home/elipregerson/nnenum/vnncomp2025_benchmarks/benchmarks/safenlp_2024/vnnlib/medical/hyperrectangle_2421.vnnlib,.006134600,unsat,2.721220651
safenlp_2024,/home/elipregerson/nnenum/vnncomp2025_benchmarks/benchmarks/safenlp_2024/onnx/ruarobot/perturbations_0.onnx,/home/elipregerson/nnenum/vnncomp2025_benchmarks/benchmarks/safenlp_2024/vnnlib/ruarobot/hyperrectangle_883.vnnlib,.006138934,sat,.635074653
safenlp_2024,/home/elipregerson/nnenum/vnncomp2025_benchmarks/benchmarks/safenlp_2024/onnx/ruarobot/perturbations_0.onnx,/home/elipregerson/nnenum/vnncomp2025_benchmarks/benchmarks/safenlp_2024/vnnlib/ruarobot/hyperrectangle_1268.vnnlib,.006096720,sat,.635957416
safenlp_2024,/home/elipregerson/nnenum/vnncomp2025_benchmarks/benchmarks/safenlp_2024/onnx/ruarobot/perturbations_0.onnx,/home/elipregerson/nnenum/vnncomp2025_benchmarks/benchmarks/safenlp_2024/vnnlib/ruarobot/hyperrectangle_956.vnnlib,.006171928,sat,.631921653
safenlp_2024,/home/elipregerson/nnenum/vnncomp2025_benchmarks/benchmarks/safenlp_2024/onnx/ruarobot/perturbations_0.onnx,/home/elipregerson/nnenum/vnncomp2025_benchmarks/benchmarks/safenlp_2024/vnnlib/ruarobot/hyperrectangle_859.vnnlib,.006413433,unsat,.897038058
safenlp_2024,/home/elipregerson/nnenum/vnncomp2025_benchmarks/benchmarks/safenlp_2024/onnx/ruarobot/perturbations_0.onnx,/home/elipregerson/nnenum/vnncomp2025_benchmarks/benchmarks/safenlp_2024/vnnlib/ruarobot/hyperrectangle_3159.vnnlib,.006161081,unsat,.591550002
safenlp_2024,/home/elipregerson/nnenum/vnncomp2025_benchmarks/benchmarks/safenlp_2024/onnx/ruarobot/perturbations_0.onnx,/home/elipregerson/nnenum/vnncomp2025_benchmarks/benchmarks/safenlp_2024/vnnlib/ruarobot/hyperrectangle_6504.vnnlib,.006222628,sat,.643025347
safenlp_2024,/home/elipregerson/nnenum/vnncomp2025_benchmarks/benchmarks/safenlp_2024/onnx/ruarobot/perturbations_0.onnx,/home/elipregerson/nnenum/vnncomp2025_benchmarks/benchmarks/safenlp_2024/vnnlib/ruarobot/hyperrectangle_6856.vnnlib,.005891743,sat,.639865862
safenlp_2024,/home/elipregerson/nnenum/vnncomp2025_benchmarks/benchmarks/safenlp_2024/onnx/ruarobot/perturbations_0.onnx,/home/elipregerson/nnenum/vnncomp2025_benchmarks/benchmarks/safenlp_2024/vnnlib/ruarobot/hyperrectangle_1784.vnnlib,.006215317,sat,.645983160
safenlp_2024,/home/elipregerson/nnenum/vnncomp2025_benchmarks/benchmarks/safenlp_2024/onnx/medical/perturbations_0.onnx,/home/elipregerson/nnenum/vnncomp2025_benchmarks/benchmarks/safenlp_2024/vnnlib/medical/hyperrectangle_990.vnnlib,.006168510,unsat,.590499080
safenlp_2024,/home/elipregerson/nnenum/vnncomp2025_benchmarks/benchmarks/safenlp_2024/onnx/ruarobot/perturbations_0.onnx,/home/elipregerson/nnenum/vnncomp2025_benchmarks/benchmarks/safenlp_2024/vnnlib/ruarobot/hyperrectangle_3147.vnnlib,.006045046,sat,.626311698
safenlp_2024,/home/elipregerson/nnenum/vnncomp2025_benchmarks/benchmarks/safenlp_2024/onnx/ruarobot/perturbations_0.onnx,/home/elipregerson/nnenum/vnncomp2025_benchmarks/benchmarks/safenlp_2024/vnnlib/ruarobot/hyperrectangle_3493.vnnlib,.006194575,sat,.686796938
safenlp_2024,/home/elipregerson/nnenum/vnncomp2025_benchmarks/benchmarks/safenlp_2024/onnx/ruarobot/perturbations_0.onnx,/home/elipregerson/nnenum/vnncomp2025_benchmarks/benchmarks/safenlp_2024/vnnlib/ruarobot/hyperrectangle_2470.vnnlib,.006029504,sat,.630755491
safenlp_2024,/home/elipregerson/nnenum/vnncomp2025_benchmarks/benchmarks/safenlp_2024/onnx/ruarobot/perturbations_0.onnx,/home/elipregerson/nnenum/vnncomp2025_benchmarks/benchmarks/safenlp_2024/vnnlib/ruarobot/hyperrectangle_522.vnnlib,.006072992,sat,.635446969
safenlp_2024,/home/elipregerson/nnenum/vnncomp2025_benchmarks/benchmarks/safenlp_2024/onnx/ruarobot/perturbations_0.onnx,/home/elipregerson/nnenum/vnncomp2025_benchmarks/benchmarks/safenlp_2024/vnnlib/ruarobot/hyperrectangle_2267.vnnlib,.006360247,unsat,.651772817
safenlp_2024,/home/elipregerson/nnenum/vnncomp2025_benchmarks/benchmarks/safenlp_2024/onnx/ruarobot/perturbations_0.onnx,/home/elipregerson/nnenum/vnncomp2025_benchmarks/benchmarks/safenlp_2024/vnnlib/ruarobot/hyperrectangle_3997.vnnlib,.006124358,unsat,1.656059132
safenlp_2024,/home/elipregerson/nnenum/vnncomp2025_benchmarks/benchmarks/safenlp_2024/onnx/ruarobot/perturbations_0.onnx,/home/elipregerson/nnenum/vnncomp2025_benchmarks/benchmarks/safenlp_2024/vnnlib/ruarobot/hyperrectangle_1181.vnnlib,.006484668,timeout,20.550505897
safenlp_2024,/home/elipregerson/nnenum/vnncomp2025_benchmarks/benchmarks/safenlp_2024/onnx/ruarobot/perturbations_0.onnx,/home/elipregerson/nnenum/vnncomp2025_benchmarks/benchmarks/safenlp_2024/vnnlib/ruarobot/hyperrectangle_7614.vnnlib,.006138091,unsat,.866413432
safenlp_2024,/home/elipregerson/nnenum/vnncomp2025_benchmarks/benchmarks/safenlp_2024/onnx/ruarobot/perturbations_0.onnx,/home/elipregerson/nnenum/vnncomp2025_benchmarks/benchmarks/safenlp_2024/vnnlib/ruarobot/hyperrectangle_5876.vnnlib,.006108848,sat,.697943948
safenlp_2024,/home/elipregerson/nnenum/vnncomp2025_benchmarks/benchmarks/safenlp_2024/onnx/medical/perturbations_0.onnx,/home/elipregerson/nnenum/vnncomp2025_benchmarks/benchmarks/safenlp_2024/vnnlib/medical/hyperrectangle_2375.vnnlib,.006102522,sat,.644440001
safenlp_2024,/home/elipregerson/nnenum/vnncomp2025_benchmarks/benchmarks/safenlp_2024/onnx/ruarobot/perturbations_0.onnx,/home/elipregerson/nnenum/vnncomp2025_benchmarks/benchmarks/safenlp_2024/vnnlib/ruarobot/hyperrectangle_6566.vnnlib,.006236962,unsat,.589938556
safenlp_2024,/home/elipregerson/nnenum/vnncomp2025_benchmarks/benchmarks/safenlp_2024/onnx/ruarobot/perturbations_0.onnx,/home/elipregerson/nnenum/vnncomp2025_benchmarks/benchmarks/safenlp_2024/vnnlib/ruarobot/hyperrectangle_6800.vnnlib,.006319686,sat,.633085901
safenlp_2024,/home/elipregerson/nnenum/vnncomp2025_benchmarks/benchmarks/safenlp_2024/onnx/ruarobot/perturbations_0.onnx,/home/elipregerson/nnenum/vnncomp2025_benchmarks/benchmarks/safenlp_2024/vnnlib/ruarobot/hyperrectangle_4389.vnnlib,.006263980,sat,.634365961
safenlp_2024,/home/elipregerson/nnenum/vnncomp2025_benchmarks/benchmarks/safenlp_2024/onnx/ruarobot/perturbations_0.onnx,/home/elipregerson/nnenum/vnncomp2025_benchmarks/benchmarks/safenlp_2024/vnnlib/ruarobot/hyperrectangle_7014.vnnlib,.006074186,sat,.636178344
safenlp_2024,/home/elipregerson/nnenum/vnncomp2025_benchmarks/benchmarks/safenlp_2024/onnx/medical/perturbations_0.onnx,/home/elipregerson/nnenum/vnncomp2025_benchmarks/benchmarks/safenlp_2024/vnnlib/medical/hyperrectangle_2848.vnnlib,.005985114,sat,.636148766
safenlp_2024,/home/elipregerson/nnenum/vnncomp2025_benchmarks/benchmarks/safenlp_2024/onnx/ruarobot/perturbations_0.onnx,/home/elipregerson/nnenum/vnncomp2025_benchmarks/benchmarks/safenlp_2024/vnnlib/ruarobot/hyperrectangle_7916.vnnlib,.006202522,sat,.641836731
safenlp_2024,/home/elipregerson/nnenum/vnncomp2025_benchmarks/benchmarks/safenlp_2024/onnx/ruarobot/perturbations_0.onnx,/home/elipregerson/nnenum/vnncomp2025_benchmarks/benchmarks/safenlp_2024/vnnlib/ruarobot/hyperrectangle_4147.vnnlib,.006397949,timeout,20.554048411
safenlp_2024,/home/elipregerson/nnenum/vnncomp2025_benchmarks/benchmarks/safenlp_2024/onnx/medical/perturbations_0.onnx,/home/elipregerson/nnenum/vnncomp2025_benchmarks/benchmarks/safenlp_2024/vnnlib/medical/hyperrectangle_1953.vnnlib,.006150662,unsat,.587721548
safenlp_2024,/home/elipregerson/nnenum/vnncomp2025_benchmarks/benchmarks/safenlp_2024/onnx/ruarobot/perturbations_0.onnx,/home/elipregerson/nnenum/vnncomp2025_benchmarks/benchmarks/safenlp_2024/vnnlib/ruarobot/hyperrectangle_3918.vnnlib,.006119999,sat,.630709441
safenlp_2024,/home/elipregerson/nnenum/vnncomp2025_benchmarks/benchmarks/safenlp_2024/onnx/ruarobot/perturbations_0.onnx,/home/elipregerson/nnenum/vnncomp2025_benchmarks/benchmarks/safenlp_2024/vnnlib/ruarobot/hyperrectangle_6974.vnnlib,.005996086,sat,.782807635
safenlp_2024,/home/elipregerson/nnenum/vnncomp2025_benchmarks/benchmarks/safenlp_2024/onnx/medical/perturbations_0.onnx,/home/elipregerson/nnenum/vnncomp2025_benchmarks/benchmarks/safenlp_2024/vnnlib/medical/hyperrectangle_1874.vnnlib,.006163565,timeout,20.558454649
safenlp_2024,/home/elipregerson/nnenum/vnncomp2025_benchmarks/benchmarks/safenlp_2024/onnx/ruarobot/perturbations_0.onnx,/home/elipregerson/nnenum/vnncomp2025_benchmarks/benchmarks/safenlp_2024/vnnlib/ruarobot/hyperrectangle_2067.vnnlib,.006118592,timeout,20.550190813
safenlp_2024,/home/elipregerson/nnenum/vnncomp2025_benchmarks/benchmarks/safenlp_2024/onnx/medical/perturbations_0.onnx,/home/elipregerson/nnenum/vnncomp2025_benchmarks/benchmarks/safenlp_2024/vnnlib/medical/hyperrectangle_256.vnnlib,.006135600,unsat,.921522264
safenlp_2024,/home/elipregerson/nnenum/vnncomp2025_benchmarks/benchmarks/safenlp_2024/onnx/ruarobot/perturbations_0.onnx,/home/elipregerson/nnenum/vnncomp2025_benchmarks/benchmarks/safenlp_2024/vnnlib/ruarobot/hyperrectangle_2417.vnnlib,.006407844,sat,.638438814
safenlp_2024,/home/elipregerson/nnenum/vnncomp2025_benchmarks/benchmarks/safenlp_2024/onnx/ruarobot/perturbations_0.onnx,/home/elipregerson/nnenum/vnncomp2025_benchmarks/benchmarks/safenlp_2024/vnnlib/ruarobot/hyperrectangle_4903.vnnlib,.006781074,unsat,1.698655743
safenlp_2024,/home/elipregerson/nnenum/vnncomp2025_benchmarks/benchmarks/safenlp_2024/onnx/medical/perturbations_0.onnx,/home/elipregerson/nnenum/vnncomp2025_benchmarks/benchmarks/safenlp_2024/vnnlib/medical/hyperrectangle_2395.vnnlib,.006275404,unsat,.710673231
safenlp_2024,/home/elipregerson/nnenum/vnncomp2025_benchmarks/benchmarks/safenlp_2024/onnx/ruarobot/perturbations_0.onnx,/home/elipregerson/nnenum/vnncomp2025_benchmarks/benchmarks/safenlp_2024/vnnlib/ruarobot/hyperrectangle_6725.vnnlib,.006194881,sat,.642788647
safenlp_2024,/home/elipregerson/nnenum/vnncomp2025_benchmarks/benchmarks/safenlp_2024/onnx/ruarobot/perturbations_0.onnx,/home/elipregerson/nnenum/vnncomp2025_benchmarks/benchmarks/safenlp_2024/vnnlib/ruarobot/hyperrectangle_2997.vnnlib,.006084222,sat,.640952412
safenlp_2024,/home/elipregerson/nnenum/vnncomp2025_benchmarks/benchmarks/safenlp_2024/onnx/ruarobot/perturbations_0.onnx,/home/elipregerson/nnenum/vnncomp2025_benchmarks/benchmarks/safenlp_2024/vnnlib/ruarobot/hyperrectangle_2410.vnnlib,.006653466,sat,.631084674
safenlp_2024,/home/elipregerson/nnenum/vnncomp2025_benchmarks/benchmarks/safenlp_2024/onnx/ruarobot/perturbations_0.onnx,/home/elipregerson/nnenum/vnncomp2025_benchmarks/benchmarks/safenlp_2024/vnnlib/ruarobot/hyperrectangle_7217.vnnlib,.006091111,sat,.637629030
safenlp_2024,/home/elipregerson/nnenum/vnncomp2025_benchmarks/benchmarks/safenlp_2024/onnx/ruarobot/perturbations_0.onnx,/home/elipregerson/nnenum/vnncomp2025_benchmarks/benchmarks/safenlp_2024/vnnlib/ruarobot/hyperrectangle_7864.vnnlib,.006129527,sat,.630362556
safenlp_2024,/home/elipregerson/nnenum/vnncomp2025_benchmarks/benchmarks/safenlp_2024/onnx/ruarobot/perturbations_0.onnx,/home/elipregerson/nnenum/vnncomp2025_benchmarks/benchmarks/safenlp_2024/vnnlib/ruarobot/hyperrectangle_4364.vnnlib,.006099243,sat,.631769454
safenlp_2024,/home/elipregerson/nnenum/vnncomp2025_benchmarks/benchmarks/safenlp_2024/onnx/ruarobot/perturbations_0.onnx,/home/elipregerson/nnenum/vnncomp2025_benchmarks/benchmarks/safenlp_2024/vnnlib/ruarobot/hyperrectangle_5932.vnnlib,.006152249,sat,.644037582
safenlp_2024,/home/elipregerson/nnenum/vnncomp2025_benchmarks/benchmarks/safenlp_2024/onnx/ruarobot/perturbations_0.onnx,/home/elipregerson/nnenum/vnncomp2025_benchmarks/benchmarks/safenlp_2024/vnnlib/ruarobot/hyperrectangle_4227.vnnlib,.006021529,sat,.637303065
safenlp_2024,/home/elipregerson/nnenum/vnncomp2025_benchmarks/benchmarks/safenlp_2024/onnx/ruarobot/perturbations_0.onnx,/home/elipregerson/nnenum/vnncomp2025_benchmarks/benchmarks/safenlp_2024/vnnlib/ruarobot/hyperrectangle_653.vnnlib,.006294062,sat,.641914118
safenlp_2024,/home/elipregerson/nnenum/vnncomp2025_benchmarks/benchmarks/safenlp_2024/onnx/ruarobot/perturbations_0.onnx,/home/elipregerson/nnenum/vnncomp2025_benchmarks/benchmarks/safenlp_2024/vnnlib/ruarobot/hyperrectangle_1343.vnnlib,.006381252,sat,.635301151
safenlp_2024,/home/elipregerson/nnenum/vnncomp2025_benchmarks/benchmarks/safenlp_2024/onnx/medical/perturbations_0.onnx,/home/elipregerson/nnenum/vnncomp2025_benchmarks/benchmarks/safenlp_2024/vnnlib/medical/hyperrectangle_1324.vnnlib,.006076590,unsat,.584759072
safenlp_2024,/home/elipregerson/nnenum/vnncomp2025_benchmarks/benchmarks/safenlp_2024/onnx/medical/perturbations_0.onnx,/home/elipregerson/nnenum/vnncomp2025_benchmarks/benchmarks/safenlp_2024/vnnlib/medical/hyperrectangle_2672.vnnlib,.006106392,timeout,20.547879044
safenlp_2024,/home/elipregerson/nnenum/vnncomp2025_benchmarks/benchmarks/safenlp_2024/onnx/ruarobot/perturbations_0.onnx,/home/elipregerson/nnenum/vnncomp2025_benchmarks/benchmarks/safenlp_2024/vnnlib/ruarobot/hyperrectangle_6615.vnnlib,.006089756,sat,.632522595
safenlp_2024,/home/elipregerson/nnenum/vnncomp2025_benchmarks/benchmarks/safenlp_2024/onnx/ruarobot/perturbations_0.onnx,/home/elipregerson/nnenum/vnncomp2025_benchmarks/benchmarks/safenlp_2024/vnnlib/ruarobot/hyperrectangle_4609.vnnlib,.006077735,sat,.636417481
safenlp_2024,/home/elipregerson/nnenum/vnncomp2025_benchmarks/benchmarks/safenlp_2024/onnx/ruarobot/perturbations_0.onnx,/home/elipregerson/nnenum/vnncomp2025_benchmarks/benchmarks/safenlp_2024/vnnlib/ruarobot/hyperrectangle_1723.vnnlib,.006083776,sat,.627025174
safenlp_2024,/home/elipregerson/nnenum/vnncomp2025_benchmarks/benchmarks/safenlp_2024/onnx/ruarobot/perturbations_0.onnx,/home/elipregerson/nnenum/vnncomp2025_benchmarks/benchmarks/safenlp_2024/vnnlib/ruarobot/hyperrectangle_554.vnnlib,.006103244,sat,.641275297
safenlp_2024,/home/elipregerson/nnenum/vnncomp2025_benchmarks/benchmarks/safenlp_2024/onnx/medical/perturbations_0.onnx,/home/elipregerson/nnenum/vnncomp2025_benchmarks/benchmarks/safenlp_2024/vnnlib/medical/hyperrectangle_1835.vnnlib,.006080078,sat,.630883616
safenlp_2024,/home/elipregerson/nnenum/vnncomp2025_benchmarks/benchmarks/safenlp_2024/onnx/ruarobot/perturbations_0.onnx,/home/elipregerson/nnenum/vnncomp2025_benchmarks/benchmarks/safenlp_2024/vnnlib/ruarobot/hyperrectangle_6609.vnnlib,.006024777,sat,.632705694
safenlp_2024,/home/elipregerson/nnenum/vnncomp2025_benchmarks/benchmarks/safenlp_2024/onnx/medical/perturbations_0.onnx,/home/elipregerson/nnenum/vnncomp2025_benchmarks/benchmarks/safenlp_2024/vnnlib/medical/hyperrectangle_826.vnnlib,.005872885,unsat,.594540140
safenlp_2024,/home/elipregerson/nnenum/vnncomp2025_benchmarks/benchmarks/safenlp_2024/onnx/ruarobot/perturbations_0.onnx,/home/elipregerson/nnenum/vnncomp2025_benchmarks/benchmarks/safenlp_2024/vnnlib/ruarobot/hyperrectangle_5442.vnnlib,.006192198,sat,.636468447
safenlp_2024,/home/elipregerson/nnenum/vnncomp2025_benchmarks/benchmarks/safenlp_2024/onnx/ruarobot/perturbations_0.onnx,/home/elipregerson/nnenum/vnncomp2025_benchmarks/benchmarks/safenlp_2024/vnnlib/ruarobot/hyperrectangle_1804.vnnlib,.006221655,sat,.635566220
safenlp_2024,/home/elipregerson/nnenum/vnncomp2025_benchmarks/benchmarks/safenlp_2024/onnx/ruarobot/perturbations_0.onnx,/home/elipregerson/nnenum/vnncomp2025_benchmarks/benchmarks/safenlp_2024/vnnlib/ruarobot/hyperrectangle_7302.vnnlib,.006098553,sat,.632042821
safenlp_2024,/home/elipregerson/nnenum/vnncomp2025_benchmarks/benchmarks/safenlp_2024/onnx/ruarobot/perturbations_0.onnx,/home/elipregerson/nnenum/vnncomp2025_benchmarks/benchmarks/safenlp_2024/vnnlib/ruarobot/hyperrectangle_7248.vnnlib,.006298985,sat,.703324003
safenlp_2024,/home/elipregerson/nnenum/vnncomp2025_benchmarks/benchmarks/safenlp_2024/onnx/medical/perturbations_0.onnx,/home/elipregerson/nnenum/vnncomp2025_benchmarks/benchmarks/safenlp_2024/vnnlib/medical/hyperrectangle_1430.vnnlib,.006243763,unsat,.597843505
safenlp_2024,/home/elipregerson/nnenum/vnncomp2025_benchmarks/benchmarks/safenlp_2024/onnx/ruarobot/perturbations_0.onnx,/home/elipregerson/nnenum/vnncomp2025_benchmarks/benchmarks/safenlp_2024/vnnlib/ruarobot/hyperrectangle_1078.vnnlib,.006166424,unsat,.595724104
safenlp_2024,/home/elipregerson/nnenum/vnncomp2025_benchmarks/benchmarks/safenlp_2024/onnx/ruarobot/perturbations_0.onnx,/home/elipregerson/nnenum/vnncomp2025_benchmarks/benchmarks/safenlp_2024/vnnlib/ruarobot/hyperrectangle_2079.vnnlib,.006192097,sat,.639649694
safenlp_2024,/home/elipregerson/nnenum/vnncomp2025_benchmarks/benchmarks/safenlp_2024/onnx/ruarobot/perturbations_0.onnx,/home/elipregerson/nnenum/vnncomp2025_benchmarks/benchmarks/safenlp_2024/vnnlib/ruarobot/hyperrectangle_530.vnnlib,.005997811,sat,.818975052
safenlp_2024,/home/elipregerson/nnenum/vnncomp2025_benchmarks/benchmarks/safenlp_2024/onnx/ruarobot/perturbations_0.onnx,/home/elipregerson/nnenum/vnncomp2025_benchmarks/benchmarks/safenlp_2024/vnnlib/ruarobot/hyperrectangle_2494.vnnlib,.006083065,sat,.636502589
safenlp_2024,/home/elipregerson/nnenum/vnncomp2025_benchmarks/benchmarks/safenlp_2024/onnx/ruarobot/perturbations_0.onnx,/home/elipregerson/nnenum/vnncomp2025_benchmarks/benchmarks/safenlp_2024/vnnlib/ruarobot/hyperrectangle_7817.vnnlib,.005971458,sat,.630080086
safenlp_2024,/home/elipregerson/nnenum/vnncomp2025_benchmarks/benchmarks/safenlp_2024/onnx/medical/perturbations_0.onnx,/home/elipregerson/nnenum/vnncomp2025_benchmarks/benchmarks/safenlp_2024/vnnlib/medical/hyperrectangle_1228.vnnlib,.006388157,timeout,20.561891574
safenlp_2024,/home/elipregerson/nnenum/vnncomp2025_benchmarks/benchmarks/safenlp_2024/onnx/medical/perturbations_0.onnx,/home/elipregerson/nnenum/vnncomp2025_benchmarks/benchmarks/safenlp_2024/vnnlib/medical/hyperrectangle_141.vnnlib,.006073621,unsat,.595657061
safenlp_2024,/home/elipregerson/nnenum/vnncomp2025_benchmarks/benchmarks/safenlp_2024/onnx/medical/perturbations_0.onnx,/home/elipregerson/nnenum/vnncomp2025_benchmarks/benchmarks/safenlp_2024/vnnlib/medical/hyperrectangle_2343.vnnlib,.006254123,timeout,20.552432507
safenlp_2024,/home/elipregerson/nnenum/vnncomp2025_benchmarks/benchmarks/safenlp_2024/onnx/ruarobot/perturbations_0.onnx,/home/elipregerson/nnenum/vnncomp2025_benchmarks/benchmarks/safenlp_2024/vnnlib/ruarobot/hyperrectangle_5503.vnnlib,.006116821,sat,.634129279
safenlp_2024,/home/elipregerson/nnenum/vnncomp2025_benchmarks/benchmarks/safenlp_2024/onnx/ruarobot/perturbations_0.onnx,/home/elipregerson/nnenum/vnncomp2025_benchmarks/benchmarks/safenlp_2024/vnnlib/ruarobot/hyperrectangle_1398.vnnlib,.006221931,sat,.792397210
safenlp_2024,/home/elipregerson/nnenum/vnncomp2025_benchmarks/benchmarks/safenlp_2024/onnx/medical/perturbations_0.onnx,/home/elipregerson/nnenum/vnncomp2025_benchmarks/benchmarks/safenlp_2024/vnnlib/medical/hyperrectangle_2281.vnnlib,.006274810,sat,.631186038
safenlp_2024,/home/elipregerson/nnenum/vnncomp2025_benchmarks/benchmarks/safenlp_2024/onnx/medical/perturbations_0.onnx,/home/elipregerson/nnenum/vnncomp2025_benchmarks/benchmarks/safenlp_2024/vnnlib/medical/hyperrectangle_1001.vnnlib,.006217846,unsat,.598128496
safenlp_2024,/home/elipregerson/nnenum/vnncomp2025_benchmarks/benchmarks/safenlp_2024/onnx/medical/perturbations_0.onnx,/home/elipregerson/nnenum/vnncomp2025_benchmarks/benchmarks/safenlp_2024/vnnlib/medical/hyperrectangle_895.vnnlib,.006045371,sat,.592306069
safenlp_2024,/home/elipregerson/nnenum/vnncomp2025_benchmarks/benchmarks/safenlp_2024/onnx/medical/perturbations_0.onnx,/home/elipregerson/nnenum/vnncomp2025_benchmarks/benchmarks/safenlp_2024/vnnlib/medical/hyperrectangle_1062.vnnlib,.006035430,unsat,.586112114
safenlp_2024,/home/elipregerson/nnenum/vnncomp2025_benchmarks/benchmarks/safenlp_2024/onnx/medical/perturbations_0.onnx,/home/elipregerson/nnenum/vnncomp2025_benchmarks/benchmarks/safenlp_2024/vnnlib/medical/hyperrectangle_2188.vnnlib,.006105231,sat,.625760779
safenlp_2024,/home/elipregerson/nnenum/vnncomp2025_benchmarks/benchmarks/safenlp_2024/onnx/ruarobot/perturbations_0.onnx,/home/elipregerson/nnenum/vnncomp2025_benchmarks/benchmarks/safenlp_2024/vnnlib/ruarobot/hyperrectangle_1353.vnnlib,.005969938,sat,.637678250
safenlp_2024,/home/elipregerson/nnenum/vnncomp2025_benchmarks/benchmarks/safenlp_2024/onnx/medical/perturbations_0.onnx,/home/elipregerson/nnenum/vnncomp2025_benchmarks/benchmarks/safenlp_2024/vnnlib/medical/hyperrectangle_2389.vnnlib,.006086313,sat,.636980915
safenlp_2024,/home/elipregerson/nnenum/vnncomp2025_benchmarks/benchmarks/safenlp_2024/onnx/ruarobot/perturbations_0.onnx,/home/elipregerson/nnenum/vnncomp2025_benchmarks/benchmarks/safenlp_2024/vnnlib/ruarobot/hyperrectangle_1883.vnnlib,.006333912,sat,.639526899
safenlp_2024,/home/elipregerson/nnenum/vnncomp2025_benchmarks/benchmarks/safenlp_2024/onnx/medical/perturbations_0.onnx,/home/elipregerson/nnenum/vnncomp2025_benchmarks/benchmarks/safenlp_2024/vnnlib/medical/hyperrectangle_1875.vnnlib,.006113752,unsat,.595339518
safenlp_2024,/home/elipregerson/nnenum/vnncomp2025_benchmarks/benchmarks/safenlp_2024/onnx/ruarobot/perturbations_0.onnx,/home/elipregerson/nnenum/vnncomp2025_benchmarks/benchmarks/safenlp_2024/vnnlib/ruarobot/hyperrectangle_1607.vnnlib,.006258259,unsat,1.690919984
safenlp_2024,/home/elipregerson/nnenum/vnncomp2025_benchmarks/benchmarks/safenlp_2024/onnx/ruarobot/perturbations_0.onnx,/home/elipregerson/nnenum/vnncomp2025_benchmarks/benchmarks/safenlp_2024/vnnlib/ruarobot/hyperrectangle_3809.vnnlib,.005912048,sat,.646266512
safenlp_2024,/home/elipregerson/nnenum/vnncomp2025_benchmarks/benchmarks/safenlp_2024/onnx/ruarobot/perturbations_0.onnx,/home/elipregerson/nnenum/vnncomp2025_benchmarks/benchmarks/safenlp_2024/vnnlib/ruarobot/hyperrectangle_6317.vnnlib,.006032426,sat,.636141977
safenlp_2024,/home/elipregerson/nnenum/vnncomp2025_benchmarks/benchmarks/safenlp_2024/onnx/ruarobot/perturbations_0.onnx,/home/elipregerson/nnenum/vnncomp2025_benchmarks/benchmarks/safenlp_2024/vnnlib/ruarobot/hyperrectangle_7301.vnnlib,.005957233,sat,.691353339
safenlp_2024,/home/elipregerson/nnenum/vnncomp2025_benchmarks/benchmarks/safenlp_2024/onnx/ruarobot/perturbations_0.onnx,/home/elipregerson/nnenum/vnncomp2025_benchmarks/benchmarks/safenlp_2024/vnnlib/ruarobot/hyperrectangle_7903.vnnlib,.006048189,sat,.632126368
safenlp_2024,/home/elipregerson/nnenum/vnncomp2025_benchmarks/benchmarks/safenlp_2024/onnx/medical/perturbations_0.onnx,/home/elipregerson/nnenum/vnncomp2025_benchmarks/benchmarks/safenlp_2024/vnnlib/medical/hyperrectangle_1056.vnnlib,.006200709,unsat,.592400539
safenlp_2024,/home/elipregerson/nnenum/vnncomp2025_benchmarks/benchmarks/safenlp_2024/onnx/ruarobot/perturbations_0.onnx,/home/elipregerson/nnenum/vnncomp2025_benchmarks/benchmarks/safenlp_2024/vnnlib/ruarobot/hyperrectangle_2715.vnnlib,.006497040,sat,.624101757
safenlp_2024,/home/elipregerson/nnenum/vnncomp2025_benchmarks/benchmarks/safenlp_2024/onnx/ruarobot/perturbations_0.onnx,/home/elipregerson/nnenum/vnncomp2025_benchmarks/benchmarks/safenlp_2024/vnnlib/ruarobot/hyperrectangle_5529.vnnlib,.006442337,sat,.626560033
safenlp_2024,/home/elipregerson/nnenum/vnncomp2025_benchmarks/benchmarks/safenlp_2024/onnx/ruarobot/perturbations_0.onnx,/home/elipregerson/nnenum/vnncomp2025_benchmarks/benchmarks/safenlp_2024/vnnlib/ruarobot/hyperrectangle_5659.vnnlib,.006314531,sat,.634661428
safenlp_2024,/home/elipregerson/nnenum/vnncomp2025_benchmarks/benchmarks/safenlp_2024/onnx/medical/perturbations_0.onnx,/home/elipregerson/nnenum/vnncomp2025_benchmarks/benchmarks/safenlp_2024/vnnlib/medical/hyperrectangle_1615.vnnlib,.005976970,unsat,1.080990546
safenlp_2024,/home/elipregerson/nnenum/vnncomp2025_benchmarks/benchmarks/safenlp_2024/onnx/medical/perturbations_0.onnx,/home/elipregerson/nnenum/vnncomp2025_benchmarks/benchmarks/safenlp_2024/vnnlib/medical/hyperrectangle_1333.vnnlib,.006195418,unsat,.595744797
safenlp_2024,/home/elipregerson/nnenum/vnncomp2025_benchmarks/benchmarks/safenlp_2024/onnx/medical/perturbations_0.onnx,/home/elipregerson/nnenum/vnncomp2025_benchmarks/benchmarks/safenlp_2024/vnnlib/medical/hyperrectangle_2761.vnnlib,.005984012,sat,.638758086
safenlp_2024,/home/elipregerson/nnenum/vnncomp2025_benchmarks/benchmarks/safenlp_2024/onnx/medical/perturbations_0.onnx,/home/elipregerson/nnenum/vnncomp2025_benchmarks/benchmarks/safenlp_2024/vnnlib/medical/hyperrectangle_2116.vnnlib,.006325342,unsat,.592588361
safenlp_2024,/home/elipregerson/nnenum/vnncomp2025_benchmarks/benchmarks/safenlp_2024/onnx/ruarobot/perturbations_0.onnx,/home/elipregerson/nnenum/vnncomp2025_benchmarks/benchmarks/safenlp_2024/vnnlib/ruarobot/hyperrectangle_6558.vnnlib,.006130470,sat,.639448041
safenlp_2024,/home/elipregerson/nnenum/vnncomp2025_benchmarks/benchmarks/safenlp_2024/onnx/ruarobot/perturbations_0.onnx,/home/elipregerson/nnenum/vnncomp2025_benchmarks/benchmarks/safenlp_2024/vnnlib/ruarobot/hyperrectangle_7069.vnnlib,.006295687,unsat,.589298060
safenlp_2024,/home/elipregerson/nnenum/vnncomp2025_benchmarks/benchmarks/safenlp_2024/onnx/ruarobot/perturbations_0.onnx,/home/elipregerson/nnenum/vnncomp2025_benchmarks/benchmarks/safenlp_2024/vnnlib/ruarobot/hyperrectangle_2893.vnnlib,.006344788,sat,1.158330849
safenlp_2024,/home/elipregerson/nnenum/vnncomp2025_benchmarks/benchmarks/safenlp_2024/onnx/ruarobot/perturbations_0.onnx,/home/elipregerson/nnenum/vnncomp2025_benchmarks/benchmarks/safenlp_2024/vnnlib/ruarobot/hyperrectangle_7704.vnnlib,.007457209,sat,.600464901
safenlp_2024,/home/elipregerson/nnenum/vnncomp2025_benchmarks/benchmarks/safenlp_2024/onnx/ruarobot/perturbations_0.onnx,/home/elipregerson/nnenum/vnncomp2025_benchmarks/benchmarks/safenlp_2024/vnnlib/ruarobot/hyperrectangle_5109.vnnlib,.006450624,sat,.638324209
safenlp_2024,/home/elipregerson/nnenum/vnncomp2025_benchmarks/benchmarks/safenlp_2024/onnx/ruarobot/perturbations_0.onnx,/home/elipregerson/nnenum/vnncomp2025_benchmarks/benchmarks/safenlp_2024/vnnlib/ruarobot/hyperrectangle_1099.vnnlib,.006309420,unsat,10.258098049
safenlp_2024,/home/elipregerson/nnenum/vnncomp2025_benchmarks/benchmarks/safenlp_2024/onnx/medical/perturbations_0.onnx,/home/elipregerson/nnenum/vnncomp2025_benchmarks/benchmarks/safenlp_2024/vnnlib/medical/hyperrectangle_797.vnnlib,.008195437,unsat,5.508952494
safenlp_2024,/home/elipregerson/nnenum/vnncomp2025_benchmarks/benchmarks/safenlp_2024/onnx/ruarobot/perturbations_0.onnx,/home/elipregerson/nnenum/vnncomp2025_benchmarks/benchmarks/safenlp_2024/vnnlib/ruarobot/hyperrectangle_4701.vnnlib,.006039482,timeout,20.556793488
safenlp_2024,/home/elipregerson/nnenum/vnncomp2025_benchmarks/benchmarks/safenlp_2024/onnx/ruarobot/perturbations_0.onnx,/home/elipregerson/nnenum/vnncomp2025_benchmarks/benchmarks/safenlp_2024/vnnlib/ruarobot/hyperrectangle_7070.vnnlib,.006209147,sat,.633092072
safenlp_2024,/home/elipregerson/nnenum/vnncomp2025_benchmarks/benchmarks/safenlp_2024/onnx/ruarobot/perturbations_0.onnx,/home/elipregerson/nnenum/vnncomp2025_benchmarks/benchmarks/safenlp_2024/vnnlib/ruarobot/hyperrectangle_3290.vnnlib,.006052147,sat,.628840934
safenlp_2024,/home/elipregerson/nnenum/vnncomp2025_benchmarks/benchmarks/safenlp_2024/onnx/medical/perturbations_0.onnx,/home/elipregerson/nnenum/vnncomp2025_benchmarks/benchmarks/safenlp_2024/vnnlib/medical/hyperrectangle_2431.vnnlib,.006192661,sat,.636806473
safenlp_2024,/home/elipregerson/nnenum/vnncomp2025_benchmarks/benchmarks/safenlp_2024/onnx/ruarobot/perturbations_0.onnx,/home/elipregerson/nnenum/vnncomp2025_benchmarks/benchmarks/safenlp_2024/vnnlib/ruarobot/hyperrectangle_6213.vnnlib,.006184301,sat,.648253645
safenlp_2024,/home/elipregerson/nnenum/vnncomp2025_benchmarks/benchmarks/safenlp_2024/onnx/ruarobot/perturbations_0.onnx,/home/elipregerson/nnenum/vnncomp2025_benchmarks/benchmarks/safenlp_2024/vnnlib/ruarobot/hyperrectangle_5257.vnnlib,.006024342,sat,.631588478
safenlp_2024,/home/elipregerson/nnenum/vnncomp2025_benchmarks/benchmarks/safenlp_2024/onnx/ruarobot/perturbations_0.onnx,/home/elipregerson/nnenum/vnncomp2025_benchmarks/benchmarks/safenlp_2024/vnnlib/ruarobot/hyperrectangle_5612.vnnlib,.006477560,sat,.584100773
safenlp_2024,/home/elipregerson/nnenum/vnncomp2025_benchmarks/benchmarks/safenlp_2024/onnx/medical/perturbations_0.onnx,/home/elipregerson/nnenum/vnncomp2025_benchmarks/benchmarks/safenlp_2024/vnnlib/medical/hyperrectangle_2812.vnnlib,.006094299,unsat,.597385918
safenlp_2024,/home/elipregerson/nnenum/vnncomp2025_benchmarks/benchmarks/safenlp_2024/onnx/ruarobot/perturbations_0.onnx,/home/elipregerson/nnenum/vnncomp2025_benchmarks/benchmarks/safenlp_2024/vnnlib/ruarobot/hyperrectangle_5207.vnnlib,.006246773,sat,.635294761
safenlp_2024,/home/elipregerson/nnenum/vnncomp2025_benchmarks/benchmarks/safenlp_2024/onnx/ruarobot/perturbations_0.onnx,/home/elipregerson/nnenum/vnncomp2025_benchmarks/benchmarks/safenlp_2024/vnnlib/ruarobot/hyperrectangle_6184.vnnlib,.006072156,unsat,.597138652
safenlp_2024,/home/elipregerson/nnenum/vnncomp2025_benchmarks/benchmarks/safenlp_2024/onnx/ruarobot/perturbations_0.onnx,/home/elipregerson/nnenum/vnncomp2025_benchmarks/benchmarks/safenlp_2024/vnnlib/ruarobot/hyperrectangle_614.vnnlib,.006068583,sat,.746044748
safenlp_2024,/home/elipregerson/nnenum/vnncomp2025_benchmarks/benchmarks/safenlp_2024/onnx/medical/perturbations_0.onnx,/home/elipregerson/nnenum/vnncomp2025_benchmarks/benchmarks/safenlp_2024/vnnlib/medical/hyperrectangle_2674.vnnlib,.006071996,unsat,.587783780
safenlp_2024,/home/elipregerson/nnenum/vnncomp2025_benchmarks/benchmarks/safenlp_2024/onnx/medical/perturbations_0.onnx,/home/elipregerson/nnenum/vnncomp2025_benchmarks/benchmarks/safenlp_2024/vnnlib/medical/hyperrectangle_2083.vnnlib,.006048029,sat,.625625867
safenlp_2024,/home/elipregerson/nnenum/vnncomp2025_benchmarks/benchmarks/safenlp_2024/onnx/ruarobot/perturbations_0.onnx,/home/elipregerson/nnenum/vnncomp2025_benchmarks/benchmarks/safenlp_2024/vnnlib/ruarobot/hyperrectangle_2082.vnnlib,.006314164,sat,.640079217
safenlp_2024,/home/elipregerson/nnenum/vnncomp2025_benchmarks/benchmarks/safenlp_2024/onnx/medical/perturbations_0.onnx,/home/elipregerson/nnenum/vnncomp2025_benchmarks/benchmarks/safenlp_2024/vnnlib/medical/hyperrectangle_2648.vnnlib,.005971621,timeout,20.542217163
safenlp_2024,/home/elipregerson/nnenum/vnncomp2025_benchmarks/benchmarks/safenlp_2024/onnx/ruarobot/perturbations_0.onnx,/home/elipregerson/nnenum/vnncomp2025_benchmarks/benchmarks/safenlp_2024/vnnlib/ruarobot/hyperrectangle_4088.vnnlib,.006041422,unsat,1.175760029
safenlp_2024,/home/elipregerson/nnenum/vnncomp2025_benchmarks/benchmarks/safenlp_2024/onnx/ruarobot/perturbations_0.onnx,/home/elipregerson/nnenum/vnncomp2025_benchmarks/benchmarks/safenlp_2024/vnnlib/ruarobot/hyperrectangle_2404.vnnlib,.006086534,sat,.589687921
safenlp_2024,/home/elipregerson/nnenum/vnncomp2025_benchmarks/benchmarks/safenlp_2024/onnx/medical/perturbations_0.onnx,/home/elipregerson/nnenum/vnncomp2025_benchmarks/benchmarks/safenlp_2024/vnnlib/medical/hyperrectangle_1063.vnnlib,.006048609,unsat,.595431943
safenlp_2024,/home/elipregerson/nnenum/vnncomp2025_benchmarks/benchmarks/safenlp_2024/onnx/ruarobot/perturbations_0.onnx,/home/elipregerson/nnenum/vnncomp2025_benchmarks/benchmarks/safenlp_2024/vnnlib/ruarobot/hyperrectangle_4921.vnnlib,.006039688,sat,.634877541
safenlp_2024,/home/elipregerson/nnenum/vnncomp2025_benchmarks/benchmarks/safenlp_2024/onnx/medical/perturbations_0.onnx,/home/elipregerson/nnenum/vnncomp2025_benchmarks/benchmarks/safenlp_2024/vnnlib/medical/hyperrectangle_377.vnnlib,.006114166,unsat,.593020434
safenlp_2024,/home/elipregerson/nnenum/vnncomp2025_benchmarks/benchmarks/safenlp_2024/onnx/ruarobot/perturbations_0.onnx,/home/elipregerson/nnenum/vnncomp2025_benchmarks/benchmarks/safenlp_2024/vnnlib/ruarobot/hyperrectangle_3093.vnnlib,.006122128,sat,.625376987
safenlp_2024,/home/elipregerson/nnenum/vnncomp2025_benchmarks/benchmarks/safenlp_2024/onnx/ruarobot/perturbations_0.onnx,/home/elipregerson/nnenum/vnncomp2025_benchmarks/benchmarks/safenlp_2024/vnnlib/ruarobot/hyperrectangle_3130.vnnlib,.006066480,timeout,20.550736361
safenlp_2024,/home/elipregerson/nnenum/vnncomp2025_benchmarks/benchmarks/safenlp_2024/onnx/ruarobot/perturbations_0.onnx,/home/elipregerson/nnenum/vnncomp2025_benchmarks/benchmarks/safenlp_2024/vnnlib/ruarobot/hyperrectangle_41.vnnlib,.006110951,sat,.631208036
safenlp_2024,/home/elipregerson/nnenum/vnncomp2025_benchmarks/benchmarks/safenlp_2024/onnx/medical/perturbations_0.onnx,/home/elipregerson/nnenum/vnncomp2025_benchmarks/benchmarks/safenlp_2024/vnnlib/medical/hyperrectangle_1322.vnnlib,.006439727,unsat,.587691255
safenlp_2024,/home/elipregerson/nnenum/vnncomp2025_benchmarks/benchmarks/safenlp_2024/onnx/ruarobot/perturbations_0.onnx,/home/elipregerson/nnenum/vnncomp2025_benchmarks/benchmarks/safenlp_2024/vnnlib/ruarobot/hyperrectangle_4795.vnnlib,.005999507,timeout,20.550696176
safenlp_2024,/home/elipregerson/nnenum/vnncomp2025_benchmarks/benchmarks/safenlp_2024/onnx/ruarobot/perturbations_0.onnx,/home/elipregerson/nnenum/vnncomp2025_benchmarks/benchmarks/safenlp_2024/vnnlib/ruarobot/hyperrectangle_4785.vnnlib,.006029266,unsat,1.583588659
safenlp_2024,/home/elipregerson/nnenum/vnncomp2025_benchmarks/benchmarks/safenlp_2024/onnx/ruarobot/perturbations_0.onnx,/home/elipregerson/nnenum/vnncomp2025_benchmarks/benchmarks/safenlp_2024/vnnlib/ruarobot/hyperrectangle_80.vnnlib,.006392396,sat,.638741896
safenlp_2024,/home/elipregerson/nnenum/vnncomp2025_benchmarks/benchmarks/safenlp_2024/onnx/medical/perturbations_0.onnx,/home/elipregerson/nnenum/vnncomp2025_benchmarks/benchmarks/safenlp_2024/vnnlib/medical/hyperrectangle_745.vnnlib,.006030743,unsat,.593982005
safenlp_2024,/home/elipregerson/nnenum/vnncomp2025_benchmarks/benchmarks/safenlp_2024/onnx/ruarobot/perturbations_0.onnx,/home/elipregerson/nnenum/vnncomp2025_benchmarks/benchmarks/safenlp_2024/vnnlib/ruarobot/hyperrectangle_5112.vnnlib,.006190615,unsat,.649130125
safenlp_2024,/home/elipregerson/nnenum/vnncomp2025_benchmarks/benchmarks/safenlp_2024/onnx/medical/perturbations_0.onnx,/home/elipregerson/nnenum/vnncomp2025_benchmarks/benchmarks/safenlp_2024/vnnlib/medical/hyperrectangle_2439.vnnlib,.006482580,timeout,20.544272345
safenlp_2024,/home/elipregerson/nnenum/vnncomp2025_benchmarks/benchmarks/safenlp_2024/onnx/medical/perturbations_0.onnx,/home/elipregerson/nnenum/vnncomp2025_benchmarks/benchmarks/safenlp_2024/vnnlib/medical/hyperrectangle_1131.vnnlib,.006009005,unsat,.590533361
safenlp_2024,/home/elipregerson/nnenum/vnncomp2025_benchmarks/benchmarks/safenlp_2024/onnx/ruarobot/perturbations_0.onnx,/home/elipregerson/nnenum/vnncomp2025_benchmarks/benchmarks/safenlp_2024/vnnlib/ruarobot/hyperrectangle_7587.vnnlib,.006338965,sat,.640740129
safenlp_2024,/home/elipregerson/nnenum/vnncomp2025_benchmarks/benchmarks/safenlp_2024/onnx/medical/perturbations_0.onnx,/home/elipregerson/nnenum/vnncomp2025_benchmarks/benchmarks/safenlp_2024/vnnlib/medical/hyperrectangle_1672.vnnlib,.006108733,unsat,.688003049
safenlp_2024,/home/elipregerson/nnenum/vnncomp2025_benchmarks/benchmarks/safenlp_2024/onnx/ruarobot/perturbations_0.onnx,/home/elipregerson/nnenum/vnncomp2025_benchmarks/benchmarks/safenlp_2024/vnnlib/ruarobot/hyperrectangle_3055.vnnlib,.005954766,sat,.631753832
safenlp_2024,/home/elipregerson/nnenum/vnncomp2025_benchmarks/benchmarks/safenlp_2024/onnx/ruarobot/perturbations_0.onnx,/home/elipregerson/nnenum/vnncomp2025_benchmarks/benchmarks/safenlp_2024/vnnlib/ruarobot/hyperrectangle_1098.vnnlib,.006041833,sat,.643176069
safenlp_2024,/home/elipregerson/nnenum/vnncomp2025_benchmarks/benchmarks/safenlp_2024/onnx/ruarobot/perturbations_0.onnx,/home/elipregerson/nnenum/vnncomp2025_benchmarks/benchmarks/safenlp_2024/vnnlib/ruarobot/hyperrectangle_3862.vnnlib,.006233374,timeout,20.559299859
safenlp_2024,/home/elipregerson/nnenum/vnncomp2025_benchmarks/benchmarks/safenlp_2024/onnx/ruarobot/perturbations_0.onnx,/home/elipregerson/nnenum/vnncomp2025_benchmarks/benchmarks/safenlp_2024/vnnlib/ruarobot/hyperrectangle_4937.vnnlib,.005960937,sat,.642864252
safenlp_2024,/home/elipregerson/nnenum/vnncomp2025_benchmarks/benchmarks/safenlp_2024/onnx/ruarobot/perturbations_0.onnx,/home/elipregerson/nnenum/vnncomp2025_benchmarks/benchmarks/safenlp_2024/vnnlib/ruarobot/hyperrectangle_3084.vnnlib,.006708203,sat,.641624746
safenlp_2024,/home/elipregerson/nnenum/vnncomp2025_benchmarks/benchmarks/safenlp_2024/onnx/medical/perturbations_0.onnx,/home/elipregerson/nnenum/vnncomp2025_benchmarks/benchmarks/safenlp_2024/vnnlib/medical/hyperrectangle_1919.vnnlib,.006041738,unsat,.589541470
safenlp_2024,/home/elipregerson/nnenum/vnncomp2025_benchmarks/benchmarks/safenlp_2024/onnx/ruarobot/perturbations_0.onnx,/home/elipregerson/nnenum/vnncomp2025_benchmarks/benchmarks/safenlp_2024/vnnlib/ruarobot/hyperrectangle_1955.vnnlib,.006073589,sat,.636520193
safenlp_2024,/home/elipregerson/nnenum/vnncomp2025_benchmarks/benchmarks/safenlp_2024/onnx/ruarobot/perturbations_0.onnx,/home/elipregerson/nnenum/vnncomp2025_benchmarks/benchmarks/safenlp_2024/vnnlib/ruarobot/hyperrectangle_2030.vnnlib,.006029998,sat,.641139117
safenlp_2024,/home/elipregerson/nnenum/vnncomp2025_benchmarks/benchmarks/safenlp_2024/onnx/ruarobot/perturbations_0.onnx,/home/elipregerson/nnenum/vnncomp2025_benchmarks/benchmarks/safenlp_2024/vnnlib/ruarobot/hyperrectangle_5946.vnnlib,.006470807,unsat,.594581769
safenlp_2024,/home/elipregerson/nnenum/vnncomp2025_benchmarks/benchmarks/safenlp_2024/onnx/ruarobot/perturbations_0.onnx,/home/elipregerson/nnenum/vnncomp2025_benchmarks/benchmarks/safenlp_2024/vnnlib/ruarobot/hyperrectangle_5028.vnnlib,.006128610,sat,.629319124
safenlp_2024,/home/elipregerson/nnenum/vnncomp2025_benchmarks/benchmarks/safenlp_2024/onnx/ruarobot/perturbations_0.onnx,/home/elipregerson/nnenum/vnncomp2025_benchmarks/benchmarks/safenlp_2024/vnnlib/ruarobot/hyperrectangle_1458.vnnlib,.006328086,sat,.633268858
safenlp_2024,/home/elipregerson/nnenum/vnncomp2025_benchmarks/benchmarks/safenlp_2024/onnx/medical/perturbations_0.onnx,/home/elipregerson/nnenum/vnncomp2025_benchmarks/benchmarks/safenlp_2024/vnnlib/medical/hyperrectangle_2526.vnnlib,.006348280,unsat,1.637571573
safenlp_2024,/home/elipregerson/nnenum/vnncomp2025_benchmarks/benchmarks/safenlp_2024/onnx/ruarobot/perturbations_0.onnx,/home/elipregerson/nnenum/vnncomp2025_benchmarks/benchmarks/safenlp_2024/vnnlib/ruarobot/hyperrectangle_2024.vnnlib,.006150599,sat,.632337305
safenlp_2024,/home/elipregerson/nnenum/vnncomp2025_benchmarks/benchmarks/safenlp_2024/onnx/medical/perturbations_0.onnx,/home/elipregerson/nnenum/vnncomp2025_benchmarks/benchmarks/safenlp_2024/vnnlib/medical/hyperrectangle_1316.vnnlib,.006307651,unsat,.596575987
safenlp_2024,/home/elipregerson/nnenum/vnncomp2025_benchmarks/benchmarks/safenlp_2024/onnx/medical/perturbations_0.onnx,/home/elipregerson/nnenum/vnncomp2025_benchmarks/benchmarks/safenlp_2024/vnnlib/medical/hyperrectangle_2259.vnnlib,.006159487,unsat,.587285768
safenlp_2024,/home/elipregerson/nnenum/vnncomp2025_benchmarks/benchmarks/safenlp_2024/onnx/ruarobot/perturbations_0.onnx,/home/elipregerson/nnenum/vnncomp2025_benchmarks/benchmarks/safenlp_2024/vnnlib/ruarobot/hyperrectangle_11.vnnlib,.006104575,unsat,7.211946651
safenlp_2024,/home/elipregerson/nnenum/vnncomp2025_benchmarks/benchmarks/safenlp_2024/onnx/medical/perturbations_0.onnx,/home/elipregerson/nnenum/vnncomp2025_benchmarks/benchmarks/safenlp_2024/vnnlib/medical/hyperrectangle_1692.vnnlib,.006352995,unsat,.596882377
safenlp_2024,/home/elipregerson/nnenum/vnncomp2025_benchmarks/benchmarks/safenlp_2024/onnx/medical/perturbations_0.onnx,/home/elipregerson/nnenum/vnncomp2025_benchmarks/benchmarks/safenlp_2024/vnnlib/medical/hyperrectangle_1348.vnnlib,.006197134,unsat,.591520064
safenlp_2024,/home/elipregerson/nnenum/vnncomp2025_benchmarks/benchmarks/safenlp_2024/onnx/ruarobot/perturbations_0.onnx,/home/elipregerson/nnenum/vnncomp2025_benchmarks/benchmarks/safenlp_2024/vnnlib/ruarobot/hyperrectangle_192.vnnlib,.006309766,sat,.690871868
safenlp_2024,/home/elipregerson/nnenum/vnncomp2025_benchmarks/benchmarks/safenlp_2024/onnx/medical/perturbations_0.onnx,/home/elipregerson/nnenum/vnncomp2025_benchmarks/benchmarks/safenlp_2024/vnnlib/medical/hyperrectangle_291.vnnlib,.006131987,unsat,.753832430
safenlp_2024,/home/elipregerson/nnenum/vnncomp2025_benchmarks/benchmarks/safenlp_2024/onnx/ruarobot/perturbations_0.onnx,/home/elipregerson/nnenum/vnncomp2025_benchmarks/benchmarks/safenlp_2024/vnnlib/ruarobot/hyperrectangle_3203.vnnlib,.006117561,unsat,20.235355964
safenlp_2024,/home/elipregerson/nnenum/vnncomp2025_benchmarks/benchmarks/safenlp_2024/onnx/ruarobot/perturbations_0.onnx,/home/elipregerson/nnenum/vnncomp2025_benchmarks/benchmarks/safenlp_2024/vnnlib/ruarobot/hyperrectangle_2953.vnnlib,.006114985,sat,.632919924
safenlp_2024,/home/elipregerson/nnenum/vnncomp2025_benchmarks/benchmarks/safenlp_2024/onnx/medical/perturbations_0.onnx,/home/elipregerson/nnenum/vnncomp2025_benchmarks/benchmarks/safenlp_2024/vnnlib/medical/hyperrectangle_263.vnnlib,.006324854,unsat,.594626505
safenlp_2024,/home/elipregerson/nnenum/vnncomp2025_benchmarks/benchmarks/safenlp_2024/onnx/ruarobot/perturbations_0.onnx,/home/elipregerson/nnenum/vnncomp2025_benchmarks/benchmarks/safenlp_2024/vnnlib/ruarobot/hyperrectangle_4525.vnnlib,.006372005,sat,.629573206
safenlp_2024,/home/elipregerson/nnenum/vnncomp2025_benchmarks/benchmarks/safenlp_2024/onnx/ruarobot/perturbations_0.onnx,/home/elipregerson/nnenum/vnncomp2025_benchmarks/benchmarks/safenlp_2024/vnnlib/ruarobot/hyperrectangle_3328.vnnlib,.006665008,sat,.634075488
safenlp_2024,/home/elipregerson/nnenum/vnncomp2025_benchmarks/benchmarks/safenlp_2024/onnx/medical/perturbations_0.onnx,/home/elipregerson/nnenum/vnncomp2025_benchmarks/benchmarks/safenlp_2024/vnnlib/medical/hyperrectangle_687.vnnlib,.006302943,unsat,4.293913621
safenlp_2024,/home/elipregerson/nnenum/vnncomp2025_benchmarks/benchmarks/safenlp_2024/onnx/medical/perturbations_0.onnx,/home/elipregerson/nnenum/vnncomp2025_benchmarks/benchmarks/safenlp_2024/vnnlib/medical/hyperrectangle_883.vnnlib,.006090981,unsat,.604323279
safenlp_2024,/home/elipregerson/nnenum/vnncomp2025_benchmarks/benchmarks/safenlp_2024/onnx/ruarobot/perturbations_0.onnx,/home/elipregerson/nnenum/vnncomp2025_benchmarks/benchmarks/safenlp_2024/vnnlib/ruarobot/hyperrectangle_499.vnnlib,.006139351,sat,.633166250
safenlp_2024,/home/elipregerson/nnenum/vnncomp2025_benchmarks/benchmarks/safenlp_2024/onnx/medical/perturbations_0.onnx,/home/elipregerson/nnenum/vnncomp2025_benchmarks/benchmarks/safenlp_2024/vnnlib/medical/hyperrectangle_10.vnnlib,.006003327,unsat,.594153874
safenlp_2024,/home/elipregerson/nnenum/vnncomp2025_benchmarks/benchmarks/safenlp_2024/onnx/ruarobot/perturbations_0.onnx,/home/elipregerson/nnenum/vnncomp2025_benchmarks/benchmarks/safenlp_2024/vnnlib/ruarobot/hyperrectangle_1234.vnnlib,.006049901,sat,.628712979
safenlp_2024,/home/elipregerson/nnenum/vnncomp2025_benchmarks/benchmarks/safenlp_2024/onnx/medical/perturbations_0.onnx,/home/elipregerson/nnenum/vnncomp2025_benchmarks/benchmarks/safenlp_2024/vnnlib/medical/hyperrectangle_2807.vnnlib,.006209404,timeout,20.553364422
safenlp_2024,/home/elipregerson/nnenum/vnncomp2025_benchmarks/benchmarks/safenlp_2024/onnx/medical/perturbations_0.onnx,/home/elipregerson/nnenum/vnncomp2025_benchmarks/benchmarks/safenlp_2024/vnnlib/medical/hyperrectangle_2533.vnnlib,.006142180,unsat,.588730262
safenlp_2024,/home/elipregerson/nnenum/vnncomp2025_benchmarks/benchmarks/safenlp_2024/onnx/ruarobot/perturbations_0.onnx,/home/elipregerson/nnenum/vnncomp2025_benchmarks/benchmarks/safenlp_2024/vnnlib/ruarobot/hyperrectangle_7420.vnnlib,.006254795,sat,.688137090
safenlp_2024,/home/elipregerson/nnenum/vnncomp2025_benchmarks/benchmarks/safenlp_2024/onnx/ruarobot/perturbations_0.onnx,/home/elipregerson/nnenum/vnncomp2025_benchmarks/benchmarks/safenlp_2024/vnnlib/ruarobot/hyperrectangle_588.vnnlib,.006118224,sat,.642606280
safenlp_2024,/home/elipregerson/nnenum/vnncomp2025_benchmarks/benchmarks/safenlp_2024/onnx/medical/perturbations_0.onnx,/home/elipregerson/nnenum/vnncomp2025_benchmarks/benchmarks/safenlp_2024/vnnlib/medical/hyperrectangle_865.vnnlib,.006083434,unsat,.588873873
safenlp_2024,/home/elipregerson/nnenum/vnncomp2025_benchmarks/benchmarks/safenlp_2024/onnx/ruarobot/perturbations_0.onnx,/home/elipregerson/nnenum/vnncomp2025_benchmarks/benchmarks/safenlp_2024/vnnlib/ruarobot/hyperrectangle_6973.vnnlib,.006163826,sat,.637181453
safenlp_2024,/home/elipregerson/nnenum/vnncomp2025_benchmarks/benchmarks/safenlp_2024/onnx/ruarobot/perturbations_0.onnx,/home/elipregerson/nnenum/vnncomp2025_benchmarks/benchmarks/safenlp_2024/vnnlib/ruarobot/hyperrectangle_4484.vnnlib,.006509482,unsat,.704306430
safenlp_2024,/home/elipregerson/nnenum/vnncomp2025_benchmarks/benchmarks/safenlp_2024/onnx/ruarobot/perturbations_0.onnx,/home/elipregerson/nnenum/vnncomp2025_benchmarks/benchmarks/safenlp_2024/vnnlib/ruarobot/hyperrectangle_7924.vnnlib,.006148951,sat,.637423336
safenlp_2024,/home/elipregerson/nnenum/vnncomp2025_benchmarks/benchmarks/safenlp_2024/onnx/medical/perturbations_0.onnx,/home/elipregerson/nnenum/vnncomp2025_benchmarks/benchmarks/safenlp_2024/vnnlib/medical/hyperrectangle_1487.vnnlib,.005972988,timeout,20.548908325
safenlp_2024,/home/elipregerson/nnenum/vnncomp2025_benchmarks/benchmarks/safenlp_2024/onnx/medical/perturbations_0.onnx,/home/elipregerson/nnenum/vnncomp2025_benchmarks/benchmarks/safenlp_2024/vnnlib/medical/hyperrectangle_637.vnnlib,.006068812,sat,.644733315
safenlp_2024,/home/elipregerson/nnenum/vnncomp2025_benchmarks/benchmarks/safenlp_2024/onnx/ruarobot/perturbations_0.onnx,/home/elipregerson/nnenum/vnncomp2025_benchmarks/benchmarks/safenlp_2024/vnnlib/ruarobot/hyperrectangle_428.vnnlib,.006066616,sat,.637492527
safenlp_2024,/home/elipregerson/nnenum/vnncomp2025_benchmarks/benchmarks/safenlp_2024/onnx/ruarobot/perturbations_0.onnx,/home/elipregerson/nnenum/vnncomp2025_benchmarks/benchmarks/safenlp_2024/vnnlib/ruarobot/hyperrectangle_6358.vnnlib,.006090055,sat,.635254627
safenlp_2024,/home/elipregerson/nnenum/vnncomp2025_benchmarks/benchmarks/safenlp_2024/onnx/ruarobot/perturbations_0.onnx,/home/elipregerson/nnenum/vnncomp2025_benchmarks/benchmarks/safenlp_2024/vnnlib/ruarobot/hyperrectangle_7834.vnnlib,.006223536,sat,.637056087
safenlp_2024,/home/elipregerson/nnenum/vnncomp2025_benchmarks/benchmarks/safenlp_2024/onnx/ruarobot/perturbations_0.onnx,/home/elipregerson/nnenum/vnncomp2025_benchmarks/benchmarks/safenlp_2024/vnnlib/ruarobot/hyperrectangle_149.vnnlib,.006309290,sat,.629807671
safenlp_2024,/home/elipregerson/nnenum/vnncomp2025_benchmarks/benchmarks/safenlp_2024/onnx/ruarobot/perturbations_0.onnx,/home/elipregerson/nnenum/vnncomp2025_benchmarks/benchmarks/safenlp_2024/vnnlib/ruarobot/hyperrectangle_1537.vnnlib,.006069801,unsat,.898522438
safenlp_2024,/home/elipregerson/nnenum/vnncomp2025_benchmarks/benchmarks/safenlp_2024/onnx/medical/perturbations_0.onnx,/home/elipregerson/nnenum/vnncomp2025_benchmarks/benchmarks/safenlp_2024/vnnlib/medical/hyperrectangle_2234.vnnlib,.006127336,unsat,.596066916
safenlp_2024,/home/elipregerson/nnenum/vnncomp2025_benchmarks/benchmarks/safenlp_2024/onnx/ruarobot/perturbations_0.onnx,/home/elipregerson/nnenum/vnncomp2025_benchmarks/benchmarks/safenlp_2024/vnnlib/ruarobot/hyperrectangle_2589.vnnlib,.005930374,sat,.636957900
safenlp_2024,/home/elipregerson/nnenum/vnncomp2025_benchmarks/benchmarks/safenlp_2024/onnx/ruarobot/perturbations_0.onnx,/home/elipregerson/nnenum/vnncomp2025_benchmarks/benchmarks/safenlp_2024/vnnlib/ruarobot/hyperrectangle_3775.vnnlib,.006466148,sat,.640413761
safenlp_2024,/home/elipregerson/nnenum/vnncomp2025_benchmarks/benchmarks/safenlp_2024/onnx/ruarobot/perturbations_0.onnx,/home/elipregerson/nnenum/vnncomp2025_benchmarks/benchmarks/safenlp_2024/vnnlib/ruarobot/hyperrectangle_7740.vnnlib,.006024644,unsat,.584085499
safenlp_2024,/home/elipregerson/nnenum/vnncomp2025_benchmarks/benchmarks/safenlp_2024/onnx/ruarobot/perturbations_0.onnx,/home/elipregerson/nnenum/vnncomp2025_benchmarks/benchmarks/safenlp_2024/vnnlib/ruarobot/hyperrectangle_7312.vnnlib,.006243497,sat,.636493892
safenlp_2024,/home/elipregerson/nnenum/vnncomp2025_benchmarks/benchmarks/safenlp_2024/onnx/ruarobot/perturbations_0.onnx,/home/elipregerson/nnenum/vnncomp2025_benchmarks/benchmarks/safenlp_2024/vnnlib/ruarobot/hyperrectangle_3410.vnnlib,.005954748,sat,.634942564
safenlp_2024,/home/elipregerson/nnenum/vnncomp2025_benchmarks/benchmarks/safenlp_2024/onnx/ruarobot/perturbations_0.onnx,/home/elipregerson/nnenum/vnncomp2025_benchmarks/benchmarks/safenlp_2024/vnnlib/ruarobot/hyperrectangle_4120.vnnlib,.006075922,sat,.635529218
safenlp_2024,/home/elipregerson/nnenum/vnncomp2025_benchmarks/benchmarks/safenlp_2024/onnx/ruarobot/perturbations_0.onnx,/home/elipregerson/nnenum/vnncomp2025_benchmarks/benchmarks/safenlp_2024/vnnlib/ruarobot/hyperrectangle_1252.vnnlib,.006022539,sat,.636925467
safenlp_2024,/home/elipregerson/nnenum/vnncomp2025_benchmarks/benchmarks/safenlp_2024/onnx/ruarobot/perturbations_0.onnx,/home/elipregerson/nnenum/vnncomp2025_benchmarks/benchmarks/safenlp_2024/vnnlib/ruarobot/hyperrectangle_3065.vnnlib,.006101313,unsat,2.626118109
safenlp_2024,/home/elipregerson/nnenum/vnncomp2025_benchmarks/benchmarks/safenlp_2024/onnx/ruarobot/perturbations_0.onnx,/home/elipregerson/nnenum/vnncomp2025_benchmarks/benchmarks/safenlp_2024/vnnlib/ruarobot/hyperrectangle_5968.vnnlib,.006496281,sat,.648178204
safenlp_2024,/home/elipregerson/nnenum/vnncomp2025_benchmarks/benchmarks/safenlp_2024/onnx/ruarobot/perturbations_0.onnx,/home/elipregerson/nnenum/vnncomp2025_benchmarks/benchmarks/safenlp_2024/vnnlib/ruarobot/hyperrectangle_1622.vnnlib,.006066193,sat,.641547341
safenlp_2024,/home/elipregerson/nnenum/vnncomp2025_benchmarks/benchmarks/safenlp_2024/onnx/medical/perturbations_0.onnx,/home/elipregerson/nnenum/vnncomp2025_benchmarks/benchmarks/safenlp_2024/vnnlib/medical/hyperrectangle_1433.vnnlib,.006275327,unsat,.595853813
safenlp_2024,/home/elipregerson/nnenum/vnncomp2025_benchmarks/benchmarks/safenlp_2024/onnx/ruarobot/perturbations_0.onnx,/home/elipregerson/nnenum/vnncomp2025_benchmarks/benchmarks/safenlp_2024/vnnlib/ruarobot/hyperrectangle_4118.vnnlib,.006207180,sat,.624465229
safenlp_2024,/home/elipregerson/nnenum/vnncomp2025_benchmarks/benchmarks/safenlp_2024/onnx/medical/perturbations_0.onnx,/home/elipregerson/nnenum/vnncomp2025_benchmarks/benchmarks/safenlp_2024/vnnlib/medical/hyperrectangle_2638.vnnlib,.006284021,unsat,.707428566
safenlp_2024,/home/elipregerson/nnenum/vnncomp2025_benchmarks/benchmarks/safenlp_2024/onnx/ruarobot/perturbations_0.onnx,/home/elipregerson/nnenum/vnncomp2025_benchmarks/benchmarks/safenlp_2024/vnnlib/ruarobot/hyperrectangle_195.vnnlib,.006412217,sat,.741625092
safenlp_2024,/home/elipregerson/nnenum/vnncomp2025_benchmarks/benchmarks/safenlp_2024/onnx/ruarobot/perturbations_0.onnx,/home/elipregerson/nnenum/vnncomp2025_benchmarks/benchmarks/safenlp_2024/vnnlib/ruarobot/hyperrectangle_2849.vnnlib,.005852166,sat,.623969318
safenlp_2024,/home/elipregerson/nnenum/vnncomp2025_benchmarks/benchmarks/safenlp_2024/onnx/ruarobot/perturbations_0.onnx,/home/elipregerson/nnenum/vnncomp2025_benchmarks/benchmarks/safenlp_2024/vnnlib/ruarobot/hyperrectangle_2256.vnnlib,.006025227,sat,.628984914
safenlp_2024,/home/elipregerson/nnenum/vnncomp2025_benchmarks/benchmarks/safenlp_2024/onnx/ruarobot/perturbations_0.onnx,/home/elipregerson/nnenum/vnncomp2025_benchmarks/benchmarks/safenlp_2024/vnnlib/ruarobot/hyperrectangle_7270.vnnlib,.006225171,sat,.635080064
safenlp_2024,/home/elipregerson/nnenum/vnncomp2025_benchmarks/benchmarks/safenlp_2024/onnx/medical/perturbations_0.onnx,/home/elipregerson/nnenum/vnncomp2025_benchmarks/benchmarks/safenlp_2024/vnnlib/medical/hyperrectangle_1114.vnnlib,.006610240,sat,.616604331
safenlp_2024,/home/elipregerson/nnenum/vnncomp2025_benchmarks/benchmarks/safenlp_2024/onnx/medical/perturbations_0.onnx,/home/elipregerson/nnenum/vnncomp2025_benchmarks/benchmarks/safenlp_2024/vnnlib/medical/hyperrectangle_1458.vnnlib,.007420617,unsat,.587603369
safenlp_2024,/home/elipregerson/nnenum/vnncomp2025_benchmarks/benchmarks/safenlp_2024/onnx/ruarobot/perturbations_0.onnx,/home/elipregerson/nnenum/vnncomp2025_benchmarks/benchmarks/safenlp_2024/vnnlib/ruarobot/hyperrectangle_5991.vnnlib,.006013847,sat,.635028042
safenlp_2024,/home/elipregerson/nnenum/vnncomp2025_benchmarks/benchmarks/safenlp_2024/onnx/ruarobot/perturbations_0.onnx,/home/elipregerson/nnenum/vnncomp2025_benchmarks/benchmarks/safenlp_2024/vnnlib/ruarobot/hyperrectangle_5481.vnnlib,.006498030,sat,.635991917
safenlp_2024,/home/elipregerson/nnenum/vnncomp2025_benchmarks/benchmarks/safenlp_2024/onnx/medical/perturbations_0.onnx,/home/elipregerson/nnenum/vnncomp2025_benchmarks/benchmarks/safenlp_2024/vnnlib/medical/hyperrectangle_135.vnnlib,.006377689,unsat,.584974363
safenlp_2024,/home/elipregerson/nnenum/vnncomp2025_benchmarks/benchmarks/safenlp_2024/onnx/ruarobot/perturbations_0.onnx,/home/elipregerson/nnenum/vnncomp2025_benchmarks/benchmarks/safenlp_2024/vnnlib/ruarobot/hyperrectangle_7843.vnnlib,.006309989,sat,.636452058
safenlp_2024,/home/elipregerson/nnenum/vnncomp2025_benchmarks/benchmarks/safenlp_2024/onnx/medical/perturbations_0.onnx,/home/elipregerson/nnenum/vnncomp2025_benchmarks/benchmarks/safenlp_2024/vnnlib/medical/hyperrectangle_188.vnnlib,.006105776,unsat,.592067197
safenlp_2024,/home/elipregerson/nnenum/vnncomp2025_benchmarks/benchmarks/safenlp_2024/onnx/ruarobot/perturbations_0.onnx,/home/elipregerson/nnenum/vnncomp2025_benchmarks/benchmarks/safenlp_2024/vnnlib/ruarobot/hyperrectangle_1817.vnnlib,.006061702,sat,.637838260
safenlp_2024,/home/elipregerson/nnenum/vnncomp2025_benchmarks/benchmarks/safenlp_2024/onnx/ruarobot/perturbations_0.onnx,/home/elipregerson/nnenum/vnncomp2025_benchmarks/benchmarks/safenlp_2024/vnnlib/ruarobot/hyperrectangle_5757.vnnlib,.006354346,sat,.590877120
safenlp_2024,/home/elipregerson/nnenum/vnncomp2025_benchmarks/benchmarks/safenlp_2024/onnx/ruarobot/perturbations_0.onnx,/home/elipregerson/nnenum/vnncomp2025_benchmarks/benchmarks/safenlp_2024/vnnlib/ruarobot/hyperrectangle_3156.vnnlib,.006301197,unsat,2.210200108
safenlp_2024,/home/elipregerson/nnenum/vnncomp2025_benchmarks/benchmarks/safenlp_2024/onnx/ruarobot/perturbations_0.onnx,/home/elipregerson/nnenum/vnncomp2025_benchmarks/benchmarks/safenlp_2024/vnnlib/ruarobot/hyperrectangle_1844.vnnlib,.008852221,sat,.698875647
safenlp_2024,/home/elipregerson/nnenum/vnncomp2025_benchmarks/benchmarks/safenlp_2024/onnx/ruarobot/perturbations_0.onnx,/home/elipregerson/nnenum/vnncomp2025_benchmarks/benchmarks/safenlp_2024/vnnlib/ruarobot/hyperrectangle_6017.vnnlib,.006108788,timeout,20.548845793
safenlp_2024,/home/elipregerson/nnenum/vnncomp2025_benchmarks/benchmarks/safenlp_2024/onnx/ruarobot/perturbations_0.onnx,/home/elipregerson/nnenum/vnncomp2025_benchmarks/benchmarks/safenlp_2024/vnnlib/ruarobot/hyperrectangle_7354.vnnlib,.006195855,sat,.637434931
safenlp_2024,/home/elipregerson/nnenum/vnncomp2025_benchmarks/benchmarks/safenlp_2024/onnx/ruarobot/perturbations_0.onnx,/home/elipregerson/nnenum/vnncomp2025_benchmarks/benchmarks/safenlp_2024/vnnlib/ruarobot/hyperrectangle_4898.vnnlib,.006197526,timeout,20.580910367
safenlp_2024,/home/elipregerson/nnenum/vnncomp2025_benchmarks/benchmarks/safenlp_2024/onnx/medical/perturbations_0.onnx,/home/elipregerson/nnenum/vnncomp2025_benchmarks/benchmarks/safenlp_2024/vnnlib/medical/hyperrectangle_914.vnnlib,.012270458,unsat,.823425936
safenlp_2024,/home/elipregerson/nnenum/vnncomp2025_benchmarks/benchmarks/safenlp_2024/onnx/ruarobot/perturbations_0.onnx,/home/elipregerson/nnenum/vnncomp2025_benchmarks/benchmarks/safenlp_2024/vnnlib/ruarobot/hyperrectangle_5020.vnnlib,.009738992,sat,1.182271249
safenlp_2024,/home/elipregerson/nnenum/vnncomp2025_benchmarks/benchmarks/safenlp_2024/onnx/medical/perturbations_0.onnx,/home/elipregerson/nnenum/vnncomp2025_benchmarks/benchmarks/safenlp_2024/vnnlib/medical/hyperrectangle_2595.vnnlib,.013407103,unsat,.819450157
safenlp_2024,/home/elipregerson/nnenum/vnncomp2025_benchmarks/benchmarks/safenlp_2024/onnx/ruarobot/perturbations_0.onnx,/home/elipregerson/nnenum/vnncomp2025_benchmarks/benchmarks/safenlp_2024/vnnlib/ruarobot/hyperrectangle_3544.vnnlib,.011217345,unsat,.663014250
safenlp_2024,/home/elipregerson/nnenum/vnncomp2025_benchmarks/benchmarks/safenlp_2024/onnx/medical/perturbations_0.onnx,/home/elipregerson/nnenum/vnncomp2025_benchmarks/benchmarks/safenlp_2024/vnnlib/medical/hyperrectangle_831.vnnlib,.006024409,unsat,.594670512
safenlp_2024,/home/elipregerson/nnenum/vnncomp2025_benchmarks/benchmarks/safenlp_2024/onnx/ruarobot/perturbations_0.onnx,/home/elipregerson/nnenum/vnncomp2025_benchmarks/benchmarks/safenlp_2024/vnnlib/ruarobot/hyperrectangle_47.vnnlib,.006259888,unsat,.588648026
safenlp_2024,/home/elipregerson/nnenum/vnncomp2025_benchmarks/benchmarks/safenlp_2024/onnx/ruarobot/perturbations_0.onnx,/home/elipregerson/nnenum/vnncomp2025_benchmarks/benchmarks/safenlp_2024/vnnlib/ruarobot/hyperrectangle_6369.vnnlib,.006089087,sat,.636633121
safenlp_2024,/home/elipregerson/nnenum/vnncomp2025_benchmarks/benchmarks/safenlp_2024/onnx/medical/perturbations_0.onnx,/home/elipregerson/nnenum/vnncomp2025_benchmarks/benchmarks/safenlp_2024/vnnlib/medical/hyperrectangle_1092.vnnlib,.006095874,unsat,5.427255419
safenlp_2024,/home/elipregerson/nnenum/vnncomp2025_benchmarks/benchmarks/safenlp_2024/onnx/medical/perturbations_0.onnx,/home/elipregerson/nnenum/vnncomp2025_benchmarks/benchmarks/safenlp_2024/vnnlib/medical/hyperrectangle_1463.vnnlib,.006235699,unsat,.600516942
safenlp_2024,/home/elipregerson/nnenum/vnncomp2025_benchmarks/benchmarks/safenlp_2024/onnx/ruarobot/perturbations_0.onnx,/home/elipregerson/nnenum/vnncomp2025_benchmarks/benchmarks/safenlp_2024/vnnlib/ruarobot/hyperrectangle_7485.vnnlib,.006237930,sat,.643452151
safenlp_2024,/home/elipregerson/nnenum/vnncomp2025_benchmarks/benchmarks/safenlp_2024/onnx/ruarobot/perturbations_0.onnx,/home/elipregerson/nnenum/vnncomp2025_benchmarks/benchmarks/safenlp_2024/vnnlib/ruarobot/hyperrectangle_2625.vnnlib,.006194904,sat,.621170271
safenlp_2024,/home/elipregerson/nnenum/vnncomp2025_benchmarks/benchmarks/safenlp_2024/onnx/ruarobot/perturbations_0.onnx,/home/elipregerson/nnenum/vnncomp2025_benchmarks/benchmarks/safenlp_2024/vnnlib/ruarobot/hyperrectangle_2381.vnnlib,.006006850,sat,.634866351
safenlp_2024,/home/elipregerson/nnenum/vnncomp2025_benchmarks/benchmarks/safenlp_2024/onnx/ruarobot/perturbations_0.onnx,/home/elipregerson/nnenum/vnncomp2025_benchmarks/benchmarks/safenlp_2024/vnnlib/ruarobot/hyperrectangle_4338.vnnlib,.006799220,sat,.635446989
safenlp_2024,/home/elipregerson/nnenum/vnncomp2025_benchmarks/benchmarks/safenlp_2024/onnx/ruarobot/perturbations_0.onnx,/home/elipregerson/nnenum/vnncomp2025_benchmarks/benchmarks/safenlp_2024/vnnlib/ruarobot/hyperrectangle_44.vnnlib,.006172317,sat,.636992025
safenlp_2024,/home/elipregerson/nnenum/vnncomp2025_benchmarks/benchmarks/safenlp_2024/onnx/ruarobot/perturbations_0.onnx,/home/elipregerson/nnenum/vnncomp2025_benchmarks/benchmarks/safenlp_2024/vnnlib/ruarobot/hyperrectangle_1203.vnnlib,.006108933,timeout,20.541847509
safenlp_2024,/home/elipregerson/nnenum/vnncomp2025_benchmarks/benchmarks/safenlp_2024/onnx/ruarobot/perturbations_0.onnx,/home/elipregerson/nnenum/vnncomp2025_benchmarks/benchmarks/safenlp_2024/vnnlib/ruarobot/hyperrectangle_4700.vnnlib,.006336897,sat,.640891244
safenlp_2024,/home/elipregerson/nnenum/vnncomp2025_benchmarks/benchmarks/safenlp_2024/onnx/medical/perturbations_0.onnx,/home/elipregerson/nnenum/vnncomp2025_benchmarks/benchmarks/safenlp_2024/vnnlib/medical/hyperrectangle_413.vnnlib,.006066873,sat,.642187902
safenlp_2024,/home/elipregerson/nnenum/vnncomp2025_benchmarks/benchmarks/safenlp_2024/onnx/ruarobot/perturbations_0.onnx,/home/elipregerson/nnenum/vnncomp2025_benchmarks/benchmarks/safenlp_2024/vnnlib/ruarobot/hyperrectangle_1264.vnnlib,.006047113,sat,.635961274
safenlp_2024,/home/elipregerson/nnenum/vnncomp2025_benchmarks/benchmarks/safenlp_2024/onnx/ruarobot/perturbations_0.onnx,/home/elipregerson/nnenum/vnncomp2025_benchmarks/benchmarks/safenlp_2024/vnnlib/ruarobot/hyperrectangle_2879.vnnlib,.006051089,sat,.688923945
safenlp_2024,/home/elipregerson/nnenum/vnncomp2025_benchmarks/benchmarks/safenlp_2024/onnx/medical/perturbations_0.onnx,/home/elipregerson/nnenum/vnncomp2025_benchmarks/benchmarks/safenlp_2024/vnnlib/medical/hyperrectangle_683.vnnlib,.006322659,sat,.633690291
safenlp_2024,/home/elipregerson/nnenum/vnncomp2025_benchmarks/benchmarks/safenlp_2024/onnx/medical/perturbations_0.onnx,/home/elipregerson/nnenum/vnncomp2025_benchmarks/benchmarks/safenlp_2024/vnnlib/medical/hyperrectangle_1973.vnnlib,.006167474,unsat,.597622949
safenlp_2024,/home/elipregerson/nnenum/vnncomp2025_benchmarks/benchmarks/safenlp_2024/onnx/ruarobot/perturbations_0.onnx,/home/elipregerson/nnenum/vnncomp2025_benchmarks/benchmarks/safenlp_2024/vnnlib/ruarobot/hyperrectangle_3695.vnnlib,.006031539,sat,.632887770
safenlp_2024,/home/elipregerson/nnenum/vnncomp2025_benchmarks/benchmarks/safenlp_2024/onnx/ruarobot/perturbations_0.onnx,/home/elipregerson/nnenum/vnncomp2025_benchmarks/benchmarks/safenlp_2024/vnnlib/ruarobot/hyperrectangle_3460.vnnlib,.006157969,timeout,20.550924965
safenlp_2024,/home/elipregerson/nnenum/vnncomp2025_benchmarks/benchmarks/safenlp_2024/onnx/ruarobot/perturbations_0.onnx,/home/elipregerson/nnenum/vnncomp2025_benchmarks/benchmarks/safenlp_2024/vnnlib/ruarobot/hyperrectangle_704.vnnlib,.006102191,unsat,.952042165
safenlp_2024,/home/elipregerson/nnenum/vnncomp2025_benchmarks/benchmarks/safenlp_2024/onnx/ruarobot/perturbations_0.onnx,/home/elipregerson/nnenum/vnncomp2025_benchmarks/benchmarks/safenlp_2024/vnnlib/ruarobot/hyperrectangle_6116.vnnlib,.006037951,sat,.626300392
safenlp_2024,/home/elipregerson/nnenum/vnncomp2025_benchmarks/benchmarks/safenlp_2024/onnx/ruarobot/perturbations_0.onnx,/home/elipregerson/nnenum/vnncomp2025_benchmarks/benchmarks/safenlp_2024/vnnlib/ruarobot/hyperrectangle_4766.vnnlib,.005971502,unsat,7.520949426
safenlp_2024,/home/elipregerson/nnenum/vnncomp2025_benchmarks/benchmarks/safenlp_2024/onnx/ruarobot/perturbations_0.onnx,/home/elipregerson/nnenum/vnncomp2025_benchmarks/benchmarks/safenlp_2024/vnnlib/ruarobot/hyperrectangle_338.vnnlib,.008117046,sat,.870426843
safenlp_2024,/home/elipregerson/nnenum/vnncomp2025_benchmarks/benchmarks/safenlp_2024/onnx/ruarobot/perturbations_0.onnx,/home/elipregerson/nnenum/vnncomp2025_benchmarks/benchmarks/safenlp_2024/vnnlib/ruarobot/hyperrectangle_5634.vnnlib,.009850260,sat,.874549542
safenlp_2024,/home/elipregerson/nnenum/vnncomp2025_benchmarks/benchmarks/safenlp_2024/onnx/ruarobot/perturbations_0.onnx,/home/elipregerson/nnenum/vnncomp2025_benchmarks/benchmarks/safenlp_2024/vnnlib/ruarobot/hyperrectangle_5275.vnnlib,.011156023,timeout,20.744655947
safenlp_2024,/home/elipregerson/nnenum/vnncomp2025_benchmarks/benchmarks/safenlp_2024/onnx/medical/perturbations_0.onnx,/home/elipregerson/nnenum/vnncomp2025_benchmarks/benchmarks/safenlp_2024/vnnlib/medical/hyperrectangle_2465.vnnlib,.006152558,timeout,20.547649668
safenlp_2024,/home/elipregerson/nnenum/vnncomp2025_benchmarks/benchmarks/safenlp_2024/onnx/ruarobot/perturbations_0.onnx,/home/elipregerson/nnenum/vnncomp2025_benchmarks/benchmarks/safenlp_2024/vnnlib/ruarobot/hyperrectangle_5844.vnnlib,.006004334,sat,.639820437
safenlp_2024,/home/elipregerson/nnenum/vnncomp2025_benchmarks/benchmarks/safenlp_2024/onnx/ruarobot/perturbations_0.onnx,/home/elipregerson/nnenum/vnncomp2025_benchmarks/benchmarks/safenlp_2024/vnnlib/ruarobot/hyperrectangle_2467.vnnlib,.005940308,sat,.639295152
safenlp_2024,/home/elipregerson/nnenum/vnncomp2025_benchmarks/benchmarks/safenlp_2024/onnx/ruarobot/perturbations_0.onnx,/home/elipregerson/nnenum/vnncomp2025_benchmarks/benchmarks/safenlp_2024/vnnlib/ruarobot/hyperrectangle_1429.vnnlib,.006145496,sat,.633817892
safenlp_2024,/home/elipregerson/nnenum/vnncomp2025_benchmarks/benchmarks/safenlp_2024/onnx/ruarobot/perturbations_0.onnx,/home/elipregerson/nnenum/vnncomp2025_benchmarks/benchmarks/safenlp_2024/vnnlib/ruarobot/hyperrectangle_2224.vnnlib,.006011850,unsat,1.972047614
safenlp_2024,/home/elipregerson/nnenum/vnncomp2025_benchmarks/benchmarks/safenlp_2024/onnx/ruarobot/perturbations_0.onnx,/home/elipregerson/nnenum/vnncomp2025_benchmarks/benchmarks/safenlp_2024/vnnlib/ruarobot/hyperrectangle_3270.vnnlib,.006493000,timeout,20.553987061
safenlp_2024,/home/elipregerson/nnenum/vnncomp2025_benchmarks/benchmarks/safenlp_2024/onnx/ruarobot/perturbations_0.onnx,/home/elipregerson/nnenum/vnncomp2025_benchmarks/benchmarks/safenlp_2024/vnnlib/ruarobot/hyperrectangle_5975.vnnlib,.005995493,timeout,20.547058240
safenlp_2024,/home/elipregerson/nnenum/vnncomp2025_benchmarks/benchmarks/safenlp_2024/onnx/medical/perturbations_0.onnx,/home/elipregerson/nnenum/vnncomp2025_benchmarks/benchmarks/safenlp_2024/vnnlib/medical/hyperrectangle_1762.vnnlib,.006035555,unsat,.589576373
safenlp_2024,/home/elipregerson/nnenum/vnncomp2025_benchmarks/benchmarks/safenlp_2024/onnx/ruarobot/perturbations_0.onnx,/home/elipregerson/nnenum/vnncomp2025_benchmarks/benchmarks/safenlp_2024/vnnlib/ruarobot/hyperrectangle_3528.vnnlib,.006385432,unsat,.657151380
safenlp_2024,/home/elipregerson/nnenum/vnncomp2025_benchmarks/benchmarks/safenlp_2024/onnx/medical/perturbations_0.onnx,/home/elipregerson/nnenum/vnncomp2025_benchmarks/benchmarks/safenlp_2024/vnnlib/medical/hyperrectangle_1734.vnnlib,.006198487,unsat,.589996511
safenlp_2024,/home/elipregerson/nnenum/vnncomp2025_benchmarks/benchmarks/safenlp_2024/onnx/ruarobot/perturbations_0.onnx,/home/elipregerson/nnenum/vnncomp2025_benchmarks/benchmarks/safenlp_2024/vnnlib/ruarobot/hyperrectangle_2777.vnnlib,.006126228,sat,.597334668
safenlp_2024,/home/elipregerson/nnenum/vnncomp2025_benchmarks/benchmarks/safenlp_2024/onnx/ruarobot/perturbations_0.onnx,/home/elipregerson/nnenum/vnncomp2025_benchmarks/benchmarks/safenlp_2024/vnnlib/ruarobot/hyperrectangle_7275.vnnlib,.006273267,unsat,1.140221869
safenlp_2024,/home/elipregerson/nnenum/vnncomp2025_benchmarks/benchmarks/safenlp_2024/onnx/ruarobot/perturbations_0.onnx,/home/elipregerson/nnenum/vnncomp2025_benchmarks/benchmarks/safenlp_2024/vnnlib/ruarobot/hyperrectangle_5990.vnnlib,.006211120,unsat,2.728458363
safenlp_2024,/home/elipregerson/nnenum/vnncomp2025_benchmarks/benchmarks/safenlp_2024/onnx/medical/perturbations_0.onnx,/home/elipregerson/nnenum/vnncomp2025_benchmarks/benchmarks/safenlp_2024/vnnlib/medical/hyperrectangle_2193.vnnlib,.009393912,sat,.655481257
safenlp_2024,/home/elipregerson/nnenum/vnncomp2025_benchmarks/benchmarks/safenlp_2024/onnx/ruarobot/perturbations_0.onnx,/home/elipregerson/nnenum/vnncomp2025_benchmarks/benchmarks/safenlp_2024/vnnlib/ruarobot/hyperrectangle_3853.vnnlib,.006264511,timeout,20.558428694
safenlp_2024,/home/elipregerson/nnenum/vnncomp2025_benchmarks/benchmarks/safenlp_2024/onnx/ruarobot/perturbations_0.onnx,/home/elipregerson/nnenum/vnncomp2025_benchmarks/benchmarks/safenlp_2024/vnnlib/ruarobot/hyperrectangle_4815.vnnlib,.006088235,sat,.628394261
safenlp_2024,/home/elipregerson/nnenum/vnncomp2025_benchmarks/benchmarks/safenlp_2024/onnx/ruarobot/perturbations_0.onnx,/home/elipregerson/nnenum/vnncomp2025_benchmarks/benchmarks/safenlp_2024/vnnlib/ruarobot/hyperrectangle_1739.vnnlib,.006260375,sat,.642091118
safenlp_2024,/home/elipregerson/nnenum/vnncomp2025_benchmarks/benchmarks/safenlp_2024/onnx/ruarobot/perturbations_0.onnx,/home/elipregerson/nnenum/vnncomp2025_benchmarks/benchmarks/safenlp_2024/vnnlib/ruarobot/hyperrectangle_1801.vnnlib,.005966750,sat,.638333339
safenlp_2024,/home/elipregerson/nnenum/vnncomp2025_benchmarks/benchmarks/safenlp_2024/onnx/ruarobot/perturbations_0.onnx,/home/elipregerson/nnenum/vnncomp2025_benchmarks/benchmarks/safenlp_2024/vnnlib/ruarobot/hyperrectangle_3363.vnnlib,.006159203,sat,.674841498
safenlp_2024,/home/elipregerson/nnenum/vnncomp2025_benchmarks/benchmarks/safenlp_2024/onnx/medical/perturbations_0.onnx,/home/elipregerson/nnenum/vnncomp2025_benchmarks/benchmarks/safenlp_2024/vnnlib/medical/hyperrectangle_1377.vnnlib,.006133429,unsat,.589754425
safenlp_2024,/home/elipregerson/nnenum/vnncomp2025_benchmarks/benchmarks/safenlp_2024/onnx/medical/perturbations_0.onnx,/home/elipregerson/nnenum/vnncomp2025_benchmarks/benchmarks/safenlp_2024/vnnlib/medical/hyperrectangle_1382.vnnlib,.006408164,unsat,.655032283
safenlp_2024,/home/elipregerson/nnenum/vnncomp2025_benchmarks/benchmarks/safenlp_2024/onnx/medical/perturbations_0.onnx,/home/elipregerson/nnenum/vnncomp2025_benchmarks/benchmarks/safenlp_2024/vnnlib/medical/hyperrectangle_2113.vnnlib,.006187463,sat,.636782727
safenlp_2024,/home/elipregerson/nnenum/vnncomp2025_benchmarks/benchmarks/safenlp_2024/onnx/ruarobot/perturbations_0.onnx,/home/elipregerson/nnenum/vnncomp2025_benchmarks/benchmarks/safenlp_2024/vnnlib/ruarobot/hyperrectangle_2499.vnnlib,.006151153,timeout,20.560055994
safenlp_2024,/home/elipregerson/nnenum/vnncomp2025_benchmarks/benchmarks/safenlp_2024/onnx/medical/perturbations_0.onnx,/home/elipregerson/nnenum/vnncomp2025_benchmarks/benchmarks/safenlp_2024/vnnlib/medical/hyperrectangle_2315.vnnlib,.006193406,timeout,20.554471369
safenlp_2024,/home/elipregerson/nnenum/vnncomp2025_benchmarks/benchmarks/safenlp_2024/onnx/ruarobot/perturbations_0.onnx,/home/elipregerson/nnenum/vnncomp2025_benchmarks/benchmarks/safenlp_2024/vnnlib/ruarobot/hyperrectangle_1386.vnnlib,.007841089,timeout,20.551345495
safenlp_2024,/home/elipregerson/nnenum/vnncomp2025_benchmarks/benchmarks/safenlp_2024/onnx/ruarobot/perturbations_0.onnx,/home/elipregerson/nnenum/vnncomp2025_benchmarks/benchmarks/safenlp_2024/vnnlib/ruarobot/hyperrectangle_4847.vnnlib,.006060451,unsat,2.491179084
safenlp_2024,/home/elipregerson/nnenum/vnncomp2025_benchmarks/benchmarks/safenlp_2024/onnx/medical/perturbations_0.onnx,/home/elipregerson/nnenum/vnncomp2025_benchmarks/benchmarks/safenlp_2024/vnnlib/medical/hyperrectangle_846.vnnlib,.006036437,sat,.651292854
safenlp_2024,/home/elipregerson/nnenum/vnncomp2025_benchmarks/benchmarks/safenlp_2024/onnx/ruarobot/perturbations_0.onnx,/home/elipregerson/nnenum/vnncomp2025_benchmarks/benchmarks/safenlp_2024/vnnlib/ruarobot/hyperrectangle_6841.vnnlib,.006212473,timeout,20.566222864
safenlp_2024,/home/elipregerson/nnenum/vnncomp2025_benchmarks/benchmarks/safenlp_2024/onnx/ruarobot/perturbations_0.onnx,/home/elipregerson/nnenum/vnncomp2025_benchmarks/benchmarks/safenlp_2024/vnnlib/ruarobot/hyperrectangle_1498.vnnlib,.006119239,timeout,20.559567418
safenlp_2024,/home/elipregerson/nnenum/vnncomp2025_benchmarks/benchmarks/safenlp_2024/onnx/medical/perturbations_0.onnx,/home/elipregerson/nnenum/vnncomp2025_benchmarks/benchmarks/safenlp_2024/vnnlib/medical/hyperrectangle_337.vnnlib,.006237445,sat,.599117252
safenlp_2024,/home/elipregerson/nnenum/vnncomp2025_benchmarks/benchmarks/safenlp_2024/onnx/ruarobot/perturbations_0.onnx,/home/elipregerson/nnenum/vnncomp2025_benchmarks/benchmarks/safenlp_2024/vnnlib/ruarobot/hyperrectangle_2433.vnnlib,.006175186,sat,.639060996
safenlp_2024,/home/elipregerson/nnenum/vnncomp2025_benchmarks/benchmarks/safenlp_2024/onnx/medical/perturbations_0.onnx,/home/elipregerson/nnenum/vnncomp2025_benchmarks/benchmarks/safenlp_2024/vnnlib/medical/hyperrectangle_2726.vnnlib,.006124652,unsat,9.635303933
safenlp_2024,/home/elipregerson/nnenum/vnncomp2025_benchmarks/benchmarks/safenlp_2024/onnx/ruarobot/perturbations_0.onnx,/home/elipregerson/nnenum/vnncomp2025_benchmarks/benchmarks/safenlp_2024/vnnlib/ruarobot/hyperrectangle_5110.vnnlib,.012871688,timeout,20.766537136
safenlp_2024,/home/elipregerson/nnenum/vnncomp2025_benchmarks/benchmarks/safenlp_2024/onnx/medical/perturbations_0.onnx,/home/elipregerson/nnenum/vnncomp2025_benchmarks/benchmarks/safenlp_2024/vnnlib/medical/hyperrectangle_703.vnnlib,.011330848,unsat,.822743893
safenlp_2024,/home/elipregerson/nnenum/vnncomp2025_benchmarks/benchmarks/safenlp_2024/onnx/ruarobot/perturbations_0.onnx,/home/elipregerson/nnenum/vnncomp2025_benchmarks/benchmarks/safenlp_2024/vnnlib/ruarobot/hyperrectangle_6100.vnnlib,.008846813,unsat,4.040302472
safenlp_2024,/home/elipregerson/nnenum/vnncomp2025_benchmarks/benchmarks/safenlp_2024/onnx/ruarobot/perturbations_0.onnx,/home/elipregerson/nnenum/vnncomp2025_benchmarks/benchmarks/safenlp_2024/vnnlib/ruarobot/hyperrectangle_5221.vnnlib,.006135315,sat,.631266785
safenlp_2024,/home/elipregerson/nnenum/vnncomp2025_benchmarks/benchmarks/safenlp_2024/onnx/medical/perturbations_0.onnx,/home/elipregerson/nnenum/vnncomp2025_benchmarks/benchmarks/safenlp_2024/vnnlib/medical/hyperrectangle_2612.vnnlib,.006062782,unsat,.914161784
safenlp_2024,/home/elipregerson/nnenum/vnncomp2025_benchmarks/benchmarks/safenlp_2024/onnx/ruarobot/perturbations_0.onnx,/home/elipregerson/nnenum/vnncomp2025_benchmarks/benchmarks/safenlp_2024/vnnlib/ruarobot/hyperrectangle_2652.vnnlib,.006064640,sat,.640342021
safenlp_2024,/home/elipregerson/nnenum/vnncomp2025_benchmarks/benchmarks/safenlp_2024/onnx/medical/perturbations_0.onnx,/home/elipregerson/nnenum/vnncomp2025_benchmarks/benchmarks/safenlp_2024/vnnlib/medical/hyperrectangle_328.vnnlib,.006059979,timeout,20.557587174
safenlp_2024,/home/elipregerson/nnenum/vnncomp2025_benchmarks/benchmarks/safenlp_2024/onnx/ruarobot/perturbations_0.onnx,/home/elipregerson/nnenum/vnncomp2025_benchmarks/benchmarks/safenlp_2024/vnnlib/ruarobot/hyperrectangle_7655.vnnlib,.006064460,sat,.632688678
safenlp_2024,/home/elipregerson/nnenum/vnncomp2025_benchmarks/benchmarks/safenlp_2024/onnx/ruarobot/perturbations_0.onnx,/home/elipregerson/nnenum/vnncomp2025_benchmarks/benchmarks/safenlp_2024/vnnlib/ruarobot/hyperrectangle_1432.vnnlib,.006160475,sat,.644047145
safenlp_2024,/home/elipregerson/nnenum/vnncomp2025_benchmarks/benchmarks/safenlp_2024/onnx/ruarobot/perturbations_0.onnx,/home/elipregerson/nnenum/vnncomp2025_benchmarks/benchmarks/safenlp_2024/vnnlib/ruarobot/hyperrectangle_1338.vnnlib,.006025155,sat,.640099922
safenlp_2024,/home/elipregerson/nnenum/vnncomp2025_benchmarks/benchmarks/safenlp_2024/onnx/ruarobot/perturbations_0.onnx,/home/elipregerson/nnenum/vnncomp2025_benchmarks/benchmarks/safenlp_2024/vnnlib/ruarobot/hyperrectangle_56.vnnlib,.006335365,sat,.748887225
safenlp_2024,/home/elipregerson/nnenum/vnncomp2025_benchmarks/benchmarks/safenlp_2024/onnx/ruarobot/perturbations_0.onnx,/home/elipregerson/nnenum/vnncomp2025_benchmarks/benchmarks/safenlp_2024/vnnlib/ruarobot/hyperrectangle_3792.vnnlib,.006148121,sat,.637841035
safenlp_2024,/home/elipregerson/nnenum/vnncomp2025_benchmarks/benchmarks/safenlp_2024/onnx/ruarobot/perturbations_0.onnx,/home/elipregerson/nnenum/vnncomp2025_benchmarks/benchmarks/safenlp_2024/vnnlib/ruarobot/hyperrectangle_6778.vnnlib,.006871139,sat,.636077694
safenlp_2024,/home/elipregerson/nnenum/vnncomp2025_benchmarks/benchmarks/safenlp_2024/onnx/medical/perturbations_0.onnx,/home/elipregerson/nnenum/vnncomp2025_benchmarks/benchmarks/safenlp_2024/vnnlib/medical/hyperrectangle_691.vnnlib,.006760082,unsat,.597598656
safenlp_2024,/home/elipregerson/nnenum/vnncomp2025_benchmarks/benchmarks/safenlp_2024/onnx/ruarobot/perturbations_0.onnx,/home/elipregerson/nnenum/vnncomp2025_benchmarks/benchmarks/safenlp_2024/vnnlib/ruarobot/hyperrectangle_7279.vnnlib,.006369246,sat,.685217201
safenlp_2024,/home/elipregerson/nnenum/vnncomp2025_benchmarks/benchmarks/safenlp_2024/onnx/medical/perturbations_0.onnx,/home/elipregerson/nnenum/vnncomp2025_benchmarks/benchmarks/safenlp_2024/vnnlib/medical/hyperrectangle_359.vnnlib,.006121284,unsat,.592093924
safenlp_2024,/home/elipregerson/nnenum/vnncomp2025_benchmarks/benchmarks/safenlp_2024/onnx/medical/perturbations_0.onnx,/home/elipregerson/nnenum/vnncomp2025_benchmarks/benchmarks/safenlp_2024/vnnlib/medical/hyperrectangle_207.vnnlib,.006413544,unsat,1.030463526
safenlp_2024,/home/elipregerson/nnenum/vnncomp2025_benchmarks/benchmarks/safenlp_2024/onnx/ruarobot/perturbations_0.onnx,/home/elipregerson/nnenum/vnncomp2025_benchmarks/benchmarks/safenlp_2024/vnnlib/ruarobot/hyperrectangle_1745.vnnlib,.006019598,unsat,.597866274
safenlp_2024,/home/elipregerson/nnenum/vnncomp2025_benchmarks/benchmarks/safenlp_2024/onnx/medical/perturbations_0.onnx,/home/elipregerson/nnenum/vnncomp2025_benchmarks/benchmarks/safenlp_2024/vnnlib/medical/hyperrectangle_2565.vnnlib,.006218991,unsat,.589833868
safenlp_2024,/home/elipregerson/nnenum/vnncomp2025_benchmarks/benchmarks/safenlp_2024/onnx/ruarobot/perturbations_0.onnx,/home/elipregerson/nnenum/vnncomp2025_benchmarks/benchmarks/safenlp_2024/vnnlib/ruarobot/hyperrectangle_2650.vnnlib,.006243989,sat,.624009183
safenlp_2024,/home/elipregerson/nnenum/vnncomp2025_benchmarks/benchmarks/safenlp_2024/onnx/ruarobot/perturbations_0.onnx,/home/elipregerson/nnenum/vnncomp2025_benchmarks/benchmarks/safenlp_2024/vnnlib/ruarobot/hyperrectangle_2894.vnnlib,.006379669,unsat,1.423214183
safenlp_2024,/home/elipregerson/nnenum/vnncomp2025_benchmarks/benchmarks/safenlp_2024/onnx/ruarobot/perturbations_0.onnx,/home/elipregerson/nnenum/vnncomp2025_benchmarks/benchmarks/safenlp_2024/vnnlib/ruarobot/hyperrectangle_3171.vnnlib,.006120666,timeout,20.560130661
safenlp_2024,/home/elipregerson/nnenum/vnncomp2025_benchmarks/benchmarks/safenlp_2024/onnx/medical/perturbations_0.onnx,/home/elipregerson/nnenum/vnncomp2025_benchmarks/benchmarks/safenlp_2024/vnnlib/medical/hyperrectangle_2408.vnnlib,.006188205,unsat,3.650710775
safenlp_2024,/home/elipregerson/nnenum/vnncomp2025_benchmarks/benchmarks/safenlp_2024/onnx/ruarobot/perturbations_0.onnx,/home/elipregerson/nnenum/vnncomp2025_benchmarks/benchmarks/safenlp_2024/vnnlib/ruarobot/hyperrectangle_391.vnnlib,.006010540,unsat,1.481486959
safenlp_2024,/home/elipregerson/nnenum/vnncomp2025_benchmarks/benchmarks/safenlp_2024/onnx/ruarobot/perturbations_0.onnx,/home/elipregerson/nnenum/vnncomp2025_benchmarks/benchmarks/safenlp_2024/vnnlib/ruarobot/hyperrectangle_698.vnnlib,.006305112,sat,.636264447
safenlp_2024,/home/elipregerson/nnenum/vnncomp2025_benchmarks/benchmarks/safenlp_2024/onnx/ruarobot/perturbations_0.onnx,/home/elipregerson/nnenum/vnncomp2025_benchmarks/benchmarks/safenlp_2024/vnnlib/ruarobot/hyperrectangle_3235.vnnlib,.006127154,sat,.632282293
safenlp_2024,/home/elipregerson/nnenum/vnncomp2025_benchmarks/benchmarks/safenlp_2024/onnx/ruarobot/perturbations_0.onnx,/home/elipregerson/nnenum/vnncomp2025_benchmarks/benchmarks/safenlp_2024/vnnlib/ruarobot/hyperrectangle_6747.vnnlib,.006093359,sat,.632688791
safenlp_2024,/home/elipregerson/nnenum/vnncomp2025_benchmarks/benchmarks/safenlp_2024/onnx/ruarobot/perturbations_0.onnx,/home/elipregerson/nnenum/vnncomp2025_benchmarks/benchmarks/safenlp_2024/vnnlib/ruarobot/hyperrectangle_5146.vnnlib,.006637872,sat,.642709336
safenlp_2024,/home/elipregerson/nnenum/vnncomp2025_benchmarks/benchmarks/safenlp_2024/onnx/ruarobot/perturbations_0.onnx,/home/elipregerson/nnenum/vnncomp2025_benchmarks/benchmarks/safenlp_2024/vnnlib/ruarobot/hyperrectangle_5774.vnnlib,.006108668,sat,.637064534
safenlp_2024,/home/elipregerson/nnenum/vnncomp2025_benchmarks/benchmarks/safenlp_2024/onnx/ruarobot/perturbations_0.onnx,/home/elipregerson/nnenum/vnncomp2025_benchmarks/benchmarks/safenlp_2024/vnnlib/ruarobot/hyperrectangle_6218.vnnlib,.006218935,sat,.640147941
safenlp_2024,/home/elipregerson/nnenum/vnncomp2025_benchmarks/benchmarks/safenlp_2024/onnx/ruarobot/perturbations_0.onnx,/home/elipregerson/nnenum/vnncomp2025_benchmarks/benchmarks/safenlp_2024/vnnlib/ruarobot/hyperrectangle_1881.vnnlib,.006203084,unsat,.594529395
safenlp_2024,/home/elipregerson/nnenum/vnncomp2025_benchmarks/benchmarks/safenlp_2024/onnx/ruarobot/perturbations_0.onnx,/home/elipregerson/nnenum/vnncomp2025_benchmarks/benchmarks/safenlp_2024/vnnlib/ruarobot/hyperrectangle_5814.vnnlib,.006343417,sat,.635953323
safenlp_2024,/home/elipregerson/nnenum/vnncomp2025_benchmarks/benchmarks/safenlp_2024/onnx/ruarobot/perturbations_0.onnx,/home/elipregerson/nnenum/vnncomp2025_benchmarks/benchmarks/safenlp_2024/vnnlib/ruarobot/hyperrectangle_617.vnnlib,.005987258,timeout,20.551498909
safenlp_2024,/home/elipregerson/nnenum/vnncomp2025_benchmarks/benchmarks/safenlp_2024/onnx/ruarobot/perturbations_0.onnx,/home/elipregerson/nnenum/vnncomp2025_benchmarks/benchmarks/safenlp_2024/vnnlib/ruarobot/hyperrectangle_5720.vnnlib,.006146042,sat,.638580143
safenlp_2024,/home/elipregerson/nnenum/vnncomp2025_benchmarks/benchmarks/safenlp_2024/onnx/ruarobot/perturbations_0.onnx,/home/elipregerson/nnenum/vnncomp2025_benchmarks/benchmarks/safenlp_2024/vnnlib/ruarobot/hyperrectangle_5548.vnnlib,.006058100,sat,.638835084
safenlp_2024,/home/elipregerson/nnenum/vnncomp2025_benchmarks/benchmarks/safenlp_2024/onnx/medical/perturbations_0.onnx,/home/elipregerson/nnenum/vnncomp2025_benchmarks/benchmarks/safenlp_2024/vnnlib/medical/hyperrectangle_871.vnnlib,.006067397,unsat,.586197849
safenlp_2024,/home/elipregerson/nnenum/vnncomp2025_benchmarks/benchmarks/safenlp_2024/onnx/ruarobot/perturbations_0.onnx,/home/elipregerson/nnenum/vnncomp2025_benchmarks/benchmarks/safenlp_2024/vnnlib/ruarobot/hyperrectangle_5195.vnnlib,.006396123,sat,.634907083
safenlp_2024,/home/elipregerson/nnenum/vnncomp2025_benchmarks/benchmarks/safenlp_2024/onnx/ruarobot/perturbations_0.onnx,/home/elipregerson/nnenum/vnncomp2025_benchmarks/benchmarks/safenlp_2024/vnnlib/ruarobot/hyperrectangle_1195.vnnlib,.006329129,sat,.704104220
safenlp_2024,/home/elipregerson/nnenum/vnncomp2025_benchmarks/benchmarks/safenlp_2024/onnx/medical/perturbations_0.onnx,/home/elipregerson/nnenum/vnncomp2025_benchmarks/benchmarks/safenlp_2024/vnnlib/medical/hyperrectangle_946.vnnlib,.006146772,unsat,.589693151
safenlp_2024,/home/elipregerson/nnenum/vnncomp2025_benchmarks/benchmarks/safenlp_2024/onnx/ruarobot/perturbations_0.onnx,/home/elipregerson/nnenum/vnncomp2025_benchmarks/benchmarks/safenlp_2024/vnnlib/ruarobot/hyperrectangle_3902.vnnlib,.006066006,timeout,20.546858146
safenlp_2024,/home/elipregerson/nnenum/vnncomp2025_benchmarks/benchmarks/safenlp_2024/onnx/ruarobot/perturbations_0.onnx,/home/elipregerson/nnenum/vnncomp2025_benchmarks/benchmarks/safenlp_2024/vnnlib/ruarobot/hyperrectangle_2912.vnnlib,.005926306,unsat,4.062468406
safenlp_2024,/home/elipregerson/nnenum/vnncomp2025_benchmarks/benchmarks/safenlp_2024/onnx/medical/perturbations_0.onnx,/home/elipregerson/nnenum/vnncomp2025_benchmarks/benchmarks/safenlp_2024/vnnlib/medical/hyperrectangle_30.vnnlib,.006399216,unsat,.597521254
safenlp_2024,/home/elipregerson/nnenum/vnncomp2025_benchmarks/benchmarks/safenlp_2024/onnx/ruarobot/perturbations_0.onnx,/home/elipregerson/nnenum/vnncomp2025_benchmarks/benchmarks/safenlp_2024/vnnlib/ruarobot/hyperrectangle_4054.vnnlib,.006158598,unsat,1.320393486
safenlp_2024,/home/elipregerson/nnenum/vnncomp2025_benchmarks/benchmarks/safenlp_2024/onnx/ruarobot/perturbations_0.onnx,/home/elipregerson/nnenum/vnncomp2025_benchmarks/benchmarks/safenlp_2024/vnnlib/ruarobot/hyperrectangle_3464.vnnlib,.006353409,unsat,.959619360
safenlp_2024,/home/elipregerson/nnenum/vnncomp2025_benchmarks/benchmarks/safenlp_2024/onnx/medical/perturbations_0.onnx,/home/elipregerson/nnenum/vnncomp2025_benchmarks/benchmarks/safenlp_2024/vnnlib/medical/hyperrectangle_2184.vnnlib,.006216750,unsat,2.187538752
safenlp_2024,/home/elipregerson/nnenum/vnncomp2025_benchmarks/benchmarks/safenlp_2024/onnx/ruarobot/perturbations_0.onnx,/home/elipregerson/nnenum/vnncomp2025_benchmarks/benchmarks/safenlp_2024/vnnlib/ruarobot/hyperrectangle_6064.vnnlib,.006280919,sat,.650951684
safenlp_2024,/home/elipregerson/nnenum/vnncomp2025_benchmarks/benchmarks/safenlp_2024/onnx/ruarobot/perturbations_0.onnx,/home/elipregerson/nnenum/vnncomp2025_benchmarks/benchmarks/safenlp_2024/vnnlib/ruarobot/hyperrectangle_6363.vnnlib,.006240440,unsat,.596765932
safenlp_2024,/home/elipregerson/nnenum/vnncomp2025_benchmarks/benchmarks/safenlp_2024/onnx/ruarobot/perturbations_0.onnx,/home/elipregerson/nnenum/vnncomp2025_benchmarks/benchmarks/safenlp_2024/vnnlib/ruarobot/hyperrectangle_3926.vnnlib,.006078153,unsat,2.632736631
safenlp_2024,/home/elipregerson/nnenum/vnncomp2025_benchmarks/benchmarks/safenlp_2024/onnx/ruarobot/perturbations_0.onnx,/home/elipregerson/nnenum/vnncomp2025_benchmarks/benchmarks/safenlp_2024/vnnlib/ruarobot/hyperrectangle_2105.vnnlib,.006165871,sat,.750857868
safenlp_2024,/home/elipregerson/nnenum/vnncomp2025_benchmarks/benchmarks/safenlp_2024/onnx/ruarobot/perturbations_0.onnx,/home/elipregerson/nnenum/vnncomp2025_benchmarks/benchmarks/safenlp_2024/vnnlib/ruarobot/hyperrectangle_6988.vnnlib,.006063732,sat,.632877971
safenlp_2024,/home/elipregerson/nnenum/vnncomp2025_benchmarks/benchmarks/safenlp_2024/onnx/medical/perturbations_0.onnx,/home/elipregerson/nnenum/vnncomp2025_benchmarks/benchmarks/safenlp_2024/vnnlib/medical/hyperrectangle_1840.vnnlib,.006229254,unsat,.590849254
safenlp_2024,/home/elipregerson/nnenum/vnncomp2025_benchmarks/benchmarks/safenlp_2024/onnx/ruarobot/perturbations_0.onnx,/home/elipregerson/nnenum/vnncomp2025_benchmarks/benchmarks/safenlp_2024/vnnlib/ruarobot/hyperrectangle_6234.vnnlib,.006298367,sat,.634984442
safenlp_2024,/home/elipregerson/nnenum/vnncomp2025_benchmarks/benchmarks/safenlp_2024/onnx/ruarobot/perturbations_0.onnx,/home/elipregerson/nnenum/vnncomp2025_benchmarks/benchmarks/safenlp_2024/vnnlib/ruarobot/hyperrectangle_1658.vnnlib,.006344254,sat,.636912459
safenlp_2024,/home/elipregerson/nnenum/vnncomp2025_benchmarks/benchmarks/safenlp_2024/onnx/ruarobot/perturbations_0.onnx,/home/elipregerson/nnenum/vnncomp2025_benchmarks/benchmarks/safenlp_2024/vnnlib/ruarobot/hyperrectangle_7077.vnnlib,.006017090,sat,.635102711
safenlp_2024,/home/elipregerson/nnenum/vnncomp2025_benchmarks/benchmarks/safenlp_2024/onnx/ruarobot/perturbations_0.onnx,/home/elipregerson/nnenum/vnncomp2025_benchmarks/benchmarks/safenlp_2024/vnnlib/ruarobot/hyperrectangle_5014.vnnlib,.006315197,unsat,.808563980
safenlp_2024,/home/elipregerson/nnenum/vnncomp2025_benchmarks/benchmarks/safenlp_2024/onnx/medical/perturbations_0.onnx,/home/elipregerson/nnenum/vnncomp2025_benchmarks/benchmarks/safenlp_2024/vnnlib/medical/hyperrectangle_1988.vnnlib,.006187367,timeout,20.553898929
safenlp_2024,/home/elipregerson/nnenum/vnncomp2025_benchmarks/benchmarks/safenlp_2024/onnx/medical/perturbations_0.onnx,/home/elipregerson/nnenum/vnncomp2025_benchmarks/benchmarks/safenlp_2024/vnnlib/medical/hyperrectangle_1643.vnnlib,.006052534,unsat,.586066068
safenlp_2024,/home/elipregerson/nnenum/vnncomp2025_benchmarks/benchmarks/safenlp_2024/onnx/ruarobot/perturbations_0.onnx,/home/elipregerson/nnenum/vnncomp2025_benchmarks/benchmarks/safenlp_2024/vnnlib/ruarobot/hyperrectangle_3625.vnnlib,.006124998,timeout,20.563081390
safenlp_2024,/home/elipregerson/nnenum/vnncomp2025_benchmarks/benchmarks/safenlp_2024/onnx/ruarobot/perturbations_0.onnx,/home/elipregerson/nnenum/vnncomp2025_benchmarks/benchmarks/safenlp_2024/vnnlib/ruarobot/hyperrectangle_3009.vnnlib,.005904496,unsat,2.832844430
safenlp_2024,/home/elipregerson/nnenum/vnncomp2025_benchmarks/benchmarks/safenlp_2024/onnx/ruarobot/perturbations_0.onnx,/home/elipregerson/nnenum/vnncomp2025_benchmarks/benchmarks/safenlp_2024/vnnlib/ruarobot/hyperrectangle_1150.vnnlib,.006433773,sat,.640975292
safenlp_2024,/home/elipregerson/nnenum/vnncomp2025_benchmarks/benchmarks/safenlp_2024/onnx/ruarobot/perturbations_0.onnx,/home/elipregerson/nnenum/vnncomp2025_benchmarks/benchmarks/safenlp_2024/vnnlib/ruarobot/hyperrectangle_7745.vnnlib,.006705027,sat,.640433865
safenlp_2024,/home/elipregerson/nnenum/vnncomp2025_benchmarks/benchmarks/safenlp_2024/onnx/medical/perturbations_0.onnx,/home/elipregerson/nnenum/vnncomp2025_benchmarks/benchmarks/safenlp_2024/vnnlib/medical/hyperrectangle_1583.vnnlib,.006418999,unsat,.595655147
safenlp_2024,/home/elipregerson/nnenum/vnncomp2025_benchmarks/benchmarks/safenlp_2024/onnx/ruarobot/perturbations_0.onnx,/home/elipregerson/nnenum/vnncomp2025_benchmarks/benchmarks/safenlp_2024/vnnlib/ruarobot/hyperrectangle_5143.vnnlib,.006025730,sat,.644306269
safenlp_2024,/home/elipregerson/nnenum/vnncomp2025_benchmarks/benchmarks/safenlp_2024/onnx/ruarobot/perturbations_0.onnx,/home/elipregerson/nnenum/vnncomp2025_benchmarks/benchmarks/safenlp_2024/vnnlib/ruarobot/hyperrectangle_2101.vnnlib,.006218326,timeout,20.547268438
safenlp_2024,/home/elipregerson/nnenum/vnncomp2025_benchmarks/benchmarks/safenlp_2024/onnx/ruarobot/perturbations_0.onnx,/home/elipregerson/nnenum/vnncomp2025_benchmarks/benchmarks/safenlp_2024/vnnlib/ruarobot/hyperrectangle_1833.vnnlib,.006068632,sat,.645186393
safenlp_2024,/home/elipregerson/nnenum/vnncomp2025_benchmarks/benchmarks/safenlp_2024/onnx/medical/perturbations_0.onnx,/home/elipregerson/nnenum/vnncomp2025_benchmarks/benchmarks/safenlp_2024/vnnlib/medical/hyperrectangle_2310.vnnlib,.006290473,unsat,.589745158
safenlp_2024,/home/elipregerson/nnenum/vnncomp2025_benchmarks/benchmarks/safenlp_2024/onnx/ruarobot/perturbations_0.onnx,/home/elipregerson/nnenum/vnncomp2025_benchmarks/benchmarks/safenlp_2024/vnnlib/ruarobot/hyperrectangle_307.vnnlib,.006197212,sat,.640500837
safenlp_2024,/home/elipregerson/nnenum/vnncomp2025_benchmarks/benchmarks/safenlp_2024/onnx/ruarobot/perturbations_0.onnx,/home/elipregerson/nnenum/vnncomp2025_benchmarks/benchmarks/safenlp_2024/vnnlib/ruarobot/hyperrectangle_1382.vnnlib,.006181621,sat,.632996256
safenlp_2024,/home/elipregerson/nnenum/vnncomp2025_benchmarks/benchmarks/safenlp_2024/onnx/medical/perturbations_0.onnx,/home/elipregerson/nnenum/vnncomp2025_benchmarks/benchmarks/safenlp_2024/vnnlib/medical/hyperrectangle_996.vnnlib,.006237400,unsat,.913376801
safenlp_2024,/home/elipregerson/nnenum/vnncomp2025_benchmarks/benchmarks/safenlp_2024/onnx/ruarobot/perturbations_0.onnx,/home/elipregerson/nnenum/vnncomp2025_benchmarks/benchmarks/safenlp_2024/vnnlib/ruarobot/hyperrectangle_3551.vnnlib,.005981416,unsat,.642162915
safenlp_2024,/home/elipregerson/nnenum/vnncomp2025_benchmarks/benchmarks/safenlp_2024/onnx/ruarobot/perturbations_0.onnx,/home/elipregerson/nnenum/vnncomp2025_benchmarks/benchmarks/safenlp_2024/vnnlib/ruarobot/hyperrectangle_3499.vnnlib,.006099161,sat,.706049860
safenlp_2024,/home/elipregerson/nnenum/vnncomp2025_benchmarks/benchmarks/safenlp_2024/onnx/ruarobot/perturbations_0.onnx,/home/elipregerson/nnenum/vnncomp2025_benchmarks/benchmarks/safenlp_2024/vnnlib/ruarobot/hyperrectangle_6795.vnnlib,.005989001,sat,.649327914
safenlp_2024,/home/elipregerson/nnenum/vnncomp2025_benchmarks/benchmarks/safenlp_2024/onnx/ruarobot/perturbations_0.onnx,/home/elipregerson/nnenum/vnncomp2025_benchmarks/benchmarks/safenlp_2024/vnnlib/ruarobot/hyperrectangle_6990.vnnlib,.006533262,timeout,20.552358488
safenlp_2024,/home/elipregerson/nnenum/vnncomp2025_benchmarks/benchmarks/safenlp_2024/onnx/ruarobot/perturbations_0.onnx,/home/elipregerson/nnenum/vnncomp2025_benchmarks/benchmarks/safenlp_2024/vnnlib/ruarobot/hyperrectangle_32.vnnlib,.006105270,unsat,.738420885
safenlp_2024,/home/elipregerson/nnenum/vnncomp2025_benchmarks/benchmarks/safenlp_2024/onnx/medical/perturbations_0.onnx,/home/elipregerson/nnenum/vnncomp2025_benchmarks/benchmarks/safenlp_2024/vnnlib/medical/hyperrectangle_987.vnnlib,.006020796,unsat,.596347873
safenlp_2024,/home/elipregerson/nnenum/vnncomp2025_benchmarks/benchmarks/safenlp_2024/onnx/medical/perturbations_0.onnx,/home/elipregerson/nnenum/vnncomp2025_benchmarks/benchmarks/safenlp_2024/vnnlib/medical/hyperrectangle_572.vnnlib,.006048337,unsat,.584646824
safenlp_2024,/home/elipregerson/nnenum/vnncomp2025_benchmarks/benchmarks/safenlp_2024/onnx/medical/perturbations_0.onnx,/home/elipregerson/nnenum/vnncomp2025_benchmarks/benchmarks/safenlp_2024/vnnlib/medical/hyperrectangle_2661.vnnlib,.006207017,sat,.632451447
safenlp_2024,/home/elipregerson/nnenum/vnncomp2025_benchmarks/benchmarks/safenlp_2024/onnx/ruarobot/perturbations_0.onnx,/home/elipregerson/nnenum/vnncomp2025_benchmarks/benchmarks/safenlp_2024/vnnlib/ruarobot/hyperrectangle_2041.vnnlib,.006097070,timeout,20.551304722
safenlp_2024,/home/elipregerson/nnenum/vnncomp2025_benchmarks/benchmarks/safenlp_2024/onnx/ruarobot/perturbations_0.onnx,/home/elipregerson/nnenum/vnncomp2025_benchmarks/benchmarks/safenlp_2024/vnnlib/ruarobot/hyperrectangle_2964.vnnlib,.006038345,unsat,.651332831
safenlp_2024,/home/elipregerson/nnenum/vnncomp2025_benchmarks/benchmarks/safenlp_2024/onnx/ruarobot/perturbations_0.onnx,/home/elipregerson/nnenum/vnncomp2025_benchmarks/benchmarks/safenlp_2024/vnnlib/ruarobot/hyperrectangle_1603.vnnlib,.006165638,sat,.641969175
safenlp_2024,/home/elipregerson/nnenum/vnncomp2025_benchmarks/benchmarks/safenlp_2024/onnx/ruarobot/perturbations_0.onnx,/home/elipregerson/nnenum/vnncomp2025_benchmarks/benchmarks/safenlp_2024/vnnlib/ruarobot/hyperrectangle_4801.vnnlib,.006115417,sat,.636935806
safenlp_2024,/home/elipregerson/nnenum/vnncomp2025_benchmarks/benchmarks/safenlp_2024/onnx/medical/perturbations_0.onnx,/home/elipregerson/nnenum/vnncomp2025_benchmarks/benchmarks/safenlp_2024/vnnlib/medical/hyperrectangle_271.vnnlib,.006030540,sat,.624908392
safenlp_2024,/home/elipregerson/nnenum/vnncomp2025_benchmarks/benchmarks/safenlp_2024/onnx/medical/perturbations_0.onnx,/home/elipregerson/nnenum/vnncomp2025_benchmarks/benchmarks/safenlp_2024/vnnlib/medical/hyperrectangle_843.vnnlib,.006166375,unsat,.587923284
safenlp_2024,/home/elipregerson/nnenum/vnncomp2025_benchmarks/benchmarks/safenlp_2024/onnx/ruarobot/perturbations_0.onnx,/home/elipregerson/nnenum/vnncomp2025_benchmarks/benchmarks/safenlp_2024/vnnlib/ruarobot/hyperrectangle_6080.vnnlib,.006225922,sat,.628634989
safenlp_2024,/home/elipregerson/nnenum/vnncomp2025_benchmarks/benchmarks/safenlp_2024/onnx/ruarobot/perturbations_0.onnx,/home/elipregerson/nnenum/vnncomp2025_benchmarks/benchmarks/safenlp_2024/vnnlib/ruarobot/hyperrectangle_5554.vnnlib,.006114110,sat,.633817160
safenlp_2024,/home/elipregerson/nnenum/vnncomp2025_benchmarks/benchmarks/safenlp_2024/onnx/ruarobot/perturbations_0.onnx,/home/elipregerson/nnenum/vnncomp2025_benchmarks/benchmarks/safenlp_2024/vnnlib/ruarobot/hyperrectangle_3362.vnnlib,.006144793,sat,.651067527
safenlp_2024,/home/elipregerson/nnenum/vnncomp2025_benchmarks/benchmarks/safenlp_2024/onnx/ruarobot/perturbations_0.onnx,/home/elipregerson/nnenum/vnncomp2025_benchmarks/benchmarks/safenlp_2024/vnnlib/ruarobot/hyperrectangle_7496.vnnlib,.006221659,unsat,.593954946
safenlp_2024,/home/elipregerson/nnenum/vnncomp2025_benchmarks/benchmarks/safenlp_2024/onnx/ruarobot/perturbations_0.onnx,/home/elipregerson/nnenum/vnncomp2025_benchmarks/benchmarks/safenlp_2024/vnnlib/ruarobot/hyperrectangle_4124.vnnlib,.006081363,sat,.629013745
safenlp_2024,/home/elipregerson/nnenum/vnncomp2025_benchmarks/benchmarks/safenlp_2024/onnx/ruarobot/perturbations_0.onnx,/home/elipregerson/nnenum/vnncomp2025_benchmarks/benchmarks/safenlp_2024/vnnlib/ruarobot/hyperrectangle_7037.vnnlib,.011456132,sat,.658966639
safenlp_2024,/home/elipregerson/nnenum/vnncomp2025_benchmarks/benchmarks/safenlp_2024/onnx/medical/perturbations_0.onnx,/home/elipregerson/nnenum/vnncomp2025_benchmarks/benchmarks/safenlp_2024/vnnlib/medical/hyperrectangle_189.vnnlib,.006044854,unsat,.585664793
safenlp_2024,/home/elipregerson/nnenum/vnncomp2025_benchmarks/benchmarks/safenlp_2024/onnx/ruarobot/perturbations_0.onnx,/home/elipregerson/nnenum/vnncomp2025_benchmarks/benchmarks/safenlp_2024/vnnlib/ruarobot/hyperrectangle_4115.vnnlib,.006211634,sat,.636079704
safenlp_2024,/home/elipregerson/nnenum/vnncomp2025_benchmarks/benchmarks/safenlp_2024/onnx/ruarobot/perturbations_0.onnx,/home/elipregerson/nnenum/vnncomp2025_benchmarks/benchmarks/safenlp_2024/vnnlib/ruarobot/hyperrectangle_7766.vnnlib,.005993467,sat,.638243507
safenlp_2024,/home/elipregerson/nnenum/vnncomp2025_benchmarks/benchmarks/safenlp_2024/onnx/medical/perturbations_0.onnx,/home/elipregerson/nnenum/vnncomp2025_benchmarks/benchmarks/safenlp_2024/vnnlib/medical/hyperrectangle_1833.vnnlib,.006302411,unsat,.593295574
safenlp_2024,/home/elipregerson/nnenum/vnncomp2025_benchmarks/benchmarks/safenlp_2024/onnx/medical/perturbations_0.onnx,/home/elipregerson/nnenum/vnncomp2025_benchmarks/benchmarks/safenlp_2024/vnnlib/medical/hyperrectangle_624.vnnlib,.006817146,unsat,.606022626
safenlp_2024,/home/elipregerson/nnenum/vnncomp2025_benchmarks/benchmarks/safenlp_2024/onnx/ruarobot/perturbations_0.onnx,/home/elipregerson/nnenum/vnncomp2025_benchmarks/benchmarks/safenlp_2024/vnnlib/ruarobot/hyperrectangle_769.vnnlib,.006137909,sat,.633663206
safenlp_2024,/home/elipregerson/nnenum/vnncomp2025_benchmarks/benchmarks/safenlp_2024/onnx/ruarobot/perturbations_0.onnx,/home/elipregerson/nnenum/vnncomp2025_benchmarks/benchmarks/safenlp_2024/vnnlib/ruarobot/hyperrectangle_1671.vnnlib,.006620366,sat,.640758871
safenlp_2024,/home/elipregerson/nnenum/vnncomp2025_benchmarks/benchmarks/safenlp_2024/onnx/ruarobot/perturbations_0.onnx,/home/elipregerson/nnenum/vnncomp2025_benchmarks/benchmarks/safenlp_2024/vnnlib/ruarobot/hyperrectangle_35.vnnlib,.006270372,sat,.642223240
safenlp_2024,/home/elipregerson/nnenum/vnncomp2025_benchmarks/benchmarks/safenlp_2024/onnx/medical/perturbations_0.onnx,/home/elipregerson/nnenum/vnncomp2025_benchmarks/benchmarks/safenlp_2024/vnnlib/medical/hyperrectangle_668.vnnlib,.006385430,unsat,.593864084
safenlp_2024,/home/elipregerson/nnenum/vnncomp2025_benchmarks/benchmarks/safenlp_2024/onnx/ruarobot/perturbations_0.onnx,/home/elipregerson/nnenum/vnncomp2025_benchmarks/benchmarks/safenlp_2024/vnnlib/ruarobot/hyperrectangle_4786.vnnlib,.006239618,sat,.635700958
safenlp_2024,/home/elipregerson/nnenum/vnncomp2025_benchmarks/benchmarks/safenlp_2024/onnx/ruarobot/perturbations_0.onnx,/home/elipregerson/nnenum/vnncomp2025_benchmarks/benchmarks/safenlp_2024/vnnlib/ruarobot/hyperrectangle_4279.vnnlib,.006579115,sat,.633526147
safenlp_2024,/home/elipregerson/nnenum/vnncomp2025_benchmarks/benchmarks/safenlp_2024/onnx/ruarobot/perturbations_0.onnx,/home/elipregerson/nnenum/vnncomp2025_benchmarks/benchmarks/safenlp_2024/vnnlib/ruarobot/hyperrectangle_7155.vnnlib,.006160225,sat,.636987398
safenlp_2024,/home/elipregerson/nnenum/vnncomp2025_benchmarks/benchmarks/safenlp_2024/onnx/medical/perturbations_0.onnx,/home/elipregerson/nnenum/vnncomp2025_benchmarks/benchmarks/safenlp_2024/vnnlib/medical/hyperrectangle_54.vnnlib,.006315572,unsat,.599307594
safenlp_2024,/home/elipregerson/nnenum/vnncomp2025_benchmarks/benchmarks/safenlp_2024/onnx/ruarobot/perturbations_0.onnx,/home/elipregerson/nnenum/vnncomp2025_benchmarks/benchmarks/safenlp_2024/vnnlib/ruarobot/hyperrectangle_5870.vnnlib,.006027798,sat,.842548309
safenlp_2024,/home/elipregerson/nnenum/vnncomp2025_benchmarks/benchmarks/safenlp_2024/onnx/medical/perturbations_0.onnx,/home/elipregerson/nnenum/vnncomp2025_benchmarks/benchmarks/safenlp_2024/vnnlib/medical/hyperrectangle_1639.vnnlib,.006181520,sat,.632583257
safenlp_2024,/home/elipregerson/nnenum/vnncomp2025_benchmarks/benchmarks/safenlp_2024/onnx/ruarobot/perturbations_0.onnx,/home/elipregerson/nnenum/vnncomp2025_benchmarks/benchmarks/safenlp_2024/vnnlib/ruarobot/hyperrectangle_6140.vnnlib,.006058751,sat,.634406091
safenlp_2024,/home/elipregerson/nnenum/vnncomp2025_benchmarks/benchmarks/safenlp_2024/onnx/medical/perturbations_0.onnx,/home/elipregerson/nnenum/vnncomp2025_benchmarks/benchmarks/safenlp_2024/vnnlib/medical/hyperrectangle_41.vnnlib,.006122564,timeout,20.552859096
safenlp_2024,/home/elipregerson/nnenum/vnncomp2025_benchmarks/benchmarks/safenlp_2024/onnx/ruarobot/perturbations_0.onnx,/home/elipregerson/nnenum/vnncomp2025_benchmarks/benchmarks/safenlp_2024/vnnlib/ruarobot/hyperrectangle_5998.vnnlib,.006241001,timeout,20.554692278
safenlp_2024,/home/elipregerson/nnenum/vnncomp2025_benchmarks/benchmarks/safenlp_2024/onnx/ruarobot/perturbations_0.onnx,/home/elipregerson/nnenum/vnncomp2025_benchmarks/benchmarks/safenlp_2024/vnnlib/ruarobot/hyperrectangle_3996.vnnlib,.006198244,sat,.640538767
safenlp_2024,/home/elipregerson/nnenum/vnncomp2025_benchmarks/benchmarks/safenlp_2024/onnx/ruarobot/perturbations_0.onnx,/home/elipregerson/nnenum/vnncomp2025_benchmarks/benchmarks/safenlp_2024/vnnlib/ruarobot/hyperrectangle_5885.vnnlib,.006108650,sat,.631489033
safenlp_2024,/home/elipregerson/nnenum/vnncomp2025_benchmarks/benchmarks/safenlp_2024/onnx/ruarobot/perturbations_0.onnx,/home/elipregerson/nnenum/vnncomp2025_benchmarks/benchmarks/safenlp_2024/vnnlib/ruarobot/hyperrectangle_3035.vnnlib,.006091889,unsat,1.371459354
safenlp_2024,/home/elipregerson/nnenum/vnncomp2025_benchmarks/benchmarks/safenlp_2024/onnx/ruarobot/perturbations_0.onnx,/home/elipregerson/nnenum/vnncomp2025_benchmarks/benchmarks/safenlp_2024/vnnlib/ruarobot/hyperrectangle_7545.vnnlib,.006352750,unsat,12.007516232
safenlp_2024,/home/elipregerson/nnenum/vnncomp2025_benchmarks/benchmarks/safenlp_2024/onnx/ruarobot/perturbations_0.onnx,/home/elipregerson/nnenum/vnncomp2025_benchmarks/benchmarks/safenlp_2024/vnnlib/ruarobot/hyperrectangle_5540.vnnlib,.008048815,sat,.975816996
safenlp_2024,/home/elipregerson/nnenum/vnncomp2025_benchmarks/benchmarks/safenlp_2024/onnx/ruarobot/perturbations_0.onnx,/home/elipregerson/nnenum/vnncomp2025_benchmarks/benchmarks/safenlp_2024/vnnlib/ruarobot/hyperrectangle_7172.vnnlib,.006519896,unsat,.595255117
safenlp_2024,/home/elipregerson/nnenum/vnncomp2025_benchmarks/benchmarks/safenlp_2024/onnx/medical/perturbations_0.onnx,/home/elipregerson/nnenum/vnncomp2025_benchmarks/benchmarks/safenlp_2024/vnnlib/medical/hyperrectangle_594.vnnlib,.006105146,unsat,.596218808
safenlp_2024,/home/elipregerson/nnenum/vnncomp2025_benchmarks/benchmarks/safenlp_2024/onnx/ruarobot/perturbations_0.onnx,/home/elipregerson/nnenum/vnncomp2025_benchmarks/benchmarks/safenlp_2024/vnnlib/ruarobot/hyperrectangle_1154.vnnlib,.006114502,unsat,3.425967283
safenlp_2024,/home/elipregerson/nnenum/vnncomp2025_benchmarks/benchmarks/safenlp_2024/onnx/ruarobot/perturbations_0.onnx,/home/elipregerson/nnenum/vnncomp2025_benchmarks/benchmarks/safenlp_2024/vnnlib/ruarobot/hyperrectangle_6648.vnnlib,.006486039,sat,.649512527
safenlp_2024,/home/elipregerson/nnenum/vnncomp2025_benchmarks/benchmarks/safenlp_2024/onnx/ruarobot/perturbations_0.onnx,/home/elipregerson/nnenum/vnncomp2025_benchmarks/benchmarks/safenlp_2024/vnnlib/ruarobot/hyperrectangle_3901.vnnlib,.006299735,unsat,.594498919
safenlp_2024,/home/elipregerson/nnenum/vnncomp2025_benchmarks/benchmarks/safenlp_2024/onnx/medical/perturbations_0.onnx,/home/elipregerson/nnenum/vnncomp2025_benchmarks/benchmarks/safenlp_2024/vnnlib/medical/hyperrectangle_1794.vnnlib,.006593492,unsat,.596107048
safenlp_2024,/home/elipregerson/nnenum/vnncomp2025_benchmarks/benchmarks/safenlp_2024/onnx/ruarobot/perturbations_0.onnx,/home/elipregerson/nnenum/vnncomp2025_benchmarks/benchmarks/safenlp_2024/vnnlib/ruarobot/hyperrectangle_33.vnnlib,.006101007,sat,.644254242
safenlp_2024,/home/elipregerson/nnenum/vnncomp2025_benchmarks/benchmarks/safenlp_2024/onnx/medical/perturbations_0.onnx,/home/elipregerson/nnenum/vnncomp2025_benchmarks/benchmarks/safenlp_2024/vnnlib/medical/hyperrectangle_311.vnnlib,.006516174,unsat,.590287736
safenlp_2024,/home/elipregerson/nnenum/vnncomp2025_benchmarks/benchmarks/safenlp_2024/onnx/medical/perturbations_0.onnx,/home/elipregerson/nnenum/vnncomp2025_benchmarks/benchmarks/safenlp_2024/vnnlib/medical/hyperrectangle_1784.vnnlib,.006011556,unsat,.583493773
safenlp_2024,/home/elipregerson/nnenum/vnncomp2025_benchmarks/benchmarks/safenlp_2024/onnx/ruarobot/perturbations_0.onnx,/home/elipregerson/nnenum/vnncomp2025_benchmarks/benchmarks/safenlp_2024/vnnlib/ruarobot/hyperrectangle_5233.vnnlib,.006085640,sat,.635482375
safenlp_2024,/home/elipregerson/nnenum/vnncomp2025_benchmarks/benchmarks/safenlp_2024/onnx/medical/perturbations_0.onnx,/home/elipregerson/nnenum/vnncomp2025_benchmarks/benchmarks/safenlp_2024/vnnlib/medical/hyperrectangle_1520.vnnlib,.005999805,unsat,.591389231
safenlp_2024,/home/elipregerson/nnenum/vnncomp2025_benchmarks/benchmarks/safenlp_2024/onnx/ruarobot/perturbations_0.onnx,/home/elipregerson/nnenum/vnncomp2025_benchmarks/benchmarks/safenlp_2024/vnnlib/ruarobot/hyperrectangle_196.vnnlib,.006032208,sat,.635256337
safenlp_2024,/home/elipregerson/nnenum/vnncomp2025_benchmarks/benchmarks/safenlp_2024/onnx/medical/perturbations_0.onnx,/home/elipregerson/nnenum/vnncomp2025_benchmarks/benchmarks/safenlp_2024/vnnlib/medical/hyperrectangle_929.vnnlib,.006185059,unsat,.595749509
safenlp_2024,/home/elipregerson/nnenum/vnncomp2025_benchmarks/benchmarks/safenlp_2024/onnx/medical/perturbations_0.onnx,/home/elipregerson/nnenum/vnncomp2025_benchmarks/benchmarks/safenlp_2024/vnnlib/medical/hyperrectangle_1163.vnnlib,.005920004,sat,.586807477
safenlp_2024,/home/elipregerson/nnenum/vnncomp2025_benchmarks/benchmarks/safenlp_2024/onnx/ruarobot/perturbations_0.onnx,/home/elipregerson/nnenum/vnncomp2025_benchmarks/benchmarks/safenlp_2024/vnnlib/ruarobot/hyperrectangle_5484.vnnlib,.006244047,sat,.636177611
safenlp_2024,/home/elipregerson/nnenum/vnncomp2025_benchmarks/benchmarks/safenlp_2024/onnx/medical/perturbations_0.onnx,/home/elipregerson/nnenum/vnncomp2025_benchmarks/benchmarks/safenlp_2024/vnnlib/medical/hyperrectangle_2588.vnnlib,.006188974,unsat,1.077594673
safenlp_2024,/home/elipregerson/nnenum/vnncomp2025_benchmarks/benchmarks/safenlp_2024/onnx/ruarobot/perturbations_0.onnx,/home/elipregerson/nnenum/vnncomp2025_benchmarks/benchmarks/safenlp_2024/vnnlib/ruarobot/hyperrectangle_433.vnnlib,.006227301,sat,.645519265
safenlp_2024,/home/elipregerson/nnenum/vnncomp2025_benchmarks/benchmarks/safenlp_2024/onnx/medical/perturbations_0.onnx,/home/elipregerson/nnenum/vnncomp2025_benchmarks/benchmarks/safenlp_2024/vnnlib/medical/hyperrectangle_1332.vnnlib,.006141434,unsat,.590900513
safenlp_2024,/home/elipregerson/nnenum/vnncomp2025_benchmarks/benchmarks/safenlp_2024/onnx/ruarobot/perturbations_0.onnx,/home/elipregerson/nnenum/vnncomp2025_benchmarks/benchmarks/safenlp_2024/vnnlib/ruarobot/hyperrectangle_3958.vnnlib,.006126278,sat,.626207810
safenlp_2024,/home/elipregerson/nnenum/vnncomp2025_benchmarks/benchmarks/safenlp_2024/onnx/ruarobot/perturbations_0.onnx,/home/elipregerson/nnenum/vnncomp2025_benchmarks/benchmarks/safenlp_2024/vnnlib/ruarobot/hyperrectangle_3530.vnnlib,.006253013,timeout,20.558070902
safenlp_2024,/home/elipregerson/nnenum/vnncomp2025_benchmarks/benchmarks/safenlp_2024/onnx/ruarobot/perturbations_0.onnx,/home/elipregerson/nnenum/vnncomp2025_benchmarks/benchmarks/safenlp_2024/vnnlib/ruarobot/hyperrectangle_6390.vnnlib,.005948017,sat,.642252200
safenlp_2024,/home/elipregerson/nnenum/vnncomp2025_benchmarks/benchmarks/safenlp_2024/onnx/medical/perturbations_0.onnx,/home/elipregerson/nnenum/vnncomp2025_benchmarks/benchmarks/safenlp_2024/vnnlib/medical/hyperrectangle_2784.vnnlib,.006287197,unsat,.602559337
safenlp_2024,/home/elipregerson/nnenum/vnncomp2025_benchmarks/benchmarks/safenlp_2024/onnx/ruarobot/perturbations_0.onnx,/home/elipregerson/nnenum/vnncomp2025_benchmarks/benchmarks/safenlp_2024/vnnlib/ruarobot/hyperrectangle_2779.vnnlib,.006055541,sat,.633534265
safenlp_2024,/home/elipregerson/nnenum/vnncomp2025_benchmarks/benchmarks/safenlp_2024/onnx/ruarobot/perturbations_0.onnx,/home/elipregerson/nnenum/vnncomp2025_benchmarks/benchmarks/safenlp_2024/vnnlib/ruarobot/hyperrectangle_4249.vnnlib,.006229513,sat,.634975044
safenlp_2024,/home/elipregerson/nnenum/vnncomp2025_benchmarks/benchmarks/safenlp_2024/onnx/ruarobot/perturbations_0.onnx,/home/elipregerson/nnenum/vnncomp2025_benchmarks/benchmarks/safenlp_2024/vnnlib/ruarobot/hyperrectangle_3223.vnnlib,.006017277,sat,.627037177
safenlp_2024,/home/elipregerson/nnenum/vnncomp2025_benchmarks/benchmarks/safenlp_2024/onnx/medical/perturbations_0.onnx,/home/elipregerson/nnenum/vnncomp2025_benchmarks/benchmarks/safenlp_2024/vnnlib/medical/hyperrectangle_2061.vnnlib,.006071246,unsat,7.913039296
safenlp_2024,/home/elipregerson/nnenum/vnncomp2025_benchmarks/benchmarks/safenlp_2024/onnx/ruarobot/perturbations_0.onnx,/home/elipregerson/nnenum/vnncomp2025_benchmarks/benchmarks/safenlp_2024/vnnlib/ruarobot/hyperrectangle_7775.vnnlib,.008092024,sat,.861516565
safenlp_2024,/home/elipregerson/nnenum/vnncomp2025_benchmarks/benchmarks/safenlp_2024/onnx/medical/perturbations_0.onnx,/home/elipregerson/nnenum/vnncomp2025_benchmarks/benchmarks/safenlp_2024/vnnlib/medical/hyperrectangle_620.vnnlib,.008107953,unsat,.811390064
safenlp_2024,/home/elipregerson/nnenum/vnncomp2025_benchmarks/benchmarks/safenlp_2024/onnx/ruarobot/perturbations_0.onnx,/home/elipregerson/nnenum/vnncomp2025_benchmarks/benchmarks/safenlp_2024/vnnlib/ruarobot/hyperrectangle_4454.vnnlib,.008234352,sat,.844792694
safenlp_2024,/home/elipregerson/nnenum/vnncomp2025_benchmarks/benchmarks/safenlp_2024/onnx/ruarobot/perturbations_0.onnx,/home/elipregerson/nnenum/vnncomp2025_benchmarks/benchmarks/safenlp_2024/vnnlib/ruarobot/hyperrectangle_6870.vnnlib,.006267686,sat,.954603601
safenlp_2024,/home/elipregerson/nnenum/vnncomp2025_benchmarks/benchmarks/safenlp_2024/onnx/medical/perturbations_0.onnx,/home/elipregerson/nnenum/vnncomp2025_benchmarks/benchmarks/safenlp_2024/vnnlib/medical/hyperrectangle_2647.vnnlib,.006283943,sat,.641838462
safenlp_2024,/home/elipregerson/nnenum/vnncomp2025_benchmarks/benchmarks/safenlp_2024/onnx/ruarobot/perturbations_0.onnx,/home/elipregerson/nnenum/vnncomp2025_benchmarks/benchmarks/safenlp_2024/vnnlib/ruarobot/hyperrectangle_6942.vnnlib,.006330853,sat,.631723961
safenlp_2024,/home/elipregerson/nnenum/vnncomp2025_benchmarks/benchmarks/safenlp_2024/onnx/medical/perturbations_0.onnx,/home/elipregerson/nnenum/vnncomp2025_benchmarks/benchmarks/safenlp_2024/vnnlib/medical/hyperrectangle_913.vnnlib,.006179660,unsat,.590608830
safenlp_2024,/home/elipregerson/nnenum/vnncomp2025_benchmarks/benchmarks/safenlp_2024/onnx/ruarobot/perturbations_0.onnx,/home/elipregerson/nnenum/vnncomp2025_benchmarks/benchmarks/safenlp_2024/vnnlib/ruarobot/hyperrectangle_2685.vnnlib,.005903081,sat,.624659965
safenlp_2024,/home/elipregerson/nnenum/vnncomp2025_benchmarks/benchmarks/safenlp_2024/onnx/medical/perturbations_0.onnx,/home/elipregerson/nnenum/vnncomp2025_benchmarks/benchmarks/safenlp_2024/vnnlib/medical/hyperrectangle_2562.vnnlib,.006084852,unsat,.589655181
safenlp_2024,/home/elipregerson/nnenum/vnncomp2025_benchmarks/benchmarks/safenlp_2024/onnx/ruarobot/perturbations_0.onnx,/home/elipregerson/nnenum/vnncomp2025_benchmarks/benchmarks/safenlp_2024/vnnlib/ruarobot/hyperrectangle_4941.vnnlib,.006151409,unsat,.701795983
safenlp_2024,/home/elipregerson/nnenum/vnncomp2025_benchmarks/benchmarks/safenlp_2024/onnx/ruarobot/perturbations_0.onnx,/home/elipregerson/nnenum/vnncomp2025_benchmarks/benchmarks/safenlp_2024/vnnlib/ruarobot/hyperrectangle_3112.vnnlib,.006378626,sat,.631929312
safenlp_2024,/home/elipregerson/nnenum/vnncomp2025_benchmarks/benchmarks/safenlp_2024/onnx/ruarobot/perturbations_0.onnx,/home/elipregerson/nnenum/vnncomp2025_benchmarks/benchmarks/safenlp_2024/vnnlib/ruarobot/hyperrectangle_7684.vnnlib,.006625240,sat,.700393639
safenlp_2024,/home/elipregerson/nnenum/vnncomp2025_benchmarks/benchmarks/safenlp_2024/onnx/ruarobot/perturbations_0.onnx,/home/elipregerson/nnenum/vnncomp2025_benchmarks/benchmarks/safenlp_2024/vnnlib/ruarobot/hyperrectangle_7803.vnnlib,.005980594,sat,.648080616
safenlp_2024,/home/elipregerson/nnenum/vnncomp2025_benchmarks/benchmarks/safenlp_2024/onnx/ruarobot/perturbations_0.onnx,/home/elipregerson/nnenum/vnncomp2025_benchmarks/benchmarks/safenlp_2024/vnnlib/ruarobot/hyperrectangle_2729.vnnlib,.006140833,sat,.634496263
safenlp_2024,/home/elipregerson/nnenum/vnncomp2025_benchmarks/benchmarks/safenlp_2024/onnx/ruarobot/perturbations_0.onnx,/home/elipregerson/nnenum/vnncomp2025_benchmarks/benchmarks/safenlp_2024/vnnlib/ruarobot/hyperrectangle_405.vnnlib,.006488211,timeout,20.557683678
safenlp_2024,/home/elipregerson/nnenum/vnncomp2025_benchmarks/benchmarks/safenlp_2024/onnx/ruarobot/perturbations_0.onnx,/home/elipregerson/nnenum/vnncomp2025_benchmarks/benchmarks/safenlp_2024/vnnlib/ruarobot/hyperrectangle_2163.vnnlib,.006117543,sat,.633946521
safenlp_2024,/home/elipregerson/nnenum/vnncomp2025_benchmarks/benchmarks/safenlp_2024/onnx/ruarobot/perturbations_0.onnx,/home/elipregerson/nnenum/vnncomp2025_benchmarks/benchmarks/safenlp_2024/vnnlib/ruarobot/hyperrectangle_3354.vnnlib,.006073092,unsat,19.201268950
safenlp_2024,/home/elipregerson/nnenum/vnncomp2025_benchmarks/benchmarks/safenlp_2024/onnx/ruarobot/perturbations_0.onnx,/home/elipregerson/nnenum/vnncomp2025_benchmarks/benchmarks/safenlp_2024/vnnlib/ruarobot/hyperrectangle_2887.vnnlib,.005997310,sat,.632920843
safenlp_2024,/home/elipregerson/nnenum/vnncomp2025_benchmarks/benchmarks/safenlp_2024/onnx/ruarobot/perturbations_0.onnx,/home/elipregerson/nnenum/vnncomp2025_benchmarks/benchmarks/safenlp_2024/vnnlib/ruarobot/hyperrectangle_4388.vnnlib,.006217972,timeout,20.553071362
safenlp_2024,/home/elipregerson/nnenum/vnncomp2025_benchmarks/benchmarks/safenlp_2024/onnx/ruarobot/perturbations_0.onnx,/home/elipregerson/nnenum/vnncomp2025_benchmarks/benchmarks/safenlp_2024/vnnlib/ruarobot/hyperrectangle_699.vnnlib,.006156358,sat,.629246141
safenlp_2024,/home/elipregerson/nnenum/vnncomp2025_benchmarks/benchmarks/safenlp_2024/onnx/ruarobot/perturbations_0.onnx,/home/elipregerson/nnenum/vnncomp2025_benchmarks/benchmarks/safenlp_2024/vnnlib/ruarobot/hyperrectangle_4957.vnnlib,.006141762,unsat,1.225858983
safenlp_2024,/home/elipregerson/nnenum/vnncomp2025_benchmarks/benchmarks/safenlp_2024/onnx/ruarobot/perturbations_0.onnx,/home/elipregerson/nnenum/vnncomp2025_benchmarks/benchmarks/safenlp_2024/vnnlib/ruarobot/hyperrectangle_4323.vnnlib,.006265405,sat,.640112677
safenlp_2024,/home/elipregerson/nnenum/vnncomp2025_benchmarks/benchmarks/safenlp_2024/onnx/ruarobot/perturbations_0.onnx,/home/elipregerson/nnenum/vnncomp2025_benchmarks/benchmarks/safenlp_2024/vnnlib/ruarobot/hyperrectangle_4237.vnnlib,.006038610,sat,.638233258
safenlp_2024,/home/elipregerson/nnenum/vnncomp2025_benchmarks/benchmarks/safenlp_2024/onnx/medical/perturbations_0.onnx,/home/elipregerson/nnenum/vnncomp2025_benchmarks/benchmarks/safenlp_2024/vnnlib/medical/hyperrectangle_2321.vnnlib,.005969824,timeout,20.554015375
safenlp_2024,/home/elipregerson/nnenum/vnncomp2025_benchmarks/benchmarks/safenlp_2024/onnx/medical/perturbations_0.onnx,/home/elipregerson/nnenum/vnncomp2025_benchmarks/benchmarks/safenlp_2024/vnnlib/medical/hyperrectangle_300.vnnlib,.005993140,sat,.635759149
safenlp_2024,/home/elipregerson/nnenum/vnncomp2025_benchmarks/benchmarks/safenlp_2024/onnx/ruarobot/perturbations_0.onnx,/home/elipregerson/nnenum/vnncomp2025_benchmarks/benchmarks/safenlp_2024/vnnlib/ruarobot/hyperrectangle_45.vnnlib,.006356670,sat,.633309192
safenlp_2024,/home/elipregerson/nnenum/vnncomp2025_benchmarks/benchmarks/safenlp_2024/onnx/ruarobot/perturbations_0.onnx,/home/elipregerson/nnenum/vnncomp2025_benchmarks/benchmarks/safenlp_2024/vnnlib/ruarobot/hyperrectangle_2552.vnnlib,.006168154,sat,.632895811
safenlp_2024,/home/elipregerson/nnenum/vnncomp2025_benchmarks/benchmarks/safenlp_2024/onnx/ruarobot/perturbations_0.onnx,/home/elipregerson/nnenum/vnncomp2025_benchmarks/benchmarks/safenlp_2024/vnnlib/ruarobot/hyperrectangle_2486.vnnlib,.006056972,sat,.622058341
safenlp_2024,/home/elipregerson/nnenum/vnncomp2025_benchmarks/benchmarks/safenlp_2024/onnx/ruarobot/perturbations_0.onnx,/home/elipregerson/nnenum/vnncomp2025_benchmarks/benchmarks/safenlp_2024/vnnlib/ruarobot/hyperrectangle_1368.vnnlib,.006157000,sat,.630667713
safenlp_2024,/home/elipregerson/nnenum/vnncomp2025_benchmarks/benchmarks/safenlp_2024/onnx/ruarobot/perturbations_0.onnx,/home/elipregerson/nnenum/vnncomp2025_benchmarks/benchmarks/safenlp_2024/vnnlib/ruarobot/hyperrectangle_7661.vnnlib,.006027352,sat,.631650577
safenlp_2024,/home/elipregerson/nnenum/vnncomp2025_benchmarks/benchmarks/safenlp_2024/onnx/ruarobot/perturbations_0.onnx,/home/elipregerson/nnenum/vnncomp2025_benchmarks/benchmarks/safenlp_2024/vnnlib/ruarobot/hyperrectangle_5009.vnnlib,.006004832,sat,.634278237
safenlp_2024,/home/elipregerson/nnenum/vnncomp2025_benchmarks/benchmarks/safenlp_2024/onnx/ruarobot/perturbations_0.onnx,/home/elipregerson/nnenum/vnncomp2025_benchmarks/benchmarks/safenlp_2024/vnnlib/ruarobot/hyperrectangle_6947.vnnlib,.006241203,sat,.694588445
safenlp_2024,/home/elipregerson/nnenum/vnncomp2025_benchmarks/benchmarks/safenlp_2024/onnx/ruarobot/perturbations_0.onnx,/home/elipregerson/nnenum/vnncomp2025_benchmarks/benchmarks/safenlp_2024/vnnlib/ruarobot/hyperrectangle_5912.vnnlib,.006179174,sat,.634014106
safenlp_2024,/home/elipregerson/nnenum/vnncomp2025_benchmarks/benchmarks/safenlp_2024/onnx/ruarobot/perturbations_0.onnx,/home/elipregerson/nnenum/vnncomp2025_benchmarks/benchmarks/safenlp_2024/vnnlib/ruarobot/hyperrectangle_775.vnnlib,.006009447,sat,.642237658
safenlp_2024,/home/elipregerson/nnenum/vnncomp2025_benchmarks/benchmarks/safenlp_2024/onnx/ruarobot/perturbations_0.onnx,/home/elipregerson/nnenum/vnncomp2025_benchmarks/benchmarks/safenlp_2024/vnnlib/ruarobot/hyperrectangle_4690.vnnlib,.006245637,unsat,.951858660
safenlp_2024,/home/elipregerson/nnenum/vnncomp2025_benchmarks/benchmarks/safenlp_2024/onnx/ruarobot/perturbations_0.onnx,/home/elipregerson/nnenum/vnncomp2025_benchmarks/benchmarks/safenlp_2024/vnnlib/ruarobot/hyperrectangle_491.vnnlib,.006244333,sat,.640973681
safenlp_2024,/home/elipregerson/nnenum/vnncomp2025_benchmarks/benchmarks/safenlp_2024/onnx/ruarobot/perturbations_0.onnx,/home/elipregerson/nnenum/vnncomp2025_benchmarks/benchmarks/safenlp_2024/vnnlib/ruarobot/hyperrectangle_6052.vnnlib,.006473685,sat,.646969924
safenlp_2024,/home/elipregerson/nnenum/vnncomp2025_benchmarks/benchmarks/safenlp_2024/onnx/ruarobot/perturbations_0.onnx,/home/elipregerson/nnenum/vnncomp2025_benchmarks/benchmarks/safenlp_2024/vnnlib/ruarobot/hyperrectangle_4905.vnnlib,.006166798,sat,.645135122
safenlp_2024,/home/elipregerson/nnenum/vnncomp2025_benchmarks/benchmarks/safenlp_2024/onnx/ruarobot/perturbations_0.onnx,/home/elipregerson/nnenum/vnncomp2025_benchmarks/benchmarks/safenlp_2024/vnnlib/ruarobot/hyperrectangle_2673.vnnlib,.006202636,sat,.639289548
safenlp_2024,/home/elipregerson/nnenum/vnncomp2025_benchmarks/benchmarks/safenlp_2024/onnx/ruarobot/perturbations_0.onnx,/home/elipregerson/nnenum/vnncomp2025_benchmarks/benchmarks/safenlp_2024/vnnlib/ruarobot/hyperrectangle_4289.vnnlib,.006321614,unsat,1.457688283
safenlp_2024,/home/elipregerson/nnenum/vnncomp2025_benchmarks/benchmarks/safenlp_2024/onnx/ruarobot/perturbations_0.onnx,/home/elipregerson/nnenum/vnncomp2025_benchmarks/benchmarks/safenlp_2024/vnnlib/ruarobot/hyperrectangle_2841.vnnlib,.006067881,sat,.631304055
safenlp_2024,/home/elipregerson/nnenum/vnncomp2025_benchmarks/benchmarks/safenlp_2024/onnx/medical/perturbations_0.onnx,/home/elipregerson/nnenum/vnncomp2025_benchmarks/benchmarks/safenlp_2024/vnnlib/medical/hyperrectangle_500.vnnlib,.006165265,unsat,.597583492
safenlp_2024,/home/elipregerson/nnenum/vnncomp2025_benchmarks/benchmarks/safenlp_2024/onnx/ruarobot/perturbations_0.onnx,/home/elipregerson/nnenum/vnncomp2025_benchmarks/benchmarks/safenlp_2024/vnnlib/ruarobot/hyperrectangle_3574.vnnlib,.006245532,sat,.641372418
safenlp_2024,/home/elipregerson/nnenum/vnncomp2025_benchmarks/benchmarks/safenlp_2024/onnx/medical/perturbations_0.onnx,/home/elipregerson/nnenum/vnncomp2025_benchmarks/benchmarks/safenlp_2024/vnnlib/medical/hyperrectangle_177.vnnlib,.006427566,unsat,.602500655
safenlp_2024,/home/elipregerson/nnenum/vnncomp2025_benchmarks/benchmarks/safenlp_2024/onnx/ruarobot/perturbations_0.onnx,/home/elipregerson/nnenum/vnncomp2025_benchmarks/benchmarks/safenlp_2024/vnnlib/ruarobot/hyperrectangle_2596.vnnlib,.006282497,sat,.625460502
safenlp_2024,/home/elipregerson/nnenum/vnncomp2025_benchmarks/benchmarks/safenlp_2024/onnx/ruarobot/perturbations_0.onnx,/home/elipregerson/nnenum/vnncomp2025_benchmarks/benchmarks/safenlp_2024/vnnlib/ruarobot/hyperrectangle_3665.vnnlib,.006345998,sat,.794587347
safenlp_2024,/home/elipregerson/nnenum/vnncomp2025_benchmarks/benchmarks/safenlp_2024/onnx/ruarobot/perturbations_0.onnx,/home/elipregerson/nnenum/vnncomp2025_benchmarks/benchmarks/safenlp_2024/vnnlib/ruarobot/hyperrectangle_6658.vnnlib,.006208148,sat,.636392934
safenlp_2024,/home/elipregerson/nnenum/vnncomp2025_benchmarks/benchmarks/safenlp_2024/onnx/ruarobot/perturbations_0.onnx,/home/elipregerson/nnenum/vnncomp2025_benchmarks/benchmarks/safenlp_2024/vnnlib/ruarobot/hyperrectangle_5374.vnnlib,.006154197,sat,.630667542
safenlp_2024,/home/elipregerson/nnenum/vnncomp2025_benchmarks/benchmarks/safenlp_2024/onnx/ruarobot/perturbations_0.onnx,/home/elipregerson/nnenum/vnncomp2025_benchmarks/benchmarks/safenlp_2024/vnnlib/ruarobot/hyperrectangle_5199.vnnlib,.006548020,sat,.602153278
safenlp_2024,/home/elipregerson/nnenum/vnncomp2025_benchmarks/benchmarks/safenlp_2024/onnx/ruarobot/perturbations_0.onnx,/home/elipregerson/nnenum/vnncomp2025_benchmarks/benchmarks/safenlp_2024/vnnlib/ruarobot/hyperrectangle_6864.vnnlib,.006258037,unsat,.909929102
safenlp_2024,/home/elipregerson/nnenum/vnncomp2025_benchmarks/benchmarks/safenlp_2024/onnx/ruarobot/perturbations_0.onnx,/home/elipregerson/nnenum/vnncomp2025_benchmarks/benchmarks/safenlp_2024/vnnlib/ruarobot/hyperrectangle_244.vnnlib,.006147129,sat,.636792379
safenlp_2024,/home/elipregerson/nnenum/vnncomp2025_benchmarks/benchmarks/safenlp_2024/onnx/medical/perturbations_0.onnx,/home/elipregerson/nnenum/vnncomp2025_benchmarks/benchmarks/safenlp_2024/vnnlib/medical/hyperrectangle_2572.vnnlib,.006104355,sat,.643319595
safenlp_2024,/home/elipregerson/nnenum/vnncomp2025_benchmarks/benchmarks/safenlp_2024/onnx/ruarobot/perturbations_0.onnx,/home/elipregerson/nnenum/vnncomp2025_benchmarks/benchmarks/safenlp_2024/vnnlib/ruarobot/hyperrectangle_2845.vnnlib,.006447843,sat,.630170425
safenlp_2024,/home/elipregerson/nnenum/vnncomp2025_benchmarks/benchmarks/safenlp_2024/onnx/ruarobot/perturbations_0.onnx,/home/elipregerson/nnenum/vnncomp2025_benchmarks/benchmarks/safenlp_2024/vnnlib/ruarobot/hyperrectangle_161.vnnlib,.006043038,sat,.628021620
safenlp_2024,/home/elipregerson/nnenum/vnncomp2025_benchmarks/benchmarks/safenlp_2024/onnx/ruarobot/perturbations_0.onnx,/home/elipregerson/nnenum/vnncomp2025_benchmarks/benchmarks/safenlp_2024/vnnlib/ruarobot/hyperrectangle_1492.vnnlib,.005954377,sat,.628044407
safenlp_2024,/home/elipregerson/nnenum/vnncomp2025_benchmarks/benchmarks/safenlp_2024/onnx/ruarobot/perturbations_0.onnx,/home/elipregerson/nnenum/vnncomp2025_benchmarks/benchmarks/safenlp_2024/vnnlib/ruarobot/hyperrectangle_1527.vnnlib,.006146337,sat,.632205557
safenlp_2024,/home/elipregerson/nnenum/vnncomp2025_benchmarks/benchmarks/safenlp_2024/onnx/ruarobot/perturbations_0.onnx,/home/elipregerson/nnenum/vnncomp2025_benchmarks/benchmarks/safenlp_2024/vnnlib/ruarobot/hyperrectangle_6790.vnnlib,.006342073,sat,.631599951
safenlp_2024,/home/elipregerson/nnenum/vnncomp2025_benchmarks/benchmarks/safenlp_2024/onnx/ruarobot/perturbations_0.onnx,/home/elipregerson/nnenum/vnncomp2025_benchmarks/benchmarks/safenlp_2024/vnnlib/ruarobot/hyperrectangle_3445.vnnlib,.006122795,unsat,2.797354957
safenlp_2024,/home/elipregerson/nnenum/vnncomp2025_benchmarks/benchmarks/safenlp_2024/onnx/medical/perturbations_0.onnx,/home/elipregerson/nnenum/vnncomp2025_benchmarks/benchmarks/safenlp_2024/vnnlib/medical/hyperrectangle_2777.vnnlib,.006132625,sat,.753695366
safenlp_2024,/home/elipregerson/nnenum/vnncomp2025_benchmarks/benchmarks/safenlp_2024/onnx/ruarobot/perturbations_0.onnx,/home/elipregerson/nnenum/vnncomp2025_benchmarks/benchmarks/safenlp_2024/vnnlib/ruarobot/hyperrectangle_4972.vnnlib,.006403441,sat,.640160187
safenlp_2024,/home/elipregerson/nnenum/vnncomp2025_benchmarks/benchmarks/safenlp_2024/onnx/ruarobot/perturbations_0.onnx,/home/elipregerson/nnenum/vnncomp2025_benchmarks/benchmarks/safenlp_2024/vnnlib/ruarobot/hyperrectangle_293.vnnlib,.006029352,sat,.636883174
safenlp_2024,/home/elipregerson/nnenum/vnncomp2025_benchmarks/benchmarks/safenlp_2024/onnx/medical/perturbations_0.onnx,/home/elipregerson/nnenum/vnncomp2025_benchmarks/benchmarks/safenlp_2024/vnnlib/medical/hyperrectangle_1549.vnnlib,.006335844,unsat,.711211332
safenlp_2024,/home/elipregerson/nnenum/vnncomp2025_benchmarks/benchmarks/safenlp_2024/onnx/ruarobot/perturbations_0.onnx,/home/elipregerson/nnenum/vnncomp2025_benchmarks/benchmarks/safenlp_2024/vnnlib/ruarobot/hyperrectangle_5973.vnnlib,.005955529,sat,.691615247
safenlp_2024,/home/elipregerson/nnenum/vnncomp2025_benchmarks/benchmarks/safenlp_2024/onnx/medical/perturbations_0.onnx,/home/elipregerson/nnenum/vnncomp2025_benchmarks/benchmarks/safenlp_2024/vnnlib/medical/hyperrectangle_1684.vnnlib,.006375543,unsat,.589614931
safenlp_2024,/home/elipregerson/nnenum/vnncomp2025_benchmarks/benchmarks/safenlp_2024/onnx/ruarobot/perturbations_0.onnx,/home/elipregerson/nnenum/vnncomp2025_benchmarks/benchmarks/safenlp_2024/vnnlib/ruarobot/hyperrectangle_6105.vnnlib,.006120258,sat,.635932288
safenlp_2024,/home/elipregerson/nnenum/vnncomp2025_benchmarks/benchmarks/safenlp_2024/onnx/medical/perturbations_0.onnx,/home/elipregerson/nnenum/vnncomp2025_benchmarks/benchmarks/safenlp_2024/vnnlib/medical/hyperrectangle_2697.vnnlib,.006446924,sat,.644170813
safenlp_2024,/home/elipregerson/nnenum/vnncomp2025_benchmarks/benchmarks/safenlp_2024/onnx/ruarobot/perturbations_0.onnx,/home/elipregerson/nnenum/vnncomp2025_benchmarks/benchmarks/safenlp_2024/vnnlib/ruarobot/hyperrectangle_3941.vnnlib,.006099780,sat,.629001321
safenlp_2024,/home/elipregerson/nnenum/vnncomp2025_benchmarks/benchmarks/safenlp_2024/onnx/ruarobot/perturbations_0.onnx,/home/elipregerson/nnenum/vnncomp2025_benchmarks/benchmarks/safenlp_2024/vnnlib/ruarobot/hyperrectangle_3961.vnnlib,.006050099,timeout,20.545984715
safenlp_2024,/home/elipregerson/nnenum/vnncomp2025_benchmarks/benchmarks/safenlp_2024/onnx/ruarobot/perturbations_0.onnx,/home/elipregerson/nnenum/vnncomp2025_benchmarks/benchmarks/safenlp_2024/vnnlib/ruarobot/hyperrectangle_2489.vnnlib,.006205561,sat,.634567486
safenlp_2024,/home/elipregerson/nnenum/vnncomp2025_benchmarks/benchmarks/safenlp_2024/onnx/medical/perturbations_0.onnx,/home/elipregerson/nnenum/vnncomp2025_benchmarks/benchmarks/safenlp_2024/vnnlib/medical/hyperrectangle_949.vnnlib,.006085492,unsat,.595639331
safenlp_2024,/home/elipregerson/nnenum/vnncomp2025_benchmarks/benchmarks/safenlp_2024/onnx/medical/perturbations_0.onnx,/home/elipregerson/nnenum/vnncomp2025_benchmarks/benchmarks/safenlp_2024/vnnlib/medical/hyperrectangle_89.vnnlib,.006052733,unsat,.580906797
safenlp_2024,/home/elipregerson/nnenum/vnncomp2025_benchmarks/benchmarks/safenlp_2024/onnx/ruarobot/perturbations_0.onnx,/home/elipregerson/nnenum/vnncomp2025_benchmarks/benchmarks/safenlp_2024/vnnlib/ruarobot/hyperrectangle_634.vnnlib,.006210049,unsat,3.533380064
safenlp_2024,/home/elipregerson/nnenum/vnncomp2025_benchmarks/benchmarks/safenlp_2024/onnx/ruarobot/perturbations_0.onnx,/home/elipregerson/nnenum/vnncomp2025_benchmarks/benchmarks/safenlp_2024/vnnlib/ruarobot/hyperrectangle_7437.vnnlib,.006051323,sat,.645118252
safenlp_2024,/home/elipregerson/nnenum/vnncomp2025_benchmarks/benchmarks/safenlp_2024/onnx/ruarobot/perturbations_0.onnx,/home/elipregerson/nnenum/vnncomp2025_benchmarks/benchmarks/safenlp_2024/vnnlib/ruarobot/hyperrectangle_2250.vnnlib,.006201261,sat,.637816325
safenlp_2024,/home/elipregerson/nnenum/vnncomp2025_benchmarks/benchmarks/safenlp_2024/onnx/ruarobot/perturbations_0.onnx,/home/elipregerson/nnenum/vnncomp2025_benchmarks/benchmarks/safenlp_2024/vnnlib/ruarobot/hyperrectangle_3481.vnnlib,.005984187,unsat,.603889340
safenlp_2024,/home/elipregerson/nnenum/vnncomp2025_benchmarks/benchmarks/safenlp_2024/onnx/medical/perturbations_0.onnx,/home/elipregerson/nnenum/vnncomp2025_benchmarks/benchmarks/safenlp_2024/vnnlib/medical/hyperrectangle_989.vnnlib,.006069392,unsat,.584103945
safenlp_2024,/home/elipregerson/nnenum/vnncomp2025_benchmarks/benchmarks/safenlp_2024/onnx/ruarobot/perturbations_0.onnx,/home/elipregerson/nnenum/vnncomp2025_benchmarks/benchmarks/safenlp_2024/vnnlib/ruarobot/hyperrectangle_5185.vnnlib,.006031490,unsat,2.806641052
safenlp_2024,/home/elipregerson/nnenum/vnncomp2025_benchmarks/benchmarks/safenlp_2024/onnx/ruarobot/perturbations_0.onnx,/home/elipregerson/nnenum/vnncomp2025_benchmarks/benchmarks/safenlp_2024/vnnlib/ruarobot/hyperrectangle_2264.vnnlib,.006407174,sat,.632428427
safenlp_2024,/home/elipregerson/nnenum/vnncomp2025_benchmarks/benchmarks/safenlp_2024/onnx/ruarobot/perturbations_0.onnx,/home/elipregerson/nnenum/vnncomp2025_benchmarks/benchmarks/safenlp_2024/vnnlib/ruarobot/hyperrectangle_4911.vnnlib,.006251872,sat,.634206977
safenlp_2024,/home/elipregerson/nnenum/vnncomp2025_benchmarks/benchmarks/safenlp_2024/onnx/ruarobot/perturbations_0.onnx,/home/elipregerson/nnenum/vnncomp2025_benchmarks/benchmarks/safenlp_2024/vnnlib/ruarobot/hyperrectangle_3309.vnnlib,.006103468,timeout,20.576311655
safenlp_2024,/home/elipregerson/nnenum/vnncomp2025_benchmarks/benchmarks/safenlp_2024/onnx/ruarobot/perturbations_0.onnx,/home/elipregerson/nnenum/vnncomp2025_benchmarks/benchmarks/safenlp_2024/vnnlib/ruarobot/hyperrectangle_823.vnnlib,.013479557,sat,.866304994
safenlp_2024,/home/elipregerson/nnenum/vnncomp2025_benchmarks/benchmarks/safenlp_2024/onnx/ruarobot/perturbations_0.onnx,/home/elipregerson/nnenum/vnncomp2025_benchmarks/benchmarks/safenlp_2024/vnnlib/ruarobot/hyperrectangle_2074.vnnlib,.014428925,sat,.883516763
safenlp_2024,/home/elipregerson/nnenum/vnncomp2025_benchmarks/benchmarks/safenlp_2024/onnx/ruarobot/perturbations_0.onnx,/home/elipregerson/nnenum/vnncomp2025_benchmarks/benchmarks/safenlp_2024/vnnlib/ruarobot/hyperrectangle_5600.vnnlib,.014448476,sat,.871777027
safenlp_2024,/home/elipregerson/nnenum/vnncomp2025_benchmarks/benchmarks/safenlp_2024/onnx/ruarobot/perturbations_0.onnx,/home/elipregerson/nnenum/vnncomp2025_benchmarks/benchmarks/safenlp_2024/vnnlib/ruarobot/hyperrectangle_2899.vnnlib,.012902505,sat,.762825692
safenlp_2024,/home/elipregerson/nnenum/vnncomp2025_benchmarks/benchmarks/safenlp_2024/onnx/medical/perturbations_0.onnx,/home/elipregerson/nnenum/vnncomp2025_benchmarks/benchmarks/safenlp_2024/vnnlib/medical/hyperrectangle_1691.vnnlib,.006087062,unsat,.586957318
safenlp_2024,/home/elipregerson/nnenum/vnncomp2025_benchmarks/benchmarks/safenlp_2024/onnx/ruarobot/perturbations_0.onnx,/home/elipregerson/nnenum/vnncomp2025_benchmarks/benchmarks/safenlp_2024/vnnlib/ruarobot/hyperrectangle_884.vnnlib,.006122645,sat,.643424972
safenlp_2024,/home/elipregerson/nnenum/vnncomp2025_benchmarks/benchmarks/safenlp_2024/onnx/ruarobot/perturbations_0.onnx,/home/elipregerson/nnenum/vnncomp2025_benchmarks/benchmarks/safenlp_2024/vnnlib/ruarobot/hyperrectangle_6981.vnnlib,.006175199,timeout,20.549105012
safenlp_2024,/home/elipregerson/nnenum/vnncomp2025_benchmarks/benchmarks/safenlp_2024/onnx/ruarobot/perturbations_0.onnx,/home/elipregerson/nnenum/vnncomp2025_benchmarks/benchmarks/safenlp_2024/vnnlib/ruarobot/hyperrectangle_5679.vnnlib,.006168307,timeout,20.554150821
safenlp_2024,/home/elipregerson/nnenum/vnncomp2025_benchmarks/benchmarks/safenlp_2024/onnx/medical/perturbations_0.onnx,/home/elipregerson/nnenum/vnncomp2025_benchmarks/benchmarks/safenlp_2024/vnnlib/medical/hyperrectangle_433.vnnlib,.006295927,unsat,.593626352
safenlp_2024,/home/elipregerson/nnenum/vnncomp2025_benchmarks/benchmarks/safenlp_2024/onnx/ruarobot/perturbations_0.onnx,/home/elipregerson/nnenum/vnncomp2025_benchmarks/benchmarks/safenlp_2024/vnnlib/ruarobot/hyperrectangle_1149.vnnlib,.006119420,sat,.633098882
safenlp_2024,/home/elipregerson/nnenum/vnncomp2025_benchmarks/benchmarks/safenlp_2024/onnx/ruarobot/perturbations_0.onnx,/home/elipregerson/nnenum/vnncomp2025_benchmarks/benchmarks/safenlp_2024/vnnlib/ruarobot/hyperrectangle_3442.vnnlib,.006295542,sat,.632528417
safenlp_2024,/home/elipregerson/nnenum/vnncomp2025_benchmarks/benchmarks/safenlp_2024/onnx/ruarobot/perturbations_0.onnx,/home/elipregerson/nnenum/vnncomp2025_benchmarks/benchmarks/safenlp_2024/vnnlib/ruarobot/hyperrectangle_6421.vnnlib,.006122039,sat,.640664076
safenlp_2024,/home/elipregerson/nnenum/vnncomp2025_benchmarks/benchmarks/safenlp_2024/onnx/ruarobot/perturbations_0.onnx,/home/elipregerson/nnenum/vnncomp2025_benchmarks/benchmarks/safenlp_2024/vnnlib/ruarobot/hyperrectangle_1011.vnnlib,.006387793,sat,.626595180
safenlp_2024,/home/elipregerson/nnenum/vnncomp2025_benchmarks/benchmarks/safenlp_2024/onnx/ruarobot/perturbations_0.onnx,/home/elipregerson/nnenum/vnncomp2025_benchmarks/benchmarks/safenlp_2024/vnnlib/ruarobot/hyperrectangle_5936.vnnlib,.006335368,sat,.632519604
safenlp_2024,/home/elipregerson/nnenum/vnncomp2025_benchmarks/benchmarks/safenlp_2024/onnx/medical/perturbations_0.onnx,/home/elipregerson/nnenum/vnncomp2025_benchmarks/benchmarks/safenlp_2024/vnnlib/medical/hyperrectangle_2724.vnnlib,.006109790,unsat,1.135716982
safenlp_2024,/home/elipregerson/nnenum/vnncomp2025_benchmarks/benchmarks/safenlp_2024/onnx/ruarobot/perturbations_0.onnx,/home/elipregerson/nnenum/vnncomp2025_benchmarks/benchmarks/safenlp_2024/vnnlib/ruarobot/hyperrectangle_7855.vnnlib,.007049725,sat,.653975371
safenlp_2024,/home/elipregerson/nnenum/vnncomp2025_benchmarks/benchmarks/safenlp_2024/onnx/ruarobot/perturbations_0.onnx,/home/elipregerson/nnenum/vnncomp2025_benchmarks/benchmarks/safenlp_2024/vnnlib/ruarobot/hyperrectangle_1741.vnnlib,.005929117,sat,.629738396
safenlp_2024,/home/elipregerson/nnenum/vnncomp2025_benchmarks/benchmarks/safenlp_2024/onnx/ruarobot/perturbations_0.onnx,/home/elipregerson/nnenum/vnncomp2025_benchmarks/benchmarks/safenlp_2024/vnnlib/ruarobot/hyperrectangle_7435.vnnlib,.006260067,timeout,20.562315960
safenlp_2024,/home/elipregerson/nnenum/vnncomp2025_benchmarks/benchmarks/safenlp_2024/onnx/ruarobot/perturbations_0.onnx,/home/elipregerson/nnenum/vnncomp2025_benchmarks/benchmarks/safenlp_2024/vnnlib/ruarobot/hyperrectangle_6065.vnnlib,.005990828,timeout,20.552064032
safenlp_2024,/home/elipregerson/nnenum/vnncomp2025_benchmarks/benchmarks/safenlp_2024/onnx/ruarobot/perturbations_0.onnx,/home/elipregerson/nnenum/vnncomp2025_benchmarks/benchmarks/safenlp_2024/vnnlib/ruarobot/hyperrectangle_2181.vnnlib,.006064834,unsat,.984481776
safenlp_2024,/home/elipregerson/nnenum/vnncomp2025_benchmarks/benchmarks/safenlp_2024/onnx/ruarobot/perturbations_0.onnx,/home/elipregerson/nnenum/vnncomp2025_benchmarks/benchmarks/safenlp_2024/vnnlib/ruarobot/hyperrectangle_4457.vnnlib,.006806851,sat,.741253990
safenlp_2024,/home/elipregerson/nnenum/vnncomp2025_benchmarks/benchmarks/safenlp_2024/onnx/ruarobot/perturbations_0.onnx,/home/elipregerson/nnenum/vnncomp2025_benchmarks/benchmarks/safenlp_2024/vnnlib/ruarobot/hyperrectangle_7202.vnnlib,.006564700,timeout,20.566670023
safenlp_2024,/home/elipregerson/nnenum/vnncomp2025_benchmarks/benchmarks/safenlp_2024/onnx/ruarobot/perturbations_0.onnx,/home/elipregerson/nnenum/vnncomp2025_benchmarks/benchmarks/safenlp_2024/vnnlib/ruarobot/hyperrectangle_6761.vnnlib,.006084346,sat,.630576156
safenlp_2024,/home/elipregerson/nnenum/vnncomp2025_benchmarks/benchmarks/safenlp_2024/onnx/ruarobot/perturbations_0.onnx,/home/elipregerson/nnenum/vnncomp2025_benchmarks/benchmarks/safenlp_2024/vnnlib/ruarobot/hyperrectangle_6597.vnnlib,.006153086,timeout,20.547551165
safenlp_2024,/home/elipregerson/nnenum/vnncomp2025_benchmarks/benchmarks/safenlp_2024/onnx/ruarobot/perturbations_0.onnx,/home/elipregerson/nnenum/vnncomp2025_benchmarks/benchmarks/safenlp_2024/vnnlib/ruarobot/hyperrectangle_4823.vnnlib,.006099471,sat,.636726342
safenlp_2024,/home/elipregerson/nnenum/vnncomp2025_benchmarks/benchmarks/safenlp_2024/onnx/ruarobot/perturbations_0.onnx,/home/elipregerson/nnenum/vnncomp2025_benchmarks/benchmarks/safenlp_2024/vnnlib/ruarobot/hyperrectangle_7228.vnnlib,.006191706,sat,.637733536
safenlp_2024,/home/elipregerson/nnenum/vnncomp2025_benchmarks/benchmarks/safenlp_2024/onnx/medical/perturbations_0.onnx,/home/elipregerson/nnenum/vnncomp2025_benchmarks/benchmarks/safenlp_2024/vnnlib/medical/hyperrectangle_2740.vnnlib,.005955750,unsat,.582398373
safenlp_2024,/home/elipregerson/nnenum/vnncomp2025_benchmarks/benchmarks/safenlp_2024/onnx/medical/perturbations_0.onnx,/home/elipregerson/nnenum/vnncomp2025_benchmarks/benchmarks/safenlp_2024/vnnlib/medical/hyperrectangle_1363.vnnlib,.006089165,timeout,20.545392113
safenlp_2024,/home/elipregerson/nnenum/vnncomp2025_benchmarks/benchmarks/safenlp_2024/onnx/ruarobot/perturbations_0.onnx,/home/elipregerson/nnenum/vnncomp2025_benchmarks/benchmarks/safenlp_2024/vnnlib/ruarobot/hyperrectangle_4830.vnnlib,.006213751,sat,.636686408
safenlp_2024,/home/elipregerson/nnenum/vnncomp2025_benchmarks/benchmarks/safenlp_2024/onnx/medical/perturbations_0.onnx,/home/elipregerson/nnenum/vnncomp2025_benchmarks/benchmarks/safenlp_2024/vnnlib/medical/hyperrectangle_2733.vnnlib,.006071576,unsat,2.539854384
safenlp_2024,/home/elipregerson/nnenum/vnncomp2025_benchmarks/benchmarks/safenlp_2024/onnx/ruarobot/perturbations_0.onnx,/home/elipregerson/nnenum/vnncomp2025_benchmarks/benchmarks/safenlp_2024/vnnlib/ruarobot/hyperrectangle_3699.vnnlib,.006211933,sat,.641861250
safenlp_2024,/home/elipregerson/nnenum/vnncomp2025_benchmarks/benchmarks/safenlp_2024/onnx/ruarobot/perturbations_0.onnx,/home/elipregerson/nnenum/vnncomp2025_benchmarks/benchmarks/safenlp_2024/vnnlib/ruarobot/hyperrectangle_5698.vnnlib,.010407450,sat,.597740069
safenlp_2024,/home/elipregerson/nnenum/vnncomp2025_benchmarks/benchmarks/safenlp_2024/onnx/ruarobot/perturbations_0.onnx,/home/elipregerson/nnenum/vnncomp2025_benchmarks/benchmarks/safenlp_2024/vnnlib/ruarobot/hyperrectangle_6397.vnnlib,.006266947,sat,.631443135
safenlp_2024,/home/elipregerson/nnenum/vnncomp2025_benchmarks/benchmarks/safenlp_2024/onnx/ruarobot/perturbations_0.onnx,/home/elipregerson/nnenum/vnncomp2025_benchmarks/benchmarks/safenlp_2024/vnnlib/ruarobot/hyperrectangle_6586.vnnlib,.006331494,sat,.646244157
safenlp_2024,/home/elipregerson/nnenum/vnncomp2025_benchmarks/benchmarks/safenlp_2024/onnx/ruarobot/perturbations_0.onnx,/home/elipregerson/nnenum/vnncomp2025_benchmarks/benchmarks/safenlp_2024/vnnlib/ruarobot/hyperrectangle_1072.vnnlib,.006302744,sat,.637169528
safenlp_2024,/home/elipregerson/nnenum/vnncomp2025_benchmarks/benchmarks/safenlp_2024/onnx/ruarobot/perturbations_0.onnx,/home/elipregerson/nnenum/vnncomp2025_benchmarks/benchmarks/safenlp_2024/vnnlib/ruarobot/hyperrectangle_4651.vnnlib,.006127128,sat,.634144231
safenlp_2024,/home/elipregerson/nnenum/vnncomp2025_benchmarks/benchmarks/safenlp_2024/onnx/ruarobot/perturbations_0.onnx,/home/elipregerson/nnenum/vnncomp2025_benchmarks/benchmarks/safenlp_2024/vnnlib/ruarobot/hyperrectangle_71.vnnlib,.006026242,sat,.626867934
safenlp_2024,/home/elipregerson/nnenum/vnncomp2025_benchmarks/benchmarks/safenlp_2024/onnx/ruarobot/perturbations_0.onnx,/home/elipregerson/nnenum/vnncomp2025_benchmarks/benchmarks/safenlp_2024/vnnlib/ruarobot/hyperrectangle_3965.vnnlib,.005988879,sat,.635210074
safenlp_2024,/home/elipregerson/nnenum/vnncomp2025_benchmarks/benchmarks/safenlp_2024/onnx/ruarobot/perturbations_0.onnx,/home/elipregerson/nnenum/vnncomp2025_benchmarks/benchmarks/safenlp_2024/vnnlib/ruarobot/hyperrectangle_3056.vnnlib,.006152894,sat,.639682218
safenlp_2024,/home/elipregerson/nnenum/vnncomp2025_benchmarks/benchmarks/safenlp_2024/onnx/ruarobot/perturbations_0.onnx,/home/elipregerson/nnenum/vnncomp2025_benchmarks/benchmarks/safenlp_2024/vnnlib/ruarobot/hyperrectangle_7483.vnnlib,.006019575,sat,.638595834
safenlp_2024,/home/elipregerson/nnenum/vnncomp2025_benchmarks/benchmarks/safenlp_2024/onnx/ruarobot/perturbations_0.onnx,/home/elipregerson/nnenum/vnncomp2025_benchmarks/benchmarks/safenlp_2024/vnnlib/ruarobot/hyperrectangle_1682.vnnlib,.006023152,timeout,20.562250539
safenlp_2024,/home/elipregerson/nnenum/vnncomp2025_benchmarks/benchmarks/safenlp_2024/onnx/medical/perturbations_0.onnx,/home/elipregerson/nnenum/vnncomp2025_benchmarks/benchmarks/safenlp_2024/vnnlib/medical/hyperrectangle_1091.vnnlib,.006105846,unsat,.845544439
safenlp_2024,/home/elipregerson/nnenum/vnncomp2025_benchmarks/benchmarks/safenlp_2024/onnx/medical/perturbations_0.onnx,/home/elipregerson/nnenum/vnncomp2025_benchmarks/benchmarks/safenlp_2024/vnnlib/medical/hyperrectangle_1309.vnnlib,.006057927,unsat,.591855438
safenlp_2024,/home/elipregerson/nnenum/vnncomp2025_benchmarks/benchmarks/safenlp_2024/onnx/ruarobot/perturbations_0.onnx,/home/elipregerson/nnenum/vnncomp2025_benchmarks/benchmarks/safenlp_2024/vnnlib/ruarobot/hyperrectangle_6931.vnnlib,.006076039,sat,.691537732
safenlp_2024,/home/elipregerson/nnenum/vnncomp2025_benchmarks/benchmarks/safenlp_2024/onnx/ruarobot/perturbations_0.onnx,/home/elipregerson/nnenum/vnncomp2025_benchmarks/benchmarks/safenlp_2024/vnnlib/ruarobot/hyperrectangle_418.vnnlib,.006154779,sat,.635545691
safenlp_2024,/home/elipregerson/nnenum/vnncomp2025_benchmarks/benchmarks/safenlp_2024/onnx/ruarobot/perturbations_0.onnx,/home/elipregerson/nnenum/vnncomp2025_benchmarks/benchmarks/safenlp_2024/vnnlib/ruarobot/hyperrectangle_5859.vnnlib,.006096998,sat,.629311303
safenlp_2024,/home/elipregerson/nnenum/vnncomp2025_benchmarks/benchmarks/safenlp_2024/onnx/medical/perturbations_0.onnx,/home/elipregerson/nnenum/vnncomp2025_benchmarks/benchmarks/safenlp_2024/vnnlib/medical/hyperrectangle_700.vnnlib,.006200394,unsat,.604022515
safenlp_2024,/home/elipregerson/nnenum/vnncomp2025_benchmarks/benchmarks/safenlp_2024/onnx/medical/perturbations_0.onnx,/home/elipregerson/nnenum/vnncomp2025_benchmarks/benchmarks/safenlp_2024/vnnlib/medical/hyperrectangle_2742.vnnlib,.006118680,unsat,.596271953
safenlp_2024,/home/elipregerson/nnenum/vnncomp2025_benchmarks/benchmarks/safenlp_2024/onnx/ruarobot/perturbations_0.onnx,/home/elipregerson/nnenum/vnncomp2025_benchmarks/benchmarks/safenlp_2024/vnnlib/ruarobot/hyperrectangle_3495.vnnlib,.006102777,sat,.684704305
safenlp_2024,/home/elipregerson/nnenum/vnncomp2025_benchmarks/benchmarks/safenlp_2024/onnx/ruarobot/perturbations_0.onnx,/home/elipregerson/nnenum/vnncomp2025_benchmarks/benchmarks/safenlp_2024/vnnlib/ruarobot/hyperrectangle_4291.vnnlib,.006255486,timeout,20.553528279
safenlp_2024,/home/elipregerson/nnenum/vnncomp2025_benchmarks/benchmarks/safenlp_2024/onnx/medical/perturbations_0.onnx,/home/elipregerson/nnenum/vnncomp2025_benchmarks/benchmarks/safenlp_2024/vnnlib/medical/hyperrectangle_1464.vnnlib,.006058335,unsat,.596473496
safenlp_2024,/home/elipregerson/nnenum/vnncomp2025_benchmarks/benchmarks/safenlp_2024/onnx/ruarobot/perturbations_0.onnx,/home/elipregerson/nnenum/vnncomp2025_benchmarks/benchmarks/safenlp_2024/vnnlib/ruarobot/hyperrectangle_7154.vnnlib,.006187140,unsat,19.816843684
safenlp_2024,/home/elipregerson/nnenum/vnncomp2025_benchmarks/benchmarks/safenlp_2024/onnx/medical/perturbations_0.onnx,/home/elipregerson/nnenum/vnncomp2025_benchmarks/benchmarks/safenlp_2024/vnnlib/medical/hyperrectangle_262.vnnlib,.006186997,unsat,.594066297
safenlp_2024,/home/elipregerson/nnenum/vnncomp2025_benchmarks/benchmarks/safenlp_2024/onnx/ruarobot/perturbations_0.onnx,/home/elipregerson/nnenum/vnncomp2025_benchmarks/benchmarks/safenlp_2024/vnnlib/ruarobot/hyperrectangle_831.vnnlib,.005948148,unsat,.585749793
safenlp_2024,/home/elipregerson/nnenum/vnncomp2025_benchmarks/benchmarks/safenlp_2024/onnx/ruarobot/perturbations_0.onnx,/home/elipregerson/nnenum/vnncomp2025_benchmarks/benchmarks/safenlp_2024/vnnlib/ruarobot/hyperrectangle_6807.vnnlib,.005947596,sat,.638908315
safenlp_2024,/home/elipregerson/nnenum/vnncomp2025_benchmarks/benchmarks/safenlp_2024/onnx/ruarobot/perturbations_0.onnx,/home/elipregerson/nnenum/vnncomp2025_benchmarks/benchmarks/safenlp_2024/vnnlib/ruarobot/hyperrectangle_2038.vnnlib,.006078209,sat,.639034012
safenlp_2024,/home/elipregerson/nnenum/vnncomp2025_benchmarks/benchmarks/safenlp_2024/onnx/ruarobot/perturbations_0.onnx,/home/elipregerson/nnenum/vnncomp2025_benchmarks/benchmarks/safenlp_2024/vnnlib/ruarobot/hyperrectangle_3772.vnnlib,.006028550,sat,.639497811
safenlp_2024,/home/elipregerson/nnenum/vnncomp2025_benchmarks/benchmarks/safenlp_2024/onnx/ruarobot/perturbations_0.onnx,/home/elipregerson/nnenum/vnncomp2025_benchmarks/benchmarks/safenlp_2024/vnnlib/ruarobot/hyperrectangle_5181.vnnlib,.006045632,sat,.640735957
safenlp_2024,/home/elipregerson/nnenum/vnncomp2025_benchmarks/benchmarks/safenlp_2024/onnx/ruarobot/perturbations_0.onnx,/home/elipregerson/nnenum/vnncomp2025_benchmarks/benchmarks/safenlp_2024/vnnlib/ruarobot/hyperrectangle_4121.vnnlib,.006088709,timeout,20.553610574
safenlp_2024,/home/elipregerson/nnenum/vnncomp2025_benchmarks/benchmarks/safenlp_2024/onnx/ruarobot/perturbations_0.onnx,/home/elipregerson/nnenum/vnncomp2025_benchmarks/benchmarks/safenlp_2024/vnnlib/ruarobot/hyperrectangle_1602.vnnlib,.006122062,sat,.630719549
safenlp_2024,/home/elipregerson/nnenum/vnncomp2025_benchmarks/benchmarks/safenlp_2024/onnx/ruarobot/perturbations_0.onnx,/home/elipregerson/nnenum/vnncomp2025_benchmarks/benchmarks/safenlp_2024/vnnlib/ruarobot/hyperrectangle_2543.vnnlib,.006079680,sat,.628032632
safenlp_2024,/home/elipregerson/nnenum/vnncomp2025_benchmarks/benchmarks/safenlp_2024/onnx/ruarobot/perturbations_0.onnx,/home/elipregerson/nnenum/vnncomp2025_benchmarks/benchmarks/safenlp_2024/vnnlib/ruarobot/hyperrectangle_2660.vnnlib,.006270641,sat,.625353711
safenlp_2024,/home/elipregerson/nnenum/vnncomp2025_benchmarks/benchmarks/safenlp_2024/onnx/ruarobot/perturbations_0.onnx,/home/elipregerson/nnenum/vnncomp2025_benchmarks/benchmarks/safenlp_2024/vnnlib/ruarobot/hyperrectangle_942.vnnlib,.006125247,timeout,20.549274179
safenlp_2024,/home/elipregerson/nnenum/vnncomp2025_benchmarks/benchmarks/safenlp_2024/onnx/ruarobot/perturbations_0.onnx,/home/elipregerson/nnenum/vnncomp2025_benchmarks/benchmarks/safenlp_2024/vnnlib/ruarobot/hyperrectangle_6702.vnnlib,.006484642,sat,.698688080
safenlp_2024,/home/elipregerson/nnenum/vnncomp2025_benchmarks/benchmarks/safenlp_2024/onnx/ruarobot/perturbations_0.onnx,/home/elipregerson/nnenum/vnncomp2025_benchmarks/benchmarks/safenlp_2024/vnnlib/ruarobot/hyperrectangle_7681.vnnlib,.006168888,sat,.642760452
safenlp_2024,/home/elipregerson/nnenum/vnncomp2025_benchmarks/benchmarks/safenlp_2024/onnx/medical/perturbations_0.onnx,/home/elipregerson/nnenum/vnncomp2025_benchmarks/benchmarks/safenlp_2024/vnnlib/medical/hyperrectangle_506.vnnlib,.006350948,unsat,.588863160
safenlp_2024,/home/elipregerson/nnenum/vnncomp2025_benchmarks/benchmarks/safenlp_2024/onnx/medical/perturbations_0.onnx,/home/elipregerson/nnenum/vnncomp2025_benchmarks/benchmarks/safenlp_2024/vnnlib/medical/hyperrectangle_1854.vnnlib,.006613254,unsat,1.143107010
safenlp_2024,/home/elipregerson/nnenum/vnncomp2025_benchmarks/benchmarks/safenlp_2024/onnx/ruarobot/perturbations_0.onnx,/home/elipregerson/nnenum/vnncomp2025_benchmarks/benchmarks/safenlp_2024/vnnlib/ruarobot/hyperrectangle_5345.vnnlib,.006260061,unsat,2.425136809
safenlp_2024,/home/elipregerson/nnenum/vnncomp2025_benchmarks/benchmarks/safenlp_2024/onnx/medical/perturbations_0.onnx,/home/elipregerson/nnenum/vnncomp2025_benchmarks/benchmarks/safenlp_2024/vnnlib/medical/hyperrectangle_2624.vnnlib,.006032051,timeout,20.548894318
safenlp_2024,/home/elipregerson/nnenum/vnncomp2025_benchmarks/benchmarks/safenlp_2024/onnx/ruarobot/perturbations_0.onnx,/home/elipregerson/nnenum/vnncomp2025_benchmarks/benchmarks/safenlp_2024/vnnlib/ruarobot/hyperrectangle_7016.vnnlib,.006051201,sat,.639106152
safenlp_2024,/home/elipregerson/nnenum/vnncomp2025_benchmarks/benchmarks/safenlp_2024/onnx/ruarobot/perturbations_0.onnx,/home/elipregerson/nnenum/vnncomp2025_benchmarks/benchmarks/safenlp_2024/vnnlib/ruarobot/hyperrectangle_4456.vnnlib,.006056028,unsat,.912181018
safenlp_2024,/home/elipregerson/nnenum/vnncomp2025_benchmarks/benchmarks/safenlp_2024/onnx/medical/perturbations_0.onnx,/home/elipregerson/nnenum/vnncomp2025_benchmarks/benchmarks/safenlp_2024/vnnlib/medical/hyperrectangle_2119.vnnlib,.006253545,sat,.641194821
safenlp_2024,/home/elipregerson/nnenum/vnncomp2025_benchmarks/benchmarks/safenlp_2024/onnx/ruarobot/perturbations_0.onnx,/home/elipregerson/nnenum/vnncomp2025_benchmarks/benchmarks/safenlp_2024/vnnlib/ruarobot/hyperrectangle_6119.vnnlib,.006522225,timeout,20.553628681
safenlp_2024,/home/elipregerson/nnenum/vnncomp2025_benchmarks/benchmarks/safenlp_2024/onnx/ruarobot/perturbations_0.onnx,/home/elipregerson/nnenum/vnncomp2025_benchmarks/benchmarks/safenlp_2024/vnnlib/ruarobot/hyperrectangle_3870.vnnlib,.006168311,timeout,20.554194257
safenlp_2024,/home/elipregerson/nnenum/vnncomp2025_benchmarks/benchmarks/safenlp_2024/onnx/ruarobot/perturbations_0.onnx,/home/elipregerson/nnenum/vnncomp2025_benchmarks/benchmarks/safenlp_2024/vnnlib/ruarobot/hyperrectangle_7203.vnnlib,.006176534,sat,.631829518
safenlp_2024,/home/elipregerson/nnenum/vnncomp2025_benchmarks/benchmarks/safenlp_2024/onnx/ruarobot/perturbations_0.onnx,/home/elipregerson/nnenum/vnncomp2025_benchmarks/benchmarks/safenlp_2024/vnnlib/ruarobot/hyperrectangle_5984.vnnlib,.006304551,timeout,20.556651913
safenlp_2024,/home/elipregerson/nnenum/vnncomp2025_benchmarks/benchmarks/safenlp_2024/onnx/ruarobot/perturbations_0.onnx,/home/elipregerson/nnenum/vnncomp2025_benchmarks/benchmarks/safenlp_2024/vnnlib/ruarobot/hyperrectangle_2460.vnnlib,.006082152,sat,.586352654
safenlp_2024,/home/elipregerson/nnenum/vnncomp2025_benchmarks/benchmarks/safenlp_2024/onnx/medical/perturbations_0.onnx,/home/elipregerson/nnenum/vnncomp2025_benchmarks/benchmarks/safenlp_2024/vnnlib/medical/hyperrectangle_1889.vnnlib,.006093079,unsat,.594086498
safenlp_2024,/home/elipregerson/nnenum/vnncomp2025_benchmarks/benchmarks/safenlp_2024/onnx/ruarobot/perturbations_0.onnx,/home/elipregerson/nnenum/vnncomp2025_benchmarks/benchmarks/safenlp_2024/vnnlib/ruarobot/hyperrectangle_65.vnnlib,.005968191,sat,.697244589
safenlp_2024,/home/elipregerson/nnenum/vnncomp2025_benchmarks/benchmarks/safenlp_2024/onnx/ruarobot/perturbations_0.onnx,/home/elipregerson/nnenum/vnncomp2025_benchmarks/benchmarks/safenlp_2024/vnnlib/ruarobot/hyperrectangle_2206.vnnlib,.006167977,sat,.633848070
safenlp_2024,/home/elipregerson/nnenum/vnncomp2025_benchmarks/benchmarks/safenlp_2024/onnx/ruarobot/perturbations_0.onnx,/home/elipregerson/nnenum/vnncomp2025_benchmarks/benchmarks/safenlp_2024/vnnlib/ruarobot/hyperrectangle_5054.vnnlib,.006408805,sat,.636670293
safenlp_2024,/home/elipregerson/nnenum/vnncomp2025_benchmarks/benchmarks/safenlp_2024/onnx/ruarobot/perturbations_0.onnx,/home/elipregerson/nnenum/vnncomp2025_benchmarks/benchmarks/safenlp_2024/vnnlib/ruarobot/hyperrectangle_1220.vnnlib,.006032571,sat,.648388956
safenlp_2024,/home/elipregerson/nnenum/vnncomp2025_benchmarks/benchmarks/safenlp_2024/onnx/ruarobot/perturbations_0.onnx,/home/elipregerson/nnenum/vnncomp2025_benchmarks/benchmarks/safenlp_2024/vnnlib/ruarobot/hyperrectangle_4521.vnnlib,.006384744,timeout,20.576238962
safenlp_2024,/home/elipregerson/nnenum/vnncomp2025_benchmarks/benchmarks/safenlp_2024/onnx/ruarobot/perturbations_0.onnx,/home/elipregerson/nnenum/vnncomp2025_benchmarks/benchmarks/safenlp_2024/vnnlib/ruarobot/hyperrectangle_2900.vnnlib,.008536603,unsat,2.316805522
safenlp_2024,/home/elipregerson/nnenum/vnncomp2025_benchmarks/benchmarks/safenlp_2024/onnx/medical/perturbations_0.onnx,/home/elipregerson/nnenum/vnncomp2025_benchmarks/benchmarks/safenlp_2024/vnnlib/medical/hyperrectangle_716.vnnlib,.006123096,sat,.649906926
safenlp_2024,/home/elipregerson/nnenum/vnncomp2025_benchmarks/benchmarks/safenlp_2024/onnx/medical/perturbations_0.onnx,/home/elipregerson/nnenum/vnncomp2025_benchmarks/benchmarks/safenlp_2024/vnnlib/medical/hyperrectangle_943.vnnlib,.006124331,unsat,.774430309
safenlp_2024,/home/elipregerson/nnenum/vnncomp2025_benchmarks/benchmarks/safenlp_2024/onnx/ruarobot/perturbations_0.onnx,/home/elipregerson/nnenum/vnncomp2025_benchmarks/benchmarks/safenlp_2024/vnnlib/ruarobot/hyperrectangle_6315.vnnlib,.006102745,sat,.641566554
safenlp_2024,/home/elipregerson/nnenum/vnncomp2025_benchmarks/benchmarks/safenlp_2024/onnx/medical/perturbations_0.onnx,/home/elipregerson/nnenum/vnncomp2025_benchmarks/benchmarks/safenlp_2024/vnnlib/medical/hyperrectangle_722.vnnlib,.006105239,unsat,1.973705584
safenlp_2024,/home/elipregerson/nnenum/vnncomp2025_benchmarks/benchmarks/safenlp_2024/onnx/medical/perturbations_0.onnx,/home/elipregerson/nnenum/vnncomp2025_benchmarks/benchmarks/safenlp_2024/vnnlib/medical/hyperrectangle_956.vnnlib,.006246239,timeout,20.554388813
safenlp_2024,/home/elipregerson/nnenum/vnncomp2025_benchmarks/benchmarks/safenlp_2024/onnx/ruarobot/perturbations_0.onnx,/home/elipregerson/nnenum/vnncomp2025_benchmarks/benchmarks/safenlp_2024/vnnlib/ruarobot/hyperrectangle_3319.vnnlib,.006172336,unsat,18.407601847
safenlp_2024,/home/elipregerson/nnenum/vnncomp2025_benchmarks/benchmarks/safenlp_2024/onnx/medical/perturbations_0.onnx,/home/elipregerson/nnenum/vnncomp2025_benchmarks/benchmarks/safenlp_2024/vnnlib/medical/hyperrectangle_34.vnnlib,.006165265,unsat,.602582988
safenlp_2024,/home/elipregerson/nnenum/vnncomp2025_benchmarks/benchmarks/safenlp_2024/onnx/ruarobot/perturbations_0.onnx,/home/elipregerson/nnenum/vnncomp2025_benchmarks/benchmarks/safenlp_2024/vnnlib/ruarobot/hyperrectangle_5397.vnnlib,.006266787,unsat,.729496631
safenlp_2024,/home/elipregerson/nnenum/vnncomp2025_benchmarks/benchmarks/safenlp_2024/onnx/ruarobot/perturbations_0.onnx,/home/elipregerson/nnenum/vnncomp2025_benchmarks/benchmarks/safenlp_2024/vnnlib/ruarobot/hyperrectangle_7225.vnnlib,.006026317,sat,.633125132
safenlp_2024,/home/elipregerson/nnenum/vnncomp2025_benchmarks/benchmarks/safenlp_2024/onnx/ruarobot/perturbations_0.onnx,/home/elipregerson/nnenum/vnncomp2025_benchmarks/benchmarks/safenlp_2024/vnnlib/ruarobot/hyperrectangle_6132.vnnlib,.006714321,sat,.712888321
safenlp_2024,/home/elipregerson/nnenum/vnncomp2025_benchmarks/benchmarks/safenlp_2024/onnx/ruarobot/perturbations_0.onnx,/home/elipregerson/nnenum/vnncomp2025_benchmarks/benchmarks/safenlp_2024/vnnlib/ruarobot/hyperrectangle_2895.vnnlib,.006024018,timeout,20.578924744
safenlp_2024,/home/elipregerson/nnenum/vnncomp2025_benchmarks/benchmarks/safenlp_2024/onnx/ruarobot/perturbations_0.onnx,/home/elipregerson/nnenum/vnncomp2025_benchmarks/benchmarks/safenlp_2024/vnnlib/ruarobot/hyperrectangle_4265.vnnlib,.008302695,sat,1.030115492
safenlp_2024,/home/elipregerson/nnenum/vnncomp2025_benchmarks/benchmarks/safenlp_2024/onnx/ruarobot/perturbations_0.onnx,/home/elipregerson/nnenum/vnncomp2025_benchmarks/benchmarks/safenlp_2024/vnnlib/ruarobot/hyperrectangle_5696.vnnlib,.006342299,unsat,3.817548069
safenlp_2024,/home/elipregerson/nnenum/vnncomp2025_benchmarks/benchmarks/safenlp_2024/onnx/ruarobot/perturbations_0.onnx,/home/elipregerson/nnenum/vnncomp2025_benchmarks/benchmarks/safenlp_2024/vnnlib/ruarobot/hyperrectangle_5886.vnnlib,.006166325,sat,.641899720
safenlp_2024,/home/elipregerson/nnenum/vnncomp2025_benchmarks/benchmarks/safenlp_2024/onnx/ruarobot/perturbations_0.onnx,/home/elipregerson/nnenum/vnncomp2025_benchmarks/benchmarks/safenlp_2024/vnnlib/ruarobot/hyperrectangle_7561.vnnlib,.006489762,sat,.639536235
safenlp_2024,/home/elipregerson/nnenum/vnncomp2025_benchmarks/benchmarks/safenlp_2024/onnx/medical/perturbations_0.onnx,/home/elipregerson/nnenum/vnncomp2025_benchmarks/benchmarks/safenlp_2024/vnnlib/medical/hyperrectangle_958.vnnlib,.006052698,sat,.637049409
safenlp_2024,/home/elipregerson/nnenum/vnncomp2025_benchmarks/benchmarks/safenlp_2024/onnx/ruarobot/perturbations_0.onnx,/home/elipregerson/nnenum/vnncomp2025_benchmarks/benchmarks/safenlp_2024/vnnlib/ruarobot/hyperrectangle_1356.vnnlib,.006039169,sat,.758849563
safenlp_2024,/home/elipregerson/nnenum/vnncomp2025_benchmarks/benchmarks/safenlp_2024/onnx/ruarobot/perturbations_0.onnx,/home/elipregerson/nnenum/vnncomp2025_benchmarks/benchmarks/safenlp_2024/vnnlib/ruarobot/hyperrectangle_3285.vnnlib,.006107618,sat,.639593585
safenlp_2024,/home/elipregerson/nnenum/vnncomp2025_benchmarks/benchmarks/safenlp_2024/onnx/ruarobot/perturbations_0.onnx,/home/elipregerson/nnenum/vnncomp2025_benchmarks/benchmarks/safenlp_2024/vnnlib/ruarobot/hyperrectangle_4948.vnnlib,.006357660,sat,.642013371
safenlp_2024,/home/elipregerson/nnenum/vnncomp2025_benchmarks/benchmarks/safenlp_2024/onnx/ruarobot/perturbations_0.onnx,/home/elipregerson/nnenum/vnncomp2025_benchmarks/benchmarks/safenlp_2024/vnnlib/ruarobot/hyperrectangle_3935.vnnlib,.006356022,sat,.628793455
safenlp_2024,/home/elipregerson/nnenum/vnncomp2025_benchmarks/benchmarks/safenlp_2024/onnx/ruarobot/perturbations_0.onnx,/home/elipregerson/nnenum/vnncomp2025_benchmarks/benchmarks/safenlp_2024/vnnlib/ruarobot/hyperrectangle_5962.vnnlib,.006056068,sat,.647532688
safenlp_2024,/home/elipregerson/nnenum/vnncomp2025_benchmarks/benchmarks/safenlp_2024/onnx/ruarobot/perturbations_0.onnx,/home/elipregerson/nnenum/vnncomp2025_benchmarks/benchmarks/safenlp_2024/vnnlib/ruarobot/hyperrectangle_385.vnnlib,.005987495,sat,.641670659
safenlp_2024,/home/elipregerson/nnenum/vnncomp2025_benchmarks/benchmarks/safenlp_2024/onnx/ruarobot/perturbations_0.onnx,/home/elipregerson/nnenum/vnncomp2025_benchmarks/benchmarks/safenlp_2024/vnnlib/ruarobot/hyperrectangle_6277.vnnlib,.005959037,unsat,.814680380
safenlp_2024,/home/elipregerson/nnenum/vnncomp2025_benchmarks/benchmarks/safenlp_2024/onnx/ruarobot/perturbations_0.onnx,/home/elipregerson/nnenum/vnncomp2025_benchmarks/benchmarks/safenlp_2024/vnnlib/ruarobot/hyperrectangle_4870.vnnlib,.006261069,sat,.643058140
safenlp_2024,/home/elipregerson/nnenum/vnncomp2025_benchmarks/benchmarks/safenlp_2024/onnx/ruarobot/perturbations_0.onnx,/home/elipregerson/nnenum/vnncomp2025_benchmarks/benchmarks/safenlp_2024/vnnlib/ruarobot/hyperrectangle_4773.vnnlib,.006380004,unsat,.659281424
safenlp_2024,/home/elipregerson/nnenum/vnncomp2025_benchmarks/benchmarks/safenlp_2024/onnx/ruarobot/perturbations_0.onnx,/home/elipregerson/nnenum/vnncomp2025_benchmarks/benchmarks/safenlp_2024/vnnlib/ruarobot/hyperrectangle_6672.vnnlib,.006027109,sat,.636406880
safenlp_2024,/home/elipregerson/nnenum/vnncomp2025_benchmarks/benchmarks/safenlp_2024/onnx/ruarobot/perturbations_0.onnx,/home/elipregerson/nnenum/vnncomp2025_benchmarks/benchmarks/safenlp_2024/vnnlib/ruarobot/hyperrectangle_2804.vnnlib,.006121983,sat,.638469875
safenlp_2024,/home/elipregerson/nnenum/vnncomp2025_benchmarks/benchmarks/safenlp_2024/onnx/ruarobot/perturbations_0.onnx,/home/elipregerson/nnenum/vnncomp2025_benchmarks/benchmarks/safenlp_2024/vnnlib/ruarobot/hyperrectangle_3333.vnnlib,.006177675,sat,.634239063
safenlp_2024,/home/elipregerson/nnenum/vnncomp2025_benchmarks/benchmarks/safenlp_2024/onnx/ruarobot/perturbations_0.onnx,/home/elipregerson/nnenum/vnncomp2025_benchmarks/benchmarks/safenlp_2024/vnnlib/ruarobot/hyperrectangle_347.vnnlib,.006321760,sat,.637438796
safenlp_2024,/home/elipregerson/nnenum/vnncomp2025_benchmarks/benchmarks/safenlp_2024/onnx/ruarobot/perturbations_0.onnx,/home/elipregerson/nnenum/vnncomp2025_benchmarks/benchmarks/safenlp_2024/vnnlib/ruarobot/hyperrectangle_1534.vnnlib,.006031244,sat,.651549656
safenlp_2024,/home/elipregerson/nnenum/vnncomp2025_benchmarks/benchmarks/safenlp_2024/onnx/medical/perturbations_0.onnx,/home/elipregerson/nnenum/vnncomp2025_benchmarks/benchmarks/safenlp_2024/vnnlib/medical/hyperrectangle_869.vnnlib,.006036373,sat,.646900501
safenlp_2024,/home/elipregerson/nnenum/vnncomp2025_benchmarks/benchmarks/safenlp_2024/onnx/ruarobot/perturbations_0.onnx,/home/elipregerson/nnenum/vnncomp2025_benchmarks/benchmarks/safenlp_2024/vnnlib/ruarobot/hyperrectangle_3036.vnnlib,.006003933,sat,.629139919
safenlp_2024,/home/elipregerson/nnenum/vnncomp2025_benchmarks/benchmarks/safenlp_2024/onnx/ruarobot/perturbations_0.onnx,/home/elipregerson/nnenum/vnncomp2025_benchmarks/benchmarks/safenlp_2024/vnnlib/ruarobot/hyperrectangle_3555.vnnlib,.006390767,timeout,20.569966869
safenlp_2024,/home/elipregerson/nnenum/vnncomp2025_benchmarks/benchmarks/safenlp_2024/onnx/ruarobot/perturbations_0.onnx,/home/elipregerson/nnenum/vnncomp2025_benchmarks/benchmarks/safenlp_2024/vnnlib/ruarobot/hyperrectangle_1420.vnnlib,.006116558,sat,.630042864
safenlp_2024,/home/elipregerson/nnenum/vnncomp2025_benchmarks/benchmarks/safenlp_2024/onnx/ruarobot/perturbations_0.onnx,/home/elipregerson/nnenum/vnncomp2025_benchmarks/benchmarks/safenlp_2024/vnnlib/ruarobot/hyperrectangle_1697.vnnlib,.006695678,sat,.633603211
safenlp_2024,/home/elipregerson/nnenum/vnncomp2025_benchmarks/benchmarks/safenlp_2024/onnx/medical/perturbations_0.onnx,/home/elipregerson/nnenum/vnncomp2025_benchmarks/benchmarks/safenlp_2024/vnnlib/medical/hyperrectangle_841.vnnlib,.006091433,unsat,.586900753
safenlp_2024,/home/elipregerson/nnenum/vnncomp2025_benchmarks/benchmarks/safenlp_2024/onnx/medical/perturbations_0.onnx,/home/elipregerson/nnenum/vnncomp2025_benchmarks/benchmarks/safenlp_2024/vnnlib/medical/hyperrectangle_771.vnnlib,.006025881,sat,.675219556
safenlp_2024,/home/elipregerson/nnenum/vnncomp2025_benchmarks/benchmarks/safenlp_2024/onnx/ruarobot/perturbations_0.onnx,/home/elipregerson/nnenum/vnncomp2025_benchmarks/benchmarks/safenlp_2024/vnnlib/ruarobot/hyperrectangle_58.vnnlib,.006081772,sat,.637312326
safenlp_2024,/home/elipregerson/nnenum/vnncomp2025_benchmarks/benchmarks/safenlp_2024/onnx/ruarobot/perturbations_0.onnx,/home/elipregerson/nnenum/vnncomp2025_benchmarks/benchmarks/safenlp_2024/vnnlib/ruarobot/hyperrectangle_6020.vnnlib,.006182800,sat,.640952687
safenlp_2024,/home/elipregerson/nnenum/vnncomp2025_benchmarks/benchmarks/safenlp_2024/onnx/medical/perturbations_0.onnx,/home/elipregerson/nnenum/vnncomp2025_benchmarks/benchmarks/safenlp_2024/vnnlib/medical/hyperrectangle_1748.vnnlib,.006388499,unsat,.586952412
safenlp_2024,/home/elipregerson/nnenum/vnncomp2025_benchmarks/benchmarks/safenlp_2024/onnx/ruarobot/perturbations_0.onnx,/home/elipregerson/nnenum/vnncomp2025_benchmarks/benchmarks/safenlp_2024/vnnlib/ruarobot/hyperrectangle_5001.vnnlib,.006087309,unsat,1.192989883
safenlp_2024,/home/elipregerson/nnenum/vnncomp2025_benchmarks/benchmarks/safenlp_2024/onnx/ruarobot/perturbations_0.onnx,/home/elipregerson/nnenum/vnncomp2025_benchmarks/benchmarks/safenlp_2024/vnnlib/ruarobot/hyperrectangle_1190.vnnlib,.006515783,timeout,20.546383989
safenlp_2024,/home/elipregerson/nnenum/vnncomp2025_benchmarks/benchmarks/safenlp_2024/onnx/ruarobot/perturbations_0.onnx,/home/elipregerson/nnenum/vnncomp2025_benchmarks/benchmarks/safenlp_2024/vnnlib/ruarobot/hyperrectangle_6503.vnnlib,.006117198,sat,.633830459
safenlp_2024,/home/elipregerson/nnenum/vnncomp2025_benchmarks/benchmarks/safenlp_2024/onnx/medical/perturbations_0.onnx,/home/elipregerson/nnenum/vnncomp2025_benchmarks/benchmarks/safenlp_2024/vnnlib/medical/hyperrectangle_59.vnnlib,.006021361,unsat,.584064662
safenlp_2024,/home/elipregerson/nnenum/vnncomp2025_benchmarks/benchmarks/safenlp_2024/onnx/ruarobot/perturbations_0.onnx,/home/elipregerson/nnenum/vnncomp2025_benchmarks/benchmarks/safenlp_2024/vnnlib/ruarobot/hyperrectangle_3702.vnnlib,.005999132,sat,.634304959
safenlp_2024,/home/elipregerson/nnenum/vnncomp2025_benchmarks/benchmarks/safenlp_2024/onnx/ruarobot/perturbations_0.onnx,/home/elipregerson/nnenum/vnncomp2025_benchmarks/benchmarks/safenlp_2024/vnnlib/ruarobot/hyperrectangle_2820.vnnlib,.006344154,unsat,1.953429164
safenlp_2024,/home/elipregerson/nnenum/vnncomp2025_benchmarks/benchmarks/safenlp_2024/onnx/ruarobot/perturbations_0.onnx,/home/elipregerson/nnenum/vnncomp2025_benchmarks/benchmarks/safenlp_2024/vnnlib/ruarobot/hyperrectangle_7750.vnnlib,.006348211,sat,.639250057
safenlp_2024,/home/elipregerson/nnenum/vnncomp2025_benchmarks/benchmarks/safenlp_2024/onnx/ruarobot/perturbations_0.onnx,/home/elipregerson/nnenum/vnncomp2025_benchmarks/benchmarks/safenlp_2024/vnnlib/ruarobot/hyperrectangle_1215.vnnlib,.006216520,sat,.632630323
safenlp_2024,/home/elipregerson/nnenum/vnncomp2025_benchmarks/benchmarks/safenlp_2024/onnx/ruarobot/perturbations_0.onnx,/home/elipregerson/nnenum/vnncomp2025_benchmarks/benchmarks/safenlp_2024/vnnlib/ruarobot/hyperrectangle_2365.vnnlib,.006062215,sat,.639975776
safenlp_2024,/home/elipregerson/nnenum/vnncomp2025_benchmarks/benchmarks/safenlp_2024/onnx/ruarobot/perturbations_0.onnx,/home/elipregerson/nnenum/vnncomp2025_benchmarks/benchmarks/safenlp_2024/vnnlib/ruarobot/hyperrectangle_4630.vnnlib,.006130619,sat,.629558116
safenlp_2024,/home/elipregerson/nnenum/vnncomp2025_benchmarks/benchmarks/safenlp_2024/onnx/ruarobot/perturbations_0.onnx,/home/elipregerson/nnenum/vnncomp2025_benchmarks/benchmarks/safenlp_2024/vnnlib/ruarobot/hyperrectangle_5063.vnnlib,.005985789,sat,.620322473
safenlp_2024,/home/elipregerson/nnenum/vnncomp2025_benchmarks/benchmarks/safenlp_2024/onnx/ruarobot/perturbations_0.onnx,/home/elipregerson/nnenum/vnncomp2025_benchmarks/benchmarks/safenlp_2024/vnnlib/ruarobot/hyperrectangle_3188.vnnlib,.006514480,sat,.631741236
safenlp_2024,/home/elipregerson/nnenum/vnncomp2025_benchmarks/benchmarks/safenlp_2024/onnx/ruarobot/perturbations_0.onnx,/home/elipregerson/nnenum/vnncomp2025_benchmarks/benchmarks/safenlp_2024/vnnlib/ruarobot/hyperrectangle_5457.vnnlib,.006477337,sat,.628714505
safenlp_2024,/home/elipregerson/nnenum/vnncomp2025_benchmarks/benchmarks/safenlp_2024/onnx/ruarobot/perturbations_0.onnx,/home/elipregerson/nnenum/vnncomp2025_benchmarks/benchmarks/safenlp_2024/vnnlib/ruarobot/hyperrectangle_7476.vnnlib,.006258868,unsat,.587860471
safenlp_2024,/home/elipregerson/nnenum/vnncomp2025_benchmarks/benchmarks/safenlp_2024/onnx/ruarobot/perturbations_0.onnx,/home/elipregerson/nnenum/vnncomp2025_benchmarks/benchmarks/safenlp_2024/vnnlib/ruarobot/hyperrectangle_3222.vnnlib,.006745390,sat,.637488542
safenlp_2024,/home/elipregerson/nnenum/vnncomp2025_benchmarks/benchmarks/safenlp_2024/onnx/ruarobot/perturbations_0.onnx,/home/elipregerson/nnenum/vnncomp2025_benchmarks/benchmarks/safenlp_2024/vnnlib/ruarobot/hyperrectangle_1064.vnnlib,.006197051,sat,.635955150
safenlp_2024,/home/elipregerson/nnenum/vnncomp2025_benchmarks/benchmarks/safenlp_2024/onnx/ruarobot/perturbations_0.onnx,/home/elipregerson/nnenum/vnncomp2025_benchmarks/benchmarks/safenlp_2024/vnnlib/ruarobot/hyperrectangle_5293.vnnlib,.006007721,sat,.621817756
safenlp_2024,/home/elipregerson/nnenum/vnncomp2025_benchmarks/benchmarks/safenlp_2024/onnx/ruarobot/perturbations_0.onnx,/home/elipregerson/nnenum/vnncomp2025_benchmarks/benchmarks/safenlp_2024/vnnlib/ruarobot/hyperrectangle_5643.vnnlib,.006060951,sat,.628731141
safenlp_2024,/home/elipregerson/nnenum/vnncomp2025_benchmarks/benchmarks/safenlp_2024/onnx/ruarobot/perturbations_0.onnx,/home/elipregerson/nnenum/vnncomp2025_benchmarks/benchmarks/safenlp_2024/vnnlib/ruarobot/hyperrectangle_6743.vnnlib,.006006046,sat,.633856897
safenlp_2024,/home/elipregerson/nnenum/vnncomp2025_benchmarks/benchmarks/safenlp_2024/onnx/medical/perturbations_0.onnx,/home/elipregerson/nnenum/vnncomp2025_benchmarks/benchmarks/safenlp_2024/vnnlib/medical/hyperrectangle_1047.vnnlib,.006047048,unsat,.588431210
safenlp_2024,/home/elipregerson/nnenum/vnncomp2025_benchmarks/benchmarks/safenlp_2024/onnx/ruarobot/perturbations_0.onnx,/home/elipregerson/nnenum/vnncomp2025_benchmarks/benchmarks/safenlp_2024/vnnlib/ruarobot/hyperrectangle_4958.vnnlib,.006128971,sat,.635695669
safenlp_2024,/home/elipregerson/nnenum/vnncomp2025_benchmarks/benchmarks/safenlp_2024/onnx/ruarobot/perturbations_0.onnx,/home/elipregerson/nnenum/vnncomp2025_benchmarks/benchmarks/safenlp_2024/vnnlib/ruarobot/hyperrectangle_7443.vnnlib,.006107510,sat,.629050426
safenlp_2024,/home/elipregerson/nnenum/vnncomp2025_benchmarks/benchmarks/safenlp_2024/onnx/medical/perturbations_0.onnx,/home/elipregerson/nnenum/vnncomp2025_benchmarks/benchmarks/safenlp_2024/vnnlib/medical/hyperrectangle_2698.vnnlib,.006067242,unsat,.972688190
safenlp_2024,/home/elipregerson/nnenum/vnncomp2025_benchmarks/benchmarks/safenlp_2024/onnx/medical/perturbations_0.onnx,/home/elipregerson/nnenum/vnncomp2025_benchmarks/benchmarks/safenlp_2024/vnnlib/medical/hyperrectangle_1215.vnnlib,.006284278,unsat,.597507013
safenlp_2024,/home/elipregerson/nnenum/vnncomp2025_benchmarks/benchmarks/safenlp_2024/onnx/medical/perturbations_0.onnx,/home/elipregerson/nnenum/vnncomp2025_benchmarks/benchmarks/safenlp_2024/vnnlib/medical/hyperrectangle_2322.vnnlib,.006095274,unsat,.934596524
safenlp_2024,/home/elipregerson/nnenum/vnncomp2025_benchmarks/benchmarks/safenlp_2024/onnx/ruarobot/perturbations_0.onnx,/home/elipregerson/nnenum/vnncomp2025_benchmarks/benchmarks/safenlp_2024/vnnlib/ruarobot/hyperrectangle_1219.vnnlib,.006238725,sat,.638242437
safenlp_2024,/home/elipregerson/nnenum/vnncomp2025_benchmarks/benchmarks/safenlp_2024/onnx/ruarobot/perturbations_0.onnx,/home/elipregerson/nnenum/vnncomp2025_benchmarks/benchmarks/safenlp_2024/vnnlib/ruarobot/hyperrectangle_5519.vnnlib,.015372707,sat,.601403735
safenlp_2024,/home/elipregerson/nnenum/vnncomp2025_benchmarks/benchmarks/safenlp_2024/onnx/medical/perturbations_0.onnx,/home/elipregerson/nnenum/vnncomp2025_benchmarks/benchmarks/safenlp_2024/vnnlib/medical/hyperrectangle_586.vnnlib,.007053254,unsat,.587624423
safenlp_2024,/home/elipregerson/nnenum/vnncomp2025_benchmarks/benchmarks/safenlp_2024/onnx/ruarobot/perturbations_0.onnx,/home/elipregerson/nnenum/vnncomp2025_benchmarks/benchmarks/safenlp_2024/vnnlib/ruarobot/hyperrectangle_6937.vnnlib,.006449389,unsat,1.014139169
safenlp_2024,/home/elipregerson/nnenum/vnncomp2025_benchmarks/benchmarks/safenlp_2024/onnx/medical/perturbations_0.onnx,/home/elipregerson/nnenum/vnncomp2025_benchmarks/benchmarks/safenlp_2024/vnnlib/medical/hyperrectangle_642.vnnlib,.005947705,unsat,.590541548
safenlp_2024,/home/elipregerson/nnenum/vnncomp2025_benchmarks/benchmarks/safenlp_2024/onnx/medical/perturbations_0.onnx,/home/elipregerson/nnenum/vnncomp2025_benchmarks/benchmarks/safenlp_2024/vnnlib/medical/hyperrectangle_866.vnnlib,.006173463,unsat,9.378161631
safenlp_2024,/home/elipregerson/nnenum/vnncomp2025_benchmarks/benchmarks/safenlp_2024/onnx/medical/perturbations_0.onnx,/home/elipregerson/nnenum/vnncomp2025_benchmarks/benchmarks/safenlp_2024/vnnlib/medical/hyperrectangle_2847.vnnlib,.006281326,unsat,1.130626555
safenlp_2024,/home/elipregerson/nnenum/vnncomp2025_benchmarks/benchmarks/safenlp_2024/onnx/ruarobot/perturbations_0.onnx,/home/elipregerson/nnenum/vnncomp2025_benchmarks/benchmarks/safenlp_2024/vnnlib/ruarobot/hyperrectangle_7767.vnnlib,.006267044,sat,.631224043
safenlp_2024,/home/elipregerson/nnenum/vnncomp2025_benchmarks/benchmarks/safenlp_2024/onnx/ruarobot/perturbations_0.onnx,/home/elipregerson/nnenum/vnncomp2025_benchmarks/benchmarks/safenlp_2024/vnnlib/ruarobot/hyperrectangle_777.vnnlib,.006059244,sat,.629602206
safenlp_2024,/home/elipregerson/nnenum/vnncomp2025_benchmarks/benchmarks/safenlp_2024/onnx/medical/perturbations_0.onnx,/home/elipregerson/nnenum/vnncomp2025_benchmarks/benchmarks/safenlp_2024/vnnlib/medical/hyperrectangle_1869.vnnlib,.006270450,unsat,3.071033804
safenlp_2024,/home/elipregerson/nnenum/vnncomp2025_benchmarks/benchmarks/safenlp_2024/onnx/ruarobot/perturbations_0.onnx,/home/elipregerson/nnenum/vnncomp2025_benchmarks/benchmarks/safenlp_2024/vnnlib/ruarobot/hyperrectangle_1477.vnnlib,.006112993,timeout,20.569865295
safenlp_2024,/home/elipregerson/nnenum/vnncomp2025_benchmarks/benchmarks/safenlp_2024/onnx/medical/perturbations_0.onnx,/home/elipregerson/nnenum/vnncomp2025_benchmarks/benchmarks/safenlp_2024/vnnlib/medical/hyperrectangle_2557.vnnlib,.010004063,unsat,1.073101738
safenlp_2024,/home/elipregerson/nnenum/vnncomp2025_benchmarks/benchmarks/safenlp_2024/onnx/ruarobot/perturbations_0.onnx,/home/elipregerson/nnenum/vnncomp2025_benchmarks/benchmarks/safenlp_2024/vnnlib/ruarobot/hyperrectangle_7695.vnnlib,.009289844,sat,.875832632
safenlp_2024,/home/elipregerson/nnenum/vnncomp2025_benchmarks/benchmarks/safenlp_2024/onnx/medical/perturbations_0.onnx,/home/elipregerson/nnenum/vnncomp2025_benchmarks/benchmarks/safenlp_2024/vnnlib/medical/hyperrectangle_2680.vnnlib,.010811639,sat,.730872060
safenlp_2024,/home/elipregerson/nnenum/vnncomp2025_benchmarks/benchmarks/safenlp_2024/onnx/ruarobot/perturbations_0.onnx,/home/elipregerson/nnenum/vnncomp2025_benchmarks/benchmarks/safenlp_2024/vnnlib/ruarobot/hyperrectangle_4459.vnnlib,.005991089,sat,.632283563
safenlp_2024,/home/elipregerson/nnenum/vnncomp2025_benchmarks/benchmarks/safenlp_2024/onnx/ruarobot/perturbations_0.onnx,/home/elipregerson/nnenum/vnncomp2025_benchmarks/benchmarks/safenlp_2024/vnnlib/ruarobot/hyperrectangle_7865.vnnlib,.006423055,sat,.599897742
safenlp_2024,/home/elipregerson/nnenum/vnncomp2025_benchmarks/benchmarks/safenlp_2024/onnx/ruarobot/perturbations_0.onnx,/home/elipregerson/nnenum/vnncomp2025_benchmarks/benchmarks/safenlp_2024/vnnlib/ruarobot/hyperrectangle_1890.vnnlib,.006074934,sat,.641230593
safenlp_2024,/home/elipregerson/nnenum/vnncomp2025_benchmarks/benchmarks/safenlp_2024/onnx/ruarobot/perturbations_0.onnx,/home/elipregerson/nnenum/vnncomp2025_benchmarks/benchmarks/safenlp_2024/vnnlib/ruarobot/hyperrectangle_4123.vnnlib,.006294902,sat,.636800881
safenlp_2024,/home/elipregerson/nnenum/vnncomp2025_benchmarks/benchmarks/safenlp_2024/onnx/ruarobot/perturbations_0.onnx,/home/elipregerson/nnenum/vnncomp2025_benchmarks/benchmarks/safenlp_2024/vnnlib/ruarobot/hyperrectangle_1808.vnnlib,.006505741,sat,.633755758
safenlp_2024,/home/elipregerson/nnenum/vnncomp2025_benchmarks/benchmarks/safenlp_2024/onnx/ruarobot/perturbations_0.onnx,/home/elipregerson/nnenum/vnncomp2025_benchmarks/benchmarks/safenlp_2024/vnnlib/ruarobot/hyperrectangle_2363.vnnlib,.006060700,sat,.632587895
safenlp_2024,/home/elipregerson/nnenum/vnncomp2025_benchmarks/benchmarks/safenlp_2024/onnx/medical/perturbations_0.onnx,/home/elipregerson/nnenum/vnncomp2025_benchmarks/benchmarks/safenlp_2024/vnnlib/medical/hyperrectangle_14.vnnlib,.006279197,sat,.643933262
safenlp_2024,/home/elipregerson/nnenum/vnncomp2025_benchmarks/benchmarks/safenlp_2024/onnx/ruarobot/perturbations_0.onnx,/home/elipregerson/nnenum/vnncomp2025_benchmarks/benchmarks/safenlp_2024/vnnlib/ruarobot/hyperrectangle_2068.vnnlib,.005948412,timeout,20.550305059
safenlp_2024,/home/elipregerson/nnenum/vnncomp2025_benchmarks/benchmarks/safenlp_2024/onnx/medical/perturbations_0.onnx,/home/elipregerson/nnenum/vnncomp2025_benchmarks/benchmarks/safenlp_2024/vnnlib/medical/hyperrectangle_839.vnnlib,.005988672,unsat,.587795601
safenlp_2024,/home/elipregerson/nnenum/vnncomp2025_benchmarks/benchmarks/safenlp_2024/onnx/ruarobot/perturbations_0.onnx,/home/elipregerson/nnenum/vnncomp2025_benchmarks/benchmarks/safenlp_2024/vnnlib/ruarobot/hyperrectangle_959.vnnlib,.006079569,sat,.634197775
safenlp_2024,/home/elipregerson/nnenum/vnncomp2025_benchmarks/benchmarks/safenlp_2024/onnx/ruarobot/perturbations_0.onnx,/home/elipregerson/nnenum/vnncomp2025_benchmarks/benchmarks/safenlp_2024/vnnlib/ruarobot/hyperrectangle_5155.vnnlib,.006622105,sat,.636411063
safenlp_2024,/home/elipregerson/nnenum/vnncomp2025_benchmarks/benchmarks/safenlp_2024/onnx/medical/perturbations_0.onnx,/home/elipregerson/nnenum/vnncomp2025_benchmarks/benchmarks/safenlp_2024/vnnlib/medical/hyperrectangle_1739.vnnlib,.006076619,timeout,20.554890033
safenlp_2024,/home/elipregerson/nnenum/vnncomp2025_benchmarks/benchmarks/safenlp_2024/onnx/ruarobot/perturbations_0.onnx,/home/elipregerson/nnenum/vnncomp2025_benchmarks/benchmarks/safenlp_2024/vnnlib/ruarobot/hyperrectangle_2734.vnnlib,.006413576,unsat,6.627358575
safenlp_2024,/home/elipregerson/nnenum/vnncomp2025_benchmarks/benchmarks/safenlp_2024/onnx/ruarobot/perturbations_0.onnx,/home/elipregerson/nnenum/vnncomp2025_benchmarks/benchmarks/safenlp_2024/vnnlib/ruarobot/hyperrectangle_4230.vnnlib,.009939711,sat,.878771222
safenlp_2024,/home/elipregerson/nnenum/vnncomp2025_benchmarks/benchmarks/safenlp_2024/onnx/ruarobot/perturbations_0.onnx,/home/elipregerson/nnenum/vnncomp2025_benchmarks/benchmarks/safenlp_2024/vnnlib/ruarobot/hyperrectangle_6377.vnnlib,.010856802,sat,.874025466
safenlp_2024,/home/elipregerson/nnenum/vnncomp2025_benchmarks/benchmarks/safenlp_2024/onnx/ruarobot/perturbations_0.onnx,/home/elipregerson/nnenum/vnncomp2025_benchmarks/benchmarks/safenlp_2024/vnnlib/ruarobot/hyperrectangle_790.vnnlib,.009328482,unsat,1.358708201
safenlp_2024,/home/elipregerson/nnenum/vnncomp2025_benchmarks/benchmarks/safenlp_2024/onnx/ruarobot/perturbations_0.onnx,/home/elipregerson/nnenum/vnncomp2025_benchmarks/benchmarks/safenlp_2024/vnnlib/ruarobot/hyperrectangle_1077.vnnlib,.006222585,sat,.632041566
safenlp_2024,/home/elipregerson/nnenum/vnncomp2025_benchmarks/benchmarks/safenlp_2024/onnx/ruarobot/perturbations_0.onnx,/home/elipregerson/nnenum/vnncomp2025_benchmarks/benchmarks/safenlp_2024/vnnlib/ruarobot/hyperrectangle_2558.vnnlib,.006043639,sat,.637720552
safenlp_2024,/home/elipregerson/nnenum/vnncomp2025_benchmarks/benchmarks/safenlp_2024/onnx/ruarobot/perturbations_0.onnx,/home/elipregerson/nnenum/vnncomp2025_benchmarks/benchmarks/safenlp_2024/vnnlib/ruarobot/hyperrectangle_5573.vnnlib,.006121328,sat,.633183247
safenlp_2024,/home/elipregerson/nnenum/vnncomp2025_benchmarks/benchmarks/safenlp_2024/onnx/ruarobot/perturbations_0.onnx,/home/elipregerson/nnenum/vnncomp2025_benchmarks/benchmarks/safenlp_2024/vnnlib/ruarobot/hyperrectangle_6604.vnnlib,.006343906,sat,.689473910
safenlp_2024,/home/elipregerson/nnenum/vnncomp2025_benchmarks/benchmarks/safenlp_2024/onnx/medical/perturbations_0.onnx,/home/elipregerson/nnenum/vnncomp2025_benchmarks/benchmarks/safenlp_2024/vnnlib/medical/hyperrectangle_2096.vnnlib,.006167405,sat,.632684066
safenlp_2024,/home/elipregerson/nnenum/vnncomp2025_benchmarks/benchmarks/safenlp_2024/onnx/ruarobot/perturbations_0.onnx,/home/elipregerson/nnenum/vnncomp2025_benchmarks/benchmarks/safenlp_2024/vnnlib/ruarobot/hyperrectangle_68.vnnlib,.006141547,sat,.864277581
safenlp_2024,/home/elipregerson/nnenum/vnncomp2025_benchmarks/benchmarks/safenlp_2024/onnx/medical/perturbations_0.onnx,/home/elipregerson/nnenum/vnncomp2025_benchmarks/benchmarks/safenlp_2024/vnnlib/medical/hyperrectangle_2607.vnnlib,.005989817,unsat,1.179271272
safenlp_2024,/home/elipregerson/nnenum/vnncomp2025_benchmarks/benchmarks/safenlp_2024/onnx/ruarobot/perturbations_0.onnx,/home/elipregerson/nnenum/vnncomp2025_benchmarks/benchmarks/safenlp_2024/vnnlib/ruarobot/hyperrectangle_4884.vnnlib,.006303545,unsat,.737937847
safenlp_2024,/home/elipregerson/nnenum/vnncomp2025_benchmarks/benchmarks/safenlp_2024/onnx/ruarobot/perturbations_0.onnx,/home/elipregerson/nnenum/vnncomp2025_benchmarks/benchmarks/safenlp_2024/vnnlib/ruarobot/hyperrectangle_1936.vnnlib,.006439155,sat,.591741952
safenlp_2024,/home/elipregerson/nnenum/vnncomp2025_benchmarks/benchmarks/safenlp_2024/onnx/medical/perturbations_0.onnx,/home/elipregerson/nnenum/vnncomp2025_benchmarks/benchmarks/safenlp_2024/vnnlib/medical/hyperrectangle_2710.vnnlib,.006052884,timeout,20.548941594
safenlp_2024,/home/elipregerson/nnenum/vnncomp2025_benchmarks/benchmarks/safenlp_2024/onnx/medical/perturbations_0.onnx,/home/elipregerson/nnenum/vnncomp2025_benchmarks/benchmarks/safenlp_2024/vnnlib/medical/hyperrectangle_1037.vnnlib,.005918042,unsat,2.302056337
safenlp_2024,/home/elipregerson/nnenum/vnncomp2025_benchmarks/benchmarks/safenlp_2024/onnx/ruarobot/perturbations_0.onnx,/home/elipregerson/nnenum/vnncomp2025_benchmarks/benchmarks/safenlp_2024/vnnlib/ruarobot/hyperrectangle_6373.vnnlib,.006184101,sat,.639781018
safenlp_2024,/home/elipregerson/nnenum/vnncomp2025_benchmarks/benchmarks/safenlp_2024/onnx/ruarobot/perturbations_0.onnx,/home/elipregerson/nnenum/vnncomp2025_benchmarks/benchmarks/safenlp_2024/vnnlib/ruarobot/hyperrectangle_7467.vnnlib,.006099951,sat,.627922290
safenlp_2024,/home/elipregerson/nnenum/vnncomp2025_benchmarks/benchmarks/safenlp_2024/onnx/ruarobot/perturbations_0.onnx,/home/elipregerson/nnenum/vnncomp2025_benchmarks/benchmarks/safenlp_2024/vnnlib/ruarobot/hyperrectangle_2259.vnnlib,.006121351,sat,.636196430
safenlp_2024,/home/elipregerson/nnenum/vnncomp2025_benchmarks/benchmarks/safenlp_2024/onnx/ruarobot/perturbations_0.onnx,/home/elipregerson/nnenum/vnncomp2025_benchmarks/benchmarks/safenlp_2024/vnnlib/ruarobot/hyperrectangle_4496.vnnlib,.005996350,timeout,20.548388238
safenlp_2024,/home/elipregerson/nnenum/vnncomp2025_benchmarks/benchmarks/safenlp_2024/onnx/ruarobot/perturbations_0.onnx,/home/elipregerson/nnenum/vnncomp2025_benchmarks/benchmarks/safenlp_2024/vnnlib/ruarobot/hyperrectangle_3316.vnnlib,.015045632,sat,.648529387
safenlp_2024,/home/elipregerson/nnenum/vnncomp2025_benchmarks/benchmarks/safenlp_2024/onnx/medical/perturbations_0.onnx,/home/elipregerson/nnenum/vnncomp2025_benchmarks/benchmarks/safenlp_2024/vnnlib/medical/hyperrectangle_267.vnnlib,.006153588,unsat,5.955591511
safenlp_2024,/home/elipregerson/nnenum/vnncomp2025_benchmarks/benchmarks/safenlp_2024/onnx/medical/perturbations_0.onnx,/home/elipregerson/nnenum/vnncomp2025_benchmarks/benchmarks/safenlp_2024/vnnlib/medical/hyperrectangle_672.vnnlib,.012164159,timeout,20.781539701
safenlp_2024,/home/elipregerson/nnenum/vnncomp2025_benchmarks/benchmarks/safenlp_2024/onnx/ruarobot/perturbations_0.onnx,/home/elipregerson/nnenum/vnncomp2025_benchmarks/benchmarks/safenlp_2024/vnnlib/ruarobot/hyperrectangle_6215.vnnlib,.008238675,sat,.865042427
safenlp_2024,/home/elipregerson/nnenum/vnncomp2025_benchmarks/benchmarks/safenlp_2024/onnx/ruarobot/perturbations_0.onnx,/home/elipregerson/nnenum/vnncomp2025_benchmarks/benchmarks/safenlp_2024/vnnlib/ruarobot/hyperrectangle_1521.vnnlib,.015822605,sat,.884260452
safenlp_2024,/home/elipregerson/nnenum/vnncomp2025_benchmarks/benchmarks/safenlp_2024/onnx/ruarobot/perturbations_0.onnx,/home/elipregerson/nnenum/vnncomp2025_benchmarks/benchmarks/safenlp_2024/vnnlib/ruarobot/hyperrectangle_626.vnnlib,.011265536,unsat,.983593353
safenlp_2024,/home/elipregerson/nnenum/vnncomp2025_benchmarks/benchmarks/safenlp_2024/onnx/ruarobot/perturbations_0.onnx,/home/elipregerson/nnenum/vnncomp2025_benchmarks/benchmarks/safenlp_2024/vnnlib/ruarobot/hyperrectangle_5024.vnnlib,.006197084,sat,.635850561
safenlp_2024,/home/elipregerson/nnenum/vnncomp2025_benchmarks/benchmarks/safenlp_2024/onnx/ruarobot/perturbations_0.onnx,/home/elipregerson/nnenum/vnncomp2025_benchmarks/benchmarks/safenlp_2024/vnnlib/ruarobot/hyperrectangle_5134.vnnlib,.006161779,sat,.635877569
safenlp_2024,/home/elipregerson/nnenum/vnncomp2025_benchmarks/benchmarks/safenlp_2024/onnx/medical/perturbations_0.onnx,/home/elipregerson/nnenum/vnncomp2025_benchmarks/benchmarks/safenlp_2024/vnnlib/medical/hyperrectangle_1993.vnnlib,.006327340,unsat,.600200171
safenlp_2024,/home/elipregerson/nnenum/vnncomp2025_benchmarks/benchmarks/safenlp_2024/onnx/ruarobot/perturbations_0.onnx,/home/elipregerson/nnenum/vnncomp2025_benchmarks/benchmarks/safenlp_2024/vnnlib/ruarobot/hyperrectangle_5980.vnnlib,.006246525,sat,.632418129
safenlp_2024,/home/elipregerson/nnenum/vnncomp2025_benchmarks/benchmarks/safenlp_2024/onnx/ruarobot/perturbations_0.onnx,/home/elipregerson/nnenum/vnncomp2025_benchmarks/benchmarks/safenlp_2024/vnnlib/ruarobot/hyperrectangle_6430.vnnlib,.006147335,sat,.751193571
safenlp_2024,/home/elipregerson/nnenum/vnncomp2025_benchmarks/benchmarks/safenlp_2024/onnx/ruarobot/perturbations_0.onnx,/home/elipregerson/nnenum/vnncomp2025_benchmarks/benchmarks/safenlp_2024/vnnlib/ruarobot/hyperrectangle_477.vnnlib,.006025139,sat,.641747287
safenlp_2024,/home/elipregerson/nnenum/vnncomp2025_benchmarks/benchmarks/safenlp_2024/onnx/ruarobot/perturbations_0.onnx,/home/elipregerson/nnenum/vnncomp2025_benchmarks/benchmarks/safenlp_2024/vnnlib/ruarobot/hyperrectangle_5317.vnnlib,.005977376,sat,.628148201
safenlp_2024,/home/elipregerson/nnenum/vnncomp2025_benchmarks/benchmarks/safenlp_2024/onnx/ruarobot/perturbations_0.onnx,/home/elipregerson/nnenum/vnncomp2025_benchmarks/benchmarks/safenlp_2024/vnnlib/ruarobot/hyperrectangle_3259.vnnlib,.005965216,timeout,20.558203899
safenlp_2024,/home/elipregerson/nnenum/vnncomp2025_benchmarks/benchmarks/safenlp_2024/onnx/ruarobot/perturbations_0.onnx,/home/elipregerson/nnenum/vnncomp2025_benchmarks/benchmarks/safenlp_2024/vnnlib/ruarobot/hyperrectangle_7735.vnnlib,.006103811,sat,.627775595
safenlp_2024,/home/elipregerson/nnenum/vnncomp2025_benchmarks/benchmarks/safenlp_2024/onnx/ruarobot/perturbations_0.onnx,/home/elipregerson/nnenum/vnncomp2025_benchmarks/benchmarks/safenlp_2024/vnnlib/ruarobot/hyperrectangle_2784.vnnlib,.006267698,sat,.652906945
safenlp_2024,/home/elipregerson/nnenum/vnncomp2025_benchmarks/benchmarks/safenlp_2024/onnx/ruarobot/perturbations_0.onnx,/home/elipregerson/nnenum/vnncomp2025_benchmarks/benchmarks/safenlp_2024/vnnlib/ruarobot/hyperrectangle_2697.vnnlib,.006165218,sat,.635806156
safenlp_2024,/home/elipregerson/nnenum/vnncomp2025_benchmarks/benchmarks/safenlp_2024/onnx/medical/perturbations_0.onnx,/home/elipregerson/nnenum/vnncomp2025_benchmarks/benchmarks/safenlp_2024/vnnlib/medical/hyperrectangle_2101.vnnlib,.006106703,timeout,20.554037178
safenlp_2024,/home/elipregerson/nnenum/vnncomp2025_benchmarks/benchmarks/safenlp_2024/onnx/ruarobot/perturbations_0.onnx,/home/elipregerson/nnenum/vnncomp2025_benchmarks/benchmarks/safenlp_2024/vnnlib/ruarobot/hyperrectangle_3016.vnnlib,.006131027,sat,.630468663
safenlp_2024,/home/elipregerson/nnenum/vnncomp2025_benchmarks/benchmarks/safenlp_2024/onnx/ruarobot/perturbations_0.onnx,/home/elipregerson/nnenum/vnncomp2025_benchmarks/benchmarks/safenlp_2024/vnnlib/ruarobot/hyperrectangle_6536.vnnlib,.006268720,sat,.640660331
safenlp_2024,/home/elipregerson/nnenum/vnncomp2025_benchmarks/benchmarks/safenlp_2024/onnx/ruarobot/perturbations_0.onnx,/home/elipregerson/nnenum/vnncomp2025_benchmarks/benchmarks/safenlp_2024/vnnlib/ruarobot/hyperrectangle_7578.vnnlib,.006310790,sat,.629677726
safenlp_2024,/home/elipregerson/nnenum/vnncomp2025_benchmarks/benchmarks/safenlp_2024/onnx/ruarobot/perturbations_0.onnx,/home/elipregerson/nnenum/vnncomp2025_benchmarks/benchmarks/safenlp_2024/vnnlib/ruarobot/hyperrectangle_3654.vnnlib,.006168819,sat,.643214397
safenlp_2024,/home/elipregerson/nnenum/vnncomp2025_benchmarks/benchmarks/safenlp_2024/onnx/ruarobot/perturbations_0.onnx,/home/elipregerson/nnenum/vnncomp2025_benchmarks/benchmarks/safenlp_2024/vnnlib/ruarobot/hyperrectangle_5526.vnnlib,.006416503,unsat,1.272780060
safenlp_2024,/home/elipregerson/nnenum/vnncomp2025_benchmarks/benchmarks/safenlp_2024/onnx/ruarobot/perturbations_0.onnx,/home/elipregerson/nnenum/vnncomp2025_benchmarks/benchmarks/safenlp_2024/vnnlib/ruarobot/hyperrectangle_1608.vnnlib,.006098083,unsat,1.750476023
safenlp_2024,/home/elipregerson/nnenum/vnncomp2025_benchmarks/benchmarks/safenlp_2024/onnx/ruarobot/perturbations_0.onnx,/home/elipregerson/nnenum/vnncomp2025_benchmarks/benchmarks/safenlp_2024/vnnlib/ruarobot/hyperrectangle_1923.vnnlib,.006080546,unsat,.645739000
safenlp_2024,/home/elipregerson/nnenum/vnncomp2025_benchmarks/benchmarks/safenlp_2024/onnx/ruarobot/perturbations_0.onnx,/home/elipregerson/nnenum/vnncomp2025_benchmarks/benchmarks/safenlp_2024/vnnlib/ruarobot/hyperrectangle_2744.vnnlib,.006236044,sat,.629266532
safenlp_2024,/home/elipregerson/nnenum/vnncomp2025_benchmarks/benchmarks/safenlp_2024/onnx/ruarobot/perturbations_0.onnx,/home/elipregerson/nnenum/vnncomp2025_benchmarks/benchmarks/safenlp_2024/vnnlib/ruarobot/hyperrectangle_929.vnnlib,.006089441,sat,.631004209
safenlp_2024,/home/elipregerson/nnenum/vnncomp2025_benchmarks/benchmarks/safenlp_2024/onnx/ruarobot/perturbations_0.onnx,/home/elipregerson/nnenum/vnncomp2025_benchmarks/benchmarks/safenlp_2024/vnnlib/ruarobot/hyperrectangle_5265.vnnlib,.006217334,sat,.689093925
safenlp_2024,/home/elipregerson/nnenum/vnncomp2025_benchmarks/benchmarks/safenlp_2024/onnx/medical/perturbations_0.onnx,/home/elipregerson/nnenum/vnncomp2025_benchmarks/benchmarks/safenlp_2024/vnnlib/medical/hyperrectangle_1506.vnnlib,.006525192,unsat,.599202885
safenlp_2024,/home/elipregerson/nnenum/vnncomp2025_benchmarks/benchmarks/safenlp_2024/onnx/ruarobot/perturbations_0.onnx,/home/elipregerson/nnenum/vnncomp2025_benchmarks/benchmarks/safenlp_2024/vnnlib/ruarobot/hyperrectangle_3154.vnnlib,.006003960,sat,.633032425
safenlp_2024,/home/elipregerson/nnenum/vnncomp2025_benchmarks/benchmarks/safenlp_2024/onnx/ruarobot/perturbations_0.onnx,/home/elipregerson/nnenum/vnncomp2025_benchmarks/benchmarks/safenlp_2024/vnnlib/ruarobot/hyperrectangle_2203.vnnlib,.006370432,sat,.628914927
safenlp_2024,/home/elipregerson/nnenum/vnncomp2025_benchmarks/benchmarks/safenlp_2024/onnx/ruarobot/perturbations_0.onnx,/home/elipregerson/nnenum/vnncomp2025_benchmarks/benchmarks/safenlp_2024/vnnlib/ruarobot/hyperrectangle_3653.vnnlib,.006188970,sat,.634570413
safenlp_2024,/home/elipregerson/nnenum/vnncomp2025_benchmarks/benchmarks/safenlp_2024/onnx/ruarobot/perturbations_0.onnx,/home/elipregerson/nnenum/vnncomp2025_benchmarks/benchmarks/safenlp_2024/vnnlib/ruarobot/hyperrectangle_4061.vnnlib,.006243072,timeout,20.563111499
safenlp_2024,/home/elipregerson/nnenum/vnncomp2025_benchmarks/benchmarks/safenlp_2024/onnx/ruarobot/perturbations_0.onnx,/home/elipregerson/nnenum/vnncomp2025_benchmarks/benchmarks/safenlp_2024/vnnlib/ruarobot/hyperrectangle_6049.vnnlib,.006776932,sat,.647189732
safenlp_2024,/home/elipregerson/nnenum/vnncomp2025_benchmarks/benchmarks/safenlp_2024/onnx/ruarobot/perturbations_0.onnx,/home/elipregerson/nnenum/vnncomp2025_benchmarks/benchmarks/safenlp_2024/vnnlib/ruarobot/hyperrectangle_3529.vnnlib,.006239754,sat,.632723865
safenlp_2024,/home/elipregerson/nnenum/vnncomp2025_benchmarks/benchmarks/safenlp_2024/onnx/ruarobot/perturbations_0.onnx,/home/elipregerson/nnenum/vnncomp2025_benchmarks/benchmarks/safenlp_2024/vnnlib/ruarobot/hyperrectangle_2395.vnnlib,.006021312,sat,.631886576
safenlp_2024,/home/elipregerson/nnenum/vnncomp2025_benchmarks/benchmarks/safenlp_2024/onnx/ruarobot/perturbations_0.onnx,/home/elipregerson/nnenum/vnncomp2025_benchmarks/benchmarks/safenlp_2024/vnnlib/ruarobot/hyperrectangle_6058.vnnlib,.006108090,timeout,20.544226218
safenlp_2024,/home/elipregerson/nnenum/vnncomp2025_benchmarks/benchmarks/safenlp_2024/onnx/ruarobot/perturbations_0.onnx,/home/elipregerson/nnenum/vnncomp2025_benchmarks/benchmarks/safenlp_2024/vnnlib/ruarobot/hyperrectangle_7633.vnnlib,.006185968,sat,.634009928
safenlp_2024,/home/elipregerson/nnenum/vnncomp2025_benchmarks/benchmarks/safenlp_2024/onnx/ruarobot/perturbations_0.onnx,/home/elipregerson/nnenum/vnncomp2025_benchmarks/benchmarks/safenlp_2024/vnnlib/ruarobot/hyperrectangle_999.vnnlib,.006124265,sat,.637858148
safenlp_2024,/home/elipregerson/nnenum/vnncomp2025_benchmarks/benchmarks/safenlp_2024/onnx/ruarobot/perturbations_0.onnx,/home/elipregerson/nnenum/vnncomp2025_benchmarks/benchmarks/safenlp_2024/vnnlib/ruarobot/hyperrectangle_5237.vnnlib,.006372685,sat,.640851591
safenlp_2024,/home/elipregerson/nnenum/vnncomp2025_benchmarks/benchmarks/safenlp_2024/onnx/ruarobot/perturbations_0.onnx,/home/elipregerson/nnenum/vnncomp2025_benchmarks/benchmarks/safenlp_2024/vnnlib/ruarobot/hyperrectangle_7616.vnnlib,.006287051,sat,.640515970
safenlp_2024,/home/elipregerson/nnenum/vnncomp2025_benchmarks/benchmarks/safenlp_2024/onnx/ruarobot/perturbations_0.onnx,/home/elipregerson/nnenum/vnncomp2025_benchmarks/benchmarks/safenlp_2024/vnnlib/ruarobot/hyperrectangle_2787.vnnlib,.006320080,sat,.638923488
safenlp_2024,/home/elipregerson/nnenum/vnncomp2025_benchmarks/benchmarks/safenlp_2024/onnx/ruarobot/perturbations_0.onnx,/home/elipregerson/nnenum/vnncomp2025_benchmarks/benchmarks/safenlp_2024/vnnlib/ruarobot/hyperrectangle_2533.vnnlib,.006182390,sat,.631695069
safenlp_2024,/home/elipregerson/nnenum/vnncomp2025_benchmarks/benchmarks/safenlp_2024/onnx/medical/perturbations_0.onnx,/home/elipregerson/nnenum/vnncomp2025_benchmarks/benchmarks/safenlp_2024/vnnlib/medical/hyperrectangle_2168.vnnlib,.006024565,unsat,1.051723530
safenlp_2024,/home/elipregerson/nnenum/vnncomp2025_benchmarks/benchmarks/safenlp_2024/onnx/ruarobot/perturbations_0.onnx,/home/elipregerson/nnenum/vnncomp2025_benchmarks/benchmarks/safenlp_2024/vnnlib/ruarobot/hyperrectangle_5128.vnnlib,.006185391,sat,.648368586
safenlp_2024,/home/elipregerson/nnenum/vnncomp2025_benchmarks/benchmarks/safenlp_2024/onnx/medical/perturbations_0.onnx,/home/elipregerson/nnenum/vnncomp2025_benchmarks/benchmarks/safenlp_2024/vnnlib/medical/hyperrectangle_2868.vnnlib,.006098139,sat,.627371573
safenlp_2024,/home/elipregerson/nnenum/vnncomp2025_benchmarks/benchmarks/safenlp_2024/onnx/ruarobot/perturbations_0.onnx,/home/elipregerson/nnenum/vnncomp2025_benchmarks/benchmarks/safenlp_2024/vnnlib/ruarobot/hyperrectangle_3719.vnnlib,.006053861,sat,.646765598
safenlp_2024,/home/elipregerson/nnenum/vnncomp2025_benchmarks/benchmarks/safenlp_2024/onnx/medical/perturbations_0.onnx,/home/elipregerson/nnenum/vnncomp2025_benchmarks/benchmarks/safenlp_2024/vnnlib/medical/hyperrectangle_944.vnnlib,.006092830,unsat,.591842041
safenlp_2024,/home/elipregerson/nnenum/vnncomp2025_benchmarks/benchmarks/safenlp_2024/onnx/medical/perturbations_0.onnx,/home/elipregerson/nnenum/vnncomp2025_benchmarks/benchmarks/safenlp_2024/vnnlib/medical/hyperrectangle_1546.vnnlib,.006334604,unsat,.599536181
safenlp_2024,/home/elipregerson/nnenum/vnncomp2025_benchmarks/benchmarks/safenlp_2024/onnx/ruarobot/perturbations_0.onnx,/home/elipregerson/nnenum/vnncomp2025_benchmarks/benchmarks/safenlp_2024/vnnlib/ruarobot/hyperrectangle_5900.vnnlib,.006125805,sat,.632108162
safenlp_2024,/home/elipregerson/nnenum/vnncomp2025_benchmarks/benchmarks/safenlp_2024/onnx/ruarobot/perturbations_0.onnx,/home/elipregerson/nnenum/vnncomp2025_benchmarks/benchmarks/safenlp_2024/vnnlib/ruarobot/hyperrectangle_4438.vnnlib,.005998823,sat,.636622151
safenlp_2024,/home/elipregerson/nnenum/vnncomp2025_benchmarks/benchmarks/safenlp_2024/onnx/ruarobot/perturbations_0.onnx,/home/elipregerson/nnenum/vnncomp2025_benchmarks/benchmarks/safenlp_2024/vnnlib/ruarobot/hyperrectangle_7875.vnnlib,.006049947,unsat,.584533165
safenlp_2024,/home/elipregerson/nnenum/vnncomp2025_benchmarks/benchmarks/safenlp_2024/onnx/ruarobot/perturbations_0.onnx,/home/elipregerson/nnenum/vnncomp2025_benchmarks/benchmarks/safenlp_2024/vnnlib/ruarobot/hyperrectangle_469.vnnlib,.006086559,timeout,20.546666817
safenlp_2024,/home/elipregerson/nnenum/vnncomp2025_benchmarks/benchmarks/safenlp_2024/onnx/medical/perturbations_0.onnx,/home/elipregerson/nnenum/vnncomp2025_benchmarks/benchmarks/safenlp_2024/vnnlib/medical/hyperrectangle_1738.vnnlib,.006109563,unsat,.652672547
safenlp_2024,/home/elipregerson/nnenum/vnncomp2025_benchmarks/benchmarks/safenlp_2024/onnx/medical/perturbations_0.onnx,/home/elipregerson/nnenum/vnncomp2025_benchmarks/benchmarks/safenlp_2024/vnnlib/medical/hyperrectangle_237.vnnlib,.006142389,unsat,4.549241928
safenlp_2024,/home/elipregerson/nnenum/vnncomp2025_benchmarks/benchmarks/safenlp_2024/onnx/medical/perturbations_0.onnx,/home/elipregerson/nnenum/vnncomp2025_benchmarks/benchmarks/safenlp_2024/vnnlib/medical/hyperrectangle_2430.vnnlib,.015165142,unsat,2.484859515
safenlp_2024,/home/elipregerson/nnenum/vnncomp2025_benchmarks/benchmarks/safenlp_2024/onnx/medical/perturbations_0.onnx,/home/elipregerson/nnenum/vnncomp2025_benchmarks/benchmarks/safenlp_2024/vnnlib/medical/hyperrectangle_947.vnnlib,.006641357,unsat,.592425340
safenlp_2024,/home/elipregerson/nnenum/vnncomp2025_benchmarks/benchmarks/safenlp_2024/onnx/medical/perturbations_0.onnx,/home/elipregerson/nnenum/vnncomp2025_benchmarks/benchmarks/safenlp_2024/vnnlib/medical/hyperrectangle_2663.vnnlib,.006343033,unsat,.654143927
safenlp_2024,/home/elipregerson/nnenum/vnncomp2025_benchmarks/benchmarks/safenlp_2024/onnx/ruarobot/perturbations_0.onnx,/home/elipregerson/nnenum/vnncomp2025_benchmarks/benchmarks/safenlp_2024/vnnlib/ruarobot/hyperrectangle_4803.vnnlib,.006015816,sat,.631115618
safenlp_2024,/home/elipregerson/nnenum/vnncomp2025_benchmarks/benchmarks/safenlp_2024/onnx/ruarobot/perturbations_0.onnx,/home/elipregerson/nnenum/vnncomp2025_benchmarks/benchmarks/safenlp_2024/vnnlib/ruarobot/hyperrectangle_5828.vnnlib,.006380153,sat,.704727082
safenlp_2024,/home/elipregerson/nnenum/vnncomp2025_benchmarks/benchmarks/safenlp_2024/onnx/ruarobot/perturbations_0.onnx,/home/elipregerson/nnenum/vnncomp2025_benchmarks/benchmarks/safenlp_2024/vnnlib/ruarobot/hyperrectangle_4295.vnnlib,.006336078,sat,.633402177
safenlp_2024,/home/elipregerson/nnenum/vnncomp2025_benchmarks/benchmarks/safenlp_2024/onnx/ruarobot/perturbations_0.onnx,/home/elipregerson/nnenum/vnncomp2025_benchmarks/benchmarks/safenlp_2024/vnnlib/ruarobot/hyperrectangle_2399.vnnlib,.005941249,sat,.632964683
safenlp_2024,/home/elipregerson/nnenum/vnncomp2025_benchmarks/benchmarks/safenlp_2024/onnx/medical/perturbations_0.onnx,/home/elipregerson/nnenum/vnncomp2025_benchmarks/benchmarks/safenlp_2024/vnnlib/medical/hyperrectangle_1709.vnnlib,.006127512,unsat,.912215059
safenlp_2024,/home/elipregerson/nnenum/vnncomp2025_benchmarks/benchmarks/safenlp_2024/onnx/ruarobot/perturbations_0.onnx,/home/elipregerson/nnenum/vnncomp2025_benchmarks/benchmarks/safenlp_2024/vnnlib/ruarobot/hyperrectangle_531.vnnlib,.006291840,sat,.638852212
safenlp_2024,/home/elipregerson/nnenum/vnncomp2025_benchmarks/benchmarks/safenlp_2024/onnx/ruarobot/perturbations_0.onnx,/home/elipregerson/nnenum/vnncomp2025_benchmarks/benchmarks/safenlp_2024/vnnlib/ruarobot/hyperrectangle_6319.vnnlib,.006230531,timeout,20.548825849
safenlp_2024,/home/elipregerson/nnenum/vnncomp2025_benchmarks/benchmarks/safenlp_2024/onnx/medical/perturbations_0.onnx,/home/elipregerson/nnenum/vnncomp2025_benchmarks/benchmarks/safenlp_2024/vnnlib/medical/hyperrectangle_2516.vnnlib,.006040606,unsat,.648040003
safenlp_2024,/home/elipregerson/nnenum/vnncomp2025_benchmarks/benchmarks/safenlp_2024/onnx/medical/perturbations_0.onnx,/home/elipregerson/nnenum/vnncomp2025_benchmarks/benchmarks/safenlp_2024/vnnlib/medical/hyperrectangle_1705.vnnlib,.005995038,unsat,.593155673
safenlp_2024,/home/elipregerson/nnenum/vnncomp2025_benchmarks/benchmarks/safenlp_2024/onnx/ruarobot/perturbations_0.onnx,/home/elipregerson/nnenum/vnncomp2025_benchmarks/benchmarks/safenlp_2024/vnnlib/ruarobot/hyperrectangle_5660.vnnlib,.005989423,sat,.635969266
safenlp_2024,/home/elipregerson/nnenum/vnncomp2025_benchmarks/benchmarks/safenlp_2024/onnx/medical/perturbations_0.onnx,/home/elipregerson/nnenum/vnncomp2025_benchmarks/benchmarks/safenlp_2024/vnnlib/medical/hyperrectangle_1587.vnnlib,.005968004,sat,.631201867
safenlp_2024,/home/elipregerson/nnenum/vnncomp2025_benchmarks/benchmarks/safenlp_2024/onnx/medical/perturbations_0.onnx,/home/elipregerson/nnenum/vnncomp2025_benchmarks/benchmarks/safenlp_2024/vnnlib/medical/hyperrectangle_1476.vnnlib,.006143166,sat,.637674859
safenlp_2024,/home/elipregerson/nnenum/vnncomp2025_benchmarks/benchmarks/safenlp_2024/onnx/ruarobot/perturbations_0.onnx,/home/elipregerson/nnenum/vnncomp2025_benchmarks/benchmarks/safenlp_2024/vnnlib/ruarobot/hyperrectangle_2439.vnnlib,.006196575,sat,.637212383
safenlp_2024,/home/elipregerson/nnenum/vnncomp2025_benchmarks/benchmarks/safenlp_2024/onnx/ruarobot/perturbations_0.onnx,/home/elipregerson/nnenum/vnncomp2025_benchmarks/benchmarks/safenlp_2024/vnnlib/ruarobot/hyperrectangle_7503.vnnlib,.005922652,unsat,17.172806800
safenlp_2024,/home/elipregerson/nnenum/vnncomp2025_benchmarks/benchmarks/safenlp_2024/onnx/medical/perturbations_0.onnx,/home/elipregerson/nnenum/vnncomp2025_benchmarks/benchmarks/safenlp_2024/vnnlib/medical/hyperrectangle_662.vnnlib,.008396710,unsat,2.453285264
safenlp_2024,/home/elipregerson/nnenum/vnncomp2025_benchmarks/benchmarks/safenlp_2024/onnx/medical/perturbations_0.onnx,/home/elipregerson/nnenum/vnncomp2025_benchmarks/benchmarks/safenlp_2024/vnnlib/medical/hyperrectangle_1263.vnnlib,.006100928,unsat,.598833490
safenlp_2024,/home/elipregerson/nnenum/vnncomp2025_benchmarks/benchmarks/safenlp_2024/onnx/ruarobot/perturbations_0.onnx,/home/elipregerson/nnenum/vnncomp2025_benchmarks/benchmarks/safenlp_2024/vnnlib/ruarobot/hyperrectangle_6914.vnnlib,.006068635,unsat,.586626408
safenlp_2024,/home/elipregerson/nnenum/vnncomp2025_benchmarks/benchmarks/safenlp_2024/onnx/medical/perturbations_0.onnx,/home/elipregerson/nnenum/vnncomp2025_benchmarks/benchmarks/safenlp_2024/vnnlib/medical/hyperrectangle_2464.vnnlib,.006357307,sat,.644616979
safenlp_2024,/home/elipregerson/nnenum/vnncomp2025_benchmarks/benchmarks/safenlp_2024/onnx/ruarobot/perturbations_0.onnx,/home/elipregerson/nnenum/vnncomp2025_benchmarks/benchmarks/safenlp_2024/vnnlib/ruarobot/hyperrectangle_6890.vnnlib,.006078469,sat,.627209778
safenlp_2024,/home/elipregerson/nnenum/vnncomp2025_benchmarks/benchmarks/safenlp_2024/onnx/medical/perturbations_0.onnx,/home/elipregerson/nnenum/vnncomp2025_benchmarks/benchmarks/safenlp_2024/vnnlib/medical/hyperrectangle_1032.vnnlib,.006026228,unsat,.599655542
safenlp_2024,/home/elipregerson/nnenum/vnncomp2025_benchmarks/benchmarks/safenlp_2024/onnx/ruarobot/perturbations_0.onnx,/home/elipregerson/nnenum/vnncomp2025_benchmarks/benchmarks/safenlp_2024/vnnlib/ruarobot/hyperrectangle_2593.vnnlib,.005977347,sat,.638466933
safenlp_2024,/home/elipregerson/nnenum/vnncomp2025_benchmarks/benchmarks/safenlp_2024/onnx/ruarobot/perturbations_0.onnx,/home/elipregerson/nnenum/vnncomp2025_benchmarks/benchmarks/safenlp_2024/vnnlib/ruarobot/hyperrectangle_4557.vnnlib,.006248753,unsat,.589992912
safenlp_2024,/home/elipregerson/nnenum/vnncomp2025_benchmarks/benchmarks/safenlp_2024/onnx/medical/perturbations_0.onnx,/home/elipregerson/nnenum/vnncomp2025_benchmarks/benchmarks/safenlp_2024/vnnlib/medical/hyperrectangle_2695.vnnlib,.005948624,timeout,20.548465845
safenlp_2024,/home/elipregerson/nnenum/vnncomp2025_benchmarks/benchmarks/safenlp_2024/onnx/ruarobot/perturbations_0.onnx,/home/elipregerson/nnenum/vnncomp2025_benchmarks/benchmarks/safenlp_2024/vnnlib/ruarobot/hyperrectangle_3465.vnnlib,.006120908,unsat,2.737877545
safenlp_2024,/home/elipregerson/nnenum/vnncomp2025_benchmarks/benchmarks/safenlp_2024/onnx/ruarobot/perturbations_0.onnx,/home/elipregerson/nnenum/vnncomp2025_benchmarks/benchmarks/safenlp_2024/vnnlib/ruarobot/hyperrectangle_3449.vnnlib,.006105201,sat,.635282147
safenlp_2024,/home/elipregerson/nnenum/vnncomp2025_benchmarks/benchmarks/safenlp_2024/onnx/medical/perturbations_0.onnx,/home/elipregerson/nnenum/vnncomp2025_benchmarks/benchmarks/safenlp_2024/vnnlib/medical/hyperrectangle_660.vnnlib,.006054393,unsat,.603091659
safenlp_2024,/home/elipregerson/nnenum/vnncomp2025_benchmarks/benchmarks/safenlp_2024/onnx/ruarobot/perturbations_0.onnx,/home/elipregerson/nnenum/vnncomp2025_benchmarks/benchmarks/safenlp_2024/vnnlib/ruarobot/hyperrectangle_3286.vnnlib,.006129485,unsat,.594692903
safenlp_2024,/home/elipregerson/nnenum/vnncomp2025_benchmarks/benchmarks/safenlp_2024/onnx/medical/perturbations_0.onnx,/home/elipregerson/nnenum/vnncomp2025_benchmarks/benchmarks/safenlp_2024/vnnlib/medical/hyperrectangle_548.vnnlib,.006166956,unsat,.594111951
safenlp_2024,/home/elipregerson/nnenum/vnncomp2025_benchmarks/benchmarks/safenlp_2024/onnx/medical/perturbations_0.onnx,/home/elipregerson/nnenum/vnncomp2025_benchmarks/benchmarks/safenlp_2024/vnnlib/medical/hyperrectangle_1415.vnnlib,.005988992,sat,.644873378
safenlp_2024,/home/elipregerson/nnenum/vnncomp2025_benchmarks/benchmarks/safenlp_2024/onnx/ruarobot/perturbations_0.onnx,/home/elipregerson/nnenum/vnncomp2025_benchmarks/benchmarks/safenlp_2024/vnnlib/ruarobot/hyperrectangle_492.vnnlib,.006318784,sat,.646372954
safenlp_2024,/home/elipregerson/nnenum/vnncomp2025_benchmarks/benchmarks/safenlp_2024/onnx/ruarobot/perturbations_0.onnx,/home/elipregerson/nnenum/vnncomp2025_benchmarks/benchmarks/safenlp_2024/vnnlib/ruarobot/hyperrectangle_3547.vnnlib,.006093084,unsat,3.422538721
safenlp_2024,/home/elipregerson/nnenum/vnncomp2025_benchmarks/benchmarks/safenlp_2024/onnx/ruarobot/perturbations_0.onnx,/home/elipregerson/nnenum/vnncomp2025_benchmarks/benchmarks/safenlp_2024/vnnlib/ruarobot/hyperrectangle_4305.vnnlib,.006063558,sat,.631660156
safenlp_2024,/home/elipregerson/nnenum/vnncomp2025_benchmarks/benchmarks/safenlp_2024/onnx/medical/perturbations_0.onnx,/home/elipregerson/nnenum/vnncomp2025_benchmarks/benchmarks/safenlp_2024/vnnlib/medical/hyperrectangle_2219.vnnlib,.006349573,unsat,.595866021
safenlp_2024,/home/elipregerson/nnenum/vnncomp2025_benchmarks/benchmarks/safenlp_2024/onnx/ruarobot/perturbations_0.onnx,/home/elipregerson/nnenum/vnncomp2025_benchmarks/benchmarks/safenlp_2024/vnnlib/ruarobot/hyperrectangle_5928.vnnlib,.006061236,sat,.634066567
safenlp_2024,/home/elipregerson/nnenum/vnncomp2025_benchmarks/benchmarks/safenlp_2024/onnx/ruarobot/perturbations_0.onnx,/home/elipregerson/nnenum/vnncomp2025_benchmarks/benchmarks/safenlp_2024/vnnlib/ruarobot/hyperrectangle_4679.vnnlib,.006085691,sat,.633413318
safenlp_2024,/home/elipregerson/nnenum/vnncomp2025_benchmarks/benchmarks/safenlp_2024/onnx/ruarobot/perturbations_0.onnx,/home/elipregerson/nnenum/vnncomp2025_benchmarks/benchmarks/safenlp_2024/vnnlib/ruarobot/hyperrectangle_2956.vnnlib,.006178255,unsat,.654567611
safenlp_2024,/home/elipregerson/nnenum/vnncomp2025_benchmarks/benchmarks/safenlp_2024/onnx/ruarobot/perturbations_0.onnx,/home/elipregerson/nnenum/vnncomp2025_benchmarks/benchmarks/safenlp_2024/vnnlib/ruarobot/hyperrectangle_3840.vnnlib,.006240012,unsat,.941996786
safenlp_2024,/home/elipregerson/nnenum/vnncomp2025_benchmarks/benchmarks/safenlp_2024/onnx/medical/perturbations_0.onnx,/home/elipregerson/nnenum/vnncomp2025_benchmarks/benchmarks/safenlp_2024/vnnlib/medical/hyperrectangle_2541.vnnlib,.006083618,sat,.638414363
safenlp_2024,/home/elipregerson/nnenum/vnncomp2025_benchmarks/benchmarks/safenlp_2024/onnx/ruarobot/perturbations_0.onnx,/home/elipregerson/nnenum/vnncomp2025_benchmarks/benchmarks/safenlp_2024/vnnlib/ruarobot/hyperrectangle_2914.vnnlib,.006236341,sat,.638113900
safenlp_2024,/home/elipregerson/nnenum/vnncomp2025_benchmarks/benchmarks/safenlp_2024/onnx/ruarobot/perturbations_0.onnx,/home/elipregerson/nnenum/vnncomp2025_benchmarks/benchmarks/safenlp_2024/vnnlib/ruarobot/hyperrectangle_2018.vnnlib,.006196189,sat,.635647052
safenlp_2024,/home/elipregerson/nnenum/vnncomp2025_benchmarks/benchmarks/safenlp_2024/onnx/ruarobot/perturbations_0.onnx,/home/elipregerson/nnenum/vnncomp2025_benchmarks/benchmarks/safenlp_2024/vnnlib/ruarobot/hyperrectangle_5248.vnnlib,.006718084,sat,.591947546
safenlp_2024,/home/elipregerson/nnenum/vnncomp2025_benchmarks/benchmarks/safenlp_2024/onnx/medical/perturbations_0.onnx,/home/elipregerson/nnenum/vnncomp2025_benchmarks/benchmarks/safenlp_2024/vnnlib/medical/hyperrectangle_1443.vnnlib,.006275801,unsat,.582986914
safenlp_2024,/home/elipregerson/nnenum/vnncomp2025_benchmarks/benchmarks/safenlp_2024/onnx/medical/perturbations_0.onnx,/home/elipregerson/nnenum/vnncomp2025_benchmarks/benchmarks/safenlp_2024/vnnlib/medical/hyperrectangle_2053.vnnlib,.006100813,unsat,.900907900
safenlp_2024,/home/elipregerson/nnenum/vnncomp2025_benchmarks/benchmarks/safenlp_2024/onnx/medical/perturbations_0.onnx,/home/elipregerson/nnenum/vnncomp2025_benchmarks/benchmarks/safenlp_2024/vnnlib/medical/hyperrectangle_2334.vnnlib,.006067243,timeout,20.561355401
safenlp_2024,/home/elipregerson/nnenum/vnncomp2025_benchmarks/benchmarks/safenlp_2024/onnx/ruarobot/perturbations_0.onnx,/home/elipregerson/nnenum/vnncomp2025_benchmarks/benchmarks/safenlp_2024/vnnlib/ruarobot/hyperrectangle_6652.vnnlib,.006515125,sat,.628568336
safenlp_2024,/home/elipregerson/nnenum/vnncomp2025_benchmarks/benchmarks/safenlp_2024/onnx/ruarobot/perturbations_0.onnx,/home/elipregerson/nnenum/vnncomp2025_benchmarks/benchmarks/safenlp_2024/vnnlib/ruarobot/hyperrectangle_4142.vnnlib,.005990025,sat,.631793508
safenlp_2024,/home/elipregerson/nnenum/vnncomp2025_benchmarks/benchmarks/safenlp_2024/onnx/ruarobot/perturbations_0.onnx,/home/elipregerson/nnenum/vnncomp2025_benchmarks/benchmarks/safenlp_2024/vnnlib/ruarobot/hyperrectangle_2788.vnnlib,.006110199,sat,.585808123
safenlp_2024,/home/elipregerson/nnenum/vnncomp2025_benchmarks/benchmarks/safenlp_2024/onnx/ruarobot/perturbations_0.onnx,/home/elipregerson/nnenum/vnncomp2025_benchmarks/benchmarks/safenlp_2024/vnnlib/ruarobot/hyperrectangle_5670.vnnlib,.006205173,sat,.638520038
safenlp_2024,/home/elipregerson/nnenum/vnncomp2025_benchmarks/benchmarks/safenlp_2024/onnx/ruarobot/perturbations_0.onnx,/home/elipregerson/nnenum/vnncomp2025_benchmarks/benchmarks/safenlp_2024/vnnlib/ruarobot/hyperrectangle_2473.vnnlib,.006202730,sat,.586107533
safenlp_2024,/home/elipregerson/nnenum/vnncomp2025_benchmarks/benchmarks/safenlp_2024/onnx/ruarobot/perturbations_0.onnx,/home/elipregerson/nnenum/vnncomp2025_benchmarks/benchmarks/safenlp_2024/vnnlib/ruarobot/hyperrectangle_6241.vnnlib,.006083711,timeout,20.558850685
safenlp_2024,/home/elipregerson/nnenum/vnncomp2025_benchmarks/benchmarks/safenlp_2024/onnx/ruarobot/perturbations_0.onnx,/home/elipregerson/nnenum/vnncomp2025_benchmarks/benchmarks/safenlp_2024/vnnlib/ruarobot/hyperrectangle_3808.vnnlib,.006652357,timeout,20.551856802
safenlp_2024,/home/elipregerson/nnenum/vnncomp2025_benchmarks/benchmarks/safenlp_2024/onnx/ruarobot/perturbations_0.onnx,/home/elipregerson/nnenum/vnncomp2025_benchmarks/benchmarks/safenlp_2024/vnnlib/ruarobot/hyperrectangle_7130.vnnlib,.006167585,sat,.630518318
safenlp_2024,/home/elipregerson/nnenum/vnncomp2025_benchmarks/benchmarks/safenlp_2024/onnx/ruarobot/perturbations_0.onnx,/home/elipregerson/nnenum/vnncomp2025_benchmarks/benchmarks/safenlp_2024/vnnlib/ruarobot/hyperrectangle_6819.vnnlib,.006107815,timeout,20.558614334
safenlp_2024,/home/elipregerson/nnenum/vnncomp2025_benchmarks/benchmarks/safenlp_2024/onnx/medical/perturbations_0.onnx,/home/elipregerson/nnenum/vnncomp2025_benchmarks/benchmarks/safenlp_2024/vnnlib/medical/hyperrectangle_587.vnnlib,.006060077,timeout,20.546659516
safenlp_2024,/home/elipregerson/nnenum/vnncomp2025_benchmarks/benchmarks/safenlp_2024/onnx/ruarobot/perturbations_0.onnx,/home/elipregerson/nnenum/vnncomp2025_benchmarks/benchmarks/safenlp_2024/vnnlib/ruarobot/hyperrectangle_5800.vnnlib,.006119091,sat,.644057482
safenlp_2024,/home/elipregerson/nnenum/vnncomp2025_benchmarks/benchmarks/safenlp_2024/onnx/ruarobot/perturbations_0.onnx,/home/elipregerson/nnenum/vnncomp2025_benchmarks/benchmarks/safenlp_2024/vnnlib/ruarobot/hyperrectangle_4908.vnnlib,.006320706,timeout,20.560009656
safenlp_2024,/home/elipregerson/nnenum/vnncomp2025_benchmarks/benchmarks/safenlp_2024/onnx/medical/perturbations_0.onnx,/home/elipregerson/nnenum/vnncomp2025_benchmarks/benchmarks/safenlp_2024/vnnlib/medical/hyperrectangle_1582.vnnlib,.006029207,unsat,17.606707502
safenlp_2024,/home/elipregerson/nnenum/vnncomp2025_benchmarks/benchmarks/safenlp_2024/onnx/ruarobot/perturbations_0.onnx,/home/elipregerson/nnenum/vnncomp2025_benchmarks/benchmarks/safenlp_2024/vnnlib/ruarobot/hyperrectangle_2903.vnnlib,.008183952,sat,.714220914
safenlp_2024,/home/elipregerson/nnenum/vnncomp2025_benchmarks/benchmarks/safenlp_2024/onnx/medical/perturbations_0.onnx,/home/elipregerson/nnenum/vnncomp2025_benchmarks/benchmarks/safenlp_2024/vnnlib/medical/hyperrectangle_2231.vnnlib,.006366816,sat,.641992049
safenlp_2024,/home/elipregerson/nnenum/vnncomp2025_benchmarks/benchmarks/safenlp_2024/onnx/medical/perturbations_0.onnx,/home/elipregerson/nnenum/vnncomp2025_benchmarks/benchmarks/safenlp_2024/vnnlib/medical/hyperrectangle_2714.vnnlib,.006070371,timeout,20.569349177
safenlp_2024,/home/elipregerson/nnenum/vnncomp2025_benchmarks/benchmarks/safenlp_2024/onnx/ruarobot/perturbations_0.onnx,/home/elipregerson/nnenum/vnncomp2025_benchmarks/benchmarks/safenlp_2024/vnnlib/ruarobot/hyperrectangle_6939.vnnlib,.007062480,unsat,6.885081016
safenlp_2024,/home/elipregerson/nnenum/vnncomp2025_benchmarks/benchmarks/safenlp_2024/onnx/ruarobot/perturbations_0.onnx,/home/elipregerson/nnenum/vnncomp2025_benchmarks/benchmarks/safenlp_2024/vnnlib/ruarobot/hyperrectangle_6120.vnnlib,.010601359,sat,.880736708
safenlp_2024,/home/elipregerson/nnenum/vnncomp2025_benchmarks/benchmarks/safenlp_2024/onnx/ruarobot/perturbations_0.onnx,/home/elipregerson/nnenum/vnncomp2025_benchmarks/benchmarks/safenlp_2024/vnnlib/ruarobot/hyperrectangle_5360.vnnlib,.012317540,sat,.868922797
safenlp_2024,/home/elipregerson/nnenum/vnncomp2025_benchmarks/benchmarks/safenlp_2024/onnx/medical/perturbations_0.onnx,/home/elipregerson/nnenum/vnncomp2025_benchmarks/benchmarks/safenlp_2024/vnnlib/medical/hyperrectangle_2057.vnnlib,.010245172,timeout,20.768826111
safenlp_2024,/home/elipregerson/nnenum/vnncomp2025_benchmarks/benchmarks/safenlp_2024/onnx/ruarobot/perturbations_0.onnx,/home/elipregerson/nnenum/vnncomp2025_benchmarks/benchmarks/safenlp_2024/vnnlib/ruarobot/hyperrectangle_4258.vnnlib,.011450251,sat,.713688849
safenlp_2024,/home/elipregerson/nnenum/vnncomp2025_benchmarks/benchmarks/safenlp_2024/onnx/medical/perturbations_0.onnx,/home/elipregerson/nnenum/vnncomp2025_benchmarks/benchmarks/safenlp_2024/vnnlib/medical/hyperrectangle_710.vnnlib,.006131822,unsat,.588331639
safenlp_2024,/home/elipregerson/nnenum/vnncomp2025_benchmarks/benchmarks/safenlp_2024/onnx/ruarobot/perturbations_0.onnx,/home/elipregerson/nnenum/vnncomp2025_benchmarks/benchmarks/safenlp_2024/vnnlib/ruarobot/hyperrectangle_784.vnnlib,.006181006,sat,.631268385
safenlp_2024,/home/elipregerson/nnenum/vnncomp2025_benchmarks/benchmarks/safenlp_2024/onnx/ruarobot/perturbations_0.onnx,/home/elipregerson/nnenum/vnncomp2025_benchmarks/benchmarks/safenlp_2024/vnnlib/ruarobot/hyperrectangle_1334.vnnlib,.006089440,sat,.637051184
safenlp_2024,/home/elipregerson/nnenum/vnncomp2025_benchmarks/benchmarks/safenlp_2024/onnx/medical/perturbations_0.onnx,/home/elipregerson/nnenum/vnncomp2025_benchmarks/benchmarks/safenlp_2024/vnnlib/medical/hyperrectangle_1623.vnnlib,.007150447,unsat,.592169236
safenlp_2024,/home/elipregerson/nnenum/vnncomp2025_benchmarks/benchmarks/safenlp_2024/onnx/ruarobot/perturbations_0.onnx,/home/elipregerson/nnenum/vnncomp2025_benchmarks/benchmarks/safenlp_2024/vnnlib/ruarobot/hyperrectangle_1997.vnnlib,.006432018,timeout,20.570407446
safenlp_2024,/home/elipregerson/nnenum/vnncomp2025_benchmarks/benchmarks/safenlp_2024/onnx/ruarobot/perturbations_0.onnx,/home/elipregerson/nnenum/vnncomp2025_benchmarks/benchmarks/safenlp_2024/vnnlib/ruarobot/hyperrectangle_791.vnnlib,.006050998,sat,.637163954
safenlp_2024,/home/elipregerson/nnenum/vnncomp2025_benchmarks/benchmarks/safenlp_2024/onnx/medical/perturbations_0.onnx,/home/elipregerson/nnenum/vnncomp2025_benchmarks/benchmarks/safenlp_2024/vnnlib/medical/hyperrectangle_2524.vnnlib,.006234977,timeout,20.553263864
safenlp_2024,/home/elipregerson/nnenum/vnncomp2025_benchmarks/benchmarks/safenlp_2024/onnx/ruarobot/perturbations_0.onnx,/home/elipregerson/nnenum/vnncomp2025_benchmarks/benchmarks/safenlp_2024/vnnlib/ruarobot/hyperrectangle_3123.vnnlib,.006174109,sat,.634242943
safenlp_2024,/home/elipregerson/nnenum/vnncomp2025_benchmarks/benchmarks/safenlp_2024/onnx/ruarobot/perturbations_0.onnx,/home/elipregerson/nnenum/vnncomp2025_benchmarks/benchmarks/safenlp_2024/vnnlib/ruarobot/hyperrectangle_7418.vnnlib,.006131259,sat,.627582594
safenlp_2024,/home/elipregerson/nnenum/vnncomp2025_benchmarks/benchmarks/safenlp_2024/onnx/ruarobot/perturbations_0.onnx,/home/elipregerson/nnenum/vnncomp2025_benchmarks/benchmarks/safenlp_2024/vnnlib/ruarobot/hyperrectangle_7692.vnnlib,.006261517,sat,.651561113
safenlp_2024,/home/elipregerson/nnenum/vnncomp2025_benchmarks/benchmarks/safenlp_2024/onnx/ruarobot/perturbations_0.onnx,/home/elipregerson/nnenum/vnncomp2025_benchmarks/benchmarks/safenlp_2024/vnnlib/ruarobot/hyperrectangle_547.vnnlib,.006397672,sat,.637520652
safenlp_2024,/home/elipregerson/nnenum/vnncomp2025_benchmarks/benchmarks/safenlp_2024/onnx/ruarobot/perturbations_0.onnx,/home/elipregerson/nnenum/vnncomp2025_benchmarks/benchmarks/safenlp_2024/vnnlib/ruarobot/hyperrectangle_7226.vnnlib,.013989977,timeout,20.582990721
safenlp_2024,/home/elipregerson/nnenum/vnncomp2025_benchmarks/benchmarks/safenlp_2024/onnx/ruarobot/perturbations_0.onnx,/home/elipregerson/nnenum/vnncomp2025_benchmarks/benchmarks/safenlp_2024/vnnlib/ruarobot/hyperrectangle_821.vnnlib,.010612796,unsat,.936256409
safenlp_2024,/home/elipregerson/nnenum/vnncomp2025_benchmarks/benchmarks/safenlp_2024/onnx/ruarobot/perturbations_0.onnx,/home/elipregerson/nnenum/vnncomp2025_benchmarks/benchmarks/safenlp_2024/vnnlib/ruarobot/hyperrectangle_6416.vnnlib,.006187314,sat,.896246487
safenlp_2024,/home/elipregerson/nnenum/vnncomp2025_benchmarks/benchmarks/safenlp_2024/onnx/ruarobot/perturbations_0.onnx,/home/elipregerson/nnenum/vnncomp2025_benchmarks/benchmarks/safenlp_2024/vnnlib/ruarobot/hyperrectangle_5688.vnnlib,.006357638,sat,.644967877
safenlp_2024,/home/elipregerson/nnenum/vnncomp2025_benchmarks/benchmarks/safenlp_2024/onnx/ruarobot/perturbations_0.onnx,/home/elipregerson/nnenum/vnncomp2025_benchmarks/benchmarks/safenlp_2024/vnnlib/ruarobot/hyperrectangle_1302.vnnlib,.006138386,sat,.635138609
safenlp_2024,/home/elipregerson/nnenum/vnncomp2025_benchmarks/benchmarks/safenlp_2024/onnx/ruarobot/perturbations_0.onnx,/home/elipregerson/nnenum/vnncomp2025_benchmarks/benchmarks/safenlp_2024/vnnlib/ruarobot/hyperrectangle_6614.vnnlib,.006122096,timeout,20.567321539
safenlp_2024,/home/elipregerson/nnenum/vnncomp2025_benchmarks/benchmarks/safenlp_2024/onnx/ruarobot/perturbations_0.onnx,/home/elipregerson/nnenum/vnncomp2025_benchmarks/benchmarks/safenlp_2024/vnnlib/ruarobot/hyperrectangle_6909.vnnlib,.013449014,sat,.656918893
safenlp_2024,/home/elipregerson/nnenum/vnncomp2025_benchmarks/benchmarks/safenlp_2024/onnx/ruarobot/perturbations_0.onnx,/home/elipregerson/nnenum/vnncomp2025_benchmarks/benchmarks/safenlp_2024/vnnlib/ruarobot/hyperrectangle_2234.vnnlib,.006097543,sat,.634684616
safenlp_2024,/home/elipregerson/nnenum/vnncomp2025_benchmarks/benchmarks/safenlp_2024/onnx/ruarobot/perturbations_0.onnx,/home/elipregerson/nnenum/vnncomp2025_benchmarks/benchmarks/safenlp_2024/vnnlib/ruarobot/hyperrectangle_2566.vnnlib,.006554050,unsat,1.544464002
safenlp_2024,/home/elipregerson/nnenum/vnncomp2025_benchmarks/benchmarks/safenlp_2024/onnx/ruarobot/perturbations_0.onnx,/home/elipregerson/nnenum/vnncomp2025_benchmarks/benchmarks/safenlp_2024/vnnlib/ruarobot/hyperrectangle_55.vnnlib,.006382193,sat,.640617585
safenlp_2024,/home/elipregerson/nnenum/vnncomp2025_benchmarks/benchmarks/safenlp_2024/onnx/ruarobot/perturbations_0.onnx,/home/elipregerson/nnenum/vnncomp2025_benchmarks/benchmarks/safenlp_2024/vnnlib/ruarobot/hyperrectangle_4101.vnnlib,.006284090,sat,.627761539
safenlp_2024,/home/elipregerson/nnenum/vnncomp2025_benchmarks/benchmarks/safenlp_2024/onnx/medical/perturbations_0.onnx,/home/elipregerson/nnenum/vnncomp2025_benchmarks/benchmarks/safenlp_2024/vnnlib/medical/hyperrectangle_780.vnnlib,.006127126,unsat,.591377451
safenlp_2024,/home/elipregerson/nnenum/vnncomp2025_benchmarks/benchmarks/safenlp_2024/onnx/ruarobot/perturbations_0.onnx,/home/elipregerson/nnenum/vnncomp2025_benchmarks/benchmarks/safenlp_2024/vnnlib/ruarobot/hyperrectangle_2257.vnnlib,.006084575,sat,.643501627
safenlp_2024,/home/elipregerson/nnenum/vnncomp2025_benchmarks/benchmarks/safenlp_2024/onnx/medical/perturbations_0.onnx,/home/elipregerson/nnenum/vnncomp2025_benchmarks/benchmarks/safenlp_2024/vnnlib/medical/hyperrectangle_2407.vnnlib,.006003022,unsat,.799120837
safenlp_2024,/home/elipregerson/nnenum/vnncomp2025_benchmarks/benchmarks/safenlp_2024/onnx/ruarobot/perturbations_0.onnx,/home/elipregerson/nnenum/vnncomp2025_benchmarks/benchmarks/safenlp_2024/vnnlib/ruarobot/hyperrectangle_4236.vnnlib,.006075614,timeout,20.567576781
safenlp_2024,/home/elipregerson/nnenum/vnncomp2025_benchmarks/benchmarks/safenlp_2024/onnx/ruarobot/perturbations_0.onnx,/home/elipregerson/nnenum/vnncomp2025_benchmarks/benchmarks/safenlp_2024/vnnlib/ruarobot/hyperrectangle_3212.vnnlib,.006140239,sat,.750686211
safenlp_2024,/home/elipregerson/nnenum/vnncomp2025_benchmarks/benchmarks/safenlp_2024/onnx/ruarobot/perturbations_0.onnx,/home/elipregerson/nnenum/vnncomp2025_benchmarks/benchmarks/safenlp_2024/vnnlib/ruarobot/hyperrectangle_2686.vnnlib,.006367798,sat,.643667514
safenlp_2024,/home/elipregerson/nnenum/vnncomp2025_benchmarks/benchmarks/safenlp_2024/onnx/ruarobot/perturbations_0.onnx,/home/elipregerson/nnenum/vnncomp2025_benchmarks/benchmarks/safenlp_2024/vnnlib/ruarobot/hyperrectangle_4862.vnnlib,.006384528,timeout,20.549811060
safenlp_2024,/home/elipregerson/nnenum/vnncomp2025_benchmarks/benchmarks/safenlp_2024/onnx/ruarobot/perturbations_0.onnx,/home/elipregerson/nnenum/vnncomp2025_benchmarks/benchmarks/safenlp_2024/vnnlib/ruarobot/hyperrectangle_5493.vnnlib,.006244628,unsat,3.225701282
safenlp_2024,/home/elipregerson/nnenum/vnncomp2025_benchmarks/benchmarks/safenlp_2024/onnx/ruarobot/perturbations_0.onnx,/home/elipregerson/nnenum/vnncomp2025_benchmarks/benchmarks/safenlp_2024/vnnlib/ruarobot/hyperrectangle_6547.vnnlib,.006126053,sat,.645736346
safenlp_2024,/home/elipregerson/nnenum/vnncomp2025_benchmarks/benchmarks/safenlp_2024/onnx/ruarobot/perturbations_0.onnx,/home/elipregerson/nnenum/vnncomp2025_benchmarks/benchmarks/safenlp_2024/vnnlib/ruarobot/hyperrectangle_4662.vnnlib,.006107116,unsat,1.012566173
safenlp_2024,/home/elipregerson/nnenum/vnncomp2025_benchmarks/benchmarks/safenlp_2024/onnx/ruarobot/perturbations_0.onnx,/home/elipregerson/nnenum/vnncomp2025_benchmarks/benchmarks/safenlp_2024/vnnlib/ruarobot/hyperrectangle_4637.vnnlib,.006266360,sat,.645118094
safenlp_2024,/home/elipregerson/nnenum/vnncomp2025_benchmarks/benchmarks/safenlp_2024/onnx/ruarobot/perturbations_0.onnx,/home/elipregerson/nnenum/vnncomp2025_benchmarks/benchmarks/safenlp_2024/vnnlib/ruarobot/hyperrectangle_7874.vnnlib,.006070961,sat,.634610571
safenlp_2024,/home/elipregerson/nnenum/vnncomp2025_benchmarks/benchmarks/safenlp_2024/onnx/medical/perturbations_0.onnx,/home/elipregerson/nnenum/vnncomp2025_benchmarks/benchmarks/safenlp_2024/vnnlib/medical/hyperrectangle_1353.vnnlib,.006057360,unsat,.590237271
safenlp_2024,/home/elipregerson/nnenum/vnncomp2025_benchmarks/benchmarks/safenlp_2024/onnx/medical/perturbations_0.onnx,/home/elipregerson/nnenum/vnncomp2025_benchmarks/benchmarks/safenlp_2024/vnnlib/medical/hyperrectangle_1512.vnnlib,.006025062,unsat,.588767881
safenlp_2024,/home/elipregerson/nnenum/vnncomp2025_benchmarks/benchmarks/safenlp_2024/onnx/ruarobot/perturbations_0.onnx,/home/elipregerson/nnenum/vnncomp2025_benchmarks/benchmarks/safenlp_2024/vnnlib/ruarobot/hyperrectangle_5258.vnnlib,.006076023,unsat,2.074686710
safenlp_2024,/home/elipregerson/nnenum/vnncomp2025_benchmarks/benchmarks/safenlp_2024/onnx/ruarobot/perturbations_0.onnx,/home/elipregerson/nnenum/vnncomp2025_benchmarks/benchmarks/safenlp_2024/vnnlib/ruarobot/hyperrectangle_2039.vnnlib,.006376688,sat,.641356717
safenlp_2024,/home/elipregerson/nnenum/vnncomp2025_benchmarks/benchmarks/safenlp_2024/onnx/ruarobot/perturbations_0.onnx,/home/elipregerson/nnenum/vnncomp2025_benchmarks/benchmarks/safenlp_2024/vnnlib/ruarobot/hyperrectangle_4889.vnnlib,.006002595,unsat,2.644504328
safenlp_2024,/home/elipregerson/nnenum/vnncomp2025_benchmarks/benchmarks/safenlp_2024/onnx/ruarobot/perturbations_0.onnx,/home/elipregerson/nnenum/vnncomp2025_benchmarks/benchmarks/safenlp_2024/vnnlib/ruarobot/hyperrectangle_6013.vnnlib,.005996009,unsat,16.184760333
safenlp_2024,/home/elipregerson/nnenum/vnncomp2025_benchmarks/benchmarks/safenlp_2024/onnx/medical/perturbations_0.onnx,/home/elipregerson/nnenum/vnncomp2025_benchmarks/benchmarks/safenlp_2024/vnnlib/medical/hyperrectangle_308.vnnlib,.014151539,unsat,.636086604
safenlp_2024,/home/elipregerson/nnenum/vnncomp2025_benchmarks/benchmarks/safenlp_2024/onnx/ruarobot/perturbations_0.onnx,/home/elipregerson/nnenum/vnncomp2025_benchmarks/benchmarks/safenlp_2024/vnnlib/ruarobot/hyperrectangle_1841.vnnlib,.006038584,sat,.641490359
safenlp_2024,/home/elipregerson/nnenum/vnncomp2025_benchmarks/benchmarks/safenlp_2024/onnx/medical/perturbations_0.onnx,/home/elipregerson/nnenum/vnncomp2025_benchmarks/benchmarks/safenlp_2024/vnnlib/medical/hyperrectangle_447.vnnlib,.006262862,sat,.771844332
safenlp_2024,/home/elipregerson/nnenum/vnncomp2025_benchmarks/benchmarks/safenlp_2024/onnx/medical/perturbations_0.onnx,/home/elipregerson/nnenum/vnncomp2025_benchmarks/benchmarks/safenlp_2024/vnnlib/medical/hyperrectangle_232.vnnlib,.006123949,unsat,.594396182
safenlp_2024,/home/elipregerson/nnenum/vnncomp2025_benchmarks/benchmarks/safenlp_2024/onnx/ruarobot/perturbations_0.onnx,/home/elipregerson/nnenum/vnncomp2025_benchmarks/benchmarks/safenlp_2024/vnnlib/ruarobot/hyperrectangle_2094.vnnlib,.006080878,sat,.640763415
safenlp_2024,/home/elipregerson/nnenum/vnncomp2025_benchmarks/benchmarks/safenlp_2024/onnx/ruarobot/perturbations_0.onnx,/home/elipregerson/nnenum/vnncomp2025_benchmarks/benchmarks/safenlp_2024/vnnlib/ruarobot/hyperrectangle_345.vnnlib,.006548479,sat,.642603231
safenlp_2024,/home/elipregerson/nnenum/vnncomp2025_benchmarks/benchmarks/safenlp_2024/onnx/ruarobot/perturbations_0.onnx,/home/elipregerson/nnenum/vnncomp2025_benchmarks/benchmarks/safenlp_2024/vnnlib/ruarobot/hyperrectangle_3977.vnnlib,.006096270,sat,.628412600
safenlp_2024,/home/elipregerson/nnenum/vnncomp2025_benchmarks/benchmarks/safenlp_2024/onnx/medical/perturbations_0.onnx,/home/elipregerson/nnenum/vnncomp2025_benchmarks/benchmarks/safenlp_2024/vnnlib/medical/hyperrectangle_75.vnnlib,.006117733,unsat,.584795663
safenlp_2024,/home/elipregerson/nnenum/vnncomp2025_benchmarks/benchmarks/safenlp_2024/onnx/medical/perturbations_0.onnx,/home/elipregerson/nnenum/vnncomp2025_benchmarks/benchmarks/safenlp_2024/vnnlib/medical/hyperrectangle_2091.vnnlib,.006278419,sat,.643623160
safenlp_2024,/home/elipregerson/nnenum/vnncomp2025_benchmarks/benchmarks/safenlp_2024/onnx/ruarobot/perturbations_0.onnx,/home/elipregerson/nnenum/vnncomp2025_benchmarks/benchmarks/safenlp_2024/vnnlib/ruarobot/hyperrectangle_608.vnnlib,.006239325,sat,.636419422
safenlp_2024,/home/elipregerson/nnenum/vnncomp2025_benchmarks/benchmarks/safenlp_2024/onnx/ruarobot/perturbations_0.onnx,/home/elipregerson/nnenum/vnncomp2025_benchmarks/benchmarks/safenlp_2024/vnnlib/ruarobot/hyperrectangle_2981.vnnlib,.006276789,timeout,20.549111145
safenlp_2024,/home/elipregerson/nnenum/vnncomp2025_benchmarks/benchmarks/safenlp_2024/onnx/medical/perturbations_0.onnx,/home/elipregerson/nnenum/vnncomp2025_benchmarks/benchmarks/safenlp_2024/vnnlib/medical/hyperrectangle_2525.vnnlib,.006107401,unsat,.587354868
safenlp_2024,/home/elipregerson/nnenum/vnncomp2025_benchmarks/benchmarks/safenlp_2024/onnx/ruarobot/perturbations_0.onnx,/home/elipregerson/nnenum/vnncomp2025_benchmarks/benchmarks/safenlp_2024/vnnlib/ruarobot/hyperrectangle_7164.vnnlib,.006320756,sat,1.085063524
safenlp_2024,/home/elipregerson/nnenum/vnncomp2025_benchmarks/benchmarks/safenlp_2024/onnx/ruarobot/perturbations_0.onnx,/home/elipregerson/nnenum/vnncomp2025_benchmarks/benchmarks/safenlp_2024/vnnlib/ruarobot/hyperrectangle_6249.vnnlib,.006268239,sat,.641044770
safenlp_2024,/home/elipregerson/nnenum/vnncomp2025_benchmarks/benchmarks/safenlp_2024/onnx/ruarobot/perturbations_0.onnx,/home/elipregerson/nnenum/vnncomp2025_benchmarks/benchmarks/safenlp_2024/vnnlib/ruarobot/hyperrectangle_541.vnnlib,.006496435,sat,.640341259
safenlp_2024,/home/elipregerson/nnenum/vnncomp2025_benchmarks/benchmarks/safenlp_2024/onnx/ruarobot/perturbations_0.onnx,/home/elipregerson/nnenum/vnncomp2025_benchmarks/benchmarks/safenlp_2024/vnnlib/ruarobot/hyperrectangle_6427.vnnlib,.005956512,sat,.628368293
safenlp_2024,/home/elipregerson/nnenum/vnncomp2025_benchmarks/benchmarks/safenlp_2024/onnx/ruarobot/perturbations_0.onnx,/home/elipregerson/nnenum/vnncomp2025_benchmarks/benchmarks/safenlp_2024/vnnlib/ruarobot/hyperrectangle_1176.vnnlib,.006346757,sat,.639996042
safenlp_2024,/home/elipregerson/nnenum/vnncomp2025_benchmarks/benchmarks/safenlp_2024/onnx/ruarobot/perturbations_0.onnx,/home/elipregerson/nnenum/vnncomp2025_benchmarks/benchmarks/safenlp_2024/vnnlib/ruarobot/hyperrectangle_282.vnnlib,.006264698,timeout,20.546954055
safenlp_2024,/home/elipregerson/nnenum/vnncomp2025_benchmarks/benchmarks/safenlp_2024/onnx/ruarobot/perturbations_0.onnx,/home/elipregerson/nnenum/vnncomp2025_benchmarks/benchmarks/safenlp_2024/vnnlib/ruarobot/hyperrectangle_1177.vnnlib,.006115488,sat,.623782114
safenlp_2024,/home/elipregerson/nnenum/vnncomp2025_benchmarks/benchmarks/safenlp_2024/onnx/ruarobot/perturbations_0.onnx,/home/elipregerson/nnenum/vnncomp2025_benchmarks/benchmarks/safenlp_2024/vnnlib/ruarobot/hyperrectangle_6183.vnnlib,.006302163,sat,.644219297
safenlp_2024,/home/elipregerson/nnenum/vnncomp2025_benchmarks/benchmarks/safenlp_2024/onnx/medical/perturbations_0.onnx,/home/elipregerson/nnenum/vnncomp2025_benchmarks/benchmarks/safenlp_2024/vnnlib/medical/hyperrectangle_2806.vnnlib,.006224693,unsat,.593594776
safenlp_2024,/home/elipregerson/nnenum/vnncomp2025_benchmarks/benchmarks/safenlp_2024/onnx/ruarobot/perturbations_0.onnx,/home/elipregerson/nnenum/vnncomp2025_benchmarks/benchmarks/safenlp_2024/vnnlib/ruarobot/hyperrectangle_5716.vnnlib,.006094441,sat,.640637892
safenlp_2024,/home/elipregerson/nnenum/vnncomp2025_benchmarks/benchmarks/safenlp_2024/onnx/ruarobot/perturbations_0.onnx,/home/elipregerson/nnenum/vnncomp2025_benchmarks/benchmarks/safenlp_2024/vnnlib/ruarobot/hyperrectangle_5966.vnnlib,.006280912,sat,.648034766
safenlp_2024,/home/elipregerson/nnenum/vnncomp2025_benchmarks/benchmarks/safenlp_2024/onnx/ruarobot/perturbations_0.onnx,/home/elipregerson/nnenum/vnncomp2025_benchmarks/benchmarks/safenlp_2024/vnnlib/ruarobot/hyperrectangle_1711.vnnlib,.006048703,sat,.632774844
safenlp_2024,/home/elipregerson/nnenum/vnncomp2025_benchmarks/benchmarks/safenlp_2024/onnx/ruarobot/perturbations_0.onnx,/home/elipregerson/nnenum/vnncomp2025_benchmarks/benchmarks/safenlp_2024/vnnlib/ruarobot/hyperrectangle_3447.vnnlib,.006083509,timeout,20.558971866
safenlp_2024,/home/elipregerson/nnenum/vnncomp2025_benchmarks/benchmarks/safenlp_2024/onnx/medical/perturbations_0.onnx,/home/elipregerson/nnenum/vnncomp2025_benchmarks/benchmarks/safenlp_2024/vnnlib/medical/hyperrectangle_2596.vnnlib,.006046258,unsat,.652849318
safenlp_2024,/home/elipregerson/nnenum/vnncomp2025_benchmarks/benchmarks/safenlp_2024/onnx/ruarobot/perturbations_0.onnx,/home/elipregerson/nnenum/vnncomp2025_benchmarks/benchmarks/safenlp_2024/vnnlib/ruarobot/hyperrectangle_1242.vnnlib,.006129561,sat,.586861763
safenlp_2024,/home/elipregerson/nnenum/vnncomp2025_benchmarks/benchmarks/safenlp_2024/onnx/ruarobot/perturbations_0.onnx,/home/elipregerson/nnenum/vnncomp2025_benchmarks/benchmarks/safenlp_2024/vnnlib/ruarobot/hyperrectangle_975.vnnlib,.006362660,sat,.639045050
safenlp_2024,/home/elipregerson/nnenum/vnncomp2025_benchmarks/benchmarks/safenlp_2024/onnx/ruarobot/perturbations_0.onnx,/home/elipregerson/nnenum/vnncomp2025_benchmarks/benchmarks/safenlp_2024/vnnlib/ruarobot/hyperrectangle_4467.vnnlib,.006065842,sat,.626009823
safenlp_2024,/home/elipregerson/nnenum/vnncomp2025_benchmarks/benchmarks/safenlp_2024/onnx/ruarobot/perturbations_0.onnx,/home/elipregerson/nnenum/vnncomp2025_benchmarks/benchmarks/safenlp_2024/vnnlib/ruarobot/hyperrectangle_6342.vnnlib,.006101075,sat,.640212722
safenlp_2024,/home/elipregerson/nnenum/vnncomp2025_benchmarks/benchmarks/safenlp_2024/onnx/ruarobot/perturbations_0.onnx,/home/elipregerson/nnenum/vnncomp2025_benchmarks/benchmarks/safenlp_2024/vnnlib/ruarobot/hyperrectangle_2428.vnnlib,.006186859,sat,.642812527
safenlp_2024,/home/elipregerson/nnenum/vnncomp2025_benchmarks/benchmarks/safenlp_2024/onnx/ruarobot/perturbations_0.onnx,/home/elipregerson/nnenum/vnncomp2025_benchmarks/benchmarks/safenlp_2024/vnnlib/ruarobot/hyperrectangle_1489.vnnlib,.006047262,timeout,20.553229762
safenlp_2024,/home/elipregerson/nnenum/vnncomp2025_benchmarks/benchmarks/safenlp_2024/onnx/medical/perturbations_0.onnx,/home/elipregerson/nnenum/vnncomp2025_benchmarks/benchmarks/safenlp_2024/vnnlib/medical/hyperrectangle_1084.vnnlib,.006047295,unsat,.592469650
safenlp_2024,/home/elipregerson/nnenum/vnncomp2025_benchmarks/benchmarks/safenlp_2024/onnx/ruarobot/perturbations_0.onnx,/home/elipregerson/nnenum/vnncomp2025_benchmarks/benchmarks/safenlp_2024/vnnlib/ruarobot/hyperrectangle_5072.vnnlib,.006379342,sat,.642520486
safenlp_2024,/home/elipregerson/nnenum/vnncomp2025_benchmarks/benchmarks/safenlp_2024/onnx/ruarobot/perturbations_0.onnx,/home/elipregerson/nnenum/vnncomp2025_benchmarks/benchmarks/safenlp_2024/vnnlib/ruarobot/hyperrectangle_2695.vnnlib,.006180436,sat,.598301393
safenlp_2024,/home/elipregerson/nnenum/vnncomp2025_benchmarks/benchmarks/safenlp_2024/onnx/medical/perturbations_0.onnx,/home/elipregerson/nnenum/vnncomp2025_benchmarks/benchmarks/safenlp_2024/vnnlib/medical/hyperrectangle_1793.vnnlib,.006119777,unsat,.591052774
safenlp_2024,/home/elipregerson/nnenum/vnncomp2025_benchmarks/benchmarks/safenlp_2024/onnx/ruarobot/perturbations_0.onnx,/home/elipregerson/nnenum/vnncomp2025_benchmarks/benchmarks/safenlp_2024/vnnlib/ruarobot/hyperrectangle_7288.vnnlib,.006114254,timeout,20.554115943
safenlp_2024,/home/elipregerson/nnenum/vnncomp2025_benchmarks/benchmarks/safenlp_2024/onnx/medical/perturbations_0.onnx,/home/elipregerson/nnenum/vnncomp2025_benchmarks/benchmarks/safenlp_2024/vnnlib/medical/hyperrectangle_243.vnnlib,.005978410,unsat,2.801397838
safenlp_2024,/home/elipregerson/nnenum/vnncomp2025_benchmarks/benchmarks/safenlp_2024/onnx/ruarobot/perturbations_0.onnx,/home/elipregerson/nnenum/vnncomp2025_benchmarks/benchmarks/safenlp_2024/vnnlib/ruarobot/hyperrectangle_4041.vnnlib,.006378324,sat,.643337934
safenlp_2024,/home/elipregerson/nnenum/vnncomp2025_benchmarks/benchmarks/safenlp_2024/onnx/medical/perturbations_0.onnx,/home/elipregerson/nnenum/vnncomp2025_benchmarks/benchmarks/safenlp_2024/vnnlib/medical/hyperrectangle_920.vnnlib,.006047269,unsat,.592601692
safenlp_2024,/home/elipregerson/nnenum/vnncomp2025_benchmarks/benchmarks/safenlp_2024/onnx/medical/perturbations_0.onnx,/home/elipregerson/nnenum/vnncomp2025_benchmarks/benchmarks/safenlp_2024/vnnlib/medical/hyperrectangle_1611.vnnlib,.006305350,unsat,.852062811
safenlp_2024,/home/elipregerson/nnenum/vnncomp2025_benchmarks/benchmarks/safenlp_2024/onnx/medical/perturbations_0.onnx,/home/elipregerson/nnenum/vnncomp2025_benchmarks/benchmarks/safenlp_2024/vnnlib/medical/hyperrectangle_1434.vnnlib,.006206561,unsat,.596572726
safenlp_2024,/home/elipregerson/nnenum/vnncomp2025_benchmarks/benchmarks/safenlp_2024/onnx/ruarobot/perturbations_0.onnx,/home/elipregerson/nnenum/vnncomp2025_benchmarks/benchmarks/safenlp_2024/vnnlib/ruarobot/hyperrectangle_9.vnnlib,.006352453,sat,.631206465
safenlp_2024,/home/elipregerson/nnenum/vnncomp2025_benchmarks/benchmarks/safenlp_2024/onnx/ruarobot/perturbations_0.onnx,/home/elipregerson/nnenum/vnncomp2025_benchmarks/benchmarks/safenlp_2024/vnnlib/ruarobot/hyperrectangle_5682.vnnlib,.006075094,sat,.638918231
safenlp_2024,/home/elipregerson/nnenum/vnncomp2025_benchmarks/benchmarks/safenlp_2024/onnx/ruarobot/perturbations_0.onnx,/home/elipregerson/nnenum/vnncomp2025_benchmarks/benchmarks/safenlp_2024/vnnlib/ruarobot/hyperrectangle_6522.vnnlib,.006152123,sat,.643510053
safenlp_2024,/home/elipregerson/nnenum/vnncomp2025_benchmarks/benchmarks/safenlp_2024/onnx/ruarobot/perturbations_0.onnx,/home/elipregerson/nnenum/vnncomp2025_benchmarks/benchmarks/safenlp_2024/vnnlib/ruarobot/hyperrectangle_4802.vnnlib,.006192686,sat,.628118689
safenlp_2024,/home/elipregerson/nnenum/vnncomp2025_benchmarks/benchmarks/safenlp_2024/onnx/medical/perturbations_0.onnx,/home/elipregerson/nnenum/vnncomp2025_benchmarks/benchmarks/safenlp_2024/vnnlib/medical/hyperrectangle_1769.vnnlib,.006503262,unsat,.589668616
safenlp_2024,/home/elipregerson/nnenum/vnncomp2025_benchmarks/benchmarks/safenlp_2024/onnx/ruarobot/perturbations_0.onnx,/home/elipregerson/nnenum/vnncomp2025_benchmarks/benchmarks/safenlp_2024/vnnlib/ruarobot/hyperrectangle_5498.vnnlib,.006019295,sat,.632545753
safenlp_2024,/home/elipregerson/nnenum/vnncomp2025_benchmarks/benchmarks/safenlp_2024/onnx/ruarobot/perturbations_0.onnx,/home/elipregerson/nnenum/vnncomp2025_benchmarks/benchmarks/safenlp_2024/vnnlib/ruarobot/hyperrectangle_3040.vnnlib,.006329991,unsat,.588043516
safenlp_2024,/home/elipregerson/nnenum/vnncomp2025_benchmarks/benchmarks/safenlp_2024/onnx/ruarobot/perturbations_0.onnx,/home/elipregerson/nnenum/vnncomp2025_benchmarks/benchmarks/safenlp_2024/vnnlib/ruarobot/hyperrectangle_4411.vnnlib,.005992276,sat,.639468838
safenlp_2024,/home/elipregerson/nnenum/vnncomp2025_benchmarks/benchmarks/safenlp_2024/onnx/ruarobot/perturbations_0.onnx,/home/elipregerson/nnenum/vnncomp2025_benchmarks/benchmarks/safenlp_2024/vnnlib/ruarobot/hyperrectangle_661.vnnlib,.006030984,sat,.632626281
safenlp_2024,/home/elipregerson/nnenum/vnncomp2025_benchmarks/benchmarks/safenlp_2024/onnx/ruarobot/perturbations_0.onnx,/home/elipregerson/nnenum/vnncomp2025_benchmarks/benchmarks/safenlp_2024/vnnlib/ruarobot/hyperrectangle_6187.vnnlib,.006063535,sat,.679513495
safenlp_2024,/home/elipregerson/nnenum/vnncomp2025_benchmarks/benchmarks/safenlp_2024/onnx/ruarobot/perturbations_0.onnx,/home/elipregerson/nnenum/vnncomp2025_benchmarks/benchmarks/safenlp_2024/vnnlib/ruarobot/hyperrectangle_5398.vnnlib,.006540196,timeout,20.561423991
safenlp_2024,/home/elipregerson/nnenum/vnncomp2025_benchmarks/benchmarks/safenlp_2024/onnx/ruarobot/perturbations_0.onnx,/home/elipregerson/nnenum/vnncomp2025_benchmarks/benchmarks/safenlp_2024/vnnlib/ruarobot/hyperrectangle_2746.vnnlib,.006526654,sat,.644955292
safenlp_2024,/home/elipregerson/nnenum/vnncomp2025_benchmarks/benchmarks/safenlp_2024/onnx/ruarobot/perturbations_0.onnx,/home/elipregerson/nnenum/vnncomp2025_benchmarks/benchmarks/safenlp_2024/vnnlib/ruarobot/hyperrectangle_315.vnnlib,.006496163,timeout,20.549626800
safenlp_2024,/home/elipregerson/nnenum/vnncomp2025_benchmarks/benchmarks/safenlp_2024/onnx/ruarobot/perturbations_0.onnx,/home/elipregerson/nnenum/vnncomp2025_benchmarks/benchmarks/safenlp_2024/vnnlib/ruarobot/hyperrectangle_5644.vnnlib,.006101188,sat,.637762943
safenlp_2024,/home/elipregerson/nnenum/vnncomp2025_benchmarks/benchmarks/safenlp_2024/onnx/ruarobot/perturbations_0.onnx,/home/elipregerson/nnenum/vnncomp2025_benchmarks/benchmarks/safenlp_2024/vnnlib/ruarobot/hyperrectangle_3110.vnnlib,.006160827,sat,.637805390
safenlp_2024,/home/elipregerson/nnenum/vnncomp2025_benchmarks/benchmarks/safenlp_2024/onnx/ruarobot/perturbations_0.onnx,/home/elipregerson/nnenum/vnncomp2025_benchmarks/benchmarks/safenlp_2024/vnnlib/ruarobot/hyperrectangle_3945.vnnlib,.006301933,timeout,20.557089739
safenlp_2024,/home/elipregerson/nnenum/vnncomp2025_benchmarks/benchmarks/safenlp_2024/onnx/ruarobot/perturbations_0.onnx,/home/elipregerson/nnenum/vnncomp2025_benchmarks/benchmarks/safenlp_2024/vnnlib/ruarobot/hyperrectangle_2132.vnnlib,.006036921,timeout,20.550347641
safenlp_2024,/home/elipregerson/nnenum/vnncomp2025_benchmarks/benchmarks/safenlp_2024/onnx/ruarobot/perturbations_0.onnx,/home/elipregerson/nnenum/vnncomp2025_benchmarks/benchmarks/safenlp_2024/vnnlib/ruarobot/hyperrectangle_5429.vnnlib,.006215575,sat,.633212962
safenlp_2024,/home/elipregerson/nnenum/vnncomp2025_benchmarks/benchmarks/safenlp_2024/onnx/medical/perturbations_0.onnx,/home/elipregerson/nnenum/vnncomp2025_benchmarks/benchmarks/safenlp_2024/vnnlib/medical/hyperrectangle_279.vnnlib,.006034464,unsat,.705633666
safenlp_2024,/home/elipregerson/nnenum/vnncomp2025_benchmarks/benchmarks/safenlp_2024/onnx/ruarobot/perturbations_0.onnx,/home/elipregerson/nnenum/vnncomp2025_benchmarks/benchmarks/safenlp_2024/vnnlib/ruarobot/hyperrectangle_6561.vnnlib,.006043995,sat,.635623142
safenlp_2024,/home/elipregerson/nnenum/vnncomp2025_benchmarks/benchmarks/safenlp_2024/onnx/ruarobot/perturbations_0.onnx,/home/elipregerson/nnenum/vnncomp2025_benchmarks/benchmarks/safenlp_2024/vnnlib/ruarobot/hyperrectangle_2371.vnnlib,.006020774,sat,.626537234
safenlp_2024,/home/elipregerson/nnenum/vnncomp2025_benchmarks/benchmarks/safenlp_2024/onnx/ruarobot/perturbations_0.onnx,/home/elipregerson/nnenum/vnncomp2025_benchmarks/benchmarks/safenlp_2024/vnnlib/ruarobot/hyperrectangle_1327.vnnlib,.007601972,timeout,20.563234452
safenlp_2024,/home/elipregerson/nnenum/vnncomp2025_benchmarks/benchmarks/safenlp_2024/onnx/medical/perturbations_0.onnx,/home/elipregerson/nnenum/vnncomp2025_benchmarks/benchmarks/safenlp_2024/vnnlib/medical/hyperrectangle_1411.vnnlib,.006206089,sat,.635369069
safenlp_2024,/home/elipregerson/nnenum/vnncomp2025_benchmarks/benchmarks/safenlp_2024/onnx/medical/perturbations_0.onnx,/home/elipregerson/nnenum/vnncomp2025_benchmarks/benchmarks/safenlp_2024/vnnlib/medical/hyperrectangle_1626.vnnlib,.006086593,unsat,.591964472
safenlp_2024,/home/elipregerson/nnenum/vnncomp2025_benchmarks/benchmarks/safenlp_2024/onnx/ruarobot/perturbations_0.onnx,/home/elipregerson/nnenum/vnncomp2025_benchmarks/benchmarks/safenlp_2024/vnnlib/ruarobot/hyperrectangle_2307.vnnlib,.006532878,sat,.643429095
safenlp_2024,/home/elipregerson/nnenum/vnncomp2025_benchmarks/benchmarks/safenlp_2024/onnx/medical/perturbations_0.onnx,/home/elipregerson/nnenum/vnncomp2025_benchmarks/benchmarks/safenlp_2024/vnnlib/medical/hyperrectangle_631.vnnlib,.006093191,unsat,.583649214
safenlp_2024,/home/elipregerson/nnenum/vnncomp2025_benchmarks/benchmarks/safenlp_2024/onnx/ruarobot/perturbations_0.onnx,/home/elipregerson/nnenum/vnncomp2025_benchmarks/benchmarks/safenlp_2024/vnnlib/ruarobot/hyperrectangle_3954.vnnlib,.006026799,timeout,20.550011436
safenlp_2024,/home/elipregerson/nnenum/vnncomp2025_benchmarks/benchmarks/safenlp_2024/onnx/ruarobot/perturbations_0.onnx,/home/elipregerson/nnenum/vnncomp2025_benchmarks/benchmarks/safenlp_2024/vnnlib/ruarobot/hyperrectangle_909.vnnlib,.005931734,sat,.632561431
safenlp_2024,/home/elipregerson/nnenum/vnncomp2025_benchmarks/benchmarks/safenlp_2024/onnx/ruarobot/perturbations_0.onnx,/home/elipregerson/nnenum/vnncomp2025_benchmarks/benchmarks/safenlp_2024/vnnlib/ruarobot/hyperrectangle_7018.vnnlib,.006230687,sat,3.003309590
safenlp_2024,/home/elipregerson/nnenum/vnncomp2025_benchmarks/benchmarks/safenlp_2024/onnx/ruarobot/perturbations_0.onnx,/home/elipregerson/nnenum/vnncomp2025_benchmarks/benchmarks/safenlp_2024/vnnlib/ruarobot/hyperrectangle_5392.vnnlib,.006087372,timeout,20.552269902
safenlp_2024,/home/elipregerson/nnenum/vnncomp2025_benchmarks/benchmarks/safenlp_2024/onnx/ruarobot/perturbations_0.onnx,/home/elipregerson/nnenum/vnncomp2025_benchmarks/benchmarks/safenlp_2024/vnnlib/ruarobot/hyperrectangle_6408.vnnlib,.006173117,sat,.641797523
safenlp_2024,/home/elipregerson/nnenum/vnncomp2025_benchmarks/benchmarks/safenlp_2024/onnx/ruarobot/perturbations_0.onnx,/home/elipregerson/nnenum/vnncomp2025_benchmarks/benchmarks/safenlp_2024/vnnlib/ruarobot/hyperrectangle_2738.vnnlib,.006080871,sat,.636613123
safenlp_2024,/home/elipregerson/nnenum/vnncomp2025_benchmarks/benchmarks/safenlp_2024/onnx/ruarobot/perturbations_0.onnx,/home/elipregerson/nnenum/vnncomp2025_benchmarks/benchmarks/safenlp_2024/vnnlib/ruarobot/hyperrectangle_5346.vnnlib,.006231800,sat,.636633703
safenlp_2024,/home/elipregerson/nnenum/vnncomp2025_benchmarks/benchmarks/safenlp_2024/onnx/medical/perturbations_0.onnx,/home/elipregerson/nnenum/vnncomp2025_benchmarks/benchmarks/safenlp_2024/vnnlib/medical/hyperrectangle_613.vnnlib,.006302610,sat,.647680355
safenlp_2024,/home/elipregerson/nnenum/vnncomp2025_benchmarks/benchmarks/safenlp_2024/onnx/ruarobot/perturbations_0.onnx,/home/elipregerson/nnenum/vnncomp2025_benchmarks/benchmarks/safenlp_2024/vnnlib/ruarobot/hyperrectangle_239.vnnlib,.006152779,sat,.911642130
safenlp_2024,/home/elipregerson/nnenum/vnncomp2025_benchmarks/benchmarks/safenlp_2024/onnx/ruarobot/perturbations_0.onnx,/home/elipregerson/nnenum/vnncomp2025_benchmarks/benchmarks/safenlp_2024/vnnlib/ruarobot/hyperrectangle_4417.vnnlib,.006317564,sat,.635559408
safenlp_2024,/home/elipregerson/nnenum/vnncomp2025_benchmarks/benchmarks/safenlp_2024/onnx/ruarobot/perturbations_0.onnx,/home/elipregerson/nnenum/vnncomp2025_benchmarks/benchmarks/safenlp_2024/vnnlib/ruarobot/hyperrectangle_7482.vnnlib,.006062108,sat,.778144839
safenlp_2024,/home/elipregerson/nnenum/vnncomp2025_benchmarks/benchmarks/safenlp_2024/onnx/ruarobot/perturbations_0.onnx,/home/elipregerson/nnenum/vnncomp2025_benchmarks/benchmarks/safenlp_2024/vnnlib/ruarobot/hyperrectangle_6038.vnnlib,.006194984,sat,.914342750
safenlp_2024,/home/elipregerson/nnenum/vnncomp2025_benchmarks/benchmarks/safenlp_2024/onnx/ruarobot/perturbations_0.onnx,/home/elipregerson/nnenum/vnncomp2025_benchmarks/benchmarks/safenlp_2024/vnnlib/ruarobot/hyperrectangle_4987.vnnlib,.006076737,sat,.704279737
safenlp_2024,/home/elipregerson/nnenum/vnncomp2025_benchmarks/benchmarks/safenlp_2024/onnx/ruarobot/perturbations_0.onnx,/home/elipregerson/nnenum/vnncomp2025_benchmarks/benchmarks/safenlp_2024/vnnlib/ruarobot/hyperrectangle_6526.vnnlib,.007352737,unsat,.995512127
safenlp_2024,/home/elipregerson/nnenum/vnncomp2025_benchmarks/benchmarks/safenlp_2024/onnx/ruarobot/perturbations_0.onnx,/home/elipregerson/nnenum/vnncomp2025_benchmarks/benchmarks/safenlp_2024/vnnlib/ruarobot/hyperrectangle_3339.vnnlib,.006397191,unsat,.881685069
safenlp_2024,/home/elipregerson/nnenum/vnncomp2025_benchmarks/benchmarks/safenlp_2024/onnx/medical/perturbations_0.onnx,/home/elipregerson/nnenum/vnncomp2025_benchmarks/benchmarks/safenlp_2024/vnnlib/medical/hyperrectangle_1427.vnnlib,.006204265,unsat,.592764504
safenlp_2024,/home/elipregerson/nnenum/vnncomp2025_benchmarks/benchmarks/safenlp_2024/onnx/ruarobot/perturbations_0.onnx,/home/elipregerson/nnenum/vnncomp2025_benchmarks/benchmarks/safenlp_2024/vnnlib/ruarobot/hyperrectangle_872.vnnlib,.006111561,sat,.631120403
safenlp_2024,/home/elipregerson/nnenum/vnncomp2025_benchmarks/benchmarks/safenlp_2024/onnx/medical/perturbations_0.onnx,/home/elipregerson/nnenum/vnncomp2025_benchmarks/benchmarks/safenlp_2024/vnnlib/medical/hyperrectangle_1290.vnnlib,.006032338,unsat,.587819378
safenlp_2024,/home/elipregerson/nnenum/vnncomp2025_benchmarks/benchmarks/safenlp_2024/onnx/medical/perturbations_0.onnx,/home/elipregerson/nnenum/vnncomp2025_benchmarks/benchmarks/safenlp_2024/vnnlib/medical/hyperrectangle_1818.vnnlib,.006290573,sat,.631068943
safenlp_2024,/home/elipregerson/nnenum/vnncomp2025_benchmarks/benchmarks/safenlp_2024/onnx/ruarobot/perturbations_0.onnx,/home/elipregerson/nnenum/vnncomp2025_benchmarks/benchmarks/safenlp_2024/vnnlib/ruarobot/hyperrectangle_1.vnnlib,.006082239,sat,.637163341
safenlp_2024,/home/elipregerson/nnenum/vnncomp2025_benchmarks/benchmarks/safenlp_2024/onnx/ruarobot/perturbations_0.onnx,/home/elipregerson/nnenum/vnncomp2025_benchmarks/benchmarks/safenlp_2024/vnnlib/ruarobot/hyperrectangle_3670.vnnlib,.006124812,unsat,.589334960
safenlp_2024,/home/elipregerson/nnenum/vnncomp2025_benchmarks/benchmarks/safenlp_2024/onnx/medical/perturbations_0.onnx,/home/elipregerson/nnenum/vnncomp2025_benchmarks/benchmarks/safenlp_2024/vnnlib/medical/hyperrectangle_1123.vnnlib,.005978289,unsat,.592961609
safenlp_2024,/home/elipregerson/nnenum/vnncomp2025_benchmarks/benchmarks/safenlp_2024/onnx/ruarobot/perturbations_0.onnx,/home/elipregerson/nnenum/vnncomp2025_benchmarks/benchmarks/safenlp_2024/vnnlib/ruarobot/hyperrectangle_6143.vnnlib,.006256929,sat,.629309860
safenlp_2024,/home/elipregerson/nnenum/vnncomp2025_benchmarks/benchmarks/safenlp_2024/onnx/ruarobot/perturbations_0.onnx,/home/elipregerson/nnenum/vnncomp2025_benchmarks/benchmarks/safenlp_2024/vnnlib/ruarobot/hyperrectangle_675.vnnlib,.006212582,timeout,20.566124004
safenlp_2024,/home/elipregerson/nnenum/vnncomp2025_benchmarks/benchmarks/safenlp_2024/onnx/medical/perturbations_0.onnx,/home/elipregerson/nnenum/vnncomp2025_benchmarks/benchmarks/safenlp_2024/vnnlib/medical/hyperrectangle_1408.vnnlib,.006248467,unsat,.589431552
safenlp_2024,/home/elipregerson/nnenum/vnncomp2025_benchmarks/benchmarks/safenlp_2024/onnx/ruarobot/perturbations_0.onnx,/home/elipregerson/nnenum/vnncomp2025_benchmarks/benchmarks/safenlp_2024/vnnlib/ruarobot/hyperrectangle_2191.vnnlib,.006207058,sat,.641901016
safenlp_2024,/home/elipregerson/nnenum/vnncomp2025_benchmarks/benchmarks/safenlp_2024/onnx/ruarobot/perturbations_0.onnx,/home/elipregerson/nnenum/vnncomp2025_benchmarks/benchmarks/safenlp_2024/vnnlib/ruarobot/hyperrectangle_7043.vnnlib,.006238302,sat,.637561968
safenlp_2024,/home/elipregerson/nnenum/vnncomp2025_benchmarks/benchmarks/safenlp_2024/onnx/ruarobot/perturbations_0.onnx,/home/elipregerson/nnenum/vnncomp2025_benchmarks/benchmarks/safenlp_2024/vnnlib/ruarobot/hyperrectangle_4942.vnnlib,.006128206,timeout,20.553683657
safenlp_2024,/home/elipregerson/nnenum/vnncomp2025_benchmarks/benchmarks/safenlp_2024/onnx/ruarobot/perturbations_0.onnx,/home/elipregerson/nnenum/vnncomp2025_benchmarks/benchmarks/safenlp_2024/vnnlib/ruarobot/hyperrectangle_3512.vnnlib,.006111523,unsat,.865739075
safenlp_2024,/home/elipregerson/nnenum/vnncomp2025_benchmarks/benchmarks/safenlp_2024/onnx/ruarobot/perturbations_0.onnx,/home/elipregerson/nnenum/vnncomp2025_benchmarks/benchmarks/safenlp_2024/vnnlib/ruarobot/hyperrectangle_1589.vnnlib,.006159598,sat,.636118813
safenlp_2024,/home/elipregerson/nnenum/vnncomp2025_benchmarks/benchmarks/safenlp_2024/onnx/ruarobot/perturbations_0.onnx,/home/elipregerson/nnenum/vnncomp2025_benchmarks/benchmarks/safenlp_2024/vnnlib/ruarobot/hyperrectangle_876.vnnlib,.006436186,sat,.639340996
safenlp_2024,/home/elipregerson/nnenum/vnncomp2025_benchmarks/benchmarks/safenlp_2024/onnx/ruarobot/perturbations_0.onnx,/home/elipregerson/nnenum/vnncomp2025_benchmarks/benchmarks/safenlp_2024/vnnlib/ruarobot/hyperrectangle_3778.vnnlib,.006032602,sat,.637782828
safenlp_2024,/home/elipregerson/nnenum/vnncomp2025_benchmarks/benchmarks/safenlp_2024/onnx/ruarobot/perturbations_0.onnx,/home/elipregerson/nnenum/vnncomp2025_benchmarks/benchmarks/safenlp_2024/vnnlib/ruarobot/hyperrectangle_4274.vnnlib,.005949677,sat,.634369095
safenlp_2024,/home/elipregerson/nnenum/vnncomp2025_benchmarks/benchmarks/safenlp_2024/onnx/ruarobot/perturbations_0.onnx,/home/elipregerson/nnenum/vnncomp2025_benchmarks/benchmarks/safenlp_2024/vnnlib/ruarobot/hyperrectangle_6685.vnnlib,.006008214,sat,.641420242
safenlp_2024,/home/elipregerson/nnenum/vnncomp2025_benchmarks/benchmarks/safenlp_2024/onnx/ruarobot/perturbations_0.onnx,/home/elipregerson/nnenum/vnncomp2025_benchmarks/benchmarks/safenlp_2024/vnnlib/ruarobot/hyperrectangle_597.vnnlib,.006112844,sat,.649065236
safenlp_2024,/home/elipregerson/nnenum/vnncomp2025_benchmarks/benchmarks/safenlp_2024/onnx/medical/perturbations_0.onnx,/home/elipregerson/nnenum/vnncomp2025_benchmarks/benchmarks/safenlp_2024/vnnlib/medical/hyperrectangle_1005.vnnlib,.006099909,unsat,1.188602286
safenlp_2024,/home/elipregerson/nnenum/vnncomp2025_benchmarks/benchmarks/safenlp_2024/onnx/ruarobot/perturbations_0.onnx,/home/elipregerson/nnenum/vnncomp2025_benchmarks/benchmarks/safenlp_2024/vnnlib/ruarobot/hyperrectangle_1777.vnnlib,.006261219,unsat,1.647716165
safenlp_2024,/home/elipregerson/nnenum/vnncomp2025_benchmarks/benchmarks/safenlp_2024/onnx/ruarobot/perturbations_0.onnx,/home/elipregerson/nnenum/vnncomp2025_benchmarks/benchmarks/safenlp_2024/vnnlib/ruarobot/hyperrectangle_5766.vnnlib,.006157112,sat,.646335851
safenlp_2024,/home/elipregerson/nnenum/vnncomp2025_benchmarks/benchmarks/safenlp_2024/onnx/ruarobot/perturbations_0.onnx,/home/elipregerson/nnenum/vnncomp2025_benchmarks/benchmarks/safenlp_2024/vnnlib/ruarobot/hyperrectangle_6529.vnnlib,.006420700,sat,.645894078
safenlp_2024,/home/elipregerson/nnenum/vnncomp2025_benchmarks/benchmarks/safenlp_2024/onnx/ruarobot/perturbations_0.onnx,/home/elipregerson/nnenum/vnncomp2025_benchmarks/benchmarks/safenlp_2024/vnnlib/ruarobot/hyperrectangle_6095.vnnlib,.006244033,sat,.754048329
safenlp_2024,/home/elipregerson/nnenum/vnncomp2025_benchmarks/benchmarks/safenlp_2024/onnx/ruarobot/perturbations_0.onnx,/home/elipregerson/nnenum/vnncomp2025_benchmarks/benchmarks/safenlp_2024/vnnlib/ruarobot/hyperrectangle_6829.vnnlib,.006214329,sat,.701859395
safenlp_2024,/home/elipregerson/nnenum/vnncomp2025_benchmarks/benchmarks/safenlp_2024/onnx/ruarobot/perturbations_0.onnx,/home/elipregerson/nnenum/vnncomp2025_benchmarks/benchmarks/safenlp_2024/vnnlib/ruarobot/hyperrectangle_109.vnnlib,.006131638,sat,.642137154
safenlp_2024,/home/elipregerson/nnenum/vnncomp2025_benchmarks/benchmarks/safenlp_2024/onnx/medical/perturbations_0.onnx,/home/elipregerson/nnenum/vnncomp2025_benchmarks/benchmarks/safenlp_2024/vnnlib/medical/hyperrectangle_127.vnnlib,.006166315,unsat,.585183923
safenlp_2024,/home/elipregerson/nnenum/vnncomp2025_benchmarks/benchmarks/safenlp_2024/onnx/medical/perturbations_0.onnx,/home/elipregerson/nnenum/vnncomp2025_benchmarks/benchmarks/safenlp_2024/vnnlib/medical/hyperrectangle_592.vnnlib,.006389511,unsat,.588844582
safenlp_2024,/home/elipregerson/nnenum/vnncomp2025_benchmarks/benchmarks/safenlp_2024/onnx/ruarobot/perturbations_0.onnx,/home/elipregerson/nnenum/vnncomp2025_benchmarks/benchmarks/safenlp_2024/vnnlib/ruarobot/hyperrectangle_1106.vnnlib,.005987305,sat,.633914949
safenlp_2024,/home/elipregerson/nnenum/vnncomp2025_benchmarks/benchmarks/safenlp_2024/onnx/medical/perturbations_0.onnx,/home/elipregerson/nnenum/vnncomp2025_benchmarks/benchmarks/safenlp_2024/vnnlib/medical/hyperrectangle_732.vnnlib,.006354496,sat,.623826888
safenlp_2024,/home/elipregerson/nnenum/vnncomp2025_benchmarks/benchmarks/safenlp_2024/onnx/ruarobot/perturbations_0.onnx,/home/elipregerson/nnenum/vnncomp2025_benchmarks/benchmarks/safenlp_2024/vnnlib/ruarobot/hyperrectangle_2640.vnnlib,.006217680,sat,.628527033
safenlp_2024,/home/elipregerson/nnenum/vnncomp2025_benchmarks/benchmarks/safenlp_2024/onnx/ruarobot/perturbations_0.onnx,/home/elipregerson/nnenum/vnncomp2025_benchmarks/benchmarks/safenlp_2024/vnnlib/ruarobot/hyperrectangle_5247.vnnlib,.006659709,sat,.639671572
safenlp_2024,/home/elipregerson/nnenum/vnncomp2025_benchmarks/benchmarks/safenlp_2024/onnx/ruarobot/perturbations_0.onnx,/home/elipregerson/nnenum/vnncomp2025_benchmarks/benchmarks/safenlp_2024/vnnlib/ruarobot/hyperrectangle_5520.vnnlib,.006150357,unsat,.947421297
safenlp_2024,/home/elipregerson/nnenum/vnncomp2025_benchmarks/benchmarks/safenlp_2024/onnx/ruarobot/perturbations_0.onnx,/home/elipregerson/nnenum/vnncomp2025_benchmarks/benchmarks/safenlp_2024/vnnlib/ruarobot/hyperrectangle_2851.vnnlib,.006354025,sat,.627750632
safenlp_2024,/home/elipregerson/nnenum/vnncomp2025_benchmarks/benchmarks/safenlp_2024/onnx/ruarobot/perturbations_0.onnx,/home/elipregerson/nnenum/vnncomp2025_benchmarks/benchmarks/safenlp_2024/vnnlib/ruarobot/hyperrectangle_5875.vnnlib,.006400977,sat,.648894657
safenlp_2024,/home/elipregerson/nnenum/vnncomp2025_benchmarks/benchmarks/safenlp_2024/onnx/ruarobot/perturbations_0.onnx,/home/elipregerson/nnenum/vnncomp2025_benchmarks/benchmarks/safenlp_2024/vnnlib/ruarobot/hyperrectangle_5758.vnnlib,.006054112,unsat,.812758418
safenlp_2024,/home/elipregerson/nnenum/vnncomp2025_benchmarks/benchmarks/safenlp_2024/onnx/medical/perturbations_0.onnx,/home/elipregerson/nnenum/vnncomp2025_benchmarks/benchmarks/safenlp_2024/vnnlib/medical/hyperrectangle_2404.vnnlib,.006123355,sat,.634028558
safenlp_2024,/home/elipregerson/nnenum/vnncomp2025_benchmarks/benchmarks/safenlp_2024/onnx/medical/perturbations_0.onnx,/home/elipregerson/nnenum/vnncomp2025_benchmarks/benchmarks/safenlp_2024/vnnlib/medical/hyperrectangle_1319.vnnlib,.006125371,unsat,.597901820
safenlp_2024,/home/elipregerson/nnenum/vnncomp2025_benchmarks/benchmarks/safenlp_2024/onnx/ruarobot/perturbations_0.onnx,/home/elipregerson/nnenum/vnncomp2025_benchmarks/benchmarks/safenlp_2024/vnnlib/ruarobot/hyperrectangle_5642.vnnlib,.006093833,sat,.696667250
safenlp_2024,/home/elipregerson/nnenum/vnncomp2025_benchmarks/benchmarks/safenlp_2024/onnx/medical/perturbations_0.onnx,/home/elipregerson/nnenum/vnncomp2025_benchmarks/benchmarks/safenlp_2024/vnnlib/medical/hyperrectangle_278.vnnlib,.005987991,unsat,.592403052
safenlp_2024,/home/elipregerson/nnenum/vnncomp2025_benchmarks/benchmarks/safenlp_2024/onnx/medical/perturbations_0.onnx,/home/elipregerson/nnenum/vnncomp2025_benchmarks/benchmarks/safenlp_2024/vnnlib/medical/hyperrectangle_2882.vnnlib,.006133542,sat,.763987242
safenlp_2024,/home/elipregerson/nnenum/vnncomp2025_benchmarks/benchmarks/safenlp_2024/onnx/ruarobot/perturbations_0.onnx,/home/elipregerson/nnenum/vnncomp2025_benchmarks/benchmarks/safenlp_2024/vnnlib/ruarobot/hyperrectangle_7891.vnnlib,.006049375,sat,.635814447
safenlp_2024,/home/elipregerson/nnenum/vnncomp2025_benchmarks/benchmarks/safenlp_2024/onnx/ruarobot/perturbations_0.onnx,/home/elipregerson/nnenum/vnncomp2025_benchmarks/benchmarks/safenlp_2024/vnnlib/ruarobot/hyperrectangle_6943.vnnlib,.006499566,sat,.630600058
safenlp_2024,/home/elipregerson/nnenum/vnncomp2025_benchmarks/benchmarks/safenlp_2024/onnx/ruarobot/perturbations_0.onnx,/home/elipregerson/nnenum/vnncomp2025_benchmarks/benchmarks/safenlp_2024/vnnlib/ruarobot/hyperrectangle_6716.vnnlib,.006438088,sat,.645683219
safenlp_2024,/home/elipregerson/nnenum/vnncomp2025_benchmarks/benchmarks/safenlp_2024/onnx/medical/perturbations_0.onnx,/home/elipregerson/nnenum/vnncomp2025_benchmarks/benchmarks/safenlp_2024/vnnlib/medical/hyperrectangle_1396.vnnlib,.005952199,unsat,.582632718
safenlp_2024,/home/elipregerson/nnenum/vnncomp2025_benchmarks/benchmarks/safenlp_2024/onnx/ruarobot/perturbations_0.onnx,/home/elipregerson/nnenum/vnncomp2025_benchmarks/benchmarks/safenlp_2024/vnnlib/ruarobot/hyperrectangle_246.vnnlib,.006055280,sat,.635985448
safenlp_2024,/home/elipregerson/nnenum/vnncomp2025_benchmarks/benchmarks/safenlp_2024/onnx/ruarobot/perturbations_0.onnx,/home/elipregerson/nnenum/vnncomp2025_benchmarks/benchmarks/safenlp_2024/vnnlib/ruarobot/hyperrectangle_1411.vnnlib,.006143864,sat,.634241919
safenlp_2024,/home/elipregerson/nnenum/vnncomp2025_benchmarks/benchmarks/safenlp_2024/onnx/medical/perturbations_0.onnx,/home/elipregerson/nnenum/vnncomp2025_benchmarks/benchmarks/safenlp_2024/vnnlib/medical/hyperrectangle_1914.vnnlib,.006048994,unsat,.585717195
safenlp_2024,/home/elipregerson/nnenum/vnncomp2025_benchmarks/benchmarks/safenlp_2024/onnx/ruarobot/perturbations_0.onnx,/home/elipregerson/nnenum/vnncomp2025_benchmarks/benchmarks/safenlp_2024/vnnlib/ruarobot/hyperrectangle_5232.vnnlib,.006122502,sat,.630103686
safenlp_2024,/home/elipregerson/nnenum/vnncomp2025_benchmarks/benchmarks/safenlp_2024/onnx/ruarobot/perturbations_0.onnx,/home/elipregerson/nnenum/vnncomp2025_benchmarks/benchmarks/safenlp_2024/vnnlib/ruarobot/hyperrectangle_7002.vnnlib,.006066612,sat,.863564231
safenlp_2024,/home/elipregerson/nnenum/vnncomp2025_benchmarks/benchmarks/safenlp_2024/onnx/ruarobot/perturbations_0.onnx,/home/elipregerson/nnenum/vnncomp2025_benchmarks/benchmarks/safenlp_2024/vnnlib/ruarobot/hyperrectangle_5198.vnnlib,.006062670,sat,.640594701
safenlp_2024,/home/elipregerson/nnenum/vnncomp2025_benchmarks/benchmarks/safenlp_2024/onnx/ruarobot/perturbations_0.onnx,/home/elipregerson/nnenum/vnncomp2025_benchmarks/benchmarks/safenlp_2024/vnnlib/ruarobot/hyperrectangle_4034.vnnlib,.006385231,sat,.632726108
safenlp_2024,/home/elipregerson/nnenum/vnncomp2025_benchmarks/benchmarks/safenlp_2024/onnx/ruarobot/perturbations_0.onnx,/home/elipregerson/nnenum/vnncomp2025_benchmarks/benchmarks/safenlp_2024/vnnlib/ruarobot/hyperrectangle_7084.vnnlib,.006154218,sat,.656666171
safenlp_2024,/home/elipregerson/nnenum/vnncomp2025_benchmarks/benchmarks/safenlp_2024/onnx/medical/perturbations_0.onnx,/home/elipregerson/nnenum/vnncomp2025_benchmarks/benchmarks/safenlp_2024/vnnlib/medical/hyperrectangle_1610.vnnlib,.006466381,unsat,.583552878
safenlp_2024,/home/elipregerson/nnenum/vnncomp2025_benchmarks/benchmarks/safenlp_2024/onnx/medical/perturbations_0.onnx,/home/elipregerson/nnenum/vnncomp2025_benchmarks/benchmarks/safenlp_2024/vnnlib/medical/hyperrectangle_2110.vnnlib,.006355593,timeout,20.547062798
safenlp_2024,/home/elipregerson/nnenum/vnncomp2025_benchmarks/benchmarks/safenlp_2024/onnx/ruarobot/perturbations_0.onnx,/home/elipregerson/nnenum/vnncomp2025_benchmarks/benchmarks/safenlp_2024/vnnlib/ruarobot/hyperrectangle_4368.vnnlib,.006047193,sat,.635124689
safenlp_2024,/home/elipregerson/nnenum/vnncomp2025_benchmarks/benchmarks/safenlp_2024/onnx/ruarobot/perturbations_0.onnx,/home/elipregerson/nnenum/vnncomp2025_benchmarks/benchmarks/safenlp_2024/vnnlib/ruarobot/hyperrectangle_1204.vnnlib,.006233653,sat,.636754283
safenlp_2024,/home/elipregerson/nnenum/vnncomp2025_benchmarks/benchmarks/safenlp_2024/onnx/ruarobot/perturbations_0.onnx,/home/elipregerson/nnenum/vnncomp2025_benchmarks/benchmarks/safenlp_2024/vnnlib/ruarobot/hyperrectangle_3177.vnnlib,.006283917,sat,.643065582
safenlp_2024,/home/elipregerson/nnenum/vnncomp2025_benchmarks/benchmarks/safenlp_2024/onnx/medical/perturbations_0.onnx,/home/elipregerson/nnenum/vnncomp2025_benchmarks/benchmarks/safenlp_2024/vnnlib/medical/hyperrectangle_168.vnnlib,.006052930,unsat,18.695855215
safenlp_2024,/home/elipregerson/nnenum/vnncomp2025_benchmarks/benchmarks/safenlp_2024/onnx/ruarobot/perturbations_0.onnx,/home/elipregerson/nnenum/vnncomp2025_benchmarks/benchmarks/safenlp_2024/vnnlib/ruarobot/hyperrectangle_5250.vnnlib,.006082577,sat,.623896774
safenlp_2024,/home/elipregerson/nnenum/vnncomp2025_benchmarks/benchmarks/safenlp_2024/onnx/ruarobot/perturbations_0.onnx,/home/elipregerson/nnenum/vnncomp2025_benchmarks/benchmarks/safenlp_2024/vnnlib/ruarobot/hyperrectangle_2157.vnnlib,.006314435,sat,.629713478
safenlp_2024,/home/elipregerson/nnenum/vnncomp2025_benchmarks/benchmarks/safenlp_2024/onnx/ruarobot/perturbations_0.onnx,/home/elipregerson/nnenum/vnncomp2025_benchmarks/benchmarks/safenlp_2024/vnnlib/ruarobot/hyperrectangle_4240.vnnlib,.006103083,sat,.640981788
safenlp_2024,/home/elipregerson/nnenum/vnncomp2025_benchmarks/benchmarks/safenlp_2024/onnx/medical/perturbations_0.onnx,/home/elipregerson/nnenum/vnncomp2025_benchmarks/benchmarks/safenlp_2024/vnnlib/medical/hyperrectangle_2371.vnnlib,.006051704,sat,.638229637
safenlp_2024,/home/elipregerson/nnenum/vnncomp2025_benchmarks/benchmarks/safenlp_2024/onnx/ruarobot/perturbations_0.onnx,/home/elipregerson/nnenum/vnncomp2025_benchmarks/benchmarks/safenlp_2024/vnnlib/ruarobot/hyperrectangle_183.vnnlib,.005926986,unsat,.988402333
safenlp_2024,/home/elipregerson/nnenum/vnncomp2025_benchmarks/benchmarks/safenlp_2024/onnx/ruarobot/perturbations_0.onnx,/home/elipregerson/nnenum/vnncomp2025_benchmarks/benchmarks/safenlp_2024/vnnlib/ruarobot/hyperrectangle_3734.vnnlib,.006023775,sat,.625554259
safenlp_2024,/home/elipregerson/nnenum/vnncomp2025_benchmarks/benchmarks/safenlp_2024/onnx/ruarobot/perturbations_0.onnx,/home/elipregerson/nnenum/vnncomp2025_benchmarks/benchmarks/safenlp_2024/vnnlib/ruarobot/hyperrectangle_7150.vnnlib,.006258289,sat,.636223931
safenlp_2024,/home/elipregerson/nnenum/vnncomp2025_benchmarks/benchmarks/safenlp_2024/onnx/ruarobot/perturbations_0.onnx,/home/elipregerson/nnenum/vnncomp2025_benchmarks/benchmarks/safenlp_2024/vnnlib/ruarobot/hyperrectangle_5914.vnnlib,.006311402,unsat,.646823219
safenlp_2024,/home/elipregerson/nnenum/vnncomp2025_benchmarks/benchmarks/safenlp_2024/onnx/ruarobot/perturbations_0.onnx,/home/elipregerson/nnenum/vnncomp2025_benchmarks/benchmarks/safenlp_2024/vnnlib/ruarobot/hyperrectangle_2759.vnnlib,.006217813,sat,.633141190
safenlp_2024,/home/elipregerson/nnenum/vnncomp2025_benchmarks/benchmarks/safenlp_2024/onnx/medical/perturbations_0.onnx,/home/elipregerson/nnenum/vnncomp2025_benchmarks/benchmarks/safenlp_2024/vnnlib/medical/hyperrectangle_1999.vnnlib,.006082116,unsat,.655686369
safenlp_2024,/home/elipregerson/nnenum/vnncomp2025_benchmarks/benchmarks/safenlp_2024/onnx/ruarobot/perturbations_0.onnx,/home/elipregerson/nnenum/vnncomp2025_benchmarks/benchmarks/safenlp_2024/vnnlib/ruarobot/hyperrectangle_3781.vnnlib,.006120278,unsat,1.908408244
safenlp_2024,/home/elipregerson/nnenum/vnncomp2025_benchmarks/benchmarks/safenlp_2024/onnx/ruarobot/perturbations_0.onnx,/home/elipregerson/nnenum/vnncomp2025_benchmarks/benchmarks/safenlp_2024/vnnlib/ruarobot/hyperrectangle_7251.vnnlib,.006147168,sat,.641947934
safenlp_2024,/home/elipregerson/nnenum/vnncomp2025_benchmarks/benchmarks/safenlp_2024/onnx/ruarobot/perturbations_0.onnx,/home/elipregerson/nnenum/vnncomp2025_benchmarks/benchmarks/safenlp_2024/vnnlib/ruarobot/hyperrectangle_3006.vnnlib,.005975717,sat,.634998849
safenlp_2024,/home/elipregerson/nnenum/vnncomp2025_benchmarks/benchmarks/safenlp_2024/onnx/ruarobot/perturbations_0.onnx,/home/elipregerson/nnenum/vnncomp2025_benchmarks/benchmarks/safenlp_2024/vnnlib/ruarobot/hyperrectangle_3304.vnnlib,.006031065,sat,.639823619
safenlp_2024,/home/elipregerson/nnenum/vnncomp2025_benchmarks/benchmarks/safenlp_2024/onnx/medical/perturbations_0.onnx,/home/elipregerson/nnenum/vnncomp2025_benchmarks/benchmarks/safenlp_2024/vnnlib/medical/hyperrectangle_2731.vnnlib,.006247348,unsat,.644032477
safenlp_2024,/home/elipregerson/nnenum/vnncomp2025_benchmarks/benchmarks/safenlp_2024/onnx/medical/perturbations_0.onnx,/home/elipregerson/nnenum/vnncomp2025_benchmarks/benchmarks/safenlp_2024/vnnlib/medical/hyperrectangle_719.vnnlib,.006062363,unsat,.839819137
safenlp_2024,/home/elipregerson/nnenum/vnncomp2025_benchmarks/benchmarks/safenlp_2024/onnx/ruarobot/perturbations_0.onnx,/home/elipregerson/nnenum/vnncomp2025_benchmarks/benchmarks/safenlp_2024/vnnlib/ruarobot/hyperrectangle_5168.vnnlib,.006104068,sat,.631580893
safenlp_2024,/home/elipregerson/nnenum/vnncomp2025_benchmarks/benchmarks/safenlp_2024/onnx/ruarobot/perturbations_0.onnx,/home/elipregerson/nnenum/vnncomp2025_benchmarks/benchmarks/safenlp_2024/vnnlib/ruarobot/hyperrectangle_3081.vnnlib,.006217219,sat,.642973538
safenlp_2024,/home/elipregerson/nnenum/vnncomp2025_benchmarks/benchmarks/safenlp_2024/onnx/medical/perturbations_0.onnx,/home/elipregerson/nnenum/vnncomp2025_benchmarks/benchmarks/safenlp_2024/vnnlib/medical/hyperrectangle_2603.vnnlib,.006110574,unsat,.583406623
safenlp_2024,/home/elipregerson/nnenum/vnncomp2025_benchmarks/benchmarks/safenlp_2024/onnx/ruarobot/perturbations_0.onnx,/home/elipregerson/nnenum/vnncomp2025_benchmarks/benchmarks/safenlp_2024/vnnlib/ruarobot/hyperrectangle_3689.vnnlib,.006461811,unsat,20.545166337
safenlp_2024,/home/elipregerson/nnenum/vnncomp2025_benchmarks/benchmarks/safenlp_2024/onnx/medical/perturbations_0.onnx,/home/elipregerson/nnenum/vnncomp2025_benchmarks/benchmarks/safenlp_2024/vnnlib/medical/hyperrectangle_1143.vnnlib,.006470351,unsat,.593733979
safenlp_2024,/home/elipregerson/nnenum/vnncomp2025_benchmarks/benchmarks/safenlp_2024/onnx/medical/perturbations_0.onnx,/home/elipregerson/nnenum/vnncomp2025_benchmarks/benchmarks/safenlp_2024/vnnlib/medical/hyperrectangle_824.vnnlib,.006018645,unsat,.586781058
safenlp_2024,/home/elipregerson/nnenum/vnncomp2025_benchmarks/benchmarks/safenlp_2024/onnx/medical/perturbations_0.onnx,/home/elipregerson/nnenum/vnncomp2025_benchmarks/benchmarks/safenlp_2024/vnnlib/medical/hyperrectangle_795.vnnlib,.006120840,timeout,20.558578128
safenlp_2024,/home/elipregerson/nnenum/vnncomp2025_benchmarks/benchmarks/safenlp_2024/onnx/ruarobot/perturbations_0.onnx,/home/elipregerson/nnenum/vnncomp2025_benchmarks/benchmarks/safenlp_2024/vnnlib/ruarobot/hyperrectangle_4896.vnnlib,.006235496,sat,.636033779
safenlp_2024,/home/elipregerson/nnenum/vnncomp2025_benchmarks/benchmarks/safenlp_2024/onnx/ruarobot/perturbations_0.onnx,/home/elipregerson/nnenum/vnncomp2025_benchmarks/benchmarks/safenlp_2024/vnnlib/ruarobot/hyperrectangle_7140.vnnlib,.006091056,sat,.689502351
safenlp_2024,/home/elipregerson/nnenum/vnncomp2025_benchmarks/benchmarks/safenlp_2024/onnx/ruarobot/perturbations_0.onnx,/home/elipregerson/nnenum/vnncomp2025_benchmarks/benchmarks/safenlp_2024/vnnlib/ruarobot/hyperrectangle_735.vnnlib,.006008775,sat,.634772216
safenlp_2024,/home/elipregerson/nnenum/vnncomp2025_benchmarks/benchmarks/safenlp_2024/onnx/ruarobot/perturbations_0.onnx,/home/elipregerson/nnenum/vnncomp2025_benchmarks/benchmarks/safenlp_2024/vnnlib/ruarobot/hyperrectangle_868.vnnlib,.006023850,sat,.632210180
safenlp_2024,/home/elipregerson/nnenum/vnncomp2025_benchmarks/benchmarks/safenlp_2024/onnx/ruarobot/perturbations_0.onnx,/home/elipregerson/nnenum/vnncomp2025_benchmarks/benchmarks/safenlp_2024/vnnlib/ruarobot/hyperrectangle_1913.vnnlib,.006073136,sat,.637088621
safenlp_2024,/home/elipregerson/nnenum/vnncomp2025_benchmarks/benchmarks/safenlp_2024/onnx/medical/perturbations_0.onnx,/home/elipregerson/nnenum/vnncomp2025_benchmarks/benchmarks/safenlp_2024/vnnlib/medical/hyperrectangle_2160.vnnlib,.005997746,unsat,.871830614
safenlp_2024,/home/elipregerson/nnenum/vnncomp2025_benchmarks/benchmarks/safenlp_2024/onnx/ruarobot/perturbations_0.onnx,/home/elipregerson/nnenum/vnncomp2025_benchmarks/benchmarks/safenlp_2024/vnnlib/ruarobot/hyperrectangle_910.vnnlib,.006222319,sat,.626521140
safenlp_2024,/home/elipregerson/nnenum/vnncomp2025_benchmarks/benchmarks/safenlp_2024/onnx/medical/perturbations_0.onnx,/home/elipregerson/nnenum/vnncomp2025_benchmarks/benchmarks/safenlp_2024/vnnlib/medical/hyperrectangle_1220.vnnlib,.005947321,unsat,.783874358
safenlp_2024,/home/elipregerson/nnenum/vnncomp2025_benchmarks/benchmarks/safenlp_2024/onnx/ruarobot/perturbations_0.onnx,/home/elipregerson/nnenum/vnncomp2025_benchmarks/benchmarks/safenlp_2024/vnnlib/ruarobot/hyperrectangle_593.vnnlib,.006233283,sat,.630912840
safenlp_2024,/home/elipregerson/nnenum/vnncomp2025_benchmarks/benchmarks/safenlp_2024/onnx/ruarobot/perturbations_0.onnx,/home/elipregerson/nnenum/vnncomp2025_benchmarks/benchmarks/safenlp_2024/vnnlib/ruarobot/hyperrectangle_7676.vnnlib,.005973219,timeout,20.546747510
safenlp_2024,/home/elipregerson/nnenum/vnncomp2025_benchmarks/benchmarks/safenlp_2024/onnx/ruarobot/perturbations_0.onnx,/home/elipregerson/nnenum/vnncomp2025_benchmarks/benchmarks/safenlp_2024/vnnlib/ruarobot/hyperrectangle_5921.vnnlib,.006195740,sat,.642023476
safenlp_2024,/home/elipregerson/nnenum/vnncomp2025_benchmarks/benchmarks/safenlp_2024/onnx/ruarobot/perturbations_0.onnx,/home/elipregerson/nnenum/vnncomp2025_benchmarks/benchmarks/safenlp_2024/vnnlib/ruarobot/hyperrectangle_7792.vnnlib,.006109691,sat,.635403448
safenlp_2024,/home/elipregerson/nnenum/vnncomp2025_benchmarks/benchmarks/safenlp_2024/onnx/ruarobot/perturbations_0.onnx,/home/elipregerson/nnenum/vnncomp2025_benchmarks/benchmarks/safenlp_2024/vnnlib/ruarobot/hyperrectangle_3500.vnnlib,.006296634,sat,.627001526
safenlp_2024,/home/elipregerson/nnenum/vnncomp2025_benchmarks/benchmarks/safenlp_2024/onnx/ruarobot/perturbations_0.onnx,/home/elipregerson/nnenum/vnncomp2025_benchmarks/benchmarks/safenlp_2024/vnnlib/ruarobot/hyperrectangle_7272.vnnlib,.006076988,sat,.644282943
safenlp_2024,/home/elipregerson/nnenum/vnncomp2025_benchmarks/benchmarks/safenlp_2024/onnx/medical/perturbations_0.onnx,/home/elipregerson/nnenum/vnncomp2025_benchmarks/benchmarks/safenlp_2024/vnnlib/medical/hyperrectangle_1314.vnnlib,.006057173,unsat,.594571032
safenlp_2024,/home/elipregerson/nnenum/vnncomp2025_benchmarks/benchmarks/safenlp_2024/onnx/ruarobot/perturbations_0.onnx,/home/elipregerson/nnenum/vnncomp2025_benchmarks/benchmarks/safenlp_2024/vnnlib/ruarobot/hyperrectangle_6259.vnnlib,.006044253,sat,.634923361
safenlp_2024,/home/elipregerson/nnenum/vnncomp2025_benchmarks/benchmarks/safenlp_2024/onnx/ruarobot/perturbations_0.onnx,/home/elipregerson/nnenum/vnncomp2025_benchmarks/benchmarks/safenlp_2024/vnnlib/ruarobot/hyperrectangle_6014.vnnlib,.006019769,sat,.634563385
safenlp_2024,/home/elipregerson/nnenum/vnncomp2025_benchmarks/benchmarks/safenlp_2024/onnx/ruarobot/perturbations_0.onnx,/home/elipregerson/nnenum/vnncomp2025_benchmarks/benchmarks/safenlp_2024/vnnlib/ruarobot/hyperrectangle_7773.vnnlib,.006104688,sat,.630251482
safenlp_2024,/home/elipregerson/nnenum/vnncomp2025_benchmarks/benchmarks/safenlp_2024/onnx/ruarobot/perturbations_0.onnx,/home/elipregerson/nnenum/vnncomp2025_benchmarks/benchmarks/safenlp_2024/vnnlib/ruarobot/hyperrectangle_337.vnnlib,.006370569,sat,.686143530
safenlp_2024,/home/elipregerson/nnenum/vnncomp2025_benchmarks/benchmarks/safenlp_2024/onnx/ruarobot/perturbations_0.onnx,/home/elipregerson/nnenum/vnncomp2025_benchmarks/benchmarks/safenlp_2024/vnnlib/ruarobot/hyperrectangle_3241.vnnlib,.006161827,timeout,20.560071492
safenlp_2024,/home/elipregerson/nnenum/vnncomp2025_benchmarks/benchmarks/safenlp_2024/onnx/ruarobot/perturbations_0.onnx,/home/elipregerson/nnenum/vnncomp2025_benchmarks/benchmarks/safenlp_2024/vnnlib/ruarobot/hyperrectangle_396.vnnlib,.006154983,sat,.634318255
safenlp_2024,/home/elipregerson/nnenum/vnncomp2025_benchmarks/benchmarks/safenlp_2024/onnx/ruarobot/perturbations_0.onnx,/home/elipregerson/nnenum/vnncomp2025_benchmarks/benchmarks/safenlp_2024/vnnlib/ruarobot/hyperrectangle_79.vnnlib,.006209955,sat,.630798805
safenlp_2024,/home/elipregerson/nnenum/vnncomp2025_benchmarks/benchmarks/safenlp_2024/onnx/ruarobot/perturbations_0.onnx,/home/elipregerson/nnenum/vnncomp2025_benchmarks/benchmarks/safenlp_2024/vnnlib/ruarobot/hyperrectangle_5579.vnnlib,.006414952,sat,.777751545
safenlp_2024,/home/elipregerson/nnenum/vnncomp2025_benchmarks/benchmarks/safenlp_2024/onnx/ruarobot/perturbations_0.onnx,/home/elipregerson/nnenum/vnncomp2025_benchmarks/benchmarks/safenlp_2024/vnnlib/ruarobot/hyperrectangle_7249.vnnlib,.006543072,sat,.640184015
safenlp_2024,/home/elipregerson/nnenum/vnncomp2025_benchmarks/benchmarks/safenlp_2024/onnx/medical/perturbations_0.onnx,/home/elipregerson/nnenum/vnncomp2025_benchmarks/benchmarks/safenlp_2024/vnnlib/medical/hyperrectangle_1503.vnnlib,.006126449,unsat,.586144742
safenlp_2024,/home/elipregerson/nnenum/vnncomp2025_benchmarks/benchmarks/safenlp_2024/onnx/ruarobot/perturbations_0.onnx,/home/elipregerson/nnenum/vnncomp2025_benchmarks/benchmarks/safenlp_2024/vnnlib/ruarobot/hyperrectangle_2905.vnnlib,.006096986,sat,.634043478
safenlp_2024,/home/elipregerson/nnenum/vnncomp2025_benchmarks/benchmarks/safenlp_2024/onnx/ruarobot/perturbations_0.onnx,/home/elipregerson/nnenum/vnncomp2025_benchmarks/benchmarks/safenlp_2024/vnnlib/ruarobot/hyperrectangle_4272.vnnlib,.006362561,unsat,.733372300
safenlp_2024,/home/elipregerson/nnenum/vnncomp2025_benchmarks/benchmarks/safenlp_2024/onnx/ruarobot/perturbations_0.onnx,/home/elipregerson/nnenum/vnncomp2025_benchmarks/benchmarks/safenlp_2024/vnnlib/ruarobot/hyperrectangle_4770.vnnlib,.006089711,sat,.629757622
safenlp_2024,/home/elipregerson/nnenum/vnncomp2025_benchmarks/benchmarks/safenlp_2024/onnx/medical/perturbations_0.onnx,/home/elipregerson/nnenum/vnncomp2025_benchmarks/benchmarks/safenlp_2024/vnnlib/medical/hyperrectangle_71.vnnlib,.006057102,sat,.643453575
safenlp_2024,/home/elipregerson/nnenum/vnncomp2025_benchmarks/benchmarks/safenlp_2024/onnx/medical/perturbations_0.onnx,/home/elipregerson/nnenum/vnncomp2025_benchmarks/benchmarks/safenlp_2024/vnnlib/medical/hyperrectangle_2743.vnnlib,.006095431,unsat,.593830655
safenlp_2024,/home/elipregerson/nnenum/vnncomp2025_benchmarks/benchmarks/safenlp_2024/onnx/medical/perturbations_0.onnx,/home/elipregerson/nnenum/vnncomp2025_benchmarks/benchmarks/safenlp_2024/vnnlib/medical/hyperrectangle_2511.vnnlib,.005907356,sat,.632029615
safenlp_2024,/home/elipregerson/nnenum/vnncomp2025_benchmarks/benchmarks/safenlp_2024/onnx/ruarobot/perturbations_0.onnx,/home/elipregerson/nnenum/vnncomp2025_benchmarks/benchmarks/safenlp_2024/vnnlib/ruarobot/hyperrectangle_5137.vnnlib,.006398868,sat,.631151301
safenlp_2024,/home/elipregerson/nnenum/vnncomp2025_benchmarks/benchmarks/safenlp_2024/onnx/ruarobot/perturbations_0.onnx,/home/elipregerson/nnenum/vnncomp2025_benchmarks/benchmarks/safenlp_2024/vnnlib/ruarobot/hyperrectangle_5623.vnnlib,.005976449,timeout,20.549763567
safenlp_2024,/home/elipregerson/nnenum/vnncomp2025_benchmarks/benchmarks/safenlp_2024/onnx/ruarobot/perturbations_0.onnx,/home/elipregerson/nnenum/vnncomp2025_benchmarks/benchmarks/safenlp_2024/vnnlib/ruarobot/hyperrectangle_4634.vnnlib,.006210548,sat,.645317960
safenlp_2024,/home/elipregerson/nnenum/vnncomp2025_benchmarks/benchmarks/safenlp_2024/onnx/ruarobot/perturbations_0.onnx,/home/elipregerson/nnenum/vnncomp2025_benchmarks/benchmarks/safenlp_2024/vnnlib/ruarobot/hyperrectangle_1452.vnnlib,.006108556,sat,.632309071
safenlp_2024,/home/elipregerson/nnenum/vnncomp2025_benchmarks/benchmarks/safenlp_2024/onnx/ruarobot/perturbations_0.onnx,/home/elipregerson/nnenum/vnncomp2025_benchmarks/benchmarks/safenlp_2024/vnnlib/ruarobot/hyperrectangle_1707.vnnlib,.006079352,sat,.643078144
safenlp_2024,/home/elipregerson/nnenum/vnncomp2025_benchmarks/benchmarks/safenlp_2024/onnx/ruarobot/perturbations_0.onnx,/home/elipregerson/nnenum/vnncomp2025_benchmarks/benchmarks/safenlp_2024/vnnlib/ruarobot/hyperrectangle_1392.vnnlib,.006091840,sat,.620634090
safenlp_2024,/home/elipregerson/nnenum/vnncomp2025_benchmarks/benchmarks/safenlp_2024/onnx/ruarobot/perturbations_0.onnx,/home/elipregerson/nnenum/vnncomp2025_benchmarks/benchmarks/safenlp_2024/vnnlib/ruarobot/hyperrectangle_7479.vnnlib,.005976354,sat,.634052062
safenlp_2024,/home/elipregerson/nnenum/vnncomp2025_benchmarks/benchmarks/safenlp_2024/onnx/ruarobot/perturbations_0.onnx,/home/elipregerson/nnenum/vnncomp2025_benchmarks/benchmarks/safenlp_2024/vnnlib/ruarobot/hyperrectangle_6678.vnnlib,.006106958,sat,.631121437
safenlp_2024,/home/elipregerson/nnenum/vnncomp2025_benchmarks/benchmarks/safenlp_2024/onnx/ruarobot/perturbations_0.onnx,/home/elipregerson/nnenum/vnncomp2025_benchmarks/benchmarks/safenlp_2024/vnnlib/ruarobot/hyperrectangle_6534.vnnlib,.006181640,unsat,.684168694
safenlp_2024,/home/elipregerson/nnenum/vnncomp2025_benchmarks/benchmarks/safenlp_2024/onnx/ruarobot/perturbations_0.onnx,/home/elipregerson/nnenum/vnncomp2025_benchmarks/benchmarks/safenlp_2024/vnnlib/ruarobot/hyperrectangle_1103.vnnlib,.006169531,sat,.645910788
safenlp_2024,/home/elipregerson/nnenum/vnncomp2025_benchmarks/benchmarks/test/onnx/test_nano.onnx,/home/elipregerson/nnenum/vnncomp2025_benchmarks/benchmarks/test/vnnlib/test_nano.vnnlib,.006186068,unsat,.606849523
sat_relu,/home/elipregerson/nnenum/vnncomp2025_benchmarks/benchmarks/sat_relu/onnx/sat_v30_c38.onnx,/home/elipregerson/nnenum/vnncomp2025_benchmarks/benchmarks/sat_relu/vnnlib/sat_v30_c38.vnnlib,.005872757,sat,.597111037
sat_relu,/home/elipregerson/nnenum/vnncomp2025_benchmarks/benchmarks/sat_relu/onnx/unsat_v30_c38.onnx,/home/elipregerson/nnenum/vnncomp2025_benchmarks/benchmarks/sat_relu/vnnlib/unsat_v30_c38.vnnlib,.006335701,timeout,100.587232076
sat_relu,/home/elipregerson/nnenum/vnncomp2025_benchmarks/benchmarks/sat_relu/onnx/sat_v65_c187.onnx,/home/elipregerson/nnenum/vnncomp2025_benchmarks/benchmarks/sat_relu/vnnlib/sat_v65_c187.vnnlib,.010034772,sat,1.691739729
sat_relu,/home/elipregerson/nnenum/vnncomp2025_benchmarks/benchmarks/sat_relu/onnx/unsat_v65_c187.onnx,/home/elipregerson/nnenum/vnncomp2025_benchmarks/benchmarks/sat_relu/vnnlib/unsat_v65_c187.vnnlib,.009091668,timeout,100.785873255
sat_relu,/home/elipregerson/nnenum/vnncomp2025_benchmarks/benchmarks/sat_relu/onnx/sat_v91_c217.onnx,/home/elipregerson/nnenum/vnncomp2025_benchmarks/benchmarks/sat_relu/vnnlib/sat_v91_c217.vnnlib,.012133113,timeout,100.726451189
sat_relu,/home/elipregerson/nnenum/vnncomp2025_benchmarks/benchmarks/sat_relu/onnx/unsat_v91_c217.onnx,/home/elipregerson/nnenum/vnncomp2025_benchmarks/benchmarks/sat_relu/vnnlib/unsat_v91_c217.vnnlib,.006158646,timeout,100.573739827
sat_relu,/home/elipregerson/nnenum/vnncomp2025_benchmarks/benchmarks/sat_relu/onnx/sat_v14_c57.onnx,/home/elipregerson/nnenum/vnncomp2025_benchmarks/benchmarks/sat_relu/vnnlib/sat_v14_c57.vnnlib,.006138516,sat,.599859154
sat_relu,/home/elipregerson/nnenum/vnncomp2025_benchmarks/benchmarks/sat_relu/onnx/unsat_v14_c57.onnx,/home/elipregerson/nnenum/vnncomp2025_benchmarks/benchmarks/sat_relu/vnnlib/unsat_v14_c57.vnnlib,.006291852,unsat,1.341189028
sat_relu,/home/elipregerson/nnenum/vnncomp2025_benchmarks/benchmarks/sat_relu/onnx/sat_v95_c275.onnx,/home/elipregerson/nnenum/vnncomp2025_benchmarks/benchmarks/sat_relu/vnnlib/sat_v95_c275.vnnlib,.006057234,timeout,100.567082151
sat_relu,/home/elipregerson/nnenum/vnncomp2025_benchmarks/benchmarks/sat_relu/onnx/unsat_v95_c275.onnx,/home/elipregerson/nnenum/vnncomp2025_benchmarks/benchmarks/sat_relu/vnnlib/unsat_v95_c275.vnnlib,.006057862,timeout,146.871585516
sat_relu,/home/elipregerson/nnenum/vnncomp2025_benchmarks/benchmarks/sat_relu/onnx/sat_v6_c27.onnx,/home/elipregerson/nnenum/vnncomp2025_benchmarks/benchmarks/sat_relu/vnnlib/sat_v6_c27.vnnlib,.006070459,sat,.591516123
sat_relu,/home/elipregerson/nnenum/vnncomp2025_benchmarks/benchmarks/sat_relu/onnx/unsat_v6_c30.onnx,/home/elipregerson/nnenum/vnncomp2025_benchmarks/benchmarks/sat_relu/vnnlib/unsat_v6_c30.vnnlib,.005996200,unsat,.626504998
sat_relu,/home/elipregerson/nnenum/vnncomp2025_benchmarks/benchmarks/sat_relu/onnx/sat_v6_c27.onnx,/home/elipregerson/nnenum/vnncomp2025_benchmarks/benchmarks/sat_relu/vnnlib/sat_v6_c27.vnnlib,.005960681,sat,.592786277
sat_relu,/home/elipregerson/nnenum/vnncomp2025_benchmarks/benchmarks/sat_relu/onnx/unsat_v6_c30.onnx,/home/elipregerson/nnenum/vnncomp2025_benchmarks/benchmarks/sat_relu/vnnlib/unsat_v6_c30.vnnlib,.006336990,unsat,.629274692
sat_relu,/home/elipregerson/nnenum/vnncomp2025_benchmarks/benchmarks/sat_relu/onnx/sat_v100_c373.onnx,/home/elipregerson/nnenum/vnncomp2025_benchmarks/benchmarks/sat_relu/vnnlib/sat_v100_c373.vnnlib,.006196663,timeout,100.583325817
sat_relu,/home/elipregerson/nnenum/vnncomp2025_benchmarks/benchmarks/sat_relu/onnx/unsat_v100_c373.onnx,/home/elipregerson/nnenum/vnncomp2025_benchmarks/benchmarks/sat_relu/vnnlib/unsat_v100_c373.vnnlib,.006046357,error_exit_code_1,8.427106547
sat_relu,/home/elipregerson/nnenum/vnncomp2025_benchmarks/benchmarks/sat_relu/onnx/sat_v51_c255.onnx,/home/elipregerson/nnenum/vnncomp2025_benchmarks/benchmarks/sat_relu/vnnlib/sat_v51_c255.vnnlib,.006288116,sat,1.178638200
sat_relu,/home/elipregerson/nnenum/vnncomp2025_benchmarks/benchmarks/sat_relu/onnx/unsat_v51_c255.onnx,/home/elipregerson/nnenum/vnncomp2025_benchmarks/benchmarks/sat_relu/vnnlib/unsat_v51_c255.vnnlib,.006209274,timeout,100.558462151
sat_relu,/home/elipregerson/nnenum/vnncomp2025_benchmarks/benchmarks/sat_relu/onnx/sat_v25_c45.onnx,/home/elipregerson/nnenum/vnncomp2025_benchmarks/benchmarks/sat_relu/vnnlib/sat_v25_c45.vnnlib,.006013686,sat,.591827131
sat_relu,/home/elipregerson/nnenum/vnncomp2025_benchmarks/benchmarks/sat_relu/onnx/unsat_v25_c45.onnx,/home/elipregerson/nnenum/vnncomp2025_benchmarks/benchmarks/sat_relu/vnnlib/unsat_v25_c45.vnnlib,.006063536,timeout,100.553411105
sat_relu,/home/elipregerson/nnenum/vnncomp2025_benchmarks/benchmarks/sat_relu/onnx/sat_v90_c111.onnx,/home/elipregerson/nnenum/vnncomp2025_benchmarks/benchmarks/sat_relu/vnnlib/sat_v90_c111.vnnlib,.006079609,sat,2.104876628
sat_relu,/home/elipregerson/nnenum/vnncomp2025_benchmarks/benchmarks/sat_relu/onnx/unsat_v90_c111.onnx,/home/elipregerson/nnenum/vnncomp2025_benchmarks/benchmarks/sat_relu/vnnlib/unsat_v90_c111.vnnlib,.006244943,error_exit_code_1,4.356249409
sat_relu,/home/elipregerson/nnenum/vnncomp2025_benchmarks/benchmarks/sat_relu/onnx/sat_v63_c267.onnx,/home/elipregerson/nnenum/vnncomp2025_benchmarks/benchmarks/sat_relu/vnnlib/sat_v63_c267.vnnlib,.008152138,sat,2.089142416
sat_relu,/home/elipregerson/nnenum/vnncomp2025_benchmarks/benchmarks/sat_relu/onnx/unsat_v63_c267.onnx,/home/elipregerson/nnenum/vnncomp2025_benchmarks/benchmarks/sat_relu/vnnlib/unsat_v63_c267.vnnlib,.011821996,timeout,100.798122980
sat_relu,/home/elipregerson/nnenum/vnncomp2025_benchmarks/benchmarks/sat_relu/onnx/sat_v18_c87.onnx,/home/elipregerson/nnenum/vnncomp2025_benchmarks/benchmarks/sat_relu/vnnlib/sat_v18_c87.vnnlib,.008497998,sat,.832428382
sat_relu,/home/elipregerson/nnenum/vnncomp2025_benchmarks/benchmarks/sat_relu/onnx/unsat_v18_c88.onnx,/home/elipregerson/nnenum/vnncomp2025_benchmarks/benchmarks/sat_relu/vnnlib/unsat_v18_c88.vnnlib,.011482879,unsat,17.337229265
sat_relu,/home/elipregerson/nnenum/vnncomp2025_benchmarks/benchmarks/sat_relu/onnx/sat_v92_c117.onnx,/home/elipregerson/nnenum/vnncomp2025_benchmarks/benchmarks/sat_relu/vnnlib/sat_v92_c117.vnnlib,.011625806,timeout,100.684121636
sat_relu,/home/elipregerson/nnenum/vnncomp2025_benchmarks/benchmarks/sat_relu/onnx/unsat_v92_c117.onnx,/home/elipregerson/nnenum/vnncomp2025_benchmarks/benchmarks/sat_relu/vnnlib/unsat_v92_c117.vnnlib,.005963330,timeout,100.570801058
sat_relu,/home/elipregerson/nnenum/vnncomp2025_benchmarks/benchmarks/sat_relu/onnx/sat_v94_c313.onnx,/home/elipregerson/nnenum/vnncomp2025_benchmarks/benchmarks/sat_relu/vnnlib/sat_v94_c313.vnnlib,.006134001,timeout,100.603468566
sat_relu,/home/elipregerson/nnenum/vnncomp2025_benchmarks/benchmarks/sat_relu/onnx/unsat_v94_c313.onnx,/home/elipregerson/nnenum/vnncomp2025_benchmarks/benchmarks/sat_relu/vnnlib/unsat_v94_c313.vnnlib,.007995142,timeout,100.597714463
sat_relu,/home/elipregerson/nnenum/vnncomp2025_benchmarks/benchmarks/sat_relu/onnx/sat_v24_c66.onnx,/home/elipregerson/nnenum/vnncomp2025_benchmarks/benchmarks/sat_relu/vnnlib/sat_v24_c66.vnnlib,.006033899,sat,.603865682
sat_relu,/home/elipregerson/nnenum/vnncomp2025_benchmarks/benchmarks/sat_relu/onnx/unsat_v24_c66.onnx,/home/elipregerson/nnenum/vnncomp2025_benchmarks/benchmarks/sat_relu/vnnlib/unsat_v24_c66.vnnlib,.006305080,timeout,100.589655032
sat_relu,/home/elipregerson/nnenum/vnncomp2025_benchmarks/benchmarks/sat_relu/onnx/sat_v67_c154.onnx,/home/elipregerson/nnenum/vnncomp2025_benchmarks/benchmarks/sat_relu/vnnlib/sat_v67_c154.vnnlib,.011109821,sat,2.183256884
sat_relu,/home/elipregerson/nnenum/vnncomp2025_benchmarks/benchmarks/sat_relu/onnx/unsat_v67_c154.onnx,/home/elipregerson/nnenum/vnncomp2025_benchmarks/benchmarks/sat_relu/vnnlib/unsat_v67_c154.vnnlib,.013103509,timeout,100.705958187
sat_relu,/home/elipregerson/nnenum/vnncomp2025_benchmarks/benchmarks/sat_relu/onnx/sat_v58_c75.onnx,/home/elipregerson/nnenum/vnncomp2025_benchmarks/benchmarks/sat_relu/vnnlib/sat_v58_c75.vnnlib,.012628291,sat,1.138874432
sat_relu,/home/elipregerson/nnenum/vnncomp2025_benchmarks/benchmarks/sat_relu/onnx/unsat_v58_c75.onnx,/home/elipregerson/nnenum/vnncomp2025_benchmarks/benchmarks/sat_relu/vnnlib/unsat_v58_c75.vnnlib,.007014449,timeout,100.582183174
sat_relu,/home/elipregerson/nnenum/vnncomp2025_benchmarks/benchmarks/sat_relu/onnx/sat_v40_c142.onnx,/home/elipregerson/nnenum/vnncomp2025_benchmarks/benchmarks/sat_relu/vnnlib/sat_v40_c142.vnnlib,.006145588,sat,.789001513
sat_relu,/home/elipregerson/nnenum/vnncomp2025_benchmarks/benchmarks/sat_relu/onnx/unsat_v40_c142.onnx,/home/elipregerson/nnenum/vnncomp2025_benchmarks/benchmarks/sat_relu/vnnlib/unsat_v40_c142.vnnlib,.006203289,timeout,100.561639820
sat_relu,/home/elipregerson/nnenum/vnncomp2025_benchmarks/benchmarks/sat_relu/onnx/sat_v26_c84.onnx,/home/elipregerson/nnenum/vnncomp2025_benchmarks/benchmarks/sat_relu/vnnlib/sat_v26_c84.vnnlib,.006031439,sat,.650590807
sat_relu,/home/elipregerson/nnenum/vnncomp2025_benchmarks/benchmarks/sat_relu/onnx/unsat_v26_c84.onnx,/home/elipregerson/nnenum/vnncomp2025_benchmarks/benchmarks/sat_relu/vnnlib/unsat_v26_c84.vnnlib,.006146642,timeout,100.572685927
sat_relu,/home/elipregerson/nnenum/vnncomp2025_benchmarks/benchmarks/sat_relu/onnx/sat_v46_c142.onnx,/home/elipregerson/nnenum/vnncomp2025_benchmarks/benchmarks/sat_relu/vnnlib/sat_v46_c142.vnnlib,.009737637,sat,1.299034679
sat_relu,/home/elipregerson/nnenum/vnncomp2025_benchmarks/benchmarks/sat_relu/onnx/unsat_v46_c142.onnx,/home/elipregerson/nnenum/vnncomp2025_benchmarks/benchmarks/sat_relu/vnnlib/unsat_v46_c142.vnnlib,.011985297,timeout,100.687244703
sat_relu,/home/elipregerson/nnenum/vnncomp2025_benchmarks/benchmarks/sat_relu/onnx/sat_v56_c239.onnx,/home/elipregerson/nnenum/vnncomp2025_benchmarks/benchmarks/sat_relu/vnnlib/sat_v56_c239.vnnlib,.008747642,sat,1.473052788
sat_relu,/home/elipregerson/nnenum/vnncomp2025_benchmarks/benchmarks/sat_relu/onnx/unsat_v56_c239.onnx,/home/elipregerson/nnenum/vnncomp2025_benchmarks/benchmarks/sat_relu/vnnlib/unsat_v56_c239.vnnlib,.006306637,timeout,100.563089059
sat_relu,/home/elipregerson/nnenum/vnncomp2025_benchmarks/benchmarks/sat_relu/onnx/sat_v10_c26.onnx,/home/elipregerson/nnenum/vnncomp2025_benchmarks/benchmarks/sat_relu/vnnlib/sat_v10_c26.vnnlib,.006162841,sat,.591432569
sat_relu,/home/elipregerson/nnenum/vnncomp2025_benchmarks/benchmarks/sat_relu/onnx/unsat_v10_c26.onnx,/home/elipregerson/nnenum/vnncomp2025_benchmarks/benchmarks/sat_relu/vnnlib/unsat_v10_c26.vnnlib,.006054947,unsat,.826265669
sat_relu,/home/elipregerson/nnenum/vnncomp2025_benchmarks/benchmarks/sat_relu/onnx/sat_v73_c156.onnx,/home/elipregerson/nnenum/vnncomp2025_benchmarks/benchmarks/sat_relu/vnnlib/sat_v73_c156.vnnlib,.006132396,timeout,100.586653334
sat_relu,/home/elipregerson/nnenum/vnncomp2025_benchmarks/benchmarks/sat_relu/onnx/unsat_v73_c156.onnx,/home/elipregerson/nnenum/vnncomp2025_benchmarks/benchmarks/sat_relu/vnnlib/unsat_v73_c156.vnnlib,.011831977,error_exit_code_1,5.870679279
sat_relu,/home/elipregerson/nnenum/vnncomp2025_benchmarks/benchmarks/sat_relu/onnx/sat_v85_c186.onnx,/home/elipregerson/nnenum/vnncomp2025_benchmarks/benchmarks/sat_relu/vnnlib/sat_v85_c186.vnnlib,.008172409,timeout,100.758924144
sat_relu,/home/elipregerson/nnenum/vnncomp2025_benchmarks/benchmarks/sat_relu/onnx/unsat_v85_c186.onnx,/home/elipregerson/nnenum/vnncomp2025_benchmarks/benchmarks/sat_relu/vnnlib/unsat_v85_c186.vnnlib,.006133907,timeout,100.556980903
sat_relu,/home/elipregerson/nnenum/vnncomp2025_benchmarks/benchmarks/sat_relu/onnx/sat_v54_c125.onnx,/home/elipregerson/nnenum/vnncomp2025_benchmarks/benchmarks/sat_relu/vnnlib/sat_v54_c125.vnnlib,.006008906,sat,.952129611
sat_relu,/home/elipregerson/nnenum/vnncomp2025_benchmarks/benchmarks/sat_relu/onnx/unsat_v54_c125.onnx,/home/elipregerson/nnenum/vnncomp2025_benchmarks/benchmarks/sat_relu/vnnlib/unsat_v54_c125.vnnlib,.006149880,timeout,100.560638974
sat_relu,/home/elipregerson/nnenum/vnncomp2025_benchmarks/benchmarks/sat_relu/onnx/sat_v9_c9.onnx,/home/elipregerson/nnenum/vnncomp2025_benchmarks/benchmarks/sat_relu/vnnlib/sat_v9_c9.vnnlib,.006099490,sat,.587266539
sat_relu,/home/elipregerson/nnenum/vnncomp2025_benchmarks/benchmarks/sat_relu/onnx/unsat_v9_c9.onnx,/home/elipregerson/nnenum/vnncomp2025_benchmarks/benchmarks/sat_relu/vnnlib/unsat_v9_c9.vnnlib,.006152424,unsat,.772200247
sat_relu,/home/elipregerson/nnenum/vnncomp2025_benchmarks/benchmarks/sat_relu/onnx/sat_v9_c14.onnx,/home/elipregerson/nnenum/vnncomp2025_benchmarks/benchmarks/sat_relu/vnnlib/sat_v9_c14.vnnlib,.006295681,sat,.599628204
sat_relu,/home/elipregerson/nnenum/vnncomp2025_benchmarks/benchmarks/sat_relu/onnx/unsat_v9_c14.onnx,/home/elipregerson/nnenum/vnncomp2025_benchmarks/benchmarks/sat_relu/vnnlib/unsat_v9_c14.vnnlib,.006786939,unsat,.692078269
sat_relu,/home/elipregerson/nnenum/vnncomp2025_benchmarks/benchmarks/sat_relu/onnx/sat_v92_c180.onnx,/home/elipregerson/nnenum/vnncomp2025_benchmarks/benchmarks/sat_relu/vnnlib/sat_v92_c180.vnnlib,.006126504,sat,2.237363245
sat_relu,/home/elipregerson/nnenum/vnncomp2025_benchmarks/benchmarks/sat_relu/onnx/unsat_v92_c180.onnx,/home/elipregerson/nnenum/vnncomp2025_benchmarks/benchmarks/sat_relu/vnnlib/unsat_v92_c180.vnnlib,.006134782,timeout,148.462818775
sat_relu,/home/elipregerson/nnenum/vnncomp2025_benchmarks/benchmarks/sat_relu/onnx/sat_v83_c328.onnx,/home/elipregerson/nnenum/vnncomp2025_benchmarks/benchmarks/sat_relu/vnnlib/sat_v83_c328.vnnlib,.006267357,timeout,100.590760834
sat_relu,/home/elipregerson/nnenum/vnncomp2025_benchmarks/benchmarks/sat_relu/onnx/unsat_v83_c328.onnx,/home/elipregerson/nnenum/vnncomp2025_benchmarks/benchmarks/sat_relu/vnnlib/unsat_v83_c328.vnnlib,.012223616,error_exit_code_1,5.226154539
sat_relu,/home/elipregerson/nnenum/vnncomp2025_benchmarks/benchmarks/sat_relu/onnx/sat_v37_c63.onnx,/home/elipregerson/nnenum/vnncomp2025_benchmarks/benchmarks/sat_relu/vnnlib/sat_v37_c63.vnnlib,.009300538,sat,.914687070
sat_relu,/home/elipregerson/nnenum/vnncomp2025_benchmarks/benchmarks/sat_relu/onnx/unsat_v37_c63.onnx,/home/elipregerson/nnenum/vnncomp2025_benchmarks/benchmarks/sat_relu/vnnlib/unsat_v37_c63.vnnlib,.011919709,timeout,100.701942705
sat_relu,/home/elipregerson/nnenum/vnncomp2025_benchmarks/benchmarks/sat_relu/onnx/sat_v99_c485.onnx,/home/elipregerson/nnenum/vnncomp2025_benchmarks/benchmarks/sat_relu/vnnlib/sat_v99_c485.vnnlib,.006143357,timeout,100.576418700
sat_relu,/home/elipregerson/nnenum/vnncomp2025_benchmarks/benchmarks/sat_relu/onnx/unsat_v99_c485.onnx,/home/elipregerson/nnenum/vnncomp2025_benchmarks/benchmarks/sat_relu/vnnlib/unsat_v99_c485.vnnlib,.006005125,error_exit_code_1,7.947760207
sat_relu,/home/elipregerson/nnenum/vnncomp2025_benchmarks/benchmarks/sat_relu/onnx/sat_v94_c377.onnx,/home/elipregerson/nnenum/vnncomp2025_benchmarks/benchmarks/sat_relu/vnnlib/sat_v94_c377.vnnlib,.008355286,timeout,100.780937623
sat_relu,/home/elipregerson/nnenum/vnncomp2025_benchmarks/benchmarks/sat_relu/onnx/unsat_v94_c377.onnx,/home/elipregerson/nnenum/vnncomp2025_benchmarks/benchmarks/sat_relu/vnnlib/unsat_v94_c377.vnnlib,.010498627,error_exit_code_1,7.332016001
sat_relu,/home/elipregerson/nnenum/vnncomp2025_benchmarks/benchmarks/sat_relu/onnx/sat_v87_c243.onnx,/home/elipregerson/nnenum/vnncomp2025_benchmarks/benchmarks/sat_relu/vnnlib/sat_v87_c243.vnnlib,.008110551,timeout,100.712656670
sat_relu,/home/elipregerson/nnenum/vnncomp2025_benchmarks/benchmarks/sat_relu/onnx/unsat_v87_c243.onnx,/home/elipregerson/nnenum/vnncomp2025_benchmarks/benchmarks/sat_relu/vnnlib/unsat_v87_c243.vnnlib,.014883303,error_exit_code_1,3.947820328
sat_relu,/home/elipregerson/nnenum/vnncomp2025_benchmarks/benchmarks/sat_relu/onnx/sat_v25_c40.onnx,/home/elipregerson/nnenum/vnncomp2025_benchmarks/benchmarks/sat_relu/vnnlib/sat_v25_c40.vnnlib,.006167681,sat,.595657492
sat_relu,/home/elipregerson/nnenum/vnncomp2025_benchmarks/benchmarks/sat_relu/onnx/unsat_v25_c40.onnx,/home/elipregerson/nnenum/vnncomp2025_benchmarks/benchmarks/sat_relu/vnnlib/unsat_v25_c40.vnnlib,.006161286,timeout,100.579286596
sat_relu,/home/elipregerson/nnenum/vnncomp2025_benchmarks/benchmarks/sat_relu/onnx/sat_v34_c98.onnx,/home/elipregerson/nnenum/vnncomp2025_benchmarks/benchmarks/sat_relu/vnnlib/sat_v34_c98.vnnlib,.007883288,sat,.961838848
sat_relu,/home/elipregerson/nnenum/vnncomp2025_benchmarks/benchmarks/sat_relu/onnx/unsat_v34_c98.onnx,/home/elipregerson/nnenum/vnncomp2025_benchmarks/benchmarks/sat_relu/vnnlib/unsat_v34_c98.vnnlib,.012463953,timeout,100.766392231
sat_relu,/home/elipregerson/nnenum/vnncomp2025_benchmarks/benchmarks/sat_relu/onnx/sat_v70_c178.onnx,/home/elipregerson/nnenum/vnncomp2025_benchmarks/benchmarks/sat_relu/vnnlib/sat_v70_c178.vnnlib,.013513057,timeout,100.704032794
sat_relu,/home/elipregerson/nnenum/vnncomp2025_benchmarks/benchmarks/sat_relu/onnx/unsat_v70_c178.onnx,/home/elipregerson/nnenum/vnncomp2025_benchmarks/benchmarks/sat_relu/vnnlib/unsat_v70_c178.vnnlib,.011473319,run_instance_timeout,160.002512485
sat_relu,/home/elipregerson/nnenum/vnncomp2025_benchmarks/benchmarks/sat_relu/onnx/sat_v20_c40.onnx,/home/elipregerson/nnenum/vnncomp2025_benchmarks/benchmarks/sat_relu/vnnlib/sat_v20_c40.vnnlib,.006063477,sat,.593748139
sat_relu,/home/elipregerson/nnenum/vnncomp2025_benchmarks/benchmarks/sat_relu/onnx/unsat_v20_c40.onnx,/home/elipregerson/nnenum/vnncomp2025_benchmarks/benchmarks/sat_relu/vnnlib/unsat_v20_c40.vnnlib,.006133871,unsat,1.989590674
sat_relu,/home/elipregerson/nnenum/vnncomp2025_benchmarks/benchmarks/sat_relu/onnx/sat_v30_c44.onnx,/home/elipregerson/nnenum/vnncomp2025_benchmarks/benchmarks/sat_relu/vnnlib/sat_v30_c44.vnnlib,.006335732,sat,.607968169
sat_relu,/home/elipregerson/nnenum/vnncomp2025_benchmarks/benchmarks/sat_relu/onnx/unsat_v30_c44.onnx,/home/elipregerson/nnenum/vnncomp2025_benchmarks/benchmarks/sat_relu/vnnlib/unsat_v30_c44.vnnlib,.005954715,timeout,100.554457422
sat_relu,/home/elipregerson/nnenum/vnncomp2025_benchmarks/benchmarks/sat_relu/onnx/sat_v63_c286.onnx,/home/elipregerson/nnenum/vnncomp2025_benchmarks/benchmarks/sat_relu/vnnlib/sat_v63_c286.vnnlib,.006202398,sat,1.543047581
sat_relu,/home/elipregerson/nnenum/vnncomp2025_benchmarks/benchmarks/sat_relu/onnx/unsat_v63_c286.onnx,/home/elipregerson/nnenum/vnncomp2025_benchmarks/benchmarks/sat_relu/vnnlib/unsat_v63_c286.vnnlib,.006065625,timeout,100.592497392
sat_relu,/home/elipregerson/nnenum/vnncomp2025_benchmarks/benchmarks/sat_relu/onnx/sat_v38_c132.onnx,/home/elipregerson/nnenum/vnncomp2025_benchmarks/benchmarks/sat_relu/vnnlib/sat_v38_c132.vnnlib,.010858898,sat,1.153449232
sat_relu,/home/elipregerson/nnenum/vnncomp2025_benchmarks/benchmarks/sat_relu/onnx/unsat_v38_c132.onnx,/home/elipregerson/nnenum/vnncomp2025_benchmarks/benchmarks/sat_relu/vnnlib/unsat_v38_c132.vnnlib,.010155514,timeout,100.629243316
sat_relu,/home/elipregerson/nnenum/vnncomp2025_benchmarks/benchmarks/sat_relu/onnx/sat_v33_c140.onnx,/home/elipregerson/nnenum/vnncomp2025_benchmarks/benchmarks/sat_relu/vnnlib/sat_v33_c140.vnnlib,.006016425,sat,.715927853
sat_relu,/home/elipregerson/nnenum/vnncomp2025_benchmarks/benchmarks/sat_relu/onnx/unsat_v33_c140.onnx,/home/elipregerson/nnenum/vnncomp2025_benchmarks/benchmarks/sat_relu/vnnlib/unsat_v33_c140.vnnlib,.006546707,timeout,100.567787585
sat_relu,/home/elipregerson/nnenum/vnncomp2025_benchmarks/benchmarks/sat_relu/onnx/sat_v90_c449.onnx,/home/elipregerson/nnenum/vnncomp2025_benchmarks/benchmarks/sat_relu/vnnlib/sat_v90_c449.vnnlib,.006138875,timeout,100.567389862
sat_relu,/home/elipregerson/nnenum/vnncomp2025_benchmarks/benchmarks/sat_relu/onnx/unsat_v90_c449.onnx,/home/elipregerson/nnenum/vnncomp2025_benchmarks/benchmarks/sat_relu/vnnlib/unsat_v90_c449.vnnlib,.006170153,error_exit_code_1,65.030821406
sat_relu,/home/elipregerson/nnenum/vnncomp2025_benchmarks/benchmarks/sat_relu/onnx/sat_v75_c99.onnx,/home/elipregerson/nnenum/vnncomp2025_benchmarks/benchmarks/sat_relu/vnnlib/sat_v75_c99.vnnlib,.006418169,sat,1.544421741
sat_relu,/home/elipregerson/nnenum/vnncomp2025_benchmarks/benchmarks/sat_relu/onnx/unsat_v75_c99.onnx,/home/elipregerson/nnenum/vnncomp2025_benchmarks/benchmarks/sat_relu/vnnlib/unsat_v75_c99.vnnlib,.005980101,error_exit_code_1,85.020724133
sat_relu,/home/elipregerson/nnenum/vnncomp2025_benchmarks/benchmarks/sat_relu/onnx/sat_v82_c130.onnx,/home/elipregerson/nnenum/vnncomp2025_benchmarks/benchmarks/sat_relu/vnnlib/sat_v82_c130.vnnlib,.010591933,sat,6.709725465
sat_relu,/home/elipregerson/nnenum/vnncomp2025_benchmarks/benchmarks/sat_relu/onnx/unsat_v82_c130.onnx,/home/elipregerson/nnenum/vnncomp2025_benchmarks/benchmarks/sat_relu/vnnlib/unsat_v82_c130.vnnlib,.008020794,error_exit_code_1,2.945594099
sat_relu,/home/elipregerson/nnenum/vnncomp2025_benchmarks/benchmarks/sat_relu/onnx/sat_v64_c234.onnx,/home/elipregerson/nnenum/vnncomp2025_benchmarks/benchmarks/sat_relu/vnnlib/sat_v64_c234.vnnlib,.006230447,sat,1.448185886
sat_relu,/home/elipregerson/nnenum/vnncomp2025_benchmarks/benchmarks/sat_relu/onnx/unsat_v64_c234.onnx,/home/elipregerson/nnenum/vnncomp2025_benchmarks/benchmarks/sat_relu/vnnlib/unsat_v64_c234.vnnlib,.006144049,timeout,100.588869912
sat_relu,/home/elipregerson/nnenum/vnncomp2025_benchmarks/benchmarks/sat_relu/onnx/sat_v39_c77.onnx,/home/elipregerson/nnenum/vnncomp2025_benchmarks/benchmarks/sat_relu/vnnlib/sat_v39_c77.vnnlib,.008450087,sat,.695676523
sat_relu,/home/elipregerson/nnenum/vnncomp2025_benchmarks/benchmarks/sat_relu/onnx/unsat_v39_c77.onnx,/home/elipregerson/nnenum/vnncomp2025_benchmarks/benchmarks/sat_relu/vnnlib/unsat_v39_c77.vnnlib,.006302391,timeout,100.560308006
sat_relu,/home/elipregerson/nnenum/vnncomp2025_benchmarks/benchmarks/sat_relu/onnx/sat_v16_c39.onnx,/home/elipregerson/nnenum/vnncomp2025_benchmarks/benchmarks/sat_relu/vnnlib/sat_v16_c39.vnnlib,.006078553,sat,.598957313
sat_relu,/home/elipregerson/nnenum/vnncomp2025_benchmarks/benchmarks/sat_relu/onnx/unsat_v16_c39.onnx,/home/elipregerson/nnenum/vnncomp2025_benchmarks/benchmarks/sat_relu/vnnlib/unsat_v16_c39.vnnlib,.006285240,unsat,5.067252004
sat_relu,/home/elipregerson/nnenum/vnncomp2025_benchmarks/benchmarks/sat_relu/onnx/sat_v85_c207.onnx,/home/elipregerson/nnenum/vnncomp2025_benchmarks/benchmarks/sat_relu/vnnlib/sat_v85_c207.vnnlib,.006183388,timeout,100.568566534
sat_relu,/home/elipregerson/nnenum/vnncomp2025_benchmarks/benchmarks/sat_relu/onnx/unsat_v85_c207.onnx,/home/elipregerson/nnenum/vnncomp2025_benchmarks/benchmarks/sat_relu/vnnlib/unsat_v85_c207.vnnlib,.006097170,error_exit_code_1,3.584361468
sat_relu,/home/elipregerson/nnenum/vnncomp2025_benchmarks/benchmarks/sat_relu/onnx/sat_v44_c52.onnx,/home/elipregerson/nnenum/vnncomp2025_benchmarks/benchmarks/sat_relu/vnnlib/sat_v44_c52.vnnlib,.006010923,sat,.669237414
sat_relu,/home/elipregerson/nnenum/vnncomp2025_benchmarks/benchmarks/sat_relu/onnx/unsat_v44_c52.onnx,/home/elipregerson/nnenum/vnncomp2025_benchmarks/benchmarks/sat_relu/vnnlib/unsat_v44_c52.vnnlib,.006067676,timeout,100.554111399
sat_relu,/home/elipregerson/nnenum/vnncomp2025_benchmarks/benchmarks/test/onnx/test_nano.onnx,/home/elipregerson/nnenum/vnncomp2025_benchmarks/benchmarks/test/vnnlib/test_nano.vnnlib,.008692785,unsat,.548713111
soundnessbench,/home/elipregerson/nnenum/vnncomp2025_benchmarks/benchmarks/soundnessbench/onnx/model.onnx,/home/elipregerson/nnenum/vnncomp2025_benchmarks/benchmarks/soundnessbench/vnnlib/model_0.vnnlib,.006122499,error_exit_code_1,31.318083473
soundnessbench,/home/elipregerson/nnenum/vnncomp2025_benchmarks/benchmarks/soundnessbench/onnx/model.onnx,/home/elipregerson/nnenum/vnncomp2025_benchmarks/benchmarks/soundnessbench/vnnlib/model_1.vnnlib,.006148967,error_exit_code_1,31.050352917
soundnessbench,/home/elipregerson/nnenum/vnncomp2025_benchmarks/benchmarks/soundnessbench/onnx/model.onnx,/home/elipregerson/nnenum/vnncomp2025_benchmarks/benchmarks/soundnessbench/vnnlib/model_2.vnnlib,.011352315,error_exit_code_1,29.956534823
soundnessbench,/home/elipregerson/nnenum/vnncomp2025_benchmarks/benchmarks/soundnessbench/onnx/model.onnx,/home/elipregerson/nnenum/vnncomp2025_benchmarks/benchmarks/soundnessbench/vnnlib/model_3.vnnlib,.012614977,error_exit_code_1,28.138560085
soundnessbench,/home/elipregerson/nnenum/vnncomp2025_benchmarks/benchmarks/soundnessbench/onnx/model.onnx,/home/elipregerson/nnenum/vnncomp2025_benchmarks/benchmarks/soundnessbench/vnnlib/model_4.vnnlib,.009750342,error_exit_code_1,25.921131159
soundnessbench,/home/elipregerson/nnenum/vnncomp2025_benchmarks/benchmarks/soundnessbench/onnx/model.onnx,/home/elipregerson/nnenum/vnncomp2025_benchmarks/benchmarks/soundnessbench/vnnlib/model_5.vnnlib,.008300097,error_exit_code_1,29.522080644
soundnessbench,/home/elipregerson/nnenum/vnncomp2025_benchmarks/benchmarks/soundnessbench/onnx/model.onnx,/home/elipregerson/nnenum/vnncomp2025_benchmarks/benchmarks/soundnessbench/vnnlib/model_6.vnnlib,.006228589,error_exit_code_1,28.433945837
soundnessbench,/home/elipregerson/nnenum/vnncomp2025_benchmarks/benchmarks/soundnessbench/onnx/model.onnx,/home/elipregerson/nnenum/vnncomp2025_benchmarks/benchmarks/soundnessbench/vnnlib/model_7.vnnlib,.006148158,error_exit_code_1,25.960688846
soundnessbench,/home/elipregerson/nnenum/vnncomp2025_benchmarks/benchmarks/soundnessbench/onnx/model.onnx,/home/elipregerson/nnenum/vnncomp2025_benchmarks/benchmarks/soundnessbench/vnnlib/model_8.vnnlib,.005938684,error_exit_code_1,26.618639315
soundnessbench,/home/elipregerson/nnenum/vnncomp2025_benchmarks/benchmarks/soundnessbench/onnx/model.onnx,/home/elipregerson/nnenum/vnncomp2025_benchmarks/benchmarks/soundnessbench/vnnlib/model_9.vnnlib,.006261311,error_exit_code_1,24.664118929
soundnessbench,/home/elipregerson/nnenum/vnncomp2025_benchmarks/benchmarks/soundnessbench/onnx/model.onnx,/home/elipregerson/nnenum/vnncomp2025_benchmarks/benchmarks/soundnessbench/vnnlib/model_10.vnnlib,.006195862,error_exit_code_1,25.664421657
soundnessbench,/home/elipregerson/nnenum/vnncomp2025_benchmarks/benchmarks/soundnessbench/onnx/model.onnx,/home/elipregerson/nnenum/vnncomp2025_benchmarks/benchmarks/soundnessbench/vnnlib/model_11.vnnlib,.006198452,error_exit_code_1,28.677200451
soundnessbench,/home/elipregerson/nnenum/vnncomp2025_benchmarks/benchmarks/soundnessbench/onnx/model.onnx,/home/elipregerson/nnenum/vnncomp2025_benchmarks/benchmarks/soundnessbench/vnnlib/model_12.vnnlib,.006358650,error_exit_code_1,28.110466093
soundnessbench,/home/elipregerson/nnenum/vnncomp2025_benchmarks/benchmarks/soundnessbench/onnx/model.onnx,/home/elipregerson/nnenum/vnncomp2025_benchmarks/benchmarks/soundnessbench/vnnlib/model_13.vnnlib,.006278385,error_exit_code_1,35.755517616
soundnessbench,/home/elipregerson/nnenum/vnncomp2025_benchmarks/benchmarks/soundnessbench/onnx/model.onnx,/home/elipregerson/nnenum/vnncomp2025_benchmarks/benchmarks/soundnessbench/vnnlib/model_14.vnnlib,.006216127,error_exit_code_1,32.370440413
soundnessbench,/home/elipregerson/nnenum/vnncomp2025_benchmarks/benchmarks/soundnessbench/onnx/model.onnx,/home/elipregerson/nnenum/vnncomp2025_benchmarks/benchmarks/soundnessbench/vnnlib/model_15.vnnlib,.006063349,error_exit_code_1,24.868710273
soundnessbench,/home/elipregerson/nnenum/vnncomp2025_benchmarks/benchmarks/soundnessbench/onnx/model.onnx,/home/elipregerson/nnenum/vnncomp2025_benchmarks/benchmarks/soundnessbench/vnnlib/model_16.vnnlib,.010508967,error_exit_code_1,35.358648699
soundnessbench,/home/elipregerson/nnenum/vnncomp2025_benchmarks/benchmarks/soundnessbench/onnx/model.onnx,/home/elipregerson/nnenum/vnncomp2025_benchmarks/benchmarks/soundnessbench/vnnlib/model_17.vnnlib,.009054801,error_exit_code_1,26.829415957
soundnessbench,/home/elipregerson/nnenum/vnncomp2025_benchmarks/benchmarks/soundnessbench/onnx/model.onnx,/home/elipregerson/nnenum/vnncomp2025_benchmarks/benchmarks/soundnessbench/vnnlib/model_18.vnnlib,.017301047,error_exit_code_1,24.410388507
soundnessbench,/home/elipregerson/nnenum/vnncomp2025_benchmarks/benchmarks/soundnessbench/onnx/model.onnx,/home/elipregerson/nnenum/vnncomp2025_benchmarks/benchmarks/soundnessbench/vnnlib/model_19.vnnlib,.006203114,error_exit_code_1,26.834301202
soundnessbench,/home/elipregerson/nnenum/vnncomp2025_benchmarks/benchmarks/soundnessbench/onnx/model.onnx,/home/elipregerson/nnenum/vnncomp2025_benchmarks/benchmarks/soundnessbench/vnnlib/model_20.vnnlib,.006291999,error_exit_code_1,29.040768021
soundnessbench,/home/elipregerson/nnenum/vnncomp2025_benchmarks/benchmarks/soundnessbench/onnx/model.onnx,/home/elipregerson/nnenum/vnncomp2025_benchmarks/benchmarks/soundnessbench/vnnlib/model_21.vnnlib,.006218020,error_exit_code_1,23.606062375
soundnessbench,/home/elipregerson/nnenum/vnncomp2025_benchmarks/benchmarks/soundnessbench/onnx/model.onnx,/home/elipregerson/nnenum/vnncomp2025_benchmarks/benchmarks/soundnessbench/vnnlib/model_22.vnnlib,.010835887,error_exit_code_1,28.358371010
soundnessbench,/home/elipregerson/nnenum/vnncomp2025_benchmarks/benchmarks/soundnessbench/onnx/model.onnx,/home/elipregerson/nnenum/vnncomp2025_benchmarks/benchmarks/soundnessbench/vnnlib/model_23.vnnlib,.006046992,error_exit_code_1,29.475174276
soundnessbench,/home/elipregerson/nnenum/vnncomp2025_benchmarks/benchmarks/soundnessbench/onnx/model.onnx,/home/elipregerson/nnenum/vnncomp2025_benchmarks/benchmarks/soundnessbench/vnnlib/model_24.vnnlib,.006290783,error_exit_code_1,29.693122513
soundnessbench,/home/elipregerson/nnenum/vnncomp2025_benchmarks/benchmarks/soundnessbench/onnx/model.onnx,/home/elipregerson/nnenum/vnncomp2025_benchmarks/benchmarks/soundnessbench/vnnlib/model_25.vnnlib,.006064577,error_exit_code_1,29.312127042
soundnessbench,/home/elipregerson/nnenum/vnncomp2025_benchmarks/benchmarks/soundnessbench/onnx/model.onnx,/home/elipregerson/nnenum/vnncomp2025_benchmarks/benchmarks/soundnessbench/vnnlib/model_26.vnnlib,.006062217,error_exit_code_1,47.482082555
soundnessbench,/home/elipregerson/nnenum/vnncomp2025_benchmarks/benchmarks/soundnessbench/onnx/model.onnx,/home/elipregerson/nnenum/vnncomp2025_benchmarks/benchmarks/soundnessbench/vnnlib/model_27.vnnlib,.008018981,error_exit_code_1,30.111295509
soundnessbench,/home/elipregerson/nnenum/vnncomp2025_benchmarks/benchmarks/soundnessbench/onnx/model.onnx,/home/elipregerson/nnenum/vnncomp2025_benchmarks/benchmarks/soundnessbench/vnnlib/model_28.vnnlib,.009858635,error_exit_code_1,29.571500059
soundnessbench,/home/elipregerson/nnenum/vnncomp2025_benchmarks/benchmarks/soundnessbench/onnx/model.onnx,/home/elipregerson/nnenum/vnncomp2025_benchmarks/benchmarks/soundnessbench/vnnlib/model_29.vnnlib,.006065341,error_exit_code_1,27.680023159
soundnessbench,/home/elipregerson/nnenum/vnncomp2025_benchmarks/benchmarks/soundnessbench/onnx/model.onnx,/home/elipregerson/nnenum/vnncomp2025_benchmarks/benchmarks/soundnessbench/vnnlib/model_30.vnnlib,.006203127,error_exit_code_1,22.524241445
soundnessbench,/home/elipregerson/nnenum/vnncomp2025_benchmarks/benchmarks/soundnessbench/onnx/model.onnx,/home/elipregerson/nnenum/vnncomp2025_benchmarks/benchmarks/soundnessbench/vnnlib/model_31.vnnlib,.011202435,error_exit_code_1,29.576264847
soundnessbench,/home/elipregerson/nnenum/vnncomp2025_benchmarks/benchmarks/soundnessbench/onnx/model.onnx,/home/elipregerson/nnenum/vnncomp2025_benchmarks/benchmarks/soundnessbench/vnnlib/model_32.vnnlib,.012009519,error_exit_code_1,28.169535433
soundnessbench,/home/elipregerson/nnenum/vnncomp2025_benchmarks/benchmarks/soundnessbench/onnx/model.onnx,/home/elipregerson/nnenum/vnncomp2025_benchmarks/benchmarks/soundnessbench/vnnlib/model_33.vnnlib,.006239543,error_exit_code_1,26.766477881
soundnessbench,/home/elipregerson/nnenum/vnncomp2025_benchmarks/benchmarks/soundnessbench/onnx/model.onnx,/home/elipregerson/nnenum/vnncomp2025_benchmarks/benchmarks/soundnessbench/vnnlib/model_34.vnnlib,.010010361,error_exit_code_1,26.354204937
soundnessbench,/home/elipregerson/nnenum/vnncomp2025_benchmarks/benchmarks/soundnessbench/onnx/model.onnx,/home/elipregerson/nnenum/vnncomp2025_benchmarks/benchmarks/soundnessbench/vnnlib/model_35.vnnlib,.009951202,error_exit_code_1,30.412363708
soundnessbench,/home/elipregerson/nnenum/vnncomp2025_benchmarks/benchmarks/soundnessbench/onnx/model.onnx,/home/elipregerson/nnenum/vnncomp2025_benchmarks/benchmarks/soundnessbench/vnnlib/model_36.vnnlib,.006083609,error_exit_code_1,30.759022323
soundnessbench,/home/elipregerson/nnenum/vnncomp2025_benchmarks/benchmarks/soundnessbench/onnx/model.onnx,/home/elipregerson/nnenum/vnncomp2025_benchmarks/benchmarks/soundnessbench/vnnlib/model_37.vnnlib,.006346362,error_exit_code_1,27.978024512
soundnessbench,/home/elipregerson/nnenum/vnncomp2025_benchmarks/benchmarks/soundnessbench/onnx/model.onnx,/home/elipregerson/nnenum/vnncomp2025_benchmarks/benchmarks/soundnessbench/vnnlib/model_38.vnnlib,.006033635,error_exit_code_1,31.520925545
soundnessbench,/home/elipregerson/nnenum/vnncomp2025_benchmarks/benchmarks/soundnessbench/onnx/model.onnx,/home/elipregerson/nnenum/vnncomp2025_benchmarks/benchmarks/soundnessbench/vnnlib/model_39.vnnlib,.009508756,error_exit_code_1,27.012251320
soundnessbench,/home/elipregerson/nnenum/vnncomp2025_benchmarks/benchmarks/soundnessbench/onnx/model.onnx,/home/elipregerson/nnenum/vnncomp2025_benchmarks/benchmarks/soundnessbench/vnnlib/model_40.vnnlib,.009883997,error_exit_code_1,26.420930385
soundnessbench,/home/elipregerson/nnenum/vnncomp2025_benchmarks/benchmarks/soundnessbench/onnx/model.onnx,/home/elipregerson/nnenum/vnncomp2025_benchmarks/benchmarks/soundnessbench/vnnlib/model_41.vnnlib,.009646007,error_exit_code_1,30.967301397
soundnessbench,/home/elipregerson/nnenum/vnncomp2025_benchmarks/benchmarks/soundnessbench/onnx/model.onnx,/home/elipregerson/nnenum/vnncomp2025_benchmarks/benchmarks/soundnessbench/vnnlib/model_42.vnnlib,.009888154,error_exit_code_1,29.277176812
soundnessbench,/home/elipregerson/nnenum/vnncomp2025_benchmarks/benchmarks/soundnessbench/onnx/model.onnx,/home/elipregerson/nnenum/vnncomp2025_benchmarks/benchmarks/soundnessbench/vnnlib/model_43.vnnlib,.006075350,error_exit_code_1,29.091548138
soundnessbench,/home/elipregerson/nnenum/vnncomp2025_benchmarks/benchmarks/soundnessbench/onnx/model.onnx,/home/elipregerson/nnenum/vnncomp2025_benchmarks/benchmarks/soundnessbench/vnnlib/model_44.vnnlib,.006381241,error_exit_code_1,29.629821640
soundnessbench,/home/elipregerson/nnenum/vnncomp2025_benchmarks/benchmarks/soundnessbench/onnx/model.onnx,/home/elipregerson/nnenum/vnncomp2025_benchmarks/benchmarks/soundnessbench/vnnlib/model_45.vnnlib,.006186946,error_exit_code_1,22.364199326
soundnessbench,/home/elipregerson/nnenum/vnncomp2025_benchmarks/benchmarks/soundnessbench/onnx/model.onnx,/home/elipregerson/nnenum/vnncomp2025_benchmarks/benchmarks/soundnessbench/vnnlib/model_46.vnnlib,.009992224,error_exit_code_1,30.281146840
soundnessbench,/home/elipregerson/nnenum/vnncomp2025_benchmarks/benchmarks/soundnessbench/onnx/model.onnx,/home/elipregerson/nnenum/vnncomp2025_benchmarks/benchmarks/soundnessbench/vnnlib/model_47.vnnlib,.011569974,error_exit_code_1,28.360841324
soundnessbench,/home/elipregerson/nnenum/vnncomp2025_benchmarks/benchmarks/soundnessbench/onnx/model.onnx,/home/elipregerson/nnenum/vnncomp2025_benchmarks/benchmarks/soundnessbench/vnnlib/model_48.vnnlib,.006439250,error_exit_code_1,25.514447436
soundnessbench,/home/elipregerson/nnenum/vnncomp2025_benchmarks/benchmarks/soundnessbench/onnx/model.onnx,/home/elipregerson/nnenum/vnncomp2025_benchmarks/benchmarks/soundnessbench/vnnlib/model_49.vnnlib,.010759525,error_exit_code_1,30.650467691
soundnessbench,/home/elipregerson/nnenum/vnncomp2025_benchmarks/benchmarks/test/onnx/test_nano.onnx,/home/elipregerson/nnenum/vnncomp2025_benchmarks/benchmarks/test/vnnlib/test_nano.vnnlib,.006224379,unsat,.609921095
tinyimagenet_2024,/home/elipregerson/nnenum/vnncomp2025_benchmarks/benchmarks/tinyimagenet_2024/onnx/TinyImageNet_resnet_medium.onnx,/home/elipregerson/nnenum/vnncomp2025_benchmarks/benchmarks/tinyimagenet_2024/vnnlib/TinyImageNet_resnet_medium_prop_idx_1126_sidx_4974_eps_0.0039.vnnlib,.006176975,error_exit_code_1,4.635285233
tinyimagenet_2024,/home/elipregerson/nnenum/vnncomp2025_benchmarks/benchmarks/tinyimagenet_2024/onnx/TinyImageNet_resnet_medium.onnx,/home/elipregerson/nnenum/vnncomp2025_benchmarks/benchmarks/tinyimagenet_2024/vnnlib/TinyImageNet_resnet_medium_prop_idx_6827_sidx_2613_eps_0.0039.vnnlib,.006185262,error_exit_code_1,4.581139642
tinyimagenet_2024,/home/elipregerson/nnenum/vnncomp2025_benchmarks/benchmarks/tinyimagenet_2024/onnx/TinyImageNet_resnet_medium.onnx,/home/elipregerson/nnenum/vnncomp2025_benchmarks/benchmarks/tinyimagenet_2024/vnnlib/TinyImageNet_resnet_medium_prop_idx_7943_sidx_6299_eps_0.0039.vnnlib,.006029964,error_exit_code_1,4.597367562
tinyimagenet_2024,/home/elipregerson/nnenum/vnncomp2025_benchmarks/benchmarks/tinyimagenet_2024/onnx/TinyImageNet_resnet_medium.onnx,/home/elipregerson/nnenum/vnncomp2025_benchmarks/benchmarks/tinyimagenet_2024/vnnlib/TinyImageNet_resnet_medium_prop_idx_9558_sidx_6082_eps_0.0039.vnnlib,.006201293,error_exit_code_1,4.564163983
tinyimagenet_2024,/home/elipregerson/nnenum/vnncomp2025_benchmarks/benchmarks/tinyimagenet_2024/onnx/TinyImageNet_resnet_medium.onnx,/home/elipregerson/nnenum/vnncomp2025_benchmarks/benchmarks/tinyimagenet_2024/vnnlib/TinyImageNet_resnet_medium_prop_idx_2341_sidx_4149_eps_0.0039.vnnlib,.006152765,error_exit_code_1,4.634827394
tinyimagenet_2024,/home/elipregerson/nnenum/vnncomp2025_benchmarks/benchmarks/tinyimagenet_2024/onnx/TinyImageNet_resnet_medium.onnx,/home/elipregerson/nnenum/vnncomp2025_benchmarks/benchmarks/tinyimagenet_2024/vnnlib/TinyImageNet_resnet_medium_prop_idx_5478_sidx_174_eps_0.0039.vnnlib,.006169368,error_exit_code_1,4.529066606
tinyimagenet_2024,/home/elipregerson/nnenum/vnncomp2025_benchmarks/benchmarks/tinyimagenet_2024/onnx/TinyImageNet_resnet_medium.onnx,/home/elipregerson/nnenum/vnncomp2025_benchmarks/benchmarks/tinyimagenet_2024/vnnlib/TinyImageNet_resnet_medium_prop_idx_9262_sidx_880_eps_0.0039.vnnlib,.006122746,error_exit_code_1,4.510457957
tinyimagenet_2024,/home/elipregerson/nnenum/vnncomp2025_benchmarks/benchmarks/tinyimagenet_2024/onnx/TinyImageNet_resnet_medium.onnx,/home/elipregerson/nnenum/vnncomp2025_benchmarks/benchmarks/tinyimagenet_2024/vnnlib/TinyImageNet_resnet_medium_prop_idx_6252_sidx_9972_eps_0.0039.vnnlib,.005945964,error_exit_code_1,4.521323973
tinyimagenet_2024,/home/elipregerson/nnenum/vnncomp2025_benchmarks/benchmarks/tinyimagenet_2024/onnx/TinyImageNet_resnet_medium.onnx,/home/elipregerson/nnenum/vnncomp2025_benchmarks/benchmarks/tinyimagenet_2024/vnnlib/TinyImageNet_resnet_medium_prop_idx_2146_sidx_298_eps_0.0039.vnnlib,.006231280,error_exit_code_1,4.450081183
tinyimagenet_2024,/home/elipregerson/nnenum/vnncomp2025_benchmarks/benchmarks/tinyimagenet_2024/onnx/TinyImageNet_resnet_medium.onnx,/home/elipregerson/nnenum/vnncomp2025_benchmarks/benchmarks/tinyimagenet_2024/vnnlib/TinyImageNet_resnet_medium_prop_idx_538_sidx_2467_eps_0.0039.vnnlib,.005896372,error_exit_code_1,4.518594141
tinyimagenet_2024,/home/elipregerson/nnenum/vnncomp2025_benchmarks/benchmarks/tinyimagenet_2024/onnx/TinyImageNet_resnet_medium.onnx,/home/elipregerson/nnenum/vnncomp2025_benchmarks/benchmarks/tinyimagenet_2024/vnnlib/TinyImageNet_resnet_medium_prop_idx_5134_sidx_3767_eps_0.0039.vnnlib,.005956196,error_exit_code_1,4.494165105
tinyimagenet_2024,/home/elipregerson/nnenum/vnncomp2025_benchmarks/benchmarks/tinyimagenet_2024/onnx/TinyImageNet_resnet_medium.onnx,/home/elipregerson/nnenum/vnncomp2025_benchmarks/benchmarks/tinyimagenet_2024/vnnlib/TinyImageNet_resnet_medium_prop_idx_9535_sidx_6151_eps_0.0039.vnnlib,.006153547,error_exit_code_1,4.491494642
tinyimagenet_2024,/home/elipregerson/nnenum/vnncomp2025_benchmarks/benchmarks/tinyimagenet_2024/onnx/TinyImageNet_resnet_medium.onnx,/home/elipregerson/nnenum/vnncomp2025_benchmarks/benchmarks/tinyimagenet_2024/vnnlib/TinyImageNet_resnet_medium_prop_idx_253_sidx_4834_eps_0.0039.vnnlib,.006106267,error_exit_code_1,4.502632127
tinyimagenet_2024,/home/elipregerson/nnenum/vnncomp2025_benchmarks/benchmarks/tinyimagenet_2024/onnx/TinyImageNet_resnet_medium.onnx,/home/elipregerson/nnenum/vnncomp2025_benchmarks/benchmarks/tinyimagenet_2024/vnnlib/TinyImageNet_resnet_medium_prop_idx_5673_sidx_6615_eps_0.0039.vnnlib,.005911755,error_exit_code_1,4.427370060
tinyimagenet_2024,/home/elipregerson/nnenum/vnncomp2025_benchmarks/benchmarks/tinyimagenet_2024/onnx/TinyImageNet_resnet_medium.onnx,/home/elipregerson/nnenum/vnncomp2025_benchmarks/benchmarks/tinyimagenet_2024/vnnlib/TinyImageNet_resnet_medium_prop_idx_1459_sidx_443_eps_0.0039.vnnlib,.006472293,error_exit_code_1,4.439671836
tinyimagenet_2024,/home/elipregerson/nnenum/vnncomp2025_benchmarks/benchmarks/tinyimagenet_2024/onnx/TinyImageNet_resnet_medium.onnx,/home/elipregerson/nnenum/vnncomp2025_benchmarks/benchmarks/tinyimagenet_2024/vnnlib/TinyImageNet_resnet_medium_prop_idx_551_sidx_6748_eps_0.0039.vnnlib,.005952928,error_exit_code_1,4.426174415
tinyimagenet_2024,/home/elipregerson/nnenum/vnncomp2025_benchmarks/benchmarks/tinyimagenet_2024/onnx/TinyImageNet_resnet_medium.onnx,/home/elipregerson/nnenum/vnncomp2025_benchmarks/benchmarks/tinyimagenet_2024/vnnlib/TinyImageNet_resnet_medium_prop_idx_4526_sidx_9254_eps_0.0039.vnnlib,.006218930,error_exit_code_1,4.459317941
tinyimagenet_2024,/home/elipregerson/nnenum/vnncomp2025_benchmarks/benchmarks/tinyimagenet_2024/onnx/TinyImageNet_resnet_medium.onnx,/home/elipregerson/nnenum/vnncomp2025_benchmarks/benchmarks/tinyimagenet_2024/vnnlib/TinyImageNet_resnet_medium_prop_idx_2063_sidx_8156_eps_0.0039.vnnlib,.006150913,error_exit_code_1,4.458334698
tinyimagenet_2024,/home/elipregerson/nnenum/vnncomp2025_benchmarks/benchmarks/tinyimagenet_2024/onnx/TinyImageNet_resnet_medium.onnx,/home/elipregerson/nnenum/vnncomp2025_benchmarks/benchmarks/tinyimagenet_2024/vnnlib/TinyImageNet_resnet_medium_prop_idx_879_sidx_6242_eps_0.0039.vnnlib,.005924578,error_exit_code_1,4.448479201
tinyimagenet_2024,/home/elipregerson/nnenum/vnncomp2025_benchmarks/benchmarks/tinyimagenet_2024/onnx/TinyImageNet_resnet_medium.onnx,/home/elipregerson/nnenum/vnncomp2025_benchmarks/benchmarks/tinyimagenet_2024/vnnlib/TinyImageNet_resnet_medium_prop_idx_247_sidx_1124_eps_0.0039.vnnlib,.006046223,error_exit_code_1,4.432115754
tinyimagenet_2024,/home/elipregerson/nnenum/vnncomp2025_benchmarks/benchmarks/tinyimagenet_2024/onnx/TinyImageNet_resnet_medium.onnx,/home/elipregerson/nnenum/vnncomp2025_benchmarks/benchmarks/tinyimagenet_2024/vnnlib/TinyImageNet_resnet_medium_prop_idx_2582_sidx_5386_eps_0.0039.vnnlib,.006046490,error_exit_code_1,4.494337104
tinyimagenet_2024,/home/elipregerson/nnenum/vnncomp2025_benchmarks/benchmarks/tinyimagenet_2024/onnx/TinyImageNet_resnet_medium.onnx,/home/elipregerson/nnenum/vnncomp2025_benchmarks/benchmarks/tinyimagenet_2024/vnnlib/TinyImageNet_resnet_medium_prop_idx_2936_sidx_7810_eps_0.0039.vnnlib,.006069330,error_exit_code_1,4.496812069
tinyimagenet_2024,/home/elipregerson/nnenum/vnncomp2025_benchmarks/benchmarks/tinyimagenet_2024/onnx/TinyImageNet_resnet_medium.onnx,/home/elipregerson/nnenum/vnncomp2025_benchmarks/benchmarks/tinyimagenet_2024/vnnlib/TinyImageNet_resnet_medium_prop_idx_1175_sidx_7775_eps_0.0039.vnnlib,.005995876,error_exit_code_1,4.409952470
tinyimagenet_2024,/home/elipregerson/nnenum/vnncomp2025_benchmarks/benchmarks/tinyimagenet_2024/onnx/TinyImageNet_resnet_medium.onnx,/home/elipregerson/nnenum/vnncomp2025_benchmarks/benchmarks/tinyimagenet_2024/vnnlib/TinyImageNet_resnet_medium_prop_idx_7365_sidx_3284_eps_0.0039.vnnlib,.006162309,error_exit_code_1,4.472658022
tinyimagenet_2024,/home/elipregerson/nnenum/vnncomp2025_benchmarks/benchmarks/tinyimagenet_2024/onnx/TinyImageNet_resnet_medium.onnx,/home/elipregerson/nnenum/vnncomp2025_benchmarks/benchmarks/tinyimagenet_2024/vnnlib/TinyImageNet_resnet_medium_prop_idx_8684_sidx_9001_eps_0.0039.vnnlib,.006029228,error_exit_code_1,4.430440103
tinyimagenet_2024,/home/elipregerson/nnenum/vnncomp2025_benchmarks/benchmarks/tinyimagenet_2024/onnx/TinyImageNet_resnet_medium.onnx,/home/elipregerson/nnenum/vnncomp2025_benchmarks/benchmarks/tinyimagenet_2024/vnnlib/TinyImageNet_resnet_medium_prop_idx_1706_sidx_4932_eps_0.0039.vnnlib,.006093864,error_exit_code_1,4.400427491
tinyimagenet_2024,/home/elipregerson/nnenum/vnncomp2025_benchmarks/benchmarks/tinyimagenet_2024/onnx/TinyImageNet_resnet_medium.onnx,/home/elipregerson/nnenum/vnncomp2025_benchmarks/benchmarks/tinyimagenet_2024/vnnlib/TinyImageNet_resnet_medium_prop_idx_2755_sidx_193_eps_0.0039.vnnlib,.006050726,error_exit_code_1,4.425497864
tinyimagenet_2024,/home/elipregerson/nnenum/vnncomp2025_benchmarks/benchmarks/tinyimagenet_2024/onnx/TinyImageNet_resnet_medium.onnx,/home/elipregerson/nnenum/vnncomp2025_benchmarks/benchmarks/tinyimagenet_2024/vnnlib/TinyImageNet_resnet_medium_prop_idx_9584_sidx_3691_eps_0.0039.vnnlib,.006319962,error_exit_code_1,4.458108528
tinyimagenet_2024,/home/elipregerson/nnenum/vnncomp2025_benchmarks/benchmarks/tinyimagenet_2024/onnx/TinyImageNet_resnet_medium.onnx,/home/elipregerson/nnenum/vnncomp2025_benchmarks/benchmarks/tinyimagenet_2024/vnnlib/TinyImageNet_resnet_medium_prop_idx_9079_sidx_5823_eps_0.0039.vnnlib,.006076620,error_exit_code_1,4.417391100
tinyimagenet_2024,/home/elipregerson/nnenum/vnncomp2025_benchmarks/benchmarks/tinyimagenet_2024/onnx/TinyImageNet_resnet_medium.onnx,/home/elipregerson/nnenum/vnncomp2025_benchmarks/benchmarks/tinyimagenet_2024/vnnlib/TinyImageNet_resnet_medium_prop_idx_1135_sidx_1928_eps_0.0039.vnnlib,.006168413,error_exit_code_1,4.533354034
tinyimagenet_2024,/home/elipregerson/nnenum/vnncomp2025_benchmarks/benchmarks/tinyimagenet_2024/onnx/TinyImageNet_resnet_medium.onnx,/home/elipregerson/nnenum/vnncomp2025_benchmarks/benchmarks/tinyimagenet_2024/vnnlib/TinyImageNet_resnet_medium_prop_idx_1359_sidx_7221_eps_0.0039.vnnlib,.006015118,error_exit_code_1,4.432974163
tinyimagenet_2024,/home/elipregerson/nnenum/vnncomp2025_benchmarks/benchmarks/tinyimagenet_2024/onnx/TinyImageNet_resnet_medium.onnx,/home/elipregerson/nnenum/vnncomp2025_benchmarks/benchmarks/tinyimagenet_2024/vnnlib/TinyImageNet_resnet_medium_prop_idx_5683_sidx_1212_eps_0.0039.vnnlib,.005847068,error_exit_code_1,4.425463287
tinyimagenet_2024,/home/elipregerson/nnenum/vnncomp2025_benchmarks/benchmarks/tinyimagenet_2024/onnx/TinyImageNet_resnet_medium.onnx,/home/elipregerson/nnenum/vnncomp2025_benchmarks/benchmarks/tinyimagenet_2024/vnnlib/TinyImageNet_resnet_medium_prop_idx_1615_sidx_1065_eps_0.0039.vnnlib,.005962948,error_exit_code_1,4.466682269
tinyimagenet_2024,/home/elipregerson/nnenum/vnncomp2025_benchmarks/benchmarks/tinyimagenet_2024/onnx/TinyImageNet_resnet_medium.onnx,/home/elipregerson/nnenum/vnncomp2025_benchmarks/benchmarks/tinyimagenet_2024/vnnlib/TinyImageNet_resnet_medium_prop_idx_288_sidx_5531_eps_0.0039.vnnlib,.006132034,error_exit_code_1,4.466410855
tinyimagenet_2024,/home/elipregerson/nnenum/vnncomp2025_benchmarks/benchmarks/tinyimagenet_2024/onnx/TinyImageNet_resnet_medium.onnx,/home/elipregerson/nnenum/vnncomp2025_benchmarks/benchmarks/tinyimagenet_2024/vnnlib/TinyImageNet_resnet_medium_prop_idx_6546_sidx_3168_eps_0.0039.vnnlib,.005975967,error_exit_code_1,4.445484359
tinyimagenet_2024,/home/elipregerson/nnenum/vnncomp2025_benchmarks/benchmarks/tinyimagenet_2024/onnx/TinyImageNet_resnet_medium.onnx,/home/elipregerson/nnenum/vnncomp2025_benchmarks/benchmarks/tinyimagenet_2024/vnnlib/TinyImageNet_resnet_medium_prop_idx_2475_sidx_523_eps_0.0039.vnnlib,.006181748,error_exit_code_1,4.475520750
tinyimagenet_2024,/home/elipregerson/nnenum/vnncomp2025_benchmarks/benchmarks/tinyimagenet_2024/onnx/TinyImageNet_resnet_medium.onnx,/home/elipregerson/nnenum/vnncomp2025_benchmarks/benchmarks/tinyimagenet_2024/vnnlib/TinyImageNet_resnet_medium_prop_idx_9476_sidx_5602_eps_0.0039.vnnlib,.006048334,error_exit_code_1,4.448466930
tinyimagenet_2024,/home/elipregerson/nnenum/vnncomp2025_benchmarks/benchmarks/tinyimagenet_2024/onnx/TinyImageNet_resnet_medium.onnx,/home/elipregerson/nnenum/vnncomp2025_benchmarks/benchmarks/tinyimagenet_2024/vnnlib/TinyImageNet_resnet_medium_prop_idx_3782_sidx_1103_eps_0.0039.vnnlib,.005966560,error_exit_code_1,4.427090693
tinyimagenet_2024,/home/elipregerson/nnenum/vnncomp2025_benchmarks/benchmarks/tinyimagenet_2024/onnx/TinyImageNet_resnet_medium.onnx,/home/elipregerson/nnenum/vnncomp2025_benchmarks/benchmarks/tinyimagenet_2024/vnnlib/TinyImageNet_resnet_medium_prop_idx_4463_sidx_4146_eps_0.0039.vnnlib,.006205292,error_exit_code_1,4.419447305
tinyimagenet_2024,/home/elipregerson/nnenum/vnncomp2025_benchmarks/benchmarks/tinyimagenet_2024/onnx/TinyImageNet_resnet_medium.onnx,/home/elipregerson/nnenum/vnncomp2025_benchmarks/benchmarks/tinyimagenet_2024/vnnlib/TinyImageNet_resnet_medium_prop_idx_8257_sidx_5574_eps_0.0039.vnnlib,.006117364,error_exit_code_1,4.415955720
tinyimagenet_2024,/home/elipregerson/nnenum/vnncomp2025_benchmarks/benchmarks/tinyimagenet_2024/onnx/TinyImageNet_resnet_medium.onnx,/home/elipregerson/nnenum/vnncomp2025_benchmarks/benchmarks/tinyimagenet_2024/vnnlib/TinyImageNet_resnet_medium_prop_idx_4438_sidx_6486_eps_0.0039.vnnlib,.006662253,error_exit_code_1,4.447472199
tinyimagenet_2024,/home/elipregerson/nnenum/vnncomp2025_benchmarks/benchmarks/tinyimagenet_2024/onnx/TinyImageNet_resnet_medium.onnx,/home/elipregerson/nnenum/vnncomp2025_benchmarks/benchmarks/tinyimagenet_2024/vnnlib/TinyImageNet_resnet_medium_prop_idx_484_sidx_161_eps_0.0039.vnnlib,.006261709,error_exit_code_1,4.435030924
tinyimagenet_2024,/home/elipregerson/nnenum/vnncomp2025_benchmarks/benchmarks/tinyimagenet_2024/onnx/TinyImageNet_resnet_medium.onnx,/home/elipregerson/nnenum/vnncomp2025_benchmarks/benchmarks/tinyimagenet_2024/vnnlib/TinyImageNet_resnet_medium_prop_idx_9611_sidx_7725_eps_0.0039.vnnlib,.006288482,error_exit_code_1,4.456906993
tinyimagenet_2024,/home/elipregerson/nnenum/vnncomp2025_benchmarks/benchmarks/tinyimagenet_2024/onnx/TinyImageNet_resnet_medium.onnx,/home/elipregerson/nnenum/vnncomp2025_benchmarks/benchmarks/tinyimagenet_2024/vnnlib/TinyImageNet_resnet_medium_prop_idx_3429_sidx_4578_eps_0.0039.vnnlib,.006094149,error_exit_code_1,4.453386435
tinyimagenet_2024,/home/elipregerson/nnenum/vnncomp2025_benchmarks/benchmarks/tinyimagenet_2024/onnx/TinyImageNet_resnet_medium.onnx,/home/elipregerson/nnenum/vnncomp2025_benchmarks/benchmarks/tinyimagenet_2024/vnnlib/TinyImageNet_resnet_medium_prop_idx_5685_sidx_8755_eps_0.0039.vnnlib,.006070121,error_exit_code_1,4.388287792
tinyimagenet_2024,/home/elipregerson/nnenum/vnncomp2025_benchmarks/benchmarks/tinyimagenet_2024/onnx/TinyImageNet_resnet_medium.onnx,/home/elipregerson/nnenum/vnncomp2025_benchmarks/benchmarks/tinyimagenet_2024/vnnlib/TinyImageNet_resnet_medium_prop_idx_5257_sidx_5727_eps_0.0039.vnnlib,.006016070,error_exit_code_1,4.411440540
tinyimagenet_2024,/home/elipregerson/nnenum/vnncomp2025_benchmarks/benchmarks/tinyimagenet_2024/onnx/TinyImageNet_resnet_medium.onnx,/home/elipregerson/nnenum/vnncomp2025_benchmarks/benchmarks/tinyimagenet_2024/vnnlib/TinyImageNet_resnet_medium_prop_idx_9437_sidx_5480_eps_0.0039.vnnlib,.006330413,error_exit_code_1,4.464767100
tinyimagenet_2024,/home/elipregerson/nnenum/vnncomp2025_benchmarks/benchmarks/tinyimagenet_2024/onnx/TinyImageNet_resnet_medium.onnx,/home/elipregerson/nnenum/vnncomp2025_benchmarks/benchmarks/tinyimagenet_2024/vnnlib/TinyImageNet_resnet_medium_prop_idx_4500_sidx_6717_eps_0.0039.vnnlib,.006208569,error_exit_code_1,4.420253046
tinyimagenet_2024,/home/elipregerson/nnenum/vnncomp2025_benchmarks/benchmarks/tinyimagenet_2024/onnx/TinyImageNet_resnet_medium.onnx,/home/elipregerson/nnenum/vnncomp2025_benchmarks/benchmarks/tinyimagenet_2024/vnnlib/TinyImageNet_resnet_medium_prop_idx_4871_sidx_7562_eps_0.0039.vnnlib,.006339927,error_exit_code_1,4.462133013
tinyimagenet_2024,/home/elipregerson/nnenum/vnncomp2025_benchmarks/benchmarks/tinyimagenet_2024/onnx/TinyImageNet_resnet_medium.onnx,/home/elipregerson/nnenum/vnncomp2025_benchmarks/benchmarks/tinyimagenet_2024/vnnlib/TinyImageNet_resnet_medium_prop_idx_2210_sidx_992_eps_0.0039.vnnlib,.006095640,error_exit_code_1,4.445993581
tinyimagenet_2024,/home/elipregerson/nnenum/vnncomp2025_benchmarks/benchmarks/tinyimagenet_2024/onnx/TinyImageNet_resnet_medium.onnx,/home/elipregerson/nnenum/vnncomp2025_benchmarks/benchmarks/tinyimagenet_2024/vnnlib/TinyImageNet_resnet_medium_prop_idx_1651_sidx_3548_eps_0.0039.vnnlib,.006225782,error_exit_code_1,4.444280905
tinyimagenet_2024,/home/elipregerson/nnenum/vnncomp2025_benchmarks/benchmarks/tinyimagenet_2024/onnx/TinyImageNet_resnet_medium.onnx,/home/elipregerson/nnenum/vnncomp2025_benchmarks/benchmarks/tinyimagenet_2024/vnnlib/TinyImageNet_resnet_medium_prop_idx_7183_sidx_4731_eps_0.0039.vnnlib,.006105198,error_exit_code_1,4.424617862
tinyimagenet_2024,/home/elipregerson/nnenum/vnncomp2025_benchmarks/benchmarks/tinyimagenet_2024/onnx/TinyImageNet_resnet_medium.onnx,/home/elipregerson/nnenum/vnncomp2025_benchmarks/benchmarks/tinyimagenet_2024/vnnlib/TinyImageNet_resnet_medium_prop_idx_647_sidx_9608_eps_0.0039.vnnlib,.006022487,error_exit_code_1,4.503773854
tinyimagenet_2024,/home/elipregerson/nnenum/vnncomp2025_benchmarks/benchmarks/tinyimagenet_2024/onnx/TinyImageNet_resnet_medium.onnx,/home/elipregerson/nnenum/vnncomp2025_benchmarks/benchmarks/tinyimagenet_2024/vnnlib/TinyImageNet_resnet_medium_prop_idx_9992_sidx_5063_eps_0.0039.vnnlib,.006113887,error_exit_code_1,4.414073276
tinyimagenet_2024,/home/elipregerson/nnenum/vnncomp2025_benchmarks/benchmarks/tinyimagenet_2024/onnx/TinyImageNet_resnet_medium.onnx,/home/elipregerson/nnenum/vnncomp2025_benchmarks/benchmarks/tinyimagenet_2024/vnnlib/TinyImageNet_resnet_medium_prop_idx_3543_sidx_5527_eps_0.0039.vnnlib,.006139985,error_exit_code_1,4.420017938
tinyimagenet_2024,/home/elipregerson/nnenum/vnncomp2025_benchmarks/benchmarks/tinyimagenet_2024/onnx/TinyImageNet_resnet_medium.onnx,/home/elipregerson/nnenum/vnncomp2025_benchmarks/benchmarks/tinyimagenet_2024/vnnlib/TinyImageNet_resnet_medium_prop_idx_2045_sidx_7367_eps_0.0039.vnnlib,.006106038,error_exit_code_1,4.442638255
tinyimagenet_2024,/home/elipregerson/nnenum/vnncomp2025_benchmarks/benchmarks/tinyimagenet_2024/onnx/TinyImageNet_resnet_medium.onnx,/home/elipregerson/nnenum/vnncomp2025_benchmarks/benchmarks/tinyimagenet_2024/vnnlib/TinyImageNet_resnet_medium_prop_idx_7542_sidx_9873_eps_0.0039.vnnlib,.006018179,error_exit_code_1,4.394706205
tinyimagenet_2024,/home/elipregerson/nnenum/vnncomp2025_benchmarks/benchmarks/tinyimagenet_2024/onnx/TinyImageNet_resnet_medium.onnx,/home/elipregerson/nnenum/vnncomp2025_benchmarks/benchmarks/tinyimagenet_2024/vnnlib/TinyImageNet_resnet_medium_prop_idx_5743_sidx_6569_eps_0.0039.vnnlib,.006137873,error_exit_code_1,4.384869027
tinyimagenet_2024,/home/elipregerson/nnenum/vnncomp2025_benchmarks/benchmarks/tinyimagenet_2024/onnx/TinyImageNet_resnet_medium.onnx,/home/elipregerson/nnenum/vnncomp2025_benchmarks/benchmarks/tinyimagenet_2024/vnnlib/TinyImageNet_resnet_medium_prop_idx_5427_sidx_8226_eps_0.0039.vnnlib,.006168011,error_exit_code_1,4.468673383
tinyimagenet_2024,/home/elipregerson/nnenum/vnncomp2025_benchmarks/benchmarks/tinyimagenet_2024/onnx/TinyImageNet_resnet_medium.onnx,/home/elipregerson/nnenum/vnncomp2025_benchmarks/benchmarks/tinyimagenet_2024/vnnlib/TinyImageNet_resnet_medium_prop_idx_1496_sidx_9465_eps_0.0039.vnnlib,.006152448,error_exit_code_1,4.417458509
tinyimagenet_2024,/home/elipregerson/nnenum/vnncomp2025_benchmarks/benchmarks/tinyimagenet_2024/onnx/TinyImageNet_resnet_medium.onnx,/home/elipregerson/nnenum/vnncomp2025_benchmarks/benchmarks/tinyimagenet_2024/vnnlib/TinyImageNet_resnet_medium_prop_idx_600_sidx_4087_eps_0.0039.vnnlib,.006317076,error_exit_code_1,4.407766160
tinyimagenet_2024,/home/elipregerson/nnenum/vnncomp2025_benchmarks/benchmarks/tinyimagenet_2024/onnx/TinyImageNet_resnet_medium.onnx,/home/elipregerson/nnenum/vnncomp2025_benchmarks/benchmarks/tinyimagenet_2024/vnnlib/TinyImageNet_resnet_medium_prop_idx_6618_sidx_5022_eps_0.0039.vnnlib,.005843787,error_exit_code_1,4.403061799
tinyimagenet_2024,/home/elipregerson/nnenum/vnncomp2025_benchmarks/benchmarks/tinyimagenet_2024/onnx/TinyImageNet_resnet_medium.onnx,/home/elipregerson/nnenum/vnncomp2025_benchmarks/benchmarks/tinyimagenet_2024/vnnlib/TinyImageNet_resnet_medium_prop_idx_6036_sidx_4672_eps_0.0039.vnnlib,.006255475,error_exit_code_1,4.412447151
tinyimagenet_2024,/home/elipregerson/nnenum/vnncomp2025_benchmarks/benchmarks/tinyimagenet_2024/onnx/TinyImageNet_resnet_medium.onnx,/home/elipregerson/nnenum/vnncomp2025_benchmarks/benchmarks/tinyimagenet_2024/vnnlib/TinyImageNet_resnet_medium_prop_idx_3375_sidx_5824_eps_0.0039.vnnlib,.006197115,error_exit_code_1,4.458729645
tinyimagenet_2024,/home/elipregerson/nnenum/vnncomp2025_benchmarks/benchmarks/tinyimagenet_2024/onnx/TinyImageNet_resnet_medium.onnx,/home/elipregerson/nnenum/vnncomp2025_benchmarks/benchmarks/tinyimagenet_2024/vnnlib/TinyImageNet_resnet_medium_prop_idx_4327_sidx_7050_eps_0.0039.vnnlib,.006040053,error_exit_code_1,4.422244466
tinyimagenet_2024,/home/elipregerson/nnenum/vnncomp2025_benchmarks/benchmarks/tinyimagenet_2024/onnx/TinyImageNet_resnet_medium.onnx,/home/elipregerson/nnenum/vnncomp2025_benchmarks/benchmarks/tinyimagenet_2024/vnnlib/TinyImageNet_resnet_medium_prop_idx_4171_sidx_705_eps_0.0039.vnnlib,.006176919,error_exit_code_1,4.430270483
tinyimagenet_2024,/home/elipregerson/nnenum/vnncomp2025_benchmarks/benchmarks/tinyimagenet_2024/onnx/TinyImageNet_resnet_medium.onnx,/home/elipregerson/nnenum/vnncomp2025_benchmarks/benchmarks/tinyimagenet_2024/vnnlib/TinyImageNet_resnet_medium_prop_idx_3677_sidx_3123_eps_0.0039.vnnlib,.006013117,error_exit_code_1,4.437911780
tinyimagenet_2024,/home/elipregerson/nnenum/vnncomp2025_benchmarks/benchmarks/tinyimagenet_2024/onnx/TinyImageNet_resnet_medium.onnx,/home/elipregerson/nnenum/vnncomp2025_benchmarks/benchmarks/tinyimagenet_2024/vnnlib/TinyImageNet_resnet_medium_prop_idx_1093_sidx_4490_eps_0.0039.vnnlib,.006090665,error_exit_code_1,4.450543108
tinyimagenet_2024,/home/elipregerson/nnenum/vnncomp2025_benchmarks/benchmarks/tinyimagenet_2024/onnx/TinyImageNet_resnet_medium.onnx,/home/elipregerson/nnenum/vnncomp2025_benchmarks/benchmarks/tinyimagenet_2024/vnnlib/TinyImageNet_resnet_medium_prop_idx_7473_sidx_6046_eps_0.0039.vnnlib,.006098773,error_exit_code_1,4.399537606
tinyimagenet_2024,/home/elipregerson/nnenum/vnncomp2025_benchmarks/benchmarks/tinyimagenet_2024/onnx/TinyImageNet_resnet_medium.onnx,/home/elipregerson/nnenum/vnncomp2025_benchmarks/benchmarks/tinyimagenet_2024/vnnlib/TinyImageNet_resnet_medium_prop_idx_6049_sidx_4719_eps_0.0039.vnnlib,.006049210,error_exit_code_1,4.477796756
tinyimagenet_2024,/home/elipregerson/nnenum/vnncomp2025_benchmarks/benchmarks/tinyimagenet_2024/onnx/TinyImageNet_resnet_medium.onnx,/home/elipregerson/nnenum/vnncomp2025_benchmarks/benchmarks/tinyimagenet_2024/vnnlib/TinyImageNet_resnet_medium_prop_idx_7525_sidx_3725_eps_0.0039.vnnlib,.006197928,error_exit_code_1,4.427680652
tinyimagenet_2024,/home/elipregerson/nnenum/vnncomp2025_benchmarks/benchmarks/tinyimagenet_2024/onnx/TinyImageNet_resnet_medium.onnx,/home/elipregerson/nnenum/vnncomp2025_benchmarks/benchmarks/tinyimagenet_2024/vnnlib/TinyImageNet_resnet_medium_prop_idx_9729_sidx_1662_eps_0.0039.vnnlib,.006138806,error_exit_code_1,4.433483868
tinyimagenet_2024,/home/elipregerson/nnenum/vnncomp2025_benchmarks/benchmarks/tinyimagenet_2024/onnx/TinyImageNet_resnet_medium.onnx,/home/elipregerson/nnenum/vnncomp2025_benchmarks/benchmarks/tinyimagenet_2024/vnnlib/TinyImageNet_resnet_medium_prop_idx_6412_sidx_6140_eps_0.0039.vnnlib,.006115862,error_exit_code_1,4.414336875
tinyimagenet_2024,/home/elipregerson/nnenum/vnncomp2025_benchmarks/benchmarks/tinyimagenet_2024/onnx/TinyImageNet_resnet_medium.onnx,/home/elipregerson/nnenum/vnncomp2025_benchmarks/benchmarks/tinyimagenet_2024/vnnlib/TinyImageNet_resnet_medium_prop_idx_1024_sidx_5112_eps_0.0039.vnnlib,.005962197,error_exit_code_1,4.424686144
tinyimagenet_2024,/home/elipregerson/nnenum/vnncomp2025_benchmarks/benchmarks/tinyimagenet_2024/onnx/TinyImageNet_resnet_medium.onnx,/home/elipregerson/nnenum/vnncomp2025_benchmarks/benchmarks/tinyimagenet_2024/vnnlib/TinyImageNet_resnet_medium_prop_idx_5634_sidx_9441_eps_0.0039.vnnlib,.006118829,error_exit_code_1,4.430865185
tinyimagenet_2024,/home/elipregerson/nnenum/vnncomp2025_benchmarks/benchmarks/tinyimagenet_2024/onnx/TinyImageNet_resnet_medium.onnx,/home/elipregerson/nnenum/vnncomp2025_benchmarks/benchmarks/tinyimagenet_2024/vnnlib/TinyImageNet_resnet_medium_prop_idx_4004_sidx_9594_eps_0.0039.vnnlib,.006349776,error_exit_code_1,4.428165238
tinyimagenet_2024,/home/elipregerson/nnenum/vnncomp2025_benchmarks/benchmarks/tinyimagenet_2024/onnx/TinyImageNet_resnet_medium.onnx,/home/elipregerson/nnenum/vnncomp2025_benchmarks/benchmarks/tinyimagenet_2024/vnnlib/TinyImageNet_resnet_medium_prop_idx_6628_sidx_8822_eps_0.0039.vnnlib,.006229618,error_exit_code_1,4.465612090
tinyimagenet_2024,/home/elipregerson/nnenum/vnncomp2025_benchmarks/benchmarks/tinyimagenet_2024/onnx/TinyImageNet_resnet_medium.onnx,/home/elipregerson/nnenum/vnncomp2025_benchmarks/benchmarks/tinyimagenet_2024/vnnlib/TinyImageNet_resnet_medium_prop_idx_9025_sidx_9203_eps_0.0039.vnnlib,.006175745,error_exit_code_1,4.410147609
tinyimagenet_2024,/home/elipregerson/nnenum/vnncomp2025_benchmarks/benchmarks/tinyimagenet_2024/onnx/TinyImageNet_resnet_medium.onnx,/home/elipregerson/nnenum/vnncomp2025_benchmarks/benchmarks/tinyimagenet_2024/vnnlib/TinyImageNet_resnet_medium_prop_idx_2798_sidx_4910_eps_0.0039.vnnlib,.005990189,error_exit_code_1,4.445771861
tinyimagenet_2024,/home/elipregerson/nnenum/vnncomp2025_benchmarks/benchmarks/tinyimagenet_2024/onnx/TinyImageNet_resnet_medium.onnx,/home/elipregerson/nnenum/vnncomp2025_benchmarks/benchmarks/tinyimagenet_2024/vnnlib/TinyImageNet_resnet_medium_prop_idx_4776_sidx_19_eps_0.0039.vnnlib,.007688934,error_exit_code_1,4.426414832
tinyimagenet_2024,/home/elipregerson/nnenum/vnncomp2025_benchmarks/benchmarks/tinyimagenet_2024/onnx/TinyImageNet_resnet_medium.onnx,/home/elipregerson/nnenum/vnncomp2025_benchmarks/benchmarks/tinyimagenet_2024/vnnlib/TinyImageNet_resnet_medium_prop_idx_7152_sidx_4185_eps_0.0039.vnnlib,.006116865,error_exit_code_1,4.443681519
tinyimagenet_2024,/home/elipregerson/nnenum/vnncomp2025_benchmarks/benchmarks/tinyimagenet_2024/onnx/TinyImageNet_resnet_medium.onnx,/home/elipregerson/nnenum/vnncomp2025_benchmarks/benchmarks/tinyimagenet_2024/vnnlib/TinyImageNet_resnet_medium_prop_idx_9656_sidx_451_eps_0.0039.vnnlib,.005946019,error_exit_code_1,4.418240650
tinyimagenet_2024,/home/elipregerson/nnenum/vnncomp2025_benchmarks/benchmarks/tinyimagenet_2024/onnx/TinyImageNet_resnet_medium.onnx,/home/elipregerson/nnenum/vnncomp2025_benchmarks/benchmarks/tinyimagenet_2024/vnnlib/TinyImageNet_resnet_medium_prop_idx_4244_sidx_8624_eps_0.0039.vnnlib,.006171041,error_exit_code_1,4.428806218
tinyimagenet_2024,/home/elipregerson/nnenum/vnncomp2025_benchmarks/benchmarks/tinyimagenet_2024/onnx/TinyImageNet_resnet_medium.onnx,/home/elipregerson/nnenum/vnncomp2025_benchmarks/benchmarks/tinyimagenet_2024/vnnlib/TinyImageNet_resnet_medium_prop_idx_4599_sidx_738_eps_0.0039.vnnlib,.011291403,error_exit_code_1,4.436450566
tinyimagenet_2024,/home/elipregerson/nnenum/vnncomp2025_benchmarks/benchmarks/tinyimagenet_2024/onnx/TinyImageNet_resnet_medium.onnx,/home/elipregerson/nnenum/vnncomp2025_benchmarks/benchmarks/tinyimagenet_2024/vnnlib/TinyImageNet_resnet_medium_prop_idx_7749_sidx_8253_eps_0.0039.vnnlib,.006288946,error_exit_code_1,4.421719115
tinyimagenet_2024,/home/elipregerson/nnenum/vnncomp2025_benchmarks/benchmarks/tinyimagenet_2024/onnx/TinyImageNet_resnet_medium.onnx,/home/elipregerson/nnenum/vnncomp2025_benchmarks/benchmarks/tinyimagenet_2024/vnnlib/TinyImageNet_resnet_medium_prop_idx_8310_sidx_4525_eps_0.0039.vnnlib,.006015292,error_exit_code_1,4.435910211
tinyimagenet_2024,/home/elipregerson/nnenum/vnncomp2025_benchmarks/benchmarks/tinyimagenet_2024/onnx/TinyImageNet_resnet_medium.onnx,/home/elipregerson/nnenum/vnncomp2025_benchmarks/benchmarks/tinyimagenet_2024/vnnlib/TinyImageNet_resnet_medium_prop_idx_3328_sidx_278_eps_0.0039.vnnlib,.006171120,error_exit_code_1,4.442312941
tinyimagenet_2024,/home/elipregerson/nnenum/vnncomp2025_benchmarks/benchmarks/tinyimagenet_2024/onnx/TinyImageNet_resnet_medium.onnx,/home/elipregerson/nnenum/vnncomp2025_benchmarks/benchmarks/tinyimagenet_2024/vnnlib/TinyImageNet_resnet_medium_prop_idx_6228_sidx_7979_eps_0.0039.vnnlib,.005999394,error_exit_code_1,4.435728033
tinyimagenet_2024,/home/elipregerson/nnenum/vnncomp2025_benchmarks/benchmarks/tinyimagenet_2024/onnx/TinyImageNet_resnet_medium.onnx,/home/elipregerson/nnenum/vnncomp2025_benchmarks/benchmarks/tinyimagenet_2024/vnnlib/TinyImageNet_resnet_medium_prop_idx_7847_sidx_9927_eps_0.0039.vnnlib,.006139343,error_exit_code_1,4.448358692
tinyimagenet_2024,/home/elipregerson/nnenum/vnncomp2025_benchmarks/benchmarks/tinyimagenet_2024/onnx/TinyImageNet_resnet_medium.onnx,/home/elipregerson/nnenum/vnncomp2025_benchmarks/benchmarks/tinyimagenet_2024/vnnlib/TinyImageNet_resnet_medium_prop_idx_8756_sidx_3958_eps_0.0039.vnnlib,.006020597,error_exit_code_1,4.434094945
tinyimagenet_2024,/home/elipregerson/nnenum/vnncomp2025_benchmarks/benchmarks/tinyimagenet_2024/onnx/TinyImageNet_resnet_medium.onnx,/home/elipregerson/nnenum/vnncomp2025_benchmarks/benchmarks/tinyimagenet_2024/vnnlib/TinyImageNet_resnet_medium_prop_idx_2511_sidx_5059_eps_0.0039.vnnlib,.006143782,error_exit_code_1,4.478128025
tinyimagenet_2024,/home/elipregerson/nnenum/vnncomp2025_benchmarks/benchmarks/tinyimagenet_2024/onnx/TinyImageNet_resnet_medium.onnx,/home/elipregerson/nnenum/vnncomp2025_benchmarks/benchmarks/tinyimagenet_2024/vnnlib/TinyImageNet_resnet_medium_prop_idx_2575_sidx_1066_eps_0.0039.vnnlib,.006284294,error_exit_code_1,4.452450254
tinyimagenet_2024,/home/elipregerson/nnenum/vnncomp2025_benchmarks/benchmarks/tinyimagenet_2024/onnx/TinyImageNet_resnet_medium.onnx,/home/elipregerson/nnenum/vnncomp2025_benchmarks/benchmarks/tinyimagenet_2024/vnnlib/TinyImageNet_resnet_medium_prop_idx_3574_sidx_9710_eps_0.0039.vnnlib,.006021222,error_exit_code_1,4.481411930
tinyimagenet_2024,/home/elipregerson/nnenum/vnncomp2025_benchmarks/benchmarks/tinyimagenet_2024/onnx/TinyImageNet_resnet_medium.onnx,/home/elipregerson/nnenum/vnncomp2025_benchmarks/benchmarks/tinyimagenet_2024/vnnlib/TinyImageNet_resnet_medium_prop_idx_3437_sidx_2708_eps_0.0039.vnnlib,.006073129,error_exit_code_1,4.465366322
tinyimagenet_2024,/home/elipregerson/nnenum/vnncomp2025_benchmarks/benchmarks/tinyimagenet_2024/onnx/TinyImageNet_resnet_medium.onnx,/home/elipregerson/nnenum/vnncomp2025_benchmarks/benchmarks/tinyimagenet_2024/vnnlib/TinyImageNet_resnet_medium_prop_idx_4024_sidx_4810_eps_0.0039.vnnlib,.006111255,error_exit_code_1,4.475625758
tinyimagenet_2024,/home/elipregerson/nnenum/vnncomp2025_benchmarks/benchmarks/tinyimagenet_2024/onnx/TinyImageNet_resnet_medium.onnx,/home/elipregerson/nnenum/vnncomp2025_benchmarks/benchmarks/tinyimagenet_2024/vnnlib/TinyImageNet_resnet_medium_prop_idx_8698_sidx_4012_eps_0.0039.vnnlib,.006109190,error_exit_code_1,4.406379030
tinyimagenet_2024,/home/elipregerson/nnenum/vnncomp2025_benchmarks/benchmarks/tinyimagenet_2024/onnx/TinyImageNet_resnet_medium.onnx,/home/elipregerson/nnenum/vnncomp2025_benchmarks/benchmarks/tinyimagenet_2024/vnnlib/TinyImageNet_resnet_medium_prop_idx_4674_sidx_6718_eps_0.0039.vnnlib,.006228058,error_exit_code_1,4.444899978
tinyimagenet_2024,/home/elipregerson/nnenum/vnncomp2025_benchmarks/benchmarks/tinyimagenet_2024/onnx/TinyImageNet_resnet_medium.onnx,/home/elipregerson/nnenum/vnncomp2025_benchmarks/benchmarks/tinyimagenet_2024/vnnlib/TinyImageNet_resnet_medium_prop_idx_9569_sidx_8561_eps_0.0039.vnnlib,.006211408,error_exit_code_1,4.465253443
tinyimagenet_2024,/home/elipregerson/nnenum/vnncomp2025_benchmarks/benchmarks/tinyimagenet_2024/onnx/TinyImageNet_resnet_medium.onnx,/home/elipregerson/nnenum/vnncomp2025_benchmarks/benchmarks/tinyimagenet_2024/vnnlib/TinyImageNet_resnet_medium_prop_idx_3533_sidx_4891_eps_0.0039.vnnlib,.005973994,error_exit_code_1,4.434134845
tinyimagenet_2024,/home/elipregerson/nnenum/vnncomp2025_benchmarks/benchmarks/tinyimagenet_2024/onnx/TinyImageNet_resnet_medium.onnx,/home/elipregerson/nnenum/vnncomp2025_benchmarks/benchmarks/tinyimagenet_2024/vnnlib/TinyImageNet_resnet_medium_prop_idx_5129_sidx_3656_eps_0.0039.vnnlib,.006204494,error_exit_code_1,4.391784265
tinyimagenet_2024,/home/elipregerson/nnenum/vnncomp2025_benchmarks/benchmarks/tinyimagenet_2024/onnx/TinyImageNet_resnet_medium.onnx,/home/elipregerson/nnenum/vnncomp2025_benchmarks/benchmarks/tinyimagenet_2024/vnnlib/TinyImageNet_resnet_medium_prop_idx_4686_sidx_8792_eps_0.0039.vnnlib,.006084557,error_exit_code_1,4.429627889
tinyimagenet_2024,/home/elipregerson/nnenum/vnncomp2025_benchmarks/benchmarks/tinyimagenet_2024/onnx/TinyImageNet_resnet_medium.onnx,/home/elipregerson/nnenum/vnncomp2025_benchmarks/benchmarks/tinyimagenet_2024/vnnlib/TinyImageNet_resnet_medium_prop_idx_4869_sidx_6523_eps_0.0039.vnnlib,.006663781,error_exit_code_1,4.439767245
tinyimagenet_2024,/home/elipregerson/nnenum/vnncomp2025_benchmarks/benchmarks/tinyimagenet_2024/onnx/TinyImageNet_resnet_medium.onnx,/home/elipregerson/nnenum/vnncomp2025_benchmarks/benchmarks/tinyimagenet_2024/vnnlib/TinyImageNet_resnet_medium_prop_idx_8651_sidx_6574_eps_0.0039.vnnlib,.006176596,error_exit_code_1,4.458423460
tinyimagenet_2024,/home/elipregerson/nnenum/vnncomp2025_benchmarks/benchmarks/tinyimagenet_2024/onnx/TinyImageNet_resnet_medium.onnx,/home/elipregerson/nnenum/vnncomp2025_benchmarks/benchmarks/tinyimagenet_2024/vnnlib/TinyImageNet_resnet_medium_prop_idx_4225_sidx_3038_eps_0.0039.vnnlib,.006153634,error_exit_code_1,4.424054541
tinyimagenet_2024,/home/elipregerson/nnenum/vnncomp2025_benchmarks/benchmarks/tinyimagenet_2024/onnx/TinyImageNet_resnet_medium.onnx,/home/elipregerson/nnenum/vnncomp2025_benchmarks/benchmarks/tinyimagenet_2024/vnnlib/TinyImageNet_resnet_medium_prop_idx_1718_sidx_4924_eps_0.0039.vnnlib,.006014595,error_exit_code_1,4.422105923
tinyimagenet_2024,/home/elipregerson/nnenum/vnncomp2025_benchmarks/benchmarks/tinyimagenet_2024/onnx/TinyImageNet_resnet_medium.onnx,/home/elipregerson/nnenum/vnncomp2025_benchmarks/benchmarks/tinyimagenet_2024/vnnlib/TinyImageNet_resnet_medium_prop_idx_6957_sidx_1178_eps_0.0039.vnnlib,.006098656,error_exit_code_1,4.454821141
tinyimagenet_2024,/home/elipregerson/nnenum/vnncomp2025_benchmarks/benchmarks/tinyimagenet_2024/onnx/TinyImageNet_resnet_medium.onnx,/home/elipregerson/nnenum/vnncomp2025_benchmarks/benchmarks/tinyimagenet_2024/vnnlib/TinyImageNet_resnet_medium_prop_idx_7209_sidx_9753_eps_0.0039.vnnlib,.006262344,error_exit_code_1,4.410940679
tinyimagenet_2024,/home/elipregerson/nnenum/vnncomp2025_benchmarks/benchmarks/tinyimagenet_2024/onnx/TinyImageNet_resnet_medium.onnx,/home/elipregerson/nnenum/vnncomp2025_benchmarks/benchmarks/tinyimagenet_2024/vnnlib/TinyImageNet_resnet_medium_prop_idx_4867_sidx_5259_eps_0.0039.vnnlib,.006020219,error_exit_code_1,4.405428848
tinyimagenet_2024,/home/elipregerson/nnenum/vnncomp2025_benchmarks/benchmarks/tinyimagenet_2024/onnx/TinyImageNet_resnet_medium.onnx,/home/elipregerson/nnenum/vnncomp2025_benchmarks/benchmarks/tinyimagenet_2024/vnnlib/TinyImageNet_resnet_medium_prop_idx_140_sidx_7259_eps_0.0039.vnnlib,.006107835,error_exit_code_1,4.456169198
tinyimagenet_2024,/home/elipregerson/nnenum/vnncomp2025_benchmarks/benchmarks/tinyimagenet_2024/onnx/TinyImageNet_resnet_medium.onnx,/home/elipregerson/nnenum/vnncomp2025_benchmarks/benchmarks/tinyimagenet_2024/vnnlib/TinyImageNet_resnet_medium_prop_idx_8042_sidx_9227_eps_0.0039.vnnlib,.006109512,error_exit_code_1,4.439671751
tinyimagenet_2024,/home/elipregerson/nnenum/vnncomp2025_benchmarks/benchmarks/tinyimagenet_2024/onnx/TinyImageNet_resnet_medium.onnx,/home/elipregerson/nnenum/vnncomp2025_benchmarks/benchmarks/tinyimagenet_2024/vnnlib/TinyImageNet_resnet_medium_prop_idx_216_sidx_6006_eps_0.0039.vnnlib,.006090395,error_exit_code_1,4.449434604
tinyimagenet_2024,/home/elipregerson/nnenum/vnncomp2025_benchmarks/benchmarks/tinyimagenet_2024/onnx/TinyImageNet_resnet_medium.onnx,/home/elipregerson/nnenum/vnncomp2025_benchmarks/benchmarks/tinyimagenet_2024/vnnlib/TinyImageNet_resnet_medium_prop_idx_580_sidx_8894_eps_0.0039.vnnlib,.006065372,error_exit_code_1,4.450405739
tinyimagenet_2024,/home/elipregerson/nnenum/vnncomp2025_benchmarks/benchmarks/tinyimagenet_2024/onnx/TinyImageNet_resnet_medium.onnx,/home/elipregerson/nnenum/vnncomp2025_benchmarks/benchmarks/tinyimagenet_2024/vnnlib/TinyImageNet_resnet_medium_prop_idx_6458_sidx_4978_eps_0.0039.vnnlib,.006115375,error_exit_code_1,4.430436227
tinyimagenet_2024,/home/elipregerson/nnenum/vnncomp2025_benchmarks/benchmarks/tinyimagenet_2024/onnx/TinyImageNet_resnet_medium.onnx,/home/elipregerson/nnenum/vnncomp2025_benchmarks/benchmarks/tinyimagenet_2024/vnnlib/TinyImageNet_resnet_medium_prop_idx_291_sidx_2370_eps_0.0039.vnnlib,.006568705,error_exit_code_1,4.422200078
tinyimagenet_2024,/home/elipregerson/nnenum/vnncomp2025_benchmarks/benchmarks/tinyimagenet_2024/onnx/TinyImageNet_resnet_medium.onnx,/home/elipregerson/nnenum/vnncomp2025_benchmarks/benchmarks/tinyimagenet_2024/vnnlib/TinyImageNet_resnet_medium_prop_idx_62_sidx_313_eps_0.0039.vnnlib,.006065214,error_exit_code_1,4.411730858
tinyimagenet_2024,/home/elipregerson/nnenum/vnncomp2025_benchmarks/benchmarks/tinyimagenet_2024/onnx/TinyImageNet_resnet_medium.onnx,/home/elipregerson/nnenum/vnncomp2025_benchmarks/benchmarks/tinyimagenet_2024/vnnlib/TinyImageNet_resnet_medium_prop_idx_9875_sidx_1510_eps_0.0039.vnnlib,.006250157,error_exit_code_1,4.445548402
tinyimagenet_2024,/home/elipregerson/nnenum/vnncomp2025_benchmarks/benchmarks/tinyimagenet_2024/onnx/TinyImageNet_resnet_medium.onnx,/home/elipregerson/nnenum/vnncomp2025_benchmarks/benchmarks/tinyimagenet_2024/vnnlib/TinyImageNet_resnet_medium_prop_idx_4944_sidx_932_eps_0.0039.vnnlib,.006124352,error_exit_code_1,4.442856209
tinyimagenet_2024,/home/elipregerson/nnenum/vnncomp2025_benchmarks/benchmarks/tinyimagenet_2024/onnx/TinyImageNet_resnet_medium.onnx,/home/elipregerson/nnenum/vnncomp2025_benchmarks/benchmarks/tinyimagenet_2024/vnnlib/TinyImageNet_resnet_medium_prop_idx_4528_sidx_911_eps_0.0039.vnnlib,.006037493,error_exit_code_1,4.411565890
tinyimagenet_2024,/home/elipregerson/nnenum/vnncomp2025_benchmarks/benchmarks/tinyimagenet_2024/onnx/TinyImageNet_resnet_medium.onnx,/home/elipregerson/nnenum/vnncomp2025_benchmarks/benchmarks/tinyimagenet_2024/vnnlib/TinyImageNet_resnet_medium_prop_idx_7689_sidx_3205_eps_0.0039.vnnlib,.006467854,error_exit_code_1,4.478460977
tinyimagenet_2024,/home/elipregerson/nnenum/vnncomp2025_benchmarks/benchmarks/tinyimagenet_2024/onnx/TinyImageNet_resnet_medium.onnx,/home/elipregerson/nnenum/vnncomp2025_benchmarks/benchmarks/tinyimagenet_2024/vnnlib/TinyImageNet_resnet_medium_prop_idx_3558_sidx_7280_eps_0.0039.vnnlib,.006022092,error_exit_code_1,4.459685441
tinyimagenet_2024,/home/elipregerson/nnenum/vnncomp2025_benchmarks/benchmarks/tinyimagenet_2024/onnx/TinyImageNet_resnet_medium.onnx,/home/elipregerson/nnenum/vnncomp2025_benchmarks/benchmarks/tinyimagenet_2024/vnnlib/TinyImageNet_resnet_medium_prop_idx_7277_sidx_8835_eps_0.0039.vnnlib,.006054641,error_exit_code_1,4.459376035
tinyimagenet_2024,/home/elipregerson/nnenum/vnncomp2025_benchmarks/benchmarks/tinyimagenet_2024/onnx/TinyImageNet_resnet_medium.onnx,/home/elipregerson/nnenum/vnncomp2025_benchmarks/benchmarks/tinyimagenet_2024/vnnlib/TinyImageNet_resnet_medium_prop_idx_7946_sidx_1068_eps_0.0039.vnnlib,.006236084,error_exit_code_1,4.465948070
tinyimagenet_2024,/home/elipregerson/nnenum/vnncomp2025_benchmarks/benchmarks/tinyimagenet_2024/onnx/TinyImageNet_resnet_medium.onnx,/home/elipregerson/nnenum/vnncomp2025_benchmarks/benchmarks/tinyimagenet_2024/vnnlib/TinyImageNet_resnet_medium_prop_idx_7889_sidx_4249_eps_0.0039.vnnlib,.005899522,error_exit_code_1,4.417247788
tinyimagenet_2024,/home/elipregerson/nnenum/vnncomp2025_benchmarks/benchmarks/tinyimagenet_2024/onnx/TinyImageNet_resnet_medium.onnx,/home/elipregerson/nnenum/vnncomp2025_benchmarks/benchmarks/tinyimagenet_2024/vnnlib/TinyImageNet_resnet_medium_prop_idx_7600_sidx_1132_eps_0.0039.vnnlib,.006118681,error_exit_code_1,4.470732854
tinyimagenet_2024,/home/elipregerson/nnenum/vnncomp2025_benchmarks/benchmarks/tinyimagenet_2024/onnx/TinyImageNet_resnet_medium.onnx,/home/elipregerson/nnenum/vnncomp2025_benchmarks/benchmarks/tinyimagenet_2024/vnnlib/TinyImageNet_resnet_medium_prop_idx_259_sidx_1412_eps_0.0039.vnnlib,.006008548,error_exit_code_1,4.433893819
tinyimagenet_2024,/home/elipregerson/nnenum/vnncomp2025_benchmarks/benchmarks/tinyimagenet_2024/onnx/TinyImageNet_resnet_medium.onnx,/home/elipregerson/nnenum/vnncomp2025_benchmarks/benchmarks/tinyimagenet_2024/vnnlib/TinyImageNet_resnet_medium_prop_idx_683_sidx_2348_eps_0.0039.vnnlib,.006122342,error_exit_code_1,4.402739990
tinyimagenet_2024,/home/elipregerson/nnenum/vnncomp2025_benchmarks/benchmarks/tinyimagenet_2024/onnx/TinyImageNet_resnet_medium.onnx,/home/elipregerson/nnenum/vnncomp2025_benchmarks/benchmarks/tinyimagenet_2024/vnnlib/TinyImageNet_resnet_medium_prop_idx_9940_sidx_5174_eps_0.0039.vnnlib,.006388831,error_exit_code_1,4.427621109
tinyimagenet_2024,/home/elipregerson/nnenum/vnncomp2025_benchmarks/benchmarks/tinyimagenet_2024/onnx/TinyImageNet_resnet_medium.onnx,/home/elipregerson/nnenum/vnncomp2025_benchmarks/benchmarks/tinyimagenet_2024/vnnlib/TinyImageNet_resnet_medium_prop_idx_164_sidx_1090_eps_0.0039.vnnlib,.005970558,error_exit_code_1,4.436222443
tinyimagenet_2024,/home/elipregerson/nnenum/vnncomp2025_benchmarks/benchmarks/tinyimagenet_2024/onnx/TinyImageNet_resnet_medium.onnx,/home/elipregerson/nnenum/vnncomp2025_benchmarks/benchmarks/tinyimagenet_2024/vnnlib/TinyImageNet_resnet_medium_prop_idx_8372_sidx_8419_eps_0.0039.vnnlib,.005982622,error_exit_code_1,4.485037394
tinyimagenet_2024,/home/elipregerson/nnenum/vnncomp2025_benchmarks/benchmarks/tinyimagenet_2024/onnx/TinyImageNet_resnet_medium.onnx,/home/elipregerson/nnenum/vnncomp2025_benchmarks/benchmarks/tinyimagenet_2024/vnnlib/TinyImageNet_resnet_medium_prop_idx_7403_sidx_8686_eps_0.0039.vnnlib,.006075995,error_exit_code_1,4.459418027
tinyimagenet_2024,/home/elipregerson/nnenum/vnncomp2025_benchmarks/benchmarks/tinyimagenet_2024/onnx/TinyImageNet_resnet_medium.onnx,/home/elipregerson/nnenum/vnncomp2025_benchmarks/benchmarks/tinyimagenet_2024/vnnlib/TinyImageNet_resnet_medium_prop_idx_9600_sidx_3536_eps_0.0039.vnnlib,.008226857,error_exit_code_1,4.492528093
tinyimagenet_2024,/home/elipregerson/nnenum/vnncomp2025_benchmarks/benchmarks/tinyimagenet_2024/onnx/TinyImageNet_resnet_medium.onnx,/home/elipregerson/nnenum/vnncomp2025_benchmarks/benchmarks/tinyimagenet_2024/vnnlib/TinyImageNet_resnet_medium_prop_idx_7390_sidx_2694_eps_0.0039.vnnlib,.006174609,error_exit_code_1,4.426920449
tinyimagenet_2024,/home/elipregerson/nnenum/vnncomp2025_benchmarks/benchmarks/tinyimagenet_2024/onnx/TinyImageNet_resnet_medium.onnx,/home/elipregerson/nnenum/vnncomp2025_benchmarks/benchmarks/tinyimagenet_2024/vnnlib/TinyImageNet_resnet_medium_prop_idx_3115_sidx_671_eps_0.0039.vnnlib,.006009312,error_exit_code_1,4.430506879
tinyimagenet_2024,/home/elipregerson/nnenum/vnncomp2025_benchmarks/benchmarks/tinyimagenet_2024/onnx/TinyImageNet_resnet_medium.onnx,/home/elipregerson/nnenum/vnncomp2025_benchmarks/benchmarks/tinyimagenet_2024/vnnlib/TinyImageNet_resnet_medium_prop_idx_4472_sidx_9477_eps_0.0039.vnnlib,.005993648,error_exit_code_1,4.451706321
tinyimagenet_2024,/home/elipregerson/nnenum/vnncomp2025_benchmarks/benchmarks/tinyimagenet_2024/onnx/TinyImageNet_resnet_medium.onnx,/home/elipregerson/nnenum/vnncomp2025_benchmarks/benchmarks/tinyimagenet_2024/vnnlib/TinyImageNet_resnet_medium_prop_idx_7575_sidx_6502_eps_0.0039.vnnlib,.007140412,error_exit_code_1,4.446456576
tinyimagenet_2024,/home/elipregerson/nnenum/vnncomp2025_benchmarks/benchmarks/tinyimagenet_2024/onnx/TinyImageNet_resnet_medium.onnx,/home/elipregerson/nnenum/vnncomp2025_benchmarks/benchmarks/tinyimagenet_2024/vnnlib/TinyImageNet_resnet_medium_prop_idx_8472_sidx_7499_eps_0.0039.vnnlib,.006284219,error_exit_code_1,4.393036382
tinyimagenet_2024,/home/elipregerson/nnenum/vnncomp2025_benchmarks/benchmarks/tinyimagenet_2024/onnx/TinyImageNet_resnet_medium.onnx,/home/elipregerson/nnenum/vnncomp2025_benchmarks/benchmarks/tinyimagenet_2024/vnnlib/TinyImageNet_resnet_medium_prop_idx_7883_sidx_4184_eps_0.0039.vnnlib,.006177967,error_exit_code_1,4.414783985
tinyimagenet_2024,/home/elipregerson/nnenum/vnncomp2025_benchmarks/benchmarks/tinyimagenet_2024/onnx/TinyImageNet_resnet_medium.onnx,/home/elipregerson/nnenum/vnncomp2025_benchmarks/benchmarks/tinyimagenet_2024/vnnlib/TinyImageNet_resnet_medium_prop_idx_6679_sidx_8279_eps_0.0039.vnnlib,.006243040,error_exit_code_1,4.439308461
tinyimagenet_2024,/home/elipregerson/nnenum/vnncomp2025_benchmarks/benchmarks/tinyimagenet_2024/onnx/TinyImageNet_resnet_medium.onnx,/home/elipregerson/nnenum/vnncomp2025_benchmarks/benchmarks/tinyimagenet_2024/vnnlib/TinyImageNet_resnet_medium_prop_idx_7762_sidx_3616_eps_0.0039.vnnlib,.015026116,error_exit_code_1,4.464438142
tinyimagenet_2024,/home/elipregerson/nnenum/vnncomp2025_benchmarks/benchmarks/tinyimagenet_2024/onnx/TinyImageNet_resnet_medium.onnx,/home/elipregerson/nnenum/vnncomp2025_benchmarks/benchmarks/tinyimagenet_2024/vnnlib/TinyImageNet_resnet_medium_prop_idx_7538_sidx_5076_eps_0.0039.vnnlib,.006159287,error_exit_code_1,4.475912456
tinyimagenet_2024,/home/elipregerson/nnenum/vnncomp2025_benchmarks/benchmarks/tinyimagenet_2024/onnx/TinyImageNet_resnet_medium.onnx,/home/elipregerson/nnenum/vnncomp2025_benchmarks/benchmarks/tinyimagenet_2024/vnnlib/TinyImageNet_resnet_medium_prop_idx_4513_sidx_5588_eps_0.0039.vnnlib,.005992534,error_exit_code_1,4.436396425
tinyimagenet_2024,/home/elipregerson/nnenum/vnncomp2025_benchmarks/benchmarks/tinyimagenet_2024/onnx/TinyImageNet_resnet_medium.onnx,/home/elipregerson/nnenum/vnncomp2025_benchmarks/benchmarks/tinyimagenet_2024/vnnlib/TinyImageNet_resnet_medium_prop_idx_3110_sidx_1017_eps_0.0039.vnnlib,.006117703,error_exit_code_1,4.455471423
tinyimagenet_2024,/home/elipregerson/nnenum/vnncomp2025_benchmarks/benchmarks/tinyimagenet_2024/onnx/TinyImageNet_resnet_medium.onnx,/home/elipregerson/nnenum/vnncomp2025_benchmarks/benchmarks/tinyimagenet_2024/vnnlib/TinyImageNet_resnet_medium_prop_idx_6863_sidx_8059_eps_0.0039.vnnlib,.006126209,error_exit_code_1,4.449027116
tinyimagenet_2024,/home/elipregerson/nnenum/vnncomp2025_benchmarks/benchmarks/tinyimagenet_2024/onnx/TinyImageNet_resnet_medium.onnx,/home/elipregerson/nnenum/vnncomp2025_benchmarks/benchmarks/tinyimagenet_2024/vnnlib/TinyImageNet_resnet_medium_prop_idx_3553_sidx_3392_eps_0.0039.vnnlib,.006250053,error_exit_code_1,4.435277684
tinyimagenet_2024,/home/elipregerson/nnenum/vnncomp2025_benchmarks/benchmarks/tinyimagenet_2024/onnx/TinyImageNet_resnet_medium.onnx,/home/elipregerson/nnenum/vnncomp2025_benchmarks/benchmarks/tinyimagenet_2024/vnnlib/TinyImageNet_resnet_medium_prop_idx_5232_sidx_8001_eps_0.0039.vnnlib,.006051019,error_exit_code_1,4.429137131
tinyimagenet_2024,/home/elipregerson/nnenum/vnncomp2025_benchmarks/benchmarks/tinyimagenet_2024/onnx/TinyImageNet_resnet_medium.onnx,/home/elipregerson/nnenum/vnncomp2025_benchmarks/benchmarks/tinyimagenet_2024/vnnlib/TinyImageNet_resnet_medium_prop_idx_9840_sidx_3444_eps_0.0039.vnnlib,.006099044,error_exit_code_1,4.424174158
tinyimagenet_2024,/home/elipregerson/nnenum/vnncomp2025_benchmarks/benchmarks/tinyimagenet_2024/onnx/TinyImageNet_resnet_medium.onnx,/home/elipregerson/nnenum/vnncomp2025_benchmarks/benchmarks/tinyimagenet_2024/vnnlib/TinyImageNet_resnet_medium_prop_idx_8887_sidx_8800_eps_0.0039.vnnlib,.006212454,error_exit_code_1,4.446654997
tinyimagenet_2024,/home/elipregerson/nnenum/vnncomp2025_benchmarks/benchmarks/tinyimagenet_2024/onnx/TinyImageNet_resnet_medium.onnx,/home/elipregerson/nnenum/vnncomp2025_benchmarks/benchmarks/tinyimagenet_2024/vnnlib/TinyImageNet_resnet_medium_prop_idx_4260_sidx_5004_eps_0.0039.vnnlib,.006063029,error_exit_code_1,4.492080955
tinyimagenet_2024,/home/elipregerson/nnenum/vnncomp2025_benchmarks/benchmarks/tinyimagenet_2024/onnx/TinyImageNet_resnet_medium.onnx,/home/elipregerson/nnenum/vnncomp2025_benchmarks/benchmarks/tinyimagenet_2024/vnnlib/TinyImageNet_resnet_medium_prop_idx_3416_sidx_7951_eps_0.0039.vnnlib,.006014338,error_exit_code_1,4.414525004
tinyimagenet_2024,/home/elipregerson/nnenum/vnncomp2025_benchmarks/benchmarks/tinyimagenet_2024/onnx/TinyImageNet_resnet_medium.onnx,/home/elipregerson/nnenum/vnncomp2025_benchmarks/benchmarks/tinyimagenet_2024/vnnlib/TinyImageNet_resnet_medium_prop_idx_3098_sidx_9528_eps_0.0039.vnnlib,.006233468,error_exit_code_1,4.459912583
tinyimagenet_2024,/home/elipregerson/nnenum/vnncomp2025_benchmarks/benchmarks/tinyimagenet_2024/onnx/TinyImageNet_resnet_medium.onnx,/home/elipregerson/nnenum/vnncomp2025_benchmarks/benchmarks/tinyimagenet_2024/vnnlib/TinyImageNet_resnet_medium_prop_idx_9271_sidx_575_eps_0.0039.vnnlib,.006058950,error_exit_code_1,4.450566670
tinyimagenet_2024,/home/elipregerson/nnenum/vnncomp2025_benchmarks/benchmarks/tinyimagenet_2024/onnx/TinyImageNet_resnet_medium.onnx,/home/elipregerson/nnenum/vnncomp2025_benchmarks/benchmarks/tinyimagenet_2024/vnnlib/TinyImageNet_resnet_medium_prop_idx_4330_sidx_3504_eps_0.0039.vnnlib,.007172496,error_exit_code_1,4.412077806
tinyimagenet_2024,/home/elipregerson/nnenum/vnncomp2025_benchmarks/benchmarks/tinyimagenet_2024/onnx/TinyImageNet_resnet_medium.onnx,/home/elipregerson/nnenum/vnncomp2025_benchmarks/benchmarks/tinyimagenet_2024/vnnlib/TinyImageNet_resnet_medium_prop_idx_9215_sidx_4878_eps_0.0039.vnnlib,.006230103,error_exit_code_1,4.448200238
tinyimagenet_2024,/home/elipregerson/nnenum/vnncomp2025_benchmarks/benchmarks/tinyimagenet_2024/onnx/TinyImageNet_resnet_medium.onnx,/home/elipregerson/nnenum/vnncomp2025_benchmarks/benchmarks/tinyimagenet_2024/vnnlib/TinyImageNet_resnet_medium_prop_idx_2493_sidx_4209_eps_0.0039.vnnlib,.006025741,error_exit_code_1,4.469314197
tinyimagenet_2024,/home/elipregerson/nnenum/vnncomp2025_benchmarks/benchmarks/tinyimagenet_2024/onnx/TinyImageNet_resnet_medium.onnx,/home/elipregerson/nnenum/vnncomp2025_benchmarks/benchmarks/tinyimagenet_2024/vnnlib/TinyImageNet_resnet_medium_prop_idx_5701_sidx_7560_eps_0.0039.vnnlib,.006389678,error_exit_code_1,4.458014683
tinyimagenet_2024,/home/elipregerson/nnenum/vnncomp2025_benchmarks/benchmarks/tinyimagenet_2024/onnx/TinyImageNet_resnet_medium.onnx,/home/elipregerson/nnenum/vnncomp2025_benchmarks/benchmarks/tinyimagenet_2024/vnnlib/TinyImageNet_resnet_medium_prop_idx_6773_sidx_7001_eps_0.0039.vnnlib,.006267155,error_exit_code_1,4.480881264
tinyimagenet_2024,/home/elipregerson/nnenum/vnncomp2025_benchmarks/benchmarks/tinyimagenet_2024/onnx/TinyImageNet_resnet_medium.onnx,/home/elipregerson/nnenum/vnncomp2025_benchmarks/benchmarks/tinyimagenet_2024/vnnlib/TinyImageNet_resnet_medium_prop_idx_670_sidx_7171_eps_0.0039.vnnlib,.006406905,error_exit_code_1,4.442014177
tinyimagenet_2024,/home/elipregerson/nnenum/vnncomp2025_benchmarks/benchmarks/tinyimagenet_2024/onnx/TinyImageNet_resnet_medium.onnx,/home/elipregerson/nnenum/vnncomp2025_benchmarks/benchmarks/tinyimagenet_2024/vnnlib/TinyImageNet_resnet_medium_prop_idx_9419_sidx_9984_eps_0.0039.vnnlib,.006174059,error_exit_code_1,4.432610337
tinyimagenet_2024,/home/elipregerson/nnenum/vnncomp2025_benchmarks/benchmarks/tinyimagenet_2024/onnx/TinyImageNet_resnet_medium.onnx,/home/elipregerson/nnenum/vnncomp2025_benchmarks/benchmarks/tinyimagenet_2024/vnnlib/TinyImageNet_resnet_medium_prop_idx_5442_sidx_6087_eps_0.0039.vnnlib,.006119128,error_exit_code_1,4.450361665
tinyimagenet_2024,/home/elipregerson/nnenum/vnncomp2025_benchmarks/benchmarks/tinyimagenet_2024/onnx/TinyImageNet_resnet_medium.onnx,/home/elipregerson/nnenum/vnncomp2025_benchmarks/benchmarks/tinyimagenet_2024/vnnlib/TinyImageNet_resnet_medium_prop_idx_9825_sidx_6883_eps_0.0039.vnnlib,.006062563,error_exit_code_1,4.418806234
tinyimagenet_2024,/home/elipregerson/nnenum/vnncomp2025_benchmarks/benchmarks/tinyimagenet_2024/onnx/TinyImageNet_resnet_medium.onnx,/home/elipregerson/nnenum/vnncomp2025_benchmarks/benchmarks/tinyimagenet_2024/vnnlib/TinyImageNet_resnet_medium_prop_idx_5676_sidx_9851_eps_0.0039.vnnlib,.006097091,error_exit_code_1,4.414436269
tinyimagenet_2024,/home/elipregerson/nnenum/vnncomp2025_benchmarks/benchmarks/tinyimagenet_2024/onnx/TinyImageNet_resnet_medium.onnx,/home/elipregerson/nnenum/vnncomp2025_benchmarks/benchmarks/tinyimagenet_2024/vnnlib/TinyImageNet_resnet_medium_prop_idx_3452_sidx_862_eps_0.0039.vnnlib,.006020120,error_exit_code_1,4.425556989
tinyimagenet_2024,/home/elipregerson/nnenum/vnncomp2025_benchmarks/benchmarks/tinyimagenet_2024/onnx/TinyImageNet_resnet_medium.onnx,/home/elipregerson/nnenum/vnncomp2025_benchmarks/benchmarks/tinyimagenet_2024/vnnlib/TinyImageNet_resnet_medium_prop_idx_1142_sidx_9106_eps_0.0039.vnnlib,.006004759,error_exit_code_1,4.460748838
tinyimagenet_2024,/home/elipregerson/nnenum/vnncomp2025_benchmarks/benchmarks/tinyimagenet_2024/onnx/TinyImageNet_resnet_medium.onnx,/home/elipregerson/nnenum/vnncomp2025_benchmarks/benchmarks/tinyimagenet_2024/vnnlib/TinyImageNet_resnet_medium_prop_idx_526_sidx_7843_eps_0.0039.vnnlib,.006124887,error_exit_code_1,4.434781390
tinyimagenet_2024,/home/elipregerson/nnenum/vnncomp2025_benchmarks/benchmarks/tinyimagenet_2024/onnx/TinyImageNet_resnet_medium.onnx,/home/elipregerson/nnenum/vnncomp2025_benchmarks/benchmarks/tinyimagenet_2024/vnnlib/TinyImageNet_resnet_medium_prop_idx_2310_sidx_1923_eps_0.0039.vnnlib,.005936470,error_exit_code_1,4.430190251
tinyimagenet_2024,/home/elipregerson/nnenum/vnncomp2025_benchmarks/benchmarks/tinyimagenet_2024/onnx/TinyImageNet_resnet_medium.onnx,/home/elipregerson/nnenum/vnncomp2025_benchmarks/benchmarks/tinyimagenet_2024/vnnlib/TinyImageNet_resnet_medium_prop_idx_9586_sidx_1970_eps_0.0039.vnnlib,.006315483,error_exit_code_1,4.472013228
tinyimagenet_2024,/home/elipregerson/nnenum/vnncomp2025_benchmarks/benchmarks/tinyimagenet_2024/onnx/TinyImageNet_resnet_medium.onnx,/home/elipregerson/nnenum/vnncomp2025_benchmarks/benchmarks/tinyimagenet_2024/vnnlib/TinyImageNet_resnet_medium_prop_idx_1759_sidx_3135_eps_0.0039.vnnlib,.006000773,error_exit_code_1,4.419973125
tinyimagenet_2024,/home/elipregerson/nnenum/vnncomp2025_benchmarks/benchmarks/tinyimagenet_2024/onnx/TinyImageNet_resnet_medium.onnx,/home/elipregerson/nnenum/vnncomp2025_benchmarks/benchmarks/tinyimagenet_2024/vnnlib/TinyImageNet_resnet_medium_prop_idx_974_sidx_2976_eps_0.0039.vnnlib,.011623811,error_exit_code_1,4.463678890
tinyimagenet_2024,/home/elipregerson/nnenum/vnncomp2025_benchmarks/benchmarks/tinyimagenet_2024/onnx/TinyImageNet_resnet_medium.onnx,/home/elipregerson/nnenum/vnncomp2025_benchmarks/benchmarks/tinyimagenet_2024/vnnlib/TinyImageNet_resnet_medium_prop_idx_3891_sidx_62_eps_0.0039.vnnlib,.006043034,error_exit_code_1,4.420669245
tinyimagenet_2024,/home/elipregerson/nnenum/vnncomp2025_benchmarks/benchmarks/tinyimagenet_2024/onnx/TinyImageNet_resnet_medium.onnx,/home/elipregerson/nnenum/vnncomp2025_benchmarks/benchmarks/tinyimagenet_2024/vnnlib/TinyImageNet_resnet_medium_prop_idx_5185_sidx_142_eps_0.0039.vnnlib,.006035395,error_exit_code_1,4.447285143
tinyimagenet_2024,/home/elipregerson/nnenum/vnncomp2025_benchmarks/benchmarks/tinyimagenet_2024/onnx/TinyImageNet_resnet_medium.onnx,/home/elipregerson/nnenum/vnncomp2025_benchmarks/benchmarks/tinyimagenet_2024/vnnlib/TinyImageNet_resnet_medium_prop_idx_6996_sidx_1363_eps_0.0039.vnnlib,.006054673,error_exit_code_1,4.515606950
tinyimagenet_2024,/home/elipregerson/nnenum/vnncomp2025_benchmarks/benchmarks/tinyimagenet_2024/onnx/TinyImageNet_resnet_medium.onnx,/home/elipregerson/nnenum/vnncomp2025_benchmarks/benchmarks/tinyimagenet_2024/vnnlib/TinyImageNet_resnet_medium_prop_idx_1821_sidx_9700_eps_0.0039.vnnlib,.006826430,error_exit_code_1,4.457152353
tinyimagenet_2024,/home/elipregerson/nnenum/vnncomp2025_benchmarks/benchmarks/tinyimagenet_2024/onnx/TinyImageNet_resnet_medium.onnx,/home/elipregerson/nnenum/vnncomp2025_benchmarks/benchmarks/tinyimagenet_2024/vnnlib/TinyImageNet_resnet_medium_prop_idx_4709_sidx_8110_eps_0.0039.vnnlib,.006067658,error_exit_code_1,4.424317845
tinyimagenet_2024,/home/elipregerson/nnenum/vnncomp2025_benchmarks/benchmarks/tinyimagenet_2024/onnx/TinyImageNet_resnet_medium.onnx,/home/elipregerson/nnenum/vnncomp2025_benchmarks/benchmarks/tinyimagenet_2024/vnnlib/TinyImageNet_resnet_medium_prop_idx_8444_sidx_2478_eps_0.0039.vnnlib,.006309491,error_exit_code_1,4.420125817
tinyimagenet_2024,/home/elipregerson/nnenum/vnncomp2025_benchmarks/benchmarks/tinyimagenet_2024/onnx/TinyImageNet_resnet_medium.onnx,/home/elipregerson/nnenum/vnncomp2025_benchmarks/benchmarks/tinyimagenet_2024/vnnlib/TinyImageNet_resnet_medium_prop_idx_5451_sidx_5891_eps_0.0039.vnnlib,.006455539,error_exit_code_1,4.423261101
tinyimagenet_2024,/home/elipregerson/nnenum/vnncomp2025_benchmarks/benchmarks/tinyimagenet_2024/onnx/TinyImageNet_resnet_medium.onnx,/home/elipregerson/nnenum/vnncomp2025_benchmarks/benchmarks/tinyimagenet_2024/vnnlib/TinyImageNet_resnet_medium_prop_idx_5382_sidx_4518_eps_0.0039.vnnlib,.006119955,error_exit_code_1,4.435483943
tinyimagenet_2024,/home/elipregerson/nnenum/vnncomp2025_benchmarks/benchmarks/tinyimagenet_2024/onnx/TinyImageNet_resnet_medium.onnx,/home/elipregerson/nnenum/vnncomp2025_benchmarks/benchmarks/tinyimagenet_2024/vnnlib/TinyImageNet_resnet_medium_prop_idx_3139_sidx_2973_eps_0.0039.vnnlib,.006133962,error_exit_code_1,4.437247231
tinyimagenet_2024,/home/elipregerson/nnenum/vnncomp2025_benchmarks/benchmarks/tinyimagenet_2024/onnx/TinyImageNet_resnet_medium.onnx,/home/elipregerson/nnenum/vnncomp2025_benchmarks/benchmarks/tinyimagenet_2024/vnnlib/TinyImageNet_resnet_medium_prop_idx_8101_sidx_2821_eps_0.0039.vnnlib,.015927068,error_exit_code_1,4.423248082
tinyimagenet_2024,/home/elipregerson/nnenum/vnncomp2025_benchmarks/benchmarks/tinyimagenet_2024/onnx/TinyImageNet_resnet_medium.onnx,/home/elipregerson/nnenum/vnncomp2025_benchmarks/benchmarks/tinyimagenet_2024/vnnlib/TinyImageNet_resnet_medium_prop_idx_1806_sidx_3542_eps_0.0039.vnnlib,.007470333,error_exit_code_1,4.473027359
tinyimagenet_2024,/home/elipregerson/nnenum/vnncomp2025_benchmarks/benchmarks/tinyimagenet_2024/onnx/TinyImageNet_resnet_medium.onnx,/home/elipregerson/nnenum/vnncomp2025_benchmarks/benchmarks/tinyimagenet_2024/vnnlib/TinyImageNet_resnet_medium_prop_idx_233_sidx_127_eps_0.0039.vnnlib,.006148165,error_exit_code_1,4.439735058
tinyimagenet_2024,/home/elipregerson/nnenum/vnncomp2025_benchmarks/benchmarks/tinyimagenet_2024/onnx/TinyImageNet_resnet_medium.onnx,/home/elipregerson/nnenum/vnncomp2025_benchmarks/benchmarks/tinyimagenet_2024/vnnlib/TinyImageNet_resnet_medium_prop_idx_8176_sidx_2705_eps_0.0039.vnnlib,.005985726,error_exit_code_1,4.452394589
tinyimagenet_2024,/home/elipregerson/nnenum/vnncomp2025_benchmarks/benchmarks/tinyimagenet_2024/onnx/TinyImageNet_resnet_medium.onnx,/home/elipregerson/nnenum/vnncomp2025_benchmarks/benchmarks/tinyimagenet_2024/vnnlib/TinyImageNet_resnet_medium_prop_idx_6311_sidx_8892_eps_0.0039.vnnlib,.006302290,error_exit_code_1,4.424230715
tinyimagenet_2024,/home/elipregerson/nnenum/vnncomp2025_benchmarks/benchmarks/tinyimagenet_2024/onnx/TinyImageNet_resnet_medium.onnx,/home/elipregerson/nnenum/vnncomp2025_benchmarks/benchmarks/tinyimagenet_2024/vnnlib/TinyImageNet_resnet_medium_prop_idx_5443_sidx_7316_eps_0.0039.vnnlib,.006458836,error_exit_code_1,4.459111279
tinyimagenet_2024,/home/elipregerson/nnenum/vnncomp2025_benchmarks/benchmarks/tinyimagenet_2024/onnx/TinyImageNet_resnet_medium.onnx,/home/elipregerson/nnenum/vnncomp2025_benchmarks/benchmarks/tinyimagenet_2024/vnnlib/TinyImageNet_resnet_medium_prop_idx_8173_sidx_1641_eps_0.0039.vnnlib,.006025623,error_exit_code_1,4.439521879
tinyimagenet_2024,/home/elipregerson/nnenum/vnncomp2025_benchmarks/benchmarks/tinyimagenet_2024/onnx/TinyImageNet_resnet_medium.onnx,/home/elipregerson/nnenum/vnncomp2025_benchmarks/benchmarks/tinyimagenet_2024/vnnlib/TinyImageNet_resnet_medium_prop_idx_2594_sidx_7029_eps_0.0039.vnnlib,.007074994,error_exit_code_1,4.514490828
tinyimagenet_2024,/home/elipregerson/nnenum/vnncomp2025_benchmarks/benchmarks/tinyimagenet_2024/onnx/TinyImageNet_resnet_medium.onnx,/home/elipregerson/nnenum/vnncomp2025_benchmarks/benchmarks/tinyimagenet_2024/vnnlib/TinyImageNet_resnet_medium_prop_idx_7231_sidx_415_eps_0.0039.vnnlib,.006075978,error_exit_code_1,4.400305602
tinyimagenet_2024,/home/elipregerson/nnenum/vnncomp2025_benchmarks/benchmarks/tinyimagenet_2024/onnx/TinyImageNet_resnet_medium.onnx,/home/elipregerson/nnenum/vnncomp2025_benchmarks/benchmarks/tinyimagenet_2024/vnnlib/TinyImageNet_resnet_medium_prop_idx_1435_sidx_655_eps_0.0039.vnnlib,.006397645,error_exit_code_1,4.405711207
tinyimagenet_2024,/home/elipregerson/nnenum/vnncomp2025_benchmarks/benchmarks/tinyimagenet_2024/onnx/TinyImageNet_resnet_medium.onnx,/home/elipregerson/nnenum/vnncomp2025_benchmarks/benchmarks/tinyimagenet_2024/vnnlib/TinyImageNet_resnet_medium_prop_idx_8005_sidx_2582_eps_0.0039.vnnlib,.006151749,error_exit_code_1,4.411357497
tinyimagenet_2024,/home/elipregerson/nnenum/vnncomp2025_benchmarks/benchmarks/tinyimagenet_2024/onnx/TinyImageNet_resnet_medium.onnx,/home/elipregerson/nnenum/vnncomp2025_benchmarks/benchmarks/tinyimagenet_2024/vnnlib/TinyImageNet_resnet_medium_prop_idx_4057_sidx_8514_eps_0.0039.vnnlib,.005974686,error_exit_code_1,4.430280534
tinyimagenet_2024,/home/elipregerson/nnenum/vnncomp2025_benchmarks/benchmarks/tinyimagenet_2024/onnx/TinyImageNet_resnet_medium.onnx,/home/elipregerson/nnenum/vnncomp2025_benchmarks/benchmarks/tinyimagenet_2024/vnnlib/TinyImageNet_resnet_medium_prop_idx_8288_sidx_307_eps_0.0039.vnnlib,.006321274,error_exit_code_1,4.453030898
tinyimagenet_2024,/home/elipregerson/nnenum/vnncomp2025_benchmarks/benchmarks/tinyimagenet_2024/onnx/TinyImageNet_resnet_medium.onnx,/home/elipregerson/nnenum/vnncomp2025_benchmarks/benchmarks/tinyimagenet_2024/vnnlib/TinyImageNet_resnet_medium_prop_idx_6362_sidx_7345_eps_0.0039.vnnlib,.006128748,error_exit_code_1,4.415721696
tinyimagenet_2024,/home/elipregerson/nnenum/vnncomp2025_benchmarks/benchmarks/tinyimagenet_2024/onnx/TinyImageNet_resnet_medium.onnx,/home/elipregerson/nnenum/vnncomp2025_benchmarks/benchmarks/tinyimagenet_2024/vnnlib/TinyImageNet_resnet_medium_prop_idx_6700_sidx_2455_eps_0.0039.vnnlib,.006097083,error_exit_code_1,4.430174690
tinyimagenet_2024,/home/elipregerson/nnenum/vnncomp2025_benchmarks/benchmarks/tinyimagenet_2024/onnx/TinyImageNet_resnet_medium.onnx,/home/elipregerson/nnenum/vnncomp2025_benchmarks/benchmarks/tinyimagenet_2024/vnnlib/TinyImageNet_resnet_medium_prop_idx_3054_sidx_7502_eps_0.0039.vnnlib,.006061350,error_exit_code_1,4.443969771
tinyimagenet_2024,/home/elipregerson/nnenum/vnncomp2025_benchmarks/benchmarks/tinyimagenet_2024/onnx/TinyImageNet_resnet_medium.onnx,/home/elipregerson/nnenum/vnncomp2025_benchmarks/benchmarks/tinyimagenet_2024/vnnlib/TinyImageNet_resnet_medium_prop_idx_5922_sidx_1989_eps_0.0039.vnnlib,.006315367,error_exit_code_1,4.424963063
tinyimagenet_2024,/home/elipregerson/nnenum/vnncomp2025_benchmarks/benchmarks/tinyimagenet_2024/onnx/TinyImageNet_resnet_medium.onnx,/home/elipregerson/nnenum/vnncomp2025_benchmarks/benchmarks/tinyimagenet_2024/vnnlib/TinyImageNet_resnet_medium_prop_idx_9330_sidx_2275_eps_0.0039.vnnlib,.006005140,error_exit_code_1,4.405778284
tinyimagenet_2024,/home/elipregerson/nnenum/vnncomp2025_benchmarks/benchmarks/tinyimagenet_2024/onnx/TinyImageNet_resnet_medium.onnx,/home/elipregerson/nnenum/vnncomp2025_benchmarks/benchmarks/tinyimagenet_2024/vnnlib/TinyImageNet_resnet_medium_prop_idx_723_sidx_7730_eps_0.0039.vnnlib,.006157769,error_exit_code_1,4.450572785
tinyimagenet_2024,/home/elipregerson/nnenum/vnncomp2025_benchmarks/benchmarks/tinyimagenet_2024/onnx/TinyImageNet_resnet_medium.onnx,/home/elipregerson/nnenum/vnncomp2025_benchmarks/benchmarks/tinyimagenet_2024/vnnlib/TinyImageNet_resnet_medium_prop_idx_2647_sidx_2518_eps_0.0039.vnnlib,.006401639,error_exit_code_1,4.443790230
tinyimagenet_2024,/home/elipregerson/nnenum/vnncomp2025_benchmarks/benchmarks/tinyimagenet_2024/onnx/TinyImageNet_resnet_medium.onnx,/home/elipregerson/nnenum/vnncomp2025_benchmarks/benchmarks/tinyimagenet_2024/vnnlib/TinyImageNet_resnet_medium_prop_idx_3015_sidx_2719_eps_0.0039.vnnlib,.006150541,error_exit_code_1,4.448593066
tinyimagenet_2024,/home/elipregerson/nnenum/vnncomp2025_benchmarks/benchmarks/tinyimagenet_2024/onnx/TinyImageNet_resnet_medium.onnx,/home/elipregerson/nnenum/vnncomp2025_benchmarks/benchmarks/tinyimagenet_2024/vnnlib/TinyImageNet_resnet_medium_prop_idx_6564_sidx_5832_eps_0.0039.vnnlib,.006025481,error_exit_code_1,4.471492604
tinyimagenet_2024,/home/elipregerson/nnenum/vnncomp2025_benchmarks/benchmarks/tinyimagenet_2024/onnx/TinyImageNet_resnet_medium.onnx,/home/elipregerson/nnenum/vnncomp2025_benchmarks/benchmarks/tinyimagenet_2024/vnnlib/TinyImageNet_resnet_medium_prop_idx_9458_sidx_2592_eps_0.0039.vnnlib,.006132686,error_exit_code_1,4.505748907
tinyimagenet_2024,/home/elipregerson/nnenum/vnncomp2025_benchmarks/benchmarks/test/onnx/test_nano.onnx,/home/elipregerson/nnenum/vnncomp2025_benchmarks/benchmarks/test/vnnlib/test_nano.vnnlib,.006156263,unsat,.537974262
tllverifybench_2023,/home/elipregerson/nnenum/vnncomp2025_benchmarks/benchmarks/tllverifybench_2023/onnx/tllBench_n=2_N=M=8_m=1_instance_0_0.onnx,/home/elipregerson/nnenum/vnncomp2025_benchmarks/benchmarks/tllverifybench_2023/vnnlib/property_N=8_0.vnnlib,.006112641,error_exit_code_1,.526646970
tllverifybench_2023,/home/elipregerson/nnenum/vnncomp2025_benchmarks/benchmarks/tllverifybench_2023/onnx/tllBench_n=2_N=M=8_m=1_instance_0_1.onnx,/home/elipregerson/nnenum/vnncomp2025_benchmarks/benchmarks/tllverifybench_2023/vnnlib/property_N=8_1.vnnlib,.006229910,error_exit_code_1,.525169330
tllverifybench_2023,/home/elipregerson/nnenum/vnncomp2025_benchmarks/benchmarks/tllverifybench_2023/onnx/tllBench_n=2_N=M=8_m=1_instance_0_2.onnx,/home/elipregerson/nnenum/vnncomp2025_benchmarks/benchmarks/tllverifybench_2023/vnnlib/property_N=8_2.vnnlib,.006106435,error_exit_code_1,.518789917
tllverifybench_2023,/home/elipregerson/nnenum/vnncomp2025_benchmarks/benchmarks/tllverifybench_2023/onnx/tllBench_n=2_N=M=8_m=1_instance_0_3.onnx,/home/elipregerson/nnenum/vnncomp2025_benchmarks/benchmarks/tllverifybench_2023/vnnlib/property_N=8_3.vnnlib,.005996538,error_exit_code_1,.516731349
tllverifybench_2023,/home/elipregerson/nnenum/vnncomp2025_benchmarks/benchmarks/tllverifybench_2023/onnx/tllBench_n=2_N=M=16_m=1_instance_1_0.onnx,/home/elipregerson/nnenum/vnncomp2025_benchmarks/benchmarks/tllverifybench_2023/vnnlib/property_N=16_0.vnnlib,.005874958,error_exit_code_1,.523906830
tllverifybench_2023,/home/elipregerson/nnenum/vnncomp2025_benchmarks/benchmarks/tllverifybench_2023/onnx/tllBench_n=2_N=M=16_m=1_instance_1_1.onnx,/home/elipregerson/nnenum/vnncomp2025_benchmarks/benchmarks/tllverifybench_2023/vnnlib/property_N=16_1.vnnlib,.006189258,error_exit_code_1,.536752659
tllverifybench_2023,/home/elipregerson/nnenum/vnncomp2025_benchmarks/benchmarks/tllverifybench_2023/onnx/tllBench_n=2_N=M=16_m=1_instance_1_2.onnx,/home/elipregerson/nnenum/vnncomp2025_benchmarks/benchmarks/tllverifybench_2023/vnnlib/property_N=16_2.vnnlib,.006061024,error_exit_code_1,.521766772
tllverifybench_2023,/home/elipregerson/nnenum/vnncomp2025_benchmarks/benchmarks/tllverifybench_2023/onnx/tllBench_n=2_N=M=16_m=1_instance_1_3.onnx,/home/elipregerson/nnenum/vnncomp2025_benchmarks/benchmarks/tllverifybench_2023/vnnlib/property_N=16_3.vnnlib,.006020708,error_exit_code_1,.518507720
tllverifybench_2023,/home/elipregerson/nnenum/vnncomp2025_benchmarks/benchmarks/tllverifybench_2023/onnx/tllBench_n=2_N=M=24_m=1_instance_2_0.onnx,/home/elipregerson/nnenum/vnncomp2025_benchmarks/benchmarks/tllverifybench_2023/vnnlib/property_N=24_0.vnnlib,.006136932,error_exit_code_1,.544966871
tllverifybench_2023,/home/elipregerson/nnenum/vnncomp2025_benchmarks/benchmarks/tllverifybench_2023/onnx/tllBench_n=2_N=M=24_m=1_instance_2_1.onnx,/home/elipregerson/nnenum/vnncomp2025_benchmarks/benchmarks/tllverifybench_2023/vnnlib/property_N=24_1.vnnlib,.006046305,error_exit_code_1,.558032569
tllverifybench_2023,/home/elipregerson/nnenum/vnncomp2025_benchmarks/benchmarks/tllverifybench_2023/onnx/tllBench_n=2_N=M=24_m=1_instance_2_2.onnx,/home/elipregerson/nnenum/vnncomp2025_benchmarks/benchmarks/tllverifybench_2023/vnnlib/property_N=24_2.vnnlib,.006082591,error_exit_code_1,.555674200
tllverifybench_2023,/home/elipregerson/nnenum/vnncomp2025_benchmarks/benchmarks/tllverifybench_2023/onnx/tllBench_n=2_N=M=24_m=1_instance_2_3.onnx,/home/elipregerson/nnenum/vnncomp2025_benchmarks/benchmarks/tllverifybench_2023/vnnlib/property_N=24_3.vnnlib,.006125134,error_exit_code_1,.547140922
tllverifybench_2023,/home/elipregerson/nnenum/vnncomp2025_benchmarks/benchmarks/tllverifybench_2023/onnx/tllBench_n=2_N=M=32_m=1_instance_3_0.onnx,/home/elipregerson/nnenum/vnncomp2025_benchmarks/benchmarks/tllverifybench_2023/vnnlib/property_N=32_0.vnnlib,.006181158,error_exit_code_1,.596382890
tllverifybench_2023,/home/elipregerson/nnenum/vnncomp2025_benchmarks/benchmarks/tllverifybench_2023/onnx/tllBench_n=2_N=M=32_m=1_instance_3_1.onnx,/home/elipregerson/nnenum/vnncomp2025_benchmarks/benchmarks/tllverifybench_2023/vnnlib/property_N=32_1.vnnlib,.006008228,error_exit_code_1,.606481376
tllverifybench_2023,/home/elipregerson/nnenum/vnncomp2025_benchmarks/benchmarks/tllverifybench_2023/onnx/tllBench_n=2_N=M=32_m=1_instance_3_2.onnx,/home/elipregerson/nnenum/vnncomp2025_benchmarks/benchmarks/tllverifybench_2023/vnnlib/property_N=32_2.vnnlib,.006224086,error_exit_code_1,.591980106
tllverifybench_2023,/home/elipregerson/nnenum/vnncomp2025_benchmarks/benchmarks/tllverifybench_2023/onnx/tllBench_n=2_N=M=32_m=1_instance_3_3.onnx,/home/elipregerson/nnenum/vnncomp2025_benchmarks/benchmarks/tllverifybench_2023/vnnlib/property_N=32_3.vnnlib,.006101054,error_exit_code_1,.613351417
tllverifybench_2023,/home/elipregerson/nnenum/vnncomp2025_benchmarks/benchmarks/tllverifybench_2023/onnx/tllBench_n=2_N=M=40_m=1_instance_4_0.onnx,/home/elipregerson/nnenum/vnncomp2025_benchmarks/benchmarks/tllverifybench_2023/vnnlib/property_N=40_0.vnnlib,.006075343,error_exit_code_1,.737620792
tllverifybench_2023,/home/elipregerson/nnenum/vnncomp2025_benchmarks/benchmarks/tllverifybench_2023/onnx/tllBench_n=2_N=M=40_m=1_instance_4_1.onnx,/home/elipregerson/nnenum/vnncomp2025_benchmarks/benchmarks/tllverifybench_2023/vnnlib/property_N=40_1.vnnlib,.006096725,error_exit_code_1,.750817280
tllverifybench_2023,/home/elipregerson/nnenum/vnncomp2025_benchmarks/benchmarks/tllverifybench_2023/onnx/tllBench_n=2_N=M=40_m=1_instance_4_2.onnx,/home/elipregerson/nnenum/vnncomp2025_benchmarks/benchmarks/tllverifybench_2023/vnnlib/property_N=40_2.vnnlib,.006335708,error_exit_code_1,.757145890
tllverifybench_2023,/home/elipregerson/nnenum/vnncomp2025_benchmarks/benchmarks/tllverifybench_2023/onnx/tllBench_n=2_N=M=40_m=1_instance_4_3.onnx,/home/elipregerson/nnenum/vnncomp2025_benchmarks/benchmarks/tllverifybench_2023/vnnlib/property_N=40_3.vnnlib,.006049964,error_exit_code_1,.737543468
tllverifybench_2023,/home/elipregerson/nnenum/vnncomp2025_benchmarks/benchmarks/tllverifybench_2023/onnx/tllBench_n=2_N=M=48_m=1_instance_5_0.onnx,/home/elipregerson/nnenum/vnncomp2025_benchmarks/benchmarks/tllverifybench_2023/vnnlib/property_N=48_0.vnnlib,.006157415,error_exit_code_1,.986739361
tllverifybench_2023,/home/elipregerson/nnenum/vnncomp2025_benchmarks/benchmarks/tllverifybench_2023/onnx/tllBench_n=2_N=M=48_m=1_instance_5_1.onnx,/home/elipregerson/nnenum/vnncomp2025_benchmarks/benchmarks/tllverifybench_2023/vnnlib/property_N=48_1.vnnlib,.005984664,error_exit_code_1,.955137919
tllverifybench_2023,/home/elipregerson/nnenum/vnncomp2025_benchmarks/benchmarks/tllverifybench_2023/onnx/tllBench_n=2_N=M=48_m=1_instance_5_2.onnx,/home/elipregerson/nnenum/vnncomp2025_benchmarks/benchmarks/tllverifybench_2023/vnnlib/property_N=48_2.vnnlib,.005956619,error_exit_code_1,.964866701
tllverifybench_2023,/home/elipregerson/nnenum/vnncomp2025_benchmarks/benchmarks/tllverifybench_2023/onnx/tllBench_n=2_N=M=48_m=1_instance_5_3.onnx,/home/elipregerson/nnenum/vnncomp2025_benchmarks/benchmarks/tllverifybench_2023/vnnlib/property_N=48_3.vnnlib,.006145321,error_exit_code_1,.965753726
tllverifybench_2023,/home/elipregerson/nnenum/vnncomp2025_benchmarks/benchmarks/tllverifybench_2023/onnx/tllBench_n=2_N=M=56_m=1_instance_6_0.onnx,/home/elipregerson/nnenum/vnncomp2025_benchmarks/benchmarks/tllverifybench_2023/vnnlib/property_N=56_0.vnnlib,.006109742,error_exit_code_1,1.357412345
tllverifybench_2023,/home/elipregerson/nnenum/vnncomp2025_benchmarks/benchmarks/tllverifybench_2023/onnx/tllBench_n=2_N=M=56_m=1_instance_6_1.onnx,/home/elipregerson/nnenum/vnncomp2025_benchmarks/benchmarks/tllverifybench_2023/vnnlib/property_N=56_1.vnnlib,.006112985,error_exit_code_1,1.339807869
tllverifybench_2023,/home/elipregerson/nnenum/vnncomp2025_benchmarks/benchmarks/tllverifybench_2023/onnx/tllBench_n=2_N=M=56_m=1_instance_6_2.onnx,/home/elipregerson/nnenum/vnncomp2025_benchmarks/benchmarks/tllverifybench_2023/vnnlib/property_N=56_2.vnnlib,.006150626,error_exit_code_1,1.340530148
tllverifybench_2023,/home/elipregerson/nnenum/vnncomp2025_benchmarks/benchmarks/tllverifybench_2023/onnx/tllBench_n=2_N=M=56_m=1_instance_6_3.onnx,/home/elipregerson/nnenum/vnncomp2025_benchmarks/benchmarks/tllverifybench_2023/vnnlib/property_N=56_3.vnnlib,.005995148,error_exit_code_1,1.327542181
tllverifybench_2023,/home/elipregerson/nnenum/vnncomp2025_benchmarks/benchmarks/tllverifybench_2023/onnx/tllBench_n=2_N=M=64_m=1_instance_7_0.onnx,/home/elipregerson/nnenum/vnncomp2025_benchmarks/benchmarks/tllverifybench_2023/vnnlib/property_N=64_0.vnnlib,.006102455,error_exit_code_1,1.980755962
tllverifybench_2023,/home/elipregerson/nnenum/vnncomp2025_benchmarks/benchmarks/tllverifybench_2023/onnx/tllBench_n=2_N=M=64_m=1_instance_7_1.onnx,/home/elipregerson/nnenum/vnncomp2025_benchmarks/benchmarks/tllverifybench_2023/vnnlib/property_N=64_1.vnnlib,.006119361,error_exit_code_1,2.001819115
tllverifybench_2023,/home/elipregerson/nnenum/vnncomp2025_benchmarks/benchmarks/tllverifybench_2023/onnx/tllBench_n=2_N=M=64_m=1_instance_7_2.onnx,/home/elipregerson/nnenum/vnncomp2025_benchmarks/benchmarks/tllverifybench_2023/vnnlib/property_N=64_2.vnnlib,.005970000,error_exit_code_1,2.024999378
tllverifybench_2023,/home/elipregerson/nnenum/vnncomp2025_benchmarks/benchmarks/tllverifybench_2023/onnx/tllBench_n=2_N=M=64_m=1_instance_7_3.onnx,/home/elipregerson/nnenum/vnncomp2025_benchmarks/benchmarks/tllverifybench_2023/vnnlib/property_N=64_3.vnnlib,.006172056,error_exit_code_1,2.043753887
tllverifybench_2023,/home/elipregerson/nnenum/vnncomp2025_benchmarks/benchmarks/test/onnx/test_nano.onnx,/home/elipregerson/nnenum/vnncomp2025_benchmarks/benchmarks/test/vnnlib/test_nano.vnnlib,.006228934,error_exit_code_1,.520043218
traffic_signs_recognition_2023,/home/elipregerson/nnenum/vnncomp2025_benchmarks/benchmarks/traffic_signs_recognition_2023/onnx/3_30_30_QConv_16_3_QConv_32_2_Dense_43_ep_30.onnx,/home/elipregerson/nnenum/vnncomp2025_benchmarks/benchmarks/traffic_signs_recognition_2023/vnnlib/model_30_idx_7573_eps_1.00000.vnnlib,.006227005,error_exit_code_1,.720234270
traffic_signs_recognition_2023,/home/elipregerson/nnenum/vnncomp2025_benchmarks/benchmarks/traffic_signs_recognition_2023/onnx/3_30_30_QConv_16_3_QConv_32_2_Dense_43_ep_30.onnx,/home/elipregerson/nnenum/vnncomp2025_benchmarks/benchmarks/traffic_signs_recognition_2023/vnnlib/model_30_idx_7573_eps_3.00000.vnnlib,.006155088,error_exit_code_1,.727715211
traffic_signs_recognition_2023,/home/elipregerson/nnenum/vnncomp2025_benchmarks/benchmarks/traffic_signs_recognition_2023/onnx/3_30_30_QConv_16_3_QConv_32_2_Dense_43_ep_30.onnx,/home/elipregerson/nnenum/vnncomp2025_benchmarks/benchmarks/traffic_signs_recognition_2023/vnnlib/model_30_idx_7573_eps_5.00000.vnnlib,.006213454,error_exit_code_1,.726092712
traffic_signs_recognition_2023,/home/elipregerson/nnenum/vnncomp2025_benchmarks/benchmarks/traffic_signs_recognition_2023/onnx/3_30_30_QConv_16_3_QConv_32_2_Dense_43_ep_30.onnx,/home/elipregerson/nnenum/vnncomp2025_benchmarks/benchmarks/traffic_signs_recognition_2023/vnnlib/model_30_idx_7573_eps_10.00000.vnnlib,.006262569,error_exit_code_1,.724353898
traffic_signs_recognition_2023,/home/elipregerson/nnenum/vnncomp2025_benchmarks/benchmarks/traffic_signs_recognition_2023/onnx/3_30_30_QConv_16_3_QConv_32_2_Dense_43_ep_30.onnx,/home/elipregerson/nnenum/vnncomp2025_benchmarks/benchmarks/traffic_signs_recognition_2023/vnnlib/model_30_idx_7573_eps_15.00000.vnnlib,.006067141,error_exit_code_1,.725137182
traffic_signs_recognition_2023,/home/elipregerson/nnenum/vnncomp2025_benchmarks/benchmarks/traffic_signs_recognition_2023/onnx/3_30_30_QConv_16_3_QConv_32_2_Dense_43_ep_30.onnx,/home/elipregerson/nnenum/vnncomp2025_benchmarks/benchmarks/traffic_signs_recognition_2023/vnnlib/model_30_idx_11379_eps_1.00000.vnnlib,.006126922,error_exit_code_1,.730038788
traffic_signs_recognition_2023,/home/elipregerson/nnenum/vnncomp2025_benchmarks/benchmarks/traffic_signs_recognition_2023/onnx/3_30_30_QConv_16_3_QConv_32_2_Dense_43_ep_30.onnx,/home/elipregerson/nnenum/vnncomp2025_benchmarks/benchmarks/traffic_signs_recognition_2023/vnnlib/model_30_idx_11379_eps_3.00000.vnnlib,.006001179,error_exit_code_1,.735721052
traffic_signs_recognition_2023,/home/elipregerson/nnenum/vnncomp2025_benchmarks/benchmarks/traffic_signs_recognition_2023/onnx/3_30_30_QConv_16_3_QConv_32_2_Dense_43_ep_30.onnx,/home/elipregerson/nnenum/vnncomp2025_benchmarks/benchmarks/traffic_signs_recognition_2023/vnnlib/model_30_idx_11379_eps_5.00000.vnnlib,.006096513,error_exit_code_1,.729148811
traffic_signs_recognition_2023,/home/elipregerson/nnenum/vnncomp2025_benchmarks/benchmarks/traffic_signs_recognition_2023/onnx/3_30_30_QConv_16_3_QConv_32_2_Dense_43_ep_30.onnx,/home/elipregerson/nnenum/vnncomp2025_benchmarks/benchmarks/traffic_signs_recognition_2023/vnnlib/model_30_idx_11379_eps_10.00000.vnnlib,.006112204,error_exit_code_1,.737887722
traffic_signs_recognition_2023,/home/elipregerson/nnenum/vnncomp2025_benchmarks/benchmarks/traffic_signs_recognition_2023/onnx/3_30_30_QConv_16_3_QConv_32_2_Dense_43_ep_30.onnx,/home/elipregerson/nnenum/vnncomp2025_benchmarks/benchmarks/traffic_signs_recognition_2023/vnnlib/model_30_idx_11379_eps_15.00000.vnnlib,.006212626,error_exit_code_1,.740164690
traffic_signs_recognition_2023,/home/elipregerson/nnenum/vnncomp2025_benchmarks/benchmarks/traffic_signs_recognition_2023/onnx/3_30_30_QConv_16_3_QConv_32_2_Dense_43_ep_30.onnx,/home/elipregerson/nnenum/vnncomp2025_benchmarks/benchmarks/traffic_signs_recognition_2023/vnnlib/model_30_idx_12375_eps_1.00000.vnnlib,.006009687,error_exit_code_1,.740190678
traffic_signs_recognition_2023,/home/elipregerson/nnenum/vnncomp2025_benchmarks/benchmarks/traffic_signs_recognition_2023/onnx/3_30_30_QConv_16_3_QConv_32_2_Dense_43_ep_30.onnx,/home/elipregerson/nnenum/vnncomp2025_benchmarks/benchmarks/traffic_signs_recognition_2023/vnnlib/model_30_idx_12375_eps_3.00000.vnnlib,.005971581,error_exit_code_1,.735241509
traffic_signs_recognition_2023,/home/elipregerson/nnenum/vnncomp2025_benchmarks/benchmarks/traffic_signs_recognition_2023/onnx/3_30_30_QConv_16_3_QConv_32_2_Dense_43_ep_30.onnx,/home/elipregerson/nnenum/vnncomp2025_benchmarks/benchmarks/traffic_signs_recognition_2023/vnnlib/model_30_idx_12375_eps_5.00000.vnnlib,.006011277,error_exit_code_1,.732774791
traffic_signs_recognition_2023,/home/elipregerson/nnenum/vnncomp2025_benchmarks/benchmarks/traffic_signs_recognition_2023/onnx/3_30_30_QConv_16_3_QConv_32_2_Dense_43_ep_30.onnx,/home/elipregerson/nnenum/vnncomp2025_benchmarks/benchmarks/traffic_signs_recognition_2023/vnnlib/model_30_idx_12375_eps_10.00000.vnnlib,.006459344,error_exit_code_1,.737694508
traffic_signs_recognition_2023,/home/elipregerson/nnenum/vnncomp2025_benchmarks/benchmarks/traffic_signs_recognition_2023/onnx/3_30_30_QConv_16_3_QConv_32_2_Dense_43_ep_30.onnx,/home/elipregerson/nnenum/vnncomp2025_benchmarks/benchmarks/traffic_signs_recognition_2023/vnnlib/model_30_idx_12375_eps_15.00000.vnnlib,.006125074,error_exit_code_1,.735480294
traffic_signs_recognition_2023,/home/elipregerson/nnenum/vnncomp2025_benchmarks/benchmarks/traffic_signs_recognition_2023/onnx/3_48_48_QConv_32_5_MP_2_BN_QConv_64_5_MP_2_BN_QConv_64_3_BN_Dense_256_BN_Dense_43_ep_30.onnx,/home/elipregerson/nnenum/vnncomp2025_benchmarks/benchmarks/traffic_signs_recognition_2023/vnnlib/model_48_idx_10645_eps_1.00000.vnnlib,.006056126,error_exit_code_1,1.027326804
traffic_signs_recognition_2023,/home/elipregerson/nnenum/vnncomp2025_benchmarks/benchmarks/traffic_signs_recognition_2023/onnx/3_48_48_QConv_32_5_MP_2_BN_QConv_64_5_MP_2_BN_QConv_64_3_BN_Dense_256_BN_Dense_43_ep_30.onnx,/home/elipregerson/nnenum/vnncomp2025_benchmarks/benchmarks/traffic_signs_recognition_2023/vnnlib/model_48_idx_10645_eps_3.00000.vnnlib,.005935522,error_exit_code_1,1.028487972
traffic_signs_recognition_2023,/home/elipregerson/nnenum/vnncomp2025_benchmarks/benchmarks/traffic_signs_recognition_2023/onnx/3_48_48_QConv_32_5_MP_2_BN_QConv_64_5_MP_2_BN_QConv_64_3_BN_Dense_256_BN_Dense_43_ep_30.onnx,/home/elipregerson/nnenum/vnncomp2025_benchmarks/benchmarks/traffic_signs_recognition_2023/vnnlib/model_48_idx_10645_eps_5.00000.vnnlib,.006176702,error_exit_code_1,1.033433040
traffic_signs_recognition_2023,/home/elipregerson/nnenum/vnncomp2025_benchmarks/benchmarks/traffic_signs_recognition_2023/onnx/3_48_48_QConv_32_5_MP_2_BN_QConv_64_5_MP_2_BN_QConv_64_3_BN_Dense_256_BN_Dense_43_ep_30.onnx,/home/elipregerson/nnenum/vnncomp2025_benchmarks/benchmarks/traffic_signs_recognition_2023/vnnlib/model_48_idx_10645_eps_10.00000.vnnlib,.006043218,error_exit_code_1,1.041394257
traffic_signs_recognition_2023,/home/elipregerson/nnenum/vnncomp2025_benchmarks/benchmarks/traffic_signs_recognition_2023/onnx/3_48_48_QConv_32_5_MP_2_BN_QConv_64_5_MP_2_BN_QConv_64_3_BN_Dense_256_BN_Dense_43_ep_30.onnx,/home/elipregerson/nnenum/vnncomp2025_benchmarks/benchmarks/traffic_signs_recognition_2023/vnnlib/model_48_idx_10645_eps_15.00000.vnnlib,.005941976,error_exit_code_1,1.028789598
traffic_signs_recognition_2023,/home/elipregerson/nnenum/vnncomp2025_benchmarks/benchmarks/traffic_signs_recognition_2023/onnx/3_48_48_QConv_32_5_MP_2_BN_QConv_64_5_MP_2_BN_QConv_64_3_BN_Dense_256_BN_Dense_43_ep_30.onnx,/home/elipregerson/nnenum/vnncomp2025_benchmarks/benchmarks/traffic_signs_recognition_2023/vnnlib/model_48_idx_10495_eps_1.00000.vnnlib,.006067207,error_exit_code_1,1.032631288
traffic_signs_recognition_2023,/home/elipregerson/nnenum/vnncomp2025_benchmarks/benchmarks/traffic_signs_recognition_2023/onnx/3_48_48_QConv_32_5_MP_2_BN_QConv_64_5_MP_2_BN_QConv_64_3_BN_Dense_256_BN_Dense_43_ep_30.onnx,/home/elipregerson/nnenum/vnncomp2025_benchmarks/benchmarks/traffic_signs_recognition_2023/vnnlib/model_48_idx_10495_eps_3.00000.vnnlib,.006188776,error_exit_code_1,1.031450308
traffic_signs_recognition_2023,/home/elipregerson/nnenum/vnncomp2025_benchmarks/benchmarks/traffic_signs_recognition_2023/onnx/3_48_48_QConv_32_5_MP_2_BN_QConv_64_5_MP_2_BN_QConv_64_3_BN_Dense_256_BN_Dense_43_ep_30.onnx,/home/elipregerson/nnenum/vnncomp2025_benchmarks/benchmarks/traffic_signs_recognition_2023/vnnlib/model_48_idx_10495_eps_5.00000.vnnlib,.006010917,error_exit_code_1,1.026946632
traffic_signs_recognition_2023,/home/elipregerson/nnenum/vnncomp2025_benchmarks/benchmarks/traffic_signs_recognition_2023/onnx/3_48_48_QConv_32_5_MP_2_BN_QConv_64_5_MP_2_BN_QConv_64_3_BN_Dense_256_BN_Dense_43_ep_30.onnx,/home/elipregerson/nnenum/vnncomp2025_benchmarks/benchmarks/traffic_signs_recognition_2023/vnnlib/model_48_idx_10495_eps_10.00000.vnnlib,.006060297,error_exit_code_1,1.035690217
traffic_signs_recognition_2023,/home/elipregerson/nnenum/vnncomp2025_benchmarks/benchmarks/traffic_signs_recognition_2023/onnx/3_48_48_QConv_32_5_MP_2_BN_QConv_64_5_MP_2_BN_QConv_64_3_BN_Dense_256_BN_Dense_43_ep_30.onnx,/home/elipregerson/nnenum/vnncomp2025_benchmarks/benchmarks/traffic_signs_recognition_2023/vnnlib/model_48_idx_10495_eps_15.00000.vnnlib,.006129635,error_exit_code_1,1.037509137
traffic_signs_recognition_2023,/home/elipregerson/nnenum/vnncomp2025_benchmarks/benchmarks/traffic_signs_recognition_2023/onnx/3_48_48_QConv_32_5_MP_2_BN_QConv_64_5_MP_2_BN_QConv_64_3_BN_Dense_256_BN_Dense_43_ep_30.onnx,/home/elipregerson/nnenum/vnncomp2025_benchmarks/benchmarks/traffic_signs_recognition_2023/vnnlib/model_48_idx_9022_eps_1.00000.vnnlib,.006240155,error_exit_code_1,1.046133106
traffic_signs_recognition_2023,/home/elipregerson/nnenum/vnncomp2025_benchmarks/benchmarks/traffic_signs_recognition_2023/onnx/3_48_48_QConv_32_5_MP_2_BN_QConv_64_5_MP_2_BN_QConv_64_3_BN_Dense_256_BN_Dense_43_ep_30.onnx,/home/elipregerson/nnenum/vnncomp2025_benchmarks/benchmarks/traffic_signs_recognition_2023/vnnlib/model_48_idx_9022_eps_3.00000.vnnlib,.006222628,error_exit_code_1,1.045648123
traffic_signs_recognition_2023,/home/elipregerson/nnenum/vnncomp2025_benchmarks/benchmarks/traffic_signs_recognition_2023/onnx/3_48_48_QConv_32_5_MP_2_BN_QConv_64_5_MP_2_BN_QConv_64_3_BN_Dense_256_BN_Dense_43_ep_30.onnx,/home/elipregerson/nnenum/vnncomp2025_benchmarks/benchmarks/traffic_signs_recognition_2023/vnnlib/model_48_idx_9022_eps_5.00000.vnnlib,.006084211,error_exit_code_1,1.029652403
traffic_signs_recognition_2023,/home/elipregerson/nnenum/vnncomp2025_benchmarks/benchmarks/traffic_signs_recognition_2023/onnx/3_48_48_QConv_32_5_MP_2_BN_QConv_64_5_MP_2_BN_QConv_64_3_BN_Dense_256_BN_Dense_43_ep_30.onnx,/home/elipregerson/nnenum/vnncomp2025_benchmarks/benchmarks/traffic_signs_recognition_2023/vnnlib/model_48_idx_9022_eps_10.00000.vnnlib,.006220757,error_exit_code_1,1.044732023
traffic_signs_recognition_2023,/home/elipregerson/nnenum/vnncomp2025_benchmarks/benchmarks/traffic_signs_recognition_2023/onnx/3_48_48_QConv_32_5_MP_2_BN_QConv_64_5_MP_2_BN_QConv_64_3_BN_Dense_256_BN_Dense_43_ep_30.onnx,/home/elipregerson/nnenum/vnncomp2025_benchmarks/benchmarks/traffic_signs_recognition_2023/vnnlib/model_48_idx_9022_eps_15.00000.vnnlib,.006171854,error_exit_code_1,1.037260745
traffic_signs_recognition_2023,/home/elipregerson/nnenum/vnncomp2025_benchmarks/benchmarks/traffic_signs_recognition_2023/onnx/3_64_64_QConv_32_5_MP_2_BN_QConv_64_5_MP_2_BN_QConv_64_3_MP_2_BN_Dense_1024_BN_Dense_43_ep_30.onnx,/home/elipregerson/nnenum/vnncomp2025_benchmarks/benchmarks/traffic_signs_recognition_2023/vnnlib/model_64_idx_10645_eps_1.00000.vnnlib,.006135845,error_exit_code_1,1.455796847
traffic_signs_recognition_2023,/home/elipregerson/nnenum/vnncomp2025_benchmarks/benchmarks/traffic_signs_recognition_2023/onnx/3_64_64_QConv_32_5_MP_2_BN_QConv_64_5_MP_2_BN_QConv_64_3_MP_2_BN_Dense_1024_BN_Dense_43_ep_30.onnx,/home/elipregerson/nnenum/vnncomp2025_benchmarks/benchmarks/traffic_signs_recognition_2023/vnnlib/model_64_idx_10645_eps_3.00000.vnnlib,.006032394,error_exit_code_1,1.452809468
traffic_signs_recognition_2023,/home/elipregerson/nnenum/vnncomp2025_benchmarks/benchmarks/traffic_signs_recognition_2023/onnx/3_64_64_QConv_32_5_MP_2_BN_QConv_64_5_MP_2_BN_QConv_64_3_MP_2_BN_Dense_1024_BN_Dense_43_ep_30.onnx,/home/elipregerson/nnenum/vnncomp2025_benchmarks/benchmarks/traffic_signs_recognition_2023/vnnlib/model_64_idx_10645_eps_5.00000.vnnlib,.006210426,error_exit_code_1,1.448342756
traffic_signs_recognition_2023,/home/elipregerson/nnenum/vnncomp2025_benchmarks/benchmarks/traffic_signs_recognition_2023/onnx/3_64_64_QConv_32_5_MP_2_BN_QConv_64_5_MP_2_BN_QConv_64_3_MP_2_BN_Dense_1024_BN_Dense_43_ep_30.onnx,/home/elipregerson/nnenum/vnncomp2025_benchmarks/benchmarks/traffic_signs_recognition_2023/vnnlib/model_64_idx_10645_eps_10.00000.vnnlib,.006119554,error_exit_code_1,1.449541579
traffic_signs_recognition_2023,/home/elipregerson/nnenum/vnncomp2025_benchmarks/benchmarks/traffic_signs_recognition_2023/onnx/3_64_64_QConv_32_5_MP_2_BN_QConv_64_5_MP_2_BN_QConv_64_3_MP_2_BN_Dense_1024_BN_Dense_43_ep_30.onnx,/home/elipregerson/nnenum/vnncomp2025_benchmarks/benchmarks/traffic_signs_recognition_2023/vnnlib/model_64_idx_10645_eps_15.00000.vnnlib,.005930254,error_exit_code_1,1.447602436
traffic_signs_recognition_2023,/home/elipregerson/nnenum/vnncomp2025_benchmarks/benchmarks/traffic_signs_recognition_2023/onnx/3_64_64_QConv_32_5_MP_2_BN_QConv_64_5_MP_2_BN_QConv_64_3_MP_2_BN_Dense_1024_BN_Dense_43_ep_30.onnx,/home/elipregerson/nnenum/vnncomp2025_benchmarks/benchmarks/traffic_signs_recognition_2023/vnnlib/model_64_idx_10495_eps_1.00000.vnnlib,.006001019,error_exit_code_1,1.449645019
traffic_signs_recognition_2023,/home/elipregerson/nnenum/vnncomp2025_benchmarks/benchmarks/traffic_signs_recognition_2023/onnx/3_64_64_QConv_32_5_MP_2_BN_QConv_64_5_MP_2_BN_QConv_64_3_MP_2_BN_Dense_1024_BN_Dense_43_ep_30.onnx,/home/elipregerson/nnenum/vnncomp2025_benchmarks/benchmarks/traffic_signs_recognition_2023/vnnlib/model_64_idx_10495_eps_3.00000.vnnlib,.006231101,error_exit_code_1,1.449702217
traffic_signs_recognition_2023,/home/elipregerson/nnenum/vnncomp2025_benchmarks/benchmarks/traffic_signs_recognition_2023/onnx/3_64_64_QConv_32_5_MP_2_BN_QConv_64_5_MP_2_BN_QConv_64_3_MP_2_BN_Dense_1024_BN_Dense_43_ep_30.onnx,/home/elipregerson/nnenum/vnncomp2025_benchmarks/benchmarks/traffic_signs_recognition_2023/vnnlib/model_64_idx_10495_eps_5.00000.vnnlib,.006161974,error_exit_code_1,1.441848156
traffic_signs_recognition_2023,/home/elipregerson/nnenum/vnncomp2025_benchmarks/benchmarks/traffic_signs_recognition_2023/onnx/3_64_64_QConv_32_5_MP_2_BN_QConv_64_5_MP_2_BN_QConv_64_3_MP_2_BN_Dense_1024_BN_Dense_43_ep_30.onnx,/home/elipregerson/nnenum/vnncomp2025_benchmarks/benchmarks/traffic_signs_recognition_2023/vnnlib/model_64_idx_10495_eps_10.00000.vnnlib,.006118279,error_exit_code_1,1.448443860
traffic_signs_recognition_2023,/home/elipregerson/nnenum/vnncomp2025_benchmarks/benchmarks/traffic_signs_recognition_2023/onnx/3_64_64_QConv_32_5_MP_2_BN_QConv_64_5_MP_2_BN_QConv_64_3_MP_2_BN_Dense_1024_BN_Dense_43_ep_30.onnx,/home/elipregerson/nnenum/vnncomp2025_benchmarks/benchmarks/traffic_signs_recognition_2023/vnnlib/model_64_idx_10495_eps_15.00000.vnnlib,.006179791,error_exit_code_1,1.471288966
traffic_signs_recognition_2023,/home/elipregerson/nnenum/vnncomp2025_benchmarks/benchmarks/traffic_signs_recognition_2023/onnx/3_64_64_QConv_32_5_MP_2_BN_QConv_64_5_MP_2_BN_QConv_64_3_MP_2_BN_Dense_1024_BN_Dense_43_ep_30.onnx,/home/elipregerson/nnenum/vnncomp2025_benchmarks/benchmarks/traffic_signs_recognition_2023/vnnlib/model_64_idx_9022_eps_1.00000.vnnlib,.006077252,error_exit_code_1,1.450890517
traffic_signs_recognition_2023,/home/elipregerson/nnenum/vnncomp2025_benchmarks/benchmarks/traffic_signs_recognition_2023/onnx/3_64_64_QConv_32_5_MP_2_BN_QConv_64_5_MP_2_BN_QConv_64_3_MP_2_BN_Dense_1024_BN_Dense_43_ep_30.onnx,/home/elipregerson/nnenum/vnncomp2025_benchmarks/benchmarks/traffic_signs_recognition_2023/vnnlib/model_64_idx_9022_eps_3.00000.vnnlib,.006096084,error_exit_code_1,1.457294613
traffic_signs_recognition_2023,/home/elipregerson/nnenum/vnncomp2025_benchmarks/benchmarks/traffic_signs_recognition_2023/onnx/3_64_64_QConv_32_5_MP_2_BN_QConv_64_5_MP_2_BN_QConv_64_3_MP_2_BN_Dense_1024_BN_Dense_43_ep_30.onnx,/home/elipregerson/nnenum/vnncomp2025_benchmarks/benchmarks/traffic_signs_recognition_2023/vnnlib/model_64_idx_9022_eps_5.00000.vnnlib,.006138238,error_exit_code_1,1.459748988
traffic_signs_recognition_2023,/home/elipregerson/nnenum/vnncomp2025_benchmarks/benchmarks/traffic_signs_recognition_2023/onnx/3_64_64_QConv_32_5_MP_2_BN_QConv_64_5_MP_2_BN_QConv_64_3_MP_2_BN_Dense_1024_BN_Dense_43_ep_30.onnx,/home/elipregerson/nnenum/vnncomp2025_benchmarks/benchmarks/traffic_signs_recognition_2023/vnnlib/model_64_idx_9022_eps_10.00000.vnnlib,.006101205,error_exit_code_1,1.463720689
traffic_signs_recognition_2023,/home/elipregerson/nnenum/vnncomp2025_benchmarks/benchmarks/traffic_signs_recognition_2023/onnx/3_64_64_QConv_32_5_MP_2_BN_QConv_64_5_MP_2_BN_QConv_64_3_MP_2_BN_Dense_1024_BN_Dense_43_ep_30.onnx,/home/elipregerson/nnenum/vnncomp2025_benchmarks/benchmarks/traffic_signs_recognition_2023/vnnlib/model_64_idx_9022_eps_15.00000.vnnlib,.006142264,error_exit_code_1,1.450768630
traffic_signs_recognition_2023,/home/elipregerson/nnenum/vnncomp2025_benchmarks/benchmarks/test/onnx/test_nano.onnx,/home/elipregerson/nnenum/vnncomp2025_benchmarks/benchmarks/test/vnnlib/test_nano.vnnlib,.006194903,unsat,.548687503
vggnet16_2022,/home/elipregerson/nnenum/vnncomp2025_benchmarks/benchmarks/vggnet16_2022/onnx/vgg16-7.onnx,/home/elipregerson/nnenum/vnncomp2025_benchmarks/benchmarks/vggnet16_2022/vnnlib/spec0_suit.vnnlib,.006122257,error_exit_code_1,11.451258577
vggnet16_2022,/home/elipregerson/nnenum/vnncomp2025_benchmarks/benchmarks/vggnet16_2022/onnx/vgg16-7.onnx,/home/elipregerson/nnenum/vnncomp2025_benchmarks/benchmarks/vggnet16_2022/vnnlib/spec1_Scottish_deerhound.vnnlib,.006224392,error_exit_code_1,11.304951303
vggnet16_2022,/home/elipregerson/nnenum/vnncomp2025_benchmarks/benchmarks/vggnet16_2022/onnx/vgg16-7.onnx,/home/elipregerson/nnenum/vnncomp2025_benchmarks/benchmarks/vggnet16_2022/vnnlib/spec2_Airedale.vnnlib,.006214258,error_exit_code_1,11.293027128
vggnet16_2022,/home/elipregerson/nnenum/vnncomp2025_benchmarks/benchmarks/vggnet16_2022/onnx/vgg16-7.onnx,/home/elipregerson/nnenum/vnncomp2025_benchmarks/benchmarks/vggnet16_2022/vnnlib/spec3_canoe.vnnlib,.006031690,error_exit_code_1,11.238710705
vggnet16_2022,/home/elipregerson/nnenum/vnncomp2025_benchmarks/benchmarks/vggnet16_2022/onnx/vgg16-7.onnx,/home/elipregerson/nnenum/vnncomp2025_benchmarks/benchmarks/vggnet16_2022/vnnlib/spec4_grille.vnnlib,.005995335,error_exit_code_1,11.305757494
vggnet16_2022,/home/elipregerson/nnenum/vnncomp2025_benchmarks/benchmarks/vggnet16_2022/onnx/vgg16-7.onnx,/home/elipregerson/nnenum/vnncomp2025_benchmarks/benchmarks/vggnet16_2022/vnnlib/spec5_scale.vnnlib,.005976916,error_exit_code_1,11.284603155
vggnet16_2022,/home/elipregerson/nnenum/vnncomp2025_benchmarks/benchmarks/vggnet16_2022/onnx/vgg16-7.onnx,/home/elipregerson/nnenum/vnncomp2025_benchmarks/benchmarks/vggnet16_2022/vnnlib/spec6_folding_chair.vnnlib,.006012579,error_exit_code_1,11.264025397
vggnet16_2022,/home/elipregerson/nnenum/vnncomp2025_benchmarks/benchmarks/vggnet16_2022/onnx/vgg16-7.onnx,/home/elipregerson/nnenum/vnncomp2025_benchmarks/benchmarks/vggnet16_2022/vnnlib/spec7_basketball.vnnlib,.006204804,error_exit_code_1,11.298722226
vggnet16_2022,/home/elipregerson/nnenum/vnncomp2025_benchmarks/benchmarks/vggnet16_2022/onnx/vgg16-7.onnx,/home/elipregerson/nnenum/vnncomp2025_benchmarks/benchmarks/vggnet16_2022/vnnlib/spec8_megalith.vnnlib,.005974786,error_exit_code_1,11.304610789
vggnet16_2022,/home/elipregerson/nnenum/vnncomp2025_benchmarks/benchmarks/vggnet16_2022/onnx/vgg16-7.onnx,/home/elipregerson/nnenum/vnncomp2025_benchmarks/benchmarks/vggnet16_2022/vnnlib/spec9_sidewinder.vnnlib,.006211386,error_exit_code_1,11.277011320
vggnet16_2022,/home/elipregerson/nnenum/vnncomp2025_benchmarks/benchmarks/vggnet16_2022/onnx/vgg16-7.onnx,/home/elipregerson/nnenum/vnncomp2025_benchmarks/benchmarks/vggnet16_2022/vnnlib/spec10_chainlink_fence.vnnlib,.006224616,error_exit_code_1,11.275486646
vggnet16_2022,/home/elipregerson/nnenum/vnncomp2025_benchmarks/benchmarks/vggnet16_2022/onnx/vgg16-7.onnx,/home/elipregerson/nnenum/vnncomp2025_benchmarks/benchmarks/vggnet16_2022/vnnlib/spec11_dock.vnnlib,.006233044,error_exit_code_1,11.285319725
vggnet16_2022,/home/elipregerson/nnenum/vnncomp2025_benchmarks/benchmarks/vggnet16_2022/onnx/vgg16-7.onnx,/home/elipregerson/nnenum/vnncomp2025_benchmarks/benchmarks/vggnet16_2022/vnnlib/spec12_borzoi.vnnlib,.005983178,error_exit_code_1,11.229050059
vggnet16_2022,/home/elipregerson/nnenum/vnncomp2025_benchmarks/benchmarks/vggnet16_2022/onnx/vgg16-7.onnx,/home/elipregerson/nnenum/vnncomp2025_benchmarks/benchmarks/vggnet16_2022/vnnlib/spec13_pillow.vnnlib,.006011761,error_exit_code_1,11.287495454
vggnet16_2022,/home/elipregerson/nnenum/vnncomp2025_benchmarks/benchmarks/vggnet16_2022/onnx/vgg16-7.onnx,/home/elipregerson/nnenum/vnncomp2025_benchmarks/benchmarks/vggnet16_2022/vnnlib/spec14_mink.vnnlib,.006005663,error_exit_code_1,11.316624586
vggnet16_2022,/home/elipregerson/nnenum/vnncomp2025_benchmarks/benchmarks/vggnet16_2022/onnx/vgg16-7.onnx,/home/elipregerson/nnenum/vnncomp2025_benchmarks/benchmarks/vggnet16_2022/vnnlib/spec15_tiger_beetle.vnnlib,.005984452,error_exit_code_1,11.259833641
vggnet16_2022,/home/elipregerson/nnenum/vnncomp2025_benchmarks/benchmarks/vggnet16_2022/onnx/vgg16-7.onnx,/home/elipregerson/nnenum/vnncomp2025_benchmarks/benchmarks/vggnet16_2022/vnnlib/spec16_breastplate.vnnlib,.006148794,error_exit_code_1,11.278657994
vggnet16_2022,/home/elipregerson/nnenum/vnncomp2025_benchmarks/benchmarks/vggnet16_2022/onnx/vgg16-7.onnx,/home/elipregerson/nnenum/vnncomp2025_benchmarks/benchmarks/vggnet16_2022/vnnlib/spec17_paper_towel.vnnlib,.005995248,error_exit_code_1,11.302873080
vggnet16_2022,/home/elipregerson/nnenum/vnncomp2025_benchmarks/benchmarks/test/onnx/test_nano.onnx,/home/elipregerson/nnenum/vnncomp2025_benchmarks/benchmarks/test/vnnlib/test_nano.vnnlib,.006141927,unsat,.583763700
vit_2023,/home/elipregerson/nnenum/vnncomp2025_benchmarks/benchmarks/vit_2023/onnx/pgd_2_3_16.onnx,/home/elipregerson/nnenum/vnncomp2025_benchmarks/benchmarks/vit_2023/vnnlib/pgd_2_3_16_2446.vnnlib,.006054811,error_exit_code_1,.600015591
vit_2023,/home/elipregerson/nnenum/vnncomp2025_benchmarks/benchmarks/vit_2023/onnx/pgd_2_3_16.onnx,/home/elipregerson/nnenum/vnncomp2025_benchmarks/benchmarks/vit_2023/vnnlib/pgd_2_3_16_4509.vnnlib,.006121834,error_exit_code_1,.609980281
vit_2023,/home/elipregerson/nnenum/vnncomp2025_benchmarks/benchmarks/vit_2023/onnx/pgd_2_3_16.onnx,/home/elipregerson/nnenum/vnncomp2025_benchmarks/benchmarks/vit_2023/vnnlib/pgd_2_3_16_6246.vnnlib,.006148684,error_exit_code_1,.606424668
vit_2023,/home/elipregerson/nnenum/vnncomp2025_benchmarks/benchmarks/vit_2023/onnx/pgd_2_3_16.onnx,/home/elipregerson/nnenum/vnncomp2025_benchmarks/benchmarks/vit_2023/vnnlib/pgd_2_3_16_2043.vnnlib,.006055681,error_exit_code_1,.599871033
vit_2023,/home/elipregerson/nnenum/vnncomp2025_benchmarks/benchmarks/vit_2023/onnx/pgd_2_3_16.onnx,/home/elipregerson/nnenum/vnncomp2025_benchmarks/benchmarks/vit_2023/vnnlib/pgd_2_3_16_2203.vnnlib,.006070799,error_exit_code_1,.604772183
vit_2023,/home/elipregerson/nnenum/vnncomp2025_benchmarks/benchmarks/vit_2023/onnx/pgd_2_3_16.onnx,/home/elipregerson/nnenum/vnncomp2025_benchmarks/benchmarks/vit_2023/vnnlib/pgd_2_3_16_3695.vnnlib,.006081353,error_exit_code_1,.614075027
vit_2023,/home/elipregerson/nnenum/vnncomp2025_benchmarks/benchmarks/vit_2023/onnx/pgd_2_3_16.onnx,/home/elipregerson/nnenum/vnncomp2025_benchmarks/benchmarks/vit_2023/vnnlib/pgd_2_3_16_8808.vnnlib,.006112285,error_exit_code_1,.604736820
vit_2023,/home/elipregerson/nnenum/vnncomp2025_benchmarks/benchmarks/vit_2023/onnx/pgd_2_3_16.onnx,/home/elipregerson/nnenum/vnncomp2025_benchmarks/benchmarks/vit_2023/vnnlib/pgd_2_3_16_747.vnnlib,.005979972,error_exit_code_1,.609735756
vit_2023,/home/elipregerson/nnenum/vnncomp2025_benchmarks/benchmarks/vit_2023/onnx/pgd_2_3_16.onnx,/home/elipregerson/nnenum/vnncomp2025_benchmarks/benchmarks/vit_2023/vnnlib/pgd_2_3_16_2209.vnnlib,.006002087,error_exit_code_1,.591333449
vit_2023,/home/elipregerson/nnenum/vnncomp2025_benchmarks/benchmarks/vit_2023/onnx/pgd_2_3_16.onnx,/home/elipregerson/nnenum/vnncomp2025_benchmarks/benchmarks/vit_2023/vnnlib/pgd_2_3_16_8776.vnnlib,.006189187,error_exit_code_1,.614737837
vit_2023,/home/elipregerson/nnenum/vnncomp2025_benchmarks/benchmarks/vit_2023/onnx/pgd_2_3_16.onnx,/home/elipregerson/nnenum/vnncomp2025_benchmarks/benchmarks/vit_2023/vnnlib/pgd_2_3_16_3660.vnnlib,.006113869,error_exit_code_1,.607110758
vit_2023,/home/elipregerson/nnenum/vnncomp2025_benchmarks/benchmarks/vit_2023/onnx/pgd_2_3_16.onnx,/home/elipregerson/nnenum/vnncomp2025_benchmarks/benchmarks/vit_2023/vnnlib/pgd_2_3_16_7086.vnnlib,.006308080,error_exit_code_1,.609409478
vit_2023,/home/elipregerson/nnenum/vnncomp2025_benchmarks/benchmarks/vit_2023/onnx/pgd_2_3_16.onnx,/home/elipregerson/nnenum/vnncomp2025_benchmarks/benchmarks/vit_2023/vnnlib/pgd_2_3_16_1058.vnnlib,.006124125,error_exit_code_1,.602268585
vit_2023,/home/elipregerson/nnenum/vnncomp2025_benchmarks/benchmarks/vit_2023/onnx/pgd_2_3_16.onnx,/home/elipregerson/nnenum/vnncomp2025_benchmarks/benchmarks/vit_2023/vnnlib/pgd_2_3_16_3034.vnnlib,.006015148,error_exit_code_1,.608619717
vit_2023,/home/elipregerson/nnenum/vnncomp2025_benchmarks/benchmarks/vit_2023/onnx/pgd_2_3_16.onnx,/home/elipregerson/nnenum/vnncomp2025_benchmarks/benchmarks/vit_2023/vnnlib/pgd_2_3_16_2296.vnnlib,.006129529,error_exit_code_1,.613041270
vit_2023,/home/elipregerson/nnenum/vnncomp2025_benchmarks/benchmarks/vit_2023/onnx/pgd_2_3_16.onnx,/home/elipregerson/nnenum/vnncomp2025_benchmarks/benchmarks/vit_2023/vnnlib/pgd_2_3_16_9655.vnnlib,.005978823,error_exit_code_1,.611447130
vit_2023,/home/elipregerson/nnenum/vnncomp2025_benchmarks/benchmarks/vit_2023/onnx/pgd_2_3_16.onnx,/home/elipregerson/nnenum/vnncomp2025_benchmarks/benchmarks/vit_2023/vnnlib/pgd_2_3_16_1438.vnnlib,.005996641,error_exit_code_1,.603278630
vit_2023,/home/elipregerson/nnenum/vnncomp2025_benchmarks/benchmarks/vit_2023/onnx/pgd_2_3_16.onnx,/home/elipregerson/nnenum/vnncomp2025_benchmarks/benchmarks/vit_2023/vnnlib/pgd_2_3_16_94.vnnlib,.006359989,error_exit_code_1,.608082632
vit_2023,/home/elipregerson/nnenum/vnncomp2025_benchmarks/benchmarks/vit_2023/onnx/pgd_2_3_16.onnx,/home/elipregerson/nnenum/vnncomp2025_benchmarks/benchmarks/vit_2023/vnnlib/pgd_2_3_16_7664.vnnlib,.006059913,error_exit_code_1,.616197579
vit_2023,/home/elipregerson/nnenum/vnncomp2025_benchmarks/benchmarks/vit_2023/onnx/pgd_2_3_16.onnx,/home/elipregerson/nnenum/vnncomp2025_benchmarks/benchmarks/vit_2023/vnnlib/pgd_2_3_16_5846.vnnlib,.006125635,error_exit_code_1,.606317666
vit_2023,/home/elipregerson/nnenum/vnncomp2025_benchmarks/benchmarks/vit_2023/onnx/pgd_2_3_16.onnx,/home/elipregerson/nnenum/vnncomp2025_benchmarks/benchmarks/vit_2023/vnnlib/pgd_2_3_16_7144.vnnlib,.006086601,error_exit_code_1,.607153419
vit_2023,/home/elipregerson/nnenum/vnncomp2025_benchmarks/benchmarks/vit_2023/onnx/pgd_2_3_16.onnx,/home/elipregerson/nnenum/vnncomp2025_benchmarks/benchmarks/vit_2023/vnnlib/pgd_2_3_16_6578.vnnlib,.006150810,error_exit_code_1,.598871746
vit_2023,/home/elipregerson/nnenum/vnncomp2025_benchmarks/benchmarks/vit_2023/onnx/pgd_2_3_16.onnx,/home/elipregerson/nnenum/vnncomp2025_benchmarks/benchmarks/vit_2023/vnnlib/pgd_2_3_16_7154.vnnlib,.006160320,error_exit_code_1,.605980875
vit_2023,/home/elipregerson/nnenum/vnncomp2025_benchmarks/benchmarks/vit_2023/onnx/pgd_2_3_16.onnx,/home/elipregerson/nnenum/vnncomp2025_benchmarks/benchmarks/vit_2023/vnnlib/pgd_2_3_16_3832.vnnlib,.006024710,error_exit_code_1,.607990198
vit_2023,/home/elipregerson/nnenum/vnncomp2025_benchmarks/benchmarks/vit_2023/onnx/pgd_2_3_16.onnx,/home/elipregerson/nnenum/vnncomp2025_benchmarks/benchmarks/vit_2023/vnnlib/pgd_2_3_16_560.vnnlib,.006135261,error_exit_code_1,.608217514
vit_2023,/home/elipregerson/nnenum/vnncomp2025_benchmarks/benchmarks/vit_2023/onnx/pgd_2_3_16.onnx,/home/elipregerson/nnenum/vnncomp2025_benchmarks/benchmarks/vit_2023/vnnlib/pgd_2_3_16_2593.vnnlib,.006151933,error_exit_code_1,.616489935
vit_2023,/home/elipregerson/nnenum/vnncomp2025_benchmarks/benchmarks/vit_2023/onnx/pgd_2_3_16.onnx,/home/elipregerson/nnenum/vnncomp2025_benchmarks/benchmarks/vit_2023/vnnlib/pgd_2_3_16_988.vnnlib,.006215382,error_exit_code_1,.622674119
vit_2023,/home/elipregerson/nnenum/vnncomp2025_benchmarks/benchmarks/vit_2023/onnx/pgd_2_3_16.onnx,/home/elipregerson/nnenum/vnncomp2025_benchmarks/benchmarks/vit_2023/vnnlib/pgd_2_3_16_7102.vnnlib,.006085278,error_exit_code_1,.599170383
vit_2023,/home/elipregerson/nnenum/vnncomp2025_benchmarks/benchmarks/vit_2023/onnx/pgd_2_3_16.onnx,/home/elipregerson/nnenum/vnncomp2025_benchmarks/benchmarks/vit_2023/vnnlib/pgd_2_3_16_9306.vnnlib,.006056572,error_exit_code_1,.605680946
vit_2023,/home/elipregerson/nnenum/vnncomp2025_benchmarks/benchmarks/vit_2023/onnx/pgd_2_3_16.onnx,/home/elipregerson/nnenum/vnncomp2025_benchmarks/benchmarks/vit_2023/vnnlib/pgd_2_3_16_2113.vnnlib,.006006067,error_exit_code_1,.602642699
vit_2023,/home/elipregerson/nnenum/vnncomp2025_benchmarks/benchmarks/vit_2023/onnx/pgd_2_3_16.onnx,/home/elipregerson/nnenum/vnncomp2025_benchmarks/benchmarks/vit_2023/vnnlib/pgd_2_3_16_2640.vnnlib,.005977412,error_exit_code_1,.607433653
vit_2023,/home/elipregerson/nnenum/vnncomp2025_benchmarks/benchmarks/vit_2023/onnx/pgd_2_3_16.onnx,/home/elipregerson/nnenum/vnncomp2025_benchmarks/benchmarks/vit_2023/vnnlib/pgd_2_3_16_570.vnnlib,.006185984,error_exit_code_1,.600962714
vit_2023,/home/elipregerson/nnenum/vnncomp2025_benchmarks/benchmarks/vit_2023/onnx/pgd_2_3_16.onnx,/home/elipregerson/nnenum/vnncomp2025_benchmarks/benchmarks/vit_2023/vnnlib/pgd_2_3_16_535.vnnlib,.006087785,error_exit_code_1,.612743481
vit_2023,/home/elipregerson/nnenum/vnncomp2025_benchmarks/benchmarks/vit_2023/onnx/pgd_2_3_16.onnx,/home/elipregerson/nnenum/vnncomp2025_benchmarks/benchmarks/vit_2023/vnnlib/pgd_2_3_16_1579.vnnlib,.006100506,error_exit_code_1,.606618770
vit_2023,/home/elipregerson/nnenum/vnncomp2025_benchmarks/benchmarks/vit_2023/onnx/pgd_2_3_16.onnx,/home/elipregerson/nnenum/vnncomp2025_benchmarks/benchmarks/vit_2023/vnnlib/pgd_2_3_16_9785.vnnlib,.006209530,error_exit_code_1,.618464897
vit_2023,/home/elipregerson/nnenum/vnncomp2025_benchmarks/benchmarks/vit_2023/onnx/pgd_2_3_16.onnx,/home/elipregerson/nnenum/vnncomp2025_benchmarks/benchmarks/vit_2023/vnnlib/pgd_2_3_16_6942.vnnlib,.006143670,error_exit_code_1,.616869438
vit_2023,/home/elipregerson/nnenum/vnncomp2025_benchmarks/benchmarks/vit_2023/onnx/pgd_2_3_16.onnx,/home/elipregerson/nnenum/vnncomp2025_benchmarks/benchmarks/vit_2023/vnnlib/pgd_2_3_16_7363.vnnlib,.006197505,error_exit_code_1,.608869947
vit_2023,/home/elipregerson/nnenum/vnncomp2025_benchmarks/benchmarks/vit_2023/onnx/pgd_2_3_16.onnx,/home/elipregerson/nnenum/vnncomp2025_benchmarks/benchmarks/vit_2023/vnnlib/pgd_2_3_16_9825.vnnlib,.006049521,error_exit_code_1,.608139739
vit_2023,/home/elipregerson/nnenum/vnncomp2025_benchmarks/benchmarks/vit_2023/onnx/pgd_2_3_16.onnx,/home/elipregerson/nnenum/vnncomp2025_benchmarks/benchmarks/vit_2023/vnnlib/pgd_2_3_16_425.vnnlib,.006227915,error_exit_code_1,.601034734
vit_2023,/home/elipregerson/nnenum/vnncomp2025_benchmarks/benchmarks/vit_2023/onnx/pgd_2_3_16.onnx,/home/elipregerson/nnenum/vnncomp2025_benchmarks/benchmarks/vit_2023/vnnlib/pgd_2_3_16_722.vnnlib,.006057385,error_exit_code_1,.610575191
vit_2023,/home/elipregerson/nnenum/vnncomp2025_benchmarks/benchmarks/vit_2023/onnx/pgd_2_3_16.onnx,/home/elipregerson/nnenum/vnncomp2025_benchmarks/benchmarks/vit_2023/vnnlib/pgd_2_3_16_646.vnnlib,.006032324,error_exit_code_1,.600635490
vit_2023,/home/elipregerson/nnenum/vnncomp2025_benchmarks/benchmarks/vit_2023/onnx/pgd_2_3_16.onnx,/home/elipregerson/nnenum/vnncomp2025_benchmarks/benchmarks/vit_2023/vnnlib/pgd_2_3_16_183.vnnlib,.006269498,error_exit_code_1,.607734868
vit_2023,/home/elipregerson/nnenum/vnncomp2025_benchmarks/benchmarks/vit_2023/onnx/pgd_2_3_16.onnx,/home/elipregerson/nnenum/vnncomp2025_benchmarks/benchmarks/vit_2023/vnnlib/pgd_2_3_16_4380.vnnlib,.006036102,error_exit_code_1,.609680958
vit_2023,/home/elipregerson/nnenum/vnncomp2025_benchmarks/benchmarks/vit_2023/onnx/pgd_2_3_16.onnx,/home/elipregerson/nnenum/vnncomp2025_benchmarks/benchmarks/vit_2023/vnnlib/pgd_2_3_16_374.vnnlib,.006031406,error_exit_code_1,.613098393
vit_2023,/home/elipregerson/nnenum/vnncomp2025_benchmarks/benchmarks/vit_2023/onnx/pgd_2_3_16.onnx,/home/elipregerson/nnenum/vnncomp2025_benchmarks/benchmarks/vit_2023/vnnlib/pgd_2_3_16_1566.vnnlib,.006083172,error_exit_code_1,.611789198
vit_2023,/home/elipregerson/nnenum/vnncomp2025_benchmarks/benchmarks/vit_2023/onnx/pgd_2_3_16.onnx,/home/elipregerson/nnenum/vnncomp2025_benchmarks/benchmarks/vit_2023/vnnlib/pgd_2_3_16_7869.vnnlib,.006092136,error_exit_code_1,.611684897
vit_2023,/home/elipregerson/nnenum/vnncomp2025_benchmarks/benchmarks/vit_2023/onnx/pgd_2_3_16.onnx,/home/elipregerson/nnenum/vnncomp2025_benchmarks/benchmarks/vit_2023/vnnlib/pgd_2_3_16_953.vnnlib,.006054743,error_exit_code_1,.607224797
vit_2023,/home/elipregerson/nnenum/vnncomp2025_benchmarks/benchmarks/vit_2023/onnx/pgd_2_3_16.onnx,/home/elipregerson/nnenum/vnncomp2025_benchmarks/benchmarks/vit_2023/vnnlib/pgd_2_3_16_6160.vnnlib,.006210874,error_exit_code_1,.595130937
vit_2023,/home/elipregerson/nnenum/vnncomp2025_benchmarks/benchmarks/vit_2023/onnx/pgd_2_3_16.onnx,/home/elipregerson/nnenum/vnncomp2025_benchmarks/benchmarks/vit_2023/vnnlib/pgd_2_3_16_2218.vnnlib,.006337783,error_exit_code_1,.602036383
vit_2023,/home/elipregerson/nnenum/vnncomp2025_benchmarks/benchmarks/vit_2023/onnx/pgd_2_3_16.onnx,/home/elipregerson/nnenum/vnncomp2025_benchmarks/benchmarks/vit_2023/vnnlib/pgd_2_3_16_4714.vnnlib,.006259428,error_exit_code_1,.615320719
vit_2023,/home/elipregerson/nnenum/vnncomp2025_benchmarks/benchmarks/vit_2023/onnx/pgd_2_3_16.onnx,/home/elipregerson/nnenum/vnncomp2025_benchmarks/benchmarks/vit_2023/vnnlib/pgd_2_3_16_5704.vnnlib,.006132281,error_exit_code_1,.618639480
vit_2023,/home/elipregerson/nnenum/vnncomp2025_benchmarks/benchmarks/vit_2023/onnx/pgd_2_3_16.onnx,/home/elipregerson/nnenum/vnncomp2025_benchmarks/benchmarks/vit_2023/vnnlib/pgd_2_3_16_5579.vnnlib,.006098053,error_exit_code_1,.610171771
vit_2023,/home/elipregerson/nnenum/vnncomp2025_benchmarks/benchmarks/vit_2023/onnx/pgd_2_3_16.onnx,/home/elipregerson/nnenum/vnncomp2025_benchmarks/benchmarks/vit_2023/vnnlib/pgd_2_3_16_6805.vnnlib,.006157844,error_exit_code_1,.608813954
vit_2023,/home/elipregerson/nnenum/vnncomp2025_benchmarks/benchmarks/vit_2023/onnx/pgd_2_3_16.onnx,/home/elipregerson/nnenum/vnncomp2025_benchmarks/benchmarks/vit_2023/vnnlib/pgd_2_3_16_8836.vnnlib,.006099811,error_exit_code_1,.609401570
vit_2023,/home/elipregerson/nnenum/vnncomp2025_benchmarks/benchmarks/vit_2023/onnx/pgd_2_3_16.onnx,/home/elipregerson/nnenum/vnncomp2025_benchmarks/benchmarks/vit_2023/vnnlib/pgd_2_3_16_5030.vnnlib,.006172326,error_exit_code_1,.606227370
vit_2023,/home/elipregerson/nnenum/vnncomp2025_benchmarks/benchmarks/vit_2023/onnx/pgd_2_3_16.onnx,/home/elipregerson/nnenum/vnncomp2025_benchmarks/benchmarks/vit_2023/vnnlib/pgd_2_3_16_8341.vnnlib,.006175479,error_exit_code_1,.606060559
vit_2023,/home/elipregerson/nnenum/vnncomp2025_benchmarks/benchmarks/vit_2023/onnx/pgd_2_3_16.onnx,/home/elipregerson/nnenum/vnncomp2025_benchmarks/benchmarks/vit_2023/vnnlib/pgd_2_3_16_9835.vnnlib,.006215537,error_exit_code_1,.604272528
vit_2023,/home/elipregerson/nnenum/vnncomp2025_benchmarks/benchmarks/vit_2023/onnx/pgd_2_3_16.onnx,/home/elipregerson/nnenum/vnncomp2025_benchmarks/benchmarks/vit_2023/vnnlib/pgd_2_3_16_8907.vnnlib,.006032562,error_exit_code_1,.599827130
vit_2023,/home/elipregerson/nnenum/vnncomp2025_benchmarks/benchmarks/vit_2023/onnx/pgd_2_3_16.onnx,/home/elipregerson/nnenum/vnncomp2025_benchmarks/benchmarks/vit_2023/vnnlib/pgd_2_3_16_6427.vnnlib,.005969285,error_exit_code_1,.608317474
vit_2023,/home/elipregerson/nnenum/vnncomp2025_benchmarks/benchmarks/vit_2023/onnx/pgd_2_3_16.onnx,/home/elipregerson/nnenum/vnncomp2025_benchmarks/benchmarks/vit_2023/vnnlib/pgd_2_3_16_5528.vnnlib,.006228786,error_exit_code_1,.616406739
vit_2023,/home/elipregerson/nnenum/vnncomp2025_benchmarks/benchmarks/vit_2023/onnx/pgd_2_3_16.onnx,/home/elipregerson/nnenum/vnncomp2025_benchmarks/benchmarks/vit_2023/vnnlib/pgd_2_3_16_6628.vnnlib,.006165088,error_exit_code_1,.617422780
vit_2023,/home/elipregerson/nnenum/vnncomp2025_benchmarks/benchmarks/vit_2023/onnx/pgd_2_3_16.onnx,/home/elipregerson/nnenum/vnncomp2025_benchmarks/benchmarks/vit_2023/vnnlib/pgd_2_3_16_7403.vnnlib,.006040205,error_exit_code_1,.600644646
vit_2023,/home/elipregerson/nnenum/vnncomp2025_benchmarks/benchmarks/vit_2023/onnx/pgd_2_3_16.onnx,/home/elipregerson/nnenum/vnncomp2025_benchmarks/benchmarks/vit_2023/vnnlib/pgd_2_3_16_2896.vnnlib,.006153009,error_exit_code_1,.610937515
vit_2023,/home/elipregerson/nnenum/vnncomp2025_benchmarks/benchmarks/vit_2023/onnx/pgd_2_3_16.onnx,/home/elipregerson/nnenum/vnncomp2025_benchmarks/benchmarks/vit_2023/vnnlib/pgd_2_3_16_6088.vnnlib,.005994913,error_exit_code_1,.612417302
vit_2023,/home/elipregerson/nnenum/vnncomp2025_benchmarks/benchmarks/vit_2023/onnx/pgd_2_3_16.onnx,/home/elipregerson/nnenum/vnncomp2025_benchmarks/benchmarks/vit_2023/vnnlib/pgd_2_3_16_7065.vnnlib,.006123785,error_exit_code_1,.618736970
vit_2023,/home/elipregerson/nnenum/vnncomp2025_benchmarks/benchmarks/vit_2023/onnx/pgd_2_3_16.onnx,/home/elipregerson/nnenum/vnncomp2025_benchmarks/benchmarks/vit_2023/vnnlib/pgd_2_3_16_2760.vnnlib,.006083410,error_exit_code_1,.604191756
vit_2023,/home/elipregerson/nnenum/vnncomp2025_benchmarks/benchmarks/vit_2023/onnx/pgd_2_3_16.onnx,/home/elipregerson/nnenum/vnncomp2025_benchmarks/benchmarks/vit_2023/vnnlib/pgd_2_3_16_9016.vnnlib,.006063542,error_exit_code_1,.612527605
vit_2023,/home/elipregerson/nnenum/vnncomp2025_benchmarks/benchmarks/vit_2023/onnx/pgd_2_3_16.onnx,/home/elipregerson/nnenum/vnncomp2025_benchmarks/benchmarks/vit_2023/vnnlib/pgd_2_3_16_3727.vnnlib,.006203702,error_exit_code_1,.628465518
vit_2023,/home/elipregerson/nnenum/vnncomp2025_benchmarks/benchmarks/vit_2023/onnx/pgd_2_3_16.onnx,/home/elipregerson/nnenum/vnncomp2025_benchmarks/benchmarks/vit_2023/vnnlib/pgd_2_3_16_9276.vnnlib,.005939917,error_exit_code_1,.606686335
vit_2023,/home/elipregerson/nnenum/vnncomp2025_benchmarks/benchmarks/vit_2023/onnx/pgd_2_3_16.onnx,/home/elipregerson/nnenum/vnncomp2025_benchmarks/benchmarks/vit_2023/vnnlib/pgd_2_3_16_4567.vnnlib,.005996723,error_exit_code_1,.602242021
vit_2023,/home/elipregerson/nnenum/vnncomp2025_benchmarks/benchmarks/vit_2023/onnx/pgd_2_3_16.onnx,/home/elipregerson/nnenum/vnncomp2025_benchmarks/benchmarks/vit_2023/vnnlib/pgd_2_3_16_7724.vnnlib,.005980989,error_exit_code_1,.603265297
vit_2023,/home/elipregerson/nnenum/vnncomp2025_benchmarks/benchmarks/vit_2023/onnx/pgd_2_3_16.onnx,/home/elipregerson/nnenum/vnncomp2025_benchmarks/benchmarks/vit_2023/vnnlib/pgd_2_3_16_1559.vnnlib,.006024282,error_exit_code_1,.608264038
vit_2023,/home/elipregerson/nnenum/vnncomp2025_benchmarks/benchmarks/vit_2023/onnx/pgd_2_3_16.onnx,/home/elipregerson/nnenum/vnncomp2025_benchmarks/benchmarks/vit_2023/vnnlib/pgd_2_3_16_4350.vnnlib,.005973254,error_exit_code_1,.617658859
vit_2023,/home/elipregerson/nnenum/vnncomp2025_benchmarks/benchmarks/vit_2023/onnx/pgd_2_3_16.onnx,/home/elipregerson/nnenum/vnncomp2025_benchmarks/benchmarks/vit_2023/vnnlib/pgd_2_3_16_4049.vnnlib,.005936640,error_exit_code_1,.605678331
vit_2023,/home/elipregerson/nnenum/vnncomp2025_benchmarks/benchmarks/vit_2023/onnx/pgd_2_3_16.onnx,/home/elipregerson/nnenum/vnncomp2025_benchmarks/benchmarks/vit_2023/vnnlib/pgd_2_3_16_1792.vnnlib,.005954651,error_exit_code_1,.601504088
vit_2023,/home/elipregerson/nnenum/vnncomp2025_benchmarks/benchmarks/vit_2023/onnx/pgd_2_3_16.onnx,/home/elipregerson/nnenum/vnncomp2025_benchmarks/benchmarks/vit_2023/vnnlib/pgd_2_3_16_6461.vnnlib,.006030313,error_exit_code_1,.605658752
vit_2023,/home/elipregerson/nnenum/vnncomp2025_benchmarks/benchmarks/vit_2023/onnx/pgd_2_3_16.onnx,/home/elipregerson/nnenum/vnncomp2025_benchmarks/benchmarks/vit_2023/vnnlib/pgd_2_3_16_5201.vnnlib,.005998030,error_exit_code_1,.602958011
vit_2023,/home/elipregerson/nnenum/vnncomp2025_benchmarks/benchmarks/vit_2023/onnx/pgd_2_3_16.onnx,/home/elipregerson/nnenum/vnncomp2025_benchmarks/benchmarks/vit_2023/vnnlib/pgd_2_3_16_2830.vnnlib,.006211343,error_exit_code_1,.609944597
vit_2023,/home/elipregerson/nnenum/vnncomp2025_benchmarks/benchmarks/vit_2023/onnx/pgd_2_3_16.onnx,/home/elipregerson/nnenum/vnncomp2025_benchmarks/benchmarks/vit_2023/vnnlib/pgd_2_3_16_7796.vnnlib,.006040730,error_exit_code_1,.603299283
vit_2023,/home/elipregerson/nnenum/vnncomp2025_benchmarks/benchmarks/vit_2023/onnx/pgd_2_3_16.onnx,/home/elipregerson/nnenum/vnncomp2025_benchmarks/benchmarks/vit_2023/vnnlib/pgd_2_3_16_9719.vnnlib,.006065927,error_exit_code_1,.600488805
vit_2023,/home/elipregerson/nnenum/vnncomp2025_benchmarks/benchmarks/vit_2023/onnx/pgd_2_3_16.onnx,/home/elipregerson/nnenum/vnncomp2025_benchmarks/benchmarks/vit_2023/vnnlib/pgd_2_3_16_160.vnnlib,.006016986,error_exit_code_1,.606536790
vit_2023,/home/elipregerson/nnenum/vnncomp2025_benchmarks/benchmarks/vit_2023/onnx/pgd_2_3_16.onnx,/home/elipregerson/nnenum/vnncomp2025_benchmarks/benchmarks/vit_2023/vnnlib/pgd_2_3_16_3543.vnnlib,.006015178,error_exit_code_1,.607500320
vit_2023,/home/elipregerson/nnenum/vnncomp2025_benchmarks/benchmarks/vit_2023/onnx/pgd_2_3_16.onnx,/home/elipregerson/nnenum/vnncomp2025_benchmarks/benchmarks/vit_2023/vnnlib/pgd_2_3_16_6539.vnnlib,.006123350,error_exit_code_1,.621215908
vit_2023,/home/elipregerson/nnenum/vnncomp2025_benchmarks/benchmarks/vit_2023/onnx/pgd_2_3_16.onnx,/home/elipregerson/nnenum/vnncomp2025_benchmarks/benchmarks/vit_2023/vnnlib/pgd_2_3_16_1197.vnnlib,.005972951,error_exit_code_1,.606944299
vit_2023,/home/elipregerson/nnenum/vnncomp2025_benchmarks/benchmarks/vit_2023/onnx/pgd_2_3_16.onnx,/home/elipregerson/nnenum/vnncomp2025_benchmarks/benchmarks/vit_2023/vnnlib/pgd_2_3_16_9347.vnnlib,.006005301,error_exit_code_1,.599512232
vit_2023,/home/elipregerson/nnenum/vnncomp2025_benchmarks/benchmarks/vit_2023/onnx/pgd_2_3_16.onnx,/home/elipregerson/nnenum/vnncomp2025_benchmarks/benchmarks/vit_2023/vnnlib/pgd_2_3_16_2351.vnnlib,.006181579,error_exit_code_1,.604184122
vit_2023,/home/elipregerson/nnenum/vnncomp2025_benchmarks/benchmarks/vit_2023/onnx/pgd_2_3_16.onnx,/home/elipregerson/nnenum/vnncomp2025_benchmarks/benchmarks/vit_2023/vnnlib/pgd_2_3_16_7579.vnnlib,.006066919,error_exit_code_1,.604239067
vit_2023,/home/elipregerson/nnenum/vnncomp2025_benchmarks/benchmarks/vit_2023/onnx/pgd_2_3_16.onnx,/home/elipregerson/nnenum/vnncomp2025_benchmarks/benchmarks/vit_2023/vnnlib/pgd_2_3_16_8751.vnnlib,.006202467,error_exit_code_1,.607394800
vit_2023,/home/elipregerson/nnenum/vnncomp2025_benchmarks/benchmarks/vit_2023/onnx/pgd_2_3_16.onnx,/home/elipregerson/nnenum/vnncomp2025_benchmarks/benchmarks/vit_2023/vnnlib/pgd_2_3_16_7576.vnnlib,.006232337,error_exit_code_1,.609788128
vit_2023,/home/elipregerson/nnenum/vnncomp2025_benchmarks/benchmarks/vit_2023/onnx/pgd_2_3_16.onnx,/home/elipregerson/nnenum/vnncomp2025_benchmarks/benchmarks/vit_2023/vnnlib/pgd_2_3_16_1087.vnnlib,.005999116,error_exit_code_1,.614290240
vit_2023,/home/elipregerson/nnenum/vnncomp2025_benchmarks/benchmarks/vit_2023/onnx/pgd_2_3_16.onnx,/home/elipregerson/nnenum/vnncomp2025_benchmarks/benchmarks/vit_2023/vnnlib/pgd_2_3_16_6102.vnnlib,.006142558,error_exit_code_1,.606449980
vit_2023,/home/elipregerson/nnenum/vnncomp2025_benchmarks/benchmarks/vit_2023/onnx/pgd_2_3_16.onnx,/home/elipregerson/nnenum/vnncomp2025_benchmarks/benchmarks/vit_2023/vnnlib/pgd_2_3_16_3155.vnnlib,.006108159,error_exit_code_1,.604063667
vit_2023,/home/elipregerson/nnenum/vnncomp2025_benchmarks/benchmarks/vit_2023/onnx/pgd_2_3_16.onnx,/home/elipregerson/nnenum/vnncomp2025_benchmarks/benchmarks/vit_2023/vnnlib/pgd_2_3_16_7209.vnnlib,.006109515,error_exit_code_1,.603234071
vit_2023,/home/elipregerson/nnenum/vnncomp2025_benchmarks/benchmarks/vit_2023/onnx/pgd_2_3_16.onnx,/home/elipregerson/nnenum/vnncomp2025_benchmarks/benchmarks/vit_2023/vnnlib/pgd_2_3_16_4817.vnnlib,.006077640,error_exit_code_1,.613293139
vit_2023,/home/elipregerson/nnenum/vnncomp2025_benchmarks/benchmarks/vit_2023/onnx/pgd_2_3_16.onnx,/home/elipregerson/nnenum/vnncomp2025_benchmarks/benchmarks/vit_2023/vnnlib/pgd_2_3_16_9466.vnnlib,.005985621,error_exit_code_1,.596861088
vit_2023,/home/elipregerson/nnenum/vnncomp2025_benchmarks/benchmarks/vit_2023/onnx/pgd_2_3_16.onnx,/home/elipregerson/nnenum/vnncomp2025_benchmarks/benchmarks/vit_2023/vnnlib/pgd_2_3_16_285.vnnlib,.006279896,error_exit_code_1,.605305126
vit_2023,/home/elipregerson/nnenum/vnncomp2025_benchmarks/benchmarks/vit_2023/onnx/pgd_2_3_16.onnx,/home/elipregerson/nnenum/vnncomp2025_benchmarks/benchmarks/vit_2023/vnnlib/pgd_2_3_16_1949.vnnlib,.006128359,error_exit_code_1,.601637778
vit_2023,/home/elipregerson/nnenum/vnncomp2025_benchmarks/benchmarks/vit_2023/onnx/pgd_2_3_16.onnx,/home/elipregerson/nnenum/vnncomp2025_benchmarks/benchmarks/vit_2023/vnnlib/pgd_2_3_16_3689.vnnlib,.005924547,error_exit_code_1,.607245233
vit_2023,/home/elipregerson/nnenum/vnncomp2025_benchmarks/benchmarks/vit_2023/onnx/pgd_2_3_16.onnx,/home/elipregerson/nnenum/vnncomp2025_benchmarks/benchmarks/vit_2023/vnnlib/pgd_2_3_16_3313.vnnlib,.006184327,error_exit_code_1,.601382044
vit_2023,/home/elipregerson/nnenum/vnncomp2025_benchmarks/benchmarks/vit_2023/onnx/pgd_2_3_16.onnx,/home/elipregerson/nnenum/vnncomp2025_benchmarks/benchmarks/vit_2023/vnnlib/pgd_2_3_16_8164.vnnlib,.005983566,error_exit_code_1,.607002140
vit_2023,/home/elipregerson/nnenum/vnncomp2025_benchmarks/benchmarks/vit_2023/onnx/ibp_3_3_8.onnx,/home/elipregerson/nnenum/vnncomp2025_benchmarks/benchmarks/vit_2023/vnnlib/ibp_3_3_8_3031.vnnlib,.006012140,error_exit_code_1,.613875838
vit_2023,/home/elipregerson/nnenum/vnncomp2025_benchmarks/benchmarks/vit_2023/onnx/ibp_3_3_8.onnx,/home/elipregerson/nnenum/vnncomp2025_benchmarks/benchmarks/vit_2023/vnnlib/ibp_3_3_8_746.vnnlib,.006042937,error_exit_code_1,.617140986
vit_2023,/home/elipregerson/nnenum/vnncomp2025_benchmarks/benchmarks/vit_2023/onnx/ibp_3_3_8.onnx,/home/elipregerson/nnenum/vnncomp2025_benchmarks/benchmarks/vit_2023/vnnlib/ibp_3_3_8_1151.vnnlib,.008049592,error_exit_code_1,.625566128
vit_2023,/home/elipregerson/nnenum/vnncomp2025_benchmarks/benchmarks/vit_2023/onnx/ibp_3_3_8.onnx,/home/elipregerson/nnenum/vnncomp2025_benchmarks/benchmarks/vit_2023/vnnlib/ibp_3_3_8_8369.vnnlib,.006314241,error_exit_code_1,.613198099
vit_2023,/home/elipregerson/nnenum/vnncomp2025_benchmarks/benchmarks/vit_2023/onnx/ibp_3_3_8.onnx,/home/elipregerson/nnenum/vnncomp2025_benchmarks/benchmarks/vit_2023/vnnlib/ibp_3_3_8_7011.vnnlib,.006095988,error_exit_code_1,.616377703
vit_2023,/home/elipregerson/nnenum/vnncomp2025_benchmarks/benchmarks/vit_2023/onnx/ibp_3_3_8.onnx,/home/elipregerson/nnenum/vnncomp2025_benchmarks/benchmarks/vit_2023/vnnlib/ibp_3_3_8_477.vnnlib,.006049332,error_exit_code_1,.621307840
vit_2023,/home/elipregerson/nnenum/vnncomp2025_benchmarks/benchmarks/vit_2023/onnx/ibp_3_3_8.onnx,/home/elipregerson/nnenum/vnncomp2025_benchmarks/benchmarks/vit_2023/vnnlib/ibp_3_3_8_4846.vnnlib,.006201227,error_exit_code_1,.604223891
vit_2023,/home/elipregerson/nnenum/vnncomp2025_benchmarks/benchmarks/vit_2023/onnx/ibp_3_3_8.onnx,/home/elipregerson/nnenum/vnncomp2025_benchmarks/benchmarks/vit_2023/vnnlib/ibp_3_3_8_6263.vnnlib,.005947344,error_exit_code_1,.610152517
vit_2023,/home/elipregerson/nnenum/vnncomp2025_benchmarks/benchmarks/vit_2023/onnx/ibp_3_3_8.onnx,/home/elipregerson/nnenum/vnncomp2025_benchmarks/benchmarks/vit_2023/vnnlib/ibp_3_3_8_2738.vnnlib,.006127686,error_exit_code_1,.613913805
vit_2023,/home/elipregerson/nnenum/vnncomp2025_benchmarks/benchmarks/vit_2023/onnx/ibp_3_3_8.onnx,/home/elipregerson/nnenum/vnncomp2025_benchmarks/benchmarks/vit_2023/vnnlib/ibp_3_3_8_3683.vnnlib,.006327402,error_exit_code_1,.613023888
vit_2023,/home/elipregerson/nnenum/vnncomp2025_benchmarks/benchmarks/vit_2023/onnx/ibp_3_3_8.onnx,/home/elipregerson/nnenum/vnncomp2025_benchmarks/benchmarks/vit_2023/vnnlib/ibp_3_3_8_8325.vnnlib,.006027372,error_exit_code_1,.622065588
vit_2023,/home/elipregerson/nnenum/vnncomp2025_benchmarks/benchmarks/vit_2023/onnx/ibp_3_3_8.onnx,/home/elipregerson/nnenum/vnncomp2025_benchmarks/benchmarks/vit_2023/vnnlib/ibp_3_3_8_8740.vnnlib,.005961592,error_exit_code_1,.610919581
vit_2023,/home/elipregerson/nnenum/vnncomp2025_benchmarks/benchmarks/vit_2023/onnx/ibp_3_3_8.onnx,/home/elipregerson/nnenum/vnncomp2025_benchmarks/benchmarks/vit_2023/vnnlib/ibp_3_3_8_3005.vnnlib,.006098934,error_exit_code_1,.618998390
vit_2023,/home/elipregerson/nnenum/vnncomp2025_benchmarks/benchmarks/vit_2023/onnx/ibp_3_3_8.onnx,/home/elipregerson/nnenum/vnncomp2025_benchmarks/benchmarks/vit_2023/vnnlib/ibp_3_3_8_5899.vnnlib,.005879159,error_exit_code_1,.612236336
vit_2023,/home/elipregerson/nnenum/vnncomp2025_benchmarks/benchmarks/vit_2023/onnx/ibp_3_3_8.onnx,/home/elipregerson/nnenum/vnncomp2025_benchmarks/benchmarks/vit_2023/vnnlib/ibp_3_3_8_8481.vnnlib,.005961188,error_exit_code_1,.606215882
vit_2023,/home/elipregerson/nnenum/vnncomp2025_benchmarks/benchmarks/vit_2023/onnx/ibp_3_3_8.onnx,/home/elipregerson/nnenum/vnncomp2025_benchmarks/benchmarks/vit_2023/vnnlib/ibp_3_3_8_4493.vnnlib,.006198367,error_exit_code_1,.619684010
vit_2023,/home/elipregerson/nnenum/vnncomp2025_benchmarks/benchmarks/vit_2023/onnx/ibp_3_3_8.onnx,/home/elipregerson/nnenum/vnncomp2025_benchmarks/benchmarks/vit_2023/vnnlib/ibp_3_3_8_5535.vnnlib,.006156897,error_exit_code_1,.612796788
vit_2023,/home/elipregerson/nnenum/vnncomp2025_benchmarks/benchmarks/vit_2023/onnx/ibp_3_3_8.onnx,/home/elipregerson/nnenum/vnncomp2025_benchmarks/benchmarks/vit_2023/vnnlib/ibp_3_3_8_9794.vnnlib,.006117078,error_exit_code_1,.626199953
vit_2023,/home/elipregerson/nnenum/vnncomp2025_benchmarks/benchmarks/vit_2023/onnx/ibp_3_3_8.onnx,/home/elipregerson/nnenum/vnncomp2025_benchmarks/benchmarks/vit_2023/vnnlib/ibp_3_3_8_5600.vnnlib,.006027505,error_exit_code_1,.608284446
vit_2023,/home/elipregerson/nnenum/vnncomp2025_benchmarks/benchmarks/vit_2023/onnx/ibp_3_3_8.onnx,/home/elipregerson/nnenum/vnncomp2025_benchmarks/benchmarks/vit_2023/vnnlib/ibp_3_3_8_3949.vnnlib,.005855098,error_exit_code_1,.621041890
vit_2023,/home/elipregerson/nnenum/vnncomp2025_benchmarks/benchmarks/vit_2023/onnx/ibp_3_3_8.onnx,/home/elipregerson/nnenum/vnncomp2025_benchmarks/benchmarks/vit_2023/vnnlib/ibp_3_3_8_1648.vnnlib,.006554727,error_exit_code_1,.607410081
vit_2023,/home/elipregerson/nnenum/vnncomp2025_benchmarks/benchmarks/vit_2023/onnx/ibp_3_3_8.onnx,/home/elipregerson/nnenum/vnncomp2025_benchmarks/benchmarks/vit_2023/vnnlib/ibp_3_3_8_2759.vnnlib,.005957016,error_exit_code_1,.615742195
vit_2023,/home/elipregerson/nnenum/vnncomp2025_benchmarks/benchmarks/vit_2023/onnx/ibp_3_3_8.onnx,/home/elipregerson/nnenum/vnncomp2025_benchmarks/benchmarks/vit_2023/vnnlib/ibp_3_3_8_1767.vnnlib,.005925142,error_exit_code_1,.610668708
vit_2023,/home/elipregerson/nnenum/vnncomp2025_benchmarks/benchmarks/vit_2023/onnx/ibp_3_3_8.onnx,/home/elipregerson/nnenum/vnncomp2025_benchmarks/benchmarks/vit_2023/vnnlib/ibp_3_3_8_260.vnnlib,.006140546,error_exit_code_1,.608130076
vit_2023,/home/elipregerson/nnenum/vnncomp2025_benchmarks/benchmarks/vit_2023/onnx/ibp_3_3_8.onnx,/home/elipregerson/nnenum/vnncomp2025_benchmarks/benchmarks/vit_2023/vnnlib/ibp_3_3_8_9708.vnnlib,.005997472,error_exit_code_1,.622062211
vit_2023,/home/elipregerson/nnenum/vnncomp2025_benchmarks/benchmarks/vit_2023/onnx/ibp_3_3_8.onnx,/home/elipregerson/nnenum/vnncomp2025_benchmarks/benchmarks/vit_2023/vnnlib/ibp_3_3_8_2303.vnnlib,.006143518,error_exit_code_1,.619771860
vit_2023,/home/elipregerson/nnenum/vnncomp2025_benchmarks/benchmarks/vit_2023/onnx/ibp_3_3_8.onnx,/home/elipregerson/nnenum/vnncomp2025_benchmarks/benchmarks/vit_2023/vnnlib/ibp_3_3_8_7671.vnnlib,.006267198,error_exit_code_1,.615442006
vit_2023,/home/elipregerson/nnenum/vnncomp2025_benchmarks/benchmarks/vit_2023/onnx/ibp_3_3_8.onnx,/home/elipregerson/nnenum/vnncomp2025_benchmarks/benchmarks/vit_2023/vnnlib/ibp_3_3_8_1796.vnnlib,.006029005,error_exit_code_1,.611186256
vit_2023,/home/elipregerson/nnenum/vnncomp2025_benchmarks/benchmarks/vit_2023/onnx/ibp_3_3_8.onnx,/home/elipregerson/nnenum/vnncomp2025_benchmarks/benchmarks/vit_2023/vnnlib/ibp_3_3_8_467.vnnlib,.006140905,error_exit_code_1,.618354129
vit_2023,/home/elipregerson/nnenum/vnncomp2025_benchmarks/benchmarks/vit_2023/onnx/ibp_3_3_8.onnx,/home/elipregerson/nnenum/vnncomp2025_benchmarks/benchmarks/vit_2023/vnnlib/ibp_3_3_8_2949.vnnlib,.006101933,error_exit_code_1,.607727822
vit_2023,/home/elipregerson/nnenum/vnncomp2025_benchmarks/benchmarks/vit_2023/onnx/ibp_3_3_8.onnx,/home/elipregerson/nnenum/vnncomp2025_benchmarks/benchmarks/vit_2023/vnnlib/ibp_3_3_8_6300.vnnlib,.005966277,error_exit_code_1,.610526457
vit_2023,/home/elipregerson/nnenum/vnncomp2025_benchmarks/benchmarks/vit_2023/onnx/ibp_3_3_8.onnx,/home/elipregerson/nnenum/vnncomp2025_benchmarks/benchmarks/vit_2023/vnnlib/ibp_3_3_8_9175.vnnlib,.006132425,error_exit_code_1,.606988082
vit_2023,/home/elipregerson/nnenum/vnncomp2025_benchmarks/benchmarks/vit_2023/onnx/ibp_3_3_8.onnx,/home/elipregerson/nnenum/vnncomp2025_benchmarks/benchmarks/vit_2023/vnnlib/ibp_3_3_8_6902.vnnlib,.006187580,error_exit_code_1,.616494911
vit_2023,/home/elipregerson/nnenum/vnncomp2025_benchmarks/benchmarks/vit_2023/onnx/ibp_3_3_8.onnx,/home/elipregerson/nnenum/vnncomp2025_benchmarks/benchmarks/vit_2023/vnnlib/ibp_3_3_8_7116.vnnlib,.006045500,error_exit_code_1,.616457917
vit_2023,/home/elipregerson/nnenum/vnncomp2025_benchmarks/benchmarks/vit_2023/onnx/ibp_3_3_8.onnx,/home/elipregerson/nnenum/vnncomp2025_benchmarks/benchmarks/vit_2023/vnnlib/ibp_3_3_8_9432.vnnlib,.006084964,error_exit_code_1,.610023491
vit_2023,/home/elipregerson/nnenum/vnncomp2025_benchmarks/benchmarks/vit_2023/onnx/ibp_3_3_8.onnx,/home/elipregerson/nnenum/vnncomp2025_benchmarks/benchmarks/vit_2023/vnnlib/ibp_3_3_8_7322.vnnlib,.005976197,error_exit_code_1,.625156350
vit_2023,/home/elipregerson/nnenum/vnncomp2025_benchmarks/benchmarks/vit_2023/onnx/ibp_3_3_8.onnx,/home/elipregerson/nnenum/vnncomp2025_benchmarks/benchmarks/vit_2023/vnnlib/ibp_3_3_8_1264.vnnlib,.006139252,error_exit_code_1,.610992688
vit_2023,/home/elipregerson/nnenum/vnncomp2025_benchmarks/benchmarks/vit_2023/onnx/ibp_3_3_8.onnx,/home/elipregerson/nnenum/vnncomp2025_benchmarks/benchmarks/vit_2023/vnnlib/ibp_3_3_8_8918.vnnlib,.006098452,error_exit_code_1,.618348456
vit_2023,/home/elipregerson/nnenum/vnncomp2025_benchmarks/benchmarks/vit_2023/onnx/ibp_3_3_8.onnx,/home/elipregerson/nnenum/vnncomp2025_benchmarks/benchmarks/vit_2023/vnnlib/ibp_3_3_8_6091.vnnlib,.006052342,error_exit_code_1,.612065281
vit_2023,/home/elipregerson/nnenum/vnncomp2025_benchmarks/benchmarks/vit_2023/onnx/ibp_3_3_8.onnx,/home/elipregerson/nnenum/vnncomp2025_benchmarks/benchmarks/vit_2023/vnnlib/ibp_3_3_8_4027.vnnlib,.006236944,error_exit_code_1,.614351958
vit_2023,/home/elipregerson/nnenum/vnncomp2025_benchmarks/benchmarks/vit_2023/onnx/ibp_3_3_8.onnx,/home/elipregerson/nnenum/vnncomp2025_benchmarks/benchmarks/vit_2023/vnnlib/ibp_3_3_8_1028.vnnlib,.006070098,error_exit_code_1,.616039267
vit_2023,/home/elipregerson/nnenum/vnncomp2025_benchmarks/benchmarks/vit_2023/onnx/ibp_3_3_8.onnx,/home/elipregerson/nnenum/vnncomp2025_benchmarks/benchmarks/vit_2023/vnnlib/ibp_3_3_8_7926.vnnlib,.006065970,error_exit_code_1,.619059236
vit_2023,/home/elipregerson/nnenum/vnncomp2025_benchmarks/benchmarks/vit_2023/onnx/ibp_3_3_8.onnx,/home/elipregerson/nnenum/vnncomp2025_benchmarks/benchmarks/vit_2023/vnnlib/ibp_3_3_8_2157.vnnlib,.006125510,error_exit_code_1,.612552386
vit_2023,/home/elipregerson/nnenum/vnncomp2025_benchmarks/benchmarks/vit_2023/onnx/ibp_3_3_8.onnx,/home/elipregerson/nnenum/vnncomp2025_benchmarks/benchmarks/vit_2023/vnnlib/ibp_3_3_8_9128.vnnlib,.005912032,error_exit_code_1,.607075987
vit_2023,/home/elipregerson/nnenum/vnncomp2025_benchmarks/benchmarks/vit_2023/onnx/ibp_3_3_8.onnx,/home/elipregerson/nnenum/vnncomp2025_benchmarks/benchmarks/vit_2023/vnnlib/ibp_3_3_8_9687.vnnlib,.006092220,error_exit_code_1,.610745113
vit_2023,/home/elipregerson/nnenum/vnncomp2025_benchmarks/benchmarks/vit_2023/onnx/ibp_3_3_8.onnx,/home/elipregerson/nnenum/vnncomp2025_benchmarks/benchmarks/vit_2023/vnnlib/ibp_3_3_8_4861.vnnlib,.005965076,error_exit_code_1,.610562720
vit_2023,/home/elipregerson/nnenum/vnncomp2025_benchmarks/benchmarks/vit_2023/onnx/ibp_3_3_8.onnx,/home/elipregerson/nnenum/vnncomp2025_benchmarks/benchmarks/vit_2023/vnnlib/ibp_3_3_8_9895.vnnlib,.006037219,error_exit_code_1,.611626033
vit_2023,/home/elipregerson/nnenum/vnncomp2025_benchmarks/benchmarks/vit_2023/onnx/ibp_3_3_8.onnx,/home/elipregerson/nnenum/vnncomp2025_benchmarks/benchmarks/vit_2023/vnnlib/ibp_3_3_8_8386.vnnlib,.006057225,error_exit_code_1,.621055976
vit_2023,/home/elipregerson/nnenum/vnncomp2025_benchmarks/benchmarks/vit_2023/onnx/ibp_3_3_8.onnx,/home/elipregerson/nnenum/vnncomp2025_benchmarks/benchmarks/vit_2023/vnnlib/ibp_3_3_8_440.vnnlib,.005985947,error_exit_code_1,.613264037
vit_2023,/home/elipregerson/nnenum/vnncomp2025_benchmarks/benchmarks/vit_2023/onnx/ibp_3_3_8.onnx,/home/elipregerson/nnenum/vnncomp2025_benchmarks/benchmarks/vit_2023/vnnlib/ibp_3_3_8_8783.vnnlib,.006089215,error_exit_code_1,.615548496
vit_2023,/home/elipregerson/nnenum/vnncomp2025_benchmarks/benchmarks/vit_2023/onnx/ibp_3_3_8.onnx,/home/elipregerson/nnenum/vnncomp2025_benchmarks/benchmarks/vit_2023/vnnlib/ibp_3_3_8_9965.vnnlib,.006141165,error_exit_code_1,.617429224
vit_2023,/home/elipregerson/nnenum/vnncomp2025_benchmarks/benchmarks/vit_2023/onnx/ibp_3_3_8.onnx,/home/elipregerson/nnenum/vnncomp2025_benchmarks/benchmarks/vit_2023/vnnlib/ibp_3_3_8_3895.vnnlib,.006145139,error_exit_code_1,.614697567
vit_2023,/home/elipregerson/nnenum/vnncomp2025_benchmarks/benchmarks/vit_2023/onnx/ibp_3_3_8.onnx,/home/elipregerson/nnenum/vnncomp2025_benchmarks/benchmarks/vit_2023/vnnlib/ibp_3_3_8_8146.vnnlib,.006021992,error_exit_code_1,.621852010
vit_2023,/home/elipregerson/nnenum/vnncomp2025_benchmarks/benchmarks/vit_2023/onnx/ibp_3_3_8.onnx,/home/elipregerson/nnenum/vnncomp2025_benchmarks/benchmarks/vit_2023/vnnlib/ibp_3_3_8_8137.vnnlib,.006153667,error_exit_code_1,.616010875
vit_2023,/home/elipregerson/nnenum/vnncomp2025_benchmarks/benchmarks/vit_2023/onnx/ibp_3_3_8.onnx,/home/elipregerson/nnenum/vnncomp2025_benchmarks/benchmarks/vit_2023/vnnlib/ibp_3_3_8_5532.vnnlib,.005916259,error_exit_code_1,.610525470
vit_2023,/home/elipregerson/nnenum/vnncomp2025_benchmarks/benchmarks/vit_2023/onnx/ibp_3_3_8.onnx,/home/elipregerson/nnenum/vnncomp2025_benchmarks/benchmarks/vit_2023/vnnlib/ibp_3_3_8_9430.vnnlib,.006001674,error_exit_code_1,.612486379
vit_2023,/home/elipregerson/nnenum/vnncomp2025_benchmarks/benchmarks/vit_2023/onnx/ibp_3_3_8.onnx,/home/elipregerson/nnenum/vnncomp2025_benchmarks/benchmarks/vit_2023/vnnlib/ibp_3_3_8_2383.vnnlib,.006124228,error_exit_code_1,.608594927
vit_2023,/home/elipregerson/nnenum/vnncomp2025_benchmarks/benchmarks/vit_2023/onnx/ibp_3_3_8.onnx,/home/elipregerson/nnenum/vnncomp2025_benchmarks/benchmarks/vit_2023/vnnlib/ibp_3_3_8_6438.vnnlib,.005967153,error_exit_code_1,.610186518
vit_2023,/home/elipregerson/nnenum/vnncomp2025_benchmarks/benchmarks/vit_2023/onnx/ibp_3_3_8.onnx,/home/elipregerson/nnenum/vnncomp2025_benchmarks/benchmarks/vit_2023/vnnlib/ibp_3_3_8_4703.vnnlib,.005937112,error_exit_code_1,.619725114
vit_2023,/home/elipregerson/nnenum/vnncomp2025_benchmarks/benchmarks/vit_2023/onnx/ibp_3_3_8.onnx,/home/elipregerson/nnenum/vnncomp2025_benchmarks/benchmarks/vit_2023/vnnlib/ibp_3_3_8_5402.vnnlib,.006160959,error_exit_code_1,.620239450
vit_2023,/home/elipregerson/nnenum/vnncomp2025_benchmarks/benchmarks/vit_2023/onnx/ibp_3_3_8.onnx,/home/elipregerson/nnenum/vnncomp2025_benchmarks/benchmarks/vit_2023/vnnlib/ibp_3_3_8_7364.vnnlib,.005948911,error_exit_code_1,.611959306
vit_2023,/home/elipregerson/nnenum/vnncomp2025_benchmarks/benchmarks/vit_2023/onnx/ibp_3_3_8.onnx,/home/elipregerson/nnenum/vnncomp2025_benchmarks/benchmarks/vit_2023/vnnlib/ibp_3_3_8_7227.vnnlib,.005975941,error_exit_code_1,.613921120
vit_2023,/home/elipregerson/nnenum/vnncomp2025_benchmarks/benchmarks/vit_2023/onnx/ibp_3_3_8.onnx,/home/elipregerson/nnenum/vnncomp2025_benchmarks/benchmarks/vit_2023/vnnlib/ibp_3_3_8_4603.vnnlib,.006011632,error_exit_code_1,.613886325
vit_2023,/home/elipregerson/nnenum/vnncomp2025_benchmarks/benchmarks/vit_2023/onnx/ibp_3_3_8.onnx,/home/elipregerson/nnenum/vnncomp2025_benchmarks/benchmarks/vit_2023/vnnlib/ibp_3_3_8_8792.vnnlib,.006019103,error_exit_code_1,.621551961
vit_2023,/home/elipregerson/nnenum/vnncomp2025_benchmarks/benchmarks/vit_2023/onnx/ibp_3_3_8.onnx,/home/elipregerson/nnenum/vnncomp2025_benchmarks/benchmarks/vit_2023/vnnlib/ibp_3_3_8_6025.vnnlib,.006174324,error_exit_code_1,.624415632
vit_2023,/home/elipregerson/nnenum/vnncomp2025_benchmarks/benchmarks/vit_2023/onnx/ibp_3_3_8.onnx,/home/elipregerson/nnenum/vnncomp2025_benchmarks/benchmarks/vit_2023/vnnlib/ibp_3_3_8_236.vnnlib,.006047936,error_exit_code_1,.608319458
vit_2023,/home/elipregerson/nnenum/vnncomp2025_benchmarks/benchmarks/vit_2023/onnx/ibp_3_3_8.onnx,/home/elipregerson/nnenum/vnncomp2025_benchmarks/benchmarks/vit_2023/vnnlib/ibp_3_3_8_7157.vnnlib,.006062460,error_exit_code_1,.620967024
vit_2023,/home/elipregerson/nnenum/vnncomp2025_benchmarks/benchmarks/vit_2023/onnx/ibp_3_3_8.onnx,/home/elipregerson/nnenum/vnncomp2025_benchmarks/benchmarks/vit_2023/vnnlib/ibp_3_3_8_6401.vnnlib,.006019184,error_exit_code_1,.618123054
vit_2023,/home/elipregerson/nnenum/vnncomp2025_benchmarks/benchmarks/vit_2023/onnx/ibp_3_3_8.onnx,/home/elipregerson/nnenum/vnncomp2025_benchmarks/benchmarks/vit_2023/vnnlib/ibp_3_3_8_3850.vnnlib,.006053737,error_exit_code_1,.604672646
vit_2023,/home/elipregerson/nnenum/vnncomp2025_benchmarks/benchmarks/vit_2023/onnx/ibp_3_3_8.onnx,/home/elipregerson/nnenum/vnncomp2025_benchmarks/benchmarks/vit_2023/vnnlib/ibp_3_3_8_4297.vnnlib,.006297492,error_exit_code_1,.620693426
vit_2023,/home/elipregerson/nnenum/vnncomp2025_benchmarks/benchmarks/vit_2023/onnx/ibp_3_3_8.onnx,/home/elipregerson/nnenum/vnncomp2025_benchmarks/benchmarks/vit_2023/vnnlib/ibp_3_3_8_3158.vnnlib,.005921358,error_exit_code_1,.609838524
vit_2023,/home/elipregerson/nnenum/vnncomp2025_benchmarks/benchmarks/vit_2023/onnx/ibp_3_3_8.onnx,/home/elipregerson/nnenum/vnncomp2025_benchmarks/benchmarks/vit_2023/vnnlib/ibp_3_3_8_2671.vnnlib,.005948229,error_exit_code_1,.610566553
vit_2023,/home/elipregerson/nnenum/vnncomp2025_benchmarks/benchmarks/vit_2023/onnx/ibp_3_3_8.onnx,/home/elipregerson/nnenum/vnncomp2025_benchmarks/benchmarks/vit_2023/vnnlib/ibp_3_3_8_3193.vnnlib,.006342250,error_exit_code_1,.613610854
vit_2023,/home/elipregerson/nnenum/vnncomp2025_benchmarks/benchmarks/vit_2023/onnx/ibp_3_3_8.onnx,/home/elipregerson/nnenum/vnncomp2025_benchmarks/benchmarks/vit_2023/vnnlib/ibp_3_3_8_2339.vnnlib,.006166218,error_exit_code_1,.635663262
vit_2023,/home/elipregerson/nnenum/vnncomp2025_benchmarks/benchmarks/vit_2023/onnx/ibp_3_3_8.onnx,/home/elipregerson/nnenum/vnncomp2025_benchmarks/benchmarks/vit_2023/vnnlib/ibp_3_3_8_1656.vnnlib,.006353617,error_exit_code_1,.610421357
vit_2023,/home/elipregerson/nnenum/vnncomp2025_benchmarks/benchmarks/vit_2023/onnx/ibp_3_3_8.onnx,/home/elipregerson/nnenum/vnncomp2025_benchmarks/benchmarks/vit_2023/vnnlib/ibp_3_3_8_4199.vnnlib,.006045989,error_exit_code_1,.613049841
vit_2023,/home/elipregerson/nnenum/vnncomp2025_benchmarks/benchmarks/vit_2023/onnx/ibp_3_3_8.onnx,/home/elipregerson/nnenum/vnncomp2025_benchmarks/benchmarks/vit_2023/vnnlib/ibp_3_3_8_7682.vnnlib,.005938251,error_exit_code_1,.605967657
vit_2023,/home/elipregerson/nnenum/vnncomp2025_benchmarks/benchmarks/vit_2023/onnx/ibp_3_3_8.onnx,/home/elipregerson/nnenum/vnncomp2025_benchmarks/benchmarks/vit_2023/vnnlib/ibp_3_3_8_2429.vnnlib,.006133233,error_exit_code_1,.607060355
vit_2023,/home/elipregerson/nnenum/vnncomp2025_benchmarks/benchmarks/vit_2023/onnx/ibp_3_3_8.onnx,/home/elipregerson/nnenum/vnncomp2025_benchmarks/benchmarks/vit_2023/vnnlib/ibp_3_3_8_7305.vnnlib,.006154443,error_exit_code_1,.608762533
vit_2023,/home/elipregerson/nnenum/vnncomp2025_benchmarks/benchmarks/vit_2023/onnx/ibp_3_3_8.onnx,/home/elipregerson/nnenum/vnncomp2025_benchmarks/benchmarks/vit_2023/vnnlib/ibp_3_3_8_6769.vnnlib,.006187838,error_exit_code_1,.629123302
vit_2023,/home/elipregerson/nnenum/vnncomp2025_benchmarks/benchmarks/vit_2023/onnx/ibp_3_3_8.onnx,/home/elipregerson/nnenum/vnncomp2025_benchmarks/benchmarks/vit_2023/vnnlib/ibp_3_3_8_253.vnnlib,.006109401,error_exit_code_1,.622126275
vit_2023,/home/elipregerson/nnenum/vnncomp2025_benchmarks/benchmarks/vit_2023/onnx/ibp_3_3_8.onnx,/home/elipregerson/nnenum/vnncomp2025_benchmarks/benchmarks/vit_2023/vnnlib/ibp_3_3_8_7132.vnnlib,.006011437,error_exit_code_1,.618708355
vit_2023,/home/elipregerson/nnenum/vnncomp2025_benchmarks/benchmarks/vit_2023/onnx/ibp_3_3_8.onnx,/home/elipregerson/nnenum/vnncomp2025_benchmarks/benchmarks/vit_2023/vnnlib/ibp_3_3_8_4879.vnnlib,.006016808,error_exit_code_1,.606748863
vit_2023,/home/elipregerson/nnenum/vnncomp2025_benchmarks/benchmarks/vit_2023/onnx/ibp_3_3_8.onnx,/home/elipregerson/nnenum/vnncomp2025_benchmarks/benchmarks/vit_2023/vnnlib/ibp_3_3_8_5753.vnnlib,.006089259,error_exit_code_1,.609526537
vit_2023,/home/elipregerson/nnenum/vnncomp2025_benchmarks/benchmarks/vit_2023/onnx/ibp_3_3_8.onnx,/home/elipregerson/nnenum/vnncomp2025_benchmarks/benchmarks/vit_2023/vnnlib/ibp_3_3_8_9481.vnnlib,.006234816,error_exit_code_1,.610703487
vit_2023,/home/elipregerson/nnenum/vnncomp2025_benchmarks/benchmarks/vit_2023/onnx/ibp_3_3_8.onnx,/home/elipregerson/nnenum/vnncomp2025_benchmarks/benchmarks/vit_2023/vnnlib/ibp_3_3_8_996.vnnlib,.006133259,error_exit_code_1,.607178024
vit_2023,/home/elipregerson/nnenum/vnncomp2025_benchmarks/benchmarks/vit_2023/onnx/ibp_3_3_8.onnx,/home/elipregerson/nnenum/vnncomp2025_benchmarks/benchmarks/vit_2023/vnnlib/ibp_3_3_8_9059.vnnlib,.006191514,error_exit_code_1,.617647058
vit_2023,/home/elipregerson/nnenum/vnncomp2025_benchmarks/benchmarks/vit_2023/onnx/ibp_3_3_8.onnx,/home/elipregerson/nnenum/vnncomp2025_benchmarks/benchmarks/vit_2023/vnnlib/ibp_3_3_8_3131.vnnlib,.006120547,error_exit_code_1,.623718695
vit_2023,/home/elipregerson/nnenum/vnncomp2025_benchmarks/benchmarks/vit_2023/onnx/ibp_3_3_8.onnx,/home/elipregerson/nnenum/vnncomp2025_benchmarks/benchmarks/vit_2023/vnnlib/ibp_3_3_8_7624.vnnlib,.005955697,error_exit_code_1,.612509497
vit_2023,/home/elipregerson/nnenum/vnncomp2025_benchmarks/benchmarks/vit_2023/onnx/ibp_3_3_8.onnx,/home/elipregerson/nnenum/vnncomp2025_benchmarks/benchmarks/vit_2023/vnnlib/ibp_3_3_8_6948.vnnlib,.006063973,error_exit_code_1,.615212686
vit_2023,/home/elipregerson/nnenum/vnncomp2025_benchmarks/benchmarks/vit_2023/onnx/ibp_3_3_8.onnx,/home/elipregerson/nnenum/vnncomp2025_benchmarks/benchmarks/vit_2023/vnnlib/ibp_3_3_8_7689.vnnlib,.006031329,error_exit_code_1,.612619713
vit_2023,/home/elipregerson/nnenum/vnncomp2025_benchmarks/benchmarks/vit_2023/onnx/ibp_3_3_8.onnx,/home/elipregerson/nnenum/vnncomp2025_benchmarks/benchmarks/vit_2023/vnnlib/ibp_3_3_8_8694.vnnlib,.006137350,error_exit_code_1,.616929307
vit_2023,/home/elipregerson/nnenum/vnncomp2025_benchmarks/benchmarks/vit_2023/onnx/ibp_3_3_8.onnx,/home/elipregerson/nnenum/vnncomp2025_benchmarks/benchmarks/vit_2023/vnnlib/ibp_3_3_8_2851.vnnlib,.006164834,error_exit_code_1,.629809989
vit_2023,/home/elipregerson/nnenum/vnncomp2025_benchmarks/benchmarks/vit_2023/onnx/ibp_3_3_8.onnx,/home/elipregerson/nnenum/vnncomp2025_benchmarks/benchmarks/vit_2023/vnnlib/ibp_3_3_8_8354.vnnlib,.007817291,error_exit_code_1,.631112493
vit_2023,/home/elipregerson/nnenum/vnncomp2025_benchmarks/benchmarks/vit_2023/onnx/ibp_3_3_8.onnx,/home/elipregerson/nnenum/vnncomp2025_benchmarks/benchmarks/vit_2023/vnnlib/ibp_3_3_8_8900.vnnlib,.006229596,error_exit_code_1,.622780761
vit_2023,/home/elipregerson/nnenum/vnncomp2025_benchmarks/benchmarks/vit_2023/onnx/ibp_3_3_8.onnx,/home/elipregerson/nnenum/vnncomp2025_benchmarks/benchmarks/vit_2023/vnnlib/ibp_3_3_8_3810.vnnlib,.006086921,error_exit_code_1,.625905576
vit_2023,/home/elipregerson/nnenum/vnncomp2025_benchmarks/benchmarks/vit_2023/onnx/ibp_3_3_8.onnx,/home/elipregerson/nnenum/vnncomp2025_benchmarks/benchmarks/vit_2023/vnnlib/ibp_3_3_8_460.vnnlib,.006163603,error_exit_code_1,.611010376
vit_2023,/home/elipregerson/nnenum/vnncomp2025_benchmarks/benchmarks/vit_2023/onnx/ibp_3_3_8.onnx,/home/elipregerson/nnenum/vnncomp2025_benchmarks/benchmarks/vit_2023/vnnlib/ibp_3_3_8_6239.vnnlib,.005976212,error_exit_code_1,.607515584
vit_2023,/home/elipregerson/nnenum/vnncomp2025_benchmarks/benchmarks/vit_2023/onnx/ibp_3_3_8.onnx,/home/elipregerson/nnenum/vnncomp2025_benchmarks/benchmarks/vit_2023/vnnlib/ibp_3_3_8_4831.vnnlib,.006019914,error_exit_code_1,.607946497
vit_2023,/home/elipregerson/nnenum/vnncomp2025_benchmarks/benchmarks/vit_2023/onnx/ibp_3_3_8.onnx,/home/elipregerson/nnenum/vnncomp2025_benchmarks/benchmarks/vit_2023/vnnlib/ibp_3_3_8_8370.vnnlib,.006018436,error_exit_code_1,.611500426
vit_2023,/home/elipregerson/nnenum/vnncomp2025_benchmarks/benchmarks/test/onnx/test_nano.onnx,/home/elipregerson/nnenum/vnncomp2025_benchmarks/benchmarks/test/vnnlib/test_nano.vnnlib,.006158177,unsat,.532036047
yolo_2023,/home/elipregerson/nnenum/vnncomp2025_benchmarks/benchmarks/yolo_2023/onnx/TinyYOLO.onnx,/home/elipregerson/nnenum/vnncomp2025_benchmarks/benchmarks/yolo_2023/vnnlib/TinyYOLO_prop_000005_eps_1_255.vnnlib,.006014498,error_exit_code_1,.599697432
yolo_2023,/home/elipregerson/nnenum/vnncomp2025_benchmarks/benchmarks/yolo_2023/onnx/TinyYOLO.onnx,/home/elipregerson/nnenum/vnncomp2025_benchmarks/benchmarks/yolo_2023/vnnlib/TinyYOLO_prop_000459_eps_1_255.vnnlib,.006189154,error_exit_code_1,.597421573
yolo_2023,/home/elipregerson/nnenum/vnncomp2025_benchmarks/benchmarks/yolo_2023/onnx/TinyYOLO.onnx,/home/elipregerson/nnenum/vnncomp2025_benchmarks/benchmarks/yolo_2023/vnnlib/TinyYOLO_prop_000290_eps_1_255.vnnlib,.006041565,error_exit_code_1,.595326028
yolo_2023,/home/elipregerson/nnenum/vnncomp2025_benchmarks/benchmarks/yolo_2023/onnx/TinyYOLO.onnx,/home/elipregerson/nnenum/vnncomp2025_benchmarks/benchmarks/yolo_2023/vnnlib/TinyYOLO_prop_000257_eps_1_255.vnnlib,.006084945,error_exit_code_1,.603728399
yolo_2023,/home/elipregerson/nnenum/vnncomp2025_benchmarks/benchmarks/yolo_2023/onnx/TinyYOLO.onnx,/home/elipregerson/nnenum/vnncomp2025_benchmarks/benchmarks/yolo_2023/vnnlib/TinyYOLO_prop_000367_eps_1_255.vnnlib,.006042606,error_exit_code_1,.599871702
yolo_2023,/home/elipregerson/nnenum/vnncomp2025_benchmarks/benchmarks/yolo_2023/onnx/TinyYOLO.onnx,/home/elipregerson/nnenum/vnncomp2025_benchmarks/benchmarks/yolo_2023/vnnlib/TinyYOLO_prop_000039_eps_1_255.vnnlib,.006130789,error_exit_code_1,.601959070
yolo_2023,/home/elipregerson/nnenum/vnncomp2025_benchmarks/benchmarks/yolo_2023/onnx/TinyYOLO.onnx,/home/elipregerson/nnenum/vnncomp2025_benchmarks/benchmarks/yolo_2023/vnnlib/TinyYOLO_prop_000082_eps_1_255.vnnlib,.006164910,error_exit_code_1,.607281824
yolo_2023,/home/elipregerson/nnenum/vnncomp2025_benchmarks/benchmarks/yolo_2023/onnx/TinyYOLO.onnx,/home/elipregerson/nnenum/vnncomp2025_benchmarks/benchmarks/yolo_2023/vnnlib/TinyYOLO_prop_000296_eps_1_255.vnnlib,.006037819,error_exit_code_1,.603600238
yolo_2023,/home/elipregerson/nnenum/vnncomp2025_benchmarks/benchmarks/yolo_2023/onnx/TinyYOLO.onnx,/home/elipregerson/nnenum/vnncomp2025_benchmarks/benchmarks/yolo_2023/vnnlib/TinyYOLO_prop_000034_eps_1_255.vnnlib,.006045394,error_exit_code_1,.612881743
yolo_2023,/home/elipregerson/nnenum/vnncomp2025_benchmarks/benchmarks/yolo_2023/onnx/TinyYOLO.onnx,/home/elipregerson/nnenum/vnncomp2025_benchmarks/benchmarks/yolo_2023/vnnlib/TinyYOLO_prop_000448_eps_1_255.vnnlib,.006130283,error_exit_code_1,.597235130
yolo_2023,/home/elipregerson/nnenum/vnncomp2025_benchmarks/benchmarks/yolo_2023/onnx/TinyYOLO.onnx,/home/elipregerson/nnenum/vnncomp2025_benchmarks/benchmarks/yolo_2023/vnnlib/TinyYOLO_prop_000221_eps_1_255.vnnlib,.006101469,error_exit_code_1,.601949522
yolo_2023,/home/elipregerson/nnenum/vnncomp2025_benchmarks/benchmarks/yolo_2023/onnx/TinyYOLO.onnx,/home/elipregerson/nnenum/vnncomp2025_benchmarks/benchmarks/yolo_2023/vnnlib/TinyYOLO_prop_000040_eps_1_255.vnnlib,.005977923,error_exit_code_1,.603356450
yolo_2023,/home/elipregerson/nnenum/vnncomp2025_benchmarks/benchmarks/yolo_2023/onnx/TinyYOLO.onnx,/home/elipregerson/nnenum/vnncomp2025_benchmarks/benchmarks/yolo_2023/vnnlib/TinyYOLO_prop_000118_eps_1_255.vnnlib,.006180913,error_exit_code_1,.601223825
yolo_2023,/home/elipregerson/nnenum/vnncomp2025_benchmarks/benchmarks/yolo_2023/onnx/TinyYOLO.onnx,/home/elipregerson/nnenum/vnncomp2025_benchmarks/benchmarks/yolo_2023/vnnlib/TinyYOLO_prop_000359_eps_1_255.vnnlib,.005876111,error_exit_code_1,.600903190
yolo_2023,/home/elipregerson/nnenum/vnncomp2025_benchmarks/benchmarks/yolo_2023/onnx/TinyYOLO.onnx,/home/elipregerson/nnenum/vnncomp2025_benchmarks/benchmarks/yolo_2023/vnnlib/TinyYOLO_prop_000006_eps_1_255.vnnlib,.006331614,error_exit_code_1,.606034730
yolo_2023,/home/elipregerson/nnenum/vnncomp2025_benchmarks/benchmarks/yolo_2023/onnx/TinyYOLO.onnx,/home/elipregerson/nnenum/vnncomp2025_benchmarks/benchmarks/yolo_2023/vnnlib/TinyYOLO_prop_000004_eps_1_255.vnnlib,.006326703,error_exit_code_1,.602056674
yolo_2023,/home/elipregerson/nnenum/vnncomp2025_benchmarks/benchmarks/yolo_2023/onnx/TinyYOLO.onnx,/home/elipregerson/nnenum/vnncomp2025_benchmarks/benchmarks/yolo_2023/vnnlib/TinyYOLO_prop_000316_eps_1_255.vnnlib,.006146438,error_exit_code_1,.596142537
yolo_2023,/home/elipregerson/nnenum/vnncomp2025_benchmarks/benchmarks/yolo_2023/onnx/TinyYOLO.onnx,/home/elipregerson/nnenum/vnncomp2025_benchmarks/benchmarks/yolo_2023/vnnlib/TinyYOLO_prop_000080_eps_1_255.vnnlib,.006057497,error_exit_code_1,.601179158
yolo_2023,/home/elipregerson/nnenum/vnncomp2025_benchmarks/benchmarks/yolo_2023/onnx/TinyYOLO.onnx,/home/elipregerson/nnenum/vnncomp2025_benchmarks/benchmarks/yolo_2023/vnnlib/TinyYOLO_prop_000161_eps_1_255.vnnlib,.006125776,error_exit_code_1,.594581386
yolo_2023,/home/elipregerson/nnenum/vnncomp2025_benchmarks/benchmarks/yolo_2023/onnx/TinyYOLO.onnx,/home/elipregerson/nnenum/vnncomp2025_benchmarks/benchmarks/yolo_2023/vnnlib/TinyYOLO_prop_000081_eps_1_255.vnnlib,.006037119,error_exit_code_1,.593086082
yolo_2023,/home/elipregerson/nnenum/vnncomp2025_benchmarks/benchmarks/yolo_2023/onnx/TinyYOLO.onnx,/home/elipregerson/nnenum/vnncomp2025_benchmarks/benchmarks/yolo_2023/vnnlib/TinyYOLO_prop_000425_eps_1_255.vnnlib,.006017077,error_exit_code_1,.602666554
yolo_2023,/home/elipregerson/nnenum/vnncomp2025_benchmarks/benchmarks/yolo_2023/onnx/TinyYOLO.onnx,/home/elipregerson/nnenum/vnncomp2025_benchmarks/benchmarks/yolo_2023/vnnlib/TinyYOLO_prop_000324_eps_1_255.vnnlib,.006069860,error_exit_code_1,.602926014
yolo_2023,/home/elipregerson/nnenum/vnncomp2025_benchmarks/benchmarks/yolo_2023/onnx/TinyYOLO.onnx,/home/elipregerson/nnenum/vnncomp2025_benchmarks/benchmarks/yolo_2023/vnnlib/TinyYOLO_prop_000439_eps_1_255.vnnlib,.006046982,error_exit_code_1,.592885184
yolo_2023,/home/elipregerson/nnenum/vnncomp2025_benchmarks/benchmarks/yolo_2023/onnx/TinyYOLO.onnx,/home/elipregerson/nnenum/vnncomp2025_benchmarks/benchmarks/yolo_2023/vnnlib/TinyYOLO_prop_000306_eps_1_255.vnnlib,.006169621,error_exit_code_1,.596889600
yolo_2023,/home/elipregerson/nnenum/vnncomp2025_benchmarks/benchmarks/yolo_2023/onnx/TinyYOLO.onnx,/home/elipregerson/nnenum/vnncomp2025_benchmarks/benchmarks/yolo_2023/vnnlib/TinyYOLO_prop_000302_eps_1_255.vnnlib,.006090953,error_exit_code_1,.591383374
yolo_2023,/home/elipregerson/nnenum/vnncomp2025_benchmarks/benchmarks/yolo_2023/onnx/TinyYOLO.onnx,/home/elipregerson/nnenum/vnncomp2025_benchmarks/benchmarks/yolo_2023/vnnlib/TinyYOLO_prop_000220_eps_1_255.vnnlib,.006237362,error_exit_code_1,.599630142
yolo_2023,/home/elipregerson/nnenum/vnncomp2025_benchmarks/benchmarks/yolo_2023/onnx/TinyYOLO.onnx,/home/elipregerson/nnenum/vnncomp2025_benchmarks/benchmarks/yolo_2023/vnnlib/TinyYOLO_prop_000101_eps_1_255.vnnlib,.005997732,error_exit_code_1,.599342800
yolo_2023,/home/elipregerson/nnenum/vnncomp2025_benchmarks/benchmarks/yolo_2023/onnx/TinyYOLO.onnx,/home/elipregerson/nnenum/vnncomp2025_benchmarks/benchmarks/yolo_2023/vnnlib/TinyYOLO_prop_000420_eps_1_255.vnnlib,.005991679,error_exit_code_1,.595595774
yolo_2023,/home/elipregerson/nnenum/vnncomp2025_benchmarks/benchmarks/yolo_2023/onnx/TinyYOLO.onnx,/home/elipregerson/nnenum/vnncomp2025_benchmarks/benchmarks/yolo_2023/vnnlib/TinyYOLO_prop_000036_eps_1_255.vnnlib,.006029412,error_exit_code_1,.600099727
yolo_2023,/home/elipregerson/nnenum/vnncomp2025_benchmarks/benchmarks/yolo_2023/onnx/TinyYOLO.onnx,/home/elipregerson/nnenum/vnncomp2025_benchmarks/benchmarks/yolo_2023/vnnlib/TinyYOLO_prop_000447_eps_1_255.vnnlib,.006115512,error_exit_code_1,.592367307
yolo_2023,/home/elipregerson/nnenum/vnncomp2025_benchmarks/benchmarks/yolo_2023/onnx/TinyYOLO.onnx,/home/elipregerson/nnenum/vnncomp2025_benchmarks/benchmarks/yolo_2023/vnnlib/TinyYOLO_prop_000103_eps_1_255.vnnlib,.006039887,error_exit_code_1,.596845437
yolo_2023,/home/elipregerson/nnenum/vnncomp2025_benchmarks/benchmarks/yolo_2023/onnx/TinyYOLO.onnx,/home/elipregerson/nnenum/vnncomp2025_benchmarks/benchmarks/yolo_2023/vnnlib/TinyYOLO_prop_000266_eps_1_255.vnnlib,.006074464,error_exit_code_1,.596659322
yolo_2023,/home/elipregerson/nnenum/vnncomp2025_benchmarks/benchmarks/yolo_2023/onnx/TinyYOLO.onnx,/home/elipregerson/nnenum/vnncomp2025_benchmarks/benchmarks/yolo_2023/vnnlib/TinyYOLO_prop_000047_eps_1_255.vnnlib,.006027469,error_exit_code_1,.601632999
yolo_2023,/home/elipregerson/nnenum/vnncomp2025_benchmarks/benchmarks/yolo_2023/onnx/TinyYOLO.onnx,/home/elipregerson/nnenum/vnncomp2025_benchmarks/benchmarks/yolo_2023/vnnlib/TinyYOLO_prop_000015_eps_1_255.vnnlib,.006231667,error_exit_code_1,.603108632
yolo_2023,/home/elipregerson/nnenum/vnncomp2025_benchmarks/benchmarks/yolo_2023/onnx/TinyYOLO.onnx,/home/elipregerson/nnenum/vnncomp2025_benchmarks/benchmarks/yolo_2023/vnnlib/TinyYOLO_prop_000284_eps_1_255.vnnlib,.006130440,error_exit_code_1,.605178659
yolo_2023,/home/elipregerson/nnenum/vnncomp2025_benchmarks/benchmarks/yolo_2023/onnx/TinyYOLO.onnx,/home/elipregerson/nnenum/vnncomp2025_benchmarks/benchmarks/yolo_2023/vnnlib/TinyYOLO_prop_000201_eps_1_255.vnnlib,.006054488,error_exit_code_1,.609186048
yolo_2023,/home/elipregerson/nnenum/vnncomp2025_benchmarks/benchmarks/yolo_2023/onnx/TinyYOLO.onnx,/home/elipregerson/nnenum/vnncomp2025_benchmarks/benchmarks/yolo_2023/vnnlib/TinyYOLO_prop_000323_eps_1_255.vnnlib,.005980827,error_exit_code_1,.605149288
yolo_2023,/home/elipregerson/nnenum/vnncomp2025_benchmarks/benchmarks/yolo_2023/onnx/TinyYOLO.onnx,/home/elipregerson/nnenum/vnncomp2025_benchmarks/benchmarks/yolo_2023/vnnlib/TinyYOLO_prop_000395_eps_1_255.vnnlib,.006217776,error_exit_code_1,.602003585
yolo_2023,/home/elipregerson/nnenum/vnncomp2025_benchmarks/benchmarks/yolo_2023/onnx/TinyYOLO.onnx,/home/elipregerson/nnenum/vnncomp2025_benchmarks/benchmarks/yolo_2023/vnnlib/TinyYOLO_prop_000450_eps_1_255.vnnlib,.006095957,error_exit_code_1,.598010357
yolo_2023,/home/elipregerson/nnenum/vnncomp2025_benchmarks/benchmarks/yolo_2023/onnx/TinyYOLO.onnx,/home/elipregerson/nnenum/vnncomp2025_benchmarks/benchmarks/yolo_2023/vnnlib/TinyYOLO_prop_000308_eps_1_255.vnnlib,.006040140,error_exit_code_1,.598817921
yolo_2023,/home/elipregerson/nnenum/vnncomp2025_benchmarks/benchmarks/yolo_2023/onnx/TinyYOLO.onnx,/home/elipregerson/nnenum/vnncomp2025_benchmarks/benchmarks/yolo_2023/vnnlib/TinyYOLO_prop_000159_eps_1_255.vnnlib,.006352368,error_exit_code_1,.600482667
yolo_2023,/home/elipregerson/nnenum/vnncomp2025_benchmarks/benchmarks/yolo_2023/onnx/TinyYOLO.onnx,/home/elipregerson/nnenum/vnncomp2025_benchmarks/benchmarks/yolo_2023/vnnlib/TinyYOLO_prop_000370_eps_1_255.vnnlib,.006105820,error_exit_code_1,.601117352
yolo_2023,/home/elipregerson/nnenum/vnncomp2025_benchmarks/benchmarks/yolo_2023/onnx/TinyYOLO.onnx,/home/elipregerson/nnenum/vnncomp2025_benchmarks/benchmarks/yolo_2023/vnnlib/TinyYOLO_prop_000217_eps_1_255.vnnlib,.006173813,error_exit_code_1,.607895302
yolo_2023,/home/elipregerson/nnenum/vnncomp2025_benchmarks/benchmarks/yolo_2023/onnx/TinyYOLO.onnx,/home/elipregerson/nnenum/vnncomp2025_benchmarks/benchmarks/yolo_2023/vnnlib/TinyYOLO_prop_000299_eps_1_255.vnnlib,.006206893,error_exit_code_1,.602533934
yolo_2023,/home/elipregerson/nnenum/vnncomp2025_benchmarks/benchmarks/yolo_2023/onnx/TinyYOLO.onnx,/home/elipregerson/nnenum/vnncomp2025_benchmarks/benchmarks/yolo_2023/vnnlib/TinyYOLO_prop_000401_eps_1_255.vnnlib,.006261735,error_exit_code_1,.603027370
yolo_2023,/home/elipregerson/nnenum/vnncomp2025_benchmarks/benchmarks/yolo_2023/onnx/TinyYOLO.onnx,/home/elipregerson/nnenum/vnncomp2025_benchmarks/benchmarks/yolo_2023/vnnlib/TinyYOLO_prop_000046_eps_1_255.vnnlib,.006081118,error_exit_code_1,.608939222
yolo_2023,/home/elipregerson/nnenum/vnncomp2025_benchmarks/benchmarks/yolo_2023/onnx/TinyYOLO.onnx,/home/elipregerson/nnenum/vnncomp2025_benchmarks/benchmarks/yolo_2023/vnnlib/TinyYOLO_prop_000139_eps_1_255.vnnlib,.006077422,error_exit_code_1,.599294742
yolo_2023,/home/elipregerson/nnenum/vnncomp2025_benchmarks/benchmarks/yolo_2023/onnx/TinyYOLO.onnx,/home/elipregerson/nnenum/vnncomp2025_benchmarks/benchmarks/yolo_2023/vnnlib/TinyYOLO_prop_000024_eps_1_255.vnnlib,.006095152,error_exit_code_1,.595572953
yolo_2023,/home/elipregerson/nnenum/vnncomp2025_benchmarks/benchmarks/yolo_2023/onnx/TinyYOLO.onnx,/home/elipregerson/nnenum/vnncomp2025_benchmarks/benchmarks/yolo_2023/vnnlib/TinyYOLO_prop_000249_eps_1_255.vnnlib,.006128723,error_exit_code_1,.599947380
yolo_2023,/home/elipregerson/nnenum/vnncomp2025_benchmarks/benchmarks/yolo_2023/onnx/TinyYOLO.onnx,/home/elipregerson/nnenum/vnncomp2025_benchmarks/benchmarks/yolo_2023/vnnlib/TinyYOLO_prop_000148_eps_1_255.vnnlib,.006079306,error_exit_code_1,.597252578
yolo_2023,/home/elipregerson/nnenum/vnncomp2025_benchmarks/benchmarks/yolo_2023/onnx/TinyYOLO.onnx,/home/elipregerson/nnenum/vnncomp2025_benchmarks/benchmarks/yolo_2023/vnnlib/TinyYOLO_prop_000196_eps_1_255.vnnlib,.006056744,error_exit_code_1,.604446777
yolo_2023,/home/elipregerson/nnenum/vnncomp2025_benchmarks/benchmarks/yolo_2023/onnx/TinyYOLO.onnx,/home/elipregerson/nnenum/vnncomp2025_benchmarks/benchmarks/yolo_2023/vnnlib/TinyYOLO_prop_000277_eps_1_255.vnnlib,.006126379,error_exit_code_1,.600741564
yolo_2023,/home/elipregerson/nnenum/vnncomp2025_benchmarks/benchmarks/yolo_2023/onnx/TinyYOLO.onnx,/home/elipregerson/nnenum/vnncomp2025_benchmarks/benchmarks/yolo_2023/vnnlib/TinyYOLO_prop_000262_eps_1_255.vnnlib,.006071523,error_exit_code_1,.594923482
yolo_2023,/home/elipregerson/nnenum/vnncomp2025_benchmarks/benchmarks/yolo_2023/onnx/TinyYOLO.onnx,/home/elipregerson/nnenum/vnncomp2025_benchmarks/benchmarks/yolo_2023/vnnlib/TinyYOLO_prop_000298_eps_1_255.vnnlib,.006022675,error_exit_code_1,.602403498
yolo_2023,/home/elipregerson/nnenum/vnncomp2025_benchmarks/benchmarks/yolo_2023/onnx/TinyYOLO.onnx,/home/elipregerson/nnenum/vnncomp2025_benchmarks/benchmarks/yolo_2023/vnnlib/TinyYOLO_prop_000336_eps_1_255.vnnlib,.006007109,error_exit_code_1,.595654921
yolo_2023,/home/elipregerson/nnenum/vnncomp2025_benchmarks/benchmarks/yolo_2023/onnx/TinyYOLO.onnx,/home/elipregerson/nnenum/vnncomp2025_benchmarks/benchmarks/yolo_2023/vnnlib/TinyYOLO_prop_000453_eps_1_255.vnnlib,.005998659,error_exit_code_1,.601606178
yolo_2023,/home/elipregerson/nnenum/vnncomp2025_benchmarks/benchmarks/yolo_2023/onnx/TinyYOLO.onnx,/home/elipregerson/nnenum/vnncomp2025_benchmarks/benchmarks/yolo_2023/vnnlib/TinyYOLO_prop_000405_eps_1_255.vnnlib,.006236775,error_exit_code_1,.592802793
yolo_2023,/home/elipregerson/nnenum/vnncomp2025_benchmarks/benchmarks/yolo_2023/onnx/TinyYOLO.onnx,/home/elipregerson/nnenum/vnncomp2025_benchmarks/benchmarks/yolo_2023/vnnlib/TinyYOLO_prop_000062_eps_1_255.vnnlib,.006246670,error_exit_code_1,.594341464
yolo_2023,/home/elipregerson/nnenum/vnncomp2025_benchmarks/benchmarks/yolo_2023/onnx/TinyYOLO.onnx,/home/elipregerson/nnenum/vnncomp2025_benchmarks/benchmarks/yolo_2023/vnnlib/TinyYOLO_prop_000165_eps_1_255.vnnlib,.005983399,error_exit_code_1,.605044861
yolo_2023,/home/elipregerson/nnenum/vnncomp2025_benchmarks/benchmarks/yolo_2023/onnx/TinyYOLO.onnx,/home/elipregerson/nnenum/vnncomp2025_benchmarks/benchmarks/yolo_2023/vnnlib/TinyYOLO_prop_000357_eps_1_255.vnnlib,.005989759,error_exit_code_1,.606270628
yolo_2023,/home/elipregerson/nnenum/vnncomp2025_benchmarks/benchmarks/yolo_2023/onnx/TinyYOLO.onnx,/home/elipregerson/nnenum/vnncomp2025_benchmarks/benchmarks/yolo_2023/vnnlib/TinyYOLO_prop_000037_eps_1_255.vnnlib,.006146840,error_exit_code_1,.596608325
yolo_2023,/home/elipregerson/nnenum/vnncomp2025_benchmarks/benchmarks/yolo_2023/onnx/TinyYOLO.onnx,/home/elipregerson/nnenum/vnncomp2025_benchmarks/benchmarks/yolo_2023/vnnlib/TinyYOLO_prop_000341_eps_1_255.vnnlib,.006007323,error_exit_code_1,.600462070
yolo_2023,/home/elipregerson/nnenum/vnncomp2025_benchmarks/benchmarks/yolo_2023/onnx/TinyYOLO.onnx,/home/elipregerson/nnenum/vnncomp2025_benchmarks/benchmarks/yolo_2023/vnnlib/TinyYOLO_prop_000271_eps_1_255.vnnlib,.005978772,error_exit_code_1,.599256486
yolo_2023,/home/elipregerson/nnenum/vnncomp2025_benchmarks/benchmarks/yolo_2023/onnx/TinyYOLO.onnx,/home/elipregerson/nnenum/vnncomp2025_benchmarks/benchmarks/yolo_2023/vnnlib/TinyYOLO_prop_000144_eps_1_255.vnnlib,.006150965,error_exit_code_1,.597938990
yolo_2023,/home/elipregerson/nnenum/vnncomp2025_benchmarks/benchmarks/yolo_2023/onnx/TinyYOLO.onnx,/home/elipregerson/nnenum/vnncomp2025_benchmarks/benchmarks/yolo_2023/vnnlib/TinyYOLO_prop_000170_eps_1_255.vnnlib,.006132591,error_exit_code_1,.598575307
yolo_2023,/home/elipregerson/nnenum/vnncomp2025_benchmarks/benchmarks/yolo_2023/onnx/TinyYOLO.onnx,/home/elipregerson/nnenum/vnncomp2025_benchmarks/benchmarks/yolo_2023/vnnlib/TinyYOLO_prop_000060_eps_1_255.vnnlib,.006138237,error_exit_code_1,.599284773
yolo_2023,/home/elipregerson/nnenum/vnncomp2025_benchmarks/benchmarks/yolo_2023/onnx/TinyYOLO.onnx,/home/elipregerson/nnenum/vnncomp2025_benchmarks/benchmarks/yolo_2023/vnnlib/TinyYOLO_prop_000129_eps_1_255.vnnlib,.006112912,error_exit_code_1,.601248856
yolo_2023,/home/elipregerson/nnenum/vnncomp2025_benchmarks/benchmarks/yolo_2023/onnx/TinyYOLO.onnx,/home/elipregerson/nnenum/vnncomp2025_benchmarks/benchmarks/yolo_2023/vnnlib/TinyYOLO_prop_000356_eps_1_255.vnnlib,.006083280,error_exit_code_1,.594034554
yolo_2023,/home/elipregerson/nnenum/vnncomp2025_benchmarks/benchmarks/yolo_2023/onnx/TinyYOLO.onnx,/home/elipregerson/nnenum/vnncomp2025_benchmarks/benchmarks/yolo_2023/vnnlib/TinyYOLO_prop_000261_eps_1_255.vnnlib,.006095680,error_exit_code_1,.601025122
yolo_2023,/home/elipregerson/nnenum/vnncomp2025_benchmarks/benchmarks/yolo_2023/onnx/TinyYOLO.onnx,/home/elipregerson/nnenum/vnncomp2025_benchmarks/benchmarks/yolo_2023/vnnlib/TinyYOLO_prop_000225_eps_1_255.vnnlib,.013208505,error_exit_code_1,.610878472
yolo_2023,/home/elipregerson/nnenum/vnncomp2025_benchmarks/benchmarks/yolo_2023/onnx/TinyYOLO.onnx,/home/elipregerson/nnenum/vnncomp2025_benchmarks/benchmarks/yolo_2023/vnnlib/TinyYOLO_prop_000181_eps_1_255.vnnlib,.005973511,error_exit_code_1,.587718978
yolo_2023,/home/elipregerson/nnenum/vnncomp2025_benchmarks/benchmarks/yolo_2023/onnx/TinyYOLO.onnx,/home/elipregerson/nnenum/vnncomp2025_benchmarks/benchmarks/yolo_2023/vnnlib/TinyYOLO_prop_000312_eps_1_255.vnnlib,.006011657,error_exit_code_1,.607904695
yolo_2023,/home/elipregerson/nnenum/vnncomp2025_benchmarks/benchmarks/test/onnx/test_nano.onnx,/home/elipregerson/nnenum/vnncomp2025_benchmarks/benchmarks/test/vnnlib/test_nano.vnnlib,.006133773,unsat,.522195104
