cctsdb_yolo_2023,/home/elipregerson/nnenum/vnncomp2025_benchmarks/benchmarks/cctsdb_yolo_2023/onnx/patch-1.onnx,/home/elipregerson/nnenum/vnncomp2025_benchmarks/benchmarks/cctsdb_yolo_2023/vnnlib/spec_onnx_patch-1_idx_00559_0.vnnlib,.015126273,error_exit_code_1,.640267539
cctsdb_yolo_2023,/home/elipregerson/nnenum/vnncomp2025_benchmarks/benchmarks/cctsdb_yolo_2023/onnx/patch-1.onnx,/home/elipregerson/nnenum/vnncomp2025_benchmarks/benchmarks/cctsdb_yolo_2023/vnnlib/spec_onnx_patch-1_idx_16972_2.vnnlib,.006236194,error_exit_code_1,.614491956
cctsdb_yolo_2023,/home/elipregerson/nnenum/vnncomp2025_benchmarks/benchmarks/cctsdb_yolo_2023/onnx/patch-1.onnx,/home/elipregerson/nnenum/vnncomp2025_benchmarks/benchmarks/cctsdb_yolo_2023/vnnlib/spec_onnx_patch-1_idx_01937_0.vnnlib,.006481978,error_exit_code_1,.613008088
cctsdb_yolo_2023,/home/elipregerson/nnenum/vnncomp2025_benchmarks/benchmarks/cctsdb_yolo_2023/onnx/patch-1.onnx,/home/elipregerson/nnenum/vnncomp2025_benchmarks/benchmarks/cctsdb_yolo_2023/vnnlib/spec_onnx_patch-1_idx_12559_0.vnnlib,.006202192,error_exit_code_1,.620815656
cctsdb_yolo_2023,/home/elipregerson/nnenum/vnncomp2025_benchmarks/benchmarks/cctsdb_yolo_2023/onnx/patch-1.onnx,/home/elipregerson/nnenum/vnncomp2025_benchmarks/benchmarks/cctsdb_yolo_2023/vnnlib/spec_onnx_patch-1_idx_01849_0.vnnlib,.006135868,error_exit_code_1,.617784811
cctsdb_yolo_2023,/home/elipregerson/nnenum/vnncomp2025_benchmarks/benchmarks/cctsdb_yolo_2023/onnx/patch-1.onnx,/home/elipregerson/nnenum/vnncomp2025_benchmarks/benchmarks/cctsdb_yolo_2023/vnnlib/spec_onnx_patch-1_idx_02037_0.vnnlib,.006326894,error_exit_code_1,.621436846
cctsdb_yolo_2023,/home/elipregerson/nnenum/vnncomp2025_benchmarks/benchmarks/cctsdb_yolo_2023/onnx/patch-1.onnx,/home/elipregerson/nnenum/vnncomp2025_benchmarks/benchmarks/cctsdb_yolo_2023/vnnlib/spec_onnx_patch-1_idx_13786_0.vnnlib,.006320139,error_exit_code_1,.619976156
cctsdb_yolo_2023,/home/elipregerson/nnenum/vnncomp2025_benchmarks/benchmarks/cctsdb_yolo_2023/onnx/patch-1.onnx,/home/elipregerson/nnenum/vnncomp2025_benchmarks/benchmarks/cctsdb_yolo_2023/vnnlib/spec_onnx_patch-1_idx_07658_0.vnnlib,.006215483,error_exit_code_1,.617274737
cctsdb_yolo_2023,/home/elipregerson/nnenum/vnncomp2025_benchmarks/benchmarks/cctsdb_yolo_2023/onnx/patch-1.onnx,/home/elipregerson/nnenum/vnncomp2025_benchmarks/benchmarks/cctsdb_yolo_2023/vnnlib/spec_onnx_patch-1_idx_00087_1.vnnlib,.006460814,error_exit_code_1,.622401362
cctsdb_yolo_2023,/home/elipregerson/nnenum/vnncomp2025_benchmarks/benchmarks/cctsdb_yolo_2023/onnx/patch-1.onnx,/home/elipregerson/nnenum/vnncomp2025_benchmarks/benchmarks/cctsdb_yolo_2023/vnnlib/spec_onnx_patch-1_idx_03775_0.vnnlib,.006159527,error_exit_code_1,.620550530
cctsdb_yolo_2023,/home/elipregerson/nnenum/vnncomp2025_benchmarks/benchmarks/cctsdb_yolo_2023/onnx/patch-1.onnx,/home/elipregerson/nnenum/vnncomp2025_benchmarks/benchmarks/cctsdb_yolo_2023/vnnlib/spec_onnx_patch-1_idx_00099_1.vnnlib,.006385937,error_exit_code_1,.619600956
cctsdb_yolo_2023,/home/elipregerson/nnenum/vnncomp2025_benchmarks/benchmarks/cctsdb_yolo_2023/onnx/patch-1.onnx,/home/elipregerson/nnenum/vnncomp2025_benchmarks/benchmarks/cctsdb_yolo_2023/vnnlib/spec_onnx_patch-1_idx_00269_0.vnnlib,.006169495,error_exit_code_1,.624680628
cctsdb_yolo_2023,/home/elipregerson/nnenum/vnncomp2025_benchmarks/benchmarks/cctsdb_yolo_2023/onnx/patch-1.onnx,/home/elipregerson/nnenum/vnncomp2025_benchmarks/benchmarks/cctsdb_yolo_2023/vnnlib/spec_onnx_patch-1_idx_16845_1.vnnlib,.006964587,error_exit_code_1,.618782321
cctsdb_yolo_2023,/home/elipregerson/nnenum/vnncomp2025_benchmarks/benchmarks/cctsdb_yolo_2023/onnx/patch-1.onnx,/home/elipregerson/nnenum/vnncomp2025_benchmarks/benchmarks/cctsdb_yolo_2023/vnnlib/spec_onnx_patch-1_idx_00206_0.vnnlib,.006055362,error_exit_code_1,.619998529
cctsdb_yolo_2023,/home/elipregerson/nnenum/vnncomp2025_benchmarks/benchmarks/cctsdb_yolo_2023/onnx/patch-1.onnx,/home/elipregerson/nnenum/vnncomp2025_benchmarks/benchmarks/cctsdb_yolo_2023/vnnlib/spec_onnx_patch-1_idx_04746_0.vnnlib,.006345988,error_exit_code_1,.617981858
cctsdb_yolo_2023,/home/elipregerson/nnenum/vnncomp2025_benchmarks/benchmarks/cctsdb_yolo_2023/onnx/patch-1.onnx,/home/elipregerson/nnenum/vnncomp2025_benchmarks/benchmarks/cctsdb_yolo_2023/vnnlib/spec_onnx_patch-1_idx_02827_0.vnnlib,.006205939,error_exit_code_1,.619914130
cctsdb_yolo_2023,/home/elipregerson/nnenum/vnncomp2025_benchmarks/benchmarks/cctsdb_yolo_2023/onnx/patch-1.onnx,/home/elipregerson/nnenum/vnncomp2025_benchmarks/benchmarks/cctsdb_yolo_2023/vnnlib/spec_onnx_patch-1_idx_15842_2.vnnlib,.006302553,error_exit_code_1,.618226396
cctsdb_yolo_2023,/home/elipregerson/nnenum/vnncomp2025_benchmarks/benchmarks/cctsdb_yolo_2023/onnx/patch-1.onnx,/home/elipregerson/nnenum/vnncomp2025_benchmarks/benchmarks/cctsdb_yolo_2023/vnnlib/spec_onnx_patch-1_idx_01613_0.vnnlib,.006249226,error_exit_code_1,.617342303
cctsdb_yolo_2023,/home/elipregerson/nnenum/vnncomp2025_benchmarks/benchmarks/cctsdb_yolo_2023/onnx/patch-1.onnx,/home/elipregerson/nnenum/vnncomp2025_benchmarks/benchmarks/cctsdb_yolo_2023/vnnlib/spec_onnx_patch-1_idx_01045_0.vnnlib,.006241914,error_exit_code_1,.617144717
cctsdb_yolo_2023,/home/elipregerson/nnenum/vnncomp2025_benchmarks/benchmarks/cctsdb_yolo_2023/onnx/patch-3.onnx,/home/elipregerson/nnenum/vnncomp2025_benchmarks/benchmarks/cctsdb_yolo_2023/vnnlib/spec_onnx_patch-3_idx_05840_0.vnnlib,.006193503,error_exit_code_1,.639507045
cctsdb_yolo_2023,/home/elipregerson/nnenum/vnncomp2025_benchmarks/benchmarks/cctsdb_yolo_2023/onnx/patch-3.onnx,/home/elipregerson/nnenum/vnncomp2025_benchmarks/benchmarks/cctsdb_yolo_2023/vnnlib/spec_onnx_patch-3_idx_00303_0.vnnlib,.006121091,error_exit_code_1,.620751446
cctsdb_yolo_2023,/home/elipregerson/nnenum/vnncomp2025_benchmarks/benchmarks/cctsdb_yolo_2023/onnx/patch-3.onnx,/home/elipregerson/nnenum/vnncomp2025_benchmarks/benchmarks/cctsdb_yolo_2023/vnnlib/spec_onnx_patch-3_idx_03292_0.vnnlib,.006397602,error_exit_code_1,.620882729
cctsdb_yolo_2023,/home/elipregerson/nnenum/vnncomp2025_benchmarks/benchmarks/cctsdb_yolo_2023/onnx/patch-3.onnx,/home/elipregerson/nnenum/vnncomp2025_benchmarks/benchmarks/cctsdb_yolo_2023/vnnlib/spec_onnx_patch-3_idx_01534_0.vnnlib,.006223375,error_exit_code_1,.621427069
cctsdb_yolo_2023,/home/elipregerson/nnenum/vnncomp2025_benchmarks/benchmarks/cctsdb_yolo_2023/onnx/patch-3.onnx,/home/elipregerson/nnenum/vnncomp2025_benchmarks/benchmarks/cctsdb_yolo_2023/vnnlib/spec_onnx_patch-3_idx_15377_1.vnnlib,.006042778,error_exit_code_1,.625011345
cctsdb_yolo_2023,/home/elipregerson/nnenum/vnncomp2025_benchmarks/benchmarks/cctsdb_yolo_2023/onnx/patch-3.onnx,/home/elipregerson/nnenum/vnncomp2025_benchmarks/benchmarks/cctsdb_yolo_2023/vnnlib/spec_onnx_patch-3_idx_03396_1.vnnlib,.006451001,error_exit_code_1,.620420365
cctsdb_yolo_2023,/home/elipregerson/nnenum/vnncomp2025_benchmarks/benchmarks/cctsdb_yolo_2023/onnx/patch-3.onnx,/home/elipregerson/nnenum/vnncomp2025_benchmarks/benchmarks/cctsdb_yolo_2023/vnnlib/spec_onnx_patch-3_idx_12878_4.vnnlib,.006102359,error_exit_code_1,.624737228
cctsdb_yolo_2023,/home/elipregerson/nnenum/vnncomp2025_benchmarks/benchmarks/cctsdb_yolo_2023/onnx/patch-3.onnx,/home/elipregerson/nnenum/vnncomp2025_benchmarks/benchmarks/cctsdb_yolo_2023/vnnlib/spec_onnx_patch-3_idx_14771_0.vnnlib,.006129167,error_exit_code_1,.619226542
cctsdb_yolo_2023,/home/elipregerson/nnenum/vnncomp2025_benchmarks/benchmarks/cctsdb_yolo_2023/onnx/patch-3.onnx,/home/elipregerson/nnenum/vnncomp2025_benchmarks/benchmarks/cctsdb_yolo_2023/vnnlib/spec_onnx_patch-3_idx_01673_0.vnnlib,.006255066,error_exit_code_1,.619837580
cctsdb_yolo_2023,/home/elipregerson/nnenum/vnncomp2025_benchmarks/benchmarks/cctsdb_yolo_2023/onnx/patch-3.onnx,/home/elipregerson/nnenum/vnncomp2025_benchmarks/benchmarks/cctsdb_yolo_2023/vnnlib/spec_onnx_patch-3_idx_01613_0.vnnlib,.006106523,error_exit_code_1,.622470472
cctsdb_yolo_2023,/home/elipregerson/nnenum/vnncomp2025_benchmarks/benchmarks/cctsdb_yolo_2023/onnx/patch-3.onnx,/home/elipregerson/nnenum/vnncomp2025_benchmarks/benchmarks/cctsdb_yolo_2023/vnnlib/spec_onnx_patch-3_idx_08544_0.vnnlib,.006027009,error_exit_code_1,.615145694
cctsdb_yolo_2023,/home/elipregerson/nnenum/vnncomp2025_benchmarks/benchmarks/cctsdb_yolo_2023/onnx/patch-3.onnx,/home/elipregerson/nnenum/vnncomp2025_benchmarks/benchmarks/cctsdb_yolo_2023/vnnlib/spec_onnx_patch-3_idx_03372_1.vnnlib,.006263639,error_exit_code_1,.617463888
cctsdb_yolo_2023,/home/elipregerson/nnenum/vnncomp2025_benchmarks/benchmarks/cctsdb_yolo_2023/onnx/patch-3.onnx,/home/elipregerson/nnenum/vnncomp2025_benchmarks/benchmarks/cctsdb_yolo_2023/vnnlib/spec_onnx_patch-3_idx_01366_0.vnnlib,.006206947,error_exit_code_1,.616551095
cctsdb_yolo_2023,/home/elipregerson/nnenum/vnncomp2025_benchmarks/benchmarks/cctsdb_yolo_2023/onnx/patch-3.onnx,/home/elipregerson/nnenum/vnncomp2025_benchmarks/benchmarks/cctsdb_yolo_2023/vnnlib/spec_onnx_patch-3_idx_02945_0.vnnlib,.006147576,error_exit_code_1,.624628212
cctsdb_yolo_2023,/home/elipregerson/nnenum/vnncomp2025_benchmarks/benchmarks/cctsdb_yolo_2023/onnx/patch-3.onnx,/home/elipregerson/nnenum/vnncomp2025_benchmarks/benchmarks/cctsdb_yolo_2023/vnnlib/spec_onnx_patch-3_idx_00055_0.vnnlib,.006234152,error_exit_code_1,.628956442
cctsdb_yolo_2023,/home/elipregerson/nnenum/vnncomp2025_benchmarks/benchmarks/cctsdb_yolo_2023/onnx/patch-3.onnx,/home/elipregerson/nnenum/vnncomp2025_benchmarks/benchmarks/cctsdb_yolo_2023/vnnlib/spec_onnx_patch-3_idx_03746_1.vnnlib,.006114219,error_exit_code_1,.623596521
cctsdb_yolo_2023,/home/elipregerson/nnenum/vnncomp2025_benchmarks/benchmarks/cctsdb_yolo_2023/onnx/patch-3.onnx,/home/elipregerson/nnenum/vnncomp2025_benchmarks/benchmarks/cctsdb_yolo_2023/vnnlib/spec_onnx_patch-3_idx_06844_2.vnnlib,.006640805,error_exit_code_1,.625611895
cctsdb_yolo_2023,/home/elipregerson/nnenum/vnncomp2025_benchmarks/benchmarks/cctsdb_yolo_2023/onnx/patch-3.onnx,/home/elipregerson/nnenum/vnncomp2025_benchmarks/benchmarks/cctsdb_yolo_2023/vnnlib/spec_onnx_patch-3_idx_13330_0.vnnlib,.006301313,error_exit_code_1,.625454780
cctsdb_yolo_2023,/home/elipregerson/nnenum/vnncomp2025_benchmarks/benchmarks/cctsdb_yolo_2023/onnx/patch-3.onnx,/home/elipregerson/nnenum/vnncomp2025_benchmarks/benchmarks/cctsdb_yolo_2023/vnnlib/spec_onnx_patch-3_idx_00559_0.vnnlib,.006173362,error_exit_code_1,.626520370
cctsdb_yolo_2023,/home/elipregerson/nnenum/vnncomp2025_benchmarks/benchmarks/cctsdb_yolo_2023/onnx/patch-3.onnx,/home/elipregerson/nnenum/vnncomp2025_benchmarks/benchmarks/cctsdb_yolo_2023/vnnlib/spec_onnx_patch-3_idx_16384_0.vnnlib,.006168983,error_exit_code_1,.642996746
cctsdb_yolo_2023,/home/elipregerson/nnenum/vnncomp2025_benchmarks/benchmarks/test/onnx/test_nano.onnx,/home/elipregerson/nnenum/vnncomp2025_benchmarks/benchmarks/test/vnnlib/test_nano.vnnlib,.006546140,unsat,.540771632
cgan_2023,/home/elipregerson/nnenum/vnncomp2025_benchmarks/benchmarks/cgan_2023/onnx/cGAN_imgSz32_nCh_1.onnx,/home/elipregerson/nnenum/vnncomp2025_benchmarks/benchmarks/cgan_2023/vnnlib/cGAN_imgSz32_nCh_1_prop_0_input_eps_0.010_output_eps_0.015.vnnlib,.006241594,sat,4.170844302
cgan_2023,/home/elipregerson/nnenum/vnncomp2025_benchmarks/benchmarks/cgan_2023/onnx/cGAN_imgSz32_nCh_1.onnx,/home/elipregerson/nnenum/vnncomp2025_benchmarks/benchmarks/cgan_2023/vnnlib/cGAN_imgSz32_nCh_1_prop_1_input_eps_0.010_output_eps_0.015.vnnlib,.006306835,unsat,6.351520392
cgan_2023,/home/elipregerson/nnenum/vnncomp2025_benchmarks/benchmarks/cgan_2023/onnx/cGAN_imgSz32_nCh_1.onnx,/home/elipregerson/nnenum/vnncomp2025_benchmarks/benchmarks/cgan_2023/vnnlib/cGAN_imgSz32_nCh_1_prop_2_input_eps_0.020_output_eps_0.025.vnnlib,.006236054,sat,8.840639734
cgan_2023,/home/elipregerson/nnenum/vnncomp2025_benchmarks/benchmarks/cgan_2023/onnx/cGAN_imgSz32_nCh_1.onnx,/home/elipregerson/nnenum/vnncomp2025_benchmarks/benchmarks/cgan_2023/vnnlib/cGAN_imgSz32_nCh_1_prop_3_input_eps_0.010_output_eps_0.015.vnnlib,.006129992,unsat,5.010514811
cgan_2023,/home/elipregerson/nnenum/vnncomp2025_benchmarks/benchmarks/cgan_2023/onnx/cGAN_imgSz32_nCh_3.onnx,/home/elipregerson/nnenum/vnncomp2025_benchmarks/benchmarks/cgan_2023/vnnlib/cGAN_imgSz32_nCh_3_prop_0_input_eps_0.015_output_eps_0.020.vnnlib,.006035730,unsat,10.444163119
cgan_2023,/home/elipregerson/nnenum/vnncomp2025_benchmarks/benchmarks/cgan_2023/onnx/cGAN_imgSz32_nCh_3.onnx,/home/elipregerson/nnenum/vnncomp2025_benchmarks/benchmarks/cgan_2023/vnnlib/cGAN_imgSz32_nCh_3_prop_1_input_eps_0.015_output_eps_0.020.vnnlib,.006157706,unsat,4.682280720
cgan_2023,/home/elipregerson/nnenum/vnncomp2025_benchmarks/benchmarks/cgan_2023/onnx/cGAN_imgSz32_nCh_3.onnx,/home/elipregerson/nnenum/vnncomp2025_benchmarks/benchmarks/cgan_2023/vnnlib/cGAN_imgSz32_nCh_3_prop_2_input_eps_0.015_output_eps_0.020.vnnlib,.006252798,unsat,16.171902433
cgan_2023,/home/elipregerson/nnenum/vnncomp2025_benchmarks/benchmarks/cgan_2023/onnx/cGAN_imgSz32_nCh_3.onnx,/home/elipregerson/nnenum/vnncomp2025_benchmarks/benchmarks/cgan_2023/vnnlib/cGAN_imgSz32_nCh_3_prop_3_input_eps_0.015_output_eps_0.020.vnnlib,.006104525,sat,10.410910831
cgan_2023,/home/elipregerson/nnenum/vnncomp2025_benchmarks/benchmarks/cgan_2023/onnx/cGAN_imgSz64_nCh_1.onnx,/home/elipregerson/nnenum/vnncomp2025_benchmarks/benchmarks/cgan_2023/vnnlib/cGAN_imgSz64_nCh_1_prop_0_input_eps_0.010_output_eps_0.015.vnnlib,.006763479,sat,33.761827881
cgan_2023,/home/elipregerson/nnenum/vnncomp2025_benchmarks/benchmarks/cgan_2023/onnx/cGAN_imgSz64_nCh_1.onnx,/home/elipregerson/nnenum/vnncomp2025_benchmarks/benchmarks/cgan_2023/vnnlib/cGAN_imgSz64_nCh_1_prop_1_input_eps_0.010_output_eps_0.015.vnnlib,.006079847,sat,.848893104
cgan_2023,/home/elipregerson/nnenum/vnncomp2025_benchmarks/benchmarks/cgan_2023/onnx/cGAN_imgSz64_nCh_1.onnx,/home/elipregerson/nnenum/vnncomp2025_benchmarks/benchmarks/cgan_2023/vnnlib/cGAN_imgSz64_nCh_1_prop_2_input_eps_0.005_output_eps_0.010.vnnlib,.006360058,sat,.836982881
cgan_2023,/home/elipregerson/nnenum/vnncomp2025_benchmarks/benchmarks/cgan_2023/onnx/cGAN_imgSz64_nCh_1.onnx,/home/elipregerson/nnenum/vnncomp2025_benchmarks/benchmarks/cgan_2023/vnnlib/cGAN_imgSz64_nCh_1_prop_3_input_eps_0.010_output_eps_0.015.vnnlib,.006203241,sat,56.507950233
cgan_2023,/home/elipregerson/nnenum/vnncomp2025_benchmarks/benchmarks/cgan_2023/onnx/cGAN_imgSz64_nCh_3.onnx,/home/elipregerson/nnenum/vnncomp2025_benchmarks/benchmarks/cgan_2023/vnnlib/cGAN_imgSz64_nCh_3_prop_0_input_eps_0.005_output_eps_0.010.vnnlib,.006196935,sat,16.329674360
cgan_2023,/home/elipregerson/nnenum/vnncomp2025_benchmarks/benchmarks/cgan_2023/onnx/cGAN_imgSz64_nCh_3.onnx,/home/elipregerson/nnenum/vnncomp2025_benchmarks/benchmarks/cgan_2023/vnnlib/cGAN_imgSz64_nCh_3_prop_1_input_eps_0.010_output_eps_0.015.vnnlib,.006167784,unsat,77.081484406
cgan_2023,/home/elipregerson/nnenum/vnncomp2025_benchmarks/benchmarks/cgan_2023/onnx/cGAN_imgSz64_nCh_3.onnx,/home/elipregerson/nnenum/vnncomp2025_benchmarks/benchmarks/cgan_2023/vnnlib/cGAN_imgSz64_nCh_3_prop_2_input_eps_0.005_output_eps_0.010.vnnlib,.006160887,sat,7.866814252
cgan_2023,/home/elipregerson/nnenum/vnncomp2025_benchmarks/benchmarks/cgan_2023/onnx/cGAN_imgSz64_nCh_3.onnx,/home/elipregerson/nnenum/vnncomp2025_benchmarks/benchmarks/cgan_2023/vnnlib/cGAN_imgSz64_nCh_3_prop_3_input_eps_0.010_output_eps_0.015.vnnlib,.006138519,unsat,22.481287573
cgan_2023,/home/elipregerson/nnenum/vnncomp2025_benchmarks/benchmarks/cgan_2023/onnx/cGAN_imgSz32_nCh_3_nonlinear_activations.onnx,/home/elipregerson/nnenum/vnncomp2025_benchmarks/benchmarks/cgan_2023/vnnlib/cGAN_imgSz32_nCh_3_nonlinear_activations_prop_0_input_eps_0.015_output_eps_0.020.vnnlib,.006756099,error_exit_code_1,.572312133
cgan_2023,/home/elipregerson/nnenum/vnncomp2025_benchmarks/benchmarks/cgan_2023/onnx/cGAN_imgSz32_nCh_1_transposedConvPadding_1.onnx,/home/elipregerson/nnenum/vnncomp2025_benchmarks/benchmarks/cgan_2023/vnnlib/cGAN_imgSz32_nCh_1_transposedConvPadding_1_prop_0_input_eps_0.015_output_eps_0.020.vnnlib,.006190871,sat,9.462802813
cgan_2023,/home/elipregerson/nnenum/vnncomp2025_benchmarks/benchmarks/cgan_2023/onnx/cGAN_imgSz32_nCh_3_upsample.onnx,/home/elipregerson/nnenum/vnncomp2025_benchmarks/benchmarks/cgan_2023/vnnlib/cGAN_imgSz32_nCh_3_upsample_prop_0_input_eps_0.015_output_eps_0.020.vnnlib,.009560915,error_exit_code_1,.801554971
cgan_2023,/home/elipregerson/nnenum/vnncomp2025_benchmarks/benchmarks/cgan_2023/onnx/cGAN_imgSz32_nCh_3_small_transformer.onnx,/home/elipregerson/nnenum/vnncomp2025_benchmarks/benchmarks/cgan_2023/vnnlib/cGAN_imgSz32_nCh_3_small_transformer_prop_0_input_eps_0.005_output_eps_0.010.vnnlib,.008328840,error_exit_code_1,5.386013270
cgan_2023,/home/elipregerson/nnenum/vnncomp2025_benchmarks/benchmarks/cgan_2023/onnx/cGAN_imgSz32_nCh_3_small_transformer.onnx,/home/elipregerson/nnenum/vnncomp2025_benchmarks/benchmarks/cgan_2023/vnnlib/cGAN_imgSz32_nCh_3_small_transformer_prop_1_input_eps_0.010_output_eps_0.015.vnnlib,.006156327,error_exit_code_1,5.118601271
cgan_2023,/home/elipregerson/nnenum/vnncomp2025_benchmarks/benchmarks/test/onnx/test_nano.onnx,/home/elipregerson/nnenum/vnncomp2025_benchmarks/benchmarks/test/vnnlib/test_nano.vnnlib,.006242505,unsat,.587444661
cifar100_2024,/home/elipregerson/nnenum/vnncomp2025_benchmarks/benchmarks/cifar100_2024/onnx/CIFAR100_resnet_medium.onnx,/home/elipregerson/nnenum/vnncomp2025_benchmarks/benchmarks/cifar100_2024/vnnlib/CIFAR100_resnet_medium_prop_idx_7641_sidx_1041_eps_0.0039.vnnlib,.006211554,error_exit_code_1,1.352712403
cifar100_2024,/home/elipregerson/nnenum/vnncomp2025_benchmarks/benchmarks/cifar100_2024/onnx/CIFAR100_resnet_medium.onnx,/home/elipregerson/nnenum/vnncomp2025_benchmarks/benchmarks/cifar100_2024/vnnlib/CIFAR100_resnet_medium_prop_idx_2132_sidx_6868_eps_0.0039.vnnlib,.006458806,error_exit_code_1,1.334689877
cifar100_2024,/home/elipregerson/nnenum/vnncomp2025_benchmarks/benchmarks/cifar100_2024/onnx/CIFAR100_resnet_medium.onnx,/home/elipregerson/nnenum/vnncomp2025_benchmarks/benchmarks/cifar100_2024/vnnlib/CIFAR100_resnet_medium_prop_idx_6232_sidx_3020_eps_0.0039.vnnlib,.006217047,error_exit_code_1,1.334083996
cifar100_2024,/home/elipregerson/nnenum/vnncomp2025_benchmarks/benchmarks/cifar100_2024/onnx/CIFAR100_resnet_medium.onnx,/home/elipregerson/nnenum/vnncomp2025_benchmarks/benchmarks/cifar100_2024/vnnlib/CIFAR100_resnet_medium_prop_idx_9694_sidx_2810_eps_0.0039.vnnlib,.006799883,error_exit_code_1,1.333055646
cifar100_2024,/home/elipregerson/nnenum/vnncomp2025_benchmarks/benchmarks/cifar100_2024/onnx/CIFAR100_resnet_medium.onnx,/home/elipregerson/nnenum/vnncomp2025_benchmarks/benchmarks/cifar100_2024/vnnlib/CIFAR100_resnet_medium_prop_idx_4760_sidx_4651_eps_0.0039.vnnlib,.008290670,error_exit_code_1,1.337187960
cifar100_2024,/home/elipregerson/nnenum/vnncomp2025_benchmarks/benchmarks/cifar100_2024/onnx/CIFAR100_resnet_medium.onnx,/home/elipregerson/nnenum/vnncomp2025_benchmarks/benchmarks/cifar100_2024/vnnlib/CIFAR100_resnet_medium_prop_idx_6135_sidx_4586_eps_0.0039.vnnlib,.006544167,error_exit_code_1,1.319795026
cifar100_2024,/home/elipregerson/nnenum/vnncomp2025_benchmarks/benchmarks/cifar100_2024/onnx/CIFAR100_resnet_medium.onnx,/home/elipregerson/nnenum/vnncomp2025_benchmarks/benchmarks/cifar100_2024/vnnlib/CIFAR100_resnet_medium_prop_idx_4921_sidx_3617_eps_0.0039.vnnlib,.006395038,error_exit_code_1,1.345386787
cifar100_2024,/home/elipregerson/nnenum/vnncomp2025_benchmarks/benchmarks/cifar100_2024/onnx/CIFAR100_resnet_medium.onnx,/home/elipregerson/nnenum/vnncomp2025_benchmarks/benchmarks/cifar100_2024/vnnlib/CIFAR100_resnet_medium_prop_idx_5242_sidx_1208_eps_0.0039.vnnlib,.006151314,error_exit_code_1,1.321569419
cifar100_2024,/home/elipregerson/nnenum/vnncomp2025_benchmarks/benchmarks/cifar100_2024/onnx/CIFAR100_resnet_medium.onnx,/home/elipregerson/nnenum/vnncomp2025_benchmarks/benchmarks/cifar100_2024/vnnlib/CIFAR100_resnet_medium_prop_idx_2176_sidx_3285_eps_0.0039.vnnlib,.006328978,error_exit_code_1,1.332761190
cifar100_2024,/home/elipregerson/nnenum/vnncomp2025_benchmarks/benchmarks/cifar100_2024/onnx/CIFAR100_resnet_medium.onnx,/home/elipregerson/nnenum/vnncomp2025_benchmarks/benchmarks/cifar100_2024/vnnlib/CIFAR100_resnet_medium_prop_idx_8762_sidx_3374_eps_0.0039.vnnlib,.006128669,error_exit_code_1,1.328119725
cifar100_2024,/home/elipregerson/nnenum/vnncomp2025_benchmarks/benchmarks/cifar100_2024/onnx/CIFAR100_resnet_medium.onnx,/home/elipregerson/nnenum/vnncomp2025_benchmarks/benchmarks/cifar100_2024/vnnlib/CIFAR100_resnet_medium_prop_idx_7704_sidx_3701_eps_0.0039.vnnlib,.006066969,error_exit_code_1,1.311997642
cifar100_2024,/home/elipregerson/nnenum/vnncomp2025_benchmarks/benchmarks/cifar100_2024/onnx/CIFAR100_resnet_medium.onnx,/home/elipregerson/nnenum/vnncomp2025_benchmarks/benchmarks/cifar100_2024/vnnlib/CIFAR100_resnet_medium_prop_idx_4752_sidx_1800_eps_0.0039.vnnlib,.006302337,error_exit_code_1,1.348542246
cifar100_2024,/home/elipregerson/nnenum/vnncomp2025_benchmarks/benchmarks/cifar100_2024/onnx/CIFAR100_resnet_medium.onnx,/home/elipregerson/nnenum/vnncomp2025_benchmarks/benchmarks/cifar100_2024/vnnlib/CIFAR100_resnet_medium_prop_idx_6415_sidx_4543_eps_0.0039.vnnlib,.006310201,error_exit_code_1,1.325360114
cifar100_2024,/home/elipregerson/nnenum/vnncomp2025_benchmarks/benchmarks/cifar100_2024/onnx/CIFAR100_resnet_medium.onnx,/home/elipregerson/nnenum/vnncomp2025_benchmarks/benchmarks/cifar100_2024/vnnlib/CIFAR100_resnet_medium_prop_idx_2477_sidx_388_eps_0.0039.vnnlib,.006325100,error_exit_code_1,1.334715124
cifar100_2024,/home/elipregerson/nnenum/vnncomp2025_benchmarks/benchmarks/cifar100_2024/onnx/CIFAR100_resnet_medium.onnx,/home/elipregerson/nnenum/vnncomp2025_benchmarks/benchmarks/cifar100_2024/vnnlib/CIFAR100_resnet_medium_prop_idx_6553_sidx_7265_eps_0.0039.vnnlib,.006252586,error_exit_code_1,1.351067632
cifar100_2024,/home/elipregerson/nnenum/vnncomp2025_benchmarks/benchmarks/cifar100_2024/onnx/CIFAR100_resnet_medium.onnx,/home/elipregerson/nnenum/vnncomp2025_benchmarks/benchmarks/cifar100_2024/vnnlib/CIFAR100_resnet_medium_prop_idx_8600_sidx_2721_eps_0.0039.vnnlib,.006313755,error_exit_code_1,1.364199502
cifar100_2024,/home/elipregerson/nnenum/vnncomp2025_benchmarks/benchmarks/cifar100_2024/onnx/CIFAR100_resnet_medium.onnx,/home/elipregerson/nnenum/vnncomp2025_benchmarks/benchmarks/cifar100_2024/vnnlib/CIFAR100_resnet_medium_prop_idx_7258_sidx_3539_eps_0.0039.vnnlib,.006352969,error_exit_code_1,1.339519675
cifar100_2024,/home/elipregerson/nnenum/vnncomp2025_benchmarks/benchmarks/cifar100_2024/onnx/CIFAR100_resnet_medium.onnx,/home/elipregerson/nnenum/vnncomp2025_benchmarks/benchmarks/cifar100_2024/vnnlib/CIFAR100_resnet_medium_prop_idx_6659_sidx_4583_eps_0.0039.vnnlib,.006293343,error_exit_code_1,1.337990091
cifar100_2024,/home/elipregerson/nnenum/vnncomp2025_benchmarks/benchmarks/cifar100_2024/onnx/CIFAR100_resnet_medium.onnx,/home/elipregerson/nnenum/vnncomp2025_benchmarks/benchmarks/cifar100_2024/vnnlib/CIFAR100_resnet_medium_prop_idx_885_sidx_7654_eps_0.0039.vnnlib,.006206120,error_exit_code_1,1.326875527
cifar100_2024,/home/elipregerson/nnenum/vnncomp2025_benchmarks/benchmarks/cifar100_2024/onnx/CIFAR100_resnet_medium.onnx,/home/elipregerson/nnenum/vnncomp2025_benchmarks/benchmarks/cifar100_2024/vnnlib/CIFAR100_resnet_medium_prop_idx_3006_sidx_928_eps_0.0039.vnnlib,.006150546,error_exit_code_1,1.333304224
cifar100_2024,/home/elipregerson/nnenum/vnncomp2025_benchmarks/benchmarks/cifar100_2024/onnx/CIFAR100_resnet_medium.onnx,/home/elipregerson/nnenum/vnncomp2025_benchmarks/benchmarks/cifar100_2024/vnnlib/CIFAR100_resnet_medium_prop_idx_1588_sidx_6654_eps_0.0039.vnnlib,.006348095,error_exit_code_1,1.315668919
cifar100_2024,/home/elipregerson/nnenum/vnncomp2025_benchmarks/benchmarks/cifar100_2024/onnx/CIFAR100_resnet_medium.onnx,/home/elipregerson/nnenum/vnncomp2025_benchmarks/benchmarks/cifar100_2024/vnnlib/CIFAR100_resnet_medium_prop_idx_8594_sidx_5815_eps_0.0039.vnnlib,.006973193,error_exit_code_1,1.320679515
cifar100_2024,/home/elipregerson/nnenum/vnncomp2025_benchmarks/benchmarks/cifar100_2024/onnx/CIFAR100_resnet_medium.onnx,/home/elipregerson/nnenum/vnncomp2025_benchmarks/benchmarks/cifar100_2024/vnnlib/CIFAR100_resnet_medium_prop_idx_9658_sidx_1660_eps_0.0039.vnnlib,.007940959,error_exit_code_1,1.327577027
cifar100_2024,/home/elipregerson/nnenum/vnncomp2025_benchmarks/benchmarks/cifar100_2024/onnx/CIFAR100_resnet_medium.onnx,/home/elipregerson/nnenum/vnncomp2025_benchmarks/benchmarks/cifar100_2024/vnnlib/CIFAR100_resnet_medium_prop_idx_8505_sidx_1690_eps_0.0039.vnnlib,.006325084,error_exit_code_1,1.337248026
cifar100_2024,/home/elipregerson/nnenum/vnncomp2025_benchmarks/benchmarks/cifar100_2024/onnx/CIFAR100_resnet_medium.onnx,/home/elipregerson/nnenum/vnncomp2025_benchmarks/benchmarks/cifar100_2024/vnnlib/CIFAR100_resnet_medium_prop_idx_8945_sidx_3584_eps_0.0039.vnnlib,.006040573,error_exit_code_1,1.327731853
cifar100_2024,/home/elipregerson/nnenum/vnncomp2025_benchmarks/benchmarks/cifar100_2024/onnx/CIFAR100_resnet_medium.onnx,/home/elipregerson/nnenum/vnncomp2025_benchmarks/benchmarks/cifar100_2024/vnnlib/CIFAR100_resnet_medium_prop_idx_6585_sidx_533_eps_0.0039.vnnlib,.006104240,error_exit_code_1,1.313458095
cifar100_2024,/home/elipregerson/nnenum/vnncomp2025_benchmarks/benchmarks/cifar100_2024/onnx/CIFAR100_resnet_medium.onnx,/home/elipregerson/nnenum/vnncomp2025_benchmarks/benchmarks/cifar100_2024/vnnlib/CIFAR100_resnet_medium_prop_idx_6573_sidx_5525_eps_0.0039.vnnlib,.006163841,error_exit_code_1,1.330995816
cifar100_2024,/home/elipregerson/nnenum/vnncomp2025_benchmarks/benchmarks/cifar100_2024/onnx/CIFAR100_resnet_medium.onnx,/home/elipregerson/nnenum/vnncomp2025_benchmarks/benchmarks/cifar100_2024/vnnlib/CIFAR100_resnet_medium_prop_idx_8619_sidx_4461_eps_0.0039.vnnlib,.006291796,error_exit_code_1,1.301401403
cifar100_2024,/home/elipregerson/nnenum/vnncomp2025_benchmarks/benchmarks/cifar100_2024/onnx/CIFAR100_resnet_medium.onnx,/home/elipregerson/nnenum/vnncomp2025_benchmarks/benchmarks/cifar100_2024/vnnlib/CIFAR100_resnet_medium_prop_idx_54_sidx_9735_eps_0.0039.vnnlib,.006218089,error_exit_code_1,1.299321982
cifar100_2024,/home/elipregerson/nnenum/vnncomp2025_benchmarks/benchmarks/cifar100_2024/onnx/CIFAR100_resnet_medium.onnx,/home/elipregerson/nnenum/vnncomp2025_benchmarks/benchmarks/cifar100_2024/vnnlib/CIFAR100_resnet_medium_prop_idx_4429_sidx_1471_eps_0.0039.vnnlib,.006070237,error_exit_code_1,1.330141300
cifar100_2024,/home/elipregerson/nnenum/vnncomp2025_benchmarks/benchmarks/cifar100_2024/onnx/CIFAR100_resnet_medium.onnx,/home/elipregerson/nnenum/vnncomp2025_benchmarks/benchmarks/cifar100_2024/vnnlib/CIFAR100_resnet_medium_prop_idx_1190_sidx_8846_eps_0.0039.vnnlib,.006109026,error_exit_code_1,1.389324686
cifar100_2024,/home/elipregerson/nnenum/vnncomp2025_benchmarks/benchmarks/cifar100_2024/onnx/CIFAR100_resnet_medium.onnx,/home/elipregerson/nnenum/vnncomp2025_benchmarks/benchmarks/cifar100_2024/vnnlib/CIFAR100_resnet_medium_prop_idx_7569_sidx_2906_eps_0.0039.vnnlib,.006264819,error_exit_code_1,1.330774638
cifar100_2024,/home/elipregerson/nnenum/vnncomp2025_benchmarks/benchmarks/cifar100_2024/onnx/CIFAR100_resnet_medium.onnx,/home/elipregerson/nnenum/vnncomp2025_benchmarks/benchmarks/cifar100_2024/vnnlib/CIFAR100_resnet_medium_prop_idx_9897_sidx_9124_eps_0.0039.vnnlib,.006302445,error_exit_code_1,1.331941907
cifar100_2024,/home/elipregerson/nnenum/vnncomp2025_benchmarks/benchmarks/cifar100_2024/onnx/CIFAR100_resnet_medium.onnx,/home/elipregerson/nnenum/vnncomp2025_benchmarks/benchmarks/cifar100_2024/vnnlib/CIFAR100_resnet_medium_prop_idx_5831_sidx_5506_eps_0.0039.vnnlib,.006082252,error_exit_code_1,1.339776046
cifar100_2024,/home/elipregerson/nnenum/vnncomp2025_benchmarks/benchmarks/cifar100_2024/onnx/CIFAR100_resnet_medium.onnx,/home/elipregerson/nnenum/vnncomp2025_benchmarks/benchmarks/cifar100_2024/vnnlib/CIFAR100_resnet_medium_prop_idx_4169_sidx_9758_eps_0.0039.vnnlib,.007064430,error_exit_code_1,1.318006024
cifar100_2024,/home/elipregerson/nnenum/vnncomp2025_benchmarks/benchmarks/cifar100_2024/onnx/CIFAR100_resnet_medium.onnx,/home/elipregerson/nnenum/vnncomp2025_benchmarks/benchmarks/cifar100_2024/vnnlib/CIFAR100_resnet_medium_prop_idx_8196_sidx_3864_eps_0.0039.vnnlib,.006172097,error_exit_code_1,1.329769470
cifar100_2024,/home/elipregerson/nnenum/vnncomp2025_benchmarks/benchmarks/cifar100_2024/onnx/CIFAR100_resnet_medium.onnx,/home/elipregerson/nnenum/vnncomp2025_benchmarks/benchmarks/cifar100_2024/vnnlib/CIFAR100_resnet_medium_prop_idx_6583_sidx_8860_eps_0.0039.vnnlib,.006372027,error_exit_code_1,1.301530282
cifar100_2024,/home/elipregerson/nnenum/vnncomp2025_benchmarks/benchmarks/cifar100_2024/onnx/CIFAR100_resnet_medium.onnx,/home/elipregerson/nnenum/vnncomp2025_benchmarks/benchmarks/cifar100_2024/vnnlib/CIFAR100_resnet_medium_prop_idx_8523_sidx_9936_eps_0.0039.vnnlib,.006236081,error_exit_code_1,1.311317026
cifar100_2024,/home/elipregerson/nnenum/vnncomp2025_benchmarks/benchmarks/cifar100_2024/onnx/CIFAR100_resnet_medium.onnx,/home/elipregerson/nnenum/vnncomp2025_benchmarks/benchmarks/cifar100_2024/vnnlib/CIFAR100_resnet_medium_prop_idx_3418_sidx_4225_eps_0.0039.vnnlib,.006076348,error_exit_code_1,1.344002273
cifar100_2024,/home/elipregerson/nnenum/vnncomp2025_benchmarks/benchmarks/cifar100_2024/onnx/CIFAR100_resnet_medium.onnx,/home/elipregerson/nnenum/vnncomp2025_benchmarks/benchmarks/cifar100_2024/vnnlib/CIFAR100_resnet_medium_prop_idx_7431_sidx_7329_eps_0.0039.vnnlib,.006197491,error_exit_code_1,1.284841768
cifar100_2024,/home/elipregerson/nnenum/vnncomp2025_benchmarks/benchmarks/cifar100_2024/onnx/CIFAR100_resnet_medium.onnx,/home/elipregerson/nnenum/vnncomp2025_benchmarks/benchmarks/cifar100_2024/vnnlib/CIFAR100_resnet_medium_prop_idx_6010_sidx_5369_eps_0.0039.vnnlib,.006046461,error_exit_code_1,1.299207725
cifar100_2024,/home/elipregerson/nnenum/vnncomp2025_benchmarks/benchmarks/cifar100_2024/onnx/CIFAR100_resnet_medium.onnx,/home/elipregerson/nnenum/vnncomp2025_benchmarks/benchmarks/cifar100_2024/vnnlib/CIFAR100_resnet_medium_prop_idx_5127_sidx_993_eps_0.0039.vnnlib,.007500120,error_exit_code_1,1.325386697
cifar100_2024,/home/elipregerson/nnenum/vnncomp2025_benchmarks/benchmarks/cifar100_2024/onnx/CIFAR100_resnet_medium.onnx,/home/elipregerson/nnenum/vnncomp2025_benchmarks/benchmarks/cifar100_2024/vnnlib/CIFAR100_resnet_medium_prop_idx_6263_sidx_7644_eps_0.0039.vnnlib,.006366820,error_exit_code_1,1.300971088
cifar100_2024,/home/elipregerson/nnenum/vnncomp2025_benchmarks/benchmarks/cifar100_2024/onnx/CIFAR100_resnet_medium.onnx,/home/elipregerson/nnenum/vnncomp2025_benchmarks/benchmarks/cifar100_2024/vnnlib/CIFAR100_resnet_medium_prop_idx_5001_sidx_1154_eps_0.0039.vnnlib,.006457014,error_exit_code_1,1.307620569
cifar100_2024,/home/elipregerson/nnenum/vnncomp2025_benchmarks/benchmarks/cifar100_2024/onnx/CIFAR100_resnet_medium.onnx,/home/elipregerson/nnenum/vnncomp2025_benchmarks/benchmarks/cifar100_2024/vnnlib/CIFAR100_resnet_medium_prop_idx_4597_sidx_282_eps_0.0039.vnnlib,.006241014,error_exit_code_1,1.326293729
cifar100_2024,/home/elipregerson/nnenum/vnncomp2025_benchmarks/benchmarks/cifar100_2024/onnx/CIFAR100_resnet_medium.onnx,/home/elipregerson/nnenum/vnncomp2025_benchmarks/benchmarks/cifar100_2024/vnnlib/CIFAR100_resnet_medium_prop_idx_3184_sidx_9092_eps_0.0039.vnnlib,.006460578,error_exit_code_1,1.302485193
cifar100_2024,/home/elipregerson/nnenum/vnncomp2025_benchmarks/benchmarks/cifar100_2024/onnx/CIFAR100_resnet_medium.onnx,/home/elipregerson/nnenum/vnncomp2025_benchmarks/benchmarks/cifar100_2024/vnnlib/CIFAR100_resnet_medium_prop_idx_3343_sidx_1406_eps_0.0039.vnnlib,.006244690,error_exit_code_1,1.287951981
cifar100_2024,/home/elipregerson/nnenum/vnncomp2025_benchmarks/benchmarks/cifar100_2024/onnx/CIFAR100_resnet_medium.onnx,/home/elipregerson/nnenum/vnncomp2025_benchmarks/benchmarks/cifar100_2024/vnnlib/CIFAR100_resnet_medium_prop_idx_8330_sidx_7593_eps_0.0039.vnnlib,.006402177,error_exit_code_1,1.293173232
cifar100_2024,/home/elipregerson/nnenum/vnncomp2025_benchmarks/benchmarks/cifar100_2024/onnx/CIFAR100_resnet_medium.onnx,/home/elipregerson/nnenum/vnncomp2025_benchmarks/benchmarks/cifar100_2024/vnnlib/CIFAR100_resnet_medium_prop_idx_5634_sidx_9441_eps_0.0039.vnnlib,.006972284,error_exit_code_1,1.292497055
cifar100_2024,/home/elipregerson/nnenum/vnncomp2025_benchmarks/benchmarks/cifar100_2024/onnx/CIFAR100_resnet_medium.onnx,/home/elipregerson/nnenum/vnncomp2025_benchmarks/benchmarks/cifar100_2024/vnnlib/CIFAR100_resnet_medium_prop_idx_7478_sidx_6593_eps_0.0039.vnnlib,.006523182,error_exit_code_1,1.322178706
cifar100_2024,/home/elipregerson/nnenum/vnncomp2025_benchmarks/benchmarks/cifar100_2024/onnx/CIFAR100_resnet_medium.onnx,/home/elipregerson/nnenum/vnncomp2025_benchmarks/benchmarks/cifar100_2024/vnnlib/CIFAR100_resnet_medium_prop_idx_913_sidx_2404_eps_0.0039.vnnlib,.006260298,error_exit_code_1,1.296708034
cifar100_2024,/home/elipregerson/nnenum/vnncomp2025_benchmarks/benchmarks/cifar100_2024/onnx/CIFAR100_resnet_medium.onnx,/home/elipregerson/nnenum/vnncomp2025_benchmarks/benchmarks/cifar100_2024/vnnlib/CIFAR100_resnet_medium_prop_idx_1761_sidx_3933_eps_0.0039.vnnlib,.006072490,error_exit_code_1,1.334288360
cifar100_2024,/home/elipregerson/nnenum/vnncomp2025_benchmarks/benchmarks/cifar100_2024/onnx/CIFAR100_resnet_medium.onnx,/home/elipregerson/nnenum/vnncomp2025_benchmarks/benchmarks/cifar100_2024/vnnlib/CIFAR100_resnet_medium_prop_idx_1798_sidx_1061_eps_0.0039.vnnlib,.006295222,error_exit_code_1,1.289232287
cifar100_2024,/home/elipregerson/nnenum/vnncomp2025_benchmarks/benchmarks/cifar100_2024/onnx/CIFAR100_resnet_medium.onnx,/home/elipregerson/nnenum/vnncomp2025_benchmarks/benchmarks/cifar100_2024/vnnlib/CIFAR100_resnet_medium_prop_idx_8450_sidx_9332_eps_0.0039.vnnlib,.006533009,error_exit_code_1,1.311226863
cifar100_2024,/home/elipregerson/nnenum/vnncomp2025_benchmarks/benchmarks/cifar100_2024/onnx/CIFAR100_resnet_medium.onnx,/home/elipregerson/nnenum/vnncomp2025_benchmarks/benchmarks/cifar100_2024/vnnlib/CIFAR100_resnet_medium_prop_idx_1592_sidx_3741_eps_0.0039.vnnlib,.006082523,error_exit_code_1,1.307520348
cifar100_2024,/home/elipregerson/nnenum/vnncomp2025_benchmarks/benchmarks/cifar100_2024/onnx/CIFAR100_resnet_medium.onnx,/home/elipregerson/nnenum/vnncomp2025_benchmarks/benchmarks/cifar100_2024/vnnlib/CIFAR100_resnet_medium_prop_idx_230_sidx_1968_eps_0.0039.vnnlib,.007465233,error_exit_code_1,1.300891893
cifar100_2024,/home/elipregerson/nnenum/vnncomp2025_benchmarks/benchmarks/cifar100_2024/onnx/CIFAR100_resnet_medium.onnx,/home/elipregerson/nnenum/vnncomp2025_benchmarks/benchmarks/cifar100_2024/vnnlib/CIFAR100_resnet_medium_prop_idx_5791_sidx_5659_eps_0.0039.vnnlib,.006166492,error_exit_code_1,1.334140433
cifar100_2024,/home/elipregerson/nnenum/vnncomp2025_benchmarks/benchmarks/cifar100_2024/onnx/CIFAR100_resnet_medium.onnx,/home/elipregerson/nnenum/vnncomp2025_benchmarks/benchmarks/cifar100_2024/vnnlib/CIFAR100_resnet_medium_prop_idx_4475_sidx_752_eps_0.0039.vnnlib,.006508882,error_exit_code_1,1.342473581
cifar100_2024,/home/elipregerson/nnenum/vnncomp2025_benchmarks/benchmarks/cifar100_2024/onnx/CIFAR100_resnet_medium.onnx,/home/elipregerson/nnenum/vnncomp2025_benchmarks/benchmarks/cifar100_2024/vnnlib/CIFAR100_resnet_medium_prop_idx_3247_sidx_1605_eps_0.0039.vnnlib,.006299920,error_exit_code_1,1.371183125
cifar100_2024,/home/elipregerson/nnenum/vnncomp2025_benchmarks/benchmarks/cifar100_2024/onnx/CIFAR100_resnet_medium.onnx,/home/elipregerson/nnenum/vnncomp2025_benchmarks/benchmarks/cifar100_2024/vnnlib/CIFAR100_resnet_medium_prop_idx_2557_sidx_6196_eps_0.0039.vnnlib,.006524073,error_exit_code_1,1.311023830
cifar100_2024,/home/elipregerson/nnenum/vnncomp2025_benchmarks/benchmarks/cifar100_2024/onnx/CIFAR100_resnet_medium.onnx,/home/elipregerson/nnenum/vnncomp2025_benchmarks/benchmarks/cifar100_2024/vnnlib/CIFAR100_resnet_medium_prop_idx_4191_sidx_3301_eps_0.0039.vnnlib,.006392938,error_exit_code_1,1.346308687
cifar100_2024,/home/elipregerson/nnenum/vnncomp2025_benchmarks/benchmarks/cifar100_2024/onnx/CIFAR100_resnet_medium.onnx,/home/elipregerson/nnenum/vnncomp2025_benchmarks/benchmarks/cifar100_2024/vnnlib/CIFAR100_resnet_medium_prop_idx_2697_sidx_4836_eps_0.0039.vnnlib,.006373831,error_exit_code_1,1.328980079
cifar100_2024,/home/elipregerson/nnenum/vnncomp2025_benchmarks/benchmarks/cifar100_2024/onnx/CIFAR100_resnet_medium.onnx,/home/elipregerson/nnenum/vnncomp2025_benchmarks/benchmarks/cifar100_2024/vnnlib/CIFAR100_resnet_medium_prop_idx_9665_sidx_9074_eps_0.0039.vnnlib,.006215793,error_exit_code_1,1.292832191
cifar100_2024,/home/elipregerson/nnenum/vnncomp2025_benchmarks/benchmarks/cifar100_2024/onnx/CIFAR100_resnet_medium.onnx,/home/elipregerson/nnenum/vnncomp2025_benchmarks/benchmarks/cifar100_2024/vnnlib/CIFAR100_resnet_medium_prop_idx_9518_sidx_9183_eps_0.0039.vnnlib,.006524291,error_exit_code_1,1.297051876
cifar100_2024,/home/elipregerson/nnenum/vnncomp2025_benchmarks/benchmarks/cifar100_2024/onnx/CIFAR100_resnet_medium.onnx,/home/elipregerson/nnenum/vnncomp2025_benchmarks/benchmarks/cifar100_2024/vnnlib/CIFAR100_resnet_medium_prop_idx_5973_sidx_7841_eps_0.0039.vnnlib,.006156087,error_exit_code_1,1.337960609
cifar100_2024,/home/elipregerson/nnenum/vnncomp2025_benchmarks/benchmarks/cifar100_2024/onnx/CIFAR100_resnet_medium.onnx,/home/elipregerson/nnenum/vnncomp2025_benchmarks/benchmarks/cifar100_2024/vnnlib/CIFAR100_resnet_medium_prop_idx_9845_sidx_200_eps_0.0039.vnnlib,.006071961,error_exit_code_1,1.333514780
cifar100_2024,/home/elipregerson/nnenum/vnncomp2025_benchmarks/benchmarks/cifar100_2024/onnx/CIFAR100_resnet_medium.onnx,/home/elipregerson/nnenum/vnncomp2025_benchmarks/benchmarks/cifar100_2024/vnnlib/CIFAR100_resnet_medium_prop_idx_2779_sidx_6416_eps_0.0039.vnnlib,.007056657,error_exit_code_1,1.317530165
cifar100_2024,/home/elipregerson/nnenum/vnncomp2025_benchmarks/benchmarks/cifar100_2024/onnx/CIFAR100_resnet_medium.onnx,/home/elipregerson/nnenum/vnncomp2025_benchmarks/benchmarks/cifar100_2024/vnnlib/CIFAR100_resnet_medium_prop_idx_6292_sidx_5430_eps_0.0039.vnnlib,.006080922,error_exit_code_1,1.294509779
cifar100_2024,/home/elipregerson/nnenum/vnncomp2025_benchmarks/benchmarks/cifar100_2024/onnx/CIFAR100_resnet_medium.onnx,/home/elipregerson/nnenum/vnncomp2025_benchmarks/benchmarks/cifar100_2024/vnnlib/CIFAR100_resnet_medium_prop_idx_8642_sidx_9095_eps_0.0039.vnnlib,.006320689,error_exit_code_1,1.294747578
cifar100_2024,/home/elipregerson/nnenum/vnncomp2025_benchmarks/benchmarks/cifar100_2024/onnx/CIFAR100_resnet_medium.onnx,/home/elipregerson/nnenum/vnncomp2025_benchmarks/benchmarks/cifar100_2024/vnnlib/CIFAR100_resnet_medium_prop_idx_6049_sidx_4719_eps_0.0039.vnnlib,.006133168,error_exit_code_1,1.316144897
cifar100_2024,/home/elipregerson/nnenum/vnncomp2025_benchmarks/benchmarks/cifar100_2024/onnx/CIFAR100_resnet_medium.onnx,/home/elipregerson/nnenum/vnncomp2025_benchmarks/benchmarks/cifar100_2024/vnnlib/CIFAR100_resnet_medium_prop_idx_8739_sidx_1540_eps_0.0039.vnnlib,.006095568,error_exit_code_1,1.344101859
cifar100_2024,/home/elipregerson/nnenum/vnncomp2025_benchmarks/benchmarks/cifar100_2024/onnx/CIFAR100_resnet_medium.onnx,/home/elipregerson/nnenum/vnncomp2025_benchmarks/benchmarks/cifar100_2024/vnnlib/CIFAR100_resnet_medium_prop_idx_7034_sidx_4129_eps_0.0039.vnnlib,.006107214,error_exit_code_1,1.294237341
cifar100_2024,/home/elipregerson/nnenum/vnncomp2025_benchmarks/benchmarks/cifar100_2024/onnx/CIFAR100_resnet_medium.onnx,/home/elipregerson/nnenum/vnncomp2025_benchmarks/benchmarks/cifar100_2024/vnnlib/CIFAR100_resnet_medium_prop_idx_1498_sidx_792_eps_0.0039.vnnlib,.006128335,error_exit_code_1,1.329065286
cifar100_2024,/home/elipregerson/nnenum/vnncomp2025_benchmarks/benchmarks/cifar100_2024/onnx/CIFAR100_resnet_medium.onnx,/home/elipregerson/nnenum/vnncomp2025_benchmarks/benchmarks/cifar100_2024/vnnlib/CIFAR100_resnet_medium_prop_idx_3898_sidx_9109_eps_0.0039.vnnlib,.006081990,error_exit_code_1,1.376221394
cifar100_2024,/home/elipregerson/nnenum/vnncomp2025_benchmarks/benchmarks/cifar100_2024/onnx/CIFAR100_resnet_medium.onnx,/home/elipregerson/nnenum/vnncomp2025_benchmarks/benchmarks/cifar100_2024/vnnlib/CIFAR100_resnet_medium_prop_idx_854_sidx_6893_eps_0.0039.vnnlib,.006104619,error_exit_code_1,1.367983175
cifar100_2024,/home/elipregerson/nnenum/vnncomp2025_benchmarks/benchmarks/cifar100_2024/onnx/CIFAR100_resnet_medium.onnx,/home/elipregerson/nnenum/vnncomp2025_benchmarks/benchmarks/cifar100_2024/vnnlib/CIFAR100_resnet_medium_prop_idx_9502_sidx_7197_eps_0.0039.vnnlib,.006564111,error_exit_code_1,1.341767939
cifar100_2024,/home/elipregerson/nnenum/vnncomp2025_benchmarks/benchmarks/cifar100_2024/onnx/CIFAR100_resnet_medium.onnx,/home/elipregerson/nnenum/vnncomp2025_benchmarks/benchmarks/cifar100_2024/vnnlib/CIFAR100_resnet_medium_prop_idx_2551_sidx_9941_eps_0.0039.vnnlib,.006107286,error_exit_code_1,1.366506104
cifar100_2024,/home/elipregerson/nnenum/vnncomp2025_benchmarks/benchmarks/cifar100_2024/onnx/CIFAR100_resnet_medium.onnx,/home/elipregerson/nnenum/vnncomp2025_benchmarks/benchmarks/cifar100_2024/vnnlib/CIFAR100_resnet_medium_prop_idx_7658_sidx_1537_eps_0.0039.vnnlib,.006484702,error_exit_code_1,1.308893398
cifar100_2024,/home/elipregerson/nnenum/vnncomp2025_benchmarks/benchmarks/cifar100_2024/onnx/CIFAR100_resnet_medium.onnx,/home/elipregerson/nnenum/vnncomp2025_benchmarks/benchmarks/cifar100_2024/vnnlib/CIFAR100_resnet_medium_prop_idx_9726_sidx_4400_eps_0.0039.vnnlib,.006303071,error_exit_code_1,1.327220774
cifar100_2024,/home/elipregerson/nnenum/vnncomp2025_benchmarks/benchmarks/cifar100_2024/onnx/CIFAR100_resnet_medium.onnx,/home/elipregerson/nnenum/vnncomp2025_benchmarks/benchmarks/cifar100_2024/vnnlib/CIFAR100_resnet_medium_prop_idx_9313_sidx_6462_eps_0.0039.vnnlib,.006270004,error_exit_code_1,1.356235671
cifar100_2024,/home/elipregerson/nnenum/vnncomp2025_benchmarks/benchmarks/cifar100_2024/onnx/CIFAR100_resnet_medium.onnx,/home/elipregerson/nnenum/vnncomp2025_benchmarks/benchmarks/cifar100_2024/vnnlib/CIFAR100_resnet_medium_prop_idx_815_sidx_1902_eps_0.0039.vnnlib,.005992472,error_exit_code_1,1.327150008
cifar100_2024,/home/elipregerson/nnenum/vnncomp2025_benchmarks/benchmarks/cifar100_2024/onnx/CIFAR100_resnet_medium.onnx,/home/elipregerson/nnenum/vnncomp2025_benchmarks/benchmarks/cifar100_2024/vnnlib/CIFAR100_resnet_medium_prop_idx_6491_sidx_3620_eps_0.0039.vnnlib,.006068594,error_exit_code_1,1.317209173
cifar100_2024,/home/elipregerson/nnenum/vnncomp2025_benchmarks/benchmarks/cifar100_2024/onnx/CIFAR100_resnet_medium.onnx,/home/elipregerson/nnenum/vnncomp2025_benchmarks/benchmarks/cifar100_2024/vnnlib/CIFAR100_resnet_medium_prop_idx_4605_sidx_6225_eps_0.0039.vnnlib,.005996816,error_exit_code_1,1.326105089
cifar100_2024,/home/elipregerson/nnenum/vnncomp2025_benchmarks/benchmarks/cifar100_2024/onnx/CIFAR100_resnet_medium.onnx,/home/elipregerson/nnenum/vnncomp2025_benchmarks/benchmarks/cifar100_2024/vnnlib/CIFAR100_resnet_medium_prop_idx_2352_sidx_2704_eps_0.0039.vnnlib,.006140740,error_exit_code_1,1.310138842
cifar100_2024,/home/elipregerson/nnenum/vnncomp2025_benchmarks/benchmarks/cifar100_2024/onnx/CIFAR100_resnet_medium.onnx,/home/elipregerson/nnenum/vnncomp2025_benchmarks/benchmarks/cifar100_2024/vnnlib/CIFAR100_resnet_medium_prop_idx_1642_sidx_7494_eps_0.0039.vnnlib,.006128390,error_exit_code_1,1.313315482
cifar100_2024,/home/elipregerson/nnenum/vnncomp2025_benchmarks/benchmarks/cifar100_2024/onnx/CIFAR100_resnet_medium.onnx,/home/elipregerson/nnenum/vnncomp2025_benchmarks/benchmarks/cifar100_2024/vnnlib/CIFAR100_resnet_medium_prop_idx_8502_sidx_2893_eps_0.0039.vnnlib,.006092638,error_exit_code_1,1.355464380
cifar100_2024,/home/elipregerson/nnenum/vnncomp2025_benchmarks/benchmarks/cifar100_2024/onnx/CIFAR100_resnet_medium.onnx,/home/elipregerson/nnenum/vnncomp2025_benchmarks/benchmarks/cifar100_2024/vnnlib/CIFAR100_resnet_medium_prop_idx_4964_sidx_5266_eps_0.0039.vnnlib,.006308609,error_exit_code_1,1.320136743
cifar100_2024,/home/elipregerson/nnenum/vnncomp2025_benchmarks/benchmarks/cifar100_2024/onnx/CIFAR100_resnet_medium.onnx,/home/elipregerson/nnenum/vnncomp2025_benchmarks/benchmarks/cifar100_2024/vnnlib/CIFAR100_resnet_medium_prop_idx_6369_sidx_8824_eps_0.0039.vnnlib,.006335794,error_exit_code_1,1.318766490
cifar100_2024,/home/elipregerson/nnenum/vnncomp2025_benchmarks/benchmarks/cifar100_2024/onnx/CIFAR100_resnet_medium.onnx,/home/elipregerson/nnenum/vnncomp2025_benchmarks/benchmarks/cifar100_2024/vnnlib/CIFAR100_resnet_medium_prop_idx_966_sidx_2330_eps_0.0039.vnnlib,.006486729,error_exit_code_1,1.353847072
cifar100_2024,/home/elipregerson/nnenum/vnncomp2025_benchmarks/benchmarks/cifar100_2024/onnx/CIFAR100_resnet_medium.onnx,/home/elipregerson/nnenum/vnncomp2025_benchmarks/benchmarks/cifar100_2024/vnnlib/CIFAR100_resnet_medium_prop_idx_9162_sidx_4337_eps_0.0039.vnnlib,.006506059,error_exit_code_1,1.327901510
cifar100_2024,/home/elipregerson/nnenum/vnncomp2025_benchmarks/benchmarks/cifar100_2024/onnx/CIFAR100_resnet_medium.onnx,/home/elipregerson/nnenum/vnncomp2025_benchmarks/benchmarks/cifar100_2024/vnnlib/CIFAR100_resnet_medium_prop_idx_425_sidx_9099_eps_0.0039.vnnlib,.006117873,error_exit_code_1,1.340681780
cifar100_2024,/home/elipregerson/nnenum/vnncomp2025_benchmarks/benchmarks/cifar100_2024/onnx/CIFAR100_resnet_medium.onnx,/home/elipregerson/nnenum/vnncomp2025_benchmarks/benchmarks/cifar100_2024/vnnlib/CIFAR100_resnet_medium_prop_idx_4898_sidx_6695_eps_0.0039.vnnlib,.006113823,error_exit_code_1,1.345669247
cifar100_2024,/home/elipregerson/nnenum/vnncomp2025_benchmarks/benchmarks/cifar100_2024/onnx/CIFAR100_resnet_medium.onnx,/home/elipregerson/nnenum/vnncomp2025_benchmarks/benchmarks/cifar100_2024/vnnlib/CIFAR100_resnet_medium_prop_idx_7500_sidx_40_eps_0.0039.vnnlib,.007757622,error_exit_code_1,1.379869629
cifar100_2024,/home/elipregerson/nnenum/vnncomp2025_benchmarks/benchmarks/cifar100_2024/onnx/CIFAR100_resnet_medium.onnx,/home/elipregerson/nnenum/vnncomp2025_benchmarks/benchmarks/cifar100_2024/vnnlib/CIFAR100_resnet_medium_prop_idx_7176_sidx_1522_eps_0.0039.vnnlib,.006175809,error_exit_code_1,1.312725744
cifar100_2024,/home/elipregerson/nnenum/vnncomp2025_benchmarks/benchmarks/cifar100_2024/onnx/CIFAR100_resnet_medium.onnx,/home/elipregerson/nnenum/vnncomp2025_benchmarks/benchmarks/cifar100_2024/vnnlib/CIFAR100_resnet_medium_prop_idx_2050_sidx_8228_eps_0.0039.vnnlib,.009967506,error_exit_code_1,1.325737374
cifar100_2024,/home/elipregerson/nnenum/vnncomp2025_benchmarks/benchmarks/cifar100_2024/onnx/CIFAR100_resnet_medium.onnx,/home/elipregerson/nnenum/vnncomp2025_benchmarks/benchmarks/cifar100_2024/vnnlib/CIFAR100_resnet_medium_prop_idx_7470_sidx_4555_eps_0.0039.vnnlib,.006414565,error_exit_code_1,1.323467249
cifar100_2024,/home/elipregerson/nnenum/vnncomp2025_benchmarks/benchmarks/cifar100_2024/onnx/CIFAR100_resnet_medium.onnx,/home/elipregerson/nnenum/vnncomp2025_benchmarks/benchmarks/cifar100_2024/vnnlib/CIFAR100_resnet_medium_prop_idx_5797_sidx_6343_eps_0.0039.vnnlib,.006222771,error_exit_code_1,1.373872102
cifar100_2024,/home/elipregerson/nnenum/vnncomp2025_benchmarks/benchmarks/cifar100_2024/onnx/CIFAR100_resnet_medium.onnx,/home/elipregerson/nnenum/vnncomp2025_benchmarks/benchmarks/cifar100_2024/vnnlib/CIFAR100_resnet_medium_prop_idx_5894_sidx_5577_eps_0.0039.vnnlib,.006196317,error_exit_code_1,1.394247225
cifar100_2024,/home/elipregerson/nnenum/vnncomp2025_benchmarks/benchmarks/cifar100_2024/onnx/CIFAR100_resnet_medium.onnx,/home/elipregerson/nnenum/vnncomp2025_benchmarks/benchmarks/cifar100_2024/vnnlib/CIFAR100_resnet_medium_prop_idx_3852_sidx_2848_eps_0.0039.vnnlib,.006822387,error_exit_code_1,1.383419221
cifar100_2024,/home/elipregerson/nnenum/vnncomp2025_benchmarks/benchmarks/cifar100_2024/onnx/CIFAR100_resnet_medium.onnx,/home/elipregerson/nnenum/vnncomp2025_benchmarks/benchmarks/cifar100_2024/vnnlib/CIFAR100_resnet_medium_prop_idx_2925_sidx_8815_eps_0.0039.vnnlib,.006507578,error_exit_code_1,1.347974458
cifar100_2024,/home/elipregerson/nnenum/vnncomp2025_benchmarks/benchmarks/cifar100_2024/onnx/CIFAR100_resnet_large.onnx,/home/elipregerson/nnenum/vnncomp2025_benchmarks/benchmarks/cifar100_2024/vnnlib/CIFAR100_resnet_large_prop_idx_496_sidx_1194_eps_0.0039.vnnlib,.006213877,error_exit_code_1,1.404618988
cifar100_2024,/home/elipregerson/nnenum/vnncomp2025_benchmarks/benchmarks/cifar100_2024/onnx/CIFAR100_resnet_large.onnx,/home/elipregerson/nnenum/vnncomp2025_benchmarks/benchmarks/cifar100_2024/vnnlib/CIFAR100_resnet_large_prop_idx_4385_sidx_9116_eps_0.0039.vnnlib,.007238747,error_exit_code_1,1.386552601
cifar100_2024,/home/elipregerson/nnenum/vnncomp2025_benchmarks/benchmarks/cifar100_2024/onnx/CIFAR100_resnet_large.onnx,/home/elipregerson/nnenum/vnncomp2025_benchmarks/benchmarks/cifar100_2024/vnnlib/CIFAR100_resnet_large_prop_idx_5308_sidx_1650_eps_0.0039.vnnlib,.006017868,error_exit_code_1,1.385505469
cifar100_2024,/home/elipregerson/nnenum/vnncomp2025_benchmarks/benchmarks/cifar100_2024/onnx/CIFAR100_resnet_large.onnx,/home/elipregerson/nnenum/vnncomp2025_benchmarks/benchmarks/cifar100_2024/vnnlib/CIFAR100_resnet_large_prop_idx_4757_sidx_803_eps_0.0039.vnnlib,.006180327,error_exit_code_1,1.401939379
cifar100_2024,/home/elipregerson/nnenum/vnncomp2025_benchmarks/benchmarks/cifar100_2024/onnx/CIFAR100_resnet_large.onnx,/home/elipregerson/nnenum/vnncomp2025_benchmarks/benchmarks/cifar100_2024/vnnlib/CIFAR100_resnet_large_prop_idx_4227_sidx_5883_eps_0.0039.vnnlib,.006218646,error_exit_code_1,1.426328420
cifar100_2024,/home/elipregerson/nnenum/vnncomp2025_benchmarks/benchmarks/cifar100_2024/onnx/CIFAR100_resnet_large.onnx,/home/elipregerson/nnenum/vnncomp2025_benchmarks/benchmarks/cifar100_2024/vnnlib/CIFAR100_resnet_large_prop_idx_8589_sidx_3105_eps_0.0039.vnnlib,.006211079,error_exit_code_1,1.415170311
cifar100_2024,/home/elipregerson/nnenum/vnncomp2025_benchmarks/benchmarks/cifar100_2024/onnx/CIFAR100_resnet_large.onnx,/home/elipregerson/nnenum/vnncomp2025_benchmarks/benchmarks/cifar100_2024/vnnlib/CIFAR100_resnet_large_prop_idx_8476_sidx_3906_eps_0.0039.vnnlib,.006723487,error_exit_code_1,1.407161828
cifar100_2024,/home/elipregerson/nnenum/vnncomp2025_benchmarks/benchmarks/cifar100_2024/onnx/CIFAR100_resnet_large.onnx,/home/elipregerson/nnenum/vnncomp2025_benchmarks/benchmarks/cifar100_2024/vnnlib/CIFAR100_resnet_large_prop_idx_1456_sidx_5797_eps_0.0039.vnnlib,.006138911,error_exit_code_1,1.413489442
cifar100_2024,/home/elipregerson/nnenum/vnncomp2025_benchmarks/benchmarks/cifar100_2024/onnx/CIFAR100_resnet_large.onnx,/home/elipregerson/nnenum/vnncomp2025_benchmarks/benchmarks/cifar100_2024/vnnlib/CIFAR100_resnet_large_prop_idx_998_sidx_7605_eps_0.0039.vnnlib,.005948872,error_exit_code_1,1.386070960
cifar100_2024,/home/elipregerson/nnenum/vnncomp2025_benchmarks/benchmarks/cifar100_2024/onnx/CIFAR100_resnet_large.onnx,/home/elipregerson/nnenum/vnncomp2025_benchmarks/benchmarks/cifar100_2024/vnnlib/CIFAR100_resnet_large_prop_idx_9778_sidx_7516_eps_0.0039.vnnlib,.010332525,error_exit_code_1,1.405611277
cifar100_2024,/home/elipregerson/nnenum/vnncomp2025_benchmarks/benchmarks/cifar100_2024/onnx/CIFAR100_resnet_large.onnx,/home/elipregerson/nnenum/vnncomp2025_benchmarks/benchmarks/cifar100_2024/vnnlib/CIFAR100_resnet_large_prop_idx_1063_sidx_7948_eps_0.0039.vnnlib,.006458025,error_exit_code_1,1.341231662
cifar100_2024,/home/elipregerson/nnenum/vnncomp2025_benchmarks/benchmarks/cifar100_2024/onnx/CIFAR100_resnet_large.onnx,/home/elipregerson/nnenum/vnncomp2025_benchmarks/benchmarks/cifar100_2024/vnnlib/CIFAR100_resnet_large_prop_idx_1426_sidx_3855_eps_0.0039.vnnlib,.006130207,error_exit_code_1,1.374276744
cifar100_2024,/home/elipregerson/nnenum/vnncomp2025_benchmarks/benchmarks/cifar100_2024/onnx/CIFAR100_resnet_large.onnx,/home/elipregerson/nnenum/vnncomp2025_benchmarks/benchmarks/cifar100_2024/vnnlib/CIFAR100_resnet_large_prop_idx_3355_sidx_212_eps_0.0039.vnnlib,.006048848,error_exit_code_1,1.396764905
cifar100_2024,/home/elipregerson/nnenum/vnncomp2025_benchmarks/benchmarks/cifar100_2024/onnx/CIFAR100_resnet_large.onnx,/home/elipregerson/nnenum/vnncomp2025_benchmarks/benchmarks/cifar100_2024/vnnlib/CIFAR100_resnet_large_prop_idx_1439_sidx_8354_eps_0.0039.vnnlib,.006252861,error_exit_code_1,1.381497106
cifar100_2024,/home/elipregerson/nnenum/vnncomp2025_benchmarks/benchmarks/cifar100_2024/onnx/CIFAR100_resnet_large.onnx,/home/elipregerson/nnenum/vnncomp2025_benchmarks/benchmarks/cifar100_2024/vnnlib/CIFAR100_resnet_large_prop_idx_3585_sidx_3469_eps_0.0039.vnnlib,.006134687,error_exit_code_1,1.348543018
cifar100_2024,/home/elipregerson/nnenum/vnncomp2025_benchmarks/benchmarks/cifar100_2024/onnx/CIFAR100_resnet_large.onnx,/home/elipregerson/nnenum/vnncomp2025_benchmarks/benchmarks/cifar100_2024/vnnlib/CIFAR100_resnet_large_prop_idx_2636_sidx_1992_eps_0.0039.vnnlib,.006144961,error_exit_code_1,1.400535620
cifar100_2024,/home/elipregerson/nnenum/vnncomp2025_benchmarks/benchmarks/cifar100_2024/onnx/CIFAR100_resnet_large.onnx,/home/elipregerson/nnenum/vnncomp2025_benchmarks/benchmarks/cifar100_2024/vnnlib/CIFAR100_resnet_large_prop_idx_6101_sidx_3593_eps_0.0039.vnnlib,.006246042,error_exit_code_1,1.353830561
cifar100_2024,/home/elipregerson/nnenum/vnncomp2025_benchmarks/benchmarks/cifar100_2024/onnx/CIFAR100_resnet_large.onnx,/home/elipregerson/nnenum/vnncomp2025_benchmarks/benchmarks/cifar100_2024/vnnlib/CIFAR100_resnet_large_prop_idx_1059_sidx_6596_eps_0.0039.vnnlib,.006048550,error_exit_code_1,1.338607053
cifar100_2024,/home/elipregerson/nnenum/vnncomp2025_benchmarks/benchmarks/cifar100_2024/onnx/CIFAR100_resnet_large.onnx,/home/elipregerson/nnenum/vnncomp2025_benchmarks/benchmarks/cifar100_2024/vnnlib/CIFAR100_resnet_large_prop_idx_9773_sidx_3718_eps_0.0039.vnnlib,.006122840,error_exit_code_1,1.364419899
cifar100_2024,/home/elipregerson/nnenum/vnncomp2025_benchmarks/benchmarks/cifar100_2024/onnx/CIFAR100_resnet_large.onnx,/home/elipregerson/nnenum/vnncomp2025_benchmarks/benchmarks/cifar100_2024/vnnlib/CIFAR100_resnet_large_prop_idx_7890_sidx_4421_eps_0.0039.vnnlib,.006305777,error_exit_code_1,1.351873624
cifar100_2024,/home/elipregerson/nnenum/vnncomp2025_benchmarks/benchmarks/cifar100_2024/onnx/CIFAR100_resnet_large.onnx,/home/elipregerson/nnenum/vnncomp2025_benchmarks/benchmarks/cifar100_2024/vnnlib/CIFAR100_resnet_large_prop_idx_2993_sidx_2485_eps_0.0039.vnnlib,.006076936,error_exit_code_1,1.347747299
cifar100_2024,/home/elipregerson/nnenum/vnncomp2025_benchmarks/benchmarks/cifar100_2024/onnx/CIFAR100_resnet_large.onnx,/home/elipregerson/nnenum/vnncomp2025_benchmarks/benchmarks/cifar100_2024/vnnlib/CIFAR100_resnet_large_prop_idx_1105_sidx_9000_eps_0.0039.vnnlib,.006448612,error_exit_code_1,1.335373340
cifar100_2024,/home/elipregerson/nnenum/vnncomp2025_benchmarks/benchmarks/cifar100_2024/onnx/CIFAR100_resnet_large.onnx,/home/elipregerson/nnenum/vnncomp2025_benchmarks/benchmarks/cifar100_2024/vnnlib/CIFAR100_resnet_large_prop_idx_383_sidx_3388_eps_0.0039.vnnlib,.006791478,error_exit_code_1,1.347520675
cifar100_2024,/home/elipregerson/nnenum/vnncomp2025_benchmarks/benchmarks/cifar100_2024/onnx/CIFAR100_resnet_large.onnx,/home/elipregerson/nnenum/vnncomp2025_benchmarks/benchmarks/cifar100_2024/vnnlib/CIFAR100_resnet_large_prop_idx_6341_sidx_3142_eps_0.0039.vnnlib,.006045529,error_exit_code_1,1.348944480
cifar100_2024,/home/elipregerson/nnenum/vnncomp2025_benchmarks/benchmarks/cifar100_2024/onnx/CIFAR100_resnet_large.onnx,/home/elipregerson/nnenum/vnncomp2025_benchmarks/benchmarks/cifar100_2024/vnnlib/CIFAR100_resnet_large_prop_idx_2132_sidx_6868_eps_0.0039.vnnlib,.006447803,error_exit_code_1,1.348130021
cifar100_2024,/home/elipregerson/nnenum/vnncomp2025_benchmarks/benchmarks/cifar100_2024/onnx/CIFAR100_resnet_large.onnx,/home/elipregerson/nnenum/vnncomp2025_benchmarks/benchmarks/cifar100_2024/vnnlib/CIFAR100_resnet_large_prop_idx_3443_sidx_918_eps_0.0039.vnnlib,.006313305,error_exit_code_1,1.352441145
cifar100_2024,/home/elipregerson/nnenum/vnncomp2025_benchmarks/benchmarks/cifar100_2024/onnx/CIFAR100_resnet_large.onnx,/home/elipregerson/nnenum/vnncomp2025_benchmarks/benchmarks/cifar100_2024/vnnlib/CIFAR100_resnet_large_prop_idx_8119_sidx_972_eps_0.0039.vnnlib,.006383286,error_exit_code_1,1.330537420
cifar100_2024,/home/elipregerson/nnenum/vnncomp2025_benchmarks/benchmarks/cifar100_2024/onnx/CIFAR100_resnet_large.onnx,/home/elipregerson/nnenum/vnncomp2025_benchmarks/benchmarks/cifar100_2024/vnnlib/CIFAR100_resnet_large_prop_idx_484_sidx_161_eps_0.0039.vnnlib,.006185318,error_exit_code_1,1.324059954
cifar100_2024,/home/elipregerson/nnenum/vnncomp2025_benchmarks/benchmarks/cifar100_2024/onnx/CIFAR100_resnet_large.onnx,/home/elipregerson/nnenum/vnncomp2025_benchmarks/benchmarks/cifar100_2024/vnnlib/CIFAR100_resnet_large_prop_idx_62_sidx_313_eps_0.0039.vnnlib,.007460629,error_exit_code_1,1.350122146
cifar100_2024,/home/elipregerson/nnenum/vnncomp2025_benchmarks/benchmarks/cifar100_2024/onnx/CIFAR100_resnet_large.onnx,/home/elipregerson/nnenum/vnncomp2025_benchmarks/benchmarks/cifar100_2024/vnnlib/CIFAR100_resnet_large_prop_idx_6269_sidx_6873_eps_0.0039.vnnlib,.006166554,error_exit_code_1,1.336926942
cifar100_2024,/home/elipregerson/nnenum/vnncomp2025_benchmarks/benchmarks/cifar100_2024/onnx/CIFAR100_resnet_large.onnx,/home/elipregerson/nnenum/vnncomp2025_benchmarks/benchmarks/cifar100_2024/vnnlib/CIFAR100_resnet_large_prop_idx_3703_sidx_3842_eps_0.0039.vnnlib,.006098618,error_exit_code_1,1.348665151
cifar100_2024,/home/elipregerson/nnenum/vnncomp2025_benchmarks/benchmarks/cifar100_2024/onnx/CIFAR100_resnet_large.onnx,/home/elipregerson/nnenum/vnncomp2025_benchmarks/benchmarks/cifar100_2024/vnnlib/CIFAR100_resnet_large_prop_idx_2998_sidx_6947_eps_0.0039.vnnlib,.006015617,error_exit_code_1,1.345458307
cifar100_2024,/home/elipregerson/nnenum/vnncomp2025_benchmarks/benchmarks/cifar100_2024/onnx/CIFAR100_resnet_large.onnx,/home/elipregerson/nnenum/vnncomp2025_benchmarks/benchmarks/cifar100_2024/vnnlib/CIFAR100_resnet_large_prop_idx_7926_sidx_589_eps_0.0039.vnnlib,.006185323,error_exit_code_1,1.348011434
cifar100_2024,/home/elipregerson/nnenum/vnncomp2025_benchmarks/benchmarks/cifar100_2024/onnx/CIFAR100_resnet_large.onnx,/home/elipregerson/nnenum/vnncomp2025_benchmarks/benchmarks/cifar100_2024/vnnlib/CIFAR100_resnet_large_prop_idx_3681_sidx_4987_eps_0.0039.vnnlib,.006427490,error_exit_code_1,1.361654909
cifar100_2024,/home/elipregerson/nnenum/vnncomp2025_benchmarks/benchmarks/cifar100_2024/onnx/CIFAR100_resnet_large.onnx,/home/elipregerson/nnenum/vnncomp2025_benchmarks/benchmarks/cifar100_2024/vnnlib/CIFAR100_resnet_large_prop_idx_5410_sidx_2762_eps_0.0039.vnnlib,.006274485,error_exit_code_1,1.338516275
cifar100_2024,/home/elipregerson/nnenum/vnncomp2025_benchmarks/benchmarks/cifar100_2024/onnx/CIFAR100_resnet_large.onnx,/home/elipregerson/nnenum/vnncomp2025_benchmarks/benchmarks/cifar100_2024/vnnlib/CIFAR100_resnet_large_prop_idx_1280_sidx_5310_eps_0.0039.vnnlib,.006318443,error_exit_code_1,1.373791776
cifar100_2024,/home/elipregerson/nnenum/vnncomp2025_benchmarks/benchmarks/cifar100_2024/onnx/CIFAR100_resnet_large.onnx,/home/elipregerson/nnenum/vnncomp2025_benchmarks/benchmarks/cifar100_2024/vnnlib/CIFAR100_resnet_large_prop_idx_7233_sidx_4318_eps_0.0039.vnnlib,.006191827,error_exit_code_1,1.389704707
cifar100_2024,/home/elipregerson/nnenum/vnncomp2025_benchmarks/benchmarks/cifar100_2024/onnx/CIFAR100_resnet_large.onnx,/home/elipregerson/nnenum/vnncomp2025_benchmarks/benchmarks/cifar100_2024/vnnlib/CIFAR100_resnet_large_prop_idx_2724_sidx_6459_eps_0.0039.vnnlib,.006221762,error_exit_code_1,1.355118179
cifar100_2024,/home/elipregerson/nnenum/vnncomp2025_benchmarks/benchmarks/cifar100_2024/onnx/CIFAR100_resnet_large.onnx,/home/elipregerson/nnenum/vnncomp2025_benchmarks/benchmarks/cifar100_2024/vnnlib/CIFAR100_resnet_large_prop_idx_3894_sidx_5803_eps_0.0039.vnnlib,.006115779,error_exit_code_1,1.403415665
cifar100_2024,/home/elipregerson/nnenum/vnncomp2025_benchmarks/benchmarks/cifar100_2024/onnx/CIFAR100_resnet_large.onnx,/home/elipregerson/nnenum/vnncomp2025_benchmarks/benchmarks/cifar100_2024/vnnlib/CIFAR100_resnet_large_prop_idx_3858_sidx_134_eps_0.0039.vnnlib,.006275399,error_exit_code_1,1.372730749
cifar100_2024,/home/elipregerson/nnenum/vnncomp2025_benchmarks/benchmarks/cifar100_2024/onnx/CIFAR100_resnet_large.onnx,/home/elipregerson/nnenum/vnncomp2025_benchmarks/benchmarks/cifar100_2024/vnnlib/CIFAR100_resnet_large_prop_idx_8005_sidx_2582_eps_0.0039.vnnlib,.006072129,error_exit_code_1,1.395391774
cifar100_2024,/home/elipregerson/nnenum/vnncomp2025_benchmarks/benchmarks/cifar100_2024/onnx/CIFAR100_resnet_large.onnx,/home/elipregerson/nnenum/vnncomp2025_benchmarks/benchmarks/cifar100_2024/vnnlib/CIFAR100_resnet_large_prop_idx_1298_sidx_33_eps_0.0039.vnnlib,.006317869,error_exit_code_1,1.363318676
cifar100_2024,/home/elipregerson/nnenum/vnncomp2025_benchmarks/benchmarks/cifar100_2024/onnx/CIFAR100_resnet_large.onnx,/home/elipregerson/nnenum/vnncomp2025_benchmarks/benchmarks/cifar100_2024/vnnlib/CIFAR100_resnet_large_prop_idx_9935_sidx_75_eps_0.0039.vnnlib,.006162301,error_exit_code_1,1.377997710
cifar100_2024,/home/elipregerson/nnenum/vnncomp2025_benchmarks/benchmarks/cifar100_2024/onnx/CIFAR100_resnet_large.onnx,/home/elipregerson/nnenum/vnncomp2025_benchmarks/benchmarks/cifar100_2024/vnnlib/CIFAR100_resnet_large_prop_idx_276_sidx_476_eps_0.0039.vnnlib,.007208607,error_exit_code_1,1.384919579
cifar100_2024,/home/elipregerson/nnenum/vnncomp2025_benchmarks/benchmarks/cifar100_2024/onnx/CIFAR100_resnet_large.onnx,/home/elipregerson/nnenum/vnncomp2025_benchmarks/benchmarks/cifar100_2024/vnnlib/CIFAR100_resnet_large_prop_idx_1913_sidx_2767_eps_0.0039.vnnlib,.007044120,error_exit_code_1,1.350719995
cifar100_2024,/home/elipregerson/nnenum/vnncomp2025_benchmarks/benchmarks/cifar100_2024/onnx/CIFAR100_resnet_large.onnx,/home/elipregerson/nnenum/vnncomp2025_benchmarks/benchmarks/cifar100_2024/vnnlib/CIFAR100_resnet_large_prop_idx_1309_sidx_8525_eps_0.0039.vnnlib,.006265584,error_exit_code_1,1.411776656
cifar100_2024,/home/elipregerson/nnenum/vnncomp2025_benchmarks/benchmarks/cifar100_2024/onnx/CIFAR100_resnet_large.onnx,/home/elipregerson/nnenum/vnncomp2025_benchmarks/benchmarks/cifar100_2024/vnnlib/CIFAR100_resnet_large_prop_idx_4862_sidx_9853_eps_0.0039.vnnlib,.006090200,error_exit_code_1,1.362294280
cifar100_2024,/home/elipregerson/nnenum/vnncomp2025_benchmarks/benchmarks/cifar100_2024/onnx/CIFAR100_resnet_large.onnx,/home/elipregerson/nnenum/vnncomp2025_benchmarks/benchmarks/cifar100_2024/vnnlib/CIFAR100_resnet_large_prop_idx_7554_sidx_8201_eps_0.0039.vnnlib,.006382848,error_exit_code_1,1.386453366
cifar100_2024,/home/elipregerson/nnenum/vnncomp2025_benchmarks/benchmarks/cifar100_2024/onnx/CIFAR100_resnet_large.onnx,/home/elipregerson/nnenum/vnncomp2025_benchmarks/benchmarks/cifar100_2024/vnnlib/CIFAR100_resnet_large_prop_idx_4571_sidx_3801_eps_0.0039.vnnlib,.006094852,error_exit_code_1,1.383937614
cifar100_2024,/home/elipregerson/nnenum/vnncomp2025_benchmarks/benchmarks/cifar100_2024/onnx/CIFAR100_resnet_large.onnx,/home/elipregerson/nnenum/vnncomp2025_benchmarks/benchmarks/cifar100_2024/vnnlib/CIFAR100_resnet_large_prop_idx_5769_sidx_1524_eps_0.0039.vnnlib,.006339950,error_exit_code_1,1.357561154
cifar100_2024,/home/elipregerson/nnenum/vnncomp2025_benchmarks/benchmarks/cifar100_2024/onnx/CIFAR100_resnet_large.onnx,/home/elipregerson/nnenum/vnncomp2025_benchmarks/benchmarks/cifar100_2024/vnnlib/CIFAR100_resnet_large_prop_idx_8748_sidx_4804_eps_0.0039.vnnlib,.013460378,error_exit_code_1,1.396984710
cifar100_2024,/home/elipregerson/nnenum/vnncomp2025_benchmarks/benchmarks/cifar100_2024/onnx/CIFAR100_resnet_large.onnx,/home/elipregerson/nnenum/vnncomp2025_benchmarks/benchmarks/cifar100_2024/vnnlib/CIFAR100_resnet_large_prop_idx_3950_sidx_4217_eps_0.0039.vnnlib,.006163050,error_exit_code_1,1.360565125
cifar100_2024,/home/elipregerson/nnenum/vnncomp2025_benchmarks/benchmarks/cifar100_2024/onnx/CIFAR100_resnet_large.onnx,/home/elipregerson/nnenum/vnncomp2025_benchmarks/benchmarks/cifar100_2024/vnnlib/CIFAR100_resnet_large_prop_idx_7886_sidx_7064_eps_0.0039.vnnlib,.006019746,error_exit_code_1,1.364848552
cifar100_2024,/home/elipregerson/nnenum/vnncomp2025_benchmarks/benchmarks/cifar100_2024/onnx/CIFAR100_resnet_large.onnx,/home/elipregerson/nnenum/vnncomp2025_benchmarks/benchmarks/cifar100_2024/vnnlib/CIFAR100_resnet_large_prop_idx_4652_sidx_1371_eps_0.0039.vnnlib,.007157334,error_exit_code_1,1.498858506
cifar100_2024,/home/elipregerson/nnenum/vnncomp2025_benchmarks/benchmarks/cifar100_2024/onnx/CIFAR100_resnet_large.onnx,/home/elipregerson/nnenum/vnncomp2025_benchmarks/benchmarks/cifar100_2024/vnnlib/CIFAR100_resnet_large_prop_idx_1938_sidx_6556_eps_0.0039.vnnlib,.006243117,error_exit_code_1,1.419276504
cifar100_2024,/home/elipregerson/nnenum/vnncomp2025_benchmarks/benchmarks/cifar100_2024/onnx/CIFAR100_resnet_large.onnx,/home/elipregerson/nnenum/vnncomp2025_benchmarks/benchmarks/cifar100_2024/vnnlib/CIFAR100_resnet_large_prop_idx_8332_sidx_4482_eps_0.0039.vnnlib,.006073338,error_exit_code_1,1.437950914
cifar100_2024,/home/elipregerson/nnenum/vnncomp2025_benchmarks/benchmarks/cifar100_2024/onnx/CIFAR100_resnet_large.onnx,/home/elipregerson/nnenum/vnncomp2025_benchmarks/benchmarks/cifar100_2024/vnnlib/CIFAR100_resnet_large_prop_idx_2302_sidx_3657_eps_0.0039.vnnlib,.006113799,error_exit_code_1,1.412874248
cifar100_2024,/home/elipregerson/nnenum/vnncomp2025_benchmarks/benchmarks/cifar100_2024/onnx/CIFAR100_resnet_large.onnx,/home/elipregerson/nnenum/vnncomp2025_benchmarks/benchmarks/cifar100_2024/vnnlib/CIFAR100_resnet_large_prop_idx_7104_sidx_9469_eps_0.0039.vnnlib,.006287977,error_exit_code_1,1.457901667
cifar100_2024,/home/elipregerson/nnenum/vnncomp2025_benchmarks/benchmarks/cifar100_2024/onnx/CIFAR100_resnet_large.onnx,/home/elipregerson/nnenum/vnncomp2025_benchmarks/benchmarks/cifar100_2024/vnnlib/CIFAR100_resnet_large_prop_idx_2783_sidx_8903_eps_0.0039.vnnlib,.006417728,error_exit_code_1,1.396249889
cifar100_2024,/home/elipregerson/nnenum/vnncomp2025_benchmarks/benchmarks/cifar100_2024/onnx/CIFAR100_resnet_large.onnx,/home/elipregerson/nnenum/vnncomp2025_benchmarks/benchmarks/cifar100_2024/vnnlib/CIFAR100_resnet_large_prop_idx_6491_sidx_3620_eps_0.0039.vnnlib,.006129824,error_exit_code_1,1.418546453
cifar100_2024,/home/elipregerson/nnenum/vnncomp2025_benchmarks/benchmarks/cifar100_2024/onnx/CIFAR100_resnet_large.onnx,/home/elipregerson/nnenum/vnncomp2025_benchmarks/benchmarks/cifar100_2024/vnnlib/CIFAR100_resnet_large_prop_idx_5162_sidx_8126_eps_0.0039.vnnlib,.006845756,error_exit_code_1,1.365590073
cifar100_2024,/home/elipregerson/nnenum/vnncomp2025_benchmarks/benchmarks/cifar100_2024/onnx/CIFAR100_resnet_large.onnx,/home/elipregerson/nnenum/vnncomp2025_benchmarks/benchmarks/cifar100_2024/vnnlib/CIFAR100_resnet_large_prop_idx_8502_sidx_2893_eps_0.0039.vnnlib,.006212904,error_exit_code_1,1.359483979
cifar100_2024,/home/elipregerson/nnenum/vnncomp2025_benchmarks/benchmarks/cifar100_2024/onnx/CIFAR100_resnet_large.onnx,/home/elipregerson/nnenum/vnncomp2025_benchmarks/benchmarks/cifar100_2024/vnnlib/CIFAR100_resnet_large_prop_idx_3143_sidx_9413_eps_0.0039.vnnlib,.006206409,error_exit_code_1,1.361882760
cifar100_2024,/home/elipregerson/nnenum/vnncomp2025_benchmarks/benchmarks/cifar100_2024/onnx/CIFAR100_resnet_large.onnx,/home/elipregerson/nnenum/vnncomp2025_benchmarks/benchmarks/cifar100_2024/vnnlib/CIFAR100_resnet_large_prop_idx_656_sidx_2209_eps_0.0039.vnnlib,.006875793,error_exit_code_1,1.372392459
cifar100_2024,/home/elipregerson/nnenum/vnncomp2025_benchmarks/benchmarks/cifar100_2024/onnx/CIFAR100_resnet_large.onnx,/home/elipregerson/nnenum/vnncomp2025_benchmarks/benchmarks/cifar100_2024/vnnlib/CIFAR100_resnet_large_prop_idx_4322_sidx_9995_eps_0.0039.vnnlib,.006308258,error_exit_code_1,1.389799228
cifar100_2024,/home/elipregerson/nnenum/vnncomp2025_benchmarks/benchmarks/cifar100_2024/onnx/CIFAR100_resnet_large.onnx,/home/elipregerson/nnenum/vnncomp2025_benchmarks/benchmarks/cifar100_2024/vnnlib/CIFAR100_resnet_large_prop_idx_5804_sidx_1885_eps_0.0039.vnnlib,.006076044,error_exit_code_1,1.388914398
cifar100_2024,/home/elipregerson/nnenum/vnncomp2025_benchmarks/benchmarks/cifar100_2024/onnx/CIFAR100_resnet_large.onnx,/home/elipregerson/nnenum/vnncomp2025_benchmarks/benchmarks/cifar100_2024/vnnlib/CIFAR100_resnet_large_prop_idx_2630_sidx_1753_eps_0.0039.vnnlib,.006672041,error_exit_code_1,1.372972451
cifar100_2024,/home/elipregerson/nnenum/vnncomp2025_benchmarks/benchmarks/cifar100_2024/onnx/CIFAR100_resnet_large.onnx,/home/elipregerson/nnenum/vnncomp2025_benchmarks/benchmarks/cifar100_2024/vnnlib/CIFAR100_resnet_large_prop_idx_2461_sidx_2912_eps_0.0039.vnnlib,.006544843,error_exit_code_1,1.396147863
cifar100_2024,/home/elipregerson/nnenum/vnncomp2025_benchmarks/benchmarks/cifar100_2024/onnx/CIFAR100_resnet_large.onnx,/home/elipregerson/nnenum/vnncomp2025_benchmarks/benchmarks/cifar100_2024/vnnlib/CIFAR100_resnet_large_prop_idx_4486_sidx_8828_eps_0.0039.vnnlib,.006191655,error_exit_code_1,1.392701281
cifar100_2024,/home/elipregerson/nnenum/vnncomp2025_benchmarks/benchmarks/cifar100_2024/onnx/CIFAR100_resnet_large.onnx,/home/elipregerson/nnenum/vnncomp2025_benchmarks/benchmarks/cifar100_2024/vnnlib/CIFAR100_resnet_large_prop_idx_5810_sidx_7106_eps_0.0039.vnnlib,.006329321,error_exit_code_1,1.380542219
cifar100_2024,/home/elipregerson/nnenum/vnncomp2025_benchmarks/benchmarks/cifar100_2024/onnx/CIFAR100_resnet_large.onnx,/home/elipregerson/nnenum/vnncomp2025_benchmarks/benchmarks/cifar100_2024/vnnlib/CIFAR100_resnet_large_prop_idx_6343_sidx_1886_eps_0.0039.vnnlib,.006260409,error_exit_code_1,1.375352786
cifar100_2024,/home/elipregerson/nnenum/vnncomp2025_benchmarks/benchmarks/cifar100_2024/onnx/CIFAR100_resnet_large.onnx,/home/elipregerson/nnenum/vnncomp2025_benchmarks/benchmarks/cifar100_2024/vnnlib/CIFAR100_resnet_large_prop_idx_9640_sidx_7273_eps_0.0039.vnnlib,.006334506,error_exit_code_1,1.370054686
cifar100_2024,/home/elipregerson/nnenum/vnncomp2025_benchmarks/benchmarks/cifar100_2024/onnx/CIFAR100_resnet_large.onnx,/home/elipregerson/nnenum/vnncomp2025_benchmarks/benchmarks/cifar100_2024/vnnlib/CIFAR100_resnet_large_prop_idx_5522_sidx_5863_eps_0.0039.vnnlib,.006041044,error_exit_code_1,1.337751408
cifar100_2024,/home/elipregerson/nnenum/vnncomp2025_benchmarks/benchmarks/cifar100_2024/onnx/CIFAR100_resnet_large.onnx,/home/elipregerson/nnenum/vnncomp2025_benchmarks/benchmarks/cifar100_2024/vnnlib/CIFAR100_resnet_large_prop_idx_9460_sidx_4347_eps_0.0039.vnnlib,.007569627,error_exit_code_1,1.368801135
cifar100_2024,/home/elipregerson/nnenum/vnncomp2025_benchmarks/benchmarks/cifar100_2024/onnx/CIFAR100_resnet_large.onnx,/home/elipregerson/nnenum/vnncomp2025_benchmarks/benchmarks/cifar100_2024/vnnlib/CIFAR100_resnet_large_prop_idx_8865_sidx_700_eps_0.0039.vnnlib,.005942545,error_exit_code_1,1.365499180
cifar100_2024,/home/elipregerson/nnenum/vnncomp2025_benchmarks/benchmarks/cifar100_2024/onnx/CIFAR100_resnet_large.onnx,/home/elipregerson/nnenum/vnncomp2025_benchmarks/benchmarks/cifar100_2024/vnnlib/CIFAR100_resnet_large_prop_idx_8395_sidx_8915_eps_0.0039.vnnlib,.006032906,error_exit_code_1,1.382312468
cifar100_2024,/home/elipregerson/nnenum/vnncomp2025_benchmarks/benchmarks/cifar100_2024/onnx/CIFAR100_resnet_large.onnx,/home/elipregerson/nnenum/vnncomp2025_benchmarks/benchmarks/cifar100_2024/vnnlib/CIFAR100_resnet_large_prop_idx_9883_sidx_7162_eps_0.0039.vnnlib,.006154555,error_exit_code_1,1.355720481
cifar100_2024,/home/elipregerson/nnenum/vnncomp2025_benchmarks/benchmarks/cifar100_2024/onnx/CIFAR100_resnet_large.onnx,/home/elipregerson/nnenum/vnncomp2025_benchmarks/benchmarks/cifar100_2024/vnnlib/CIFAR100_resnet_large_prop_idx_3573_sidx_2903_eps_0.0039.vnnlib,.006176342,error_exit_code_1,1.345819957
cifar100_2024,/home/elipregerson/nnenum/vnncomp2025_benchmarks/benchmarks/cifar100_2024/onnx/CIFAR100_resnet_large.onnx,/home/elipregerson/nnenum/vnncomp2025_benchmarks/benchmarks/cifar100_2024/vnnlib/CIFAR100_resnet_large_prop_idx_6418_sidx_7923_eps_0.0039.vnnlib,.006389659,error_exit_code_1,1.411842973
cifar100_2024,/home/elipregerson/nnenum/vnncomp2025_benchmarks/benchmarks/cifar100_2024/onnx/CIFAR100_resnet_large.onnx,/home/elipregerson/nnenum/vnncomp2025_benchmarks/benchmarks/cifar100_2024/vnnlib/CIFAR100_resnet_large_prop_idx_2668_sidx_2652_eps_0.0039.vnnlib,.006960190,error_exit_code_1,1.371917305
cifar100_2024,/home/elipregerson/nnenum/vnncomp2025_benchmarks/benchmarks/cifar100_2024/onnx/CIFAR100_resnet_large.onnx,/home/elipregerson/nnenum/vnncomp2025_benchmarks/benchmarks/cifar100_2024/vnnlib/CIFAR100_resnet_large_prop_idx_1216_sidx_6431_eps_0.0039.vnnlib,.007263350,error_exit_code_1,1.366386302
cifar100_2024,/home/elipregerson/nnenum/vnncomp2025_benchmarks/benchmarks/cifar100_2024/onnx/CIFAR100_resnet_large.onnx,/home/elipregerson/nnenum/vnncomp2025_benchmarks/benchmarks/cifar100_2024/vnnlib/CIFAR100_resnet_large_prop_idx_6583_sidx_8860_eps_0.0039.vnnlib,.006321768,error_exit_code_1,1.364811064
cifar100_2024,/home/elipregerson/nnenum/vnncomp2025_benchmarks/benchmarks/cifar100_2024/onnx/CIFAR100_resnet_large.onnx,/home/elipregerson/nnenum/vnncomp2025_benchmarks/benchmarks/cifar100_2024/vnnlib/CIFAR100_resnet_large_prop_idx_5546_sidx_4338_eps_0.0039.vnnlib,.006100085,error_exit_code_1,1.399553420
cifar100_2024,/home/elipregerson/nnenum/vnncomp2025_benchmarks/benchmarks/cifar100_2024/onnx/CIFAR100_resnet_large.onnx,/home/elipregerson/nnenum/vnncomp2025_benchmarks/benchmarks/cifar100_2024/vnnlib/CIFAR100_resnet_large_prop_idx_9845_sidx_200_eps_0.0039.vnnlib,.006224625,error_exit_code_1,1.389972655
cifar100_2024,/home/elipregerson/nnenum/vnncomp2025_benchmarks/benchmarks/cifar100_2024/onnx/CIFAR100_resnet_large.onnx,/home/elipregerson/nnenum/vnncomp2025_benchmarks/benchmarks/cifar100_2024/vnnlib/CIFAR100_resnet_large_prop_idx_8012_sidx_5910_eps_0.0039.vnnlib,.006011794,error_exit_code_1,1.418679773
cifar100_2024,/home/elipregerson/nnenum/vnncomp2025_benchmarks/benchmarks/cifar100_2024/onnx/CIFAR100_resnet_large.onnx,/home/elipregerson/nnenum/vnncomp2025_benchmarks/benchmarks/cifar100_2024/vnnlib/CIFAR100_resnet_large_prop_idx_7884_sidx_6926_eps_0.0039.vnnlib,.006162645,error_exit_code_1,1.386499784
cifar100_2024,/home/elipregerson/nnenum/vnncomp2025_benchmarks/benchmarks/cifar100_2024/onnx/CIFAR100_resnet_large.onnx,/home/elipregerson/nnenum/vnncomp2025_benchmarks/benchmarks/cifar100_2024/vnnlib/CIFAR100_resnet_large_prop_idx_8381_sidx_4474_eps_0.0039.vnnlib,.006253725,error_exit_code_1,1.370222923
cifar100_2024,/home/elipregerson/nnenum/vnncomp2025_benchmarks/benchmarks/cifar100_2024/onnx/CIFAR100_resnet_large.onnx,/home/elipregerson/nnenum/vnncomp2025_benchmarks/benchmarks/cifar100_2024/vnnlib/CIFAR100_resnet_large_prop_idx_483_sidx_7371_eps_0.0039.vnnlib,.006099904,error_exit_code_1,1.365788966
cifar100_2024,/home/elipregerson/nnenum/vnncomp2025_benchmarks/benchmarks/cifar100_2024/onnx/CIFAR100_resnet_large.onnx,/home/elipregerson/nnenum/vnncomp2025_benchmarks/benchmarks/cifar100_2024/vnnlib/CIFAR100_resnet_large_prop_idx_7640_sidx_9025_eps_0.0039.vnnlib,.006407220,error_exit_code_1,1.368970052
cifar100_2024,/home/elipregerson/nnenum/vnncomp2025_benchmarks/benchmarks/cifar100_2024/onnx/CIFAR100_resnet_large.onnx,/home/elipregerson/nnenum/vnncomp2025_benchmarks/benchmarks/cifar100_2024/vnnlib/CIFAR100_resnet_large_prop_idx_5230_sidx_242_eps_0.0039.vnnlib,.006156195,error_exit_code_1,1.399140629
cifar100_2024,/home/elipregerson/nnenum/vnncomp2025_benchmarks/benchmarks/cifar100_2024/onnx/CIFAR100_resnet_large.onnx,/home/elipregerson/nnenum/vnncomp2025_benchmarks/benchmarks/cifar100_2024/vnnlib/CIFAR100_resnet_large_prop_idx_9476_sidx_5602_eps_0.0039.vnnlib,.006171927,error_exit_code_1,1.341559380
cifar100_2024,/home/elipregerson/nnenum/vnncomp2025_benchmarks/benchmarks/cifar100_2024/onnx/CIFAR100_resnet_large.onnx,/home/elipregerson/nnenum/vnncomp2025_benchmarks/benchmarks/cifar100_2024/vnnlib/CIFAR100_resnet_large_prop_idx_7866_sidx_7980_eps_0.0039.vnnlib,.006112695,error_exit_code_1,1.383314060
cifar100_2024,/home/elipregerson/nnenum/vnncomp2025_benchmarks/benchmarks/cifar100_2024/onnx/CIFAR100_resnet_large.onnx,/home/elipregerson/nnenum/vnncomp2025_benchmarks/benchmarks/cifar100_2024/vnnlib/CIFAR100_resnet_large_prop_idx_7436_sidx_5742_eps_0.0039.vnnlib,.006139476,error_exit_code_1,1.353912172
cifar100_2024,/home/elipregerson/nnenum/vnncomp2025_benchmarks/benchmarks/cifar100_2024/onnx/CIFAR100_resnet_large.onnx,/home/elipregerson/nnenum/vnncomp2025_benchmarks/benchmarks/cifar100_2024/vnnlib/CIFAR100_resnet_large_prop_idx_2624_sidx_917_eps_0.0039.vnnlib,.006086592,error_exit_code_1,1.367161636
cifar100_2024,/home/elipregerson/nnenum/vnncomp2025_benchmarks/benchmarks/cifar100_2024/onnx/CIFAR100_resnet_large.onnx,/home/elipregerson/nnenum/vnncomp2025_benchmarks/benchmarks/cifar100_2024/vnnlib/CIFAR100_resnet_large_prop_idx_1241_sidx_5679_eps_0.0039.vnnlib,.006151235,error_exit_code_1,1.344545778
cifar100_2024,/home/elipregerson/nnenum/vnncomp2025_benchmarks/benchmarks/cifar100_2024/onnx/CIFAR100_resnet_large.onnx,/home/elipregerson/nnenum/vnncomp2025_benchmarks/benchmarks/cifar100_2024/vnnlib/CIFAR100_resnet_large_prop_idx_3812_sidx_8477_eps_0.0039.vnnlib,.006123475,error_exit_code_1,1.338844281
cifar100_2024,/home/elipregerson/nnenum/vnncomp2025_benchmarks/benchmarks/cifar100_2024/onnx/CIFAR100_resnet_large.onnx,/home/elipregerson/nnenum/vnncomp2025_benchmarks/benchmarks/cifar100_2024/vnnlib/CIFAR100_resnet_large_prop_idx_9372_sidx_3515_eps_0.0039.vnnlib,.006135292,error_exit_code_1,1.359879200
cifar100_2024,/home/elipregerson/nnenum/vnncomp2025_benchmarks/benchmarks/cifar100_2024/onnx/CIFAR100_resnet_large.onnx,/home/elipregerson/nnenum/vnncomp2025_benchmarks/benchmarks/cifar100_2024/vnnlib/CIFAR100_resnet_large_prop_idx_1590_sidx_2858_eps_0.0039.vnnlib,.006309109,error_exit_code_1,1.362998757
cifar100_2024,/home/elipregerson/nnenum/vnncomp2025_benchmarks/benchmarks/cifar100_2024/onnx/CIFAR100_resnet_large.onnx,/home/elipregerson/nnenum/vnncomp2025_benchmarks/benchmarks/cifar100_2024/vnnlib/CIFAR100_resnet_large_prop_idx_6337_sidx_2381_eps_0.0039.vnnlib,.007694324,error_exit_code_1,1.336269496
cifar100_2024,/home/elipregerson/nnenum/vnncomp2025_benchmarks/benchmarks/cifar100_2024/onnx/CIFAR100_resnet_large.onnx,/home/elipregerson/nnenum/vnncomp2025_benchmarks/benchmarks/cifar100_2024/vnnlib/CIFAR100_resnet_large_prop_idx_6757_sidx_2400_eps_0.0039.vnnlib,.011431490,error_exit_code_1,1.380091048
cifar100_2024,/home/elipregerson/nnenum/vnncomp2025_benchmarks/benchmarks/test/onnx/test_nano.onnx,/home/elipregerson/nnenum/vnncomp2025_benchmarks/benchmarks/test/vnnlib/test_nano.vnnlib,.008204047,unsat,.531771045
collins_aerospace_benchmark,/home/elipregerson/nnenum/vnncomp2025_benchmarks/benchmarks/collins_aerospace_benchmark/onnx/yolov5nano_LRelu_640.onnx,/home/elipregerson/nnenum/vnncomp2025_benchmarks/benchmarks/collins_aerospace_benchmark/vnnlib/img_14421_perturbed_bbox_3_delta_0.001.vnnlib,.006302804,error_exit_code_1,54.700830506
collins_aerospace_benchmark,/home/elipregerson/nnenum/vnncomp2025_benchmarks/benchmarks/collins_aerospace_benchmark/onnx/yolov5nano_LRelu_640.onnx,/home/elipregerson/nnenum/vnncomp2025_benchmarks/benchmarks/collins_aerospace_benchmark/vnnlib/img_6876_perturbed_bbox_0_delta_0.005.vnnlib,.006279755,error_exit_code_1,53.672173335
collins_aerospace_benchmark,/home/elipregerson/nnenum/vnncomp2025_benchmarks/benchmarks/collins_aerospace_benchmark/onnx/yolov5nano_LRelu_640.onnx,/home/elipregerson/nnenum/vnncomp2025_benchmarks/benchmarks/collins_aerospace_benchmark/vnnlib/img_14386_perturbed_bbox_7_delta_0.01.vnnlib,.006206003,error_exit_code_1,57.125591439
collins_aerospace_benchmark,/home/elipregerson/nnenum/vnncomp2025_benchmarks/benchmarks/collins_aerospace_benchmark/onnx/yolov5nano_LRelu_640.onnx,/home/elipregerson/nnenum/vnncomp2025_benchmarks/benchmarks/collins_aerospace_benchmark/vnnlib/img_8758_perturbed_bbox_3_delta_0.02.vnnlib,.006482796,error_exit_code_1,55.821167177
collins_aerospace_benchmark,/home/elipregerson/nnenum/vnncomp2025_benchmarks/benchmarks/collins_aerospace_benchmark/onnx/yolov5nano_LRelu_640.onnx,/home/elipregerson/nnenum/vnncomp2025_benchmarks/benchmarks/collins_aerospace_benchmark/vnnlib/img_8758_perturbed_bbox_4_delta_0.05.vnnlib,.006643256,error_exit_code_1,54.131805551
collins_aerospace_benchmark,/home/elipregerson/nnenum/vnncomp2025_benchmarks/benchmarks/collins_aerospace_benchmark/onnx/yolov5nano_LRelu_640.onnx,/home/elipregerson/nnenum/vnncomp2025_benchmarks/benchmarks/collins_aerospace_benchmark/vnnlib/img_12761_perturbed_bbox_0_delta_0.1.vnnlib,.006493536,error_exit_code_1,55.372111327
collins_aerospace_benchmark,/home/elipregerson/nnenum/vnncomp2025_benchmarks/benchmarks/test/onnx/test_nano.onnx,/home/elipregerson/nnenum/vnncomp2025_benchmarks/benchmarks/test/vnnlib/test_nano.vnnlib,.006582464,unsat,.551722937
collins_rul_cnn_2022,/home/elipregerson/nnenum/vnncomp2025_benchmarks/benchmarks/collins_rul_cnn_2022/onnx/NN_rul_small_window_20.onnx,/home/elipregerson/nnenum/vnncomp2025_benchmarks/benchmarks/collins_rul_cnn_2022/vnnlib/robustness_2perturbations_delta5_epsilon10_w20.vnnlib,.006351667,sat,.715854971
collins_rul_cnn_2022,/home/elipregerson/nnenum/vnncomp2025_benchmarks/benchmarks/collins_rul_cnn_2022/onnx/NN_rul_small_window_20.onnx,/home/elipregerson/nnenum/vnncomp2025_benchmarks/benchmarks/collins_rul_cnn_2022/vnnlib/robustness_2perturbations_delta10_epsilon10_w20.vnnlib,.006552108,unsat,.721345470
collins_rul_cnn_2022,/home/elipregerson/nnenum/vnncomp2025_benchmarks/benchmarks/collins_rul_cnn_2022/onnx/NN_rul_small_window_20.onnx,/home/elipregerson/nnenum/vnncomp2025_benchmarks/benchmarks/collins_rul_cnn_2022/vnnlib/robustness_2perturbations_delta20_epsilon10_w20.vnnlib,.007416174,unsat,.739443425
collins_rul_cnn_2022,/home/elipregerson/nnenum/vnncomp2025_benchmarks/benchmarks/collins_rul_cnn_2022/onnx/NN_rul_small_window_20.onnx,/home/elipregerson/nnenum/vnncomp2025_benchmarks/benchmarks/collins_rul_cnn_2022/vnnlib/robustness_2perturbations_delta40_epsilon10_w20.vnnlib,.006608796,unsat,.804393018
collins_rul_cnn_2022,/home/elipregerson/nnenum/vnncomp2025_benchmarks/benchmarks/collins_rul_cnn_2022/onnx/NN_rul_small_window_20.onnx,/home/elipregerson/nnenum/vnncomp2025_benchmarks/benchmarks/collins_rul_cnn_2022/vnnlib/robustness_4perturbations_delta5_epsilon10_w20.vnnlib,.006441829,sat,.751678616
collins_rul_cnn_2022,/home/elipregerson/nnenum/vnncomp2025_benchmarks/benchmarks/collins_rul_cnn_2022/onnx/NN_rul_small_window_20.onnx,/home/elipregerson/nnenum/vnncomp2025_benchmarks/benchmarks/collins_rul_cnn_2022/vnnlib/robustness_4perturbations_delta10_epsilon10_w20.vnnlib,.006552625,sat,.751066787
collins_rul_cnn_2022,/home/elipregerson/nnenum/vnncomp2025_benchmarks/benchmarks/collins_rul_cnn_2022/onnx/NN_rul_small_window_20.onnx,/home/elipregerson/nnenum/vnncomp2025_benchmarks/benchmarks/collins_rul_cnn_2022/vnnlib/robustness_4perturbations_delta20_epsilon10_w20.vnnlib,.006415197,sat,.726292118
collins_rul_cnn_2022,/home/elipregerson/nnenum/vnncomp2025_benchmarks/benchmarks/collins_rul_cnn_2022/onnx/NN_rul_small_window_20.onnx,/home/elipregerson/nnenum/vnncomp2025_benchmarks/benchmarks/collins_rul_cnn_2022/vnnlib/robustness_4perturbations_delta40_epsilon10_w20.vnnlib,.006567004,sat,.766052982
collins_rul_cnn_2022,/home/elipregerson/nnenum/vnncomp2025_benchmarks/benchmarks/collins_rul_cnn_2022/onnx/NN_rul_small_window_20.onnx,/home/elipregerson/nnenum/vnncomp2025_benchmarks/benchmarks/collins_rul_cnn_2022/vnnlib/robustness_8perturbations_delta5_epsilon10_w20.vnnlib,.006575215,unsat,.757894248
collins_rul_cnn_2022,/home/elipregerson/nnenum/vnncomp2025_benchmarks/benchmarks/collins_rul_cnn_2022/onnx/NN_rul_small_window_20.onnx,/home/elipregerson/nnenum/vnncomp2025_benchmarks/benchmarks/collins_rul_cnn_2022/vnnlib/robustness_8perturbations_delta10_epsilon10_w20.vnnlib,.006718675,unsat,.761295833
collins_rul_cnn_2022,/home/elipregerson/nnenum/vnncomp2025_benchmarks/benchmarks/collins_rul_cnn_2022/onnx/NN_rul_small_window_20.onnx,/home/elipregerson/nnenum/vnncomp2025_benchmarks/benchmarks/collins_rul_cnn_2022/vnnlib/robustness_8perturbations_delta20_epsilon10_w20.vnnlib,.006472829,unsat,.782661425
collins_rul_cnn_2022,/home/elipregerson/nnenum/vnncomp2025_benchmarks/benchmarks/collins_rul_cnn_2022/onnx/NN_rul_small_window_20.onnx,/home/elipregerson/nnenum/vnncomp2025_benchmarks/benchmarks/collins_rul_cnn_2022/vnnlib/robustness_8perturbations_delta40_epsilon10_w20.vnnlib,.006338756,unsat,.758041594
collins_rul_cnn_2022,/home/elipregerson/nnenum/vnncomp2025_benchmarks/benchmarks/collins_rul_cnn_2022/onnx/NN_rul_small_window_20.onnx,/home/elipregerson/nnenum/vnncomp2025_benchmarks/benchmarks/collins_rul_cnn_2022/vnnlib/robustness_16perturbations_delta5_epsilon10_w20.vnnlib,.006617711,unsat,.760067743
collins_rul_cnn_2022,/home/elipregerson/nnenum/vnncomp2025_benchmarks/benchmarks/collins_rul_cnn_2022/onnx/NN_rul_small_window_20.onnx,/home/elipregerson/nnenum/vnncomp2025_benchmarks/benchmarks/collins_rul_cnn_2022/vnnlib/robustness_16perturbations_delta10_epsilon10_w20.vnnlib,.006637134,sat,.766051856
collins_rul_cnn_2022,/home/elipregerson/nnenum/vnncomp2025_benchmarks/benchmarks/collins_rul_cnn_2022/onnx/NN_rul_small_window_20.onnx,/home/elipregerson/nnenum/vnncomp2025_benchmarks/benchmarks/collins_rul_cnn_2022/vnnlib/robustness_16perturbations_delta20_epsilon10_w20.vnnlib,.006849472,unsat,.748397252
collins_rul_cnn_2022,/home/elipregerson/nnenum/vnncomp2025_benchmarks/benchmarks/collins_rul_cnn_2022/onnx/NN_rul_small_window_20.onnx,/home/elipregerson/nnenum/vnncomp2025_benchmarks/benchmarks/collins_rul_cnn_2022/vnnlib/robustness_16perturbations_delta40_epsilon10_w20.vnnlib,.006719076,sat,.766289506
collins_rul_cnn_2022,/home/elipregerson/nnenum/vnncomp2025_benchmarks/benchmarks/collins_rul_cnn_2022/onnx/NN_rul_small_window_20.onnx,/home/elipregerson/nnenum/vnncomp2025_benchmarks/benchmarks/collins_rul_cnn_2022/vnnlib/monotonicity_CI_shift5_w20.vnnlib,.006774638,unsat,.761803300
collins_rul_cnn_2022,/home/elipregerson/nnenum/vnncomp2025_benchmarks/benchmarks/collins_rul_cnn_2022/onnx/NN_rul_small_window_20.onnx,/home/elipregerson/nnenum/vnncomp2025_benchmarks/benchmarks/collins_rul_cnn_2022/vnnlib/monotonicity_CI_shift10_w20.vnnlib,.007198354,unsat,.735216761
collins_rul_cnn_2022,/home/elipregerson/nnenum/vnncomp2025_benchmarks/benchmarks/collins_rul_cnn_2022/onnx/NN_rul_small_window_20.onnx,/home/elipregerson/nnenum/vnncomp2025_benchmarks/benchmarks/collins_rul_cnn_2022/vnnlib/monotonicity_CI_shift20_w20.vnnlib,.006524115,unsat,.758090021
collins_rul_cnn_2022,/home/elipregerson/nnenum/vnncomp2025_benchmarks/benchmarks/collins_rul_cnn_2022/onnx/NN_rul_small_window_20.onnx,/home/elipregerson/nnenum/vnncomp2025_benchmarks/benchmarks/collins_rul_cnn_2022/vnnlib/if_then_5levels_w20.vnnlib,.006576452,sat,.740520897
collins_rul_cnn_2022,/home/elipregerson/nnenum/vnncomp2025_benchmarks/benchmarks/collins_rul_cnn_2022/onnx/NN_rul_small_window_20.onnx,/home/elipregerson/nnenum/vnncomp2025_benchmarks/benchmarks/collins_rul_cnn_2022/vnnlib/if_then_7levels_w20.vnnlib,.006827518,sat,.712340185
collins_rul_cnn_2022,/home/elipregerson/nnenum/vnncomp2025_benchmarks/benchmarks/collins_rul_cnn_2022/onnx/NN_rul_small_window_20.onnx,/home/elipregerson/nnenum/vnncomp2025_benchmarks/benchmarks/collins_rul_cnn_2022/vnnlib/if_then_9levels_w20.vnnlib,.006461824,sat,.739006360
collins_rul_cnn_2022,/home/elipregerson/nnenum/vnncomp2025_benchmarks/benchmarks/collins_rul_cnn_2022/onnx/NN_rul_full_window_20.onnx,/home/elipregerson/nnenum/vnncomp2025_benchmarks/benchmarks/collins_rul_cnn_2022/vnnlib/robustness_2perturbations_delta5_epsilon10_w20.vnnlib,.006418798,sat,.726912602
collins_rul_cnn_2022,/home/elipregerson/nnenum/vnncomp2025_benchmarks/benchmarks/collins_rul_cnn_2022/onnx/NN_rul_full_window_20.onnx,/home/elipregerson/nnenum/vnncomp2025_benchmarks/benchmarks/collins_rul_cnn_2022/vnnlib/robustness_2perturbations_delta10_epsilon10_w20.vnnlib,.006807212,unsat,.718506489
collins_rul_cnn_2022,/home/elipregerson/nnenum/vnncomp2025_benchmarks/benchmarks/collins_rul_cnn_2022/onnx/NN_rul_full_window_20.onnx,/home/elipregerson/nnenum/vnncomp2025_benchmarks/benchmarks/collins_rul_cnn_2022/vnnlib/robustness_2perturbations_delta20_epsilon10_w20.vnnlib,.006571054,unsat,.731495895
collins_rul_cnn_2022,/home/elipregerson/nnenum/vnncomp2025_benchmarks/benchmarks/collins_rul_cnn_2022/onnx/NN_rul_full_window_20.onnx,/home/elipregerson/nnenum/vnncomp2025_benchmarks/benchmarks/collins_rul_cnn_2022/vnnlib/robustness_2perturbations_delta40_epsilon10_w20.vnnlib,.006535194,unsat,.711916290
collins_rul_cnn_2022,/home/elipregerson/nnenum/vnncomp2025_benchmarks/benchmarks/collins_rul_cnn_2022/onnx/NN_rul_full_window_20.onnx,/home/elipregerson/nnenum/vnncomp2025_benchmarks/benchmarks/collins_rul_cnn_2022/vnnlib/robustness_4perturbations_delta5_epsilon10_w20.vnnlib,.006485360,sat,.712773235
collins_rul_cnn_2022,/home/elipregerson/nnenum/vnncomp2025_benchmarks/benchmarks/collins_rul_cnn_2022/onnx/NN_rul_full_window_20.onnx,/home/elipregerson/nnenum/vnncomp2025_benchmarks/benchmarks/collins_rul_cnn_2022/vnnlib/robustness_4perturbations_delta10_epsilon10_w20.vnnlib,.006929047,sat,.731313496
collins_rul_cnn_2022,/home/elipregerson/nnenum/vnncomp2025_benchmarks/benchmarks/collins_rul_cnn_2022/onnx/NN_rul_full_window_20.onnx,/home/elipregerson/nnenum/vnncomp2025_benchmarks/benchmarks/collins_rul_cnn_2022/vnnlib/robustness_4perturbations_delta20_epsilon10_w20.vnnlib,.006629962,sat,.737060621
collins_rul_cnn_2022,/home/elipregerson/nnenum/vnncomp2025_benchmarks/benchmarks/collins_rul_cnn_2022/onnx/NN_rul_full_window_20.onnx,/home/elipregerson/nnenum/vnncomp2025_benchmarks/benchmarks/collins_rul_cnn_2022/vnnlib/robustness_4perturbations_delta40_epsilon10_w20.vnnlib,.006816050,sat,.735073467
collins_rul_cnn_2022,/home/elipregerson/nnenum/vnncomp2025_benchmarks/benchmarks/collins_rul_cnn_2022/onnx/NN_rul_full_window_20.onnx,/home/elipregerson/nnenum/vnncomp2025_benchmarks/benchmarks/collins_rul_cnn_2022/vnnlib/robustness_8perturbations_delta5_epsilon10_w20.vnnlib,.006499945,unsat,.721140663
collins_rul_cnn_2022,/home/elipregerson/nnenum/vnncomp2025_benchmarks/benchmarks/collins_rul_cnn_2022/onnx/NN_rul_full_window_20.onnx,/home/elipregerson/nnenum/vnncomp2025_benchmarks/benchmarks/collins_rul_cnn_2022/vnnlib/robustness_8perturbations_delta10_epsilon10_w20.vnnlib,.006282721,unsat,.726919936
collins_rul_cnn_2022,/home/elipregerson/nnenum/vnncomp2025_benchmarks/benchmarks/collins_rul_cnn_2022/onnx/NN_rul_full_window_20.onnx,/home/elipregerson/nnenum/vnncomp2025_benchmarks/benchmarks/collins_rul_cnn_2022/vnnlib/robustness_8perturbations_delta20_epsilon10_w20.vnnlib,.006645662,unsat,.735183795
collins_rul_cnn_2022,/home/elipregerson/nnenum/vnncomp2025_benchmarks/benchmarks/collins_rul_cnn_2022/onnx/NN_rul_full_window_20.onnx,/home/elipregerson/nnenum/vnncomp2025_benchmarks/benchmarks/collins_rul_cnn_2022/vnnlib/robustness_8perturbations_delta40_epsilon10_w20.vnnlib,.006683765,unsat,.735879422
collins_rul_cnn_2022,/home/elipregerson/nnenum/vnncomp2025_benchmarks/benchmarks/collins_rul_cnn_2022/onnx/NN_rul_full_window_20.onnx,/home/elipregerson/nnenum/vnncomp2025_benchmarks/benchmarks/collins_rul_cnn_2022/vnnlib/robustness_16perturbations_delta5_epsilon10_w20.vnnlib,.006809469,unsat,.732704060
collins_rul_cnn_2022,/home/elipregerson/nnenum/vnncomp2025_benchmarks/benchmarks/collins_rul_cnn_2022/onnx/NN_rul_full_window_20.onnx,/home/elipregerson/nnenum/vnncomp2025_benchmarks/benchmarks/collins_rul_cnn_2022/vnnlib/robustness_16perturbations_delta10_epsilon10_w20.vnnlib,.006640932,sat,.734330000
collins_rul_cnn_2022,/home/elipregerson/nnenum/vnncomp2025_benchmarks/benchmarks/collins_rul_cnn_2022/onnx/NN_rul_full_window_20.onnx,/home/elipregerson/nnenum/vnncomp2025_benchmarks/benchmarks/collins_rul_cnn_2022/vnnlib/robustness_16perturbations_delta20_epsilon10_w20.vnnlib,.006830188,unsat,.730298112
collins_rul_cnn_2022,/home/elipregerson/nnenum/vnncomp2025_benchmarks/benchmarks/collins_rul_cnn_2022/onnx/NN_rul_full_window_20.onnx,/home/elipregerson/nnenum/vnncomp2025_benchmarks/benchmarks/collins_rul_cnn_2022/vnnlib/robustness_16perturbations_delta40_epsilon10_w20.vnnlib,.006376189,sat,.749984822
collins_rul_cnn_2022,/home/elipregerson/nnenum/vnncomp2025_benchmarks/benchmarks/collins_rul_cnn_2022/onnx/NN_rul_full_window_20.onnx,/home/elipregerson/nnenum/vnncomp2025_benchmarks/benchmarks/collins_rul_cnn_2022/vnnlib/monotonicity_CI_shift5_w20.vnnlib,.006632879,unsat,.712882885
collins_rul_cnn_2022,/home/elipregerson/nnenum/vnncomp2025_benchmarks/benchmarks/collins_rul_cnn_2022/onnx/NN_rul_full_window_20.onnx,/home/elipregerson/nnenum/vnncomp2025_benchmarks/benchmarks/collins_rul_cnn_2022/vnnlib/monotonicity_CI_shift10_w20.vnnlib,.006698711,unsat,.740519414
collins_rul_cnn_2022,/home/elipregerson/nnenum/vnncomp2025_benchmarks/benchmarks/collins_rul_cnn_2022/onnx/NN_rul_full_window_20.onnx,/home/elipregerson/nnenum/vnncomp2025_benchmarks/benchmarks/collins_rul_cnn_2022/vnnlib/monotonicity_CI_shift20_w20.vnnlib,.007178305,unsat,.732394894
collins_rul_cnn_2022,/home/elipregerson/nnenum/vnncomp2025_benchmarks/benchmarks/collins_rul_cnn_2022/onnx/NN_rul_full_window_20.onnx,/home/elipregerson/nnenum/vnncomp2025_benchmarks/benchmarks/collins_rul_cnn_2022/vnnlib/if_then_7levels_w20.vnnlib,.006263379,sat,.752524660
collins_rul_cnn_2022,/home/elipregerson/nnenum/vnncomp2025_benchmarks/benchmarks/collins_rul_cnn_2022/onnx/NN_rul_full_window_20.onnx,/home/elipregerson/nnenum/vnncomp2025_benchmarks/benchmarks/collins_rul_cnn_2022/vnnlib/if_then_9levels_w20.vnnlib,.006389717,sat,.801174425
collins_rul_cnn_2022,/home/elipregerson/nnenum/vnncomp2025_benchmarks/benchmarks/collins_rul_cnn_2022/onnx/NN_rul_full_window_40.onnx,/home/elipregerson/nnenum/vnncomp2025_benchmarks/benchmarks/collins_rul_cnn_2022/vnnlib/robustness_2perturbations_delta5_epsilon10_w40.vnnlib,.007268028,unsat,.794650670
collins_rul_cnn_2022,/home/elipregerson/nnenum/vnncomp2025_benchmarks/benchmarks/collins_rul_cnn_2022/onnx/NN_rul_full_window_40.onnx,/home/elipregerson/nnenum/vnncomp2025_benchmarks/benchmarks/collins_rul_cnn_2022/vnnlib/robustness_2perturbations_delta10_epsilon10_w40.vnnlib,.006545282,unsat,.773867915
collins_rul_cnn_2022,/home/elipregerson/nnenum/vnncomp2025_benchmarks/benchmarks/collins_rul_cnn_2022/onnx/NN_rul_full_window_40.onnx,/home/elipregerson/nnenum/vnncomp2025_benchmarks/benchmarks/collins_rul_cnn_2022/vnnlib/robustness_2perturbations_delta20_epsilon10_w40.vnnlib,.006921219,unsat,.746884532
collins_rul_cnn_2022,/home/elipregerson/nnenum/vnncomp2025_benchmarks/benchmarks/collins_rul_cnn_2022/onnx/NN_rul_full_window_40.onnx,/home/elipregerson/nnenum/vnncomp2025_benchmarks/benchmarks/collins_rul_cnn_2022/vnnlib/robustness_2perturbations_delta40_epsilon10_w40.vnnlib,.006386406,unsat,.772844506
collins_rul_cnn_2022,/home/elipregerson/nnenum/vnncomp2025_benchmarks/benchmarks/collins_rul_cnn_2022/onnx/NN_rul_full_window_40.onnx,/home/elipregerson/nnenum/vnncomp2025_benchmarks/benchmarks/collins_rul_cnn_2022/vnnlib/robustness_4perturbations_delta5_epsilon10_w40.vnnlib,.006399737,sat,.729834887
collins_rul_cnn_2022,/home/elipregerson/nnenum/vnncomp2025_benchmarks/benchmarks/collins_rul_cnn_2022/onnx/NN_rul_full_window_40.onnx,/home/elipregerson/nnenum/vnncomp2025_benchmarks/benchmarks/collins_rul_cnn_2022/vnnlib/robustness_4perturbations_delta10_epsilon10_w40.vnnlib,.006327177,sat,.746731068
collins_rul_cnn_2022,/home/elipregerson/nnenum/vnncomp2025_benchmarks/benchmarks/collins_rul_cnn_2022/onnx/NN_rul_full_window_40.onnx,/home/elipregerson/nnenum/vnncomp2025_benchmarks/benchmarks/collins_rul_cnn_2022/vnnlib/robustness_4perturbations_delta20_epsilon10_w40.vnnlib,.006598770,unsat,.741807489
collins_rul_cnn_2022,/home/elipregerson/nnenum/vnncomp2025_benchmarks/benchmarks/collins_rul_cnn_2022/onnx/NN_rul_full_window_40.onnx,/home/elipregerson/nnenum/vnncomp2025_benchmarks/benchmarks/collins_rul_cnn_2022/vnnlib/robustness_4perturbations_delta40_epsilon10_w40.vnnlib,.006651546,sat,.751935363
collins_rul_cnn_2022,/home/elipregerson/nnenum/vnncomp2025_benchmarks/benchmarks/collins_rul_cnn_2022/onnx/NN_rul_full_window_40.onnx,/home/elipregerson/nnenum/vnncomp2025_benchmarks/benchmarks/collins_rul_cnn_2022/vnnlib/robustness_8perturbations_delta5_epsilon10_w40.vnnlib,.006546093,unsat,.799774457
collins_rul_cnn_2022,/home/elipregerson/nnenum/vnncomp2025_benchmarks/benchmarks/collins_rul_cnn_2022/onnx/NN_rul_full_window_40.onnx,/home/elipregerson/nnenum/vnncomp2025_benchmarks/benchmarks/collins_rul_cnn_2022/vnnlib/robustness_8perturbations_delta10_epsilon10_w40.vnnlib,.008967103,unsat,.766444046
collins_rul_cnn_2022,/home/elipregerson/nnenum/vnncomp2025_benchmarks/benchmarks/collins_rul_cnn_2022/onnx/NN_rul_full_window_40.onnx,/home/elipregerson/nnenum/vnncomp2025_benchmarks/benchmarks/collins_rul_cnn_2022/vnnlib/robustness_8perturbations_delta20_epsilon10_w40.vnnlib,.006808935,unsat,.751740129
collins_rul_cnn_2022,/home/elipregerson/nnenum/vnncomp2025_benchmarks/benchmarks/collins_rul_cnn_2022/onnx/NN_rul_full_window_40.onnx,/home/elipregerson/nnenum/vnncomp2025_benchmarks/benchmarks/collins_rul_cnn_2022/vnnlib/robustness_8perturbations_delta40_epsilon10_w40.vnnlib,.006520371,sat,.773554009
collins_rul_cnn_2022,/home/elipregerson/nnenum/vnncomp2025_benchmarks/benchmarks/collins_rul_cnn_2022/onnx/NN_rul_full_window_40.onnx,/home/elipregerson/nnenum/vnncomp2025_benchmarks/benchmarks/collins_rul_cnn_2022/vnnlib/robustness_16perturbations_delta5_epsilon10_w40.vnnlib,.006629434,unsat,.756862458
collins_rul_cnn_2022,/home/elipregerson/nnenum/vnncomp2025_benchmarks/benchmarks/collins_rul_cnn_2022/onnx/NN_rul_full_window_40.onnx,/home/elipregerson/nnenum/vnncomp2025_benchmarks/benchmarks/collins_rul_cnn_2022/vnnlib/robustness_16perturbations_delta10_epsilon10_w40.vnnlib,.006372270,unsat,.745196684
collins_rul_cnn_2022,/home/elipregerson/nnenum/vnncomp2025_benchmarks/benchmarks/collins_rul_cnn_2022/onnx/NN_rul_full_window_40.onnx,/home/elipregerson/nnenum/vnncomp2025_benchmarks/benchmarks/collins_rul_cnn_2022/vnnlib/robustness_16perturbations_delta20_epsilon10_w40.vnnlib,.006280924,unsat,.765375967
collins_rul_cnn_2022,/home/elipregerson/nnenum/vnncomp2025_benchmarks/benchmarks/collins_rul_cnn_2022/onnx/NN_rul_full_window_40.onnx,/home/elipregerson/nnenum/vnncomp2025_benchmarks/benchmarks/collins_rul_cnn_2022/vnnlib/robustness_16perturbations_delta40_epsilon10_w40.vnnlib,.006754252,unsat,.777863965
collins_rul_cnn_2022,/home/elipregerson/nnenum/vnncomp2025_benchmarks/benchmarks/collins_rul_cnn_2022/onnx/NN_rul_full_window_40.onnx,/home/elipregerson/nnenum/vnncomp2025_benchmarks/benchmarks/collins_rul_cnn_2022/vnnlib/monotonicity_CI_shift5_w40.vnnlib,.006576591,unsat,.748875502
collins_rul_cnn_2022,/home/elipregerson/nnenum/vnncomp2025_benchmarks/benchmarks/collins_rul_cnn_2022/onnx/NN_rul_full_window_40.onnx,/home/elipregerson/nnenum/vnncomp2025_benchmarks/benchmarks/collins_rul_cnn_2022/vnnlib/monotonicity_CI_shift10_w40.vnnlib,.011587678,unsat,.758212538
collins_rul_cnn_2022,/home/elipregerson/nnenum/vnncomp2025_benchmarks/benchmarks/collins_rul_cnn_2022/onnx/NN_rul_full_window_40.onnx,/home/elipregerson/nnenum/vnncomp2025_benchmarks/benchmarks/collins_rul_cnn_2022/vnnlib/monotonicity_CI_shift20_w40.vnnlib,.006614772,unsat,.761359043
collins_rul_cnn_2022,/home/elipregerson/nnenum/vnncomp2025_benchmarks/benchmarks/test/onnx/test_nano.onnx,/home/elipregerson/nnenum/vnncomp2025_benchmarks/benchmarks/test/vnnlib/test_nano.vnnlib,.006799865,unsat,.623337546
metaroom_2023,/home/elipregerson/nnenum/vnncomp2025_benchmarks/benchmarks/metaroom_2023/./onnx/6cnn_tz_35_5_no_custom_OP.onnx,/home/elipregerson/nnenum/vnncomp2025_benchmarks/benchmarks/metaroom_2023/./vnnlib/spec_idx_176_eps_0.00001000.vnnlib,.006555580,error_exit_code_1,.866359959
metaroom_2023,/home/elipregerson/nnenum/vnncomp2025_benchmarks/benchmarks/metaroom_2023/./onnx/4cnn_tz_65_10_no_custom_OP.onnx,/home/elipregerson/nnenum/vnncomp2025_benchmarks/benchmarks/metaroom_2023/./vnnlib/spec_idx_79_eps_0.00001000.vnnlib,.006408157,error_exit_code_1,.773172677
metaroom_2023,/home/elipregerson/nnenum/vnncomp2025_benchmarks/benchmarks/metaroom_2023/./onnx/6cnn_tz_65_10_no_custom_OP.onnx,/home/elipregerson/nnenum/vnncomp2025_benchmarks/benchmarks/metaroom_2023/./vnnlib/spec_idx_196_eps_0.00001000.vnnlib,.006461952,error_exit_code_1,.863965495
metaroom_2023,/home/elipregerson/nnenum/vnncomp2025_benchmarks/benchmarks/metaroom_2023/./onnx/6cnn_ry_30_5_no_custom_OP.onnx,/home/elipregerson/nnenum/vnncomp2025_benchmarks/benchmarks/metaroom_2023/./vnnlib/spec_idx_114_eps_0.00000436.vnnlib,.006566041,unsat,1.065636489
metaroom_2023,/home/elipregerson/nnenum/vnncomp2025_benchmarks/benchmarks/metaroom_2023/./onnx/4cnn_ry_47_7_no_custom_OP.onnx,/home/elipregerson/nnenum/vnncomp2025_benchmarks/benchmarks/metaroom_2023/./vnnlib/spec_idx_23_eps_0.00000436.vnnlib,.006614707,error_exit_code_1,.766688795
metaroom_2023,/home/elipregerson/nnenum/vnncomp2025_benchmarks/benchmarks/metaroom_2023/./onnx/6cnn_ry_5_0_no_custom_OP.onnx,/home/elipregerson/nnenum/vnncomp2025_benchmarks/benchmarks/metaroom_2023/./vnnlib/spec_idx_130_eps_0.00000436.vnnlib,.007209324,error_exit_code_1,.875818119
metaroom_2023,/home/elipregerson/nnenum/vnncomp2025_benchmarks/benchmarks/metaroom_2023/./onnx/4cnn_ry_65_10_no_custom_OP.onnx,/home/elipregerson/nnenum/vnncomp2025_benchmarks/benchmarks/metaroom_2023/./vnnlib/spec_idx_33_eps_0.00000436.vnnlib,.006440821,error_exit_code_1,.792701247
metaroom_2023,/home/elipregerson/nnenum/vnncomp2025_benchmarks/benchmarks/metaroom_2023/./onnx/4cnn_tz_8_1_no_custom_OP.onnx,/home/elipregerson/nnenum/vnncomp2025_benchmarks/benchmarks/metaroom_2023/./vnnlib/spec_idx_88_eps_0.00001000.vnnlib,.006347529,error_exit_code_1,.795685474
metaroom_2023,/home/elipregerson/nnenum/vnncomp2025_benchmarks/benchmarks/metaroom_2023/./onnx/6cnn_ry_38_6_no_custom_OP.onnx,/home/elipregerson/nnenum/vnncomp2025_benchmarks/benchmarks/metaroom_2023/./vnnlib/spec_idx_118_eps_0.00000436.vnnlib,.006747665,unsat,1.071303133
metaroom_2023,/home/elipregerson/nnenum/vnncomp2025_benchmarks/benchmarks/metaroom_2023/./onnx/6cnn_ry_49_8_no_custom_OP.onnx,/home/elipregerson/nnenum/vnncomp2025_benchmarks/benchmarks/metaroom_2023/./vnnlib/spec_idx_124_eps_0.00000436.vnnlib,.006943913,unsat,1.611099710
metaroom_2023,/home/elipregerson/nnenum/vnncomp2025_benchmarks/benchmarks/metaroom_2023/./onnx/4cnn_ry_34_5_no_custom_OP.onnx,/home/elipregerson/nnenum/vnncomp2025_benchmarks/benchmarks/metaroom_2023/./vnnlib/spec_idx_12_eps_0.00000436.vnnlib,.006555507,unsat,.857558021
metaroom_2023,/home/elipregerson/nnenum/vnncomp2025_benchmarks/benchmarks/metaroom_2023/./onnx/4cnn_tz_37_6_no_custom_OP.onnx,/home/elipregerson/nnenum/vnncomp2025_benchmarks/benchmarks/metaroom_2023/./vnnlib/spec_idx_61_eps_0.00001000.vnnlib,.006556843,error_exit_code_1,.800763732
metaroom_2023,/home/elipregerson/nnenum/vnncomp2025_benchmarks/benchmarks/metaroom_2023/./onnx/6cnn_tz_114_19_no_custom_OP.onnx,/home/elipregerson/nnenum/vnncomp2025_benchmarks/benchmarks/metaroom_2023/./vnnlib/spec_idx_160_eps_0.00001000.vnnlib,.006661671,unsat,1.028431979
metaroom_2023,/home/elipregerson/nnenum/vnncomp2025_benchmarks/benchmarks/metaroom_2023/./onnx/4cnn_tz_31_5_no_custom_OP.onnx,/home/elipregerson/nnenum/vnncomp2025_benchmarks/benchmarks/metaroom_2023/./vnnlib/spec_idx_57_eps_0.00001000.vnnlib,.006301290,error_exit_code_1,.756731943
metaroom_2023,/home/elipregerson/nnenum/vnncomp2025_benchmarks/benchmarks/metaroom_2023/./onnx/6cnn_ry_93_15_no_custom_OP.onnx,/home/elipregerson/nnenum/vnncomp2025_benchmarks/benchmarks/metaroom_2023/./vnnlib/spec_idx_148_eps_0.00000436.vnnlib,.006385562,timeout,211.332417950
metaroom_2023,/home/elipregerson/nnenum/vnncomp2025_benchmarks/benchmarks/metaroom_2023/./onnx/4cnn_ry_56_9_no_custom_OP.onnx,/home/elipregerson/nnenum/vnncomp2025_benchmarks/benchmarks/metaroom_2023/./vnnlib/spec_idx_27_eps_0.00000436.vnnlib,.006387527,unsat,.919870860
metaroom_2023,/home/elipregerson/nnenum/vnncomp2025_benchmarks/benchmarks/metaroom_2023/./onnx/6cnn_tz_91_15_no_custom_OP.onnx,/home/elipregerson/nnenum/vnncomp2025_benchmarks/benchmarks/metaroom_2023/./vnnlib/spec_idx_207_eps_0.00001000.vnnlib,.006749316,error_exit_code_1,.928858543
metaroom_2023,/home/elipregerson/nnenum/vnncomp2025_benchmarks/benchmarks/metaroom_2023/./onnx/6cnn_ry_48_8_no_custom_OP.onnx,/home/elipregerson/nnenum/vnncomp2025_benchmarks/benchmarks/metaroom_2023/./vnnlib/spec_idx_123_eps_0.00000436.vnnlib,.008530979,unsat,1.118108205
metaroom_2023,/home/elipregerson/nnenum/vnncomp2025_benchmarks/benchmarks/metaroom_2023/./onnx/6cnn_tz_62_10_no_custom_OP.onnx,/home/elipregerson/nnenum/vnncomp2025_benchmarks/benchmarks/metaroom_2023/./vnnlib/spec_idx_193_eps_0.00001000.vnnlib,.006821861,error_exit_code_1,.941276735
metaroom_2023,/home/elipregerson/nnenum/vnncomp2025_benchmarks/benchmarks/metaroom_2023/./onnx/6cnn_tz_75_12_no_custom_OP.onnx,/home/elipregerson/nnenum/vnncomp2025_benchmarks/benchmarks/metaroom_2023/./vnnlib/spec_idx_203_eps_0.00001000.vnnlib,.006299138,unsat,1.141341944
metaroom_2023,/home/elipregerson/nnenum/vnncomp2025_benchmarks/benchmarks/metaroom_2023/./onnx/4cnn_ry_6_1_no_custom_OP.onnx,/home/elipregerson/nnenum/vnncomp2025_benchmarks/benchmarks/metaroom_2023/./vnnlib/spec_idx_35_eps_0.00000436.vnnlib,.006850856,unsat,1.002450632
metaroom_2023,/home/elipregerson/nnenum/vnncomp2025_benchmarks/benchmarks/metaroom_2023/./onnx/4cnn_tz_70_11_no_custom_OP.onnx,/home/elipregerson/nnenum/vnncomp2025_benchmarks/benchmarks/metaroom_2023/./vnnlib/spec_idx_82_eps_0.00001000.vnnlib,.007090923,error_exit_code_1,.835735727
metaroom_2023,/home/elipregerson/nnenum/vnncomp2025_benchmarks/benchmarks/metaroom_2023/./onnx/4cnn_ry_117_19_no_custom_OP.onnx,/home/elipregerson/nnenum/vnncomp2025_benchmarks/benchmarks/metaroom_2023/./vnnlib/spec_idx_3_eps_0.00000436.vnnlib,.006683914,unsat,1.344698181
metaroom_2023,/home/elipregerson/nnenum/vnncomp2025_benchmarks/benchmarks/metaroom_2023/./onnx/4cnn_tz_117_19_no_custom_OP.onnx,/home/elipregerson/nnenum/vnncomp2025_benchmarks/benchmarks/metaroom_2023/./vnnlib/spec_idx_49_eps_0.00001000.vnnlib,.006862314,unsat,.887454007
metaroom_2023,/home/elipregerson/nnenum/vnncomp2025_benchmarks/benchmarks/metaroom_2023/./onnx/4cnn_ry_68_11_no_custom_OP.onnx,/home/elipregerson/nnenum/vnncomp2025_benchmarks/benchmarks/metaroom_2023/./vnnlib/spec_idx_34_eps_0.00000436.vnnlib,.006469871,unsat,.868705898
metaroom_2023,/home/elipregerson/nnenum/vnncomp2025_benchmarks/benchmarks/metaroom_2023/./onnx/4cnn_tz_33_5_no_custom_OP.onnx,/home/elipregerson/nnenum/vnncomp2025_benchmarks/benchmarks/metaroom_2023/./vnnlib/spec_idx_58_eps_0.00001000.vnnlib,.006228335,unsat,.858211948
metaroom_2023,/home/elipregerson/nnenum/vnncomp2025_benchmarks/benchmarks/metaroom_2023/./onnx/6cnn_ry_57_9_no_custom_OP.onnx,/home/elipregerson/nnenum/vnncomp2025_benchmarks/benchmarks/metaroom_2023/./vnnlib/spec_idx_129_eps_0.00000436.vnnlib,.006414181,timeout,211.567996363
metaroom_2023,/home/elipregerson/nnenum/vnncomp2025_benchmarks/benchmarks/metaroom_2023/./onnx/6cnn_ry_1_0_no_custom_OP.onnx,/home/elipregerson/nnenum/vnncomp2025_benchmarks/benchmarks/metaroom_2023/./vnnlib/spec_idx_108_eps_0.00000436.vnnlib,.006161932,unsat,1.618019547
metaroom_2023,/home/elipregerson/nnenum/vnncomp2025_benchmarks/benchmarks/metaroom_2023/./onnx/6cnn_tz_52_8_no_custom_OP.onnx,/home/elipregerson/nnenum/vnncomp2025_benchmarks/benchmarks/metaroom_2023/./vnnlib/spec_idx_187_eps_0.00001000.vnnlib,.006151358,error_exit_code_1,.900516346
metaroom_2023,/home/elipregerson/nnenum/vnncomp2025_benchmarks/benchmarks/metaroom_2023/./onnx/6cnn_ry_64_10_no_custom_OP.onnx,/home/elipregerson/nnenum/vnncomp2025_benchmarks/benchmarks/metaroom_2023/./vnnlib/spec_idx_132_eps_0.00000436.vnnlib,.006374362,unsat,1.321928983
metaroom_2023,/home/elipregerson/nnenum/vnncomp2025_benchmarks/benchmarks/metaroom_2023/./onnx/6cnn_tz_49_8_no_custom_OP.onnx,/home/elipregerson/nnenum/vnncomp2025_benchmarks/benchmarks/metaroom_2023/./vnnlib/spec_idx_185_eps_0.00001000.vnnlib,.006040977,error_exit_code_1,.875053034
metaroom_2023,/home/elipregerson/nnenum/vnncomp2025_benchmarks/benchmarks/metaroom_2023/./onnx/6cnn_ry_66_11_no_custom_OP.onnx,/home/elipregerson/nnenum/vnncomp2025_benchmarks/benchmarks/metaroom_2023/./vnnlib/spec_idx_134_eps_0.00000436.vnnlib,.006238590,unsat,1.066610343
metaroom_2023,/home/elipregerson/nnenum/vnncomp2025_benchmarks/benchmarks/metaroom_2023/./onnx/4cnn_ry_20_3_no_custom_OP.onnx,/home/elipregerson/nnenum/vnncomp2025_benchmarks/benchmarks/metaroom_2023/./vnnlib/spec_idx_7_eps_0.00000436.vnnlib,.006340422,unsat,.839153024
metaroom_2023,/home/elipregerson/nnenum/vnncomp2025_benchmarks/benchmarks/metaroom_2023/./onnx/6cnn_tz_103_17_no_custom_OP.onnx,/home/elipregerson/nnenum/vnncomp2025_benchmarks/benchmarks/metaroom_2023/./vnnlib/spec_idx_154_eps_0.00001000.vnnlib,.006086226,error_exit_code_1,.870283806
metaroom_2023,/home/elipregerson/nnenum/vnncomp2025_benchmarks/benchmarks/metaroom_2023/./onnx/4cnn_ry_44_7_no_custom_OP.onnx,/home/elipregerson/nnenum/vnncomp2025_benchmarks/benchmarks/metaroom_2023/./vnnlib/spec_idx_21_eps_0.00000436.vnnlib,.006255070,unsat,.842195940
metaroom_2023,/home/elipregerson/nnenum/vnncomp2025_benchmarks/benchmarks/metaroom_2023/./onnx/4cnn_ry_99_16_no_custom_OP.onnx,/home/elipregerson/nnenum/vnncomp2025_benchmarks/benchmarks/metaroom_2023/./vnnlib/spec_idx_43_eps_0.00000436.vnnlib,.006139612,sat,1.309435058
metaroom_2023,/home/elipregerson/nnenum/vnncomp2025_benchmarks/benchmarks/metaroom_2023/./onnx/4cnn_tz_19_3_no_custom_OP.onnx,/home/elipregerson/nnenum/vnncomp2025_benchmarks/benchmarks/metaroom_2023/./vnnlib/spec_idx_51_eps_0.00001000.vnnlib,.006524342,error_exit_code_1,.792346823
metaroom_2023,/home/elipregerson/nnenum/vnncomp2025_benchmarks/benchmarks/metaroom_2023/./onnx/6cnn_tz_66_11_no_custom_OP.onnx,/home/elipregerson/nnenum/vnncomp2025_benchmarks/benchmarks/metaroom_2023/./vnnlib/spec_idx_197_eps_0.00001000.vnnlib,.006664524,unsat,1.006764728
metaroom_2023,/home/elipregerson/nnenum/vnncomp2025_benchmarks/benchmarks/metaroom_2023/./onnx/6cnn_tz_0_0_no_custom_OP.onnx,/home/elipregerson/nnenum/vnncomp2025_benchmarks/benchmarks/metaroom_2023/./vnnlib/spec_idx_152_eps_0.00001000.vnnlib,.006218907,unsat,1.028626944
metaroom_2023,/home/elipregerson/nnenum/vnncomp2025_benchmarks/benchmarks/metaroom_2023/./onnx/6cnn_tz_118_19_no_custom_OP.onnx,/home/elipregerson/nnenum/vnncomp2025_benchmarks/benchmarks/metaroom_2023/./vnnlib/spec_idx_162_eps_0.00001000.vnnlib,.006265675,error_exit_code_1,.903332905
metaroom_2023,/home/elipregerson/nnenum/vnncomp2025_benchmarks/benchmarks/metaroom_2023/./onnx/6cnn_tz_67_11_no_custom_OP.onnx,/home/elipregerson/nnenum/vnncomp2025_benchmarks/benchmarks/metaroom_2023/./vnnlib/spec_idx_198_eps_0.00001000.vnnlib,.006259668,error_exit_code_1,.885363769
metaroom_2023,/home/elipregerson/nnenum/vnncomp2025_benchmarks/benchmarks/metaroom_2023/./onnx/6cnn_tz_21_3_no_custom_OP.onnx,/home/elipregerson/nnenum/vnncomp2025_benchmarks/benchmarks/metaroom_2023/./vnnlib/spec_idx_170_eps_0.00001000.vnnlib,.006155420,unsat,1.038225667
metaroom_2023,/home/elipregerson/nnenum/vnncomp2025_benchmarks/benchmarks/metaroom_2023/./onnx/4cnn_tz_1_0_no_custom_OP.onnx,/home/elipregerson/nnenum/vnncomp2025_benchmarks/benchmarks/metaroom_2023/./vnnlib/spec_idx_52_eps_0.00001000.vnnlib,.006085486,error_exit_code_1,.775985647
metaroom_2023,/home/elipregerson/nnenum/vnncomp2025_benchmarks/benchmarks/metaroom_2023/./onnx/4cnn_ry_48_8_no_custom_OP.onnx,/home/elipregerson/nnenum/vnncomp2025_benchmarks/benchmarks/metaroom_2023/./vnnlib/spec_idx_24_eps_0.00000436.vnnlib,.006347580,unsat,.879497478
metaroom_2023,/home/elipregerson/nnenum/vnncomp2025_benchmarks/benchmarks/metaroom_2023/./onnx/4cnn_ry_61_10_no_custom_OP.onnx,/home/elipregerson/nnenum/vnncomp2025_benchmarks/benchmarks/metaroom_2023/./vnnlib/spec_idx_31_eps_0.00000436.vnnlib,.006374528,unsat,.925128120
