acasxu_2023,/home/elipregerson/nnenum/vnncomp2025_benchmarks/benchmarks/acasxu_2023/onnx/ACASXU_run2a_1_1_batch_2000.onnx,/home/elipregerson/nnenum/vnncomp2025_benchmarks/benchmarks/acasxu_2023/vnnlib/prop_1.vnnlib,.009388917,unsat,.754132264
acasxu_2023,/home/elipregerson/nnenum/vnncomp2025_benchmarks/benchmarks/acasxu_2023/onnx/ACASXU_run2a_1_2_batch_2000.onnx,/home/elipregerson/nnenum/vnncomp2025_benchmarks/benchmarks/acasxu_2023/vnnlib/prop_1.vnnlib,.006038997,unsat,.800775260
acasxu_2023,/home/elipregerson/nnenum/vnncomp2025_benchmarks/benchmarks/acasxu_2023/onnx/ACASXU_run2a_1_3_batch_2000.onnx,/home/elipregerson/nnenum/vnncomp2025_benchmarks/benchmarks/acasxu_2023/vnnlib/prop_1.vnnlib,.005995728,unsat,.965034729
acasxu_2023,/home/elipregerson/nnenum/vnncomp2025_benchmarks/benchmarks/acasxu_2023/onnx/ACASXU_run2a_1_4_batch_2000.onnx,/home/elipregerson/nnenum/vnncomp2025_benchmarks/benchmarks/acasxu_2023/vnnlib/prop_1.vnnlib,.006272311,unsat,.878378528
acasxu_2023,/home/elipregerson/nnenum/vnncomp2025_benchmarks/benchmarks/acasxu_2023/onnx/ACASXU_run2a_1_5_batch_2000.onnx,/home/elipregerson/nnenum/vnncomp2025_benchmarks/benchmarks/acasxu_2023/vnnlib/prop_1.vnnlib,.006352520,unsat,.925024021
acasxu_2023,/home/elipregerson/nnenum/vnncomp2025_benchmarks/benchmarks/acasxu_2023/onnx/ACASXU_run2a_1_6_batch_2000.onnx,/home/elipregerson/nnenum/vnncomp2025_benchmarks/benchmarks/acasxu_2023/vnnlib/prop_1.vnnlib,.005904611,unsat,.977614473
acasxu_2023,/home/elipregerson/nnenum/vnncomp2025_benchmarks/benchmarks/acasxu_2023/onnx/ACASXU_run2a_1_7_batch_2000.onnx,/home/elipregerson/nnenum/vnncomp2025_benchmarks/benchmarks/acasxu_2023/vnnlib/prop_1.vnnlib,.006041767,unsat,.832098475
acasxu_2023,/home/elipregerson/nnenum/vnncomp2025_benchmarks/benchmarks/acasxu_2023/onnx/ACASXU_run2a_1_8_batch_2000.onnx,/home/elipregerson/nnenum/vnncomp2025_benchmarks/benchmarks/acasxu_2023/vnnlib/prop_1.vnnlib,.005901845,unsat,.905897540
acasxu_2023,/home/elipregerson/nnenum/vnncomp2025_benchmarks/benchmarks/acasxu_2023/onnx/ACASXU_run2a_1_9_batch_2000.onnx,/home/elipregerson/nnenum/vnncomp2025_benchmarks/benchmarks/acasxu_2023/vnnlib/prop_1.vnnlib,.005972588,unsat,.763488318
acasxu_2023,/home/elipregerson/nnenum/vnncomp2025_benchmarks/benchmarks/acasxu_2023/onnx/ACASXU_run2a_2_1_batch_2000.onnx,/home/elipregerson/nnenum/vnncomp2025_benchmarks/benchmarks/acasxu_2023/vnnlib/prop_1.vnnlib,.006064799,unsat,1.033180077
acasxu_2023,/home/elipregerson/nnenum/vnncomp2025_benchmarks/benchmarks/acasxu_2023/onnx/ACASXU_run2a_2_2_batch_2000.onnx,/home/elipregerson/nnenum/vnncomp2025_benchmarks/benchmarks/acasxu_2023/vnnlib/prop_1.vnnlib,.006025031,unsat,1.357068947
acasxu_2023,/home/elipregerson/nnenum/vnncomp2025_benchmarks/benchmarks/acasxu_2023/onnx/ACASXU_run2a_2_3_batch_2000.onnx,/home/elipregerson/nnenum/vnncomp2025_benchmarks/benchmarks/acasxu_2023/vnnlib/prop_1.vnnlib,.005944676,unsat,1.051168843
acasxu_2023,/home/elipregerson/nnenum/vnncomp2025_benchmarks/benchmarks/acasxu_2023/onnx/ACASXU_run2a_2_4_batch_2000.onnx,/home/elipregerson/nnenum/vnncomp2025_benchmarks/benchmarks/acasxu_2023/vnnlib/prop_1.vnnlib,.006089936,unsat,1.006124323
acasxu_2023,/home/elipregerson/nnenum/vnncomp2025_benchmarks/benchmarks/acasxu_2023/onnx/ACASXU_run2a_2_5_batch_2000.onnx,/home/elipregerson/nnenum/vnncomp2025_benchmarks/benchmarks/acasxu_2023/vnnlib/prop_1.vnnlib,.006188667,unsat,1.530946007
acasxu_2023,/home/elipregerson/nnenum/vnncomp2025_benchmarks/benchmarks/acasxu_2023/onnx/ACASXU_run2a_2_6_batch_2000.onnx,/home/elipregerson/nnenum/vnncomp2025_benchmarks/benchmarks/acasxu_2023/vnnlib/prop_1.vnnlib,.006859969,unsat,1.235809176
acasxu_2023,/home/elipregerson/nnenum/vnncomp2025_benchmarks/benchmarks/acasxu_2023/onnx/ACASXU_run2a_2_7_batch_2000.onnx,/home/elipregerson/nnenum/vnncomp2025_benchmarks/benchmarks/acasxu_2023/vnnlib/prop_1.vnnlib,.006298241,unsat,1.882629036
acasxu_2023,/home/elipregerson/nnenum/vnncomp2025_benchmarks/benchmarks/acasxu_2023/onnx/ACASXU_run2a_2_8_batch_2000.onnx,/home/elipregerson/nnenum/vnncomp2025_benchmarks/benchmarks/acasxu_2023/vnnlib/prop_1.vnnlib,.006069097,unsat,1.752897550
acasxu_2023,/home/elipregerson/nnenum/vnncomp2025_benchmarks/benchmarks/acasxu_2023/onnx/ACASXU_run2a_2_9_batch_2000.onnx,/home/elipregerson/nnenum/vnncomp2025_benchmarks/benchmarks/acasxu_2023/vnnlib/prop_1.vnnlib,.006103756,unsat,2.062740753
acasxu_2023,/home/elipregerson/nnenum/vnncomp2025_benchmarks/benchmarks/acasxu_2023/onnx/ACASXU_run2a_3_1_batch_2000.onnx,/home/elipregerson/nnenum/vnncomp2025_benchmarks/benchmarks/acasxu_2023/vnnlib/prop_1.vnnlib,.006053918,unsat,1.031185783
acasxu_2023,/home/elipregerson/nnenum/vnncomp2025_benchmarks/benchmarks/acasxu_2023/onnx/ACASXU_run2a_3_2_batch_2000.onnx,/home/elipregerson/nnenum/vnncomp2025_benchmarks/benchmarks/acasxu_2023/vnnlib/prop_1.vnnlib,.006045071,unsat,.921730368
acasxu_2023,/home/elipregerson/nnenum/vnncomp2025_benchmarks/benchmarks/acasxu_2023/onnx/ACASXU_run2a_3_3_batch_2000.onnx,/home/elipregerson/nnenum/vnncomp2025_benchmarks/benchmarks/acasxu_2023/vnnlib/prop_1.vnnlib,.006068305,unsat,.969355460
acasxu_2023,/home/elipregerson/nnenum/vnncomp2025_benchmarks/benchmarks/acasxu_2023/onnx/ACASXU_run2a_3_4_batch_2000.onnx,/home/elipregerson/nnenum/vnncomp2025_benchmarks/benchmarks/acasxu_2023/vnnlib/prop_1.vnnlib,.006014720,unsat,.908435232
acasxu_2023,/home/elipregerson/nnenum/vnncomp2025_benchmarks/benchmarks/acasxu_2023/onnx/ACASXU_run2a_3_5_batch_2000.onnx,/home/elipregerson/nnenum/vnncomp2025_benchmarks/benchmarks/acasxu_2023/vnnlib/prop_1.vnnlib,.006195653,unsat,1.234991609
acasxu_2023,/home/elipregerson/nnenum/vnncomp2025_benchmarks/benchmarks/acasxu_2023/onnx/ACASXU_run2a_3_6_batch_2000.onnx,/home/elipregerson/nnenum/vnncomp2025_benchmarks/benchmarks/acasxu_2023/vnnlib/prop_1.vnnlib,.006053452,unsat,2.064438666
acasxu_2023,/home/elipregerson/nnenum/vnncomp2025_benchmarks/benchmarks/acasxu_2023/onnx/ACASXU_run2a_3_7_batch_2000.onnx,/home/elipregerson/nnenum/vnncomp2025_benchmarks/benchmarks/acasxu_2023/vnnlib/prop_1.vnnlib,.006123844,unsat,2.196383216
acasxu_2023,/home/elipregerson/nnenum/vnncomp2025_benchmarks/benchmarks/acasxu_2023/onnx/ACASXU_run2a_3_8_batch_2000.onnx,/home/elipregerson/nnenum/vnncomp2025_benchmarks/benchmarks/acasxu_2023/vnnlib/prop_1.vnnlib,.006016700,unsat,1.794388620
acasxu_2023,/home/elipregerson/nnenum/vnncomp2025_benchmarks/benchmarks/acasxu_2023/onnx/ACASXU_run2a_3_9_batch_2000.onnx,/home/elipregerson/nnenum/vnncomp2025_benchmarks/benchmarks/acasxu_2023/vnnlib/prop_1.vnnlib,.007566679,unsat,1.565489910
acasxu_2023,/home/elipregerson/nnenum/vnncomp2025_benchmarks/benchmarks/acasxu_2023/onnx/ACASXU_run2a_4_1_batch_2000.onnx,/home/elipregerson/nnenum/vnncomp2025_benchmarks/benchmarks/acasxu_2023/vnnlib/prop_1.vnnlib,.005976153,unsat,1.415654930
acasxu_2023,/home/elipregerson/nnenum/vnncomp2025_benchmarks/benchmarks/acasxu_2023/onnx/ACASXU_run2a_4_2_batch_2000.onnx,/home/elipregerson/nnenum/vnncomp2025_benchmarks/benchmarks/acasxu_2023/vnnlib/prop_1.vnnlib,.006145222,unsat,1.141048067
acasxu_2023,/home/elipregerson/nnenum/vnncomp2025_benchmarks/benchmarks/acasxu_2023/onnx/ACASXU_run2a_4_3_batch_2000.onnx,/home/elipregerson/nnenum/vnncomp2025_benchmarks/benchmarks/acasxu_2023/vnnlib/prop_1.vnnlib,.006025598,unsat,.981035206
acasxu_2023,/home/elipregerson/nnenum/vnncomp2025_benchmarks/benchmarks/acasxu_2023/onnx/ACASXU_run2a_4_4_batch_2000.onnx,/home/elipregerson/nnenum/vnncomp2025_benchmarks/benchmarks/acasxu_2023/vnnlib/prop_1.vnnlib,.006182312,unsat,.939526990
acasxu_2023,/home/elipregerson/nnenum/vnncomp2025_benchmarks/benchmarks/acasxu_2023/onnx/ACASXU_run2a_4_5_batch_2000.onnx,/home/elipregerson/nnenum/vnncomp2025_benchmarks/benchmarks/acasxu_2023/vnnlib/prop_1.vnnlib,.005952544,unsat,1.318874228
acasxu_2023,/home/elipregerson/nnenum/vnncomp2025_benchmarks/benchmarks/acasxu_2023/onnx/ACASXU_run2a_4_6_batch_2000.onnx,/home/elipregerson/nnenum/vnncomp2025_benchmarks/benchmarks/acasxu_2023/vnnlib/prop_1.vnnlib,.006206429,unsat,2.748667320
acasxu_2023,/home/elipregerson/nnenum/vnncomp2025_benchmarks/benchmarks/acasxu_2023/onnx/ACASXU_run2a_4_7_batch_2000.onnx,/home/elipregerson/nnenum/vnncomp2025_benchmarks/benchmarks/acasxu_2023/vnnlib/prop_1.vnnlib,.006100655,unsat,2.000940305
acasxu_2023,/home/elipregerson/nnenum/vnncomp2025_benchmarks/benchmarks/acasxu_2023/onnx/ACASXU_run2a_4_8_batch_2000.onnx,/home/elipregerson/nnenum/vnncomp2025_benchmarks/benchmarks/acasxu_2023/vnnlib/prop_1.vnnlib,.005930526,unsat,1.727720033
acasxu_2023,/home/elipregerson/nnenum/vnncomp2025_benchmarks/benchmarks/acasxu_2023/onnx/ACASXU_run2a_4_9_batch_2000.onnx,/home/elipregerson/nnenum/vnncomp2025_benchmarks/benchmarks/acasxu_2023/vnnlib/prop_1.vnnlib,.006000099,unsat,3.512720665
acasxu_2023,/home/elipregerson/nnenum/vnncomp2025_benchmarks/benchmarks/acasxu_2023/onnx/ACASXU_run2a_5_1_batch_2000.onnx,/home/elipregerson/nnenum/vnncomp2025_benchmarks/benchmarks/acasxu_2023/vnnlib/prop_1.vnnlib,.006574591,unsat,.822164994
acasxu_2023,/home/elipregerson/nnenum/vnncomp2025_benchmarks/benchmarks/acasxu_2023/onnx/ACASXU_run2a_5_2_batch_2000.onnx,/home/elipregerson/nnenum/vnncomp2025_benchmarks/benchmarks/acasxu_2023/vnnlib/prop_1.vnnlib,.006003566,unsat,1.027062035
acasxu_2023,/home/elipregerson/nnenum/vnncomp2025_benchmarks/benchmarks/acasxu_2023/onnx/ACASXU_run2a_5_3_batch_2000.onnx,/home/elipregerson/nnenum/vnncomp2025_benchmarks/benchmarks/acasxu_2023/vnnlib/prop_1.vnnlib,.006364798,unsat,.886179375
acasxu_2023,/home/elipregerson/nnenum/vnncomp2025_benchmarks/benchmarks/acasxu_2023/onnx/ACASXU_run2a_5_4_batch_2000.onnx,/home/elipregerson/nnenum/vnncomp2025_benchmarks/benchmarks/acasxu_2023/vnnlib/prop_1.vnnlib,.006075227,unsat,1.022484749
acasxu_2023,/home/elipregerson/nnenum/vnncomp2025_benchmarks/benchmarks/acasxu_2023/onnx/ACASXU_run2a_5_5_batch_2000.onnx,/home/elipregerson/nnenum/vnncomp2025_benchmarks/benchmarks/acasxu_2023/vnnlib/prop_1.vnnlib,.006032243,unsat,1.080550644
acasxu_2023,/home/elipregerson/nnenum/vnncomp2025_benchmarks/benchmarks/acasxu_2023/onnx/ACASXU_run2a_5_6_batch_2000.onnx,/home/elipregerson/nnenum/vnncomp2025_benchmarks/benchmarks/acasxu_2023/vnnlib/prop_1.vnnlib,.006031153,unsat,1.643447449
acasxu_2023,/home/elipregerson/nnenum/vnncomp2025_benchmarks/benchmarks/acasxu_2023/onnx/ACASXU_run2a_5_7_batch_2000.onnx,/home/elipregerson/nnenum/vnncomp2025_benchmarks/benchmarks/acasxu_2023/vnnlib/prop_1.vnnlib,.006188900,unsat,1.409757789
acasxu_2023,/home/elipregerson/nnenum/vnncomp2025_benchmarks/benchmarks/acasxu_2023/onnx/ACASXU_run2a_5_8_batch_2000.onnx,/home/elipregerson/nnenum/vnncomp2025_benchmarks/benchmarks/acasxu_2023/vnnlib/prop_1.vnnlib,.006052620,unsat,1.662120055
acasxu_2023,/home/elipregerson/nnenum/vnncomp2025_benchmarks/benchmarks/acasxu_2023/onnx/ACASXU_run2a_5_9_batch_2000.onnx,/home/elipregerson/nnenum/vnncomp2025_benchmarks/benchmarks/acasxu_2023/vnnlib/prop_1.vnnlib,.006135742,unsat,1.992288611
acasxu_2023,/home/elipregerson/nnenum/vnncomp2025_benchmarks/benchmarks/acasxu_2023/onnx/ACASXU_run2a_1_1_batch_2000.onnx,/home/elipregerson/nnenum/vnncomp2025_benchmarks/benchmarks/acasxu_2023/vnnlib/prop_2.vnnlib,.006423275,unsat,.916737913
acasxu_2023,/home/elipregerson/nnenum/vnncomp2025_benchmarks/benchmarks/acasxu_2023/onnx/ACASXU_run2a_1_2_batch_2000.onnx,/home/elipregerson/nnenum/vnncomp2025_benchmarks/benchmarks/acasxu_2023/vnnlib/prop_2.vnnlib,.006045473,sat,.668367853
acasxu_2023,/home/elipregerson/nnenum/vnncomp2025_benchmarks/benchmarks/acasxu_2023/onnx/ACASXU_run2a_1_3_batch_2000.onnx,/home/elipregerson/nnenum/vnncomp2025_benchmarks/benchmarks/acasxu_2023/vnnlib/prop_2.vnnlib,.006196681,sat,1.028522577
acasxu_2023,/home/elipregerson/nnenum/vnncomp2025_benchmarks/benchmarks/acasxu_2023/onnx/ACASXU_run2a_1_4_batch_2000.onnx,/home/elipregerson/nnenum/vnncomp2025_benchmarks/benchmarks/acasxu_2023/vnnlib/prop_2.vnnlib,.006548493,sat,.679404102
acasxu_2023,/home/elipregerson/nnenum/vnncomp2025_benchmarks/benchmarks/acasxu_2023/onnx/ACASXU_run2a_1_5_batch_2000.onnx,/home/elipregerson/nnenum/vnncomp2025_benchmarks/benchmarks/acasxu_2023/vnnlib/prop_2.vnnlib,.006346042,sat,.714783276
acasxu_2023,/home/elipregerson/nnenum/vnncomp2025_benchmarks/benchmarks/acasxu_2023/onnx/ACASXU_run2a_1_6_batch_2000.onnx,/home/elipregerson/nnenum/vnncomp2025_benchmarks/benchmarks/acasxu_2023/vnnlib/prop_2.vnnlib,.006071535,sat,1.204758628
acasxu_2023,/home/elipregerson/nnenum/vnncomp2025_benchmarks/benchmarks/acasxu_2023/onnx/ACASXU_run2a_1_7_batch_2000.onnx,/home/elipregerson/nnenum/vnncomp2025_benchmarks/benchmarks/acasxu_2023/vnnlib/prop_2.vnnlib,.008249091,unsat,1.063415376
acasxu_2023,/home/elipregerson/nnenum/vnncomp2025_benchmarks/benchmarks/acasxu_2023/onnx/ACASXU_run2a_1_8_batch_2000.onnx,/home/elipregerson/nnenum/vnncomp2025_benchmarks/benchmarks/acasxu_2023/vnnlib/prop_2.vnnlib,.005985535,unsat,1.304584524
acasxu_2023,/home/elipregerson/nnenum/vnncomp2025_benchmarks/benchmarks/acasxu_2023/onnx/ACASXU_run2a_1_9_batch_2000.onnx,/home/elipregerson/nnenum/vnncomp2025_benchmarks/benchmarks/acasxu_2023/vnnlib/prop_2.vnnlib,.006110148,unsat,1.049888515
acasxu_2023,/home/elipregerson/nnenum/vnncomp2025_benchmarks/benchmarks/acasxu_2023/onnx/ACASXU_run2a_2_1_batch_2000.onnx,/home/elipregerson/nnenum/vnncomp2025_benchmarks/benchmarks/acasxu_2023/vnnlib/prop_2.vnnlib,.006169975,sat,.644359165
acasxu_2023,/home/elipregerson/nnenum/vnncomp2025_benchmarks/benchmarks/acasxu_2023/onnx/ACASXU_run2a_2_2_batch_2000.onnx,/home/elipregerson/nnenum/vnncomp2025_benchmarks/benchmarks/acasxu_2023/vnnlib/prop_2.vnnlib,.006168556,sat,.600864269
acasxu_2023,/home/elipregerson/nnenum/vnncomp2025_benchmarks/benchmarks/acasxu_2023/onnx/ACASXU_run2a_2_3_batch_2000.onnx,/home/elipregerson/nnenum/vnncomp2025_benchmarks/benchmarks/acasxu_2023/vnnlib/prop_2.vnnlib,.005974757,sat,.593490754
acasxu_2023,/home/elipregerson/nnenum/vnncomp2025_benchmarks/benchmarks/acasxu_2023/onnx/ACASXU_run2a_2_4_batch_2000.onnx,/home/elipregerson/nnenum/vnncomp2025_benchmarks/benchmarks/acasxu_2023/vnnlib/prop_2.vnnlib,.006220037,sat,.590208930
acasxu_2023,/home/elipregerson/nnenum/vnncomp2025_benchmarks/benchmarks/acasxu_2023/onnx/ACASXU_run2a_2_5_batch_2000.onnx,/home/elipregerson/nnenum/vnncomp2025_benchmarks/benchmarks/acasxu_2023/vnnlib/prop_2.vnnlib,.006440710,sat,.592261192
acasxu_2023,/home/elipregerson/nnenum/vnncomp2025_benchmarks/benchmarks/acasxu_2023/onnx/ACASXU_run2a_2_6_batch_2000.onnx,/home/elipregerson/nnenum/vnncomp2025_benchmarks/benchmarks/acasxu_2023/vnnlib/prop_2.vnnlib,.006176504,sat,.588741876
acasxu_2023,/home/elipregerson/nnenum/vnncomp2025_benchmarks/benchmarks/acasxu_2023/onnx/ACASXU_run2a_2_7_batch_2000.onnx,/home/elipregerson/nnenum/vnncomp2025_benchmarks/benchmarks/acasxu_2023/vnnlib/prop_2.vnnlib,.006060379,sat,.588216176
acasxu_2023,/home/elipregerson/nnenum/vnncomp2025_benchmarks/benchmarks/acasxu_2023/onnx/ACASXU_run2a_2_8_batch_2000.onnx,/home/elipregerson/nnenum/vnncomp2025_benchmarks/benchmarks/acasxu_2023/vnnlib/prop_2.vnnlib,.006005883,sat,.630705714
acasxu_2023,/home/elipregerson/nnenum/vnncomp2025_benchmarks/benchmarks/acasxu_2023/onnx/ACASXU_run2a_2_9_batch_2000.onnx,/home/elipregerson/nnenum/vnncomp2025_benchmarks/benchmarks/acasxu_2023/vnnlib/prop_2.vnnlib,.006017316,sat,.727747833
acasxu_2023,/home/elipregerson/nnenum/vnncomp2025_benchmarks/benchmarks/acasxu_2023/onnx/ACASXU_run2a_3_1_batch_2000.onnx,/home/elipregerson/nnenum/vnncomp2025_benchmarks/benchmarks/acasxu_2023/vnnlib/prop_2.vnnlib,.006280247,sat,.641636829
acasxu_2023,/home/elipregerson/nnenum/vnncomp2025_benchmarks/benchmarks/acasxu_2023/onnx/ACASXU_run2a_3_2_batch_2000.onnx,/home/elipregerson/nnenum/vnncomp2025_benchmarks/benchmarks/acasxu_2023/vnnlib/prop_2.vnnlib,.006067845,sat,.691079940
acasxu_2023,/home/elipregerson/nnenum/vnncomp2025_benchmarks/benchmarks/acasxu_2023/onnx/ACASXU_run2a_3_3_batch_2000.onnx,/home/elipregerson/nnenum/vnncomp2025_benchmarks/benchmarks/acasxu_2023/vnnlib/prop_2.vnnlib,.006337451,unsat,5.867621020
acasxu_2023,/home/elipregerson/nnenum/vnncomp2025_benchmarks/benchmarks/acasxu_2023/onnx/ACASXU_run2a_3_4_batch_2000.onnx,/home/elipregerson/nnenum/vnncomp2025_benchmarks/benchmarks/acasxu_2023/vnnlib/prop_2.vnnlib,.006027992,sat,.601162886
acasxu_2023,/home/elipregerson/nnenum/vnncomp2025_benchmarks/benchmarks/acasxu_2023/onnx/ACASXU_run2a_3_5_batch_2000.onnx,/home/elipregerson/nnenum/vnncomp2025_benchmarks/benchmarks/acasxu_2023/vnnlib/prop_2.vnnlib,.006343997,sat,.613554807
acasxu_2023,/home/elipregerson/nnenum/vnncomp2025_benchmarks/benchmarks/acasxu_2023/onnx/ACASXU_run2a_3_6_batch_2000.onnx,/home/elipregerson/nnenum/vnncomp2025_benchmarks/benchmarks/acasxu_2023/vnnlib/prop_2.vnnlib,.006010568,sat,.636960199
acasxu_2023,/home/elipregerson/nnenum/vnncomp2025_benchmarks/benchmarks/acasxu_2023/onnx/ACASXU_run2a_3_7_batch_2000.onnx,/home/elipregerson/nnenum/vnncomp2025_benchmarks/benchmarks/acasxu_2023/vnnlib/prop_2.vnnlib,.005981032,sat,1.029974642
acasxu_2023,/home/elipregerson/nnenum/vnncomp2025_benchmarks/benchmarks/acasxu_2023/onnx/ACASXU_run2a_3_8_batch_2000.onnx,/home/elipregerson/nnenum/vnncomp2025_benchmarks/benchmarks/acasxu_2023/vnnlib/prop_2.vnnlib,.006027548,sat,.608783953
acasxu_2023,/home/elipregerson/nnenum/vnncomp2025_benchmarks/benchmarks/acasxu_2023/onnx/ACASXU_run2a_3_9_batch_2000.onnx,/home/elipregerson/nnenum/vnncomp2025_benchmarks/benchmarks/acasxu_2023/vnnlib/prop_2.vnnlib,.005896301,sat,.608237866
acasxu_2023,/home/elipregerson/nnenum/vnncomp2025_benchmarks/benchmarks/acasxu_2023/onnx/ACASXU_run2a_4_1_batch_2000.onnx,/home/elipregerson/nnenum/vnncomp2025_benchmarks/benchmarks/acasxu_2023/vnnlib/prop_2.vnnlib,.006089124,sat,.606800696
acasxu_2023,/home/elipregerson/nnenum/vnncomp2025_benchmarks/benchmarks/acasxu_2023/onnx/ACASXU_run2a_4_2_batch_2000.onnx,/home/elipregerson/nnenum/vnncomp2025_benchmarks/benchmarks/acasxu_2023/vnnlib/prop_2.vnnlib,.006134010,unsat,6.236652318
acasxu_2023,/home/elipregerson/nnenum/vnncomp2025_benchmarks/benchmarks/acasxu_2023/onnx/ACASXU_run2a_4_3_batch_2000.onnx,/home/elipregerson/nnenum/vnncomp2025_benchmarks/benchmarks/acasxu_2023/vnnlib/prop_2.vnnlib,.006651451,sat,.691790941
acasxu_2023,/home/elipregerson/nnenum/vnncomp2025_benchmarks/benchmarks/acasxu_2023/onnx/ACASXU_run2a_4_4_batch_2000.onnx,/home/elipregerson/nnenum/vnncomp2025_benchmarks/benchmarks/acasxu_2023/vnnlib/prop_2.vnnlib,.006224928,sat,.675048632
acasxu_2023,/home/elipregerson/nnenum/vnncomp2025_benchmarks/benchmarks/acasxu_2023/onnx/ACASXU_run2a_4_5_batch_2000.onnx,/home/elipregerson/nnenum/vnncomp2025_benchmarks/benchmarks/acasxu_2023/vnnlib/prop_2.vnnlib,.006780073,sat,.678714017
acasxu_2023,/home/elipregerson/nnenum/vnncomp2025_benchmarks/benchmarks/acasxu_2023/onnx/ACASXU_run2a_4_6_batch_2000.onnx,/home/elipregerson/nnenum/vnncomp2025_benchmarks/benchmarks/acasxu_2023/vnnlib/prop_2.vnnlib,.006221504,sat,.667155718
acasxu_2023,/home/elipregerson/nnenum/vnncomp2025_benchmarks/benchmarks/acasxu_2023/onnx/ACASXU_run2a_4_7_batch_2000.onnx,/home/elipregerson/nnenum/vnncomp2025_benchmarks/benchmarks/acasxu_2023/vnnlib/prop_2.vnnlib,.006800571,sat,.681421856
acasxu_2023,/home/elipregerson/nnenum/vnncomp2025_benchmarks/benchmarks/acasxu_2023/onnx/ACASXU_run2a_4_8_batch_2000.onnx,/home/elipregerson/nnenum/vnncomp2025_benchmarks/benchmarks/acasxu_2023/vnnlib/prop_2.vnnlib,.006187279,sat,.694441280
acasxu_2023,/home/elipregerson/nnenum/vnncomp2025_benchmarks/benchmarks/acasxu_2023/onnx/ACASXU_run2a_4_9_batch_2000.onnx,/home/elipregerson/nnenum/vnncomp2025_benchmarks/benchmarks/acasxu_2023/vnnlib/prop_2.vnnlib,.006491299,sat,.664294297
acasxu_2023,/home/elipregerson/nnenum/vnncomp2025_benchmarks/benchmarks/acasxu_2023/onnx/ACASXU_run2a_5_1_batch_2000.onnx,/home/elipregerson/nnenum/vnncomp2025_benchmarks/benchmarks/acasxu_2023/vnnlib/prop_2.vnnlib,.006092003,sat,.628973727
acasxu_2023,/home/elipregerson/nnenum/vnncomp2025_benchmarks/benchmarks/acasxu_2023/onnx/ACASXU_run2a_5_2_batch_2000.onnx,/home/elipregerson/nnenum/vnncomp2025_benchmarks/benchmarks/acasxu_2023/vnnlib/prop_2.vnnlib,.005971515,sat,.625546359
acasxu_2023,/home/elipregerson/nnenum/vnncomp2025_benchmarks/benchmarks/acasxu_2023/onnx/ACASXU_run2a_5_3_batch_2000.onnx,/home/elipregerson/nnenum/vnncomp2025_benchmarks/benchmarks/acasxu_2023/vnnlib/prop_2.vnnlib,.006098823,sat,1.330692955
acasxu_2023,/home/elipregerson/nnenum/vnncomp2025_benchmarks/benchmarks/acasxu_2023/onnx/ACASXU_run2a_5_4_batch_2000.onnx,/home/elipregerson/nnenum/vnncomp2025_benchmarks/benchmarks/acasxu_2023/vnnlib/prop_2.vnnlib,.006162119,sat,.605223562
acasxu_2023,/home/elipregerson/nnenum/vnncomp2025_benchmarks/benchmarks/acasxu_2023/onnx/ACASXU_run2a_5_5_batch_2000.onnx,/home/elipregerson/nnenum/vnncomp2025_benchmarks/benchmarks/acasxu_2023/vnnlib/prop_2.vnnlib,.006075902,sat,.629634068
acasxu_2023,/home/elipregerson/nnenum/vnncomp2025_benchmarks/benchmarks/acasxu_2023/onnx/ACASXU_run2a_5_6_batch_2000.onnx,/home/elipregerson/nnenum/vnncomp2025_benchmarks/benchmarks/acasxu_2023/vnnlib/prop_2.vnnlib,.006717203,sat,.593597247
acasxu_2023,/home/elipregerson/nnenum/vnncomp2025_benchmarks/benchmarks/acasxu_2023/onnx/ACASXU_run2a_5_7_batch_2000.onnx,/home/elipregerson/nnenum/vnncomp2025_benchmarks/benchmarks/acasxu_2023/vnnlib/prop_2.vnnlib,.006415876,sat,.599380018
acasxu_2023,/home/elipregerson/nnenum/vnncomp2025_benchmarks/benchmarks/acasxu_2023/onnx/ACASXU_run2a_5_8_batch_2000.onnx,/home/elipregerson/nnenum/vnncomp2025_benchmarks/benchmarks/acasxu_2023/vnnlib/prop_2.vnnlib,.006245915,sat,.608700754
acasxu_2023,/home/elipregerson/nnenum/vnncomp2025_benchmarks/benchmarks/acasxu_2023/onnx/ACASXU_run2a_5_9_batch_2000.onnx,/home/elipregerson/nnenum/vnncomp2025_benchmarks/benchmarks/acasxu_2023/vnnlib/prop_2.vnnlib,.005975339,sat,.622269144
acasxu_2023,/home/elipregerson/nnenum/vnncomp2025_benchmarks/benchmarks/acasxu_2023/onnx/ACASXU_run2a_1_1_batch_2000.onnx,/home/elipregerson/nnenum/vnncomp2025_benchmarks/benchmarks/acasxu_2023/vnnlib/prop_3.vnnlib,.006199285,unsat,.863424901
acasxu_2023,/home/elipregerson/nnenum/vnncomp2025_benchmarks/benchmarks/acasxu_2023/onnx/ACASXU_run2a_1_2_batch_2000.onnx,/home/elipregerson/nnenum/vnncomp2025_benchmarks/benchmarks/acasxu_2023/vnnlib/prop_3.vnnlib,.006103403,unsat,.824537799
acasxu_2023,/home/elipregerson/nnenum/vnncomp2025_benchmarks/benchmarks/acasxu_2023/onnx/ACASXU_run2a_1_3_batch_2000.onnx,/home/elipregerson/nnenum/vnncomp2025_benchmarks/benchmarks/acasxu_2023/vnnlib/prop_3.vnnlib,.006048670,unsat,.765946979
acasxu_2023,/home/elipregerson/nnenum/vnncomp2025_benchmarks/benchmarks/acasxu_2023/onnx/ACASXU_run2a_1_4_batch_2000.onnx,/home/elipregerson/nnenum/vnncomp2025_benchmarks/benchmarks/acasxu_2023/vnnlib/prop_3.vnnlib,.006114644,unsat,.602691025
acasxu_2023,/home/elipregerson/nnenum/vnncomp2025_benchmarks/benchmarks/acasxu_2023/onnx/ACASXU_run2a_1_5_batch_2000.onnx,/home/elipregerson/nnenum/vnncomp2025_benchmarks/benchmarks/acasxu_2023/vnnlib/prop_3.vnnlib,.006300549,unsat,.638214450
acasxu_2023,/home/elipregerson/nnenum/vnncomp2025_benchmarks/benchmarks/acasxu_2023/onnx/ACASXU_run2a_1_6_batch_2000.onnx,/home/elipregerson/nnenum/vnncomp2025_benchmarks/benchmarks/acasxu_2023/vnnlib/prop_3.vnnlib,.006051029,unsat,.598845098
acasxu_2023,/home/elipregerson/nnenum/vnncomp2025_benchmarks/benchmarks/acasxu_2023/onnx/ACASXU_run2a_1_7_batch_2000.onnx,/home/elipregerson/nnenum/vnncomp2025_benchmarks/benchmarks/acasxu_2023/vnnlib/prop_3.vnnlib,.006273350,sat,.604982216
acasxu_2023,/home/elipregerson/nnenum/vnncomp2025_benchmarks/benchmarks/acasxu_2023/onnx/ACASXU_run2a_1_8_batch_2000.onnx,/home/elipregerson/nnenum/vnncomp2025_benchmarks/benchmarks/acasxu_2023/vnnlib/prop_3.vnnlib,.006061982,sat,.595407599
acasxu_2023,/home/elipregerson/nnenum/vnncomp2025_benchmarks/benchmarks/acasxu_2023/onnx/ACASXU_run2a_1_9_batch_2000.onnx,/home/elipregerson/nnenum/vnncomp2025_benchmarks/benchmarks/acasxu_2023/vnnlib/prop_3.vnnlib,.006058767,sat,.589843443
acasxu_2023,/home/elipregerson/nnenum/vnncomp2025_benchmarks/benchmarks/acasxu_2023/onnx/ACASXU_run2a_2_1_batch_2000.onnx,/home/elipregerson/nnenum/vnncomp2025_benchmarks/benchmarks/acasxu_2023/vnnlib/prop_3.vnnlib,.006161842,unsat,.695462685
acasxu_2023,/home/elipregerson/nnenum/vnncomp2025_benchmarks/benchmarks/acasxu_2023/onnx/ACASXU_run2a_2_2_batch_2000.onnx,/home/elipregerson/nnenum/vnncomp2025_benchmarks/benchmarks/acasxu_2023/vnnlib/prop_3.vnnlib,.006163942,unsat,.676303672
acasxu_2023,/home/elipregerson/nnenum/vnncomp2025_benchmarks/benchmarks/acasxu_2023/onnx/ACASXU_run2a_2_3_batch_2000.onnx,/home/elipregerson/nnenum/vnncomp2025_benchmarks/benchmarks/acasxu_2023/vnnlib/prop_3.vnnlib,.006091408,unsat,.785580409
acasxu_2023,/home/elipregerson/nnenum/vnncomp2025_benchmarks/benchmarks/acasxu_2023/onnx/ACASXU_run2a_2_4_batch_2000.onnx,/home/elipregerson/nnenum/vnncomp2025_benchmarks/benchmarks/acasxu_2023/vnnlib/prop_3.vnnlib,.006071922,unsat,.532191400
acasxu_2023,/home/elipregerson/nnenum/vnncomp2025_benchmarks/benchmarks/acasxu_2023/onnx/ACASXU_run2a_2_5_batch_2000.onnx,/home/elipregerson/nnenum/vnncomp2025_benchmarks/benchmarks/acasxu_2023/vnnlib/prop_3.vnnlib,.006131820,unsat,.648025739
acasxu_2023,/home/elipregerson/nnenum/vnncomp2025_benchmarks/benchmarks/acasxu_2023/onnx/ACASXU_run2a_2_6_batch_2000.onnx,/home/elipregerson/nnenum/vnncomp2025_benchmarks/benchmarks/acasxu_2023/vnnlib/prop_3.vnnlib,.008841921,unsat,.635923211
acasxu_2023,/home/elipregerson/nnenum/vnncomp2025_benchmarks/benchmarks/acasxu_2023/onnx/ACASXU_run2a_2_7_batch_2000.onnx,/home/elipregerson/nnenum/vnncomp2025_benchmarks/benchmarks/acasxu_2023/vnnlib/prop_3.vnnlib,.006187523,unsat,.596066107
acasxu_2023,/home/elipregerson/nnenum/vnncomp2025_benchmarks/benchmarks/acasxu_2023/onnx/ACASXU_run2a_2_8_batch_2000.onnx,/home/elipregerson/nnenum/vnncomp2025_benchmarks/benchmarks/acasxu_2023/vnnlib/prop_3.vnnlib,.006129658,unsat,.635049896
acasxu_2023,/home/elipregerson/nnenum/vnncomp2025_benchmarks/benchmarks/acasxu_2023/onnx/ACASXU_run2a_2_9_batch_2000.onnx,/home/elipregerson/nnenum/vnncomp2025_benchmarks/benchmarks/acasxu_2023/vnnlib/prop_3.vnnlib,.006190508,unsat,.542141217
acasxu_2023,/home/elipregerson/nnenum/vnncomp2025_benchmarks/benchmarks/acasxu_2023/onnx/ACASXU_run2a_3_1_batch_2000.onnx,/home/elipregerson/nnenum/vnncomp2025_benchmarks/benchmarks/acasxu_2023/vnnlib/prop_3.vnnlib,.006132475,unsat,.624257666
acasxu_2023,/home/elipregerson/nnenum/vnncomp2025_benchmarks/benchmarks/acasxu_2023/onnx/ACASXU_run2a_3_2_batch_2000.onnx,/home/elipregerson/nnenum/vnncomp2025_benchmarks/benchmarks/acasxu_2023/vnnlib/prop_3.vnnlib,.005963974,unsat,.779363108
acasxu_2023,/home/elipregerson/nnenum/vnncomp2025_benchmarks/benchmarks/acasxu_2023/onnx/ACASXU_run2a_3_3_batch_2000.onnx,/home/elipregerson/nnenum/vnncomp2025_benchmarks/benchmarks/acasxu_2023/vnnlib/prop_3.vnnlib,.006351603,unsat,.722131368
acasxu_2023,/home/elipregerson/nnenum/vnncomp2025_benchmarks/benchmarks/acasxu_2023/onnx/ACASXU_run2a_3_4_batch_2000.onnx,/home/elipregerson/nnenum/vnncomp2025_benchmarks/benchmarks/acasxu_2023/vnnlib/prop_3.vnnlib,.008599685,unsat,.629679275
acasxu_2023,/home/elipregerson/nnenum/vnncomp2025_benchmarks/benchmarks/acasxu_2023/onnx/ACASXU_run2a_3_5_batch_2000.onnx,/home/elipregerson/nnenum/vnncomp2025_benchmarks/benchmarks/acasxu_2023/vnnlib/prop_3.vnnlib,.006212664,unsat,.626341055
acasxu_2023,/home/elipregerson/nnenum/vnncomp2025_benchmarks/benchmarks/acasxu_2023/onnx/ACASXU_run2a_3_6_batch_2000.onnx,/home/elipregerson/nnenum/vnncomp2025_benchmarks/benchmarks/acasxu_2023/vnnlib/prop_3.vnnlib,.006090185,unsat,.685585910
acasxu_2023,/home/elipregerson/nnenum/vnncomp2025_benchmarks/benchmarks/acasxu_2023/onnx/ACASXU_run2a_3_7_batch_2000.onnx,/home/elipregerson/nnenum/vnncomp2025_benchmarks/benchmarks/acasxu_2023/vnnlib/prop_3.vnnlib,.006118701,unsat,.646160492
acasxu_2023,/home/elipregerson/nnenum/vnncomp2025_benchmarks/benchmarks/acasxu_2023/onnx/ACASXU_run2a_3_8_batch_2000.onnx,/home/elipregerson/nnenum/vnncomp2025_benchmarks/benchmarks/acasxu_2023/vnnlib/prop_3.vnnlib,.006419540,unsat,.670179883
acasxu_2023,/home/elipregerson/nnenum/vnncomp2025_benchmarks/benchmarks/acasxu_2023/onnx/ACASXU_run2a_3_9_batch_2000.onnx,/home/elipregerson/nnenum/vnncomp2025_benchmarks/benchmarks/acasxu_2023/vnnlib/prop_3.vnnlib,.006383744,unsat,.682118921
acasxu_2023,/home/elipregerson/nnenum/vnncomp2025_benchmarks/benchmarks/acasxu_2023/onnx/ACASXU_run2a_4_1_batch_2000.onnx,/home/elipregerson/nnenum/vnncomp2025_benchmarks/benchmarks/acasxu_2023/vnnlib/prop_3.vnnlib,.006213221,unsat,.693266274
acasxu_2023,/home/elipregerson/nnenum/vnncomp2025_benchmarks/benchmarks/acasxu_2023/onnx/ACASXU_run2a_4_2_batch_2000.onnx,/home/elipregerson/nnenum/vnncomp2025_benchmarks/benchmarks/acasxu_2023/vnnlib/prop_3.vnnlib,.007346972,unsat,.850685576
acasxu_2023,/home/elipregerson/nnenum/vnncomp2025_benchmarks/benchmarks/acasxu_2023/onnx/ACASXU_run2a_4_3_batch_2000.onnx,/home/elipregerson/nnenum/vnncomp2025_benchmarks/benchmarks/acasxu_2023/vnnlib/prop_3.vnnlib,.005991712,unsat,.915607079
acasxu_2023,/home/elipregerson/nnenum/vnncomp2025_benchmarks/benchmarks/acasxu_2023/onnx/ACASXU_run2a_4_4_batch_2000.onnx,/home/elipregerson/nnenum/vnncomp2025_benchmarks/benchmarks/acasxu_2023/vnnlib/prop_3.vnnlib,.006317595,unsat,.667591173
acasxu_2023,/home/elipregerson/nnenum/vnncomp2025_benchmarks/benchmarks/acasxu_2023/onnx/ACASXU_run2a_4_5_batch_2000.onnx,/home/elipregerson/nnenum/vnncomp2025_benchmarks/benchmarks/acasxu_2023/vnnlib/prop_3.vnnlib,.006440574,unsat,.658803550
acasxu_2023,/home/elipregerson/nnenum/vnncomp2025_benchmarks/benchmarks/acasxu_2023/onnx/ACASXU_run2a_4_6_batch_2000.onnx,/home/elipregerson/nnenum/vnncomp2025_benchmarks/benchmarks/acasxu_2023/vnnlib/prop_3.vnnlib,.006121547,unsat,.677197878
acasxu_2023,/home/elipregerson/nnenum/vnncomp2025_benchmarks/benchmarks/acasxu_2023/onnx/ACASXU_run2a_4_7_batch_2000.onnx,/home/elipregerson/nnenum/vnncomp2025_benchmarks/benchmarks/acasxu_2023/vnnlib/prop_3.vnnlib,.006193446,unsat,.682543260
acasxu_2023,/home/elipregerson/nnenum/vnncomp2025_benchmarks/benchmarks/acasxu_2023/onnx/ACASXU_run2a_4_8_batch_2000.onnx,/home/elipregerson/nnenum/vnncomp2025_benchmarks/benchmarks/acasxu_2023/vnnlib/prop_3.vnnlib,.006187268,unsat,.642192699
acasxu_2023,/home/elipregerson/nnenum/vnncomp2025_benchmarks/benchmarks/acasxu_2023/onnx/ACASXU_run2a_4_9_batch_2000.onnx,/home/elipregerson/nnenum/vnncomp2025_benchmarks/benchmarks/acasxu_2023/vnnlib/prop_3.vnnlib,.006089294,unsat,.664486551
acasxu_2023,/home/elipregerson/nnenum/vnncomp2025_benchmarks/benchmarks/acasxu_2023/onnx/ACASXU_run2a_5_1_batch_2000.onnx,/home/elipregerson/nnenum/vnncomp2025_benchmarks/benchmarks/acasxu_2023/vnnlib/prop_3.vnnlib,.006709702,unsat,.815225272
acasxu_2023,/home/elipregerson/nnenum/vnncomp2025_benchmarks/benchmarks/acasxu_2023/onnx/ACASXU_run2a_5_2_batch_2000.onnx,/home/elipregerson/nnenum/vnncomp2025_benchmarks/benchmarks/acasxu_2023/vnnlib/prop_3.vnnlib,.006113899,unsat,.643259173
acasxu_2023,/home/elipregerson/nnenum/vnncomp2025_benchmarks/benchmarks/acasxu_2023/onnx/ACASXU_run2a_5_3_batch_2000.onnx,/home/elipregerson/nnenum/vnncomp2025_benchmarks/benchmarks/acasxu_2023/vnnlib/prop_3.vnnlib,.006027037,unsat,.641962988
acasxu_2023,/home/elipregerson/nnenum/vnncomp2025_benchmarks/benchmarks/acasxu_2023/onnx/ACASXU_run2a_5_4_batch_2000.onnx,/home/elipregerson/nnenum/vnncomp2025_benchmarks/benchmarks/acasxu_2023/vnnlib/prop_3.vnnlib,.006252884,unsat,.647590512
acasxu_2023,/home/elipregerson/nnenum/vnncomp2025_benchmarks/benchmarks/acasxu_2023/onnx/ACASXU_run2a_5_5_batch_2000.onnx,/home/elipregerson/nnenum/vnncomp2025_benchmarks/benchmarks/acasxu_2023/vnnlib/prop_3.vnnlib,.006296060,unsat,.665911508
acasxu_2023,/home/elipregerson/nnenum/vnncomp2025_benchmarks/benchmarks/acasxu_2023/onnx/ACASXU_run2a_5_6_batch_2000.onnx,/home/elipregerson/nnenum/vnncomp2025_benchmarks/benchmarks/acasxu_2023/vnnlib/prop_3.vnnlib,.006766490,unsat,.641736158
acasxu_2023,/home/elipregerson/nnenum/vnncomp2025_benchmarks/benchmarks/acasxu_2023/onnx/ACASXU_run2a_5_7_batch_2000.onnx,/home/elipregerson/nnenum/vnncomp2025_benchmarks/benchmarks/acasxu_2023/vnnlib/prop_3.vnnlib,.006199022,unsat,.572114149
acasxu_2023,/home/elipregerson/nnenum/vnncomp2025_benchmarks/benchmarks/acasxu_2023/onnx/ACASXU_run2a_5_8_batch_2000.onnx,/home/elipregerson/nnenum/vnncomp2025_benchmarks/benchmarks/acasxu_2023/vnnlib/prop_3.vnnlib,.006247023,unsat,.644161515
acasxu_2023,/home/elipregerson/nnenum/vnncomp2025_benchmarks/benchmarks/acasxu_2023/onnx/ACASXU_run2a_5_9_batch_2000.onnx,/home/elipregerson/nnenum/vnncomp2025_benchmarks/benchmarks/acasxu_2023/vnnlib/prop_3.vnnlib,.006221272,unsat,.592282182
acasxu_2023,/home/elipregerson/nnenum/vnncomp2025_benchmarks/benchmarks/acasxu_2023/onnx/ACASXU_run2a_1_1_batch_2000.onnx,/home/elipregerson/nnenum/vnncomp2025_benchmarks/benchmarks/acasxu_2023/vnnlib/prop_4.vnnlib,.006115583,unsat,.853994213
acasxu_2023,/home/elipregerson/nnenum/vnncomp2025_benchmarks/benchmarks/acasxu_2023/onnx/ACASXU_run2a_1_2_batch_2000.onnx,/home/elipregerson/nnenum/vnncomp2025_benchmarks/benchmarks/acasxu_2023/vnnlib/prop_4.vnnlib,.006354188,unsat,.780338507
acasxu_2023,/home/elipregerson/nnenum/vnncomp2025_benchmarks/benchmarks/acasxu_2023/onnx/ACASXU_run2a_1_3_batch_2000.onnx,/home/elipregerson/nnenum/vnncomp2025_benchmarks/benchmarks/acasxu_2023/vnnlib/prop_4.vnnlib,.006325363,unsat,.759847388
acasxu_2023,/home/elipregerson/nnenum/vnncomp2025_benchmarks/benchmarks/acasxu_2023/onnx/ACASXU_run2a_1_4_batch_2000.onnx,/home/elipregerson/nnenum/vnncomp2025_benchmarks/benchmarks/acasxu_2023/vnnlib/prop_4.vnnlib,.006094133,unsat,.662507541
acasxu_2023,/home/elipregerson/nnenum/vnncomp2025_benchmarks/benchmarks/acasxu_2023/onnx/ACASXU_run2a_1_5_batch_2000.onnx,/home/elipregerson/nnenum/vnncomp2025_benchmarks/benchmarks/acasxu_2023/vnnlib/prop_4.vnnlib,.006224927,unsat,.681408114
acasxu_2023,/home/elipregerson/nnenum/vnncomp2025_benchmarks/benchmarks/acasxu_2023/onnx/ACASXU_run2a_1_6_batch_2000.onnx,/home/elipregerson/nnenum/vnncomp2025_benchmarks/benchmarks/acasxu_2023/vnnlib/prop_4.vnnlib,.006545495,unsat,.648086832
acasxu_2023,/home/elipregerson/nnenum/vnncomp2025_benchmarks/benchmarks/acasxu_2023/onnx/ACASXU_run2a_1_7_batch_2000.onnx,/home/elipregerson/nnenum/vnncomp2025_benchmarks/benchmarks/acasxu_2023/vnnlib/prop_4.vnnlib,.006362319,sat,.630021525
acasxu_2023,/home/elipregerson/nnenum/vnncomp2025_benchmarks/benchmarks/acasxu_2023/onnx/ACASXU_run2a_1_8_batch_2000.onnx,/home/elipregerson/nnenum/vnncomp2025_benchmarks/benchmarks/acasxu_2023/vnnlib/prop_4.vnnlib,.006087949,sat,.633100348
acasxu_2023,/home/elipregerson/nnenum/vnncomp2025_benchmarks/benchmarks/acasxu_2023/onnx/ACASXU_run2a_1_9_batch_2000.onnx,/home/elipregerson/nnenum/vnncomp2025_benchmarks/benchmarks/acasxu_2023/vnnlib/prop_4.vnnlib,.013650795,sat,.637452998
acasxu_2023,/home/elipregerson/nnenum/vnncomp2025_benchmarks/benchmarks/acasxu_2023/onnx/ACASXU_run2a_2_1_batch_2000.onnx,/home/elipregerson/nnenum/vnncomp2025_benchmarks/benchmarks/acasxu_2023/vnnlib/prop_4.vnnlib,.006210789,unsat,.674964611
acasxu_2023,/home/elipregerson/nnenum/vnncomp2025_benchmarks/benchmarks/acasxu_2023/onnx/ACASXU_run2a_2_2_batch_2000.onnx,/home/elipregerson/nnenum/vnncomp2025_benchmarks/benchmarks/acasxu_2023/vnnlib/prop_4.vnnlib,.006222596,unsat,.670352347
acasxu_2023,/home/elipregerson/nnenum/vnncomp2025_benchmarks/benchmarks/acasxu_2023/onnx/ACASXU_run2a_2_3_batch_2000.onnx,/home/elipregerson/nnenum/vnncomp2025_benchmarks/benchmarks/acasxu_2023/vnnlib/prop_4.vnnlib,.006164515,unsat,.649163626
acasxu_2023,/home/elipregerson/nnenum/vnncomp2025_benchmarks/benchmarks/acasxu_2023/onnx/ACASXU_run2a_2_4_batch_2000.onnx,/home/elipregerson/nnenum/vnncomp2025_benchmarks/benchmarks/acasxu_2023/vnnlib/prop_4.vnnlib,.006153652,unsat,.647696116
acasxu_2023,/home/elipregerson/nnenum/vnncomp2025_benchmarks/benchmarks/acasxu_2023/onnx/ACASXU_run2a_2_5_batch_2000.onnx,/home/elipregerson/nnenum/vnncomp2025_benchmarks/benchmarks/acasxu_2023/vnnlib/prop_4.vnnlib,.006035319,unsat,.668197011
acasxu_2023,/home/elipregerson/nnenum/vnncomp2025_benchmarks/benchmarks/acasxu_2023/onnx/ACASXU_run2a_2_6_batch_2000.onnx,/home/elipregerson/nnenum/vnncomp2025_benchmarks/benchmarks/acasxu_2023/vnnlib/prop_4.vnnlib,.006260103,unsat,.667400274
acasxu_2023,/home/elipregerson/nnenum/vnncomp2025_benchmarks/benchmarks/acasxu_2023/onnx/ACASXU_run2a_2_7_batch_2000.onnx,/home/elipregerson/nnenum/vnncomp2025_benchmarks/benchmarks/acasxu_2023/vnnlib/prop_4.vnnlib,.006196822,unsat,.660462870
acasxu_2023,/home/elipregerson/nnenum/vnncomp2025_benchmarks/benchmarks/acasxu_2023/onnx/ACASXU_run2a_2_8_batch_2000.onnx,/home/elipregerson/nnenum/vnncomp2025_benchmarks/benchmarks/acasxu_2023/vnnlib/prop_4.vnnlib,.006195252,unsat,.674537937
acasxu_2023,/home/elipregerson/nnenum/vnncomp2025_benchmarks/benchmarks/acasxu_2023/onnx/ACASXU_run2a_2_9_batch_2000.onnx,/home/elipregerson/nnenum/vnncomp2025_benchmarks/benchmarks/acasxu_2023/vnnlib/prop_4.vnnlib,.006132507,unsat,.580208458
acasxu_2023,/home/elipregerson/nnenum/vnncomp2025_benchmarks/benchmarks/acasxu_2023/onnx/ACASXU_run2a_3_1_batch_2000.onnx,/home/elipregerson/nnenum/vnncomp2025_benchmarks/benchmarks/acasxu_2023/vnnlib/prop_4.vnnlib,.006737795,unsat,.645146210
acasxu_2023,/home/elipregerson/nnenum/vnncomp2025_benchmarks/benchmarks/acasxu_2023/onnx/ACASXU_run2a_3_2_batch_2000.onnx,/home/elipregerson/nnenum/vnncomp2025_benchmarks/benchmarks/acasxu_2023/vnnlib/prop_4.vnnlib,.006311506,unsat,.654938641
acasxu_2023,/home/elipregerson/nnenum/vnncomp2025_benchmarks/benchmarks/acasxu_2023/onnx/ACASXU_run2a_3_3_batch_2000.onnx,/home/elipregerson/nnenum/vnncomp2025_benchmarks/benchmarks/acasxu_2023/vnnlib/prop_4.vnnlib,.006369412,unsat,.642023470
acasxu_2023,/home/elipregerson/nnenum/vnncomp2025_benchmarks/benchmarks/acasxu_2023/onnx/ACASXU_run2a_3_4_batch_2000.onnx,/home/elipregerson/nnenum/vnncomp2025_benchmarks/benchmarks/acasxu_2023/vnnlib/prop_4.vnnlib,.006046857,unsat,.648551291
acasxu_2023,/home/elipregerson/nnenum/vnncomp2025_benchmarks/benchmarks/acasxu_2023/onnx/ACASXU_run2a_3_5_batch_2000.onnx,/home/elipregerson/nnenum/vnncomp2025_benchmarks/benchmarks/acasxu_2023/vnnlib/prop_4.vnnlib,.006290649,unsat,.659272867
acasxu_2023,/home/elipregerson/nnenum/vnncomp2025_benchmarks/benchmarks/acasxu_2023/onnx/ACASXU_run2a_3_6_batch_2000.onnx,/home/elipregerson/nnenum/vnncomp2025_benchmarks/benchmarks/acasxu_2023/vnnlib/prop_4.vnnlib,.006258268,unsat,.635174558
acasxu_2023,/home/elipregerson/nnenum/vnncomp2025_benchmarks/benchmarks/acasxu_2023/onnx/ACASXU_run2a_3_7_batch_2000.onnx,/home/elipregerson/nnenum/vnncomp2025_benchmarks/benchmarks/acasxu_2023/vnnlib/prop_4.vnnlib,.006162478,unsat,.634638552
acasxu_2023,/home/elipregerson/nnenum/vnncomp2025_benchmarks/benchmarks/acasxu_2023/onnx/ACASXU_run2a_3_8_batch_2000.onnx,/home/elipregerson/nnenum/vnncomp2025_benchmarks/benchmarks/acasxu_2023/vnnlib/prop_4.vnnlib,.006505893,unsat,.702566010
acasxu_2023,/home/elipregerson/nnenum/vnncomp2025_benchmarks/benchmarks/acasxu_2023/onnx/ACASXU_run2a_3_9_batch_2000.onnx,/home/elipregerson/nnenum/vnncomp2025_benchmarks/benchmarks/acasxu_2023/vnnlib/prop_4.vnnlib,.006133600,unsat,.661882007
acasxu_2023,/home/elipregerson/nnenum/vnncomp2025_benchmarks/benchmarks/acasxu_2023/onnx/ACASXU_run2a_4_1_batch_2000.onnx,/home/elipregerson/nnenum/vnncomp2025_benchmarks/benchmarks/acasxu_2023/vnnlib/prop_4.vnnlib,.006077849,unsat,.635706373
acasxu_2023,/home/elipregerson/nnenum/vnncomp2025_benchmarks/benchmarks/acasxu_2023/onnx/ACASXU_run2a_4_2_batch_2000.onnx,/home/elipregerson/nnenum/vnncomp2025_benchmarks/benchmarks/acasxu_2023/vnnlib/prop_4.vnnlib,.006206967,unsat,.651574257
acasxu_2023,/home/elipregerson/nnenum/vnncomp2025_benchmarks/benchmarks/acasxu_2023/onnx/ACASXU_run2a_4_3_batch_2000.onnx,/home/elipregerson/nnenum/vnncomp2025_benchmarks/benchmarks/acasxu_2023/vnnlib/prop_4.vnnlib,.006246642,unsat,.651111177
acasxu_2023,/home/elipregerson/nnenum/vnncomp2025_benchmarks/benchmarks/acasxu_2023/onnx/ACASXU_run2a_4_4_batch_2000.onnx,/home/elipregerson/nnenum/vnncomp2025_benchmarks/benchmarks/acasxu_2023/vnnlib/prop_4.vnnlib,.006358279,unsat,.640196432
acasxu_2023,/home/elipregerson/nnenum/vnncomp2025_benchmarks/benchmarks/acasxu_2023/onnx/ACASXU_run2a_4_5_batch_2000.onnx,/home/elipregerson/nnenum/vnncomp2025_benchmarks/benchmarks/acasxu_2023/vnnlib/prop_4.vnnlib,.006275223,unsat,.648828503
acasxu_2023,/home/elipregerson/nnenum/vnncomp2025_benchmarks/benchmarks/acasxu_2023/onnx/ACASXU_run2a_4_6_batch_2000.onnx,/home/elipregerson/nnenum/vnncomp2025_benchmarks/benchmarks/acasxu_2023/vnnlib/prop_4.vnnlib,.006135664,unsat,.649725872
acasxu_2023,/home/elipregerson/nnenum/vnncomp2025_benchmarks/benchmarks/acasxu_2023/onnx/ACASXU_run2a_4_7_batch_2000.onnx,/home/elipregerson/nnenum/vnncomp2025_benchmarks/benchmarks/acasxu_2023/vnnlib/prop_4.vnnlib,.006537898,unsat,.655162687
acasxu_2023,/home/elipregerson/nnenum/vnncomp2025_benchmarks/benchmarks/acasxu_2023/onnx/ACASXU_run2a_4_8_batch_2000.onnx,/home/elipregerson/nnenum/vnncomp2025_benchmarks/benchmarks/acasxu_2023/vnnlib/prop_4.vnnlib,.006088952,unsat,.636933794
acasxu_2023,/home/elipregerson/nnenum/vnncomp2025_benchmarks/benchmarks/acasxu_2023/onnx/ACASXU_run2a_4_9_batch_2000.onnx,/home/elipregerson/nnenum/vnncomp2025_benchmarks/benchmarks/acasxu_2023/vnnlib/prop_4.vnnlib,.006074098,unsat,.638929536
acasxu_2023,/home/elipregerson/nnenum/vnncomp2025_benchmarks/benchmarks/acasxu_2023/onnx/ACASXU_run2a_5_1_batch_2000.onnx,/home/elipregerson/nnenum/vnncomp2025_benchmarks/benchmarks/acasxu_2023/vnnlib/prop_4.vnnlib,.008091540,unsat,.644426111
acasxu_2023,/home/elipregerson/nnenum/vnncomp2025_benchmarks/benchmarks/acasxu_2023/onnx/ACASXU_run2a_5_2_batch_2000.onnx,/home/elipregerson/nnenum/vnncomp2025_benchmarks/benchmarks/acasxu_2023/vnnlib/prop_4.vnnlib,.006165298,unsat,.635340429
acasxu_2023,/home/elipregerson/nnenum/vnncomp2025_benchmarks/benchmarks/acasxu_2023/onnx/ACASXU_run2a_5_3_batch_2000.onnx,/home/elipregerson/nnenum/vnncomp2025_benchmarks/benchmarks/acasxu_2023/vnnlib/prop_4.vnnlib,.006254156,unsat,.635629001
acasxu_2023,/home/elipregerson/nnenum/vnncomp2025_benchmarks/benchmarks/acasxu_2023/onnx/ACASXU_run2a_5_4_batch_2000.onnx,/home/elipregerson/nnenum/vnncomp2025_benchmarks/benchmarks/acasxu_2023/vnnlib/prop_4.vnnlib,.006122389,unsat,.640441315
acasxu_2023,/home/elipregerson/nnenum/vnncomp2025_benchmarks/benchmarks/acasxu_2023/onnx/ACASXU_run2a_5_5_batch_2000.onnx,/home/elipregerson/nnenum/vnncomp2025_benchmarks/benchmarks/acasxu_2023/vnnlib/prop_4.vnnlib,.006413158,unsat,.656000204
acasxu_2023,/home/elipregerson/nnenum/vnncomp2025_benchmarks/benchmarks/acasxu_2023/onnx/ACASXU_run2a_5_6_batch_2000.onnx,/home/elipregerson/nnenum/vnncomp2025_benchmarks/benchmarks/acasxu_2023/vnnlib/prop_4.vnnlib,.006693738,unsat,.657202896
acasxu_2023,/home/elipregerson/nnenum/vnncomp2025_benchmarks/benchmarks/acasxu_2023/onnx/ACASXU_run2a_5_7_batch_2000.onnx,/home/elipregerson/nnenum/vnncomp2025_benchmarks/benchmarks/acasxu_2023/vnnlib/prop_4.vnnlib,.006959933,unsat,.651108042
acasxu_2023,/home/elipregerson/nnenum/vnncomp2025_benchmarks/benchmarks/acasxu_2023/onnx/ACASXU_run2a_5_8_batch_2000.onnx,/home/elipregerson/nnenum/vnncomp2025_benchmarks/benchmarks/acasxu_2023/vnnlib/prop_4.vnnlib,.007565855,unsat,.657969946
acasxu_2023,/home/elipregerson/nnenum/vnncomp2025_benchmarks/benchmarks/acasxu_2023/onnx/ACASXU_run2a_5_9_batch_2000.onnx,/home/elipregerson/nnenum/vnncomp2025_benchmarks/benchmarks/acasxu_2023/vnnlib/prop_4.vnnlib,.006454703,unsat,.650729639
acasxu_2023,/home/elipregerson/nnenum/vnncomp2025_benchmarks/benchmarks/acasxu_2023/onnx/ACASXU_run2a_1_1_batch_2000.onnx,/home/elipregerson/nnenum/vnncomp2025_benchmarks/benchmarks/acasxu_2023/vnnlib/prop_5.vnnlib,.006450364,unsat,1.445374923
acasxu_2023,/home/elipregerson/nnenum/vnncomp2025_benchmarks/benchmarks/acasxu_2023/onnx/ACASXU_run2a_1_1_batch_2000.onnx,/home/elipregerson/nnenum/vnncomp2025_benchmarks/benchmarks/acasxu_2023/vnnlib/prop_6.vnnlib,.006554192,unsat,3.803038487
acasxu_2023,/home/elipregerson/nnenum/vnncomp2025_benchmarks/benchmarks/acasxu_2023/onnx/ACASXU_run2a_1_9_batch_2000.onnx,/home/elipregerson/nnenum/vnncomp2025_benchmarks/benchmarks/acasxu_2023/vnnlib/prop_7.vnnlib,.006187872,sat,.857497181
acasxu_2023,/home/elipregerson/nnenum/vnncomp2025_benchmarks/benchmarks/acasxu_2023/onnx/ACASXU_run2a_2_9_batch_2000.onnx,/home/elipregerson/nnenum/vnncomp2025_benchmarks/benchmarks/acasxu_2023/vnnlib/prop_8.vnnlib,.006249264,sat,.739084086
acasxu_2023,/home/elipregerson/nnenum/vnncomp2025_benchmarks/benchmarks/acasxu_2023/onnx/ACASXU_run2a_3_3_batch_2000.onnx,/home/elipregerson/nnenum/vnncomp2025_benchmarks/benchmarks/acasxu_2023/vnnlib/prop_9.vnnlib,.006562860,unsat,2.227578817
acasxu_2023,/home/elipregerson/nnenum/vnncomp2025_benchmarks/benchmarks/acasxu_2023/onnx/ACASXU_run2a_4_5_batch_2000.onnx,/home/elipregerson/nnenum/vnncomp2025_benchmarks/benchmarks/acasxu_2023/vnnlib/prop_10.vnnlib,.006089971,unsat,.986901250
acasxu_2023,/home/elipregerson/nnenum/vnncomp2025_benchmarks/benchmarks/test/onnx/test_nano.onnx,/home/elipregerson/nnenum/vnncomp2025_benchmarks/benchmarks/test/vnnlib/test_nano.vnnlib,.006362628,unsat,.583639876
cctsdb_yolo_2023,/home/elipregerson/nnenum/vnncomp2025_benchmarks/benchmarks/cctsdb_yolo_2023/onnx/patch-1.onnx,/home/elipregerson/nnenum/vnncomp2025_benchmarks/benchmarks/cctsdb_yolo_2023/vnnlib/spec_onnx_patch-1_idx_00559_0.vnnlib,.006407980,error_exit_code_1,.676967658
cctsdb_yolo_2023,/home/elipregerson/nnenum/vnncomp2025_benchmarks/benchmarks/cctsdb_yolo_2023/onnx/patch-1.onnx,/home/elipregerson/nnenum/vnncomp2025_benchmarks/benchmarks/cctsdb_yolo_2023/vnnlib/spec_onnx_patch-1_idx_16972_2.vnnlib,.006704117,error_exit_code_1,.692245631
cctsdb_yolo_2023,/home/elipregerson/nnenum/vnncomp2025_benchmarks/benchmarks/cctsdb_yolo_2023/onnx/patch-3.onnx,/home/elipregerson/nnenum/vnncomp2025_benchmarks/benchmarks/cctsdb_yolo_2023/vnnlib/spec_onnx_patch-3_idx_05840_0.vnnlib,.006415313,error_exit_code_1,.669944107
cctsdb_yolo_2023,/home/elipregerson/nnenum/vnncomp2025_benchmarks/benchmarks/cctsdb_yolo_2023/onnx/patch-1.onnx,/home/elipregerson/nnenum/vnncomp2025_benchmarks/benchmarks/cctsdb_yolo_2023/vnnlib/spec_onnx_patch-1_idx_01937_0.vnnlib,.006274297,error_exit_code_1,.669563205
cctsdb_yolo_2023,/home/elipregerson/nnenum/vnncomp2025_benchmarks/benchmarks/cctsdb_yolo_2023/onnx/patch-1.onnx,/home/elipregerson/nnenum/vnncomp2025_benchmarks/benchmarks/cctsdb_yolo_2023/vnnlib/spec_onnx_patch-1_idx_12559_0.vnnlib,.006362592,error_exit_code_1,.665090304
cctsdb_yolo_2023,/home/elipregerson/nnenum/vnncomp2025_benchmarks/benchmarks/cctsdb_yolo_2023/onnx/patch-3.onnx,/home/elipregerson/nnenum/vnncomp2025_benchmarks/benchmarks/cctsdb_yolo_2023/vnnlib/spec_onnx_patch-3_idx_00303_0.vnnlib,.006179322,error_exit_code_1,.667003045
cctsdb_yolo_2023,/home/elipregerson/nnenum/vnncomp2025_benchmarks/benchmarks/cctsdb_yolo_2023/onnx/patch-3.onnx,/home/elipregerson/nnenum/vnncomp2025_benchmarks/benchmarks/cctsdb_yolo_2023/vnnlib/spec_onnx_patch-3_idx_03292_0.vnnlib,.006127112,error_exit_code_1,.693244954
cctsdb_yolo_2023,/home/elipregerson/nnenum/vnncomp2025_benchmarks/benchmarks/cctsdb_yolo_2023/onnx/patch-1.onnx,/home/elipregerson/nnenum/vnncomp2025_benchmarks/benchmarks/cctsdb_yolo_2023/vnnlib/spec_onnx_patch-1_idx_01849_0.vnnlib,.006282302,error_exit_code_1,.695117857
cctsdb_yolo_2023,/home/elipregerson/nnenum/vnncomp2025_benchmarks/benchmarks/cctsdb_yolo_2023/onnx/patch-1.onnx,/home/elipregerson/nnenum/vnncomp2025_benchmarks/benchmarks/cctsdb_yolo_2023/vnnlib/spec_onnx_patch-1_idx_02037_0.vnnlib,.006167038,error_exit_code_1,.662611049
cctsdb_yolo_2023,/home/elipregerson/nnenum/vnncomp2025_benchmarks/benchmarks/cctsdb_yolo_2023/onnx/patch-1.onnx,/home/elipregerson/nnenum/vnncomp2025_benchmarks/benchmarks/cctsdb_yolo_2023/vnnlib/spec_onnx_patch-1_idx_13786_0.vnnlib,.006163410,error_exit_code_1,.663869833
cctsdb_yolo_2023,/home/elipregerson/nnenum/vnncomp2025_benchmarks/benchmarks/cctsdb_yolo_2023/onnx/patch-1.onnx,/home/elipregerson/nnenum/vnncomp2025_benchmarks/benchmarks/cctsdb_yolo_2023/vnnlib/spec_onnx_patch-1_idx_07658_0.vnnlib,.006215326,error_exit_code_1,.680347185
cctsdb_yolo_2023,/home/elipregerson/nnenum/vnncomp2025_benchmarks/benchmarks/cctsdb_yolo_2023/onnx/patch-3.onnx,/home/elipregerson/nnenum/vnncomp2025_benchmarks/benchmarks/cctsdb_yolo_2023/vnnlib/spec_onnx_patch-3_idx_01534_0.vnnlib,.006604658,error_exit_code_1,.698818642
cctsdb_yolo_2023,/home/elipregerson/nnenum/vnncomp2025_benchmarks/benchmarks/cctsdb_yolo_2023/onnx/patch-3.onnx,/home/elipregerson/nnenum/vnncomp2025_benchmarks/benchmarks/cctsdb_yolo_2023/vnnlib/spec_onnx_patch-3_idx_15377_1.vnnlib,.006467971,error_exit_code_1,.696289701
cctsdb_yolo_2023,/home/elipregerson/nnenum/vnncomp2025_benchmarks/benchmarks/cctsdb_yolo_2023/onnx/patch-3.onnx,/home/elipregerson/nnenum/vnncomp2025_benchmarks/benchmarks/cctsdb_yolo_2023/vnnlib/spec_onnx_patch-3_idx_03396_1.vnnlib,.006568529,error_exit_code_1,.750680559
cctsdb_yolo_2023,/home/elipregerson/nnenum/vnncomp2025_benchmarks/benchmarks/cctsdb_yolo_2023/onnx/patch-1.onnx,/home/elipregerson/nnenum/vnncomp2025_benchmarks/benchmarks/cctsdb_yolo_2023/vnnlib/spec_onnx_patch-1_idx_00087_1.vnnlib,.006516484,error_exit_code_1,.666159619
cctsdb_yolo_2023,/home/elipregerson/nnenum/vnncomp2025_benchmarks/benchmarks/cctsdb_yolo_2023/onnx/patch-3.onnx,/home/elipregerson/nnenum/vnncomp2025_benchmarks/benchmarks/cctsdb_yolo_2023/vnnlib/spec_onnx_patch-3_idx_12878_4.vnnlib,.006387000,error_exit_code_1,.703803284
cctsdb_yolo_2023,/home/elipregerson/nnenum/vnncomp2025_benchmarks/benchmarks/cctsdb_yolo_2023/onnx/patch-1.onnx,/home/elipregerson/nnenum/vnncomp2025_benchmarks/benchmarks/cctsdb_yolo_2023/vnnlib/spec_onnx_patch-1_idx_03775_0.vnnlib,.006092256,error_exit_code_1,.675464668
cctsdb_yolo_2023,/home/elipregerson/nnenum/vnncomp2025_benchmarks/benchmarks/cctsdb_yolo_2023/onnx/patch-1.onnx,/home/elipregerson/nnenum/vnncomp2025_benchmarks/benchmarks/cctsdb_yolo_2023/vnnlib/spec_onnx_patch-1_idx_00099_1.vnnlib,.005986115,error_exit_code_1,.675810314
cctsdb_yolo_2023,/home/elipregerson/nnenum/vnncomp2025_benchmarks/benchmarks/cctsdb_yolo_2023/onnx/patch-3.onnx,/home/elipregerson/nnenum/vnncomp2025_benchmarks/benchmarks/cctsdb_yolo_2023/vnnlib/spec_onnx_patch-3_idx_14771_0.vnnlib,.006093725,error_exit_code_1,.676823555
cctsdb_yolo_2023,/home/elipregerson/nnenum/vnncomp2025_benchmarks/benchmarks/cctsdb_yolo_2023/onnx/patch-1.onnx,/home/elipregerson/nnenum/vnncomp2025_benchmarks/benchmarks/cctsdb_yolo_2023/vnnlib/spec_onnx_patch-1_idx_00269_0.vnnlib,.006121612,error_exit_code_1,.681422093
cctsdb_yolo_2023,/home/elipregerson/nnenum/vnncomp2025_benchmarks/benchmarks/cctsdb_yolo_2023/onnx/patch-3.onnx,/home/elipregerson/nnenum/vnncomp2025_benchmarks/benchmarks/cctsdb_yolo_2023/vnnlib/spec_onnx_patch-3_idx_01673_0.vnnlib,.009493305,error_exit_code_1,.689334978
cctsdb_yolo_2023,/home/elipregerson/nnenum/vnncomp2025_benchmarks/benchmarks/cctsdb_yolo_2023/onnx/patch-3.onnx,/home/elipregerson/nnenum/vnncomp2025_benchmarks/benchmarks/cctsdb_yolo_2023/vnnlib/spec_onnx_patch-3_idx_01613_0.vnnlib,.006108058,error_exit_code_1,.668434486
cctsdb_yolo_2023,/home/elipregerson/nnenum/vnncomp2025_benchmarks/benchmarks/cctsdb_yolo_2023/onnx/patch-1.onnx,/home/elipregerson/nnenum/vnncomp2025_benchmarks/benchmarks/cctsdb_yolo_2023/vnnlib/spec_onnx_patch-1_idx_16845_1.vnnlib,.006490533,error_exit_code_1,.668177176
cctsdb_yolo_2023,/home/elipregerson/nnenum/vnncomp2025_benchmarks/benchmarks/cctsdb_yolo_2023/onnx/patch-1.onnx,/home/elipregerson/nnenum/vnncomp2025_benchmarks/benchmarks/cctsdb_yolo_2023/vnnlib/spec_onnx_patch-1_idx_00206_0.vnnlib,.006093278,error_exit_code_1,.664997097
cctsdb_yolo_2023,/home/elipregerson/nnenum/vnncomp2025_benchmarks/benchmarks/cctsdb_yolo_2023/onnx/patch-3.onnx,/home/elipregerson/nnenum/vnncomp2025_benchmarks/benchmarks/cctsdb_yolo_2023/vnnlib/spec_onnx_patch-3_idx_08544_0.vnnlib,.006307567,error_exit_code_1,.659674022
cctsdb_yolo_2023,/home/elipregerson/nnenum/vnncomp2025_benchmarks/benchmarks/cctsdb_yolo_2023/onnx/patch-1.onnx,/home/elipregerson/nnenum/vnncomp2025_benchmarks/benchmarks/cctsdb_yolo_2023/vnnlib/spec_onnx_patch-1_idx_04746_0.vnnlib,.006040415,error_exit_code_1,.631145247
cctsdb_yolo_2023,/home/elipregerson/nnenum/vnncomp2025_benchmarks/benchmarks/cctsdb_yolo_2023/onnx/patch-3.onnx,/home/elipregerson/nnenum/vnncomp2025_benchmarks/benchmarks/cctsdb_yolo_2023/vnnlib/spec_onnx_patch-3_idx_03372_1.vnnlib,.006556863,error_exit_code_1,.666949447
cctsdb_yolo_2023,/home/elipregerson/nnenum/vnncomp2025_benchmarks/benchmarks/cctsdb_yolo_2023/onnx/patch-3.onnx,/home/elipregerson/nnenum/vnncomp2025_benchmarks/benchmarks/cctsdb_yolo_2023/vnnlib/spec_onnx_patch-3_idx_01366_0.vnnlib,.006390454,error_exit_code_1,.661031520
cctsdb_yolo_2023,/home/elipregerson/nnenum/vnncomp2025_benchmarks/benchmarks/cctsdb_yolo_2023/onnx/patch-3.onnx,/home/elipregerson/nnenum/vnncomp2025_benchmarks/benchmarks/cctsdb_yolo_2023/vnnlib/spec_onnx_patch-3_idx_02945_0.vnnlib,.006348118,error_exit_code_1,.661489544
cctsdb_yolo_2023,/home/elipregerson/nnenum/vnncomp2025_benchmarks/benchmarks/cctsdb_yolo_2023/onnx/patch-1.onnx,/home/elipregerson/nnenum/vnncomp2025_benchmarks/benchmarks/cctsdb_yolo_2023/vnnlib/spec_onnx_patch-1_idx_02827_0.vnnlib,.006197778,error_exit_code_1,.664355519
cctsdb_yolo_2023,/home/elipregerson/nnenum/vnncomp2025_benchmarks/benchmarks/cctsdb_yolo_2023/onnx/patch-3.onnx,/home/elipregerson/nnenum/vnncomp2025_benchmarks/benchmarks/cctsdb_yolo_2023/vnnlib/spec_onnx_patch-3_idx_00055_0.vnnlib,.006426173,error_exit_code_1,.668887984
cctsdb_yolo_2023,/home/elipregerson/nnenum/vnncomp2025_benchmarks/benchmarks/cctsdb_yolo_2023/onnx/patch-1.onnx,/home/elipregerson/nnenum/vnncomp2025_benchmarks/benchmarks/cctsdb_yolo_2023/vnnlib/spec_onnx_patch-1_idx_15842_2.vnnlib,.006421555,error_exit_code_1,.661023270
cctsdb_yolo_2023,/home/elipregerson/nnenum/vnncomp2025_benchmarks/benchmarks/cctsdb_yolo_2023/onnx/patch-1.onnx,/home/elipregerson/nnenum/vnncomp2025_benchmarks/benchmarks/cctsdb_yolo_2023/vnnlib/spec_onnx_patch-1_idx_01613_0.vnnlib,.006216379,error_exit_code_1,.664387398
cctsdb_yolo_2023,/home/elipregerson/nnenum/vnncomp2025_benchmarks/benchmarks/cctsdb_yolo_2023/onnx/patch-3.onnx,/home/elipregerson/nnenum/vnncomp2025_benchmarks/benchmarks/cctsdb_yolo_2023/vnnlib/spec_onnx_patch-3_idx_03746_1.vnnlib,.006476346,error_exit_code_1,.665826201
cctsdb_yolo_2023,/home/elipregerson/nnenum/vnncomp2025_benchmarks/benchmarks/cctsdb_yolo_2023/onnx/patch-3.onnx,/home/elipregerson/nnenum/vnncomp2025_benchmarks/benchmarks/cctsdb_yolo_2023/vnnlib/spec_onnx_patch-3_idx_06844_2.vnnlib,.006248503,error_exit_code_1,.662817185
cctsdb_yolo_2023,/home/elipregerson/nnenum/vnncomp2025_benchmarks/benchmarks/cctsdb_yolo_2023/onnx/patch-1.onnx,/home/elipregerson/nnenum/vnncomp2025_benchmarks/benchmarks/cctsdb_yolo_2023/vnnlib/spec_onnx_patch-1_idx_01045_0.vnnlib,.006040518,error_exit_code_1,.666498632
cctsdb_yolo_2023,/home/elipregerson/nnenum/vnncomp2025_benchmarks/benchmarks/cctsdb_yolo_2023/onnx/patch-3.onnx,/home/elipregerson/nnenum/vnncomp2025_benchmarks/benchmarks/cctsdb_yolo_2023/vnnlib/spec_onnx_patch-3_idx_13330_0.vnnlib,.006713574,error_exit_code_1,.670091009
cctsdb_yolo_2023,/home/elipregerson/nnenum/vnncomp2025_benchmarks/benchmarks/cctsdb_yolo_2023/onnx/patch-3.onnx,/home/elipregerson/nnenum/vnncomp2025_benchmarks/benchmarks/cctsdb_yolo_2023/vnnlib/spec_onnx_patch-3_idx_00559_0.vnnlib,.006124593,error_exit_code_1,.676661100
cctsdb_yolo_2023,/home/elipregerson/nnenum/vnncomp2025_benchmarks/benchmarks/cctsdb_yolo_2023/onnx/patch-3.onnx,/home/elipregerson/nnenum/vnncomp2025_benchmarks/benchmarks/cctsdb_yolo_2023/vnnlib/spec_onnx_patch-3_idx_16384_0.vnnlib,.005983704,error_exit_code_1,.622549988
cctsdb_yolo_2023,/home/elipregerson/nnenum/vnncomp2025_benchmarks/benchmarks/test/onnx/test_nano.onnx,/home/elipregerson/nnenum/vnncomp2025_benchmarks/benchmarks/test/vnnlib/test_nano.vnnlib,.006349747,unsat,.544301630
cersyve,/home/elipregerson/nnenum/vnncomp2025_benchmarks/benchmarks/cersyve/onnx/lane_keep_pretrain_con.onnx,/home/elipregerson/nnenum/vnncomp2025_benchmarks/benchmarks/cersyve/vnnlib/prop_lane_keep.vnnlib,.006045408,error_exit_code_1,.570511679
cersyve,/home/elipregerson/nnenum/vnncomp2025_benchmarks/benchmarks/cersyve/onnx/lane_keep_pretrain_inv.onnx,/home/elipregerson/nnenum/vnncomp2025_benchmarks/benchmarks/cersyve/vnnlib/prop_lane_keep.vnnlib,.006144565,error_exit_code_1,.565590220
cersyve,/home/elipregerson/nnenum/vnncomp2025_benchmarks/benchmarks/cersyve/onnx/lane_keep_finetune_con.onnx,/home/elipregerson/nnenum/vnncomp2025_benchmarks/benchmarks/cersyve/vnnlib/prop_lane_keep.vnnlib,.006129418,error_exit_code_1,.545587105
cersyve,/home/elipregerson/nnenum/vnncomp2025_benchmarks/benchmarks/cersyve/onnx/lane_keep_finetune_inv.onnx,/home/elipregerson/nnenum/vnncomp2025_benchmarks/benchmarks/cersyve/vnnlib/prop_lane_keep.vnnlib,.006140068,error_exit_code_1,.568895062
cersyve,/home/elipregerson/nnenum/vnncomp2025_benchmarks/benchmarks/cersyve/onnx/pendulum_pretrain_con.onnx,/home/elipregerson/nnenum/vnncomp2025_benchmarks/benchmarks/cersyve/vnnlib/prop_pendulum.vnnlib,.006068418,error_exit_code_1,.579529930
cersyve,/home/elipregerson/nnenum/vnncomp2025_benchmarks/benchmarks/cersyve/onnx/pendulum_pretrain_inv.onnx,/home/elipregerson/nnenum/vnncomp2025_benchmarks/benchmarks/cersyve/vnnlib/prop_pendulum.vnnlib,.006595762,error_exit_code_1,.609712549
cersyve,/home/elipregerson/nnenum/vnncomp2025_benchmarks/benchmarks/cersyve/onnx/pendulum_finetune_con.onnx,/home/elipregerson/nnenum/vnncomp2025_benchmarks/benchmarks/cersyve/vnnlib/prop_pendulum.vnnlib,.006470338,error_exit_code_1,.570197794
cersyve,/home/elipregerson/nnenum/vnncomp2025_benchmarks/benchmarks/cersyve/onnx/pendulum_finetune_inv.onnx,/home/elipregerson/nnenum/vnncomp2025_benchmarks/benchmarks/cersyve/vnnlib/prop_pendulum.vnnlib,.006728156,error_exit_code_1,.576053169
cersyve,/home/elipregerson/nnenum/vnncomp2025_benchmarks/benchmarks/cersyve/onnx/point_mass_pretrain_con.onnx,/home/elipregerson/nnenum/vnncomp2025_benchmarks/benchmarks/cersyve/vnnlib/prop_point_mass.vnnlib,.006079673,error_exit_code_1,.579716103
cersyve,/home/elipregerson/nnenum/vnncomp2025_benchmarks/benchmarks/cersyve/onnx/point_mass_pretrain_inv.onnx,/home/elipregerson/nnenum/vnncomp2025_benchmarks/benchmarks/cersyve/vnnlib/prop_point_mass.vnnlib,.006108889,error_exit_code_1,.579873057
cersyve,/home/elipregerson/nnenum/vnncomp2025_benchmarks/benchmarks/cersyve/onnx/point_mass_finetune_con.onnx,/home/elipregerson/nnenum/vnncomp2025_benchmarks/benchmarks/cersyve/vnnlib/prop_point_mass.vnnlib,.006042940,error_exit_code_1,.563203805
cersyve,/home/elipregerson/nnenum/vnncomp2025_benchmarks/benchmarks/cersyve/onnx/point_mass_finetune_inv.onnx,/home/elipregerson/nnenum/vnncomp2025_benchmarks/benchmarks/cersyve/vnnlib/prop_point_mass.vnnlib,.006060660,error_exit_code_1,.555299205
cersyve,/home/elipregerson/nnenum/vnncomp2025_benchmarks/benchmarks/test/onnx/test_nano.onnx,/home/elipregerson/nnenum/vnncomp2025_benchmarks/benchmarks/test/vnnlib/test_nano.vnnlib,.006599076,unsat,.603707788
cgan_2023,/home/elipregerson/nnenum/vnncomp2025_benchmarks/benchmarks/cgan_2023/onnx/cGAN_imgSz32_nCh_1.onnx,/home/elipregerson/nnenum/vnncomp2025_benchmarks/benchmarks/cgan_2023/vnnlib/cGAN_imgSz32_nCh_1_prop_0_input_eps_0.010_output_eps_0.015.vnnlib,.006274424,sat,4.490829945
cgan_2023,/home/elipregerson/nnenum/vnncomp2025_benchmarks/benchmarks/cgan_2023/onnx/cGAN_imgSz32_nCh_1.onnx,/home/elipregerson/nnenum/vnncomp2025_benchmarks/benchmarks/cgan_2023/vnnlib/cGAN_imgSz32_nCh_1_prop_1_input_eps_0.010_output_eps_0.015.vnnlib,.006925352,unsat,6.407377826
cgan_2023,/home/elipregerson/nnenum/vnncomp2025_benchmarks/benchmarks/cgan_2023/onnx/cGAN_imgSz32_nCh_1.onnx,/home/elipregerson/nnenum/vnncomp2025_benchmarks/benchmarks/cgan_2023/vnnlib/cGAN_imgSz32_nCh_1_prop_2_input_eps_0.020_output_eps_0.025.vnnlib,.006250637,sat,9.390656376
cgan_2023,/home/elipregerson/nnenum/vnncomp2025_benchmarks/benchmarks/cgan_2023/onnx/cGAN_imgSz32_nCh_1.onnx,/home/elipregerson/nnenum/vnncomp2025_benchmarks/benchmarks/cgan_2023/vnnlib/cGAN_imgSz32_nCh_1_prop_3_input_eps_0.010_output_eps_0.015.vnnlib,.006244370,unsat,5.168742845
cgan_2023,/home/elipregerson/nnenum/vnncomp2025_benchmarks/benchmarks/cgan_2023/onnx/cGAN_imgSz32_nCh_3.onnx,/home/elipregerson/nnenum/vnncomp2025_benchmarks/benchmarks/cgan_2023/vnnlib/cGAN_imgSz32_nCh_3_prop_0_input_eps_0.015_output_eps_0.020.vnnlib,.006218265,unsat,10.801697277
cgan_2023,/home/elipregerson/nnenum/vnncomp2025_benchmarks/benchmarks/cgan_2023/onnx/cGAN_imgSz32_nCh_3.onnx,/home/elipregerson/nnenum/vnncomp2025_benchmarks/benchmarks/cgan_2023/vnnlib/cGAN_imgSz32_nCh_3_prop_1_input_eps_0.015_output_eps_0.020.vnnlib,.006479685,unsat,4.917533612
cgan_2023,/home/elipregerson/nnenum/vnncomp2025_benchmarks/benchmarks/cgan_2023/onnx/cGAN_imgSz32_nCh_3.onnx,/home/elipregerson/nnenum/vnncomp2025_benchmarks/benchmarks/cgan_2023/vnnlib/cGAN_imgSz32_nCh_3_prop_2_input_eps_0.015_output_eps_0.020.vnnlib,.006257273,unsat,16.685618534
cgan_2023,/home/elipregerson/nnenum/vnncomp2025_benchmarks/benchmarks/cgan_2023/onnx/cGAN_imgSz32_nCh_3.onnx,/home/elipregerson/nnenum/vnncomp2025_benchmarks/benchmarks/cgan_2023/vnnlib/cGAN_imgSz32_nCh_3_prop_3_input_eps_0.015_output_eps_0.020.vnnlib,.006111895,sat,10.096316017
cgan_2023,/home/elipregerson/nnenum/vnncomp2025_benchmarks/benchmarks/cgan_2023/onnx/cGAN_imgSz64_nCh_1.onnx,/home/elipregerson/nnenum/vnncomp2025_benchmarks/benchmarks/cgan_2023/vnnlib/cGAN_imgSz64_nCh_1_prop_0_input_eps_0.010_output_eps_0.015.vnnlib,.006354537,sat,33.917178075
cgan_2023,/home/elipregerson/nnenum/vnncomp2025_benchmarks/benchmarks/cgan_2023/onnx/cGAN_imgSz64_nCh_1.onnx,/home/elipregerson/nnenum/vnncomp2025_benchmarks/benchmarks/cgan_2023/vnnlib/cGAN_imgSz64_nCh_1_prop_1_input_eps_0.010_output_eps_0.015.vnnlib,.006470364,sat,.905782536
cgan_2023,/home/elipregerson/nnenum/vnncomp2025_benchmarks/benchmarks/cgan_2023/onnx/cGAN_imgSz64_nCh_1.onnx,/home/elipregerson/nnenum/vnncomp2025_benchmarks/benchmarks/cgan_2023/vnnlib/cGAN_imgSz64_nCh_1_prop_2_input_eps_0.005_output_eps_0.010.vnnlib,.006161987,sat,.902366143
cgan_2023,/home/elipregerson/nnenum/vnncomp2025_benchmarks/benchmarks/cgan_2023/onnx/cGAN_imgSz64_nCh_1.onnx,/home/elipregerson/nnenum/vnncomp2025_benchmarks/benchmarks/cgan_2023/vnnlib/cGAN_imgSz64_nCh_1_prop_3_input_eps_0.010_output_eps_0.015.vnnlib,.006055368,sat,56.304732118
cgan_2023,/home/elipregerson/nnenum/vnncomp2025_benchmarks/benchmarks/cgan_2023/onnx/cGAN_imgSz64_nCh_3.onnx,/home/elipregerson/nnenum/vnncomp2025_benchmarks/benchmarks/cgan_2023/vnnlib/cGAN_imgSz64_nCh_3_prop_0_input_eps_0.005_output_eps_0.010.vnnlib,.006557121,sat,16.337390433
cgan_2023,/home/elipregerson/nnenum/vnncomp2025_benchmarks/benchmarks/cgan_2023/onnx/cGAN_imgSz64_nCh_3.onnx,/home/elipregerson/nnenum/vnncomp2025_benchmarks/benchmarks/cgan_2023/vnnlib/cGAN_imgSz64_nCh_3_prop_1_input_eps_0.010_output_eps_0.015.vnnlib,.006144746,unsat,77.037311940
cgan_2023,/home/elipregerson/nnenum/vnncomp2025_benchmarks/benchmarks/cgan_2023/onnx/cGAN_imgSz64_nCh_3.onnx,/home/elipregerson/nnenum/vnncomp2025_benchmarks/benchmarks/cgan_2023/vnnlib/cGAN_imgSz64_nCh_3_prop_2_input_eps_0.005_output_eps_0.010.vnnlib,.006245843,sat,7.705533122
cgan_2023,/home/elipregerson/nnenum/vnncomp2025_benchmarks/benchmarks/cgan_2023/onnx/cGAN_imgSz64_nCh_3.onnx,/home/elipregerson/nnenum/vnncomp2025_benchmarks/benchmarks/cgan_2023/vnnlib/cGAN_imgSz64_nCh_3_prop_3_input_eps_0.010_output_eps_0.015.vnnlib,.006274470,unsat,21.977327883
cgan_2023,/home/elipregerson/nnenum/vnncomp2025_benchmarks/benchmarks/cgan_2023/onnx/cGAN_imgSz32_nCh_3_nonlinear_activations.onnx,/home/elipregerson/nnenum/vnncomp2025_benchmarks/benchmarks/cgan_2023/vnnlib/cGAN_imgSz32_nCh_3_nonlinear_activations_prop_0_input_eps_0.015_output_eps_0.020.vnnlib,.006204007,error_exit_code_1,.553720426
cgan_2023,/home/elipregerson/nnenum/vnncomp2025_benchmarks/benchmarks/cgan_2023/onnx/cGAN_imgSz32_nCh_1_transposedConvPadding_1.onnx,/home/elipregerson/nnenum/vnncomp2025_benchmarks/benchmarks/cgan_2023/vnnlib/cGAN_imgSz32_nCh_1_transposedConvPadding_1_prop_0_input_eps_0.015_output_eps_0.020.vnnlib,.006072099,sat,8.439617339
cgan_2023,/home/elipregerson/nnenum/vnncomp2025_benchmarks/benchmarks/cgan_2023/onnx/cGAN_imgSz32_nCh_3_upsample.onnx,/home/elipregerson/nnenum/vnncomp2025_benchmarks/benchmarks/cgan_2023/vnnlib/cGAN_imgSz32_nCh_3_upsample_prop_0_input_eps_0.015_output_eps_0.020.vnnlib,.006186286,error_exit_code_1,.560619161
cgan_2023,/home/elipregerson/nnenum/vnncomp2025_benchmarks/benchmarks/cgan_2023/onnx/cGAN_imgSz32_nCh_3_small_transformer.onnx,/home/elipregerson/nnenum/vnncomp2025_benchmarks/benchmarks/cgan_2023/vnnlib/cGAN_imgSz32_nCh_3_small_transformer_prop_0_input_eps_0.005_output_eps_0.010.vnnlib,.006104593,error_exit_code_1,5.246477490
cgan_2023,/home/elipregerson/nnenum/vnncomp2025_benchmarks/benchmarks/cgan_2023/onnx/cGAN_imgSz32_nCh_3_small_transformer.onnx,/home/elipregerson/nnenum/vnncomp2025_benchmarks/benchmarks/cgan_2023/vnnlib/cGAN_imgSz32_nCh_3_small_transformer_prop_1_input_eps_0.010_output_eps_0.015.vnnlib,.006127011,error_exit_code_1,5.211416906
cgan_2023,/home/elipregerson/nnenum/vnncomp2025_benchmarks/benchmarks/test/onnx/test_nano.onnx,/home/elipregerson/nnenum/vnncomp2025_benchmarks/benchmarks/test/vnnlib/test_nano.vnnlib,.006242775,unsat,.591293407
cifar100_2024,/home/elipregerson/nnenum/vnncomp2025_benchmarks/benchmarks/cifar100_2024/onnx/CIFAR100_resnet_medium.onnx,/home/elipregerson/nnenum/vnncomp2025_benchmarks/benchmarks/cifar100_2024/vnnlib/CIFAR100_resnet_medium_prop_idx_7641_sidx_1041_eps_0.0039.vnnlib,.006126288,error_exit_code_1,1.302806700
cifar100_2024,/home/elipregerson/nnenum/vnncomp2025_benchmarks/benchmarks/cifar100_2024/onnx/CIFAR100_resnet_medium.onnx,/home/elipregerson/nnenum/vnncomp2025_benchmarks/benchmarks/cifar100_2024/vnnlib/CIFAR100_resnet_medium_prop_idx_2132_sidx_6868_eps_0.0039.vnnlib,.006196758,error_exit_code_1,1.297185925
cifar100_2024,/home/elipregerson/nnenum/vnncomp2025_benchmarks/benchmarks/cifar100_2024/onnx/CIFAR100_resnet_medium.onnx,/home/elipregerson/nnenum/vnncomp2025_benchmarks/benchmarks/cifar100_2024/vnnlib/CIFAR100_resnet_medium_prop_idx_6232_sidx_3020_eps_0.0039.vnnlib,.006165968,error_exit_code_1,1.274633341
cifar100_2024,/home/elipregerson/nnenum/vnncomp2025_benchmarks/benchmarks/cifar100_2024/onnx/CIFAR100_resnet_medium.onnx,/home/elipregerson/nnenum/vnncomp2025_benchmarks/benchmarks/cifar100_2024/vnnlib/CIFAR100_resnet_medium_prop_idx_9694_sidx_2810_eps_0.0039.vnnlib,.005984115,error_exit_code_1,1.281173543
cifar100_2024,/home/elipregerson/nnenum/vnncomp2025_benchmarks/benchmarks/cifar100_2024/onnx/CIFAR100_resnet_medium.onnx,/home/elipregerson/nnenum/vnncomp2025_benchmarks/benchmarks/cifar100_2024/vnnlib/CIFAR100_resnet_medium_prop_idx_4760_sidx_4651_eps_0.0039.vnnlib,.005993643,error_exit_code_1,1.294647740
cifar100_2024,/home/elipregerson/nnenum/vnncomp2025_benchmarks/benchmarks/cifar100_2024/onnx/CIFAR100_resnet_medium.onnx,/home/elipregerson/nnenum/vnncomp2025_benchmarks/benchmarks/cifar100_2024/vnnlib/CIFAR100_resnet_medium_prop_idx_6135_sidx_4586_eps_0.0039.vnnlib,.006163749,error_exit_code_1,1.310257839
cifar100_2024,/home/elipregerson/nnenum/vnncomp2025_benchmarks/benchmarks/cifar100_2024/onnx/CIFAR100_resnet_medium.onnx,/home/elipregerson/nnenum/vnncomp2025_benchmarks/benchmarks/cifar100_2024/vnnlib/CIFAR100_resnet_medium_prop_idx_4921_sidx_3617_eps_0.0039.vnnlib,.006283987,error_exit_code_1,1.301278623
cifar100_2024,/home/elipregerson/nnenum/vnncomp2025_benchmarks/benchmarks/cifar100_2024/onnx/CIFAR100_resnet_medium.onnx,/home/elipregerson/nnenum/vnncomp2025_benchmarks/benchmarks/cifar100_2024/vnnlib/CIFAR100_resnet_medium_prop_idx_5242_sidx_1208_eps_0.0039.vnnlib,.005983384,error_exit_code_1,1.305820214
cifar100_2024,/home/elipregerson/nnenum/vnncomp2025_benchmarks/benchmarks/cifar100_2024/onnx/CIFAR100_resnet_medium.onnx,/home/elipregerson/nnenum/vnncomp2025_benchmarks/benchmarks/cifar100_2024/vnnlib/CIFAR100_resnet_medium_prop_idx_2176_sidx_3285_eps_0.0039.vnnlib,.006098349,error_exit_code_1,1.330706390
cifar100_2024,/home/elipregerson/nnenum/vnncomp2025_benchmarks/benchmarks/cifar100_2024/onnx/CIFAR100_resnet_medium.onnx,/home/elipregerson/nnenum/vnncomp2025_benchmarks/benchmarks/cifar100_2024/vnnlib/CIFAR100_resnet_medium_prop_idx_8762_sidx_3374_eps_0.0039.vnnlib,.006089526,error_exit_code_1,1.295202857
cifar100_2024,/home/elipregerson/nnenum/vnncomp2025_benchmarks/benchmarks/cifar100_2024/onnx/CIFAR100_resnet_medium.onnx,/home/elipregerson/nnenum/vnncomp2025_benchmarks/benchmarks/cifar100_2024/vnnlib/CIFAR100_resnet_medium_prop_idx_7704_sidx_3701_eps_0.0039.vnnlib,.006102953,error_exit_code_1,1.344773042
cifar100_2024,/home/elipregerson/nnenum/vnncomp2025_benchmarks/benchmarks/cifar100_2024/onnx/CIFAR100_resnet_medium.onnx,/home/elipregerson/nnenum/vnncomp2025_benchmarks/benchmarks/cifar100_2024/vnnlib/CIFAR100_resnet_medium_prop_idx_4752_sidx_1800_eps_0.0039.vnnlib,.005997446,error_exit_code_1,1.307439721
cifar100_2024,/home/elipregerson/nnenum/vnncomp2025_benchmarks/benchmarks/cifar100_2024/onnx/CIFAR100_resnet_medium.onnx,/home/elipregerson/nnenum/vnncomp2025_benchmarks/benchmarks/cifar100_2024/vnnlib/CIFAR100_resnet_medium_prop_idx_6415_sidx_4543_eps_0.0039.vnnlib,.006120838,error_exit_code_1,1.321160274
cifar100_2024,/home/elipregerson/nnenum/vnncomp2025_benchmarks/benchmarks/cifar100_2024/onnx/CIFAR100_resnet_medium.onnx,/home/elipregerson/nnenum/vnncomp2025_benchmarks/benchmarks/cifar100_2024/vnnlib/CIFAR100_resnet_medium_prop_idx_2477_sidx_388_eps_0.0039.vnnlib,.006424172,error_exit_code_1,1.289826899
cifar100_2024,/home/elipregerson/nnenum/vnncomp2025_benchmarks/benchmarks/cifar100_2024/onnx/CIFAR100_resnet_medium.onnx,/home/elipregerson/nnenum/vnncomp2025_benchmarks/benchmarks/cifar100_2024/vnnlib/CIFAR100_resnet_medium_prop_idx_6553_sidx_7265_eps_0.0039.vnnlib,.005984087,error_exit_code_1,1.304747436
cifar100_2024,/home/elipregerson/nnenum/vnncomp2025_benchmarks/benchmarks/cifar100_2024/onnx/CIFAR100_resnet_medium.onnx,/home/elipregerson/nnenum/vnncomp2025_benchmarks/benchmarks/cifar100_2024/vnnlib/CIFAR100_resnet_medium_prop_idx_8600_sidx_2721_eps_0.0039.vnnlib,.006090231,error_exit_code_1,1.282464940
cifar100_2024,/home/elipregerson/nnenum/vnncomp2025_benchmarks/benchmarks/cifar100_2024/onnx/CIFAR100_resnet_medium.onnx,/home/elipregerson/nnenum/vnncomp2025_benchmarks/benchmarks/cifar100_2024/vnnlib/CIFAR100_resnet_medium_prop_idx_7258_sidx_3539_eps_0.0039.vnnlib,.006006126,error_exit_code_1,1.338456398
cifar100_2024,/home/elipregerson/nnenum/vnncomp2025_benchmarks/benchmarks/cifar100_2024/onnx/CIFAR100_resnet_medium.onnx,/home/elipregerson/nnenum/vnncomp2025_benchmarks/benchmarks/cifar100_2024/vnnlib/CIFAR100_resnet_medium_prop_idx_6659_sidx_4583_eps_0.0039.vnnlib,.005914574,error_exit_code_1,1.304184784
cifar100_2024,/home/elipregerson/nnenum/vnncomp2025_benchmarks/benchmarks/cifar100_2024/onnx/CIFAR100_resnet_medium.onnx,/home/elipregerson/nnenum/vnncomp2025_benchmarks/benchmarks/cifar100_2024/vnnlib/CIFAR100_resnet_medium_prop_idx_885_sidx_7654_eps_0.0039.vnnlib,.006077436,error_exit_code_1,1.322729516
cifar100_2024,/home/elipregerson/nnenum/vnncomp2025_benchmarks/benchmarks/cifar100_2024/onnx/CIFAR100_resnet_medium.onnx,/home/elipregerson/nnenum/vnncomp2025_benchmarks/benchmarks/cifar100_2024/vnnlib/CIFAR100_resnet_medium_prop_idx_3006_sidx_928_eps_0.0039.vnnlib,.006202289,error_exit_code_1,1.325176598
cifar100_2024,/home/elipregerson/nnenum/vnncomp2025_benchmarks/benchmarks/cifar100_2024/onnx/CIFAR100_resnet_medium.onnx,/home/elipregerson/nnenum/vnncomp2025_benchmarks/benchmarks/cifar100_2024/vnnlib/CIFAR100_resnet_medium_prop_idx_1588_sidx_6654_eps_0.0039.vnnlib,.006239317,error_exit_code_1,1.334090135
cifar100_2024,/home/elipregerson/nnenum/vnncomp2025_benchmarks/benchmarks/cifar100_2024/onnx/CIFAR100_resnet_medium.onnx,/home/elipregerson/nnenum/vnncomp2025_benchmarks/benchmarks/cifar100_2024/vnnlib/CIFAR100_resnet_medium_prop_idx_8594_sidx_5815_eps_0.0039.vnnlib,.006058025,error_exit_code_1,1.326023687
cifar100_2024,/home/elipregerson/nnenum/vnncomp2025_benchmarks/benchmarks/cifar100_2024/onnx/CIFAR100_resnet_medium.onnx,/home/elipregerson/nnenum/vnncomp2025_benchmarks/benchmarks/cifar100_2024/vnnlib/CIFAR100_resnet_medium_prop_idx_9658_sidx_1660_eps_0.0039.vnnlib,.006156225,error_exit_code_1,1.296761100
cifar100_2024,/home/elipregerson/nnenum/vnncomp2025_benchmarks/benchmarks/cifar100_2024/onnx/CIFAR100_resnet_medium.onnx,/home/elipregerson/nnenum/vnncomp2025_benchmarks/benchmarks/cifar100_2024/vnnlib/CIFAR100_resnet_medium_prop_idx_8505_sidx_1690_eps_0.0039.vnnlib,.006132982,error_exit_code_1,1.319076557
cifar100_2024,/home/elipregerson/nnenum/vnncomp2025_benchmarks/benchmarks/cifar100_2024/onnx/CIFAR100_resnet_medium.onnx,/home/elipregerson/nnenum/vnncomp2025_benchmarks/benchmarks/cifar100_2024/vnnlib/CIFAR100_resnet_medium_prop_idx_8945_sidx_3584_eps_0.0039.vnnlib,.005856734,error_exit_code_1,1.300968283
cifar100_2024,/home/elipregerson/nnenum/vnncomp2025_benchmarks/benchmarks/cifar100_2024/onnx/CIFAR100_resnet_medium.onnx,/home/elipregerson/nnenum/vnncomp2025_benchmarks/benchmarks/cifar100_2024/vnnlib/CIFAR100_resnet_medium_prop_idx_6585_sidx_533_eps_0.0039.vnnlib,.005961794,error_exit_code_1,1.317044767
cifar100_2024,/home/elipregerson/nnenum/vnncomp2025_benchmarks/benchmarks/cifar100_2024/onnx/CIFAR100_resnet_medium.onnx,/home/elipregerson/nnenum/vnncomp2025_benchmarks/benchmarks/cifar100_2024/vnnlib/CIFAR100_resnet_medium_prop_idx_6573_sidx_5525_eps_0.0039.vnnlib,.006267412,error_exit_code_1,1.288039625
cifar100_2024,/home/elipregerson/nnenum/vnncomp2025_benchmarks/benchmarks/cifar100_2024/onnx/CIFAR100_resnet_medium.onnx,/home/elipregerson/nnenum/vnncomp2025_benchmarks/benchmarks/cifar100_2024/vnnlib/CIFAR100_resnet_medium_prop_idx_8619_sidx_4461_eps_0.0039.vnnlib,.005997731,error_exit_code_1,1.303361719
cifar100_2024,/home/elipregerson/nnenum/vnncomp2025_benchmarks/benchmarks/cifar100_2024/onnx/CIFAR100_resnet_medium.onnx,/home/elipregerson/nnenum/vnncomp2025_benchmarks/benchmarks/cifar100_2024/vnnlib/CIFAR100_resnet_medium_prop_idx_54_sidx_9735_eps_0.0039.vnnlib,.006195846,error_exit_code_1,1.337030460
cifar100_2024,/home/elipregerson/nnenum/vnncomp2025_benchmarks/benchmarks/cifar100_2024/onnx/CIFAR100_resnet_medium.onnx,/home/elipregerson/nnenum/vnncomp2025_benchmarks/benchmarks/cifar100_2024/vnnlib/CIFAR100_resnet_medium_prop_idx_4429_sidx_1471_eps_0.0039.vnnlib,.006283016,error_exit_code_1,1.336569114
cifar100_2024,/home/elipregerson/nnenum/vnncomp2025_benchmarks/benchmarks/cifar100_2024/onnx/CIFAR100_resnet_medium.onnx,/home/elipregerson/nnenum/vnncomp2025_benchmarks/benchmarks/cifar100_2024/vnnlib/CIFAR100_resnet_medium_prop_idx_1190_sidx_8846_eps_0.0039.vnnlib,.006085226,error_exit_code_1,1.339602747
cifar100_2024,/home/elipregerson/nnenum/vnncomp2025_benchmarks/benchmarks/cifar100_2024/onnx/CIFAR100_resnet_medium.onnx,/home/elipregerson/nnenum/vnncomp2025_benchmarks/benchmarks/cifar100_2024/vnnlib/CIFAR100_resnet_medium_prop_idx_7569_sidx_2906_eps_0.0039.vnnlib,.006013812,error_exit_code_1,1.318899731
cifar100_2024,/home/elipregerson/nnenum/vnncomp2025_benchmarks/benchmarks/cifar100_2024/onnx/CIFAR100_resnet_medium.onnx,/home/elipregerson/nnenum/vnncomp2025_benchmarks/benchmarks/cifar100_2024/vnnlib/CIFAR100_resnet_medium_prop_idx_9897_sidx_9124_eps_0.0039.vnnlib,.006356908,error_exit_code_1,1.325634370
cifar100_2024,/home/elipregerson/nnenum/vnncomp2025_benchmarks/benchmarks/cifar100_2024/onnx/CIFAR100_resnet_medium.onnx,/home/elipregerson/nnenum/vnncomp2025_benchmarks/benchmarks/cifar100_2024/vnnlib/CIFAR100_resnet_medium_prop_idx_5831_sidx_5506_eps_0.0039.vnnlib,.006184890,error_exit_code_1,1.306599070
cifar100_2024,/home/elipregerson/nnenum/vnncomp2025_benchmarks/benchmarks/cifar100_2024/onnx/CIFAR100_resnet_medium.onnx,/home/elipregerson/nnenum/vnncomp2025_benchmarks/benchmarks/cifar100_2024/vnnlib/CIFAR100_resnet_medium_prop_idx_4169_sidx_9758_eps_0.0039.vnnlib,.006110688,error_exit_code_1,1.326188825
cifar100_2024,/home/elipregerson/nnenum/vnncomp2025_benchmarks/benchmarks/cifar100_2024/onnx/CIFAR100_resnet_medium.onnx,/home/elipregerson/nnenum/vnncomp2025_benchmarks/benchmarks/cifar100_2024/vnnlib/CIFAR100_resnet_medium_prop_idx_8196_sidx_3864_eps_0.0039.vnnlib,.006045646,error_exit_code_1,1.288938099
cifar100_2024,/home/elipregerson/nnenum/vnncomp2025_benchmarks/benchmarks/cifar100_2024/onnx/CIFAR100_resnet_medium.onnx,/home/elipregerson/nnenum/vnncomp2025_benchmarks/benchmarks/cifar100_2024/vnnlib/CIFAR100_resnet_medium_prop_idx_6583_sidx_8860_eps_0.0039.vnnlib,.005966528,error_exit_code_1,1.311750140
cifar100_2024,/home/elipregerson/nnenum/vnncomp2025_benchmarks/benchmarks/cifar100_2024/onnx/CIFAR100_resnet_medium.onnx,/home/elipregerson/nnenum/vnncomp2025_benchmarks/benchmarks/cifar100_2024/vnnlib/CIFAR100_resnet_medium_prop_idx_8523_sidx_9936_eps_0.0039.vnnlib,.005923961,error_exit_code_1,1.292920059
cifar100_2024,/home/elipregerson/nnenum/vnncomp2025_benchmarks/benchmarks/cifar100_2024/onnx/CIFAR100_resnet_medium.onnx,/home/elipregerson/nnenum/vnncomp2025_benchmarks/benchmarks/cifar100_2024/vnnlib/CIFAR100_resnet_medium_prop_idx_3418_sidx_4225_eps_0.0039.vnnlib,.005939820,error_exit_code_1,1.290084060
cifar100_2024,/home/elipregerson/nnenum/vnncomp2025_benchmarks/benchmarks/cifar100_2024/onnx/CIFAR100_resnet_medium.onnx,/home/elipregerson/nnenum/vnncomp2025_benchmarks/benchmarks/cifar100_2024/vnnlib/CIFAR100_resnet_medium_prop_idx_7431_sidx_7329_eps_0.0039.vnnlib,.005978605,error_exit_code_1,1.288055129
cifar100_2024,/home/elipregerson/nnenum/vnncomp2025_benchmarks/benchmarks/cifar100_2024/onnx/CIFAR100_resnet_medium.onnx,/home/elipregerson/nnenum/vnncomp2025_benchmarks/benchmarks/cifar100_2024/vnnlib/CIFAR100_resnet_medium_prop_idx_6010_sidx_5369_eps_0.0039.vnnlib,.006019087,error_exit_code_1,1.295211430
cifar100_2024,/home/elipregerson/nnenum/vnncomp2025_benchmarks/benchmarks/cifar100_2024/onnx/CIFAR100_resnet_medium.onnx,/home/elipregerson/nnenum/vnncomp2025_benchmarks/benchmarks/cifar100_2024/vnnlib/CIFAR100_resnet_medium_prop_idx_5127_sidx_993_eps_0.0039.vnnlib,.005992468,error_exit_code_1,1.325031119
cifar100_2024,/home/elipregerson/nnenum/vnncomp2025_benchmarks/benchmarks/cifar100_2024/onnx/CIFAR100_resnet_medium.onnx,/home/elipregerson/nnenum/vnncomp2025_benchmarks/benchmarks/cifar100_2024/vnnlib/CIFAR100_resnet_medium_prop_idx_6263_sidx_7644_eps_0.0039.vnnlib,.006076007,error_exit_code_1,1.291360964
cifar100_2024,/home/elipregerson/nnenum/vnncomp2025_benchmarks/benchmarks/cifar100_2024/onnx/CIFAR100_resnet_medium.onnx,/home/elipregerson/nnenum/vnncomp2025_benchmarks/benchmarks/cifar100_2024/vnnlib/CIFAR100_resnet_medium_prop_idx_5001_sidx_1154_eps_0.0039.vnnlib,.006014586,error_exit_code_1,1.294882138
cifar100_2024,/home/elipregerson/nnenum/vnncomp2025_benchmarks/benchmarks/cifar100_2024/onnx/CIFAR100_resnet_medium.onnx,/home/elipregerson/nnenum/vnncomp2025_benchmarks/benchmarks/cifar100_2024/vnnlib/CIFAR100_resnet_medium_prop_idx_4597_sidx_282_eps_0.0039.vnnlib,.006009520,error_exit_code_1,1.290524537
cifar100_2024,/home/elipregerson/nnenum/vnncomp2025_benchmarks/benchmarks/cifar100_2024/onnx/CIFAR100_resnet_medium.onnx,/home/elipregerson/nnenum/vnncomp2025_benchmarks/benchmarks/cifar100_2024/vnnlib/CIFAR100_resnet_medium_prop_idx_3184_sidx_9092_eps_0.0039.vnnlib,.005879646,error_exit_code_1,1.285271437
cifar100_2024,/home/elipregerson/nnenum/vnncomp2025_benchmarks/benchmarks/cifar100_2024/onnx/CIFAR100_resnet_medium.onnx,/home/elipregerson/nnenum/vnncomp2025_benchmarks/benchmarks/cifar100_2024/vnnlib/CIFAR100_resnet_medium_prop_idx_3343_sidx_1406_eps_0.0039.vnnlib,.006054945,error_exit_code_1,1.295281742
cifar100_2024,/home/elipregerson/nnenum/vnncomp2025_benchmarks/benchmarks/cifar100_2024/onnx/CIFAR100_resnet_medium.onnx,/home/elipregerson/nnenum/vnncomp2025_benchmarks/benchmarks/cifar100_2024/vnnlib/CIFAR100_resnet_medium_prop_idx_8330_sidx_7593_eps_0.0039.vnnlib,.006107175,error_exit_code_1,1.285466187
cifar100_2024,/home/elipregerson/nnenum/vnncomp2025_benchmarks/benchmarks/cifar100_2024/onnx/CIFAR100_resnet_medium.onnx,/home/elipregerson/nnenum/vnncomp2025_benchmarks/benchmarks/cifar100_2024/vnnlib/CIFAR100_resnet_medium_prop_idx_5634_sidx_9441_eps_0.0039.vnnlib,.006001514,error_exit_code_1,1.290081136
cifar100_2024,/home/elipregerson/nnenum/vnncomp2025_benchmarks/benchmarks/cifar100_2024/onnx/CIFAR100_resnet_medium.onnx,/home/elipregerson/nnenum/vnncomp2025_benchmarks/benchmarks/cifar100_2024/vnnlib/CIFAR100_resnet_medium_prop_idx_7478_sidx_6593_eps_0.0039.vnnlib,.006088793,error_exit_code_1,1.306813718
cifar100_2024,/home/elipregerson/nnenum/vnncomp2025_benchmarks/benchmarks/cifar100_2024/onnx/CIFAR100_resnet_medium.onnx,/home/elipregerson/nnenum/vnncomp2025_benchmarks/benchmarks/cifar100_2024/vnnlib/CIFAR100_resnet_medium_prop_idx_913_sidx_2404_eps_0.0039.vnnlib,.005987072,error_exit_code_1,1.289471124
cifar100_2024,/home/elipregerson/nnenum/vnncomp2025_benchmarks/benchmarks/cifar100_2024/onnx/CIFAR100_resnet_medium.onnx,/home/elipregerson/nnenum/vnncomp2025_benchmarks/benchmarks/cifar100_2024/vnnlib/CIFAR100_resnet_medium_prop_idx_1761_sidx_3933_eps_0.0039.vnnlib,.006101993,error_exit_code_1,1.304444743
cifar100_2024,/home/elipregerson/nnenum/vnncomp2025_benchmarks/benchmarks/cifar100_2024/onnx/CIFAR100_resnet_medium.onnx,/home/elipregerson/nnenum/vnncomp2025_benchmarks/benchmarks/cifar100_2024/vnnlib/CIFAR100_resnet_medium_prop_idx_1798_sidx_1061_eps_0.0039.vnnlib,.006443390,error_exit_code_1,1.331974603
cifar100_2024,/home/elipregerson/nnenum/vnncomp2025_benchmarks/benchmarks/cifar100_2024/onnx/CIFAR100_resnet_medium.onnx,/home/elipregerson/nnenum/vnncomp2025_benchmarks/benchmarks/cifar100_2024/vnnlib/CIFAR100_resnet_medium_prop_idx_8450_sidx_9332_eps_0.0039.vnnlib,.005999653,error_exit_code_1,1.296893450
cifar100_2024,/home/elipregerson/nnenum/vnncomp2025_benchmarks/benchmarks/cifar100_2024/onnx/CIFAR100_resnet_medium.onnx,/home/elipregerson/nnenum/vnncomp2025_benchmarks/benchmarks/cifar100_2024/vnnlib/CIFAR100_resnet_medium_prop_idx_1592_sidx_3741_eps_0.0039.vnnlib,.006059573,error_exit_code_1,1.311499341
cifar100_2024,/home/elipregerson/nnenum/vnncomp2025_benchmarks/benchmarks/cifar100_2024/onnx/CIFAR100_resnet_medium.onnx,/home/elipregerson/nnenum/vnncomp2025_benchmarks/benchmarks/cifar100_2024/vnnlib/CIFAR100_resnet_medium_prop_idx_230_sidx_1968_eps_0.0039.vnnlib,.006681843,error_exit_code_1,1.320133001
cifar100_2024,/home/elipregerson/nnenum/vnncomp2025_benchmarks/benchmarks/cifar100_2024/onnx/CIFAR100_resnet_medium.onnx,/home/elipregerson/nnenum/vnncomp2025_benchmarks/benchmarks/cifar100_2024/vnnlib/CIFAR100_resnet_medium_prop_idx_5791_sidx_5659_eps_0.0039.vnnlib,.006155332,error_exit_code_1,1.300659671
cifar100_2024,/home/elipregerson/nnenum/vnncomp2025_benchmarks/benchmarks/cifar100_2024/onnx/CIFAR100_resnet_medium.onnx,/home/elipregerson/nnenum/vnncomp2025_benchmarks/benchmarks/cifar100_2024/vnnlib/CIFAR100_resnet_medium_prop_idx_4475_sidx_752_eps_0.0039.vnnlib,.005948088,error_exit_code_1,1.276172044
cifar100_2024,/home/elipregerson/nnenum/vnncomp2025_benchmarks/benchmarks/cifar100_2024/onnx/CIFAR100_resnet_medium.onnx,/home/elipregerson/nnenum/vnncomp2025_benchmarks/benchmarks/cifar100_2024/vnnlib/CIFAR100_resnet_medium_prop_idx_3247_sidx_1605_eps_0.0039.vnnlib,.006220140,error_exit_code_1,1.287441068
cifar100_2024,/home/elipregerson/nnenum/vnncomp2025_benchmarks/benchmarks/cifar100_2024/onnx/CIFAR100_resnet_medium.onnx,/home/elipregerson/nnenum/vnncomp2025_benchmarks/benchmarks/cifar100_2024/vnnlib/CIFAR100_resnet_medium_prop_idx_2557_sidx_6196_eps_0.0039.vnnlib,.006079090,error_exit_code_1,1.304032613
cifar100_2024,/home/elipregerson/nnenum/vnncomp2025_benchmarks/benchmarks/cifar100_2024/onnx/CIFAR100_resnet_medium.onnx,/home/elipregerson/nnenum/vnncomp2025_benchmarks/benchmarks/cifar100_2024/vnnlib/CIFAR100_resnet_medium_prop_idx_4191_sidx_3301_eps_0.0039.vnnlib,.007210374,error_exit_code_1,1.321289412
cifar100_2024,/home/elipregerson/nnenum/vnncomp2025_benchmarks/benchmarks/cifar100_2024/onnx/CIFAR100_resnet_medium.onnx,/home/elipregerson/nnenum/vnncomp2025_benchmarks/benchmarks/cifar100_2024/vnnlib/CIFAR100_resnet_medium_prop_idx_2697_sidx_4836_eps_0.0039.vnnlib,.006024784,error_exit_code_1,1.321582633
cifar100_2024,/home/elipregerson/nnenum/vnncomp2025_benchmarks/benchmarks/cifar100_2024/onnx/CIFAR100_resnet_medium.onnx,/home/elipregerson/nnenum/vnncomp2025_benchmarks/benchmarks/cifar100_2024/vnnlib/CIFAR100_resnet_medium_prop_idx_9665_sidx_9074_eps_0.0039.vnnlib,.006152672,error_exit_code_1,1.322090383
cifar100_2024,/home/elipregerson/nnenum/vnncomp2025_benchmarks/benchmarks/cifar100_2024/onnx/CIFAR100_resnet_medium.onnx,/home/elipregerson/nnenum/vnncomp2025_benchmarks/benchmarks/cifar100_2024/vnnlib/CIFAR100_resnet_medium_prop_idx_9518_sidx_9183_eps_0.0039.vnnlib,.006041002,error_exit_code_1,1.280286996
cifar100_2024,/home/elipregerson/nnenum/vnncomp2025_benchmarks/benchmarks/cifar100_2024/onnx/CIFAR100_resnet_medium.onnx,/home/elipregerson/nnenum/vnncomp2025_benchmarks/benchmarks/cifar100_2024/vnnlib/CIFAR100_resnet_medium_prop_idx_5973_sidx_7841_eps_0.0039.vnnlib,.006119532,error_exit_code_1,1.285528078
cifar100_2024,/home/elipregerson/nnenum/vnncomp2025_benchmarks/benchmarks/cifar100_2024/onnx/CIFAR100_resnet_medium.onnx,/home/elipregerson/nnenum/vnncomp2025_benchmarks/benchmarks/cifar100_2024/vnnlib/CIFAR100_resnet_medium_prop_idx_9845_sidx_200_eps_0.0039.vnnlib,.006230748,error_exit_code_1,1.276001425
cifar100_2024,/home/elipregerson/nnenum/vnncomp2025_benchmarks/benchmarks/cifar100_2024/onnx/CIFAR100_resnet_medium.onnx,/home/elipregerson/nnenum/vnncomp2025_benchmarks/benchmarks/cifar100_2024/vnnlib/CIFAR100_resnet_medium_prop_idx_2779_sidx_6416_eps_0.0039.vnnlib,.006337379,error_exit_code_1,1.284307210
cifar100_2024,/home/elipregerson/nnenum/vnncomp2025_benchmarks/benchmarks/cifar100_2024/onnx/CIFAR100_resnet_medium.onnx,/home/elipregerson/nnenum/vnncomp2025_benchmarks/benchmarks/cifar100_2024/vnnlib/CIFAR100_resnet_medium_prop_idx_6292_sidx_5430_eps_0.0039.vnnlib,.006451766,error_exit_code_1,1.321636144
cifar100_2024,/home/elipregerson/nnenum/vnncomp2025_benchmarks/benchmarks/cifar100_2024/onnx/CIFAR100_resnet_medium.onnx,/home/elipregerson/nnenum/vnncomp2025_benchmarks/benchmarks/cifar100_2024/vnnlib/CIFAR100_resnet_medium_prop_idx_8642_sidx_9095_eps_0.0039.vnnlib,.006049243,error_exit_code_1,1.387818420
cifar100_2024,/home/elipregerson/nnenum/vnncomp2025_benchmarks/benchmarks/cifar100_2024/onnx/CIFAR100_resnet_medium.onnx,/home/elipregerson/nnenum/vnncomp2025_benchmarks/benchmarks/cifar100_2024/vnnlib/CIFAR100_resnet_medium_prop_idx_6049_sidx_4719_eps_0.0039.vnnlib,.006288992,error_exit_code_1,1.307766866
cifar100_2024,/home/elipregerson/nnenum/vnncomp2025_benchmarks/benchmarks/cifar100_2024/onnx/CIFAR100_resnet_medium.onnx,/home/elipregerson/nnenum/vnncomp2025_benchmarks/benchmarks/cifar100_2024/vnnlib/CIFAR100_resnet_medium_prop_idx_8739_sidx_1540_eps_0.0039.vnnlib,.006073657,error_exit_code_1,1.286179659
cifar100_2024,/home/elipregerson/nnenum/vnncomp2025_benchmarks/benchmarks/cifar100_2024/onnx/CIFAR100_resnet_medium.onnx,/home/elipregerson/nnenum/vnncomp2025_benchmarks/benchmarks/cifar100_2024/vnnlib/CIFAR100_resnet_medium_prop_idx_7034_sidx_4129_eps_0.0039.vnnlib,.006005170,error_exit_code_1,1.327452959
cifar100_2024,/home/elipregerson/nnenum/vnncomp2025_benchmarks/benchmarks/cifar100_2024/onnx/CIFAR100_resnet_medium.onnx,/home/elipregerson/nnenum/vnncomp2025_benchmarks/benchmarks/cifar100_2024/vnnlib/CIFAR100_resnet_medium_prop_idx_1498_sidx_792_eps_0.0039.vnnlib,.008342985,error_exit_code_1,1.355317817
cifar100_2024,/home/elipregerson/nnenum/vnncomp2025_benchmarks/benchmarks/cifar100_2024/onnx/CIFAR100_resnet_medium.onnx,/home/elipregerson/nnenum/vnncomp2025_benchmarks/benchmarks/cifar100_2024/vnnlib/CIFAR100_resnet_medium_prop_idx_3898_sidx_9109_eps_0.0039.vnnlib,.006143882,error_exit_code_1,1.366584514
cifar100_2024,/home/elipregerson/nnenum/vnncomp2025_benchmarks/benchmarks/cifar100_2024/onnx/CIFAR100_resnet_medium.onnx,/home/elipregerson/nnenum/vnncomp2025_benchmarks/benchmarks/cifar100_2024/vnnlib/CIFAR100_resnet_medium_prop_idx_854_sidx_6893_eps_0.0039.vnnlib,.006182899,error_exit_code_1,1.326175070
cifar100_2024,/home/elipregerson/nnenum/vnncomp2025_benchmarks/benchmarks/cifar100_2024/onnx/CIFAR100_resnet_medium.onnx,/home/elipregerson/nnenum/vnncomp2025_benchmarks/benchmarks/cifar100_2024/vnnlib/CIFAR100_resnet_medium_prop_idx_9502_sidx_7197_eps_0.0039.vnnlib,.006118091,error_exit_code_1,1.357053718
cifar100_2024,/home/elipregerson/nnenum/vnncomp2025_benchmarks/benchmarks/cifar100_2024/onnx/CIFAR100_resnet_medium.onnx,/home/elipregerson/nnenum/vnncomp2025_benchmarks/benchmarks/cifar100_2024/vnnlib/CIFAR100_resnet_medium_prop_idx_2551_sidx_9941_eps_0.0039.vnnlib,.006285954,error_exit_code_1,1.338190241
cifar100_2024,/home/elipregerson/nnenum/vnncomp2025_benchmarks/benchmarks/cifar100_2024/onnx/CIFAR100_resnet_medium.onnx,/home/elipregerson/nnenum/vnncomp2025_benchmarks/benchmarks/cifar100_2024/vnnlib/CIFAR100_resnet_medium_prop_idx_7658_sidx_1537_eps_0.0039.vnnlib,.005979878,error_exit_code_1,1.321872017
cifar100_2024,/home/elipregerson/nnenum/vnncomp2025_benchmarks/benchmarks/cifar100_2024/onnx/CIFAR100_resnet_medium.onnx,/home/elipregerson/nnenum/vnncomp2025_benchmarks/benchmarks/cifar100_2024/vnnlib/CIFAR100_resnet_medium_prop_idx_9726_sidx_4400_eps_0.0039.vnnlib,.006108526,error_exit_code_1,1.368869951
cifar100_2024,/home/elipregerson/nnenum/vnncomp2025_benchmarks/benchmarks/cifar100_2024/onnx/CIFAR100_resnet_medium.onnx,/home/elipregerson/nnenum/vnncomp2025_benchmarks/benchmarks/cifar100_2024/vnnlib/CIFAR100_resnet_medium_prop_idx_9313_sidx_6462_eps_0.0039.vnnlib,.006481524,error_exit_code_1,1.494368120
cifar100_2024,/home/elipregerson/nnenum/vnncomp2025_benchmarks/benchmarks/cifar100_2024/onnx/CIFAR100_resnet_medium.onnx,/home/elipregerson/nnenum/vnncomp2025_benchmarks/benchmarks/cifar100_2024/vnnlib/CIFAR100_resnet_medium_prop_idx_815_sidx_1902_eps_0.0039.vnnlib,.006401680,error_exit_code_1,1.374586854
cifar100_2024,/home/elipregerson/nnenum/vnncomp2025_benchmarks/benchmarks/cifar100_2024/onnx/CIFAR100_resnet_medium.onnx,/home/elipregerson/nnenum/vnncomp2025_benchmarks/benchmarks/cifar100_2024/vnnlib/CIFAR100_resnet_medium_prop_idx_6491_sidx_3620_eps_0.0039.vnnlib,.006041352,error_exit_code_1,1.406336076
cifar100_2024,/home/elipregerson/nnenum/vnncomp2025_benchmarks/benchmarks/cifar100_2024/onnx/CIFAR100_resnet_medium.onnx,/home/elipregerson/nnenum/vnncomp2025_benchmarks/benchmarks/cifar100_2024/vnnlib/CIFAR100_resnet_medium_prop_idx_4605_sidx_6225_eps_0.0039.vnnlib,.006014339,error_exit_code_1,1.354996854
cifar100_2024,/home/elipregerson/nnenum/vnncomp2025_benchmarks/benchmarks/cifar100_2024/onnx/CIFAR100_resnet_medium.onnx,/home/elipregerson/nnenum/vnncomp2025_benchmarks/benchmarks/cifar100_2024/vnnlib/CIFAR100_resnet_medium_prop_idx_2352_sidx_2704_eps_0.0039.vnnlib,.006225467,error_exit_code_1,1.392741629
cifar100_2024,/home/elipregerson/nnenum/vnncomp2025_benchmarks/benchmarks/cifar100_2024/onnx/CIFAR100_resnet_medium.onnx,/home/elipregerson/nnenum/vnncomp2025_benchmarks/benchmarks/cifar100_2024/vnnlib/CIFAR100_resnet_medium_prop_idx_1642_sidx_7494_eps_0.0039.vnnlib,.006396489,error_exit_code_1,1.353887547
cifar100_2024,/home/elipregerson/nnenum/vnncomp2025_benchmarks/benchmarks/cifar100_2024/onnx/CIFAR100_resnet_medium.onnx,/home/elipregerson/nnenum/vnncomp2025_benchmarks/benchmarks/cifar100_2024/vnnlib/CIFAR100_resnet_medium_prop_idx_8502_sidx_2893_eps_0.0039.vnnlib,.006130341,error_exit_code_1,1.386294066
cifar100_2024,/home/elipregerson/nnenum/vnncomp2025_benchmarks/benchmarks/cifar100_2024/onnx/CIFAR100_resnet_medium.onnx,/home/elipregerson/nnenum/vnncomp2025_benchmarks/benchmarks/cifar100_2024/vnnlib/CIFAR100_resnet_medium_prop_idx_4964_sidx_5266_eps_0.0039.vnnlib,.006060311,error_exit_code_1,1.370755007
cifar100_2024,/home/elipregerson/nnenum/vnncomp2025_benchmarks/benchmarks/cifar100_2024/onnx/CIFAR100_resnet_medium.onnx,/home/elipregerson/nnenum/vnncomp2025_benchmarks/benchmarks/cifar100_2024/vnnlib/CIFAR100_resnet_medium_prop_idx_6369_sidx_8824_eps_0.0039.vnnlib,.006802379,error_exit_code_1,1.353114726
cifar100_2024,/home/elipregerson/nnenum/vnncomp2025_benchmarks/benchmarks/cifar100_2024/onnx/CIFAR100_resnet_medium.onnx,/home/elipregerson/nnenum/vnncomp2025_benchmarks/benchmarks/cifar100_2024/vnnlib/CIFAR100_resnet_medium_prop_idx_966_sidx_2330_eps_0.0039.vnnlib,.006316437,error_exit_code_1,1.381711381
cifar100_2024,/home/elipregerson/nnenum/vnncomp2025_benchmarks/benchmarks/cifar100_2024/onnx/CIFAR100_resnet_medium.onnx,/home/elipregerson/nnenum/vnncomp2025_benchmarks/benchmarks/cifar100_2024/vnnlib/CIFAR100_resnet_medium_prop_idx_9162_sidx_4337_eps_0.0039.vnnlib,.006097226,error_exit_code_1,1.377664241
cifar100_2024,/home/elipregerson/nnenum/vnncomp2025_benchmarks/benchmarks/cifar100_2024/onnx/CIFAR100_resnet_medium.onnx,/home/elipregerson/nnenum/vnncomp2025_benchmarks/benchmarks/cifar100_2024/vnnlib/CIFAR100_resnet_medium_prop_idx_425_sidx_9099_eps_0.0039.vnnlib,.006567712,error_exit_code_1,1.342948358
cifar100_2024,/home/elipregerson/nnenum/vnncomp2025_benchmarks/benchmarks/cifar100_2024/onnx/CIFAR100_resnet_medium.onnx,/home/elipregerson/nnenum/vnncomp2025_benchmarks/benchmarks/cifar100_2024/vnnlib/CIFAR100_resnet_medium_prop_idx_4898_sidx_6695_eps_0.0039.vnnlib,.006081562,error_exit_code_1,1.355432465
cifar100_2024,/home/elipregerson/nnenum/vnncomp2025_benchmarks/benchmarks/cifar100_2024/onnx/CIFAR100_resnet_medium.onnx,/home/elipregerson/nnenum/vnncomp2025_benchmarks/benchmarks/cifar100_2024/vnnlib/CIFAR100_resnet_medium_prop_idx_7500_sidx_40_eps_0.0039.vnnlib,.006254760,error_exit_code_1,1.329331025
cifar100_2024,/home/elipregerson/nnenum/vnncomp2025_benchmarks/benchmarks/cifar100_2024/onnx/CIFAR100_resnet_medium.onnx,/home/elipregerson/nnenum/vnncomp2025_benchmarks/benchmarks/cifar100_2024/vnnlib/CIFAR100_resnet_medium_prop_idx_7176_sidx_1522_eps_0.0039.vnnlib,.005994824,error_exit_code_1,1.327093791
cifar100_2024,/home/elipregerson/nnenum/vnncomp2025_benchmarks/benchmarks/cifar100_2024/onnx/CIFAR100_resnet_medium.onnx,/home/elipregerson/nnenum/vnncomp2025_benchmarks/benchmarks/cifar100_2024/vnnlib/CIFAR100_resnet_medium_prop_idx_2050_sidx_8228_eps_0.0039.vnnlib,.006356724,error_exit_code_1,1.302725396
cifar100_2024,/home/elipregerson/nnenum/vnncomp2025_benchmarks/benchmarks/cifar100_2024/onnx/CIFAR100_resnet_medium.onnx,/home/elipregerson/nnenum/vnncomp2025_benchmarks/benchmarks/cifar100_2024/vnnlib/CIFAR100_resnet_medium_prop_idx_7470_sidx_4555_eps_0.0039.vnnlib,.006099826,error_exit_code_1,1.342698093
cifar100_2024,/home/elipregerson/nnenum/vnncomp2025_benchmarks/benchmarks/cifar100_2024/onnx/CIFAR100_resnet_medium.onnx,/home/elipregerson/nnenum/vnncomp2025_benchmarks/benchmarks/cifar100_2024/vnnlib/CIFAR100_resnet_medium_prop_idx_5797_sidx_6343_eps_0.0039.vnnlib,.007284284,error_exit_code_1,1.345713946
cifar100_2024,/home/elipregerson/nnenum/vnncomp2025_benchmarks/benchmarks/cifar100_2024/onnx/CIFAR100_resnet_medium.onnx,/home/elipregerson/nnenum/vnncomp2025_benchmarks/benchmarks/cifar100_2024/vnnlib/CIFAR100_resnet_medium_prop_idx_5894_sidx_5577_eps_0.0039.vnnlib,.005991014,error_exit_code_1,1.283735609
cifar100_2024,/home/elipregerson/nnenum/vnncomp2025_benchmarks/benchmarks/cifar100_2024/onnx/CIFAR100_resnet_medium.onnx,/home/elipregerson/nnenum/vnncomp2025_benchmarks/benchmarks/cifar100_2024/vnnlib/CIFAR100_resnet_medium_prop_idx_3852_sidx_2848_eps_0.0039.vnnlib,.007129892,error_exit_code_1,1.315320439
cifar100_2024,/home/elipregerson/nnenum/vnncomp2025_benchmarks/benchmarks/cifar100_2024/onnx/CIFAR100_resnet_medium.onnx,/home/elipregerson/nnenum/vnncomp2025_benchmarks/benchmarks/cifar100_2024/vnnlib/CIFAR100_resnet_medium_prop_idx_2925_sidx_8815_eps_0.0039.vnnlib,.007753381,error_exit_code_1,1.337650507
cifar100_2024,/home/elipregerson/nnenum/vnncomp2025_benchmarks/benchmarks/cifar100_2024/onnx/CIFAR100_resnet_large.onnx,/home/elipregerson/nnenum/vnncomp2025_benchmarks/benchmarks/cifar100_2024/vnnlib/CIFAR100_resnet_large_prop_idx_496_sidx_1194_eps_0.0039.vnnlib,.006142408,error_exit_code_1,1.368550694
cifar100_2024,/home/elipregerson/nnenum/vnncomp2025_benchmarks/benchmarks/cifar100_2024/onnx/CIFAR100_resnet_large.onnx,/home/elipregerson/nnenum/vnncomp2025_benchmarks/benchmarks/cifar100_2024/vnnlib/CIFAR100_resnet_large_prop_idx_4385_sidx_9116_eps_0.0039.vnnlib,.006033664,error_exit_code_1,1.362874273
cifar100_2024,/home/elipregerson/nnenum/vnncomp2025_benchmarks/benchmarks/cifar100_2024/onnx/CIFAR100_resnet_large.onnx,/home/elipregerson/nnenum/vnncomp2025_benchmarks/benchmarks/cifar100_2024/vnnlib/CIFAR100_resnet_large_prop_idx_5308_sidx_1650_eps_0.0039.vnnlib,.006136380,error_exit_code_1,1.360198730
cifar100_2024,/home/elipregerson/nnenum/vnncomp2025_benchmarks/benchmarks/cifar100_2024/onnx/CIFAR100_resnet_large.onnx,/home/elipregerson/nnenum/vnncomp2025_benchmarks/benchmarks/cifar100_2024/vnnlib/CIFAR100_resnet_large_prop_idx_4757_sidx_803_eps_0.0039.vnnlib,.006154429,error_exit_code_1,1.359657411
cifar100_2024,/home/elipregerson/nnenum/vnncomp2025_benchmarks/benchmarks/cifar100_2024/onnx/CIFAR100_resnet_large.onnx,/home/elipregerson/nnenum/vnncomp2025_benchmarks/benchmarks/cifar100_2024/vnnlib/CIFAR100_resnet_large_prop_idx_4227_sidx_5883_eps_0.0039.vnnlib,.006213198,error_exit_code_1,1.332787077
cifar100_2024,/home/elipregerson/nnenum/vnncomp2025_benchmarks/benchmarks/cifar100_2024/onnx/CIFAR100_resnet_large.onnx,/home/elipregerson/nnenum/vnncomp2025_benchmarks/benchmarks/cifar100_2024/vnnlib/CIFAR100_resnet_large_prop_idx_8589_sidx_3105_eps_0.0039.vnnlib,.006175253,error_exit_code_1,1.325302445
cifar100_2024,/home/elipregerson/nnenum/vnncomp2025_benchmarks/benchmarks/cifar100_2024/onnx/CIFAR100_resnet_large.onnx,/home/elipregerson/nnenum/vnncomp2025_benchmarks/benchmarks/cifar100_2024/vnnlib/CIFAR100_resnet_large_prop_idx_8476_sidx_3906_eps_0.0039.vnnlib,.006189914,error_exit_code_1,1.388719340
cifar100_2024,/home/elipregerson/nnenum/vnncomp2025_benchmarks/benchmarks/cifar100_2024/onnx/CIFAR100_resnet_large.onnx,/home/elipregerson/nnenum/vnncomp2025_benchmarks/benchmarks/cifar100_2024/vnnlib/CIFAR100_resnet_large_prop_idx_1456_sidx_5797_eps_0.0039.vnnlib,.006069336,error_exit_code_1,1.332808275
cifar100_2024,/home/elipregerson/nnenum/vnncomp2025_benchmarks/benchmarks/cifar100_2024/onnx/CIFAR100_resnet_large.onnx,/home/elipregerson/nnenum/vnncomp2025_benchmarks/benchmarks/cifar100_2024/vnnlib/CIFAR100_resnet_large_prop_idx_998_sidx_7605_eps_0.0039.vnnlib,.006477953,error_exit_code_1,1.336629197
cifar100_2024,/home/elipregerson/nnenum/vnncomp2025_benchmarks/benchmarks/cifar100_2024/onnx/CIFAR100_resnet_large.onnx,/home/elipregerson/nnenum/vnncomp2025_benchmarks/benchmarks/cifar100_2024/vnnlib/CIFAR100_resnet_large_prop_idx_9778_sidx_7516_eps_0.0039.vnnlib,.006175768,error_exit_code_1,1.346280482
cifar100_2024,/home/elipregerson/nnenum/vnncomp2025_benchmarks/benchmarks/cifar100_2024/onnx/CIFAR100_resnet_large.onnx,/home/elipregerson/nnenum/vnncomp2025_benchmarks/benchmarks/cifar100_2024/vnnlib/CIFAR100_resnet_large_prop_idx_1063_sidx_7948_eps_0.0039.vnnlib,.006110066,error_exit_code_1,1.316871987
cifar100_2024,/home/elipregerson/nnenum/vnncomp2025_benchmarks/benchmarks/cifar100_2024/onnx/CIFAR100_resnet_large.onnx,/home/elipregerson/nnenum/vnncomp2025_benchmarks/benchmarks/cifar100_2024/vnnlib/CIFAR100_resnet_large_prop_idx_1426_sidx_3855_eps_0.0039.vnnlib,.006001347,error_exit_code_1,1.317198553
cifar100_2024,/home/elipregerson/nnenum/vnncomp2025_benchmarks/benchmarks/cifar100_2024/onnx/CIFAR100_resnet_large.onnx,/home/elipregerson/nnenum/vnncomp2025_benchmarks/benchmarks/cifar100_2024/vnnlib/CIFAR100_resnet_large_prop_idx_3355_sidx_212_eps_0.0039.vnnlib,.006223115,error_exit_code_1,1.314205924
cifar100_2024,/home/elipregerson/nnenum/vnncomp2025_benchmarks/benchmarks/cifar100_2024/onnx/CIFAR100_resnet_large.onnx,/home/elipregerson/nnenum/vnncomp2025_benchmarks/benchmarks/cifar100_2024/vnnlib/CIFAR100_resnet_large_prop_idx_1439_sidx_8354_eps_0.0039.vnnlib,.006267729,error_exit_code_1,1.328210118
cifar100_2024,/home/elipregerson/nnenum/vnncomp2025_benchmarks/benchmarks/cifar100_2024/onnx/CIFAR100_resnet_large.onnx,/home/elipregerson/nnenum/vnncomp2025_benchmarks/benchmarks/cifar100_2024/vnnlib/CIFAR100_resnet_large_prop_idx_3585_sidx_3469_eps_0.0039.vnnlib,.006103182,error_exit_code_1,1.351726200
cifar100_2024,/home/elipregerson/nnenum/vnncomp2025_benchmarks/benchmarks/cifar100_2024/onnx/CIFAR100_resnet_large.onnx,/home/elipregerson/nnenum/vnncomp2025_benchmarks/benchmarks/cifar100_2024/vnnlib/CIFAR100_resnet_large_prop_idx_2636_sidx_1992_eps_0.0039.vnnlib,.007000345,error_exit_code_1,1.349098859
cifar100_2024,/home/elipregerson/nnenum/vnncomp2025_benchmarks/benchmarks/cifar100_2024/onnx/CIFAR100_resnet_large.onnx,/home/elipregerson/nnenum/vnncomp2025_benchmarks/benchmarks/cifar100_2024/vnnlib/CIFAR100_resnet_large_prop_idx_6101_sidx_3593_eps_0.0039.vnnlib,.006090565,error_exit_code_1,1.345694469
cifar100_2024,/home/elipregerson/nnenum/vnncomp2025_benchmarks/benchmarks/cifar100_2024/onnx/CIFAR100_resnet_large.onnx,/home/elipregerson/nnenum/vnncomp2025_benchmarks/benchmarks/cifar100_2024/vnnlib/CIFAR100_resnet_large_prop_idx_1059_sidx_6596_eps_0.0039.vnnlib,.005941358,error_exit_code_1,1.381063294
cifar100_2024,/home/elipregerson/nnenum/vnncomp2025_benchmarks/benchmarks/cifar100_2024/onnx/CIFAR100_resnet_large.onnx,/home/elipregerson/nnenum/vnncomp2025_benchmarks/benchmarks/cifar100_2024/vnnlib/CIFAR100_resnet_large_prop_idx_9773_sidx_3718_eps_0.0039.vnnlib,.006126350,error_exit_code_1,1.401630714
cifar100_2024,/home/elipregerson/nnenum/vnncomp2025_benchmarks/benchmarks/cifar100_2024/onnx/CIFAR100_resnet_large.onnx,/home/elipregerson/nnenum/vnncomp2025_benchmarks/benchmarks/cifar100_2024/vnnlib/CIFAR100_resnet_large_prop_idx_7890_sidx_4421_eps_0.0039.vnnlib,.006104538,error_exit_code_1,1.392467331
cifar100_2024,/home/elipregerson/nnenum/vnncomp2025_benchmarks/benchmarks/cifar100_2024/onnx/CIFAR100_resnet_large.onnx,/home/elipregerson/nnenum/vnncomp2025_benchmarks/benchmarks/cifar100_2024/vnnlib/CIFAR100_resnet_large_prop_idx_2993_sidx_2485_eps_0.0039.vnnlib,.006085172,error_exit_code_1,1.471719837
cifar100_2024,/home/elipregerson/nnenum/vnncomp2025_benchmarks/benchmarks/cifar100_2024/onnx/CIFAR100_resnet_large.onnx,/home/elipregerson/nnenum/vnncomp2025_benchmarks/benchmarks/cifar100_2024/vnnlib/CIFAR100_resnet_large_prop_idx_1105_sidx_9000_eps_0.0039.vnnlib,.005951952,error_exit_code_1,1.424265829
cifar100_2024,/home/elipregerson/nnenum/vnncomp2025_benchmarks/benchmarks/cifar100_2024/onnx/CIFAR100_resnet_large.onnx,/home/elipregerson/nnenum/vnncomp2025_benchmarks/benchmarks/cifar100_2024/vnnlib/CIFAR100_resnet_large_prop_idx_383_sidx_3388_eps_0.0039.vnnlib,.006072373,error_exit_code_1,1.394441557
cifar100_2024,/home/elipregerson/nnenum/vnncomp2025_benchmarks/benchmarks/cifar100_2024/onnx/CIFAR100_resnet_large.onnx,/home/elipregerson/nnenum/vnncomp2025_benchmarks/benchmarks/cifar100_2024/vnnlib/CIFAR100_resnet_large_prop_idx_6341_sidx_3142_eps_0.0039.vnnlib,.006100935,error_exit_code_1,1.407081059
cifar100_2024,/home/elipregerson/nnenum/vnncomp2025_benchmarks/benchmarks/cifar100_2024/onnx/CIFAR100_resnet_large.onnx,/home/elipregerson/nnenum/vnncomp2025_benchmarks/benchmarks/cifar100_2024/vnnlib/CIFAR100_resnet_large_prop_idx_2132_sidx_6868_eps_0.0039.vnnlib,.006080413,error_exit_code_1,1.425823374
cifar100_2024,/home/elipregerson/nnenum/vnncomp2025_benchmarks/benchmarks/cifar100_2024/onnx/CIFAR100_resnet_large.onnx,/home/elipregerson/nnenum/vnncomp2025_benchmarks/benchmarks/cifar100_2024/vnnlib/CIFAR100_resnet_large_prop_idx_3443_sidx_918_eps_0.0039.vnnlib,.006155064,error_exit_code_1,1.383607062
cifar100_2024,/home/elipregerson/nnenum/vnncomp2025_benchmarks/benchmarks/cifar100_2024/onnx/CIFAR100_resnet_large.onnx,/home/elipregerson/nnenum/vnncomp2025_benchmarks/benchmarks/cifar100_2024/vnnlib/CIFAR100_resnet_large_prop_idx_8119_sidx_972_eps_0.0039.vnnlib,.006223824,error_exit_code_1,1.338787316
cifar100_2024,/home/elipregerson/nnenum/vnncomp2025_benchmarks/benchmarks/cifar100_2024/onnx/CIFAR100_resnet_large.onnx,/home/elipregerson/nnenum/vnncomp2025_benchmarks/benchmarks/cifar100_2024/vnnlib/CIFAR100_resnet_large_prop_idx_484_sidx_161_eps_0.0039.vnnlib,.006127642,error_exit_code_1,1.324483668
cifar100_2024,/home/elipregerson/nnenum/vnncomp2025_benchmarks/benchmarks/cifar100_2024/onnx/CIFAR100_resnet_large.onnx,/home/elipregerson/nnenum/vnncomp2025_benchmarks/benchmarks/cifar100_2024/vnnlib/CIFAR100_resnet_large_prop_idx_62_sidx_313_eps_0.0039.vnnlib,.006029344,error_exit_code_1,1.408107074
cifar100_2024,/home/elipregerson/nnenum/vnncomp2025_benchmarks/benchmarks/cifar100_2024/onnx/CIFAR100_resnet_large.onnx,/home/elipregerson/nnenum/vnncomp2025_benchmarks/benchmarks/cifar100_2024/vnnlib/CIFAR100_resnet_large_prop_idx_6269_sidx_6873_eps_0.0039.vnnlib,.005961092,error_exit_code_1,1.350538337
cifar100_2024,/home/elipregerson/nnenum/vnncomp2025_benchmarks/benchmarks/cifar100_2024/onnx/CIFAR100_resnet_large.onnx,/home/elipregerson/nnenum/vnncomp2025_benchmarks/benchmarks/cifar100_2024/vnnlib/CIFAR100_resnet_large_prop_idx_3703_sidx_3842_eps_0.0039.vnnlib,.006173507,error_exit_code_1,1.491014403
cifar100_2024,/home/elipregerson/nnenum/vnncomp2025_benchmarks/benchmarks/cifar100_2024/onnx/CIFAR100_resnet_large.onnx,/home/elipregerson/nnenum/vnncomp2025_benchmarks/benchmarks/cifar100_2024/vnnlib/CIFAR100_resnet_large_prop_idx_2998_sidx_6947_eps_0.0039.vnnlib,.006325632,error_exit_code_1,1.402233891
cifar100_2024,/home/elipregerson/nnenum/vnncomp2025_benchmarks/benchmarks/cifar100_2024/onnx/CIFAR100_resnet_large.onnx,/home/elipregerson/nnenum/vnncomp2025_benchmarks/benchmarks/cifar100_2024/vnnlib/CIFAR100_resnet_large_prop_idx_7926_sidx_589_eps_0.0039.vnnlib,.006444413,error_exit_code_1,1.391675203
cifar100_2024,/home/elipregerson/nnenum/vnncomp2025_benchmarks/benchmarks/cifar100_2024/onnx/CIFAR100_resnet_large.onnx,/home/elipregerson/nnenum/vnncomp2025_benchmarks/benchmarks/cifar100_2024/vnnlib/CIFAR100_resnet_large_prop_idx_3681_sidx_4987_eps_0.0039.vnnlib,.006514253,error_exit_code_1,1.422635968
cifar100_2024,/home/elipregerson/nnenum/vnncomp2025_benchmarks/benchmarks/cifar100_2024/onnx/CIFAR100_resnet_large.onnx,/home/elipregerson/nnenum/vnncomp2025_benchmarks/benchmarks/cifar100_2024/vnnlib/CIFAR100_resnet_large_prop_idx_5410_sidx_2762_eps_0.0039.vnnlib,.006170699,error_exit_code_1,1.420811276
cifar100_2024,/home/elipregerson/nnenum/vnncomp2025_benchmarks/benchmarks/cifar100_2024/onnx/CIFAR100_resnet_large.onnx,/home/elipregerson/nnenum/vnncomp2025_benchmarks/benchmarks/cifar100_2024/vnnlib/CIFAR100_resnet_large_prop_idx_1280_sidx_5310_eps_0.0039.vnnlib,.013509948,error_exit_code_1,1.383911429
cifar100_2024,/home/elipregerson/nnenum/vnncomp2025_benchmarks/benchmarks/cifar100_2024/onnx/CIFAR100_resnet_large.onnx,/home/elipregerson/nnenum/vnncomp2025_benchmarks/benchmarks/cifar100_2024/vnnlib/CIFAR100_resnet_large_prop_idx_7233_sidx_4318_eps_0.0039.vnnlib,.008576933,error_exit_code_1,1.330864287
cifar100_2024,/home/elipregerson/nnenum/vnncomp2025_benchmarks/benchmarks/cifar100_2024/onnx/CIFAR100_resnet_large.onnx,/home/elipregerson/nnenum/vnncomp2025_benchmarks/benchmarks/cifar100_2024/vnnlib/CIFAR100_resnet_large_prop_idx_2724_sidx_6459_eps_0.0039.vnnlib,.006082622,error_exit_code_1,1.339300526
cifar100_2024,/home/elipregerson/nnenum/vnncomp2025_benchmarks/benchmarks/cifar100_2024/onnx/CIFAR100_resnet_large.onnx,/home/elipregerson/nnenum/vnncomp2025_benchmarks/benchmarks/cifar100_2024/vnnlib/CIFAR100_resnet_large_prop_idx_3894_sidx_5803_eps_0.0039.vnnlib,.005991343,error_exit_code_1,1.362079897
cifar100_2024,/home/elipregerson/nnenum/vnncomp2025_benchmarks/benchmarks/cifar100_2024/onnx/CIFAR100_resnet_large.onnx,/home/elipregerson/nnenum/vnncomp2025_benchmarks/benchmarks/cifar100_2024/vnnlib/CIFAR100_resnet_large_prop_idx_3858_sidx_134_eps_0.0039.vnnlib,.006332973,error_exit_code_1,1.363208791
cifar100_2024,/home/elipregerson/nnenum/vnncomp2025_benchmarks/benchmarks/cifar100_2024/onnx/CIFAR100_resnet_large.onnx,/home/elipregerson/nnenum/vnncomp2025_benchmarks/benchmarks/cifar100_2024/vnnlib/CIFAR100_resnet_large_prop_idx_8005_sidx_2582_eps_0.0039.vnnlib,.006597747,error_exit_code_1,1.404074980
cifar100_2024,/home/elipregerson/nnenum/vnncomp2025_benchmarks/benchmarks/cifar100_2024/onnx/CIFAR100_resnet_large.onnx,/home/elipregerson/nnenum/vnncomp2025_benchmarks/benchmarks/cifar100_2024/vnnlib/CIFAR100_resnet_large_prop_idx_1298_sidx_33_eps_0.0039.vnnlib,.006406462,error_exit_code_1,1.401902899
cifar100_2024,/home/elipregerson/nnenum/vnncomp2025_benchmarks/benchmarks/cifar100_2024/onnx/CIFAR100_resnet_large.onnx,/home/elipregerson/nnenum/vnncomp2025_benchmarks/benchmarks/cifar100_2024/vnnlib/CIFAR100_resnet_large_prop_idx_9935_sidx_75_eps_0.0039.vnnlib,.006199084,error_exit_code_1,1.377471111
cifar100_2024,/home/elipregerson/nnenum/vnncomp2025_benchmarks/benchmarks/cifar100_2024/onnx/CIFAR100_resnet_large.onnx,/home/elipregerson/nnenum/vnncomp2025_benchmarks/benchmarks/cifar100_2024/vnnlib/CIFAR100_resnet_large_prop_idx_276_sidx_476_eps_0.0039.vnnlib,.006078259,error_exit_code_1,1.424857518
cifar100_2024,/home/elipregerson/nnenum/vnncomp2025_benchmarks/benchmarks/cifar100_2024/onnx/CIFAR100_resnet_large.onnx,/home/elipregerson/nnenum/vnncomp2025_benchmarks/benchmarks/cifar100_2024/vnnlib/CIFAR100_resnet_large_prop_idx_1913_sidx_2767_eps_0.0039.vnnlib,.011478486,error_exit_code_1,1.367310847
cifar100_2024,/home/elipregerson/nnenum/vnncomp2025_benchmarks/benchmarks/cifar100_2024/onnx/CIFAR100_resnet_large.onnx,/home/elipregerson/nnenum/vnncomp2025_benchmarks/benchmarks/cifar100_2024/vnnlib/CIFAR100_resnet_large_prop_idx_1309_sidx_8525_eps_0.0039.vnnlib,.006178074,error_exit_code_1,1.437592646
cifar100_2024,/home/elipregerson/nnenum/vnncomp2025_benchmarks/benchmarks/cifar100_2024/onnx/CIFAR100_resnet_large.onnx,/home/elipregerson/nnenum/vnncomp2025_benchmarks/benchmarks/cifar100_2024/vnnlib/CIFAR100_resnet_large_prop_idx_4862_sidx_9853_eps_0.0039.vnnlib,.006383531,error_exit_code_1,1.378347497
cifar100_2024,/home/elipregerson/nnenum/vnncomp2025_benchmarks/benchmarks/cifar100_2024/onnx/CIFAR100_resnet_large.onnx,/home/elipregerson/nnenum/vnncomp2025_benchmarks/benchmarks/cifar100_2024/vnnlib/CIFAR100_resnet_large_prop_idx_7554_sidx_8201_eps_0.0039.vnnlib,.006903148,error_exit_code_1,1.406334945
cifar100_2024,/home/elipregerson/nnenum/vnncomp2025_benchmarks/benchmarks/cifar100_2024/onnx/CIFAR100_resnet_large.onnx,/home/elipregerson/nnenum/vnncomp2025_benchmarks/benchmarks/cifar100_2024/vnnlib/CIFAR100_resnet_large_prop_idx_4571_sidx_3801_eps_0.0039.vnnlib,.005966745,error_exit_code_1,1.387721866
cifar100_2024,/home/elipregerson/nnenum/vnncomp2025_benchmarks/benchmarks/cifar100_2024/onnx/CIFAR100_resnet_large.onnx,/home/elipregerson/nnenum/vnncomp2025_benchmarks/benchmarks/cifar100_2024/vnnlib/CIFAR100_resnet_large_prop_idx_5769_sidx_1524_eps_0.0039.vnnlib,.006165401,error_exit_code_1,1.354137484
cifar100_2024,/home/elipregerson/nnenum/vnncomp2025_benchmarks/benchmarks/cifar100_2024/onnx/CIFAR100_resnet_large.onnx,/home/elipregerson/nnenum/vnncomp2025_benchmarks/benchmarks/cifar100_2024/vnnlib/CIFAR100_resnet_large_prop_idx_8748_sidx_4804_eps_0.0039.vnnlib,.006301271,error_exit_code_1,1.373530639
cifar100_2024,/home/elipregerson/nnenum/vnncomp2025_benchmarks/benchmarks/cifar100_2024/onnx/CIFAR100_resnet_large.onnx,/home/elipregerson/nnenum/vnncomp2025_benchmarks/benchmarks/cifar100_2024/vnnlib/CIFAR100_resnet_large_prop_idx_3950_sidx_4217_eps_0.0039.vnnlib,.006126724,error_exit_code_1,1.361861326
cifar100_2024,/home/elipregerson/nnenum/vnncomp2025_benchmarks/benchmarks/cifar100_2024/onnx/CIFAR100_resnet_large.onnx,/home/elipregerson/nnenum/vnncomp2025_benchmarks/benchmarks/cifar100_2024/vnnlib/CIFAR100_resnet_large_prop_idx_7886_sidx_7064_eps_0.0039.vnnlib,.005940337,error_exit_code_1,1.352580427
cifar100_2024,/home/elipregerson/nnenum/vnncomp2025_benchmarks/benchmarks/cifar100_2024/onnx/CIFAR100_resnet_large.onnx,/home/elipregerson/nnenum/vnncomp2025_benchmarks/benchmarks/cifar100_2024/vnnlib/CIFAR100_resnet_large_prop_idx_4652_sidx_1371_eps_0.0039.vnnlib,.006246805,error_exit_code_1,1.345837743
cifar100_2024,/home/elipregerson/nnenum/vnncomp2025_benchmarks/benchmarks/cifar100_2024/onnx/CIFAR100_resnet_large.onnx,/home/elipregerson/nnenum/vnncomp2025_benchmarks/benchmarks/cifar100_2024/vnnlib/CIFAR100_resnet_large_prop_idx_1938_sidx_6556_eps_0.0039.vnnlib,.006446972,error_exit_code_1,1.371413462
cifar100_2024,/home/elipregerson/nnenum/vnncomp2025_benchmarks/benchmarks/cifar100_2024/onnx/CIFAR100_resnet_large.onnx,/home/elipregerson/nnenum/vnncomp2025_benchmarks/benchmarks/cifar100_2024/vnnlib/CIFAR100_resnet_large_prop_idx_8332_sidx_4482_eps_0.0039.vnnlib,.006995532,error_exit_code_1,1.326073707
cifar100_2024,/home/elipregerson/nnenum/vnncomp2025_benchmarks/benchmarks/cifar100_2024/onnx/CIFAR100_resnet_large.onnx,/home/elipregerson/nnenum/vnncomp2025_benchmarks/benchmarks/cifar100_2024/vnnlib/CIFAR100_resnet_large_prop_idx_2302_sidx_3657_eps_0.0039.vnnlib,.006161047,error_exit_code_1,1.378260617
cifar100_2024,/home/elipregerson/nnenum/vnncomp2025_benchmarks/benchmarks/cifar100_2024/onnx/CIFAR100_resnet_large.onnx,/home/elipregerson/nnenum/vnncomp2025_benchmarks/benchmarks/cifar100_2024/vnnlib/CIFAR100_resnet_large_prop_idx_7104_sidx_9469_eps_0.0039.vnnlib,.006210704,error_exit_code_1,1.345305063
cifar100_2024,/home/elipregerson/nnenum/vnncomp2025_benchmarks/benchmarks/cifar100_2024/onnx/CIFAR100_resnet_large.onnx,/home/elipregerson/nnenum/vnncomp2025_benchmarks/benchmarks/cifar100_2024/vnnlib/CIFAR100_resnet_large_prop_idx_2783_sidx_8903_eps_0.0039.vnnlib,.006376927,error_exit_code_1,1.374545170
cifar100_2024,/home/elipregerson/nnenum/vnncomp2025_benchmarks/benchmarks/cifar100_2024/onnx/CIFAR100_resnet_large.onnx,/home/elipregerson/nnenum/vnncomp2025_benchmarks/benchmarks/cifar100_2024/vnnlib/CIFAR100_resnet_large_prop_idx_6491_sidx_3620_eps_0.0039.vnnlib,.006050718,error_exit_code_1,1.351867173
cifar100_2024,/home/elipregerson/nnenum/vnncomp2025_benchmarks/benchmarks/cifar100_2024/onnx/CIFAR100_resnet_large.onnx,/home/elipregerson/nnenum/vnncomp2025_benchmarks/benchmarks/cifar100_2024/vnnlib/CIFAR100_resnet_large_prop_idx_5162_sidx_8126_eps_0.0039.vnnlib,.006150807,error_exit_code_1,1.337449033
cifar100_2024,/home/elipregerson/nnenum/vnncomp2025_benchmarks/benchmarks/cifar100_2024/onnx/CIFAR100_resnet_large.onnx,/home/elipregerson/nnenum/vnncomp2025_benchmarks/benchmarks/cifar100_2024/vnnlib/CIFAR100_resnet_large_prop_idx_8502_sidx_2893_eps_0.0039.vnnlib,.006094406,error_exit_code_1,1.326347666
cifar100_2024,/home/elipregerson/nnenum/vnncomp2025_benchmarks/benchmarks/cifar100_2024/onnx/CIFAR100_resnet_large.onnx,/home/elipregerson/nnenum/vnncomp2025_benchmarks/benchmarks/cifar100_2024/vnnlib/CIFAR100_resnet_large_prop_idx_3143_sidx_9413_eps_0.0039.vnnlib,.006362792,error_exit_code_1,1.321713895
cifar100_2024,/home/elipregerson/nnenum/vnncomp2025_benchmarks/benchmarks/cifar100_2024/onnx/CIFAR100_resnet_large.onnx,/home/elipregerson/nnenum/vnncomp2025_benchmarks/benchmarks/cifar100_2024/vnnlib/CIFAR100_resnet_large_prop_idx_656_sidx_2209_eps_0.0039.vnnlib,.006087952,error_exit_code_1,1.382773056
cifar100_2024,/home/elipregerson/nnenum/vnncomp2025_benchmarks/benchmarks/cifar100_2024/onnx/CIFAR100_resnet_large.onnx,/home/elipregerson/nnenum/vnncomp2025_benchmarks/benchmarks/cifar100_2024/vnnlib/CIFAR100_resnet_large_prop_idx_4322_sidx_9995_eps_0.0039.vnnlib,.006070211,error_exit_code_1,1.332208429
cifar100_2024,/home/elipregerson/nnenum/vnncomp2025_benchmarks/benchmarks/cifar100_2024/onnx/CIFAR100_resnet_large.onnx,/home/elipregerson/nnenum/vnncomp2025_benchmarks/benchmarks/cifar100_2024/vnnlib/CIFAR100_resnet_large_prop_idx_5804_sidx_1885_eps_0.0039.vnnlib,.006286597,error_exit_code_1,1.382061912
cifar100_2024,/home/elipregerson/nnenum/vnncomp2025_benchmarks/benchmarks/cifar100_2024/onnx/CIFAR100_resnet_large.onnx,/home/elipregerson/nnenum/vnncomp2025_benchmarks/benchmarks/cifar100_2024/vnnlib/CIFAR100_resnet_large_prop_idx_2630_sidx_1753_eps_0.0039.vnnlib,.006886417,error_exit_code_1,1.380902267
cifar100_2024,/home/elipregerson/nnenum/vnncomp2025_benchmarks/benchmarks/cifar100_2024/onnx/CIFAR100_resnet_large.onnx,/home/elipregerson/nnenum/vnncomp2025_benchmarks/benchmarks/cifar100_2024/vnnlib/CIFAR100_resnet_large_prop_idx_2461_sidx_2912_eps_0.0039.vnnlib,.006220754,error_exit_code_1,1.331832570
cifar100_2024,/home/elipregerson/nnenum/vnncomp2025_benchmarks/benchmarks/cifar100_2024/onnx/CIFAR100_resnet_large.onnx,/home/elipregerson/nnenum/vnncomp2025_benchmarks/benchmarks/cifar100_2024/vnnlib/CIFAR100_resnet_large_prop_idx_4486_sidx_8828_eps_0.0039.vnnlib,.006117162,error_exit_code_1,1.374664416
cifar100_2024,/home/elipregerson/nnenum/vnncomp2025_benchmarks/benchmarks/cifar100_2024/onnx/CIFAR100_resnet_large.onnx,/home/elipregerson/nnenum/vnncomp2025_benchmarks/benchmarks/cifar100_2024/vnnlib/CIFAR100_resnet_large_prop_idx_5810_sidx_7106_eps_0.0039.vnnlib,.006096661,error_exit_code_1,1.351788736
cifar100_2024,/home/elipregerson/nnenum/vnncomp2025_benchmarks/benchmarks/cifar100_2024/onnx/CIFAR100_resnet_large.onnx,/home/elipregerson/nnenum/vnncomp2025_benchmarks/benchmarks/cifar100_2024/vnnlib/CIFAR100_resnet_large_prop_idx_6343_sidx_1886_eps_0.0039.vnnlib,.005951854,error_exit_code_1,1.393436262
cifar100_2024,/home/elipregerson/nnenum/vnncomp2025_benchmarks/benchmarks/cifar100_2024/onnx/CIFAR100_resnet_large.onnx,/home/elipregerson/nnenum/vnncomp2025_benchmarks/benchmarks/cifar100_2024/vnnlib/CIFAR100_resnet_large_prop_idx_9640_sidx_7273_eps_0.0039.vnnlib,.006003187,error_exit_code_1,1.435781439
cifar100_2024,/home/elipregerson/nnenum/vnncomp2025_benchmarks/benchmarks/cifar100_2024/onnx/CIFAR100_resnet_large.onnx,/home/elipregerson/nnenum/vnncomp2025_benchmarks/benchmarks/cifar100_2024/vnnlib/CIFAR100_resnet_large_prop_idx_5522_sidx_5863_eps_0.0039.vnnlib,.007243782,error_exit_code_1,1.445553756
cifar100_2024,/home/elipregerson/nnenum/vnncomp2025_benchmarks/benchmarks/cifar100_2024/onnx/CIFAR100_resnet_large.onnx,/home/elipregerson/nnenum/vnncomp2025_benchmarks/benchmarks/cifar100_2024/vnnlib/CIFAR100_resnet_large_prop_idx_9460_sidx_4347_eps_0.0039.vnnlib,.006408942,error_exit_code_1,1.436457311
cifar100_2024,/home/elipregerson/nnenum/vnncomp2025_benchmarks/benchmarks/cifar100_2024/onnx/CIFAR100_resnet_large.onnx,/home/elipregerson/nnenum/vnncomp2025_benchmarks/benchmarks/cifar100_2024/vnnlib/CIFAR100_resnet_large_prop_idx_8865_sidx_700_eps_0.0039.vnnlib,.006458710,error_exit_code_1,1.388003773
cifar100_2024,/home/elipregerson/nnenum/vnncomp2025_benchmarks/benchmarks/cifar100_2024/onnx/CIFAR100_resnet_large.onnx,/home/elipregerson/nnenum/vnncomp2025_benchmarks/benchmarks/cifar100_2024/vnnlib/CIFAR100_resnet_large_prop_idx_8395_sidx_8915_eps_0.0039.vnnlib,.006570530,error_exit_code_1,1.423897408
cifar100_2024,/home/elipregerson/nnenum/vnncomp2025_benchmarks/benchmarks/cifar100_2024/onnx/CIFAR100_resnet_large.onnx,/home/elipregerson/nnenum/vnncomp2025_benchmarks/benchmarks/cifar100_2024/vnnlib/CIFAR100_resnet_large_prop_idx_9883_sidx_7162_eps_0.0039.vnnlib,.006361094,error_exit_code_1,1.440216634
cifar100_2024,/home/elipregerson/nnenum/vnncomp2025_benchmarks/benchmarks/cifar100_2024/onnx/CIFAR100_resnet_large.onnx,/home/elipregerson/nnenum/vnncomp2025_benchmarks/benchmarks/cifar100_2024/vnnlib/CIFAR100_resnet_large_prop_idx_3573_sidx_2903_eps_0.0039.vnnlib,.006014819,error_exit_code_1,1.445421929
cifar100_2024,/home/elipregerson/nnenum/vnncomp2025_benchmarks/benchmarks/cifar100_2024/onnx/CIFAR100_resnet_large.onnx,/home/elipregerson/nnenum/vnncomp2025_benchmarks/benchmarks/cifar100_2024/vnnlib/CIFAR100_resnet_large_prop_idx_6418_sidx_7923_eps_0.0039.vnnlib,.006450673,error_exit_code_1,1.408222943
cifar100_2024,/home/elipregerson/nnenum/vnncomp2025_benchmarks/benchmarks/cifar100_2024/onnx/CIFAR100_resnet_large.onnx,/home/elipregerson/nnenum/vnncomp2025_benchmarks/benchmarks/cifar100_2024/vnnlib/CIFAR100_resnet_large_prop_idx_2668_sidx_2652_eps_0.0039.vnnlib,.006052771,error_exit_code_1,1.423080307
cifar100_2024,/home/elipregerson/nnenum/vnncomp2025_benchmarks/benchmarks/cifar100_2024/onnx/CIFAR100_resnet_large.onnx,/home/elipregerson/nnenum/vnncomp2025_benchmarks/benchmarks/cifar100_2024/vnnlib/CIFAR100_resnet_large_prop_idx_1216_sidx_6431_eps_0.0039.vnnlib,.006108369,error_exit_code_1,1.371910186
cifar100_2024,/home/elipregerson/nnenum/vnncomp2025_benchmarks/benchmarks/cifar100_2024/onnx/CIFAR100_resnet_large.onnx,/home/elipregerson/nnenum/vnncomp2025_benchmarks/benchmarks/cifar100_2024/vnnlib/CIFAR100_resnet_large_prop_idx_6583_sidx_8860_eps_0.0039.vnnlib,.006535030,error_exit_code_1,1.379456943
cifar100_2024,/home/elipregerson/nnenum/vnncomp2025_benchmarks/benchmarks/cifar100_2024/onnx/CIFAR100_resnet_large.onnx,/home/elipregerson/nnenum/vnncomp2025_benchmarks/benchmarks/cifar100_2024/vnnlib/CIFAR100_resnet_large_prop_idx_5546_sidx_4338_eps_0.0039.vnnlib,.006270810,error_exit_code_1,1.341960482
cifar100_2024,/home/elipregerson/nnenum/vnncomp2025_benchmarks/benchmarks/cifar100_2024/onnx/CIFAR100_resnet_large.onnx,/home/elipregerson/nnenum/vnncomp2025_benchmarks/benchmarks/cifar100_2024/vnnlib/CIFAR100_resnet_large_prop_idx_9845_sidx_200_eps_0.0039.vnnlib,.006087056,error_exit_code_1,1.339004651
cifar100_2024,/home/elipregerson/nnenum/vnncomp2025_benchmarks/benchmarks/cifar100_2024/onnx/CIFAR100_resnet_large.onnx,/home/elipregerson/nnenum/vnncomp2025_benchmarks/benchmarks/cifar100_2024/vnnlib/CIFAR100_resnet_large_prop_idx_8012_sidx_5910_eps_0.0039.vnnlib,.006039474,error_exit_code_1,1.337077648
cifar100_2024,/home/elipregerson/nnenum/vnncomp2025_benchmarks/benchmarks/cifar100_2024/onnx/CIFAR100_resnet_large.onnx,/home/elipregerson/nnenum/vnncomp2025_benchmarks/benchmarks/cifar100_2024/vnnlib/CIFAR100_resnet_large_prop_idx_7884_sidx_6926_eps_0.0039.vnnlib,.006078816,error_exit_code_1,1.325902910
cifar100_2024,/home/elipregerson/nnenum/vnncomp2025_benchmarks/benchmarks/cifar100_2024/onnx/CIFAR100_resnet_large.onnx,/home/elipregerson/nnenum/vnncomp2025_benchmarks/benchmarks/cifar100_2024/vnnlib/CIFAR100_resnet_large_prop_idx_8381_sidx_4474_eps_0.0039.vnnlib,.006095955,error_exit_code_1,1.330247762
cifar100_2024,/home/elipregerson/nnenum/vnncomp2025_benchmarks/benchmarks/cifar100_2024/onnx/CIFAR100_resnet_large.onnx,/home/elipregerson/nnenum/vnncomp2025_benchmarks/benchmarks/cifar100_2024/vnnlib/CIFAR100_resnet_large_prop_idx_483_sidx_7371_eps_0.0039.vnnlib,.006057149,error_exit_code_1,1.418052747
cifar100_2024,/home/elipregerson/nnenum/vnncomp2025_benchmarks/benchmarks/cifar100_2024/onnx/CIFAR100_resnet_large.onnx,/home/elipregerson/nnenum/vnncomp2025_benchmarks/benchmarks/cifar100_2024/vnnlib/CIFAR100_resnet_large_prop_idx_7640_sidx_9025_eps_0.0039.vnnlib,.006206537,error_exit_code_1,1.396952275
cifar100_2024,/home/elipregerson/nnenum/vnncomp2025_benchmarks/benchmarks/cifar100_2024/onnx/CIFAR100_resnet_large.onnx,/home/elipregerson/nnenum/vnncomp2025_benchmarks/benchmarks/cifar100_2024/vnnlib/CIFAR100_resnet_large_prop_idx_5230_sidx_242_eps_0.0039.vnnlib,.006066676,error_exit_code_1,1.333840026
cifar100_2024,/home/elipregerson/nnenum/vnncomp2025_benchmarks/benchmarks/cifar100_2024/onnx/CIFAR100_resnet_large.onnx,/home/elipregerson/nnenum/vnncomp2025_benchmarks/benchmarks/cifar100_2024/vnnlib/CIFAR100_resnet_large_prop_idx_9476_sidx_5602_eps_0.0039.vnnlib,.006228611,error_exit_code_1,1.344799225
cifar100_2024,/home/elipregerson/nnenum/vnncomp2025_benchmarks/benchmarks/cifar100_2024/onnx/CIFAR100_resnet_large.onnx,/home/elipregerson/nnenum/vnncomp2025_benchmarks/benchmarks/cifar100_2024/vnnlib/CIFAR100_resnet_large_prop_idx_7866_sidx_7980_eps_0.0039.vnnlib,.006257721,error_exit_code_1,1.349545245
cifar100_2024,/home/elipregerson/nnenum/vnncomp2025_benchmarks/benchmarks/cifar100_2024/onnx/CIFAR100_resnet_large.onnx,/home/elipregerson/nnenum/vnncomp2025_benchmarks/benchmarks/cifar100_2024/vnnlib/CIFAR100_resnet_large_prop_idx_7436_sidx_5742_eps_0.0039.vnnlib,.006462812,error_exit_code_1,1.377039553
cifar100_2024,/home/elipregerson/nnenum/vnncomp2025_benchmarks/benchmarks/cifar100_2024/onnx/CIFAR100_resnet_large.onnx,/home/elipregerson/nnenum/vnncomp2025_benchmarks/benchmarks/cifar100_2024/vnnlib/CIFAR100_resnet_large_prop_idx_2624_sidx_917_eps_0.0039.vnnlib,.006355880,error_exit_code_1,1.357118129
cifar100_2024,/home/elipregerson/nnenum/vnncomp2025_benchmarks/benchmarks/cifar100_2024/onnx/CIFAR100_resnet_large.onnx,/home/elipregerson/nnenum/vnncomp2025_benchmarks/benchmarks/cifar100_2024/vnnlib/CIFAR100_resnet_large_prop_idx_1241_sidx_5679_eps_0.0039.vnnlib,.006068733,error_exit_code_1,1.358346143
cifar100_2024,/home/elipregerson/nnenum/vnncomp2025_benchmarks/benchmarks/cifar100_2024/onnx/CIFAR100_resnet_large.onnx,/home/elipregerson/nnenum/vnncomp2025_benchmarks/benchmarks/cifar100_2024/vnnlib/CIFAR100_resnet_large_prop_idx_3812_sidx_8477_eps_0.0039.vnnlib,.006116037,error_exit_code_1,1.314165428
cifar100_2024,/home/elipregerson/nnenum/vnncomp2025_benchmarks/benchmarks/cifar100_2024/onnx/CIFAR100_resnet_large.onnx,/home/elipregerson/nnenum/vnncomp2025_benchmarks/benchmarks/cifar100_2024/vnnlib/CIFAR100_resnet_large_prop_idx_9372_sidx_3515_eps_0.0039.vnnlib,.009027039,error_exit_code_1,1.366192426
cifar100_2024,/home/elipregerson/nnenum/vnncomp2025_benchmarks/benchmarks/cifar100_2024/onnx/CIFAR100_resnet_large.onnx,/home/elipregerson/nnenum/vnncomp2025_benchmarks/benchmarks/cifar100_2024/vnnlib/CIFAR100_resnet_large_prop_idx_1590_sidx_2858_eps_0.0039.vnnlib,.006083257,error_exit_code_1,1.331184891
cifar100_2024,/home/elipregerson/nnenum/vnncomp2025_benchmarks/benchmarks/cifar100_2024/onnx/CIFAR100_resnet_large.onnx,/home/elipregerson/nnenum/vnncomp2025_benchmarks/benchmarks/cifar100_2024/vnnlib/CIFAR100_resnet_large_prop_idx_6337_sidx_2381_eps_0.0039.vnnlib,.006051845,error_exit_code_1,1.318991083
cifar100_2024,/home/elipregerson/nnenum/vnncomp2025_benchmarks/benchmarks/cifar100_2024/onnx/CIFAR100_resnet_large.onnx,/home/elipregerson/nnenum/vnncomp2025_benchmarks/benchmarks/cifar100_2024/vnnlib/CIFAR100_resnet_large_prop_idx_6757_sidx_2400_eps_0.0039.vnnlib,.006150181,error_exit_code_1,1.330226037
cifar100_2024,/home/elipregerson/nnenum/vnncomp2025_benchmarks/benchmarks/test/onnx/test_nano.onnx,/home/elipregerson/nnenum/vnncomp2025_benchmarks/benchmarks/test/vnnlib/test_nano.vnnlib,.006141136,unsat,.548772548
collins_aerospace_benchmark,/home/elipregerson/nnenum/vnncomp2025_benchmarks/benchmarks/collins_aerospace_benchmark/onnx/yolov5nano_LRelu_640.onnx,/home/elipregerson/nnenum/vnncomp2025_benchmarks/benchmarks/collins_aerospace_benchmark/vnnlib/img_14421_perturbed_bbox_3_delta_0.001.vnnlib,.006265454,error_exit_code_1,55.059276914
collins_aerospace_benchmark,/home/elipregerson/nnenum/vnncomp2025_benchmarks/benchmarks/collins_aerospace_benchmark/onnx/yolov5nano_LRelu_640.onnx,/home/elipregerson/nnenum/vnncomp2025_benchmarks/benchmarks/collins_aerospace_benchmark/vnnlib/img_6876_perturbed_bbox_0_delta_0.005.vnnlib,.006148643,error_exit_code_1,54.344189357
collins_aerospace_benchmark,/home/elipregerson/nnenum/vnncomp2025_benchmarks/benchmarks/collins_aerospace_benchmark/onnx/yolov5nano_LRelu_640.onnx,/home/elipregerson/nnenum/vnncomp2025_benchmarks/benchmarks/collins_aerospace_benchmark/vnnlib/img_14386_perturbed_bbox_7_delta_0.01.vnnlib,.006115620,error_exit_code_1,53.483045554
collins_aerospace_benchmark,/home/elipregerson/nnenum/vnncomp2025_benchmarks/benchmarks/collins_aerospace_benchmark/onnx/yolov5nano_LRelu_640.onnx,/home/elipregerson/nnenum/vnncomp2025_benchmarks/benchmarks/collins_aerospace_benchmark/vnnlib/img_8758_perturbed_bbox_3_delta_0.02.vnnlib,.006215647,error_exit_code_1,54.612392120
collins_aerospace_benchmark,/home/elipregerson/nnenum/vnncomp2025_benchmarks/benchmarks/collins_aerospace_benchmark/onnx/yolov5nano_LRelu_640.onnx,/home/elipregerson/nnenum/vnncomp2025_benchmarks/benchmarks/collins_aerospace_benchmark/vnnlib/img_8758_perturbed_bbox_4_delta_0.05.vnnlib,.006032637,error_exit_code_1,53.420765320
collins_aerospace_benchmark,/home/elipregerson/nnenum/vnncomp2025_benchmarks/benchmarks/collins_aerospace_benchmark/onnx/yolov5nano_LRelu_640.onnx,/home/elipregerson/nnenum/vnncomp2025_benchmarks/benchmarks/collins_aerospace_benchmark/vnnlib/img_12761_perturbed_bbox_0_delta_0.1.vnnlib,.006073346,error_exit_code_1,54.277819347
collins_aerospace_benchmark,/home/elipregerson/nnenum/vnncomp2025_benchmarks/benchmarks/test/onnx/test_nano.onnx,/home/elipregerson/nnenum/vnncomp2025_benchmarks/benchmarks/test/vnnlib/test_nano.vnnlib,.006410354,unsat,.591124006
collins_rul_cnn_2022,/home/elipregerson/nnenum/vnncomp2025_benchmarks/benchmarks/collins_rul_cnn_2022/onnx/NN_rul_small_window_20.onnx,/home/elipregerson/nnenum/vnncomp2025_benchmarks/benchmarks/collins_rul_cnn_2022/vnnlib/robustness_2perturbations_delta5_epsilon10_w20.vnnlib,.006598586,sat,.750932549
collins_rul_cnn_2022,/home/elipregerson/nnenum/vnncomp2025_benchmarks/benchmarks/collins_rul_cnn_2022/onnx/NN_rul_small_window_20.onnx,/home/elipregerson/nnenum/vnncomp2025_benchmarks/benchmarks/collins_rul_cnn_2022/vnnlib/robustness_2perturbations_delta10_epsilon10_w20.vnnlib,.006135163,unsat,.756505535
collins_rul_cnn_2022,/home/elipregerson/nnenum/vnncomp2025_benchmarks/benchmarks/collins_rul_cnn_2022/onnx/NN_rul_small_window_20.onnx,/home/elipregerson/nnenum/vnncomp2025_benchmarks/benchmarks/collins_rul_cnn_2022/vnnlib/robustness_2perturbations_delta20_epsilon10_w20.vnnlib,.006061557,unsat,.753650747
collins_rul_cnn_2022,/home/elipregerson/nnenum/vnncomp2025_benchmarks/benchmarks/collins_rul_cnn_2022/onnx/NN_rul_small_window_20.onnx,/home/elipregerson/nnenum/vnncomp2025_benchmarks/benchmarks/collins_rul_cnn_2022/vnnlib/robustness_2perturbations_delta40_epsilon10_w20.vnnlib,.006087915,unsat,.752093739
collins_rul_cnn_2022,/home/elipregerson/nnenum/vnncomp2025_benchmarks/benchmarks/collins_rul_cnn_2022/onnx/NN_rul_small_window_20.onnx,/home/elipregerson/nnenum/vnncomp2025_benchmarks/benchmarks/collins_rul_cnn_2022/vnnlib/robustness_4perturbations_delta5_epsilon10_w20.vnnlib,.006431263,sat,.738372812
collins_rul_cnn_2022,/home/elipregerson/nnenum/vnncomp2025_benchmarks/benchmarks/collins_rul_cnn_2022/onnx/NN_rul_small_window_20.onnx,/home/elipregerson/nnenum/vnncomp2025_benchmarks/benchmarks/collins_rul_cnn_2022/vnnlib/robustness_4perturbations_delta10_epsilon10_w20.vnnlib,.006057286,sat,.736479484
collins_rul_cnn_2022,/home/elipregerson/nnenum/vnncomp2025_benchmarks/benchmarks/collins_rul_cnn_2022/onnx/NN_rul_small_window_20.onnx,/home/elipregerson/nnenum/vnncomp2025_benchmarks/benchmarks/collins_rul_cnn_2022/vnnlib/robustness_4perturbations_delta20_epsilon10_w20.vnnlib,.006354346,sat,.720880079
collins_rul_cnn_2022,/home/elipregerson/nnenum/vnncomp2025_benchmarks/benchmarks/collins_rul_cnn_2022/onnx/NN_rul_small_window_20.onnx,/home/elipregerson/nnenum/vnncomp2025_benchmarks/benchmarks/collins_rul_cnn_2022/vnnlib/robustness_4perturbations_delta40_epsilon10_w20.vnnlib,.006584282,sat,.762828996
collins_rul_cnn_2022,/home/elipregerson/nnenum/vnncomp2025_benchmarks/benchmarks/collins_rul_cnn_2022/onnx/NN_rul_small_window_20.onnx,/home/elipregerson/nnenum/vnncomp2025_benchmarks/benchmarks/collins_rul_cnn_2022/vnnlib/robustness_8perturbations_delta5_epsilon10_w20.vnnlib,.006003911,unsat,.770868858
collins_rul_cnn_2022,/home/elipregerson/nnenum/vnncomp2025_benchmarks/benchmarks/collins_rul_cnn_2022/onnx/NN_rul_small_window_20.onnx,/home/elipregerson/nnenum/vnncomp2025_benchmarks/benchmarks/collins_rul_cnn_2022/vnnlib/robustness_8perturbations_delta10_epsilon10_w20.vnnlib,.006070248,unsat,.783347794
collins_rul_cnn_2022,/home/elipregerson/nnenum/vnncomp2025_benchmarks/benchmarks/collins_rul_cnn_2022/onnx/NN_rul_small_window_20.onnx,/home/elipregerson/nnenum/vnncomp2025_benchmarks/benchmarks/collins_rul_cnn_2022/vnnlib/robustness_8perturbations_delta20_epsilon10_w20.vnnlib,.006447392,unsat,.740633480
collins_rul_cnn_2022,/home/elipregerson/nnenum/vnncomp2025_benchmarks/benchmarks/collins_rul_cnn_2022/onnx/NN_rul_small_window_20.onnx,/home/elipregerson/nnenum/vnncomp2025_benchmarks/benchmarks/collins_rul_cnn_2022/vnnlib/robustness_8perturbations_delta40_epsilon10_w20.vnnlib,.006277819,unsat,.745686073
collins_rul_cnn_2022,/home/elipregerson/nnenum/vnncomp2025_benchmarks/benchmarks/collins_rul_cnn_2022/onnx/NN_rul_small_window_20.onnx,/home/elipregerson/nnenum/vnncomp2025_benchmarks/benchmarks/collins_rul_cnn_2022/vnnlib/robustness_16perturbations_delta5_epsilon10_w20.vnnlib,.006394677,unsat,.764461610
collins_rul_cnn_2022,/home/elipregerson/nnenum/vnncomp2025_benchmarks/benchmarks/collins_rul_cnn_2022/onnx/NN_rul_small_window_20.onnx,/home/elipregerson/nnenum/vnncomp2025_benchmarks/benchmarks/collins_rul_cnn_2022/vnnlib/robustness_16perturbations_delta10_epsilon10_w20.vnnlib,.006105378,sat,.761100041
collins_rul_cnn_2022,/home/elipregerson/nnenum/vnncomp2025_benchmarks/benchmarks/collins_rul_cnn_2022/onnx/NN_rul_small_window_20.onnx,/home/elipregerson/nnenum/vnncomp2025_benchmarks/benchmarks/collins_rul_cnn_2022/vnnlib/robustness_16perturbations_delta20_epsilon10_w20.vnnlib,.006252660,unsat,.750813144
collins_rul_cnn_2022,/home/elipregerson/nnenum/vnncomp2025_benchmarks/benchmarks/collins_rul_cnn_2022/onnx/NN_rul_small_window_20.onnx,/home/elipregerson/nnenum/vnncomp2025_benchmarks/benchmarks/collins_rul_cnn_2022/vnnlib/robustness_16perturbations_delta40_epsilon10_w20.vnnlib,.006500753,sat,.761978761
collins_rul_cnn_2022,/home/elipregerson/nnenum/vnncomp2025_benchmarks/benchmarks/collins_rul_cnn_2022/onnx/NN_rul_small_window_20.onnx,/home/elipregerson/nnenum/vnncomp2025_benchmarks/benchmarks/collins_rul_cnn_2022/vnnlib/monotonicity_CI_shift5_w20.vnnlib,.007480306,unsat,.751432131
collins_rul_cnn_2022,/home/elipregerson/nnenum/vnncomp2025_benchmarks/benchmarks/collins_rul_cnn_2022/onnx/NN_rul_small_window_20.onnx,/home/elipregerson/nnenum/vnncomp2025_benchmarks/benchmarks/collins_rul_cnn_2022/vnnlib/monotonicity_CI_shift10_w20.vnnlib,.005959746,unsat,.729028373
collins_rul_cnn_2022,/home/elipregerson/nnenum/vnncomp2025_benchmarks/benchmarks/collins_rul_cnn_2022/onnx/NN_rul_small_window_20.onnx,/home/elipregerson/nnenum/vnncomp2025_benchmarks/benchmarks/collins_rul_cnn_2022/vnnlib/monotonicity_CI_shift20_w20.vnnlib,.006534350,unsat,.736416872
collins_rul_cnn_2022,/home/elipregerson/nnenum/vnncomp2025_benchmarks/benchmarks/collins_rul_cnn_2022/onnx/NN_rul_small_window_20.onnx,/home/elipregerson/nnenum/vnncomp2025_benchmarks/benchmarks/collins_rul_cnn_2022/vnnlib/if_then_5levels_w20.vnnlib,.006018515,sat,.742486052
collins_rul_cnn_2022,/home/elipregerson/nnenum/vnncomp2025_benchmarks/benchmarks/collins_rul_cnn_2022/onnx/NN_rul_small_window_20.onnx,/home/elipregerson/nnenum/vnncomp2025_benchmarks/benchmarks/collins_rul_cnn_2022/vnnlib/if_then_7levels_w20.vnnlib,.006373596,sat,.733412263
collins_rul_cnn_2022,/home/elipregerson/nnenum/vnncomp2025_benchmarks/benchmarks/collins_rul_cnn_2022/onnx/NN_rul_small_window_20.onnx,/home/elipregerson/nnenum/vnncomp2025_benchmarks/benchmarks/collins_rul_cnn_2022/vnnlib/if_then_9levels_w20.vnnlib,.006114379,sat,.749220505
collins_rul_cnn_2022,/home/elipregerson/nnenum/vnncomp2025_benchmarks/benchmarks/collins_rul_cnn_2022/onnx/NN_rul_full_window_20.onnx,/home/elipregerson/nnenum/vnncomp2025_benchmarks/benchmarks/collins_rul_cnn_2022/vnnlib/robustness_2perturbations_delta5_epsilon10_w20.vnnlib,.006176145,sat,.732013439
collins_rul_cnn_2022,/home/elipregerson/nnenum/vnncomp2025_benchmarks/benchmarks/collins_rul_cnn_2022/onnx/NN_rul_full_window_20.onnx,/home/elipregerson/nnenum/vnncomp2025_benchmarks/benchmarks/collins_rul_cnn_2022/vnnlib/robustness_2perturbations_delta10_epsilon10_w20.vnnlib,.006567445,unsat,.763069077
collins_rul_cnn_2022,/home/elipregerson/nnenum/vnncomp2025_benchmarks/benchmarks/collins_rul_cnn_2022/onnx/NN_rul_full_window_20.onnx,/home/elipregerson/nnenum/vnncomp2025_benchmarks/benchmarks/collins_rul_cnn_2022/vnnlib/robustness_2perturbations_delta20_epsilon10_w20.vnnlib,.006752064,unsat,.809876163
collins_rul_cnn_2022,/home/elipregerson/nnenum/vnncomp2025_benchmarks/benchmarks/collins_rul_cnn_2022/onnx/NN_rul_full_window_20.onnx,/home/elipregerson/nnenum/vnncomp2025_benchmarks/benchmarks/collins_rul_cnn_2022/vnnlib/robustness_2perturbations_delta40_epsilon10_w20.vnnlib,.006516571,unsat,.765985643
collins_rul_cnn_2022,/home/elipregerson/nnenum/vnncomp2025_benchmarks/benchmarks/collins_rul_cnn_2022/onnx/NN_rul_full_window_20.onnx,/home/elipregerson/nnenum/vnncomp2025_benchmarks/benchmarks/collins_rul_cnn_2022/vnnlib/robustness_4perturbations_delta5_epsilon10_w20.vnnlib,.005985496,sat,.753777465
collins_rul_cnn_2022,/home/elipregerson/nnenum/vnncomp2025_benchmarks/benchmarks/collins_rul_cnn_2022/onnx/NN_rul_full_window_20.onnx,/home/elipregerson/nnenum/vnncomp2025_benchmarks/benchmarks/collins_rul_cnn_2022/vnnlib/robustness_4perturbations_delta10_epsilon10_w20.vnnlib,.006267530,sat,.757746698
collins_rul_cnn_2022,/home/elipregerson/nnenum/vnncomp2025_benchmarks/benchmarks/collins_rul_cnn_2022/onnx/NN_rul_full_window_20.onnx,/home/elipregerson/nnenum/vnncomp2025_benchmarks/benchmarks/collins_rul_cnn_2022/vnnlib/robustness_4perturbations_delta20_epsilon10_w20.vnnlib,.006487905,sat,.761799438
collins_rul_cnn_2022,/home/elipregerson/nnenum/vnncomp2025_benchmarks/benchmarks/collins_rul_cnn_2022/onnx/NN_rul_full_window_20.onnx,/home/elipregerson/nnenum/vnncomp2025_benchmarks/benchmarks/collins_rul_cnn_2022/vnnlib/robustness_4perturbations_delta40_epsilon10_w20.vnnlib,.006034765,sat,.737537699
collins_rul_cnn_2022,/home/elipregerson/nnenum/vnncomp2025_benchmarks/benchmarks/collins_rul_cnn_2022/onnx/NN_rul_full_window_20.onnx,/home/elipregerson/nnenum/vnncomp2025_benchmarks/benchmarks/collins_rul_cnn_2022/vnnlib/robustness_8perturbations_delta5_epsilon10_w20.vnnlib,.006193330,unsat,.763646229
collins_rul_cnn_2022,/home/elipregerson/nnenum/vnncomp2025_benchmarks/benchmarks/collins_rul_cnn_2022/onnx/NN_rul_full_window_20.onnx,/home/elipregerson/nnenum/vnncomp2025_benchmarks/benchmarks/collins_rul_cnn_2022/vnnlib/robustness_8perturbations_delta10_epsilon10_w20.vnnlib,.006032531,unsat,.770642086
collins_rul_cnn_2022,/home/elipregerson/nnenum/vnncomp2025_benchmarks/benchmarks/collins_rul_cnn_2022/onnx/NN_rul_full_window_20.onnx,/home/elipregerson/nnenum/vnncomp2025_benchmarks/benchmarks/collins_rul_cnn_2022/vnnlib/robustness_8perturbations_delta20_epsilon10_w20.vnnlib,.006420605,unsat,.775064943
collins_rul_cnn_2022,/home/elipregerson/nnenum/vnncomp2025_benchmarks/benchmarks/collins_rul_cnn_2022/onnx/NN_rul_full_window_20.onnx,/home/elipregerson/nnenum/vnncomp2025_benchmarks/benchmarks/collins_rul_cnn_2022/vnnlib/robustness_8perturbations_delta40_epsilon10_w20.vnnlib,.006633453,unsat,.758834791
collins_rul_cnn_2022,/home/elipregerson/nnenum/vnncomp2025_benchmarks/benchmarks/collins_rul_cnn_2022/onnx/NN_rul_full_window_20.onnx,/home/elipregerson/nnenum/vnncomp2025_benchmarks/benchmarks/collins_rul_cnn_2022/vnnlib/robustness_16perturbations_delta5_epsilon10_w20.vnnlib,.006421502,unsat,.765721088
collins_rul_cnn_2022,/home/elipregerson/nnenum/vnncomp2025_benchmarks/benchmarks/collins_rul_cnn_2022/onnx/NN_rul_full_window_20.onnx,/home/elipregerson/nnenum/vnncomp2025_benchmarks/benchmarks/collins_rul_cnn_2022/vnnlib/robustness_16perturbations_delta10_epsilon10_w20.vnnlib,.006156660,sat,.768696778
collins_rul_cnn_2022,/home/elipregerson/nnenum/vnncomp2025_benchmarks/benchmarks/collins_rul_cnn_2022/onnx/NN_rul_full_window_20.onnx,/home/elipregerson/nnenum/vnncomp2025_benchmarks/benchmarks/collins_rul_cnn_2022/vnnlib/robustness_16perturbations_delta20_epsilon10_w20.vnnlib,.006443649,unsat,.775865397
collins_rul_cnn_2022,/home/elipregerson/nnenum/vnncomp2025_benchmarks/benchmarks/collins_rul_cnn_2022/onnx/NN_rul_full_window_20.onnx,/home/elipregerson/nnenum/vnncomp2025_benchmarks/benchmarks/collins_rul_cnn_2022/vnnlib/robustness_16perturbations_delta40_epsilon10_w20.vnnlib,.006458108,sat,.784630357
collins_rul_cnn_2022,/home/elipregerson/nnenum/vnncomp2025_benchmarks/benchmarks/collins_rul_cnn_2022/onnx/NN_rul_full_window_20.onnx,/home/elipregerson/nnenum/vnncomp2025_benchmarks/benchmarks/collins_rul_cnn_2022/vnnlib/monotonicity_CI_shift5_w20.vnnlib,.006181162,unsat,.714701707
collins_rul_cnn_2022,/home/elipregerson/nnenum/vnncomp2025_benchmarks/benchmarks/collins_rul_cnn_2022/onnx/NN_rul_full_window_20.onnx,/home/elipregerson/nnenum/vnncomp2025_benchmarks/benchmarks/collins_rul_cnn_2022/vnnlib/monotonicity_CI_shift10_w20.vnnlib,.006639128,unsat,.709446722
collins_rul_cnn_2022,/home/elipregerson/nnenum/vnncomp2025_benchmarks/benchmarks/collins_rul_cnn_2022/onnx/NN_rul_full_window_20.onnx,/home/elipregerson/nnenum/vnncomp2025_benchmarks/benchmarks/collins_rul_cnn_2022/vnnlib/monotonicity_CI_shift20_w20.vnnlib,.006240983,unsat,.734163173
collins_rul_cnn_2022,/home/elipregerson/nnenum/vnncomp2025_benchmarks/benchmarks/collins_rul_cnn_2022/onnx/NN_rul_full_window_20.onnx,/home/elipregerson/nnenum/vnncomp2025_benchmarks/benchmarks/collins_rul_cnn_2022/vnnlib/if_then_7levels_w20.vnnlib,.006063835,sat,.763646443
collins_rul_cnn_2022,/home/elipregerson/nnenum/vnncomp2025_benchmarks/benchmarks/collins_rul_cnn_2022/onnx/NN_rul_full_window_20.onnx,/home/elipregerson/nnenum/vnncomp2025_benchmarks/benchmarks/collins_rul_cnn_2022/vnnlib/if_then_9levels_w20.vnnlib,.005929310,sat,.728977950
collins_rul_cnn_2022,/home/elipregerson/nnenum/vnncomp2025_benchmarks/benchmarks/collins_rul_cnn_2022/onnx/NN_rul_full_window_40.onnx,/home/elipregerson/nnenum/vnncomp2025_benchmarks/benchmarks/collins_rul_cnn_2022/vnnlib/robustness_2perturbations_delta5_epsilon10_w40.vnnlib,.006267630,unsat,.720351969
collins_rul_cnn_2022,/home/elipregerson/nnenum/vnncomp2025_benchmarks/benchmarks/collins_rul_cnn_2022/onnx/NN_rul_full_window_40.onnx,/home/elipregerson/nnenum/vnncomp2025_benchmarks/benchmarks/collins_rul_cnn_2022/vnnlib/robustness_2perturbations_delta10_epsilon10_w40.vnnlib,.006257574,unsat,.777728829
collins_rul_cnn_2022,/home/elipregerson/nnenum/vnncomp2025_benchmarks/benchmarks/collins_rul_cnn_2022/onnx/NN_rul_full_window_40.onnx,/home/elipregerson/nnenum/vnncomp2025_benchmarks/benchmarks/collins_rul_cnn_2022/vnnlib/robustness_2perturbations_delta20_epsilon10_w40.vnnlib,.006106785,unsat,.770886681
collins_rul_cnn_2022,/home/elipregerson/nnenum/vnncomp2025_benchmarks/benchmarks/collins_rul_cnn_2022/onnx/NN_rul_full_window_40.onnx,/home/elipregerson/nnenum/vnncomp2025_benchmarks/benchmarks/collins_rul_cnn_2022/vnnlib/robustness_2perturbations_delta40_epsilon10_w40.vnnlib,.006015134,unsat,.730168930
collins_rul_cnn_2022,/home/elipregerson/nnenum/vnncomp2025_benchmarks/benchmarks/collins_rul_cnn_2022/onnx/NN_rul_full_window_40.onnx,/home/elipregerson/nnenum/vnncomp2025_benchmarks/benchmarks/collins_rul_cnn_2022/vnnlib/robustness_4perturbations_delta5_epsilon10_w40.vnnlib,.006153263,sat,.699018610
collins_rul_cnn_2022,/home/elipregerson/nnenum/vnncomp2025_benchmarks/benchmarks/collins_rul_cnn_2022/onnx/NN_rul_full_window_40.onnx,/home/elipregerson/nnenum/vnncomp2025_benchmarks/benchmarks/collins_rul_cnn_2022/vnnlib/robustness_4perturbations_delta10_epsilon10_w40.vnnlib,.006074412,sat,.709633879
collins_rul_cnn_2022,/home/elipregerson/nnenum/vnncomp2025_benchmarks/benchmarks/collins_rul_cnn_2022/onnx/NN_rul_full_window_40.onnx,/home/elipregerson/nnenum/vnncomp2025_benchmarks/benchmarks/collins_rul_cnn_2022/vnnlib/robustness_4perturbations_delta20_epsilon10_w40.vnnlib,.005953831,unsat,.699998723
collins_rul_cnn_2022,/home/elipregerson/nnenum/vnncomp2025_benchmarks/benchmarks/collins_rul_cnn_2022/onnx/NN_rul_full_window_40.onnx,/home/elipregerson/nnenum/vnncomp2025_benchmarks/benchmarks/collins_rul_cnn_2022/vnnlib/robustness_4perturbations_delta40_epsilon10_w40.vnnlib,.006069423,sat,.713666970
collins_rul_cnn_2022,/home/elipregerson/nnenum/vnncomp2025_benchmarks/benchmarks/collins_rul_cnn_2022/onnx/NN_rul_full_window_40.onnx,/home/elipregerson/nnenum/vnncomp2025_benchmarks/benchmarks/collins_rul_cnn_2022/vnnlib/robustness_8perturbations_delta5_epsilon10_w40.vnnlib,.006131816,unsat,.724732315
collins_rul_cnn_2022,/home/elipregerson/nnenum/vnncomp2025_benchmarks/benchmarks/collins_rul_cnn_2022/onnx/NN_rul_full_window_40.onnx,/home/elipregerson/nnenum/vnncomp2025_benchmarks/benchmarks/collins_rul_cnn_2022/vnnlib/robustness_8perturbations_delta10_epsilon10_w40.vnnlib,.006018045,unsat,.713733154
collins_rul_cnn_2022,/home/elipregerson/nnenum/vnncomp2025_benchmarks/benchmarks/collins_rul_cnn_2022/onnx/NN_rul_full_window_40.onnx,/home/elipregerson/nnenum/vnncomp2025_benchmarks/benchmarks/collins_rul_cnn_2022/vnnlib/robustness_8perturbations_delta20_epsilon10_w40.vnnlib,.005929274,unsat,.713520078
collins_rul_cnn_2022,/home/elipregerson/nnenum/vnncomp2025_benchmarks/benchmarks/collins_rul_cnn_2022/onnx/NN_rul_full_window_40.onnx,/home/elipregerson/nnenum/vnncomp2025_benchmarks/benchmarks/collins_rul_cnn_2022/vnnlib/robustness_8perturbations_delta40_epsilon10_w40.vnnlib,.006078812,sat,.731847959
collins_rul_cnn_2022,/home/elipregerson/nnenum/vnncomp2025_benchmarks/benchmarks/collins_rul_cnn_2022/onnx/NN_rul_full_window_40.onnx,/home/elipregerson/nnenum/vnncomp2025_benchmarks/benchmarks/collins_rul_cnn_2022/vnnlib/robustness_16perturbations_delta5_epsilon10_w40.vnnlib,.005953999,unsat,.741721077
collins_rul_cnn_2022,/home/elipregerson/nnenum/vnncomp2025_benchmarks/benchmarks/collins_rul_cnn_2022/onnx/NN_rul_full_window_40.onnx,/home/elipregerson/nnenum/vnncomp2025_benchmarks/benchmarks/collins_rul_cnn_2022/vnnlib/robustness_16perturbations_delta10_epsilon10_w40.vnnlib,.006213233,unsat,.745278854
collins_rul_cnn_2022,/home/elipregerson/nnenum/vnncomp2025_benchmarks/benchmarks/collins_rul_cnn_2022/onnx/NN_rul_full_window_40.onnx,/home/elipregerson/nnenum/vnncomp2025_benchmarks/benchmarks/collins_rul_cnn_2022/vnnlib/robustness_16perturbations_delta20_epsilon10_w40.vnnlib,.005891960,unsat,.723866471
collins_rul_cnn_2022,/home/elipregerson/nnenum/vnncomp2025_benchmarks/benchmarks/collins_rul_cnn_2022/onnx/NN_rul_full_window_40.onnx,/home/elipregerson/nnenum/vnncomp2025_benchmarks/benchmarks/collins_rul_cnn_2022/vnnlib/robustness_16perturbations_delta40_epsilon10_w40.vnnlib,.006068209,unsat,.788443204
collins_rul_cnn_2022,/home/elipregerson/nnenum/vnncomp2025_benchmarks/benchmarks/collins_rul_cnn_2022/onnx/NN_rul_full_window_40.onnx,/home/elipregerson/nnenum/vnncomp2025_benchmarks/benchmarks/collins_rul_cnn_2022/vnnlib/monotonicity_CI_shift5_w40.vnnlib,.006066382,unsat,.720379643
collins_rul_cnn_2022,/home/elipregerson/nnenum/vnncomp2025_benchmarks/benchmarks/collins_rul_cnn_2022/onnx/NN_rul_full_window_40.onnx,/home/elipregerson/nnenum/vnncomp2025_benchmarks/benchmarks/collins_rul_cnn_2022/vnnlib/monotonicity_CI_shift10_w40.vnnlib,.006025946,unsat,.779475480
collins_rul_cnn_2022,/home/elipregerson/nnenum/vnncomp2025_benchmarks/benchmarks/collins_rul_cnn_2022/onnx/NN_rul_full_window_40.onnx,/home/elipregerson/nnenum/vnncomp2025_benchmarks/benchmarks/collins_rul_cnn_2022/vnnlib/monotonicity_CI_shift20_w40.vnnlib,.006269719,unsat,.749224253
collins_rul_cnn_2022,/home/elipregerson/nnenum/vnncomp2025_benchmarks/benchmarks/test/onnx/test_nano.onnx,/home/elipregerson/nnenum/vnncomp2025_benchmarks/benchmarks/test/vnnlib/test_nano.vnnlib,.006166087,unsat,.708531447
cora_2024,/home/elipregerson/nnenum/vnncomp2025_benchmarks/benchmarks/cora_2024/./onnx/mnist-point.onnx,/home/elipregerson/nnenum/vnncomp2025_benchmarks/benchmarks/cora_2024/vnnlib/mnist-img0.vnnlib,.006092980,error_exit_code_1,.681587403
cora_2024,/home/elipregerson/nnenum/vnncomp2025_benchmarks/benchmarks/cora_2024/./onnx/mnist-trades.onnx,/home/elipregerson/nnenum/vnncomp2025_benchmarks/benchmarks/cora_2024/vnnlib/mnist-img0.vnnlib,.006256368,error_exit_code_1,.649914511
cora_2024,/home/elipregerson/nnenum/vnncomp2025_benchmarks/benchmarks/cora_2024/./onnx/mnist-set.onnx,/home/elipregerson/nnenum/vnncomp2025_benchmarks/benchmarks/cora_2024/vnnlib/mnist-img0.vnnlib,.006317174,error_exit_code_1,.656492227
cora_2024,/home/elipregerson/nnenum/vnncomp2025_benchmarks/benchmarks/cora_2024/./onnx/mnist-point.onnx,/home/elipregerson/nnenum/vnncomp2025_benchmarks/benchmarks/cora_2024/vnnlib/mnist-img1.vnnlib,.006297289,error_exit_code_1,.645018083
cora_2024,/home/elipregerson/nnenum/vnncomp2025_benchmarks/benchmarks/cora_2024/./onnx/mnist-trades.onnx,/home/elipregerson/nnenum/vnncomp2025_benchmarks/benchmarks/cora_2024/vnnlib/mnist-img1.vnnlib,.006334477,error_exit_code_1,.621319904
cora_2024,/home/elipregerson/nnenum/vnncomp2025_benchmarks/benchmarks/cora_2024/./onnx/mnist-set.onnx,/home/elipregerson/nnenum/vnncomp2025_benchmarks/benchmarks/cora_2024/vnnlib/mnist-img1.vnnlib,.006045908,error_exit_code_1,.614011077
cora_2024,/home/elipregerson/nnenum/vnncomp2025_benchmarks/benchmarks/cora_2024/./onnx/mnist-point.onnx,/home/elipregerson/nnenum/vnncomp2025_benchmarks/benchmarks/cora_2024/vnnlib/mnist-img2.vnnlib,.006280898,error_exit_code_1,.643381118
cora_2024,/home/elipregerson/nnenum/vnncomp2025_benchmarks/benchmarks/cora_2024/./onnx/mnist-trades.onnx,/home/elipregerson/nnenum/vnncomp2025_benchmarks/benchmarks/cora_2024/vnnlib/mnist-img2.vnnlib,.006154384,error_exit_code_1,.599278656
cora_2024,/home/elipregerson/nnenum/vnncomp2025_benchmarks/benchmarks/cora_2024/./onnx/mnist-set.onnx,/home/elipregerson/nnenum/vnncomp2025_benchmarks/benchmarks/cora_2024/vnnlib/mnist-img2.vnnlib,.006143892,error_exit_code_1,.618842272
cora_2024,/home/elipregerson/nnenum/vnncomp2025_benchmarks/benchmarks/cora_2024/./onnx/mnist-point.onnx,/home/elipregerson/nnenum/vnncomp2025_benchmarks/benchmarks/cora_2024/vnnlib/mnist-img3.vnnlib,.006101757,error_exit_code_1,.626694955
cora_2024,/home/elipregerson/nnenum/vnncomp2025_benchmarks/benchmarks/cora_2024/./onnx/mnist-trades.onnx,/home/elipregerson/nnenum/vnncomp2025_benchmarks/benchmarks/cora_2024/vnnlib/mnist-img3.vnnlib,.006106899,error_exit_code_1,.599377578
cora_2024,/home/elipregerson/nnenum/vnncomp2025_benchmarks/benchmarks/cora_2024/./onnx/mnist-set.onnx,/home/elipregerson/nnenum/vnncomp2025_benchmarks/benchmarks/cora_2024/vnnlib/mnist-img3.vnnlib,.006224015,error_exit_code_1,.583915322
cora_2024,/home/elipregerson/nnenum/vnncomp2025_benchmarks/benchmarks/cora_2024/./onnx/mnist-point.onnx,/home/elipregerson/nnenum/vnncomp2025_benchmarks/benchmarks/cora_2024/vnnlib/mnist-img4.vnnlib,.006045268,error_exit_code_1,.611033135
cora_2024,/home/elipregerson/nnenum/vnncomp2025_benchmarks/benchmarks/cora_2024/./onnx/mnist-trades.onnx,/home/elipregerson/nnenum/vnncomp2025_benchmarks/benchmarks/cora_2024/vnnlib/mnist-img4.vnnlib,.006281095,error_exit_code_1,.590784731
cora_2024,/home/elipregerson/nnenum/vnncomp2025_benchmarks/benchmarks/cora_2024/./onnx/mnist-set.onnx,/home/elipregerson/nnenum/vnncomp2025_benchmarks/benchmarks/cora_2024/vnnlib/mnist-img4.vnnlib,.006049172,error_exit_code_1,.618050970
cora_2024,/home/elipregerson/nnenum/vnncomp2025_benchmarks/benchmarks/cora_2024/./onnx/mnist-point.onnx,/home/elipregerson/nnenum/vnncomp2025_benchmarks/benchmarks/cora_2024/vnnlib/mnist-img5.vnnlib,.006163167,error_exit_code_1,.603270484
cora_2024,/home/elipregerson/nnenum/vnncomp2025_benchmarks/benchmarks/cora_2024/./onnx/mnist-trades.onnx,/home/elipregerson/nnenum/vnncomp2025_benchmarks/benchmarks/cora_2024/vnnlib/mnist-img5.vnnlib,.006289708,error_exit_code_1,.587993216
cora_2024,/home/elipregerson/nnenum/vnncomp2025_benchmarks/benchmarks/cora_2024/./onnx/mnist-set.onnx,/home/elipregerson/nnenum/vnncomp2025_benchmarks/benchmarks/cora_2024/vnnlib/mnist-img5.vnnlib,.006146721,error_exit_code_1,.604035112
cora_2024,/home/elipregerson/nnenum/vnncomp2025_benchmarks/benchmarks/cora_2024/./onnx/mnist-point.onnx,/home/elipregerson/nnenum/vnncomp2025_benchmarks/benchmarks/cora_2024/vnnlib/mnist-img6.vnnlib,.006230055,error_exit_code_1,.615480549
cora_2024,/home/elipregerson/nnenum/vnncomp2025_benchmarks/benchmarks/cora_2024/./onnx/mnist-trades.onnx,/home/elipregerson/nnenum/vnncomp2025_benchmarks/benchmarks/cora_2024/vnnlib/mnist-img6.vnnlib,.006257853,error_exit_code_1,.602060813
cora_2024,/home/elipregerson/nnenum/vnncomp2025_benchmarks/benchmarks/cora_2024/./onnx/mnist-set.onnx,/home/elipregerson/nnenum/vnncomp2025_benchmarks/benchmarks/cora_2024/vnnlib/mnist-img6.vnnlib,.005964152,error_exit_code_1,.598754969
cora_2024,/home/elipregerson/nnenum/vnncomp2025_benchmarks/benchmarks/cora_2024/./onnx/mnist-point.onnx,/home/elipregerson/nnenum/vnncomp2025_benchmarks/benchmarks/cora_2024/vnnlib/mnist-img7.vnnlib,.006091215,error_exit_code_1,.569397033
cora_2024,/home/elipregerson/nnenum/vnncomp2025_benchmarks/benchmarks/cora_2024/./onnx/mnist-trades.onnx,/home/elipregerson/nnenum/vnncomp2025_benchmarks/benchmarks/cora_2024/vnnlib/mnist-img7.vnnlib,.006104976,error_exit_code_1,.574893435
cora_2024,/home/elipregerson/nnenum/vnncomp2025_benchmarks/benchmarks/cora_2024/./onnx/mnist-set.onnx,/home/elipregerson/nnenum/vnncomp2025_benchmarks/benchmarks/cora_2024/vnnlib/mnist-img7.vnnlib,.005999348,error_exit_code_1,.571883975
cora_2024,/home/elipregerson/nnenum/vnncomp2025_benchmarks/benchmarks/cora_2024/./onnx/mnist-point.onnx,/home/elipregerson/nnenum/vnncomp2025_benchmarks/benchmarks/cora_2024/vnnlib/mnist-img8.vnnlib,.006002511,error_exit_code_1,.572478680
cora_2024,/home/elipregerson/nnenum/vnncomp2025_benchmarks/benchmarks/cora_2024/./onnx/mnist-trades.onnx,/home/elipregerson/nnenum/vnncomp2025_benchmarks/benchmarks/cora_2024/vnnlib/mnist-img8.vnnlib,.006218060,error_exit_code_1,.582750400
cora_2024,/home/elipregerson/nnenum/vnncomp2025_benchmarks/benchmarks/cora_2024/./onnx/mnist-set.onnx,/home/elipregerson/nnenum/vnncomp2025_benchmarks/benchmarks/cora_2024/vnnlib/mnist-img8.vnnlib,.006278358,error_exit_code_1,.579613592
cora_2024,/home/elipregerson/nnenum/vnncomp2025_benchmarks/benchmarks/cora_2024/./onnx/mnist-point.onnx,/home/elipregerson/nnenum/vnncomp2025_benchmarks/benchmarks/cora_2024/vnnlib/mnist-img9.vnnlib,.006110388,error_exit_code_1,.573010787
cora_2024,/home/elipregerson/nnenum/vnncomp2025_benchmarks/benchmarks/cora_2024/./onnx/mnist-trades.onnx,/home/elipregerson/nnenum/vnncomp2025_benchmarks/benchmarks/cora_2024/vnnlib/mnist-img9.vnnlib,.006387167,error_exit_code_1,.611206617
cora_2024,/home/elipregerson/nnenum/vnncomp2025_benchmarks/benchmarks/cora_2024/./onnx/mnist-set.onnx,/home/elipregerson/nnenum/vnncomp2025_benchmarks/benchmarks/cora_2024/vnnlib/mnist-img9.vnnlib,.006139280,error_exit_code_1,.591289505
cora_2024,/home/elipregerson/nnenum/vnncomp2025_benchmarks/benchmarks/cora_2024/./onnx/mnist-point.onnx,/home/elipregerson/nnenum/vnncomp2025_benchmarks/benchmarks/cora_2024/vnnlib/mnist-img10.vnnlib,.006047780,error_exit_code_1,.607975145
cora_2024,/home/elipregerson/nnenum/vnncomp2025_benchmarks/benchmarks/cora_2024/./onnx/mnist-trades.onnx,/home/elipregerson/nnenum/vnncomp2025_benchmarks/benchmarks/cora_2024/vnnlib/mnist-img10.vnnlib,.006127335,error_exit_code_1,.594158655
cora_2024,/home/elipregerson/nnenum/vnncomp2025_benchmarks/benchmarks/cora_2024/./onnx/mnist-set.onnx,/home/elipregerson/nnenum/vnncomp2025_benchmarks/benchmarks/cora_2024/vnnlib/mnist-img10.vnnlib,.006140654,error_exit_code_1,.582954617
cora_2024,/home/elipregerson/nnenum/vnncomp2025_benchmarks/benchmarks/cora_2024/./onnx/mnist-point.onnx,/home/elipregerson/nnenum/vnncomp2025_benchmarks/benchmarks/cora_2024/vnnlib/mnist-img11.vnnlib,.006123909,error_exit_code_1,.580614328
cora_2024,/home/elipregerson/nnenum/vnncomp2025_benchmarks/benchmarks/cora_2024/./onnx/mnist-trades.onnx,/home/elipregerson/nnenum/vnncomp2025_benchmarks/benchmarks/cora_2024/vnnlib/mnist-img11.vnnlib,.006010421,error_exit_code_1,.573882159
cora_2024,/home/elipregerson/nnenum/vnncomp2025_benchmarks/benchmarks/cora_2024/./onnx/mnist-set.onnx,/home/elipregerson/nnenum/vnncomp2025_benchmarks/benchmarks/cora_2024/vnnlib/mnist-img11.vnnlib,.006063929,error_exit_code_1,.578588798
cora_2024,/home/elipregerson/nnenum/vnncomp2025_benchmarks/benchmarks/cora_2024/./onnx/mnist-point.onnx,/home/elipregerson/nnenum/vnncomp2025_benchmarks/benchmarks/cora_2024/vnnlib/mnist-img13.vnnlib,.006490967,error_exit_code_1,.588777519
cora_2024,/home/elipregerson/nnenum/vnncomp2025_benchmarks/benchmarks/cora_2024/./onnx/mnist-trades.onnx,/home/elipregerson/nnenum/vnncomp2025_benchmarks/benchmarks/cora_2024/vnnlib/mnist-img13.vnnlib,.006066450,error_exit_code_1,.591798514
cora_2024,/home/elipregerson/nnenum/vnncomp2025_benchmarks/benchmarks/cora_2024/./onnx/mnist-set.onnx,/home/elipregerson/nnenum/vnncomp2025_benchmarks/benchmarks/cora_2024/vnnlib/mnist-img13.vnnlib,.006028335,error_exit_code_1,.581736292
cora_2024,/home/elipregerson/nnenum/vnncomp2025_benchmarks/benchmarks/cora_2024/./onnx/mnist-point.onnx,/home/elipregerson/nnenum/vnncomp2025_benchmarks/benchmarks/cora_2024/vnnlib/mnist-img14.vnnlib,.006144830,error_exit_code_1,.584075518
cora_2024,/home/elipregerson/nnenum/vnncomp2025_benchmarks/benchmarks/cora_2024/./onnx/mnist-trades.onnx,/home/elipregerson/nnenum/vnncomp2025_benchmarks/benchmarks/cora_2024/vnnlib/mnist-img14.vnnlib,.011201263,error_exit_code_1,.617629081
cora_2024,/home/elipregerson/nnenum/vnncomp2025_benchmarks/benchmarks/cora_2024/./onnx/mnist-set.onnx,/home/elipregerson/nnenum/vnncomp2025_benchmarks/benchmarks/cora_2024/vnnlib/mnist-img14.vnnlib,.006426701,error_exit_code_1,.596370581
cora_2024,/home/elipregerson/nnenum/vnncomp2025_benchmarks/benchmarks/cora_2024/./onnx/mnist-point.onnx,/home/elipregerson/nnenum/vnncomp2025_benchmarks/benchmarks/cora_2024/vnnlib/mnist-img15.vnnlib,.006384587,error_exit_code_1,.599439159
cora_2024,/home/elipregerson/nnenum/vnncomp2025_benchmarks/benchmarks/cora_2024/./onnx/mnist-trades.onnx,/home/elipregerson/nnenum/vnncomp2025_benchmarks/benchmarks/cora_2024/vnnlib/mnist-img15.vnnlib,.006112767,error_exit_code_1,.662426589
cora_2024,/home/elipregerson/nnenum/vnncomp2025_benchmarks/benchmarks/cora_2024/./onnx/mnist-set.onnx,/home/elipregerson/nnenum/vnncomp2025_benchmarks/benchmarks/cora_2024/vnnlib/mnist-img15.vnnlib,.006101900,error_exit_code_1,.663044868
cora_2024,/home/elipregerson/nnenum/vnncomp2025_benchmarks/benchmarks/cora_2024/./onnx/mnist-point.onnx,/home/elipregerson/nnenum/vnncomp2025_benchmarks/benchmarks/cora_2024/vnnlib/mnist-img16.vnnlib,.006569383,error_exit_code_1,.610191956
cora_2024,/home/elipregerson/nnenum/vnncomp2025_benchmarks/benchmarks/cora_2024/./onnx/mnist-trades.onnx,/home/elipregerson/nnenum/vnncomp2025_benchmarks/benchmarks/cora_2024/vnnlib/mnist-img16.vnnlib,.006221133,error_exit_code_1,.607554153
cora_2024,/home/elipregerson/nnenum/vnncomp2025_benchmarks/benchmarks/cora_2024/./onnx/mnist-set.onnx,/home/elipregerson/nnenum/vnncomp2025_benchmarks/benchmarks/cora_2024/vnnlib/mnist-img16.vnnlib,.006146389,error_exit_code_1,.587951377
cora_2024,/home/elipregerson/nnenum/vnncomp2025_benchmarks/benchmarks/cora_2024/./onnx/mnist-point.onnx,/home/elipregerson/nnenum/vnncomp2025_benchmarks/benchmarks/cora_2024/vnnlib/mnist-img17.vnnlib,.006009302,error_exit_code_1,.576344731
cora_2024,/home/elipregerson/nnenum/vnncomp2025_benchmarks/benchmarks/cora_2024/./onnx/mnist-trades.onnx,/home/elipregerson/nnenum/vnncomp2025_benchmarks/benchmarks/cora_2024/vnnlib/mnist-img17.vnnlib,.006126076,error_exit_code_1,.581232352
cora_2024,/home/elipregerson/nnenum/vnncomp2025_benchmarks/benchmarks/cora_2024/./onnx/mnist-set.onnx,/home/elipregerson/nnenum/vnncomp2025_benchmarks/benchmarks/cora_2024/vnnlib/mnist-img17.vnnlib,.006051205,error_exit_code_1,.587712379
cora_2024,/home/elipregerson/nnenum/vnncomp2025_benchmarks/benchmarks/cora_2024/./onnx/mnist-point.onnx,/home/elipregerson/nnenum/vnncomp2025_benchmarks/benchmarks/cora_2024/vnnlib/mnist-img18.vnnlib,.006286631,error_exit_code_1,.597049399
cora_2024,/home/elipregerson/nnenum/vnncomp2025_benchmarks/benchmarks/cora_2024/./onnx/mnist-trades.onnx,/home/elipregerson/nnenum/vnncomp2025_benchmarks/benchmarks/cora_2024/vnnlib/mnist-img18.vnnlib,.006718023,error_exit_code_1,.617568439
cora_2024,/home/elipregerson/nnenum/vnncomp2025_benchmarks/benchmarks/cora_2024/./onnx/mnist-set.onnx,/home/elipregerson/nnenum/vnncomp2025_benchmarks/benchmarks/cora_2024/vnnlib/mnist-img18.vnnlib,.005976050,error_exit_code_1,.593485985
cora_2024,/home/elipregerson/nnenum/vnncomp2025_benchmarks/benchmarks/cora_2024/./onnx/mnist-point.onnx,/home/elipregerson/nnenum/vnncomp2025_benchmarks/benchmarks/cora_2024/vnnlib/mnist-img19.vnnlib,.006002665,error_exit_code_1,.580892904
cora_2024,/home/elipregerson/nnenum/vnncomp2025_benchmarks/benchmarks/cora_2024/./onnx/mnist-trades.onnx,/home/elipregerson/nnenum/vnncomp2025_benchmarks/benchmarks/cora_2024/vnnlib/mnist-img19.vnnlib,.006047883,error_exit_code_1,.583758928
cora_2024,/home/elipregerson/nnenum/vnncomp2025_benchmarks/benchmarks/cora_2024/./onnx/mnist-set.onnx,/home/elipregerson/nnenum/vnncomp2025_benchmarks/benchmarks/cora_2024/vnnlib/mnist-img19.vnnlib,.006141982,error_exit_code_1,.584273076
cora_2024,/home/elipregerson/nnenum/vnncomp2025_benchmarks/benchmarks/cora_2024/./onnx/mnist-point.onnx,/home/elipregerson/nnenum/vnncomp2025_benchmarks/benchmarks/cora_2024/vnnlib/mnist-img20.vnnlib,.006271419,error_exit_code_1,.599404456
cora_2024,/home/elipregerson/nnenum/vnncomp2025_benchmarks/benchmarks/cora_2024/./onnx/mnist-trades.onnx,/home/elipregerson/nnenum/vnncomp2025_benchmarks/benchmarks/cora_2024/vnnlib/mnist-img20.vnnlib,.006203989,error_exit_code_1,.599487875
cora_2024,/home/elipregerson/nnenum/vnncomp2025_benchmarks/benchmarks/cora_2024/./onnx/mnist-set.onnx,/home/elipregerson/nnenum/vnncomp2025_benchmarks/benchmarks/cora_2024/vnnlib/mnist-img20.vnnlib,.005943718,error_exit_code_1,.588403333
cora_2024,/home/elipregerson/nnenum/vnncomp2025_benchmarks/benchmarks/cora_2024/./onnx/svhn-point.onnx,/home/elipregerson/nnenum/vnncomp2025_benchmarks/benchmarks/cora_2024/vnnlib/svhn-img14.vnnlib,.006014454,error_exit_code_1,1.088347120
cora_2024,/home/elipregerson/nnenum/vnncomp2025_benchmarks/benchmarks/cora_2024/./onnx/svhn-trades.onnx,/home/elipregerson/nnenum/vnncomp2025_benchmarks/benchmarks/cora_2024/vnnlib/svhn-img14.vnnlib,.006410439,error_exit_code_1,1.141305122
cora_2024,/home/elipregerson/nnenum/vnncomp2025_benchmarks/benchmarks/cora_2024/./onnx/svhn-set.onnx,/home/elipregerson/nnenum/vnncomp2025_benchmarks/benchmarks/cora_2024/vnnlib/svhn-img14.vnnlib,.005924379,error_exit_code_1,1.112465538
cora_2024,/home/elipregerson/nnenum/vnncomp2025_benchmarks/benchmarks/cora_2024/./onnx/svhn-point.onnx,/home/elipregerson/nnenum/vnncomp2025_benchmarks/benchmarks/cora_2024/vnnlib/svhn-img130.vnnlib,.005972497,error_exit_code_1,1.112502228
cora_2024,/home/elipregerson/nnenum/vnncomp2025_benchmarks/benchmarks/cora_2024/./onnx/svhn-trades.onnx,/home/elipregerson/nnenum/vnncomp2025_benchmarks/benchmarks/cora_2024/vnnlib/svhn-img130.vnnlib,.006136733,error_exit_code_1,1.106413411
cora_2024,/home/elipregerson/nnenum/vnncomp2025_benchmarks/benchmarks/cora_2024/./onnx/svhn-set.onnx,/home/elipregerson/nnenum/vnncomp2025_benchmarks/benchmarks/cora_2024/vnnlib/svhn-img130.vnnlib,.005999028,error_exit_code_1,1.087515265
cora_2024,/home/elipregerson/nnenum/vnncomp2025_benchmarks/benchmarks/cora_2024/./onnx/svhn-point.onnx,/home/elipregerson/nnenum/vnncomp2025_benchmarks/benchmarks/cora_2024/vnnlib/svhn-img137.vnnlib,.006208707,error_exit_code_1,1.087015359
cora_2024,/home/elipregerson/nnenum/vnncomp2025_benchmarks/benchmarks/cora_2024/./onnx/svhn-trades.onnx,/home/elipregerson/nnenum/vnncomp2025_benchmarks/benchmarks/cora_2024/vnnlib/svhn-img137.vnnlib,.006122639,error_exit_code_1,1.090570625
cora_2024,/home/elipregerson/nnenum/vnncomp2025_benchmarks/benchmarks/cora_2024/./onnx/svhn-set.onnx,/home/elipregerson/nnenum/vnncomp2025_benchmarks/benchmarks/cora_2024/vnnlib/svhn-img137.vnnlib,.005994132,error_exit_code_1,1.134852740
cora_2024,/home/elipregerson/nnenum/vnncomp2025_benchmarks/benchmarks/cora_2024/./onnx/svhn-point.onnx,/home/elipregerson/nnenum/vnncomp2025_benchmarks/benchmarks/cora_2024/vnnlib/svhn-img153.vnnlib,.006308341,error_exit_code_1,1.120855182
cora_2024,/home/elipregerson/nnenum/vnncomp2025_benchmarks/benchmarks/cora_2024/./onnx/svhn-trades.onnx,/home/elipregerson/nnenum/vnncomp2025_benchmarks/benchmarks/cora_2024/vnnlib/svhn-img153.vnnlib,.006643205,error_exit_code_1,1.098512828
cora_2024,/home/elipregerson/nnenum/vnncomp2025_benchmarks/benchmarks/cora_2024/./onnx/svhn-set.onnx,/home/elipregerson/nnenum/vnncomp2025_benchmarks/benchmarks/cora_2024/vnnlib/svhn-img153.vnnlib,.006118383,error_exit_code_1,1.101531306
cora_2024,/home/elipregerson/nnenum/vnncomp2025_benchmarks/benchmarks/cora_2024/./onnx/svhn-point.onnx,/home/elipregerson/nnenum/vnncomp2025_benchmarks/benchmarks/cora_2024/vnnlib/svhn-img164.vnnlib,.006333195,error_exit_code_1,1.100697369
cora_2024,/home/elipregerson/nnenum/vnncomp2025_benchmarks/benchmarks/cora_2024/./onnx/svhn-trades.onnx,/home/elipregerson/nnenum/vnncomp2025_benchmarks/benchmarks/cora_2024/vnnlib/svhn-img164.vnnlib,.005987882,error_exit_code_1,1.121165400
cora_2024,/home/elipregerson/nnenum/vnncomp2025_benchmarks/benchmarks/cora_2024/./onnx/svhn-set.onnx,/home/elipregerson/nnenum/vnncomp2025_benchmarks/benchmarks/cora_2024/vnnlib/svhn-img164.vnnlib,.006395842,error_exit_code_1,1.161700246
cora_2024,/home/elipregerson/nnenum/vnncomp2025_benchmarks/benchmarks/cora_2024/./onnx/svhn-point.onnx,/home/elipregerson/nnenum/vnncomp2025_benchmarks/benchmarks/cora_2024/vnnlib/svhn-img182.vnnlib,.006183456,error_exit_code_1,1.188526041
cora_2024,/home/elipregerson/nnenum/vnncomp2025_benchmarks/benchmarks/cora_2024/./onnx/svhn-trades.onnx,/home/elipregerson/nnenum/vnncomp2025_benchmarks/benchmarks/cora_2024/vnnlib/svhn-img182.vnnlib,.006084254,error_exit_code_1,1.224639313
cora_2024,/home/elipregerson/nnenum/vnncomp2025_benchmarks/benchmarks/cora_2024/./onnx/svhn-set.onnx,/home/elipregerson/nnenum/vnncomp2025_benchmarks/benchmarks/cora_2024/vnnlib/svhn-img182.vnnlib,.006665033,error_exit_code_1,1.242012322
cora_2024,/home/elipregerson/nnenum/vnncomp2025_benchmarks/benchmarks/cora_2024/./onnx/svhn-point.onnx,/home/elipregerson/nnenum/vnncomp2025_benchmarks/benchmarks/cora_2024/vnnlib/svhn-img225.vnnlib,.006408750,error_exit_code_1,1.212531619
cora_2024,/home/elipregerson/nnenum/vnncomp2025_benchmarks/benchmarks/cora_2024/./onnx/svhn-trades.onnx,/home/elipregerson/nnenum/vnncomp2025_benchmarks/benchmarks/cora_2024/vnnlib/svhn-img225.vnnlib,.005954540,error_exit_code_1,1.215329807
cora_2024,/home/elipregerson/nnenum/vnncomp2025_benchmarks/benchmarks/cora_2024/./onnx/svhn-set.onnx,/home/elipregerson/nnenum/vnncomp2025_benchmarks/benchmarks/cora_2024/vnnlib/svhn-img225.vnnlib,.006294413,error_exit_code_1,1.199352722
cora_2024,/home/elipregerson/nnenum/vnncomp2025_benchmarks/benchmarks/cora_2024/./onnx/svhn-point.onnx,/home/elipregerson/nnenum/vnncomp2025_benchmarks/benchmarks/cora_2024/vnnlib/svhn-img263.vnnlib,.006736064,error_exit_code_1,1.218492890
cora_2024,/home/elipregerson/nnenum/vnncomp2025_benchmarks/benchmarks/cora_2024/./onnx/svhn-trades.onnx,/home/elipregerson/nnenum/vnncomp2025_benchmarks/benchmarks/cora_2024/vnnlib/svhn-img263.vnnlib,.006108730,error_exit_code_1,1.202158559
cora_2024,/home/elipregerson/nnenum/vnncomp2025_benchmarks/benchmarks/cora_2024/./onnx/svhn-set.onnx,/home/elipregerson/nnenum/vnncomp2025_benchmarks/benchmarks/cora_2024/vnnlib/svhn-img263.vnnlib,.006137925,error_exit_code_1,1.299873882
cora_2024,/home/elipregerson/nnenum/vnncomp2025_benchmarks/benchmarks/cora_2024/./onnx/svhn-point.onnx,/home/elipregerson/nnenum/vnncomp2025_benchmarks/benchmarks/cora_2024/vnnlib/svhn-img279.vnnlib,.006395762,error_exit_code_1,1.174432337
cora_2024,/home/elipregerson/nnenum/vnncomp2025_benchmarks/benchmarks/cora_2024/./onnx/svhn-trades.onnx,/home/elipregerson/nnenum/vnncomp2025_benchmarks/benchmarks/cora_2024/vnnlib/svhn-img279.vnnlib,.006462078,error_exit_code_1,1.220240597
cora_2024,/home/elipregerson/nnenum/vnncomp2025_benchmarks/benchmarks/cora_2024/./onnx/svhn-set.onnx,/home/elipregerson/nnenum/vnncomp2025_benchmarks/benchmarks/cora_2024/vnnlib/svhn-img279.vnnlib,.006315487,error_exit_code_1,1.209107695
cora_2024,/home/elipregerson/nnenum/vnncomp2025_benchmarks/benchmarks/cora_2024/./onnx/svhn-point.onnx,/home/elipregerson/nnenum/vnncomp2025_benchmarks/benchmarks/cora_2024/vnnlib/svhn-img289.vnnlib,.006085638,error_exit_code_1,1.151967690
cora_2024,/home/elipregerson/nnenum/vnncomp2025_benchmarks/benchmarks/cora_2024/./onnx/svhn-trades.onnx,/home/elipregerson/nnenum/vnncomp2025_benchmarks/benchmarks/cora_2024/vnnlib/svhn-img289.vnnlib,.006048569,error_exit_code_1,1.157567391
cora_2024,/home/elipregerson/nnenum/vnncomp2025_benchmarks/benchmarks/cora_2024/./onnx/svhn-set.onnx,/home/elipregerson/nnenum/vnncomp2025_benchmarks/benchmarks/cora_2024/vnnlib/svhn-img289.vnnlib,.006362405,error_exit_code_1,1.126629253
cora_2024,/home/elipregerson/nnenum/vnncomp2025_benchmarks/benchmarks/cora_2024/./onnx/svhn-point.onnx,/home/elipregerson/nnenum/vnncomp2025_benchmarks/benchmarks/cora_2024/vnnlib/svhn-img337.vnnlib,.006108778,error_exit_code_1,1.150960404
cora_2024,/home/elipregerson/nnenum/vnncomp2025_benchmarks/benchmarks/cora_2024/./onnx/svhn-trades.onnx,/home/elipregerson/nnenum/vnncomp2025_benchmarks/benchmarks/cora_2024/vnnlib/svhn-img337.vnnlib,.006346051,error_exit_code_1,1.122273655
cora_2024,/home/elipregerson/nnenum/vnncomp2025_benchmarks/benchmarks/cora_2024/./onnx/svhn-set.onnx,/home/elipregerson/nnenum/vnncomp2025_benchmarks/benchmarks/cora_2024/vnnlib/svhn-img337.vnnlib,.006090046,error_exit_code_1,1.149734254
cora_2024,/home/elipregerson/nnenum/vnncomp2025_benchmarks/benchmarks/cora_2024/./onnx/svhn-point.onnx,/home/elipregerson/nnenum/vnncomp2025_benchmarks/benchmarks/cora_2024/vnnlib/svhn-img349.vnnlib,.006241022,error_exit_code_1,1.117930844
cora_2024,/home/elipregerson/nnenum/vnncomp2025_benchmarks/benchmarks/cora_2024/./onnx/svhn-trades.onnx,/home/elipregerson/nnenum/vnncomp2025_benchmarks/benchmarks/cora_2024/vnnlib/svhn-img349.vnnlib,.006064728,error_exit_code_1,1.156774449
cora_2024,/home/elipregerson/nnenum/vnncomp2025_benchmarks/benchmarks/cora_2024/./onnx/svhn-set.onnx,/home/elipregerson/nnenum/vnncomp2025_benchmarks/benchmarks/cora_2024/vnnlib/svhn-img349.vnnlib,.007588961,error_exit_code_1,1.200862456
cora_2024,/home/elipregerson/nnenum/vnncomp2025_benchmarks/benchmarks/cora_2024/./onnx/svhn-point.onnx,/home/elipregerson/nnenum/vnncomp2025_benchmarks/benchmarks/cora_2024/vnnlib/svhn-img530.vnnlib,.006186300,error_exit_code_1,1.203034742
cora_2024,/home/elipregerson/nnenum/vnncomp2025_benchmarks/benchmarks/cora_2024/./onnx/svhn-trades.onnx,/home/elipregerson/nnenum/vnncomp2025_benchmarks/benchmarks/cora_2024/vnnlib/svhn-img530.vnnlib,.006180097,error_exit_code_1,1.095738318
cora_2024,/home/elipregerson/nnenum/vnncomp2025_benchmarks/benchmarks/cora_2024/./onnx/svhn-set.onnx,/home/elipregerson/nnenum/vnncomp2025_benchmarks/benchmarks/cora_2024/vnnlib/svhn-img530.vnnlib,.006104948,error_exit_code_1,1.101599650
cora_2024,/home/elipregerson/nnenum/vnncomp2025_benchmarks/benchmarks/cora_2024/./onnx/svhn-point.onnx,/home/elipregerson/nnenum/vnncomp2025_benchmarks/benchmarks/cora_2024/vnnlib/svhn-img601.vnnlib,.006056670,error_exit_code_1,1.101825495
cora_2024,/home/elipregerson/nnenum/vnncomp2025_benchmarks/benchmarks/cora_2024/./onnx/svhn-trades.onnx,/home/elipregerson/nnenum/vnncomp2025_benchmarks/benchmarks/cora_2024/vnnlib/svhn-img601.vnnlib,.005995064,error_exit_code_1,1.109809837
cora_2024,/home/elipregerson/nnenum/vnncomp2025_benchmarks/benchmarks/cora_2024/./onnx/svhn-set.onnx,/home/elipregerson/nnenum/vnncomp2025_benchmarks/benchmarks/cora_2024/vnnlib/svhn-img601.vnnlib,.005984053,error_exit_code_1,1.095974018
cora_2024,/home/elipregerson/nnenum/vnncomp2025_benchmarks/benchmarks/cora_2024/./onnx/svhn-point.onnx,/home/elipregerson/nnenum/vnncomp2025_benchmarks/benchmarks/cora_2024/vnnlib/svhn-img637.vnnlib,.006057660,error_exit_code_1,1.086450585
cora_2024,/home/elipregerson/nnenum/vnncomp2025_benchmarks/benchmarks/cora_2024/./onnx/svhn-trades.onnx,/home/elipregerson/nnenum/vnncomp2025_benchmarks/benchmarks/cora_2024/vnnlib/svhn-img637.vnnlib,.006643166,error_exit_code_1,1.155371287
cora_2024,/home/elipregerson/nnenum/vnncomp2025_benchmarks/benchmarks/cora_2024/./onnx/svhn-set.onnx,/home/elipregerson/nnenum/vnncomp2025_benchmarks/benchmarks/cora_2024/vnnlib/svhn-img637.vnnlib,.006011721,error_exit_code_1,1.131613010
cora_2024,/home/elipregerson/nnenum/vnncomp2025_benchmarks/benchmarks/cora_2024/./onnx/svhn-point.onnx,/home/elipregerson/nnenum/vnncomp2025_benchmarks/benchmarks/cora_2024/vnnlib/svhn-img692.vnnlib,.006488215,error_exit_code_1,1.090015912
cora_2024,/home/elipregerson/nnenum/vnncomp2025_benchmarks/benchmarks/cora_2024/./onnx/svhn-trades.onnx,/home/elipregerson/nnenum/vnncomp2025_benchmarks/benchmarks/cora_2024/vnnlib/svhn-img692.vnnlib,.006023523,error_exit_code_1,1.080566769
cora_2024,/home/elipregerson/nnenum/vnncomp2025_benchmarks/benchmarks/cora_2024/./onnx/svhn-set.onnx,/home/elipregerson/nnenum/vnncomp2025_benchmarks/benchmarks/cora_2024/vnnlib/svhn-img692.vnnlib,.006060807,error_exit_code_1,1.105836753
cora_2024,/home/elipregerson/nnenum/vnncomp2025_benchmarks/benchmarks/cora_2024/./onnx/svhn-point.onnx,/home/elipregerson/nnenum/vnncomp2025_benchmarks/benchmarks/cora_2024/vnnlib/svhn-img718.vnnlib,.007877088,error_exit_code_1,1.095206847
cora_2024,/home/elipregerson/nnenum/vnncomp2025_benchmarks/benchmarks/cora_2024/./onnx/svhn-trades.onnx,/home/elipregerson/nnenum/vnncomp2025_benchmarks/benchmarks/cora_2024/vnnlib/svhn-img718.vnnlib,.006109634,error_exit_code_1,1.115048624
cora_2024,/home/elipregerson/nnenum/vnncomp2025_benchmarks/benchmarks/cora_2024/./onnx/svhn-set.onnx,/home/elipregerson/nnenum/vnncomp2025_benchmarks/benchmarks/cora_2024/vnnlib/svhn-img718.vnnlib,.009027225,error_exit_code_1,1.105062546
cora_2024,/home/elipregerson/nnenum/vnncomp2025_benchmarks/benchmarks/cora_2024/./onnx/svhn-point.onnx,/home/elipregerson/nnenum/vnncomp2025_benchmarks/benchmarks/cora_2024/vnnlib/svhn-img735.vnnlib,.006725203,error_exit_code_1,1.225116618
cora_2024,/home/elipregerson/nnenum/vnncomp2025_benchmarks/benchmarks/cora_2024/./onnx/svhn-trades.onnx,/home/elipregerson/nnenum/vnncomp2025_benchmarks/benchmarks/cora_2024/vnnlib/svhn-img735.vnnlib,.006246195,error_exit_code_1,1.144187971
cora_2024,/home/elipregerson/nnenum/vnncomp2025_benchmarks/benchmarks/cora_2024/./onnx/svhn-set.onnx,/home/elipregerson/nnenum/vnncomp2025_benchmarks/benchmarks/cora_2024/vnnlib/svhn-img735.vnnlib,.006214827,error_exit_code_1,1.272850253
cora_2024,/home/elipregerson/nnenum/vnncomp2025_benchmarks/benchmarks/cora_2024/./onnx/svhn-point.onnx,/home/elipregerson/nnenum/vnncomp2025_benchmarks/benchmarks/cora_2024/vnnlib/svhn-img745.vnnlib,.006726062,error_exit_code_1,1.187624654
cora_2024,/home/elipregerson/nnenum/vnncomp2025_benchmarks/benchmarks/cora_2024/./onnx/svhn-trades.onnx,/home/elipregerson/nnenum/vnncomp2025_benchmarks/benchmarks/cora_2024/vnnlib/svhn-img745.vnnlib,.005902151,error_exit_code_1,1.226276761
cora_2024,/home/elipregerson/nnenum/vnncomp2025_benchmarks/benchmarks/cora_2024/./onnx/svhn-set.onnx,/home/elipregerson/nnenum/vnncomp2025_benchmarks/benchmarks/cora_2024/vnnlib/svhn-img745.vnnlib,.006276063,error_exit_code_1,1.185260780
cora_2024,/home/elipregerson/nnenum/vnncomp2025_benchmarks/benchmarks/cora_2024/./onnx/svhn-point.onnx,/home/elipregerson/nnenum/vnncomp2025_benchmarks/benchmarks/cora_2024/vnnlib/svhn-img760.vnnlib,.006583857,error_exit_code_1,1.192355176
cora_2024,/home/elipregerson/nnenum/vnncomp2025_benchmarks/benchmarks/cora_2024/./onnx/svhn-trades.onnx,/home/elipregerson/nnenum/vnncomp2025_benchmarks/benchmarks/cora_2024/vnnlib/svhn-img760.vnnlib,.006872350,error_exit_code_1,1.187096188
cora_2024,/home/elipregerson/nnenum/vnncomp2025_benchmarks/benchmarks/cora_2024/./onnx/svhn-set.onnx,/home/elipregerson/nnenum/vnncomp2025_benchmarks/benchmarks/cora_2024/vnnlib/svhn-img760.vnnlib,.006002137,error_exit_code_1,1.193963886
cora_2024,/home/elipregerson/nnenum/vnncomp2025_benchmarks/benchmarks/cora_2024/./onnx/cifar10-point.onnx,/home/elipregerson/nnenum/vnncomp2025_benchmarks/benchmarks/cora_2024/vnnlib/cifar10-img66.vnnlib,.006078101,error_exit_code_1,1.155275068
cora_2024,/home/elipregerson/nnenum/vnncomp2025_benchmarks/benchmarks/cora_2024/./onnx/cifar10-trades.onnx,/home/elipregerson/nnenum/vnncomp2025_benchmarks/benchmarks/cora_2024/vnnlib/cifar10-img66.vnnlib,.006386833,error_exit_code_1,1.172235441
cora_2024,/home/elipregerson/nnenum/vnncomp2025_benchmarks/benchmarks/cora_2024/./onnx/cifar10-set.onnx,/home/elipregerson/nnenum/vnncomp2025_benchmarks/benchmarks/cora_2024/vnnlib/cifar10-img66.vnnlib,.006220037,error_exit_code_1,1.107871123
cora_2024,/home/elipregerson/nnenum/vnncomp2025_benchmarks/benchmarks/cora_2024/./onnx/cifar10-point.onnx,/home/elipregerson/nnenum/vnncomp2025_benchmarks/benchmarks/cora_2024/vnnlib/cifar10-img77.vnnlib,.006276987,error_exit_code_1,1.192174615
cora_2024,/home/elipregerson/nnenum/vnncomp2025_benchmarks/benchmarks/cora_2024/./onnx/cifar10-trades.onnx,/home/elipregerson/nnenum/vnncomp2025_benchmarks/benchmarks/cora_2024/vnnlib/cifar10-img77.vnnlib,.006084186,error_exit_code_1,1.165195689
cora_2024,/home/elipregerson/nnenum/vnncomp2025_benchmarks/benchmarks/cora_2024/./onnx/cifar10-set.onnx,/home/elipregerson/nnenum/vnncomp2025_benchmarks/benchmarks/cora_2024/vnnlib/cifar10-img77.vnnlib,.006068409,error_exit_code_1,1.182461777
cora_2024,/home/elipregerson/nnenum/vnncomp2025_benchmarks/benchmarks/cora_2024/./onnx/cifar10-point.onnx,/home/elipregerson/nnenum/vnncomp2025_benchmarks/benchmarks/cora_2024/vnnlib/cifar10-img96.vnnlib,.006104947,error_exit_code_1,1.131951066
cora_2024,/home/elipregerson/nnenum/vnncomp2025_benchmarks/benchmarks/cora_2024/./onnx/cifar10-trades.onnx,/home/elipregerson/nnenum/vnncomp2025_benchmarks/benchmarks/cora_2024/vnnlib/cifar10-img96.vnnlib,.006183296,error_exit_code_1,1.088294046
cora_2024,/home/elipregerson/nnenum/vnncomp2025_benchmarks/benchmarks/cora_2024/./onnx/cifar10-set.onnx,/home/elipregerson/nnenum/vnncomp2025_benchmarks/benchmarks/cora_2024/vnnlib/cifar10-img96.vnnlib,.006097210,error_exit_code_1,1.147464069
cora_2024,/home/elipregerson/nnenum/vnncomp2025_benchmarks/benchmarks/cora_2024/./onnx/cifar10-point.onnx,/home/elipregerson/nnenum/vnncomp2025_benchmarks/benchmarks/cora_2024/vnnlib/cifar10-img100.vnnlib,.006313961,error_exit_code_1,1.151454381
cora_2024,/home/elipregerson/nnenum/vnncomp2025_benchmarks/benchmarks/cora_2024/./onnx/cifar10-trades.onnx,/home/elipregerson/nnenum/vnncomp2025_benchmarks/benchmarks/cora_2024/vnnlib/cifar10-img100.vnnlib,.006195908,error_exit_code_1,1.136830491
cora_2024,/home/elipregerson/nnenum/vnncomp2025_benchmarks/benchmarks/cora_2024/./onnx/cifar10-set.onnx,/home/elipregerson/nnenum/vnncomp2025_benchmarks/benchmarks/cora_2024/vnnlib/cifar10-img100.vnnlib,.006219157,error_exit_code_1,1.102198334
cora_2024,/home/elipregerson/nnenum/vnncomp2025_benchmarks/benchmarks/cora_2024/./onnx/cifar10-point.onnx,/home/elipregerson/nnenum/vnncomp2025_benchmarks/benchmarks/cora_2024/vnnlib/cifar10-img126.vnnlib,.007062936,error_exit_code_1,1.112537852
cora_2024,/home/elipregerson/nnenum/vnncomp2025_benchmarks/benchmarks/cora_2024/./onnx/cifar10-trades.onnx,/home/elipregerson/nnenum/vnncomp2025_benchmarks/benchmarks/cora_2024/vnnlib/cifar10-img126.vnnlib,.006048195,error_exit_code_1,1.167473429
cora_2024,/home/elipregerson/nnenum/vnncomp2025_benchmarks/benchmarks/cora_2024/./onnx/cifar10-set.onnx,/home/elipregerson/nnenum/vnncomp2025_benchmarks/benchmarks/cora_2024/vnnlib/cifar10-img126.vnnlib,.006433820,error_exit_code_1,1.102035040
cora_2024,/home/elipregerson/nnenum/vnncomp2025_benchmarks/benchmarks/cora_2024/./onnx/cifar10-point.onnx,/home/elipregerson/nnenum/vnncomp2025_benchmarks/benchmarks/cora_2024/vnnlib/cifar10-img135.vnnlib,.006222472,error_exit_code_1,1.183227918
cora_2024,/home/elipregerson/nnenum/vnncomp2025_benchmarks/benchmarks/cora_2024/./onnx/cifar10-trades.onnx,/home/elipregerson/nnenum/vnncomp2025_benchmarks/benchmarks/cora_2024/vnnlib/cifar10-img135.vnnlib,.006320145,error_exit_code_1,1.124855237
cora_2024,/home/elipregerson/nnenum/vnncomp2025_benchmarks/benchmarks/cora_2024/./onnx/cifar10-set.onnx,/home/elipregerson/nnenum/vnncomp2025_benchmarks/benchmarks/cora_2024/vnnlib/cifar10-img135.vnnlib,.006124055,error_exit_code_1,1.142815455
cora_2024,/home/elipregerson/nnenum/vnncomp2025_benchmarks/benchmarks/cora_2024/./onnx/cifar10-point.onnx,/home/elipregerson/nnenum/vnncomp2025_benchmarks/benchmarks/cora_2024/vnnlib/cifar10-img160.vnnlib,.006049976,error_exit_code_1,1.095084786
cora_2024,/home/elipregerson/nnenum/vnncomp2025_benchmarks/benchmarks/cora_2024/./onnx/cifar10-trades.onnx,/home/elipregerson/nnenum/vnncomp2025_benchmarks/benchmarks/cora_2024/vnnlib/cifar10-img160.vnnlib,.005949129,error_exit_code_1,1.106279138
cora_2024,/home/elipregerson/nnenum/vnncomp2025_benchmarks/benchmarks/cora_2024/./onnx/cifar10-set.onnx,/home/elipregerson/nnenum/vnncomp2025_benchmarks/benchmarks/cora_2024/vnnlib/cifar10-img160.vnnlib,.006394494,error_exit_code_1,1.101572837
cora_2024,/home/elipregerson/nnenum/vnncomp2025_benchmarks/benchmarks/cora_2024/./onnx/cifar10-point.onnx,/home/elipregerson/nnenum/vnncomp2025_benchmarks/benchmarks/cora_2024/vnnlib/cifar10-img166.vnnlib,.006007306,error_exit_code_1,1.118752441
cora_2024,/home/elipregerson/nnenum/vnncomp2025_benchmarks/benchmarks/cora_2024/./onnx/cifar10-trades.onnx,/home/elipregerson/nnenum/vnncomp2025_benchmarks/benchmarks/cora_2024/vnnlib/cifar10-img166.vnnlib,.007108954,error_exit_code_1,1.204151910
cora_2024,/home/elipregerson/nnenum/vnncomp2025_benchmarks/benchmarks/cora_2024/./onnx/cifar10-set.onnx,/home/elipregerson/nnenum/vnncomp2025_benchmarks/benchmarks/cora_2024/vnnlib/cifar10-img166.vnnlib,.006411150,error_exit_code_1,1.167904580
cora_2024,/home/elipregerson/nnenum/vnncomp2025_benchmarks/benchmarks/cora_2024/./onnx/cifar10-point.onnx,/home/elipregerson/nnenum/vnncomp2025_benchmarks/benchmarks/cora_2024/vnnlib/cifar10-img206.vnnlib,.008925108,error_exit_code_1,1.174310813
cora_2024,/home/elipregerson/nnenum/vnncomp2025_benchmarks/benchmarks/cora_2024/./onnx/cifar10-trades.onnx,/home/elipregerson/nnenum/vnncomp2025_benchmarks/benchmarks/cora_2024/vnnlib/cifar10-img206.vnnlib,.006427324,error_exit_code_1,1.199067604
cora_2024,/home/elipregerson/nnenum/vnncomp2025_benchmarks/benchmarks/cora_2024/./onnx/cifar10-set.onnx,/home/elipregerson/nnenum/vnncomp2025_benchmarks/benchmarks/cora_2024/vnnlib/cifar10-img206.vnnlib,.006192669,error_exit_code_1,1.149983558
cora_2024,/home/elipregerson/nnenum/vnncomp2025_benchmarks/benchmarks/cora_2024/./onnx/cifar10-point.onnx,/home/elipregerson/nnenum/vnncomp2025_benchmarks/benchmarks/cora_2024/vnnlib/cifar10-img207.vnnlib,.006183160,error_exit_code_1,1.193894675
cora_2024,/home/elipregerson/nnenum/vnncomp2025_benchmarks/benchmarks/cora_2024/./onnx/cifar10-trades.onnx,/home/elipregerson/nnenum/vnncomp2025_benchmarks/benchmarks/cora_2024/vnnlib/cifar10-img207.vnnlib,.006295446,error_exit_code_1,1.215878571
cora_2024,/home/elipregerson/nnenum/vnncomp2025_benchmarks/benchmarks/cora_2024/./onnx/cifar10-set.onnx,/home/elipregerson/nnenum/vnncomp2025_benchmarks/benchmarks/cora_2024/vnnlib/cifar10-img207.vnnlib,.006365174,error_exit_code_1,1.213455879
cora_2024,/home/elipregerson/nnenum/vnncomp2025_benchmarks/benchmarks/cora_2024/./onnx/cifar10-point.onnx,/home/elipregerson/nnenum/vnncomp2025_benchmarks/benchmarks/cora_2024/vnnlib/cifar10-img244.vnnlib,.006375856,error_exit_code_1,1.145424522
cora_2024,/home/elipregerson/nnenum/vnncomp2025_benchmarks/benchmarks/cora_2024/./onnx/cifar10-trades.onnx,/home/elipregerson/nnenum/vnncomp2025_benchmarks/benchmarks/cora_2024/vnnlib/cifar10-img244.vnnlib,.005950131,error_exit_code_1,1.118846633
cora_2024,/home/elipregerson/nnenum/vnncomp2025_benchmarks/benchmarks/cora_2024/./onnx/cifar10-set.onnx,/home/elipregerson/nnenum/vnncomp2025_benchmarks/benchmarks/cora_2024/vnnlib/cifar10-img244.vnnlib,.005980609,error_exit_code_1,1.088978556
cora_2024,/home/elipregerson/nnenum/vnncomp2025_benchmarks/benchmarks/cora_2024/./onnx/cifar10-point.onnx,/home/elipregerson/nnenum/vnncomp2025_benchmarks/benchmarks/cora_2024/vnnlib/cifar10-img292.vnnlib,.006112613,error_exit_code_1,1.082281538
cora_2024,/home/elipregerson/nnenum/vnncomp2025_benchmarks/benchmarks/cora_2024/./onnx/cifar10-trades.onnx,/home/elipregerson/nnenum/vnncomp2025_benchmarks/benchmarks/cora_2024/vnnlib/cifar10-img292.vnnlib,.006139975,error_exit_code_1,1.156668974
cora_2024,/home/elipregerson/nnenum/vnncomp2025_benchmarks/benchmarks/cora_2024/./onnx/cifar10-set.onnx,/home/elipregerson/nnenum/vnncomp2025_benchmarks/benchmarks/cora_2024/vnnlib/cifar10-img292.vnnlib,.006195316,error_exit_code_1,1.220118224
cora_2024,/home/elipregerson/nnenum/vnncomp2025_benchmarks/benchmarks/cora_2024/./onnx/cifar10-point.onnx,/home/elipregerson/nnenum/vnncomp2025_benchmarks/benchmarks/cora_2024/vnnlib/cifar10-img328.vnnlib,.006646217,error_exit_code_1,1.204361722
cora_2024,/home/elipregerson/nnenum/vnncomp2025_benchmarks/benchmarks/cora_2024/./onnx/cifar10-trades.onnx,/home/elipregerson/nnenum/vnncomp2025_benchmarks/benchmarks/cora_2024/vnnlib/cifar10-img328.vnnlib,.006159706,error_exit_code_1,1.185929678
cora_2024,/home/elipregerson/nnenum/vnncomp2025_benchmarks/benchmarks/cora_2024/./onnx/cifar10-set.onnx,/home/elipregerson/nnenum/vnncomp2025_benchmarks/benchmarks/cora_2024/vnnlib/cifar10-img328.vnnlib,.006483310,error_exit_code_1,1.168966465
cora_2024,/home/elipregerson/nnenum/vnncomp2025_benchmarks/benchmarks/cora_2024/./onnx/cifar10-point.onnx,/home/elipregerson/nnenum/vnncomp2025_benchmarks/benchmarks/cora_2024/vnnlib/cifar10-img332.vnnlib,.006146744,error_exit_code_1,1.161610459
cora_2024,/home/elipregerson/nnenum/vnncomp2025_benchmarks/benchmarks/cora_2024/./onnx/cifar10-trades.onnx,/home/elipregerson/nnenum/vnncomp2025_benchmarks/benchmarks/cora_2024/vnnlib/cifar10-img332.vnnlib,.006141038,error_exit_code_1,1.143214348
cora_2024,/home/elipregerson/nnenum/vnncomp2025_benchmarks/benchmarks/cora_2024/./onnx/cifar10-set.onnx,/home/elipregerson/nnenum/vnncomp2025_benchmarks/benchmarks/cora_2024/vnnlib/cifar10-img332.vnnlib,.006142224,error_exit_code_1,1.149265592
cora_2024,/home/elipregerson/nnenum/vnncomp2025_benchmarks/benchmarks/cora_2024/./onnx/cifar10-point.onnx,/home/elipregerson/nnenum/vnncomp2025_benchmarks/benchmarks/cora_2024/vnnlib/cifar10-img339.vnnlib,.006002242,error_exit_code_1,1.167038545
cora_2024,/home/elipregerson/nnenum/vnncomp2025_benchmarks/benchmarks/cora_2024/./onnx/cifar10-trades.onnx,/home/elipregerson/nnenum/vnncomp2025_benchmarks/benchmarks/cora_2024/vnnlib/cifar10-img339.vnnlib,.007886945,error_exit_code_1,1.149640684
cora_2024,/home/elipregerson/nnenum/vnncomp2025_benchmarks/benchmarks/cora_2024/./onnx/cifar10-set.onnx,/home/elipregerson/nnenum/vnncomp2025_benchmarks/benchmarks/cora_2024/vnnlib/cifar10-img339.vnnlib,.006077940,error_exit_code_1,1.151660417
cora_2024,/home/elipregerson/nnenum/vnncomp2025_benchmarks/benchmarks/cora_2024/./onnx/cifar10-point.onnx,/home/elipregerson/nnenum/vnncomp2025_benchmarks/benchmarks/cora_2024/vnnlib/cifar10-img340.vnnlib,.006192570,error_exit_code_1,1.138055039
cora_2024,/home/elipregerson/nnenum/vnncomp2025_benchmarks/benchmarks/cora_2024/./onnx/cifar10-trades.onnx,/home/elipregerson/nnenum/vnncomp2025_benchmarks/benchmarks/cora_2024/vnnlib/cifar10-img340.vnnlib,.005955619,error_exit_code_1,1.178293318
cora_2024,/home/elipregerson/nnenum/vnncomp2025_benchmarks/benchmarks/cora_2024/./onnx/cifar10-set.onnx,/home/elipregerson/nnenum/vnncomp2025_benchmarks/benchmarks/cora_2024/vnnlib/cifar10-img340.vnnlib,.006028308,error_exit_code_1,1.169918473
cora_2024,/home/elipregerson/nnenum/vnncomp2025_benchmarks/benchmarks/cora_2024/./onnx/cifar10-point.onnx,/home/elipregerson/nnenum/vnncomp2025_benchmarks/benchmarks/cora_2024/vnnlib/cifar10-img386.vnnlib,.006026270,error_exit_code_1,1.151099056
cora_2024,/home/elipregerson/nnenum/vnncomp2025_benchmarks/benchmarks/cora_2024/./onnx/cifar10-trades.onnx,/home/elipregerson/nnenum/vnncomp2025_benchmarks/benchmarks/cora_2024/vnnlib/cifar10-img386.vnnlib,.006205589,error_exit_code_1,1.147693048
cora_2024,/home/elipregerson/nnenum/vnncomp2025_benchmarks/benchmarks/cora_2024/./onnx/cifar10-set.onnx,/home/elipregerson/nnenum/vnncomp2025_benchmarks/benchmarks/cora_2024/vnnlib/cifar10-img386.vnnlib,.006134668,error_exit_code_1,1.177814797
cora_2024,/home/elipregerson/nnenum/vnncomp2025_benchmarks/benchmarks/cora_2024/./onnx/cifar10-point.onnx,/home/elipregerson/nnenum/vnncomp2025_benchmarks/benchmarks/cora_2024/vnnlib/cifar10-img398.vnnlib,.006387640,error_exit_code_1,1.150332290
cora_2024,/home/elipregerson/nnenum/vnncomp2025_benchmarks/benchmarks/cora_2024/./onnx/cifar10-trades.onnx,/home/elipregerson/nnenum/vnncomp2025_benchmarks/benchmarks/cora_2024/vnnlib/cifar10-img398.vnnlib,.006071349,error_exit_code_1,1.165873302
cora_2024,/home/elipregerson/nnenum/vnncomp2025_benchmarks/benchmarks/cora_2024/./onnx/cifar10-set.onnx,/home/elipregerson/nnenum/vnncomp2025_benchmarks/benchmarks/cora_2024/vnnlib/cifar10-img398.vnnlib,.006000693,error_exit_code_1,1.157742557
cora_2024,/home/elipregerson/nnenum/vnncomp2025_benchmarks/benchmarks/cora_2024/./onnx/cifar10-point.onnx,/home/elipregerson/nnenum/vnncomp2025_benchmarks/benchmarks/cora_2024/vnnlib/cifar10-img440.vnnlib,.006652680,error_exit_code_1,1.154077316
cora_2024,/home/elipregerson/nnenum/vnncomp2025_benchmarks/benchmarks/cora_2024/./onnx/cifar10-trades.onnx,/home/elipregerson/nnenum/vnncomp2025_benchmarks/benchmarks/cora_2024/vnnlib/cifar10-img440.vnnlib,.006340710,error_exit_code_1,1.165820711
cora_2024,/home/elipregerson/nnenum/vnncomp2025_benchmarks/benchmarks/cora_2024/./onnx/cifar10-set.onnx,/home/elipregerson/nnenum/vnncomp2025_benchmarks/benchmarks/cora_2024/vnnlib/cifar10-img440.vnnlib,.006190258,error_exit_code_1,1.176005806
cora_2024,/home/elipregerson/nnenum/vnncomp2025_benchmarks/benchmarks/cora_2024/./onnx/cifar10-point.onnx,/home/elipregerson/nnenum/vnncomp2025_benchmarks/benchmarks/cora_2024/vnnlib/cifar10-img479.vnnlib,.006283212,error_exit_code_1,1.153314535
cora_2024,/home/elipregerson/nnenum/vnncomp2025_benchmarks/benchmarks/cora_2024/./onnx/cifar10-trades.onnx,/home/elipregerson/nnenum/vnncomp2025_benchmarks/benchmarks/cora_2024/vnnlib/cifar10-img479.vnnlib,.006279771,error_exit_code_1,1.187556576
cora_2024,/home/elipregerson/nnenum/vnncomp2025_benchmarks/benchmarks/cora_2024/./onnx/cifar10-set.onnx,/home/elipregerson/nnenum/vnncomp2025_benchmarks/benchmarks/cora_2024/vnnlib/cifar10-img479.vnnlib,.006126286,error_exit_code_1,1.155884286
cora_2024,/home/elipregerson/nnenum/vnncomp2025_benchmarks/benchmarks/test/onnx/test_nano.onnx,/home/elipregerson/nnenum/vnncomp2025_benchmarks/benchmarks/test/vnnlib/test_nano.vnnlib,.006226825,error_exit_code_1,.559665148
dist_shift_2023,/home/elipregerson/nnenum/vnncomp2025_benchmarks/benchmarks/dist_shift_2023/./onnx/mnist_concat.onnx,/home/elipregerson/nnenum/vnncomp2025_benchmarks/benchmarks/dist_shift_2023/./vnnlib/index7901_delta0.13.vnnlib,.006141898,error_exit_code_1,.570137462
dist_shift_2023,/home/elipregerson/nnenum/vnncomp2025_benchmarks/benchmarks/dist_shift_2023/./onnx/mnist_concat.onnx,/home/elipregerson/nnenum/vnncomp2025_benchmarks/benchmarks/dist_shift_2023/./vnnlib/index6323_delta0.13.vnnlib,.006136639,error_exit_code_1,.572732051
dist_shift_2023,/home/elipregerson/nnenum/vnncomp2025_benchmarks/benchmarks/dist_shift_2023/./onnx/mnist_concat.onnx,/home/elipregerson/nnenum/vnncomp2025_benchmarks/benchmarks/dist_shift_2023/./vnnlib/index7027_delta0.13.vnnlib,.006130645,error_exit_code_1,.567275600
dist_shift_2023,/home/elipregerson/nnenum/vnncomp2025_benchmarks/benchmarks/dist_shift_2023/./onnx/mnist_concat.onnx,/home/elipregerson/nnenum/vnncomp2025_benchmarks/benchmarks/dist_shift_2023/./vnnlib/index7116_delta0.13.vnnlib,.006230761,error_exit_code_1,.574844809
dist_shift_2023,/home/elipregerson/nnenum/vnncomp2025_benchmarks/benchmarks/dist_shift_2023/./onnx/mnist_concat.onnx,/home/elipregerson/nnenum/vnncomp2025_benchmarks/benchmarks/dist_shift_2023/./vnnlib/index1373_delta0.13.vnnlib,.007460600,error_exit_code_1,.568684954
dist_shift_2023,/home/elipregerson/nnenum/vnncomp2025_benchmarks/benchmarks/dist_shift_2023/./onnx/mnist_concat.onnx,/home/elipregerson/nnenum/vnncomp2025_benchmarks/benchmarks/dist_shift_2023/./vnnlib/index6957_delta0.13.vnnlib,.006104406,error_exit_code_1,.575931769
dist_shift_2023,/home/elipregerson/nnenum/vnncomp2025_benchmarks/benchmarks/dist_shift_2023/./onnx/mnist_concat.onnx,/home/elipregerson/nnenum/vnncomp2025_benchmarks/benchmarks/dist_shift_2023/./vnnlib/index365_delta0.13.vnnlib,.006058467,error_exit_code_1,.581280424
dist_shift_2023,/home/elipregerson/nnenum/vnncomp2025_benchmarks/benchmarks/dist_shift_2023/./onnx/mnist_concat.onnx,/home/elipregerson/nnenum/vnncomp2025_benchmarks/benchmarks/dist_shift_2023/./vnnlib/index8900_delta0.13.vnnlib,.006011597,error_exit_code_1,.568475878
dist_shift_2023,/home/elipregerson/nnenum/vnncomp2025_benchmarks/benchmarks/dist_shift_2023/./onnx/mnist_concat.onnx,/home/elipregerson/nnenum/vnncomp2025_benchmarks/benchmarks/dist_shift_2023/./vnnlib/index9733_delta0.13.vnnlib,.006147484,error_exit_code_1,.572193247
dist_shift_2023,/home/elipregerson/nnenum/vnncomp2025_benchmarks/benchmarks/dist_shift_2023/./onnx/mnist_concat.onnx,/home/elipregerson/nnenum/vnncomp2025_benchmarks/benchmarks/dist_shift_2023/./vnnlib/index9154_delta0.13.vnnlib,.006065209,error_exit_code_1,.566043267
dist_shift_2023,/home/elipregerson/nnenum/vnncomp2025_benchmarks/benchmarks/dist_shift_2023/./onnx/mnist_concat.onnx,/home/elipregerson/nnenum/vnncomp2025_benchmarks/benchmarks/dist_shift_2023/./vnnlib/index5938_delta0.13.vnnlib,.006201512,error_exit_code_1,.569145434
dist_shift_2023,/home/elipregerson/nnenum/vnncomp2025_benchmarks/benchmarks/dist_shift_2023/./onnx/mnist_concat.onnx,/home/elipregerson/nnenum/vnncomp2025_benchmarks/benchmarks/dist_shift_2023/./vnnlib/index8964_delta0.13.vnnlib,.006205415,error_exit_code_1,.574902045
dist_shift_2023,/home/elipregerson/nnenum/vnncomp2025_benchmarks/benchmarks/dist_shift_2023/./onnx/mnist_concat.onnx,/home/elipregerson/nnenum/vnncomp2025_benchmarks/benchmarks/dist_shift_2023/./vnnlib/index4665_delta0.13.vnnlib,.006227802,error_exit_code_1,.570593425
dist_shift_2023,/home/elipregerson/nnenum/vnncomp2025_benchmarks/benchmarks/dist_shift_2023/./onnx/mnist_concat.onnx,/home/elipregerson/nnenum/vnncomp2025_benchmarks/benchmarks/dist_shift_2023/./vnnlib/index2204_delta0.13.vnnlib,.006034711,error_exit_code_1,.574319728
dist_shift_2023,/home/elipregerson/nnenum/vnncomp2025_benchmarks/benchmarks/dist_shift_2023/./onnx/mnist_concat.onnx,/home/elipregerson/nnenum/vnncomp2025_benchmarks/benchmarks/dist_shift_2023/./vnnlib/index6405_delta0.13.vnnlib,.006529211,error_exit_code_1,.571669036
dist_shift_2023,/home/elipregerson/nnenum/vnncomp2025_benchmarks/benchmarks/dist_shift_2023/./onnx/mnist_concat.onnx,/home/elipregerson/nnenum/vnncomp2025_benchmarks/benchmarks/dist_shift_2023/./vnnlib/index4739_delta0.13.vnnlib,.006472099,error_exit_code_1,.567020856
dist_shift_2023,/home/elipregerson/nnenum/vnncomp2025_benchmarks/benchmarks/dist_shift_2023/./onnx/mnist_concat.onnx,/home/elipregerson/nnenum/vnncomp2025_benchmarks/benchmarks/dist_shift_2023/./vnnlib/index5291_delta0.13.vnnlib,.006049985,error_exit_code_1,.565599911
dist_shift_2023,/home/elipregerson/nnenum/vnncomp2025_benchmarks/benchmarks/dist_shift_2023/./onnx/mnist_concat.onnx,/home/elipregerson/nnenum/vnncomp2025_benchmarks/benchmarks/dist_shift_2023/./vnnlib/index5206_delta0.13.vnnlib,.006049674,error_exit_code_1,.576542835
dist_shift_2023,/home/elipregerson/nnenum/vnncomp2025_benchmarks/benchmarks/dist_shift_2023/./onnx/mnist_concat.onnx,/home/elipregerson/nnenum/vnncomp2025_benchmarks/benchmarks/dist_shift_2023/./vnnlib/index7329_delta0.13.vnnlib,.006029921,error_exit_code_1,.565981323
dist_shift_2023,/home/elipregerson/nnenum/vnncomp2025_benchmarks/benchmarks/dist_shift_2023/./onnx/mnist_concat.onnx,/home/elipregerson/nnenum/vnncomp2025_benchmarks/benchmarks/dist_shift_2023/./vnnlib/index292_delta0.13.vnnlib,.005951194,error_exit_code_1,.571571903
dist_shift_2023,/home/elipregerson/nnenum/vnncomp2025_benchmarks/benchmarks/dist_shift_2023/./onnx/mnist_concat.onnx,/home/elipregerson/nnenum/vnncomp2025_benchmarks/benchmarks/dist_shift_2023/./vnnlib/index1282_delta0.13.vnnlib,.006043737,error_exit_code_1,.565248182
dist_shift_2023,/home/elipregerson/nnenum/vnncomp2025_benchmarks/benchmarks/dist_shift_2023/./onnx/mnist_concat.onnx,/home/elipregerson/nnenum/vnncomp2025_benchmarks/benchmarks/dist_shift_2023/./vnnlib/index2251_delta0.13.vnnlib,.005988085,error_exit_code_1,.572043624
dist_shift_2023,/home/elipregerson/nnenum/vnncomp2025_benchmarks/benchmarks/dist_shift_2023/./onnx/mnist_concat.onnx,/home/elipregerson/nnenum/vnncomp2025_benchmarks/benchmarks/dist_shift_2023/./vnnlib/index1921_delta0.13.vnnlib,.006279770,error_exit_code_1,.571952816
dist_shift_2023,/home/elipregerson/nnenum/vnncomp2025_benchmarks/benchmarks/dist_shift_2023/./onnx/mnist_concat.onnx,/home/elipregerson/nnenum/vnncomp2025_benchmarks/benchmarks/dist_shift_2023/./vnnlib/index1285_delta0.13.vnnlib,.006269278,error_exit_code_1,.567963687
dist_shift_2023,/home/elipregerson/nnenum/vnncomp2025_benchmarks/benchmarks/dist_shift_2023/./onnx/mnist_concat.onnx,/home/elipregerson/nnenum/vnncomp2025_benchmarks/benchmarks/dist_shift_2023/./vnnlib/index9211_delta0.13.vnnlib,.006152674,error_exit_code_1,.568311482
dist_shift_2023,/home/elipregerson/nnenum/vnncomp2025_benchmarks/benchmarks/dist_shift_2023/./onnx/mnist_concat.onnx,/home/elipregerson/nnenum/vnncomp2025_benchmarks/benchmarks/dist_shift_2023/./vnnlib/index1159_delta0.13.vnnlib,.006700158,error_exit_code_1,.571103923
dist_shift_2023,/home/elipregerson/nnenum/vnncomp2025_benchmarks/benchmarks/dist_shift_2023/./onnx/mnist_concat.onnx,/home/elipregerson/nnenum/vnncomp2025_benchmarks/benchmarks/dist_shift_2023/./vnnlib/index4901_delta0.13.vnnlib,.006303132,error_exit_code_1,.566312588
dist_shift_2023,/home/elipregerson/nnenum/vnncomp2025_benchmarks/benchmarks/dist_shift_2023/./onnx/mnist_concat.onnx,/home/elipregerson/nnenum/vnncomp2025_benchmarks/benchmarks/dist_shift_2023/./vnnlib/index1662_delta0.13.vnnlib,.005996403,error_exit_code_1,.571902867
dist_shift_2023,/home/elipregerson/nnenum/vnncomp2025_benchmarks/benchmarks/dist_shift_2023/./onnx/mnist_concat.onnx,/home/elipregerson/nnenum/vnncomp2025_benchmarks/benchmarks/dist_shift_2023/./vnnlib/index7606_delta0.13.vnnlib,.006381592,error_exit_code_1,.568173607
dist_shift_2023,/home/elipregerson/nnenum/vnncomp2025_benchmarks/benchmarks/dist_shift_2023/./onnx/mnist_concat.onnx,/home/elipregerson/nnenum/vnncomp2025_benchmarks/benchmarks/dist_shift_2023/./vnnlib/index1537_delta0.13.vnnlib,.005976953,error_exit_code_1,.578036975
dist_shift_2023,/home/elipregerson/nnenum/vnncomp2025_benchmarks/benchmarks/dist_shift_2023/./onnx/mnist_concat.onnx,/home/elipregerson/nnenum/vnncomp2025_benchmarks/benchmarks/dist_shift_2023/./vnnlib/index3863_delta0.13.vnnlib,.006024862,error_exit_code_1,.570857472
dist_shift_2023,/home/elipregerson/nnenum/vnncomp2025_benchmarks/benchmarks/dist_shift_2023/./onnx/mnist_concat.onnx,/home/elipregerson/nnenum/vnncomp2025_benchmarks/benchmarks/dist_shift_2023/./vnnlib/index6792_delta0.13.vnnlib,.006150221,error_exit_code_1,.564155264
dist_shift_2023,/home/elipregerson/nnenum/vnncomp2025_benchmarks/benchmarks/dist_shift_2023/./onnx/mnist_concat.onnx,/home/elipregerson/nnenum/vnncomp2025_benchmarks/benchmarks/dist_shift_2023/./vnnlib/index2481_delta0.13.vnnlib,.005949738,error_exit_code_1,.572427836
dist_shift_2023,/home/elipregerson/nnenum/vnncomp2025_benchmarks/benchmarks/dist_shift_2023/./onnx/mnist_concat.onnx,/home/elipregerson/nnenum/vnncomp2025_benchmarks/benchmarks/dist_shift_2023/./vnnlib/index9027_delta0.13.vnnlib,.006208154,error_exit_code_1,.566899885
dist_shift_2023,/home/elipregerson/nnenum/vnncomp2025_benchmarks/benchmarks/dist_shift_2023/./onnx/mnist_concat.onnx,/home/elipregerson/nnenum/vnncomp2025_benchmarks/benchmarks/dist_shift_2023/./vnnlib/index6136_delta0.13.vnnlib,.006073174,error_exit_code_1,.573016211
dist_shift_2023,/home/elipregerson/nnenum/vnncomp2025_benchmarks/benchmarks/dist_shift_2023/./onnx/mnist_concat.onnx,/home/elipregerson/nnenum/vnncomp2025_benchmarks/benchmarks/dist_shift_2023/./vnnlib/index4799_delta0.13.vnnlib,.006110114,error_exit_code_1,.563333092
dist_shift_2023,/home/elipregerson/nnenum/vnncomp2025_benchmarks/benchmarks/dist_shift_2023/./onnx/mnist_concat.onnx,/home/elipregerson/nnenum/vnncomp2025_benchmarks/benchmarks/dist_shift_2023/./vnnlib/index3444_delta0.13.vnnlib,.005995136,error_exit_code_1,.567326256
dist_shift_2023,/home/elipregerson/nnenum/vnncomp2025_benchmarks/benchmarks/dist_shift_2023/./onnx/mnist_concat.onnx,/home/elipregerson/nnenum/vnncomp2025_benchmarks/benchmarks/dist_shift_2023/./vnnlib/index5328_delta0.13.vnnlib,.006058128,error_exit_code_1,.576447243
dist_shift_2023,/home/elipregerson/nnenum/vnncomp2025_benchmarks/benchmarks/dist_shift_2023/./onnx/mnist_concat.onnx,/home/elipregerson/nnenum/vnncomp2025_benchmarks/benchmarks/dist_shift_2023/./vnnlib/index1031_delta0.13.vnnlib,.006117961,error_exit_code_1,.575638918
dist_shift_2023,/home/elipregerson/nnenum/vnncomp2025_benchmarks/benchmarks/dist_shift_2023/./onnx/mnist_concat.onnx,/home/elipregerson/nnenum/vnncomp2025_benchmarks/benchmarks/dist_shift_2023/./vnnlib/index3401_delta0.13.vnnlib,.006177891,error_exit_code_1,.568768887
dist_shift_2023,/home/elipregerson/nnenum/vnncomp2025_benchmarks/benchmarks/dist_shift_2023/./onnx/mnist_concat.onnx,/home/elipregerson/nnenum/vnncomp2025_benchmarks/benchmarks/dist_shift_2023/./vnnlib/index9101_delta0.13.vnnlib,.006292012,error_exit_code_1,.570081720
dist_shift_2023,/home/elipregerson/nnenum/vnncomp2025_benchmarks/benchmarks/dist_shift_2023/./onnx/mnist_concat.onnx,/home/elipregerson/nnenum/vnncomp2025_benchmarks/benchmarks/dist_shift_2023/./vnnlib/index7109_delta0.13.vnnlib,.006087224,error_exit_code_1,.572302203
dist_shift_2023,/home/elipregerson/nnenum/vnncomp2025_benchmarks/benchmarks/dist_shift_2023/./onnx/mnist_concat.onnx,/home/elipregerson/nnenum/vnncomp2025_benchmarks/benchmarks/dist_shift_2023/./vnnlib/index4312_delta0.13.vnnlib,.006523197,error_exit_code_1,.584807430
dist_shift_2023,/home/elipregerson/nnenum/vnncomp2025_benchmarks/benchmarks/dist_shift_2023/./onnx/mnist_concat.onnx,/home/elipregerson/nnenum/vnncomp2025_benchmarks/benchmarks/dist_shift_2023/./vnnlib/index9203_delta0.13.vnnlib,.006047160,error_exit_code_1,.543073094
dist_shift_2023,/home/elipregerson/nnenum/vnncomp2025_benchmarks/benchmarks/dist_shift_2023/./onnx/mnist_concat.onnx,/home/elipregerson/nnenum/vnncomp2025_benchmarks/benchmarks/dist_shift_2023/./vnnlib/index1929_delta0.13.vnnlib,.006361404,error_exit_code_1,.572816519
dist_shift_2023,/home/elipregerson/nnenum/vnncomp2025_benchmarks/benchmarks/dist_shift_2023/./onnx/mnist_concat.onnx,/home/elipregerson/nnenum/vnncomp2025_benchmarks/benchmarks/dist_shift_2023/./vnnlib/index6217_delta0.13.vnnlib,.006325174,error_exit_code_1,.595613442
dist_shift_2023,/home/elipregerson/nnenum/vnncomp2025_benchmarks/benchmarks/dist_shift_2023/./onnx/mnist_concat.onnx,/home/elipregerson/nnenum/vnncomp2025_benchmarks/benchmarks/dist_shift_2023/./vnnlib/index4272_delta0.13.vnnlib,.006856872,error_exit_code_1,.569760102
dist_shift_2023,/home/elipregerson/nnenum/vnncomp2025_benchmarks/benchmarks/dist_shift_2023/./onnx/mnist_concat.onnx,/home/elipregerson/nnenum/vnncomp2025_benchmarks/benchmarks/dist_shift_2023/./vnnlib/index316_delta0.13.vnnlib,.006111204,error_exit_code_1,.582228572
dist_shift_2023,/home/elipregerson/nnenum/vnncomp2025_benchmarks/benchmarks/dist_shift_2023/./onnx/mnist_concat.onnx,/home/elipregerson/nnenum/vnncomp2025_benchmarks/benchmarks/dist_shift_2023/./vnnlib/index2750_delta0.13.vnnlib,.007111655,error_exit_code_1,.580283045
dist_shift_2023,/home/elipregerson/nnenum/vnncomp2025_benchmarks/benchmarks/dist_shift_2023/./onnx/mnist_concat.onnx,/home/elipregerson/nnenum/vnncomp2025_benchmarks/benchmarks/dist_shift_2023/./vnnlib/index7336_delta0.13.vnnlib,.006671845,error_exit_code_1,.574571716
dist_shift_2023,/home/elipregerson/nnenum/vnncomp2025_benchmarks/benchmarks/dist_shift_2023/./onnx/mnist_concat.onnx,/home/elipregerson/nnenum/vnncomp2025_benchmarks/benchmarks/dist_shift_2023/./vnnlib/index1453_delta0.13.vnnlib,.006194736,error_exit_code_1,.549363230
dist_shift_2023,/home/elipregerson/nnenum/vnncomp2025_benchmarks/benchmarks/dist_shift_2023/./onnx/mnist_concat.onnx,/home/elipregerson/nnenum/vnncomp2025_benchmarks/benchmarks/dist_shift_2023/./vnnlib/index112_delta0.13.vnnlib,.006322015,error_exit_code_1,.548568569
dist_shift_2023,/home/elipregerson/nnenum/vnncomp2025_benchmarks/benchmarks/dist_shift_2023/./onnx/mnist_concat.onnx,/home/elipregerson/nnenum/vnncomp2025_benchmarks/benchmarks/dist_shift_2023/./vnnlib/index6936_delta0.13.vnnlib,.006234495,error_exit_code_1,.584119404
dist_shift_2023,/home/elipregerson/nnenum/vnncomp2025_benchmarks/benchmarks/dist_shift_2023/./onnx/mnist_concat.onnx,/home/elipregerson/nnenum/vnncomp2025_benchmarks/benchmarks/dist_shift_2023/./vnnlib/index6574_delta0.13.vnnlib,.006050035,error_exit_code_1,.565268391
dist_shift_2023,/home/elipregerson/nnenum/vnncomp2025_benchmarks/benchmarks/dist_shift_2023/./onnx/mnist_concat.onnx,/home/elipregerson/nnenum/vnncomp2025_benchmarks/benchmarks/dist_shift_2023/./vnnlib/index7281_delta0.13.vnnlib,.006053909,error_exit_code_1,.555831427
dist_shift_2023,/home/elipregerson/nnenum/vnncomp2025_benchmarks/benchmarks/dist_shift_2023/./onnx/mnist_concat.onnx,/home/elipregerson/nnenum/vnncomp2025_benchmarks/benchmarks/dist_shift_2023/./vnnlib/index6551_delta0.13.vnnlib,.006024295,error_exit_code_1,.573416667
dist_shift_2023,/home/elipregerson/nnenum/vnncomp2025_benchmarks/benchmarks/dist_shift_2023/./onnx/mnist_concat.onnx,/home/elipregerson/nnenum/vnncomp2025_benchmarks/benchmarks/dist_shift_2023/./vnnlib/index6412_delta0.13.vnnlib,.006117363,error_exit_code_1,.566787663
dist_shift_2023,/home/elipregerson/nnenum/vnncomp2025_benchmarks/benchmarks/dist_shift_2023/./onnx/mnist_concat.onnx,/home/elipregerson/nnenum/vnncomp2025_benchmarks/benchmarks/dist_shift_2023/./vnnlib/index3552_delta0.13.vnnlib,.006123058,error_exit_code_1,.568209959
dist_shift_2023,/home/elipregerson/nnenum/vnncomp2025_benchmarks/benchmarks/dist_shift_2023/./onnx/mnist_concat.onnx,/home/elipregerson/nnenum/vnncomp2025_benchmarks/benchmarks/dist_shift_2023/./vnnlib/index3805_delta0.13.vnnlib,.006124164,error_exit_code_1,.565268981
dist_shift_2023,/home/elipregerson/nnenum/vnncomp2025_benchmarks/benchmarks/dist_shift_2023/./onnx/mnist_concat.onnx,/home/elipregerson/nnenum/vnncomp2025_benchmarks/benchmarks/dist_shift_2023/./vnnlib/index668_delta0.13.vnnlib,.006039417,error_exit_code_1,.564847449
dist_shift_2023,/home/elipregerson/nnenum/vnncomp2025_benchmarks/benchmarks/dist_shift_2023/./onnx/mnist_concat.onnx,/home/elipregerson/nnenum/vnncomp2025_benchmarks/benchmarks/dist_shift_2023/./vnnlib/index7175_delta0.13.vnnlib,.006063020,error_exit_code_1,.539828149
dist_shift_2023,/home/elipregerson/nnenum/vnncomp2025_benchmarks/benchmarks/dist_shift_2023/./onnx/mnist_concat.onnx,/home/elipregerson/nnenum/vnncomp2025_benchmarks/benchmarks/dist_shift_2023/./vnnlib/index4286_delta0.13.vnnlib,.006067507,error_exit_code_1,.557068780
dist_shift_2023,/home/elipregerson/nnenum/vnncomp2025_benchmarks/benchmarks/dist_shift_2023/./onnx/mnist_concat.onnx,/home/elipregerson/nnenum/vnncomp2025_benchmarks/benchmarks/dist_shift_2023/./vnnlib/index5385_delta0.13.vnnlib,.006185240,error_exit_code_1,.536506922
dist_shift_2023,/home/elipregerson/nnenum/vnncomp2025_benchmarks/benchmarks/dist_shift_2023/./onnx/mnist_concat.onnx,/home/elipregerson/nnenum/vnncomp2025_benchmarks/benchmarks/dist_shift_2023/./vnnlib/index5391_delta0.13.vnnlib,.006097892,error_exit_code_1,.533110015
dist_shift_2023,/home/elipregerson/nnenum/vnncomp2025_benchmarks/benchmarks/dist_shift_2023/./onnx/mnist_concat.onnx,/home/elipregerson/nnenum/vnncomp2025_benchmarks/benchmarks/dist_shift_2023/./vnnlib/index6354_delta0.13.vnnlib,.006615382,error_exit_code_1,.536326173
dist_shift_2023,/home/elipregerson/nnenum/vnncomp2025_benchmarks/benchmarks/dist_shift_2023/./onnx/mnist_concat.onnx,/home/elipregerson/nnenum/vnncomp2025_benchmarks/benchmarks/dist_shift_2023/./vnnlib/index5020_delta0.13.vnnlib,.006031193,error_exit_code_1,.539477867
dist_shift_2023,/home/elipregerson/nnenum/vnncomp2025_benchmarks/benchmarks/dist_shift_2023/./onnx/mnist_concat.onnx,/home/elipregerson/nnenum/vnncomp2025_benchmarks/benchmarks/dist_shift_2023/./vnnlib/index7106_delta0.13.vnnlib,.006071766,error_exit_code_1,.535751609
dist_shift_2023,/home/elipregerson/nnenum/vnncomp2025_benchmarks/benchmarks/dist_shift_2023/./onnx/mnist_concat.onnx,/home/elipregerson/nnenum/vnncomp2025_benchmarks/benchmarks/dist_shift_2023/./vnnlib/index4148_delta0.13.vnnlib,.006151162,error_exit_code_1,.546620274
dist_shift_2023,/home/elipregerson/nnenum/vnncomp2025_benchmarks/benchmarks/dist_shift_2023/./onnx/mnist_concat.onnx,/home/elipregerson/nnenum/vnncomp2025_benchmarks/benchmarks/dist_shift_2023/./vnnlib/index6199_delta0.13.vnnlib,.005983752,error_exit_code_1,.535344510
dist_shift_2023,/home/elipregerson/nnenum/vnncomp2025_benchmarks/benchmarks/dist_shift_2023/./onnx/mnist_concat.onnx,/home/elipregerson/nnenum/vnncomp2025_benchmarks/benchmarks/dist_shift_2023/./vnnlib/index7534_delta0.13.vnnlib,.006030194,error_exit_code_1,.542171033
dist_shift_2023,/home/elipregerson/nnenum/vnncomp2025_benchmarks/benchmarks/dist_shift_2023/./onnx/mnist_concat.onnx,/home/elipregerson/nnenum/vnncomp2025_benchmarks/benchmarks/dist_shift_2023/./vnnlib/index9021_delta0.13.vnnlib,.006185351,error_exit_code_1,.547020121
dist_shift_2023,/home/elipregerson/nnenum/vnncomp2025_benchmarks/benchmarks/dist_shift_2023/./onnx/mnist_concat.onnx,/home/elipregerson/nnenum/vnncomp2025_benchmarks/benchmarks/dist_shift_2023/./vnnlib/index6107_delta0.13.vnnlib,.006469614,error_exit_code_1,.591948269
dist_shift_2023,/home/elipregerson/nnenum/vnncomp2025_benchmarks/benchmarks/test/onnx/test_nano.onnx,/home/elipregerson/nnenum/vnncomp2025_benchmarks/benchmarks/test/vnnlib/test_nano.vnnlib,.006900846,unsat,.623004210
linearizenn_2024,/home/elipregerson/nnenum/vnncomp2025_benchmarks/benchmarks/linearizenn_2024/onnx/AllInOne_10_10.onnx,/home/elipregerson/nnenum/vnncomp2025_benchmarks/benchmarks/linearizenn_2024/vnnlib/prop_10_10.vnnlib,.006479213,sat,.961925822
linearizenn_2024,/home/elipregerson/nnenum/vnncomp2025_benchmarks/benchmarks/linearizenn_2024/onnx/AllInOne_10_10.onnx,/home/elipregerson/nnenum/vnncomp2025_benchmarks/benchmarks/linearizenn_2024/vnnlib/prop_10_10_0.vnnlib,.006520422,unsat,.860669221
linearizenn_2024,/home/elipregerson/nnenum/vnncomp2025_benchmarks/benchmarks/linearizenn_2024/onnx/AllInOne_10_10.onnx,/home/elipregerson/nnenum/vnncomp2025_benchmarks/benchmarks/linearizenn_2024/vnnlib/prop_10_10_1.vnnlib,.006182978,unsat,.800003644
linearizenn_2024,/home/elipregerson/nnenum/vnncomp2025_benchmarks/benchmarks/linearizenn_2024/onnx/AllInOne_10_10.onnx,/home/elipregerson/nnenum/vnncomp2025_benchmarks/benchmarks/linearizenn_2024/vnnlib/prop_10_10_2.vnnlib,.008867433,unsat,.781743524
linearizenn_2024,/home/elipregerson/nnenum/vnncomp2025_benchmarks/benchmarks/linearizenn_2024/onnx/AllInOne_10_10.onnx,/home/elipregerson/nnenum/vnncomp2025_benchmarks/benchmarks/linearizenn_2024/vnnlib/prop_10_10_3.vnnlib,.006146482,unsat,.749218101
linearizenn_2024,/home/elipregerson/nnenum/vnncomp2025_benchmarks/benchmarks/linearizenn_2024/onnx/AllInOne_10_10.onnx,/home/elipregerson/nnenum/vnncomp2025_benchmarks/benchmarks/linearizenn_2024/vnnlib/prop_10_10_4.vnnlib,.005858521,unsat,.758881330
linearizenn_2024,/home/elipregerson/nnenum/vnncomp2025_benchmarks/benchmarks/linearizenn_2024/onnx/AllInOne_30_30.onnx,/home/elipregerson/nnenum/vnncomp2025_benchmarks/benchmarks/linearizenn_2024/vnnlib/prop_30_30.vnnlib,.006158298,unsat,1.231210796
linearizenn_2024,/home/elipregerson/nnenum/vnncomp2025_benchmarks/benchmarks/linearizenn_2024/onnx/AllInOne_30_30.onnx,/home/elipregerson/nnenum/vnncomp2025_benchmarks/benchmarks/linearizenn_2024/vnnlib/prop_30_30_0.vnnlib,.006006859,unsat,.984337553
linearizenn_2024,/home/elipregerson/nnenum/vnncomp2025_benchmarks/benchmarks/linearizenn_2024/onnx/AllInOne_30_30.onnx,/home/elipregerson/nnenum/vnncomp2025_benchmarks/benchmarks/linearizenn_2024/vnnlib/prop_30_30_1.vnnlib,.006545668,unsat,.921814807
linearizenn_2024,/home/elipregerson/nnenum/vnncomp2025_benchmarks/benchmarks/linearizenn_2024/onnx/AllInOne_30_30.onnx,/home/elipregerson/nnenum/vnncomp2025_benchmarks/benchmarks/linearizenn_2024/vnnlib/prop_30_30_2.vnnlib,.006080366,unsat,1.058282455
linearizenn_2024,/home/elipregerson/nnenum/vnncomp2025_benchmarks/benchmarks/linearizenn_2024/onnx/AllInOne_30_30.onnx,/home/elipregerson/nnenum/vnncomp2025_benchmarks/benchmarks/linearizenn_2024/vnnlib/prop_30_30_3.vnnlib,.006374320,unsat,1.226586339
linearizenn_2024,/home/elipregerson/nnenum/vnncomp2025_benchmarks/benchmarks/linearizenn_2024/onnx/AllInOne_30_30.onnx,/home/elipregerson/nnenum/vnncomp2025_benchmarks/benchmarks/linearizenn_2024/vnnlib/prop_30_30_4.vnnlib,.006051668,unsat,1.076187816
linearizenn_2024,/home/elipregerson/nnenum/vnncomp2025_benchmarks/benchmarks/linearizenn_2024/onnx/AllInOne_30_80.onnx,/home/elipregerson/nnenum/vnncomp2025_benchmarks/benchmarks/linearizenn_2024/vnnlib/prop_30_80.vnnlib,.006281043,unsat,5.206358602
linearizenn_2024,/home/elipregerson/nnenum/vnncomp2025_benchmarks/benchmarks/linearizenn_2024/onnx/AllInOne_30_80.onnx,/home/elipregerson/nnenum/vnncomp2025_benchmarks/benchmarks/linearizenn_2024/vnnlib/prop_30_80_0.vnnlib,.006510007,unsat,3.196885454
linearizenn_2024,/home/elipregerson/nnenum/vnncomp2025_benchmarks/benchmarks/linearizenn_2024/onnx/AllInOne_30_80.onnx,/home/elipregerson/nnenum/vnncomp2025_benchmarks/benchmarks/linearizenn_2024/vnnlib/prop_30_80_1.vnnlib,.006283272,unsat,2.589549470
linearizenn_2024,/home/elipregerson/nnenum/vnncomp2025_benchmarks/benchmarks/linearizenn_2024/onnx/AllInOne_30_80.onnx,/home/elipregerson/nnenum/vnncomp2025_benchmarks/benchmarks/linearizenn_2024/vnnlib/prop_30_80_2.vnnlib,.006068984,unsat,2.088385294
linearizenn_2024,/home/elipregerson/nnenum/vnncomp2025_benchmarks/benchmarks/linearizenn_2024/onnx/AllInOne_30_80.onnx,/home/elipregerson/nnenum/vnncomp2025_benchmarks/benchmarks/linearizenn_2024/vnnlib/prop_30_80_3.vnnlib,.006317863,unsat,2.112548828
linearizenn_2024,/home/elipregerson/nnenum/vnncomp2025_benchmarks/benchmarks/linearizenn_2024/onnx/AllInOne_30_80.onnx,/home/elipregerson/nnenum/vnncomp2025_benchmarks/benchmarks/linearizenn_2024/vnnlib/prop_30_80_4.vnnlib,.006498122,unsat,1.810708528
linearizenn_2024,/home/elipregerson/nnenum/vnncomp2025_benchmarks/benchmarks/linearizenn_2024/onnx/AllInOne_50_50.onnx,/home/elipregerson/nnenum/vnncomp2025_benchmarks/benchmarks/linearizenn_2024/vnnlib/prop_50_50.vnnlib,.006443334,unsat,2.417612564
linearizenn_2024,/home/elipregerson/nnenum/vnncomp2025_benchmarks/benchmarks/linearizenn_2024/onnx/AllInOne_50_50.onnx,/home/elipregerson/nnenum/vnncomp2025_benchmarks/benchmarks/linearizenn_2024/vnnlib/prop_50_50_0.vnnlib,.006020813,unsat,1.443604656
linearizenn_2024,/home/elipregerson/nnenum/vnncomp2025_benchmarks/benchmarks/linearizenn_2024/onnx/AllInOne_50_50.onnx,/home/elipregerson/nnenum/vnncomp2025_benchmarks/benchmarks/linearizenn_2024/vnnlib/prop_50_50_1.vnnlib,.006048167,unsat,1.331818677
linearizenn_2024,/home/elipregerson/nnenum/vnncomp2025_benchmarks/benchmarks/linearizenn_2024/onnx/AllInOne_50_50.onnx,/home/elipregerson/nnenum/vnncomp2025_benchmarks/benchmarks/linearizenn_2024/vnnlib/prop_50_50_2.vnnlib,.006482018,unsat,1.554425152
linearizenn_2024,/home/elipregerson/nnenum/vnncomp2025_benchmarks/benchmarks/linearizenn_2024/onnx/AllInOne_50_50.onnx,/home/elipregerson/nnenum/vnncomp2025_benchmarks/benchmarks/linearizenn_2024/vnnlib/prop_50_50_3.vnnlib,.006038777,unsat,1.526716116
linearizenn_2024,/home/elipregerson/nnenum/vnncomp2025_benchmarks/benchmarks/linearizenn_2024/onnx/AllInOne_50_50.onnx,/home/elipregerson/nnenum/vnncomp2025_benchmarks/benchmarks/linearizenn_2024/vnnlib/prop_50_50_4.vnnlib,.006143609,unsat,1.661101405
linearizenn_2024,/home/elipregerson/nnenum/vnncomp2025_benchmarks/benchmarks/linearizenn_2024/onnx/AllInOne_50_120.onnx,/home/elipregerson/nnenum/vnncomp2025_benchmarks/benchmarks/linearizenn_2024/vnnlib/prop_50_120.vnnlib,.006001702,unsat,4.852820389
linearizenn_2024,/home/elipregerson/nnenum/vnncomp2025_benchmarks/benchmarks/linearizenn_2024/onnx/AllInOne_50_120.onnx,/home/elipregerson/nnenum/vnncomp2025_benchmarks/benchmarks/linearizenn_2024/vnnlib/prop_50_120_0.vnnlib,.006007987,unsat,2.853732223
linearizenn_2024,/home/elipregerson/nnenum/vnncomp2025_benchmarks/benchmarks/linearizenn_2024/onnx/AllInOne_50_120.onnx,/home/elipregerson/nnenum/vnncomp2025_benchmarks/benchmarks/linearizenn_2024/vnnlib/prop_50_120_1.vnnlib,.006520959,unsat,2.594281002
linearizenn_2024,/home/elipregerson/nnenum/vnncomp2025_benchmarks/benchmarks/linearizenn_2024/onnx/AllInOne_50_120.onnx,/home/elipregerson/nnenum/vnncomp2025_benchmarks/benchmarks/linearizenn_2024/vnnlib/prop_50_120_2.vnnlib,.006261333,unsat,2.654240579
linearizenn_2024,/home/elipregerson/nnenum/vnncomp2025_benchmarks/benchmarks/linearizenn_2024/onnx/AllInOne_50_120.onnx,/home/elipregerson/nnenum/vnncomp2025_benchmarks/benchmarks/linearizenn_2024/vnnlib/prop_50_120_3.vnnlib,.005984689,unsat,2.852507006
linearizenn_2024,/home/elipregerson/nnenum/vnncomp2025_benchmarks/benchmarks/linearizenn_2024/onnx/AllInOne_50_120.onnx,/home/elipregerson/nnenum/vnncomp2025_benchmarks/benchmarks/linearizenn_2024/vnnlib/prop_50_120_4.vnnlib,.006150791,unsat,2.770862494
linearizenn_2024,/home/elipregerson/nnenum/vnncomp2025_benchmarks/benchmarks/linearizenn_2024/onnx/AllInOne_80_30.onnx,/home/elipregerson/nnenum/vnncomp2025_benchmarks/benchmarks/linearizenn_2024/vnnlib/prop_80_30.vnnlib,.006383786,unsat,10.469373676
linearizenn_2024,/home/elipregerson/nnenum/vnncomp2025_benchmarks/benchmarks/linearizenn_2024/onnx/AllInOne_80_30.onnx,/home/elipregerson/nnenum/vnncomp2025_benchmarks/benchmarks/linearizenn_2024/vnnlib/prop_80_30_0.vnnlib,.006280861,unsat,4.415597849
linearizenn_2024,/home/elipregerson/nnenum/vnncomp2025_benchmarks/benchmarks/linearizenn_2024/onnx/AllInOne_80_30.onnx,/home/elipregerson/nnenum/vnncomp2025_benchmarks/benchmarks/linearizenn_2024/vnnlib/prop_80_30_1.vnnlib,.006253821,unsat,3.838347163
linearizenn_2024,/home/elipregerson/nnenum/vnncomp2025_benchmarks/benchmarks/linearizenn_2024/onnx/AllInOne_80_30.onnx,/home/elipregerson/nnenum/vnncomp2025_benchmarks/benchmarks/linearizenn_2024/vnnlib/prop_80_30_2.vnnlib,.006440588,unsat,4.360743261
linearizenn_2024,/home/elipregerson/nnenum/vnncomp2025_benchmarks/benchmarks/linearizenn_2024/onnx/AllInOne_80_30.onnx,/home/elipregerson/nnenum/vnncomp2025_benchmarks/benchmarks/linearizenn_2024/vnnlib/prop_80_30_3.vnnlib,.006069627,unsat,3.061122245
linearizenn_2024,/home/elipregerson/nnenum/vnncomp2025_benchmarks/benchmarks/linearizenn_2024/onnx/AllInOne_80_30.onnx,/home/elipregerson/nnenum/vnncomp2025_benchmarks/benchmarks/linearizenn_2024/vnnlib/prop_80_30_4.vnnlib,.006028404,unsat,3.548385966
linearizenn_2024,/home/elipregerson/nnenum/vnncomp2025_benchmarks/benchmarks/linearizenn_2024/onnx/AllInOne_80_80.onnx,/home/elipregerson/nnenum/vnncomp2025_benchmarks/benchmarks/linearizenn_2024/vnnlib/prop_80_80.vnnlib,.006206160,unsat,5.670798085
linearizenn_2024,/home/elipregerson/nnenum/vnncomp2025_benchmarks/benchmarks/linearizenn_2024/onnx/AllInOne_80_80.onnx,/home/elipregerson/nnenum/vnncomp2025_benchmarks/benchmarks/linearizenn_2024/vnnlib/prop_80_80_0.vnnlib,.006082847,unsat,2.274689289
linearizenn_2024,/home/elipregerson/nnenum/vnncomp2025_benchmarks/benchmarks/linearizenn_2024/onnx/AllInOne_80_80.onnx,/home/elipregerson/nnenum/vnncomp2025_benchmarks/benchmarks/linearizenn_2024/vnnlib/prop_80_80_1.vnnlib,.005859688,unsat,1.352375517
linearizenn_2024,/home/elipregerson/nnenum/vnncomp2025_benchmarks/benchmarks/linearizenn_2024/onnx/AllInOne_80_80.onnx,/home/elipregerson/nnenum/vnncomp2025_benchmarks/benchmarks/linearizenn_2024/vnnlib/prop_80_80_2.vnnlib,.006358012,unsat,2.065875078
linearizenn_2024,/home/elipregerson/nnenum/vnncomp2025_benchmarks/benchmarks/linearizenn_2024/onnx/AllInOne_80_80.onnx,/home/elipregerson/nnenum/vnncomp2025_benchmarks/benchmarks/linearizenn_2024/vnnlib/prop_80_80_3.vnnlib,.006084123,unsat,2.379838416
linearizenn_2024,/home/elipregerson/nnenum/vnncomp2025_benchmarks/benchmarks/linearizenn_2024/onnx/AllInOne_80_80.onnx,/home/elipregerson/nnenum/vnncomp2025_benchmarks/benchmarks/linearizenn_2024/vnnlib/prop_80_80_4.vnnlib,.006046077,unsat,1.962876829
linearizenn_2024,/home/elipregerson/nnenum/vnncomp2025_benchmarks/benchmarks/linearizenn_2024/onnx/AllInOne_120_30.onnx,/home/elipregerson/nnenum/vnncomp2025_benchmarks/benchmarks/linearizenn_2024/vnnlib/prop_120_30.vnnlib,.006045388,unsat,4.763036527
linearizenn_2024,/home/elipregerson/nnenum/vnncomp2025_benchmarks/benchmarks/linearizenn_2024/onnx/AllInOne_120_30.onnx,/home/elipregerson/nnenum/vnncomp2025_benchmarks/benchmarks/linearizenn_2024/vnnlib/prop_120_30_0.vnnlib,.006085267,unsat,2.177898973
linearizenn_2024,/home/elipregerson/nnenum/vnncomp2025_benchmarks/benchmarks/linearizenn_2024/onnx/AllInOne_120_30.onnx,/home/elipregerson/nnenum/vnncomp2025_benchmarks/benchmarks/linearizenn_2024/vnnlib/prop_120_30_1.vnnlib,.007145090,unsat,3.051673550
linearizenn_2024,/home/elipregerson/nnenum/vnncomp2025_benchmarks/benchmarks/linearizenn_2024/onnx/AllInOne_120_30.onnx,/home/elipregerson/nnenum/vnncomp2025_benchmarks/benchmarks/linearizenn_2024/vnnlib/prop_120_30_2.vnnlib,.006160698,unsat,3.037547782
linearizenn_2024,/home/elipregerson/nnenum/vnncomp2025_benchmarks/benchmarks/linearizenn_2024/onnx/AllInOne_120_30.onnx,/home/elipregerson/nnenum/vnncomp2025_benchmarks/benchmarks/linearizenn_2024/vnnlib/prop_120_30_3.vnnlib,.006733275,unsat,2.668758977
linearizenn_2024,/home/elipregerson/nnenum/vnncomp2025_benchmarks/benchmarks/linearizenn_2024/onnx/AllInOne_120_30.onnx,/home/elipregerson/nnenum/vnncomp2025_benchmarks/benchmarks/linearizenn_2024/vnnlib/prop_120_30_4.vnnlib,.006164125,unsat,3.300793921
linearizenn_2024,/home/elipregerson/nnenum/vnncomp2025_benchmarks/benchmarks/linearizenn_2024/onnx/AllInOne_120_50.onnx,/home/elipregerson/nnenum/vnncomp2025_benchmarks/benchmarks/linearizenn_2024/vnnlib/prop_120_50.vnnlib,.007165030,unsat,3.706346973
linearizenn_2024,/home/elipregerson/nnenum/vnncomp2025_benchmarks/benchmarks/linearizenn_2024/onnx/AllInOne_120_50.onnx,/home/elipregerson/nnenum/vnncomp2025_benchmarks/benchmarks/linearizenn_2024/vnnlib/prop_120_50_0.vnnlib,.006287747,unsat,2.198425931
linearizenn_2024,/home/elipregerson/nnenum/vnncomp2025_benchmarks/benchmarks/linearizenn_2024/onnx/AllInOne_120_50.onnx,/home/elipregerson/nnenum/vnncomp2025_benchmarks/benchmarks/linearizenn_2024/vnnlib/prop_120_50_1.vnnlib,.006205396,unsat,1.854168747
linearizenn_2024,/home/elipregerson/nnenum/vnncomp2025_benchmarks/benchmarks/linearizenn_2024/onnx/AllInOne_120_50.onnx,/home/elipregerson/nnenum/vnncomp2025_benchmarks/benchmarks/linearizenn_2024/vnnlib/prop_120_50_2.vnnlib,.006493674,unsat,2.038025953
linearizenn_2024,/home/elipregerson/nnenum/vnncomp2025_benchmarks/benchmarks/linearizenn_2024/onnx/AllInOne_120_50.onnx,/home/elipregerson/nnenum/vnncomp2025_benchmarks/benchmarks/linearizenn_2024/vnnlib/prop_120_50_3.vnnlib,.006378739,unsat,1.916969112
linearizenn_2024,/home/elipregerson/nnenum/vnncomp2025_benchmarks/benchmarks/linearizenn_2024/onnx/AllInOne_120_50.onnx,/home/elipregerson/nnenum/vnncomp2025_benchmarks/benchmarks/linearizenn_2024/vnnlib/prop_120_50_4.vnnlib,.006395109,unsat,1.495103199
linearizenn_2024,/home/elipregerson/nnenum/vnncomp2025_benchmarks/benchmarks/linearizenn_2024/onnx/AllInOne_120_120.onnx,/home/elipregerson/nnenum/vnncomp2025_benchmarks/benchmarks/linearizenn_2024/vnnlib/prop_120_120.vnnlib,.006060730,unsat,.992041936
linearizenn_2024,/home/elipregerson/nnenum/vnncomp2025_benchmarks/benchmarks/linearizenn_2024/onnx/AllInOne_120_120.onnx,/home/elipregerson/nnenum/vnncomp2025_benchmarks/benchmarks/linearizenn_2024/vnnlib/prop_120_120_0.vnnlib,.006021107,unsat,.892643549
linearizenn_2024,/home/elipregerson/nnenum/vnncomp2025_benchmarks/benchmarks/linearizenn_2024/onnx/AllInOne_120_120.onnx,/home/elipregerson/nnenum/vnncomp2025_benchmarks/benchmarks/linearizenn_2024/vnnlib/prop_120_120_1.vnnlib,.006272525,unsat,.893251435
linearizenn_2024,/home/elipregerson/nnenum/vnncomp2025_benchmarks/benchmarks/linearizenn_2024/onnx/AllInOne_120_120.onnx,/home/elipregerson/nnenum/vnncomp2025_benchmarks/benchmarks/linearizenn_2024/vnnlib/prop_120_120_2.vnnlib,.006116929,unsat,.881106955
linearizenn_2024,/home/elipregerson/nnenum/vnncomp2025_benchmarks/benchmarks/linearizenn_2024/onnx/AllInOne_120_120.onnx,/home/elipregerson/nnenum/vnncomp2025_benchmarks/benchmarks/linearizenn_2024/vnnlib/prop_120_120_3.vnnlib,.006068577,unsat,.857700846
linearizenn_2024,/home/elipregerson/nnenum/vnncomp2025_benchmarks/benchmarks/linearizenn_2024/onnx/AllInOne_120_120.onnx,/home/elipregerson/nnenum/vnncomp2025_benchmarks/benchmarks/linearizenn_2024/vnnlib/prop_120_120_4.vnnlib,.006127841,unsat,.888739156
linearizenn_2024,/home/elipregerson/nnenum/vnncomp2025_benchmarks/benchmarks/test/onnx/test_nano.onnx,/home/elipregerson/nnenum/vnncomp2025_benchmarks/benchmarks/test/vnnlib/test_nano.vnnlib,.006150709,unsat,.543590521
lsnc_relu,/home/elipregerson/nnenum/vnncomp2025_benchmarks/benchmarks/lsnc_relu/onnx/relu_quadrotor2d_state.onnx,/home/elipregerson/nnenum/vnncomp2025_benchmarks/benchmarks/lsnc_relu/vnnlib/quadrotor2d_state_0.vnnlib,.005999139,error_exit_code_1,.532680357
lsnc_relu,/home/elipregerson/nnenum/vnncomp2025_benchmarks/benchmarks/lsnc_relu/onnx/relu_quadrotor2d_state.onnx,/home/elipregerson/nnenum/vnncomp2025_benchmarks/benchmarks/lsnc_relu/vnnlib/quadrotor2d_state_1.vnnlib,.006243013,error_exit_code_1,.536463266
lsnc_relu,/home/elipregerson/nnenum/vnncomp2025_benchmarks/benchmarks/lsnc_relu/onnx/relu_quadrotor2d_state.onnx,/home/elipregerson/nnenum/vnncomp2025_benchmarks/benchmarks/lsnc_relu/vnnlib/quadrotor2d_state_2.vnnlib,.006193662,error_exit_code_1,.548809474
lsnc_relu,/home/elipregerson/nnenum/vnncomp2025_benchmarks/benchmarks/lsnc_relu/onnx/relu_quadrotor2d_state.onnx,/home/elipregerson/nnenum/vnncomp2025_benchmarks/benchmarks/lsnc_relu/vnnlib/quadrotor2d_state_3.vnnlib,.005936042,error_exit_code_1,.547437872
lsnc_relu,/home/elipregerson/nnenum/vnncomp2025_benchmarks/benchmarks/lsnc_relu/onnx/relu_quadrotor2d_state.onnx,/home/elipregerson/nnenum/vnncomp2025_benchmarks/benchmarks/lsnc_relu/vnnlib/quadrotor2d_state_4.vnnlib,.006324200,error_exit_code_1,.556729133
lsnc_relu,/home/elipregerson/nnenum/vnncomp2025_benchmarks/benchmarks/lsnc_relu/onnx/relu_quadrotor2d_state.onnx,/home/elipregerson/nnenum/vnncomp2025_benchmarks/benchmarks/lsnc_relu/vnnlib/quadrotor2d_state_5.vnnlib,.006036687,error_exit_code_1,.550079788
lsnc_relu,/home/elipregerson/nnenum/vnncomp2025_benchmarks/benchmarks/lsnc_relu/onnx/relu_quadrotor2d_state.onnx,/home/elipregerson/nnenum/vnncomp2025_benchmarks/benchmarks/lsnc_relu/vnnlib/quadrotor2d_state_6.vnnlib,.006166947,error_exit_code_1,.531678018
lsnc_relu,/home/elipregerson/nnenum/vnncomp2025_benchmarks/benchmarks/lsnc_relu/onnx/relu_quadrotor2d_state.onnx,/home/elipregerson/nnenum/vnncomp2025_benchmarks/benchmarks/lsnc_relu/vnnlib/quadrotor2d_state_7.vnnlib,.006097238,error_exit_code_1,.526792687
lsnc_relu,/home/elipregerson/nnenum/vnncomp2025_benchmarks/benchmarks/lsnc_relu/onnx/relu_quadrotor2d_state.onnx,/home/elipregerson/nnenum/vnncomp2025_benchmarks/benchmarks/lsnc_relu/vnnlib/quadrotor2d_state_8.vnnlib,.006300329,error_exit_code_1,.553415057
lsnc_relu,/home/elipregerson/nnenum/vnncomp2025_benchmarks/benchmarks/lsnc_relu/onnx/relu_quadrotor2d_state.onnx,/home/elipregerson/nnenum/vnncomp2025_benchmarks/benchmarks/lsnc_relu/vnnlib/quadrotor2d_state_9.vnnlib,.006025906,error_exit_code_1,.546840078
lsnc_relu,/home/elipregerson/nnenum/vnncomp2025_benchmarks/benchmarks/lsnc_relu/onnx/relu_quadrotor2d_state.onnx,/home/elipregerson/nnenum/vnncomp2025_benchmarks/benchmarks/lsnc_relu/vnnlib/quadrotor2d_state_10.vnnlib,.006161740,error_exit_code_1,.536695035
lsnc_relu,/home/elipregerson/nnenum/vnncomp2025_benchmarks/benchmarks/lsnc_relu/onnx/relu_quadrotor2d_state.onnx,/home/elipregerson/nnenum/vnncomp2025_benchmarks/benchmarks/lsnc_relu/vnnlib/quadrotor2d_state_11.vnnlib,.006045387,error_exit_code_1,.534966747
lsnc_relu,/home/elipregerson/nnenum/vnncomp2025_benchmarks/benchmarks/lsnc_relu/onnx/relu_quadrotor2d_state.onnx,/home/elipregerson/nnenum/vnncomp2025_benchmarks/benchmarks/lsnc_relu/vnnlib/quadrotor2d_state_12.vnnlib,.006152773,error_exit_code_1,.530690387
lsnc_relu,/home/elipregerson/nnenum/vnncomp2025_benchmarks/benchmarks/lsnc_relu/onnx/relu_quadrotor2d_state.onnx,/home/elipregerson/nnenum/vnncomp2025_benchmarks/benchmarks/lsnc_relu/vnnlib/quadrotor2d_state_13.vnnlib,.006252210,error_exit_code_1,.536613244
lsnc_relu,/home/elipregerson/nnenum/vnncomp2025_benchmarks/benchmarks/lsnc_relu/onnx/relu_quadrotor2d_state.onnx,/home/elipregerson/nnenum/vnncomp2025_benchmarks/benchmarks/lsnc_relu/vnnlib/quadrotor2d_state_14.vnnlib,.005875222,error_exit_code_1,.556807854
lsnc_relu,/home/elipregerson/nnenum/vnncomp2025_benchmarks/benchmarks/lsnc_relu/onnx/relu_quadrotor2d_state.onnx,/home/elipregerson/nnenum/vnncomp2025_benchmarks/benchmarks/lsnc_relu/vnnlib/quadrotor2d_state_15.vnnlib,.006083827,error_exit_code_1,.527582258
lsnc_relu,/home/elipregerson/nnenum/vnncomp2025_benchmarks/benchmarks/lsnc_relu/onnx/relu_quadrotor2d_state.onnx,/home/elipregerson/nnenum/vnncomp2025_benchmarks/benchmarks/lsnc_relu/vnnlib/quadrotor2d_state_16.vnnlib,.006032960,error_exit_code_1,.567584193
lsnc_relu,/home/elipregerson/nnenum/vnncomp2025_benchmarks/benchmarks/lsnc_relu/onnx/relu_quadrotor2d_state.onnx,/home/elipregerson/nnenum/vnncomp2025_benchmarks/benchmarks/lsnc_relu/vnnlib/quadrotor2d_state_17.vnnlib,.006298103,error_exit_code_1,.582043003
lsnc_relu,/home/elipregerson/nnenum/vnncomp2025_benchmarks/benchmarks/lsnc_relu/onnx/relu_quadrotor2d_state.onnx,/home/elipregerson/nnenum/vnncomp2025_benchmarks/benchmarks/lsnc_relu/vnnlib/quadrotor2d_state_18.vnnlib,.006128088,error_exit_code_1,.552965893
lsnc_relu,/home/elipregerson/nnenum/vnncomp2025_benchmarks/benchmarks/lsnc_relu/onnx/relu_quadrotor2d_state.onnx,/home/elipregerson/nnenum/vnncomp2025_benchmarks/benchmarks/lsnc_relu/vnnlib/quadrotor2d_state_19.vnnlib,.006071815,error_exit_code_1,.538032146
lsnc_relu,/home/elipregerson/nnenum/vnncomp2025_benchmarks/benchmarks/lsnc_relu/onnx/relu_quadrotor2d_state.onnx,/home/elipregerson/nnenum/vnncomp2025_benchmarks/benchmarks/lsnc_relu/vnnlib/quadrotor2d_state_20.vnnlib,.006009111,error_exit_code_1,.526480299
lsnc_relu,/home/elipregerson/nnenum/vnncomp2025_benchmarks/benchmarks/lsnc_relu/onnx/relu_quadrotor2d_state.onnx,/home/elipregerson/nnenum/vnncomp2025_benchmarks/benchmarks/lsnc_relu/vnnlib/quadrotor2d_state_21.vnnlib,.006102113,error_exit_code_1,.562857012
lsnc_relu,/home/elipregerson/nnenum/vnncomp2025_benchmarks/benchmarks/lsnc_relu/onnx/relu_quadrotor2d_state.onnx,/home/elipregerson/nnenum/vnncomp2025_benchmarks/benchmarks/lsnc_relu/vnnlib/quadrotor2d_state_22.vnnlib,.006093722,error_exit_code_1,.561304358
lsnc_relu,/home/elipregerson/nnenum/vnncomp2025_benchmarks/benchmarks/lsnc_relu/onnx/relu_quadrotor2d_state.onnx,/home/elipregerson/nnenum/vnncomp2025_benchmarks/benchmarks/lsnc_relu/vnnlib/quadrotor2d_state_23.vnnlib,.006246674,error_exit_code_1,.549932430
lsnc_relu,/home/elipregerson/nnenum/vnncomp2025_benchmarks/benchmarks/lsnc_relu/onnx/relu_quadrotor2d_state.onnx,/home/elipregerson/nnenum/vnncomp2025_benchmarks/benchmarks/lsnc_relu/vnnlib/quadrotor2d_state_24.vnnlib,.006173938,error_exit_code_1,.557471217
lsnc_relu,/home/elipregerson/nnenum/vnncomp2025_benchmarks/benchmarks/lsnc_relu/onnx/relu_quadrotor2d_state.onnx,/home/elipregerson/nnenum/vnncomp2025_benchmarks/benchmarks/lsnc_relu/vnnlib/quadrotor2d_state_25.vnnlib,.006144472,error_exit_code_1,.554864459
lsnc_relu,/home/elipregerson/nnenum/vnncomp2025_benchmarks/benchmarks/lsnc_relu/onnx/relu_quadrotor2d_state.onnx,/home/elipregerson/nnenum/vnncomp2025_benchmarks/benchmarks/lsnc_relu/vnnlib/quadrotor2d_state_26.vnnlib,.006257028,error_exit_code_1,.551528312
lsnc_relu,/home/elipregerson/nnenum/vnncomp2025_benchmarks/benchmarks/lsnc_relu/onnx/relu_quadrotor2d_state.onnx,/home/elipregerson/nnenum/vnncomp2025_benchmarks/benchmarks/lsnc_relu/vnnlib/quadrotor2d_state_27.vnnlib,.006769454,error_exit_code_1,.595353651
lsnc_relu,/home/elipregerson/nnenum/vnncomp2025_benchmarks/benchmarks/lsnc_relu/onnx/relu_quadrotor2d_state.onnx,/home/elipregerson/nnenum/vnncomp2025_benchmarks/benchmarks/lsnc_relu/vnnlib/quadrotor2d_state_28.vnnlib,.006728127,error_exit_code_1,.562628745
lsnc_relu,/home/elipregerson/nnenum/vnncomp2025_benchmarks/benchmarks/lsnc_relu/onnx/relu_quadrotor2d_state.onnx,/home/elipregerson/nnenum/vnncomp2025_benchmarks/benchmarks/lsnc_relu/vnnlib/quadrotor2d_state_29.vnnlib,.006115299,error_exit_code_1,.562499196
lsnc_relu,/home/elipregerson/nnenum/vnncomp2025_benchmarks/benchmarks/lsnc_relu/onnx/relu_quadrotor2d_state.onnx,/home/elipregerson/nnenum/vnncomp2025_benchmarks/benchmarks/lsnc_relu/vnnlib/quadrotor2d_state_30.vnnlib,.006227807,error_exit_code_1,.550409943
lsnc_relu,/home/elipregerson/nnenum/vnncomp2025_benchmarks/benchmarks/lsnc_relu/onnx/relu_quadrotor2d_state.onnx,/home/elipregerson/nnenum/vnncomp2025_benchmarks/benchmarks/lsnc_relu/vnnlib/quadrotor2d_state_31.vnnlib,.006058212,error_exit_code_1,.536087059
lsnc_relu,/home/elipregerson/nnenum/vnncomp2025_benchmarks/benchmarks/lsnc_relu/onnx/relu_quadrotor2d_state.onnx,/home/elipregerson/nnenum/vnncomp2025_benchmarks/benchmarks/lsnc_relu/vnnlib/quadrotor2d_state_32.vnnlib,.006175440,error_exit_code_1,.531366110
lsnc_relu,/home/elipregerson/nnenum/vnncomp2025_benchmarks/benchmarks/lsnc_relu/onnx/relu_quadrotor2d_state.onnx,/home/elipregerson/nnenum/vnncomp2025_benchmarks/benchmarks/lsnc_relu/vnnlib/quadrotor2d_state_33.vnnlib,.006135849,error_exit_code_1,.546439452
lsnc_relu,/home/elipregerson/nnenum/vnncomp2025_benchmarks/benchmarks/lsnc_relu/onnx/relu_quadrotor2d_state.onnx,/home/elipregerson/nnenum/vnncomp2025_benchmarks/benchmarks/lsnc_relu/vnnlib/quadrotor2d_state_34.vnnlib,.005987861,error_exit_code_1,.550486397
lsnc_relu,/home/elipregerson/nnenum/vnncomp2025_benchmarks/benchmarks/lsnc_relu/onnx/relu_quadrotor2d_state.onnx,/home/elipregerson/nnenum/vnncomp2025_benchmarks/benchmarks/lsnc_relu/vnnlib/quadrotor2d_state_35.vnnlib,.006153017,error_exit_code_1,.533163040
lsnc_relu,/home/elipregerson/nnenum/vnncomp2025_benchmarks/benchmarks/lsnc_relu/onnx/relu_quadrotor2d_state.onnx,/home/elipregerson/nnenum/vnncomp2025_benchmarks/benchmarks/lsnc_relu/vnnlib/quadrotor2d_state_36.vnnlib,.005983283,error_exit_code_1,.539559803
lsnc_relu,/home/elipregerson/nnenum/vnncomp2025_benchmarks/benchmarks/lsnc_relu/onnx/relu_quadrotor2d_state.onnx,/home/elipregerson/nnenum/vnncomp2025_benchmarks/benchmarks/lsnc_relu/vnnlib/quadrotor2d_state_37.vnnlib,.006232252,error_exit_code_1,.541555868
lsnc_relu,/home/elipregerson/nnenum/vnncomp2025_benchmarks/benchmarks/lsnc_relu/onnx/relu_quadrotor2d_state.onnx,/home/elipregerson/nnenum/vnncomp2025_benchmarks/benchmarks/lsnc_relu/vnnlib/quadrotor2d_state_38.vnnlib,.006060873,error_exit_code_1,.556839010
lsnc_relu,/home/elipregerson/nnenum/vnncomp2025_benchmarks/benchmarks/lsnc_relu/onnx/relu_quadrotor2d_state.onnx,/home/elipregerson/nnenum/vnncomp2025_benchmarks/benchmarks/lsnc_relu/vnnlib/quadrotor2d_state_39.vnnlib,.006002171,error_exit_code_1,.536689687
lsnc_relu,/home/elipregerson/nnenum/vnncomp2025_benchmarks/benchmarks/lsnc_relu/onnx/relu_quadrotor2d_state.onnx,/home/elipregerson/nnenum/vnncomp2025_benchmarks/benchmarks/lsnc_relu/vnnlib/quadrotor2d_state_40.vnnlib,.006033915,error_exit_code_1,.549071377
lsnc_relu,/home/elipregerson/nnenum/vnncomp2025_benchmarks/benchmarks/lsnc_relu/onnx/relu_quadrotor2d_state.onnx,/home/elipregerson/nnenum/vnncomp2025_benchmarks/benchmarks/lsnc_relu/vnnlib/quadrotor2d_state_41.vnnlib,.005903708,error_exit_code_1,.539505384
lsnc_relu,/home/elipregerson/nnenum/vnncomp2025_benchmarks/benchmarks/lsnc_relu/onnx/relu_quadrotor2d_state.onnx,/home/elipregerson/nnenum/vnncomp2025_benchmarks/benchmarks/lsnc_relu/vnnlib/quadrotor2d_state_42.vnnlib,.006200770,error_exit_code_1,.556750910
lsnc_relu,/home/elipregerson/nnenum/vnncomp2025_benchmarks/benchmarks/lsnc_relu/onnx/relu_quadrotor2d_state.onnx,/home/elipregerson/nnenum/vnncomp2025_benchmarks/benchmarks/lsnc_relu/vnnlib/quadrotor2d_state_43.vnnlib,.006557321,error_exit_code_1,.546303136
lsnc_relu,/home/elipregerson/nnenum/vnncomp2025_benchmarks/benchmarks/lsnc_relu/onnx/relu_quadrotor2d_state.onnx,/home/elipregerson/nnenum/vnncomp2025_benchmarks/benchmarks/lsnc_relu/vnnlib/quadrotor2d_state_44.vnnlib,.006064324,error_exit_code_1,.532160986
lsnc_relu,/home/elipregerson/nnenum/vnncomp2025_benchmarks/benchmarks/lsnc_relu/onnx/relu_quadrotor2d_state.onnx,/home/elipregerson/nnenum/vnncomp2025_benchmarks/benchmarks/lsnc_relu/vnnlib/quadrotor2d_state_45.vnnlib,.006049943,error_exit_code_1,.529779037
lsnc_relu,/home/elipregerson/nnenum/vnncomp2025_benchmarks/benchmarks/lsnc_relu/onnx/relu_quadrotor2d_state.onnx,/home/elipregerson/nnenum/vnncomp2025_benchmarks/benchmarks/lsnc_relu/vnnlib/quadrotor2d_state_46.vnnlib,.006119898,error_exit_code_1,.534464866
lsnc_relu,/home/elipregerson/nnenum/vnncomp2025_benchmarks/benchmarks/lsnc_relu/onnx/relu_quadrotor2d_state.onnx,/home/elipregerson/nnenum/vnncomp2025_benchmarks/benchmarks/lsnc_relu/vnnlib/quadrotor2d_state_47.vnnlib,.006157057,error_exit_code_1,.546872519
lsnc_relu,/home/elipregerson/nnenum/vnncomp2025_benchmarks/benchmarks/lsnc_relu/onnx/relu_quadrotor2d_state.onnx,/home/elipregerson/nnenum/vnncomp2025_benchmarks/benchmarks/lsnc_relu/vnnlib/quadrotor2d_state_48.vnnlib,.006148524,error_exit_code_1,.542337803
lsnc_relu,/home/elipregerson/nnenum/vnncomp2025_benchmarks/benchmarks/lsnc_relu/onnx/relu_quadrotor2d_state.onnx,/home/elipregerson/nnenum/vnncomp2025_benchmarks/benchmarks/lsnc_relu/vnnlib/quadrotor2d_state_49.vnnlib,.006075014,error_exit_code_1,.540028608
lsnc_relu,/home/elipregerson/nnenum/vnncomp2025_benchmarks/benchmarks/lsnc_relu/onnx/relu_quadrotor2d_state.onnx,/home/elipregerson/nnenum/vnncomp2025_benchmarks/benchmarks/lsnc_relu/vnnlib/quadrotor2d_state_50.vnnlib,.006385213,error_exit_code_1,.541628775
lsnc_relu,/home/elipregerson/nnenum/vnncomp2025_benchmarks/benchmarks/lsnc_relu/onnx/relu_quadrotor2d_state.onnx,/home/elipregerson/nnenum/vnncomp2025_benchmarks/benchmarks/lsnc_relu/vnnlib/quadrotor2d_state_51.vnnlib,.006007931,error_exit_code_1,.532531965
lsnc_relu,/home/elipregerson/nnenum/vnncomp2025_benchmarks/benchmarks/lsnc_relu/onnx/relu_quadrotor2d_state.onnx,/home/elipregerson/nnenum/vnncomp2025_benchmarks/benchmarks/lsnc_relu/vnnlib/quadrotor2d_state_52.vnnlib,.006045025,error_exit_code_1,.535197424
lsnc_relu,/home/elipregerson/nnenum/vnncomp2025_benchmarks/benchmarks/lsnc_relu/onnx/relu_quadrotor2d_state.onnx,/home/elipregerson/nnenum/vnncomp2025_benchmarks/benchmarks/lsnc_relu/vnnlib/quadrotor2d_state_53.vnnlib,.005939600,error_exit_code_1,.538323724
lsnc_relu,/home/elipregerson/nnenum/vnncomp2025_benchmarks/benchmarks/lsnc_relu/onnx/relu_quadrotor2d_state.onnx,/home/elipregerson/nnenum/vnncomp2025_benchmarks/benchmarks/lsnc_relu/vnnlib/quadrotor2d_state_54.vnnlib,.006099145,error_exit_code_1,.539374614
lsnc_relu,/home/elipregerson/nnenum/vnncomp2025_benchmarks/benchmarks/lsnc_relu/onnx/relu_quadrotor2d_state.onnx,/home/elipregerson/nnenum/vnncomp2025_benchmarks/benchmarks/lsnc_relu/vnnlib/quadrotor2d_state_55.vnnlib,.005959600,error_exit_code_1,.551755583
lsnc_relu,/home/elipregerson/nnenum/vnncomp2025_benchmarks/benchmarks/lsnc_relu/onnx/relu_quadrotor2d_state.onnx,/home/elipregerson/nnenum/vnncomp2025_benchmarks/benchmarks/lsnc_relu/vnnlib/quadrotor2d_state_56.vnnlib,.006055835,error_exit_code_1,.532500599
lsnc_relu,/home/elipregerson/nnenum/vnncomp2025_benchmarks/benchmarks/lsnc_relu/onnx/relu_quadrotor2d_state.onnx,/home/elipregerson/nnenum/vnncomp2025_benchmarks/benchmarks/lsnc_relu/vnnlib/quadrotor2d_state_57.vnnlib,.006030867,error_exit_code_1,.539768705
lsnc_relu,/home/elipregerson/nnenum/vnncomp2025_benchmarks/benchmarks/lsnc_relu/onnx/relu_quadrotor2d_state.onnx,/home/elipregerson/nnenum/vnncomp2025_benchmarks/benchmarks/lsnc_relu/vnnlib/quadrotor2d_state_58.vnnlib,.006084661,error_exit_code_1,.539356851
lsnc_relu,/home/elipregerson/nnenum/vnncomp2025_benchmarks/benchmarks/lsnc_relu/onnx/relu_quadrotor2d_state.onnx,/home/elipregerson/nnenum/vnncomp2025_benchmarks/benchmarks/lsnc_relu/vnnlib/quadrotor2d_state_59.vnnlib,.005999882,error_exit_code_1,.532706275
lsnc_relu,/home/elipregerson/nnenum/vnncomp2025_benchmarks/benchmarks/lsnc_relu/onnx/relu_quadrotor2d_state.onnx,/home/elipregerson/nnenum/vnncomp2025_benchmarks/benchmarks/lsnc_relu/vnnlib/quadrotor2d_state_60.vnnlib,.012045705,error_exit_code_1,.544103194
lsnc_relu,/home/elipregerson/nnenum/vnncomp2025_benchmarks/benchmarks/lsnc_relu/onnx/relu_quadrotor2d_state.onnx,/home/elipregerson/nnenum/vnncomp2025_benchmarks/benchmarks/lsnc_relu/vnnlib/quadrotor2d_state_61.vnnlib,.006072087,error_exit_code_1,.538497854
lsnc_relu,/home/elipregerson/nnenum/vnncomp2025_benchmarks/benchmarks/lsnc_relu/onnx/relu_quadrotor2d_state.onnx,/home/elipregerson/nnenum/vnncomp2025_benchmarks/benchmarks/lsnc_relu/vnnlib/quadrotor2d_state_62.vnnlib,.006042789,error_exit_code_1,.538634486
lsnc_relu,/home/elipregerson/nnenum/vnncomp2025_benchmarks/benchmarks/lsnc_relu/onnx/relu_quadrotor2d_state.onnx,/home/elipregerson/nnenum/vnncomp2025_benchmarks/benchmarks/lsnc_relu/vnnlib/quadrotor2d_state_63.vnnlib,.006082276,error_exit_code_1,.535692275
lsnc_relu,/home/elipregerson/nnenum/vnncomp2025_benchmarks/benchmarks/lsnc_relu/onnx/relu_quadrotor2d_state.onnx,/home/elipregerson/nnenum/vnncomp2025_benchmarks/benchmarks/lsnc_relu/vnnlib/quadrotor2d_state_64.vnnlib,.005975823,error_exit_code_1,.535356819
lsnc_relu,/home/elipregerson/nnenum/vnncomp2025_benchmarks/benchmarks/lsnc_relu/onnx/relu_quadrotor2d_state.onnx,/home/elipregerson/nnenum/vnncomp2025_benchmarks/benchmarks/lsnc_relu/vnnlib/quadrotor2d_state_65.vnnlib,.006097240,error_exit_code_1,.535158578
lsnc_relu,/home/elipregerson/nnenum/vnncomp2025_benchmarks/benchmarks/lsnc_relu/onnx/relu_quadrotor2d_state.onnx,/home/elipregerson/nnenum/vnncomp2025_benchmarks/benchmarks/lsnc_relu/vnnlib/quadrotor2d_state_66.vnnlib,.006033244,error_exit_code_1,.532189718
lsnc_relu,/home/elipregerson/nnenum/vnncomp2025_benchmarks/benchmarks/lsnc_relu/onnx/relu_quadrotor2d_state.onnx,/home/elipregerson/nnenum/vnncomp2025_benchmarks/benchmarks/lsnc_relu/vnnlib/quadrotor2d_state_67.vnnlib,.006142559,error_exit_code_1,.541450178
lsnc_relu,/home/elipregerson/nnenum/vnncomp2025_benchmarks/benchmarks/lsnc_relu/onnx/relu_quadrotor2d_state.onnx,/home/elipregerson/nnenum/vnncomp2025_benchmarks/benchmarks/lsnc_relu/vnnlib/quadrotor2d_state_68.vnnlib,.006084759,error_exit_code_1,.534601814
lsnc_relu,/home/elipregerson/nnenum/vnncomp2025_benchmarks/benchmarks/lsnc_relu/onnx/relu_quadrotor2d_state.onnx,/home/elipregerson/nnenum/vnncomp2025_benchmarks/benchmarks/lsnc_relu/vnnlib/quadrotor2d_state_69.vnnlib,.006083356,error_exit_code_1,.530059422
lsnc_relu,/home/elipregerson/nnenum/vnncomp2025_benchmarks/benchmarks/lsnc_relu/onnx/relu_quadrotor2d_state.onnx,/home/elipregerson/nnenum/vnncomp2025_benchmarks/benchmarks/lsnc_relu/vnnlib/quadrotor2d_state_70.vnnlib,.005902486,error_exit_code_1,.532923149
lsnc_relu,/home/elipregerson/nnenum/vnncomp2025_benchmarks/benchmarks/lsnc_relu/onnx/relu_quadrotor2d_state.onnx,/home/elipregerson/nnenum/vnncomp2025_benchmarks/benchmarks/lsnc_relu/vnnlib/quadrotor2d_state_71.vnnlib,.006163577,error_exit_code_1,.531842952
lsnc_relu,/home/elipregerson/nnenum/vnncomp2025_benchmarks/benchmarks/lsnc_relu/onnx/relu_quadrotor2d_state.onnx,/home/elipregerson/nnenum/vnncomp2025_benchmarks/benchmarks/lsnc_relu/vnnlib/quadrotor2d_state_72.vnnlib,.006195081,error_exit_code_1,.537585705
lsnc_relu,/home/elipregerson/nnenum/vnncomp2025_benchmarks/benchmarks/lsnc_relu/onnx/relu_quadrotor2d_state.onnx,/home/elipregerson/nnenum/vnncomp2025_benchmarks/benchmarks/lsnc_relu/vnnlib/quadrotor2d_state_73.vnnlib,.006083750,error_exit_code_1,.546092435
lsnc_relu,/home/elipregerson/nnenum/vnncomp2025_benchmarks/benchmarks/lsnc_relu/onnx/relu_quadrotor2d_state.onnx,/home/elipregerson/nnenum/vnncomp2025_benchmarks/benchmarks/lsnc_relu/vnnlib/quadrotor2d_state_74.vnnlib,.006063381,error_exit_code_1,.541195428
lsnc_relu,/home/elipregerson/nnenum/vnncomp2025_benchmarks/benchmarks/lsnc_relu/onnx/relu_quadrotor2d_state.onnx,/home/elipregerson/nnenum/vnncomp2025_benchmarks/benchmarks/lsnc_relu/vnnlib/quadrotor2d_state_75.vnnlib,.006059876,error_exit_code_1,.537527188
lsnc_relu,/home/elipregerson/nnenum/vnncomp2025_benchmarks/benchmarks/lsnc_relu/onnx/relu_quadrotor2d_state.onnx,/home/elipregerson/nnenum/vnncomp2025_benchmarks/benchmarks/lsnc_relu/vnnlib/quadrotor2d_state_76.vnnlib,.006055102,error_exit_code_1,.542188190
lsnc_relu,/home/elipregerson/nnenum/vnncomp2025_benchmarks/benchmarks/lsnc_relu/onnx/relu_quadrotor2d_state.onnx,/home/elipregerson/nnenum/vnncomp2025_benchmarks/benchmarks/lsnc_relu/vnnlib/quadrotor2d_state_77.vnnlib,.005971975,error_exit_code_1,.525320163
lsnc_relu,/home/elipregerson/nnenum/vnncomp2025_benchmarks/benchmarks/lsnc_relu/onnx/relu_quadrotor2d_state.onnx,/home/elipregerson/nnenum/vnncomp2025_benchmarks/benchmarks/lsnc_relu/vnnlib/quadrotor2d_state_78.vnnlib,.006155507,error_exit_code_1,.527007823
lsnc_relu,/home/elipregerson/nnenum/vnncomp2025_benchmarks/benchmarks/lsnc_relu/onnx/relu_quadrotor2d_state.onnx,/home/elipregerson/nnenum/vnncomp2025_benchmarks/benchmarks/lsnc_relu/vnnlib/quadrotor2d_state_79.vnnlib,.005957637,error_exit_code_1,.525029774
lsnc_relu,/home/elipregerson/nnenum/vnncomp2025_benchmarks/benchmarks/test/onnx/test_nano.onnx,/home/elipregerson/nnenum/vnncomp2025_benchmarks/benchmarks/test/vnnlib/test_nano.vnnlib,.006230232,unsat,.545651419
malbeware,/home/elipregerson/nnenum/vnncomp2025_benchmarks/benchmarks/malbeware/onnx/malware_malimg_family_scaled_linear-25.onnx,/home/elipregerson/nnenum/vnncomp2025_benchmarks/benchmarks/malbeware/vnnlib/malbeware_family-Obfuscator.AD_label-17_eps-1_idx-89.vnnlib,.005999177,unsat,2.036316365
malbeware,/home/elipregerson/nnenum/vnncomp2025_benchmarks/benchmarks/malbeware/onnx/malware_malimg_family_scaled_linear-25.onnx,/home/elipregerson/nnenum/vnncomp2025_benchmarks/benchmarks/malbeware/vnnlib/malbeware_family-VB.AT_label-22_eps-3_idx-112.vnnlib,.006109441,unsat,1.991536488
malbeware,/home/elipregerson/nnenum/vnncomp2025_benchmarks/benchmarks/malbeware/onnx/malware_malimg_family_scaled_linear-25.onnx,/home/elipregerson/nnenum/vnncomp2025_benchmarks/benchmarks/malbeware/vnnlib/malbeware_family-Allaple.A_label-2_eps-3_idx-11.vnnlib,.006110041,unsat,2.008305130
malbeware,/home/elipregerson/nnenum/vnncomp2025_benchmarks/benchmarks/malbeware/onnx/malware_malimg_family_scaled_linear-25.onnx,/home/elipregerson/nnenum/vnncomp2025_benchmarks/benchmarks/malbeware/vnnlib/malbeware_family-Skintrim.N_label-19_eps-3_idx-96.vnnlib,.006151722,unsat,2.011729135
malbeware,/home/elipregerson/nnenum/vnncomp2025_benchmarks/benchmarks/malbeware/onnx/malware_malimg_family_scaled_linear-25.onnx,/home/elipregerson/nnenum/vnncomp2025_benchmarks/benchmarks/malbeware/vnnlib/malbeware_family-Lolyda.AA1_label-12_eps-3_idx-64.vnnlib,.006012476,unsat,1.992230111
malbeware,/home/elipregerson/nnenum/vnncomp2025_benchmarks/benchmarks/malbeware/onnx/malware_malimg_family_scaled_linear-25.onnx,/home/elipregerson/nnenum/vnncomp2025_benchmarks/benchmarks/malbeware/vnnlib/malbeware_family-Agent.FYI_label-1_eps-2_idx-8.vnnlib,.005889902,unsat,1.999314418
malbeware,/home/elipregerson/nnenum/vnncomp2025_benchmarks/benchmarks/malbeware/onnx/malware_malimg_family_scaled_linear-25.onnx,/home/elipregerson/nnenum/vnncomp2025_benchmarks/benchmarks/malbeware/vnnlib/malbeware_family-Alueron.gen!J_label-4_eps-3_idx-21.vnnlib,.005990992,unsat,1.991674841
malbeware,/home/elipregerson/nnenum/vnncomp2025_benchmarks/benchmarks/malbeware/onnx/malware_malimg_family_scaled_linear-25.onnx,/home/elipregerson/nnenum/vnncomp2025_benchmarks/benchmarks/malbeware/vnnlib/malbeware_family-Rbotigen_label-18_eps-2_idx-92.vnnlib,.005987353,unsat,1.986060276
malbeware,/home/elipregerson/nnenum/vnncomp2025_benchmarks/benchmarks/malbeware/onnx/malware_malimg_family_scaled_linear-25.onnx,/home/elipregerson/nnenum/vnncomp2025_benchmarks/benchmarks/malbeware/vnnlib/malbeware_family-Yuner.A_label-24_eps-3_idx-120.vnnlib,.006046626,unsat,2.004019385
malbeware,/home/elipregerson/nnenum/vnncomp2025_benchmarks/benchmarks/malbeware/onnx/malware_malimg_family_scaled_linear-25.onnx,/home/elipregerson/nnenum/vnncomp2025_benchmarks/benchmarks/malbeware/vnnlib/malbeware_family-Swizzor.gen!E_label-20_eps-3_idx-102.vnnlib,.005970586,unsat,1.980231688
malbeware,/home/elipregerson/nnenum/vnncomp2025_benchmarks/benchmarks/malbeware/onnx/malware_malimg_family_scaled_linear-25.onnx,/home/elipregerson/nnenum/vnncomp2025_benchmarks/benchmarks/malbeware/vnnlib/malbeware_family-Lolyda.AA1_label-12_eps-3_idx-60.vnnlib,.006250633,unsat,1.988968418
malbeware,/home/elipregerson/nnenum/vnncomp2025_benchmarks/benchmarks/malbeware/onnx/malware_malimg_family_scaled_linear-25.onnx,/home/elipregerson/nnenum/vnncomp2025_benchmarks/benchmarks/malbeware/vnnlib/malbeware_family-Skintrim.N_label-19_eps-1_idx-96.vnnlib,.005966653,unsat,2.004767569
malbeware,/home/elipregerson/nnenum/vnncomp2025_benchmarks/benchmarks/malbeware/onnx/malware_malimg_family_scaled_linear-25.onnx,/home/elipregerson/nnenum/vnncomp2025_benchmarks/benchmarks/malbeware/vnnlib/malbeware_family-Fakerean_label-10_eps-3_idx-54.vnnlib,.006030716,unsat,2.001867612
malbeware,/home/elipregerson/nnenum/vnncomp2025_benchmarks/benchmarks/malbeware/onnx/malware_malimg_family_scaled_linear-25.onnx,/home/elipregerson/nnenum/vnncomp2025_benchmarks/benchmarks/malbeware/vnnlib/malbeware_family-Allaple.L_label-3_eps-2_idx-16.vnnlib,.006254688,unsat,1.985567606
malbeware,/home/elipregerson/nnenum/vnncomp2025_benchmarks/benchmarks/malbeware/onnx/malware_malimg_family_scaled_linear-25.onnx,/home/elipregerson/nnenum/vnncomp2025_benchmarks/benchmarks/malbeware/vnnlib/malbeware_family-Adialer.C_label-0_eps-1_idx-4.vnnlib,.006082824,unsat,1.999296855
malbeware,/home/elipregerson/nnenum/vnncomp2025_benchmarks/benchmarks/malbeware/onnx/malware_malimg_family_scaled_linear-25.onnx,/home/elipregerson/nnenum/vnncomp2025_benchmarks/benchmarks/malbeware/vnnlib/malbeware_family-Wintrim.BX_label-23_eps-3_idx-119.vnnlib,.006054045,unsat,2.010884504
malbeware,/home/elipregerson/nnenum/vnncomp2025_benchmarks/benchmarks/malbeware/onnx/malware_malimg_family_scaled_linear-25.onnx,/home/elipregerson/nnenum/vnncomp2025_benchmarks/benchmarks/malbeware/vnnlib/malbeware_family-Rbotigen_label-18_eps-2_idx-94.vnnlib,.006182921,unsat,2.006456268
malbeware,/home/elipregerson/nnenum/vnncomp2025_benchmarks/benchmarks/malbeware/onnx/malware_malimg_family_scaled_linear-25.onnx,/home/elipregerson/nnenum/vnncomp2025_benchmarks/benchmarks/malbeware/vnnlib/malbeware_family-Obfuscator.AD_label-17_eps-2_idx-87.vnnlib,.006261338,unsat,2.010866643
malbeware,/home/elipregerson/nnenum/vnncomp2025_benchmarks/benchmarks/malbeware/onnx/malware_malimg_family_scaled_linear-25.onnx,/home/elipregerson/nnenum/vnncomp2025_benchmarks/benchmarks/malbeware/vnnlib/malbeware_family-Lolyda.AA3_label-14_eps-1_idx-71.vnnlib,.006142558,unsat,2.013084027
malbeware,/home/elipregerson/nnenum/vnncomp2025_benchmarks/benchmarks/malbeware/onnx/malware_malimg_family_scaled_linear-25.onnx,/home/elipregerson/nnenum/vnncomp2025_benchmarks/benchmarks/malbeware/vnnlib/malbeware_family-Malex.gen!J_label-16_eps-1_idx-84.vnnlib,.006219212,unsat,1.999512185
malbeware,/home/elipregerson/nnenum/vnncomp2025_benchmarks/benchmarks/malbeware/onnx/malware_malimg_family_scaled_linear-25.onnx,/home/elipregerson/nnenum/vnncomp2025_benchmarks/benchmarks/malbeware/vnnlib/malbeware_family-Dontovo.A_label-9_eps-1_idx-48.vnnlib,.006131183,unsat,1.996414242
malbeware,/home/elipregerson/nnenum/vnncomp2025_benchmarks/benchmarks/malbeware/onnx/malware_malimg_family_scaled_linear-25.onnx,/home/elipregerson/nnenum/vnncomp2025_benchmarks/benchmarks/malbeware/vnnlib/malbeware_family-Swizzor.gen!E_label-20_eps-3_idx-100.vnnlib,.006033094,sat,2.853466675
malbeware,/home/elipregerson/nnenum/vnncomp2025_benchmarks/benchmarks/malbeware/onnx/malware_malimg_family_scaled_linear-25.onnx,/home/elipregerson/nnenum/vnncomp2025_benchmarks/benchmarks/malbeware/vnnlib/malbeware_family-Wintrim.BX_label-23_eps-2_idx-117.vnnlib,.006305268,unsat,2.026587183
malbeware,/home/elipregerson/nnenum/vnncomp2025_benchmarks/benchmarks/malbeware/onnx/malware_malimg_family_scaled_linear-25.onnx,/home/elipregerson/nnenum/vnncomp2025_benchmarks/benchmarks/malbeware/vnnlib/malbeware_family-Autorun.K_label-5_eps-1_idx-25.vnnlib,.005956018,unsat,2.002704957
malbeware,/home/elipregerson/nnenum/vnncomp2025_benchmarks/benchmarks/malbeware/onnx/malware_malimg_family_scaled_linear-25.onnx,/home/elipregerson/nnenum/vnncomp2025_benchmarks/benchmarks/malbeware/vnnlib/malbeware_family-Lolyda.AA3_label-14_eps-3_idx-71.vnnlib,.005994571,unsat,1.979807378
malbeware,/home/elipregerson/nnenum/vnncomp2025_benchmarks/benchmarks/malbeware/onnx/malware_malimg_family_scaled_linear-25.onnx,/home/elipregerson/nnenum/vnncomp2025_benchmarks/benchmarks/malbeware/vnnlib/malbeware_family-Agent.FYI_label-1_eps-3_idx-8.vnnlib,.006287005,unsat,1.997371614
malbeware,/home/elipregerson/nnenum/vnncomp2025_benchmarks/benchmarks/malbeware/onnx/malware_malimg_family_scaled_linear-25.onnx,/home/elipregerson/nnenum/vnncomp2025_benchmarks/benchmarks/malbeware/vnnlib/malbeware_family-Allaple.A_label-2_eps-3_idx-12.vnnlib,.005951708,unsat,2.010556499
malbeware,/home/elipregerson/nnenum/vnncomp2025_benchmarks/benchmarks/malbeware/onnx/malware_malimg_family_scaled_linear-25.onnx,/home/elipregerson/nnenum/vnncomp2025_benchmarks/benchmarks/malbeware/vnnlib/malbeware_family-Lolyda.AA2_label-13_eps-2_idx-68.vnnlib,.006078406,unsat,1.990404141
malbeware,/home/elipregerson/nnenum/vnncomp2025_benchmarks/benchmarks/malbeware/onnx/malware_malimg_family_scaled_linear-25.onnx,/home/elipregerson/nnenum/vnncomp2025_benchmarks/benchmarks/malbeware/vnnlib/malbeware_family-Lolyda.AA2_label-13_eps-1_idx-66.vnnlib,.005873061,unsat,2.002723354
malbeware,/home/elipregerson/nnenum/vnncomp2025_benchmarks/benchmarks/malbeware/onnx/malware_malimg_family_scaled_linear-25.onnx,/home/elipregerson/nnenum/vnncomp2025_benchmarks/benchmarks/malbeware/vnnlib/malbeware_family-Autorun.K_label-5_eps-2_idx-29.vnnlib,.006323534,unsat,1.991653094
malbeware,/home/elipregerson/nnenum/vnncomp2025_benchmarks/benchmarks/malbeware/onnx/malware_malimg_family_scaled_linear-25.onnx,/home/elipregerson/nnenum/vnncomp2025_benchmarks/benchmarks/malbeware/vnnlib/malbeware_family-Lolyda.AT_label-15_eps-1_idx-79.vnnlib,.005945466,unsat,1.994854698
malbeware,/home/elipregerson/nnenum/vnncomp2025_benchmarks/benchmarks/malbeware/onnx/malware_malimg_family_scaled_linear-25.onnx,/home/elipregerson/nnenum/vnncomp2025_benchmarks/benchmarks/malbeware/vnnlib/malbeware_family-VB.AT_label-22_eps-2_idx-112.vnnlib,.006113729,unsat,1.985657621
malbeware,/home/elipregerson/nnenum/vnncomp2025_benchmarks/benchmarks/malbeware/onnx/malware_malimg_family_scaled_linear-25.onnx,/home/elipregerson/nnenum/vnncomp2025_benchmarks/benchmarks/malbeware/vnnlib/malbeware_family-C2LOP.P_label-6_eps-2_idx-30.vnnlib,.006199728,unsat,1.993357631
malbeware,/home/elipregerson/nnenum/vnncomp2025_benchmarks/benchmarks/malbeware/onnx/malware_malimg_family_scaled_linear-25.onnx,/home/elipregerson/nnenum/vnncomp2025_benchmarks/benchmarks/malbeware/vnnlib/malbeware_family-Instantaccess_label-11_eps-2_idx-57.vnnlib,.006045196,unsat,1.980611658
malbeware,/home/elipregerson/nnenum/vnncomp2025_benchmarks/benchmarks/malbeware/onnx/malware_malimg_family_scaled_linear-25.onnx,/home/elipregerson/nnenum/vnncomp2025_benchmarks/benchmarks/malbeware/vnnlib/malbeware_family-Dialplatform.B_label-8_eps-1_idx-40.vnnlib,.006014838,unsat,1.981768254
malbeware,/home/elipregerson/nnenum/vnncomp2025_benchmarks/benchmarks/malbeware/onnx/malware_malimg_family_scaled_linear-25.onnx,/home/elipregerson/nnenum/vnncomp2025_benchmarks/benchmarks/malbeware/vnnlib/malbeware_family-Malex.gen!J_label-16_eps-3_idx-82.vnnlib,.006093496,unsat,2.012050000
malbeware,/home/elipregerson/nnenum/vnncomp2025_benchmarks/benchmarks/malbeware/onnx/malware_malimg_family_scaled_linear-25.onnx,/home/elipregerson/nnenum/vnncomp2025_benchmarks/benchmarks/malbeware/vnnlib/malbeware_family-Autorun.K_label-5_eps-1_idx-27.vnnlib,.006006543,unsat,2.001914401
malbeware,/home/elipregerson/nnenum/vnncomp2025_benchmarks/benchmarks/malbeware/onnx/malware_malimg_family_scaled_linear-25.onnx,/home/elipregerson/nnenum/vnncomp2025_benchmarks/benchmarks/malbeware/vnnlib/malbeware_family-Allaple.L_label-3_eps-3_idx-16.vnnlib,.006008042,unsat,1.992629199
malbeware,/home/elipregerson/nnenum/vnncomp2025_benchmarks/benchmarks/malbeware/onnx/malware_malimg_family_scaled_linear-25.onnx,/home/elipregerson/nnenum/vnncomp2025_benchmarks/benchmarks/malbeware/vnnlib/malbeware_family-Allaple.L_label-3_eps-1_idx-18.vnnlib,.006074364,unsat,1.960404778
malbeware,/home/elipregerson/nnenum/vnncomp2025_benchmarks/benchmarks/malbeware/onnx/malware_malimg_family_scaled_linear-25.onnx,/home/elipregerson/nnenum/vnncomp2025_benchmarks/benchmarks/malbeware/vnnlib/malbeware_family-Swizzor.gen!E_label-20_eps-2_idx-104.vnnlib,.006062995,unsat,2.003792453
malbeware,/home/elipregerson/nnenum/vnncomp2025_benchmarks/benchmarks/malbeware/onnx/malware_malimg_family_scaled_linear-25.onnx,/home/elipregerson/nnenum/vnncomp2025_benchmarks/benchmarks/malbeware/vnnlib/malbeware_family-VB.AT_label-22_eps-3_idx-111.vnnlib,.005970062,unsat,1.984213319
malbeware,/home/elipregerson/nnenum/vnncomp2025_benchmarks/benchmarks/malbeware/onnx/malware_malimg_family_scaled_linear-25.onnx,/home/elipregerson/nnenum/vnncomp2025_benchmarks/benchmarks/malbeware/vnnlib/malbeware_family-Rbotigen_label-18_eps-2_idx-93.vnnlib,.006116524,unsat,1.990913392
malbeware,/home/elipregerson/nnenum/vnncomp2025_benchmarks/benchmarks/malbeware/onnx/malware_malimg_family_scaled_linear-25.onnx,/home/elipregerson/nnenum/vnncomp2025_benchmarks/benchmarks/malbeware/vnnlib/malbeware_family-Lolyda.AT_label-15_eps-2_idx-76.vnnlib,.006237946,unsat,1.988488814
malbeware,/home/elipregerson/nnenum/vnncomp2025_benchmarks/benchmarks/malbeware/onnx/malware_malimg_family_scaled_linear-25.onnx,/home/elipregerson/nnenum/vnncomp2025_benchmarks/benchmarks/malbeware/vnnlib/malbeware_family-C2LOP.P_label-6_eps-2_idx-31.vnnlib,.006195168,unsat,2.014071574
malbeware,/home/elipregerson/nnenum/vnncomp2025_benchmarks/benchmarks/malbeware/onnx/malware_malimg_family_scaled_linear-25.onnx,/home/elipregerson/nnenum/vnncomp2025_benchmarks/benchmarks/malbeware/vnnlib/malbeware_family-Allaple.L_label-3_eps-2_idx-18.vnnlib,.005969975,unsat,2.018119567
malbeware,/home/elipregerson/nnenum/vnncomp2025_benchmarks/benchmarks/malbeware/onnx/malware_malimg_family_scaled_linear-25.onnx,/home/elipregerson/nnenum/vnncomp2025_benchmarks/benchmarks/malbeware/vnnlib/malbeware_family-Autorun.K_label-5_eps-1_idx-28.vnnlib,.006077499,unsat,1.999814172
malbeware,/home/elipregerson/nnenum/vnncomp2025_benchmarks/benchmarks/malbeware/onnx/malware_malimg_family_scaled_linear-25.onnx,/home/elipregerson/nnenum/vnncomp2025_benchmarks/benchmarks/malbeware/vnnlib/malbeware_family-Allaple.A_label-2_eps-2_idx-13.vnnlib,.006105070,unsat,1.998133616
malbeware,/home/elipregerson/nnenum/vnncomp2025_benchmarks/benchmarks/malbeware/onnx/malware_malimg_family_scaled_linear-25.onnx,/home/elipregerson/nnenum/vnncomp2025_benchmarks/benchmarks/malbeware/vnnlib/malbeware_family-Alueron.gen!J_label-4_eps-1_idx-23.vnnlib,.006016900,unsat,1.955565072
malbeware,/home/elipregerson/nnenum/vnncomp2025_benchmarks/benchmarks/malbeware/onnx/malware_malimg_family_scaled_linear-25.onnx,/home/elipregerson/nnenum/vnncomp2025_benchmarks/benchmarks/malbeware/vnnlib/malbeware_family-Dialplatform.B_label-8_eps-2_idx-43.vnnlib,.006161512,unsat,2.004065365
malbeware,/home/elipregerson/nnenum/vnncomp2025_benchmarks/benchmarks/malbeware/onnx/malware_malimg_family_scaled_linear-25.onnx,/home/elipregerson/nnenum/vnncomp2025_benchmarks/benchmarks/malbeware/vnnlib/malbeware_family-Instantaccess_label-11_eps-2_idx-55.vnnlib,.006099970,unsat,1.994752244
malbeware,/home/elipregerson/nnenum/vnncomp2025_benchmarks/benchmarks/malbeware/onnx/malware_malimg_family_scaled_4-25.onnx,/home/elipregerson/nnenum/vnncomp2025_benchmarks/benchmarks/malbeware/vnnlib/malbeware_family-Obfuscator.AD_label-17_eps-1_idx-89.vnnlib,.006019369,unsat,3.458215778
malbeware,/home/elipregerson/nnenum/vnncomp2025_benchmarks/benchmarks/malbeware/onnx/malware_malimg_family_scaled_4-25.onnx,/home/elipregerson/nnenum/vnncomp2025_benchmarks/benchmarks/malbeware/vnnlib/malbeware_family-VB.AT_label-22_eps-3_idx-112.vnnlib,.006127390,unsat,3.412464450
malbeware,/home/elipregerson/nnenum/vnncomp2025_benchmarks/benchmarks/malbeware/onnx/malware_malimg_family_scaled_4-25.onnx,/home/elipregerson/nnenum/vnncomp2025_benchmarks/benchmarks/malbeware/vnnlib/malbeware_family-Allaple.A_label-2_eps-3_idx-11.vnnlib,.006019189,timeout,101.006685767
malbeware,/home/elipregerson/nnenum/vnncomp2025_benchmarks/benchmarks/malbeware/onnx/malware_malimg_family_scaled_4-25.onnx,/home/elipregerson/nnenum/vnncomp2025_benchmarks/benchmarks/malbeware/vnnlib/malbeware_family-Skintrim.N_label-19_eps-3_idx-96.vnnlib,.006310425,unsat,3.437839972
malbeware,/home/elipregerson/nnenum/vnncomp2025_benchmarks/benchmarks/malbeware/onnx/malware_malimg_family_scaled_4-25.onnx,/home/elipregerson/nnenum/vnncomp2025_benchmarks/benchmarks/malbeware/vnnlib/malbeware_family-Lolyda.AA1_label-12_eps-3_idx-64.vnnlib,.006252598,unsat,3.469763135
malbeware,/home/elipregerson/nnenum/vnncomp2025_benchmarks/benchmarks/malbeware/onnx/malware_malimg_family_scaled_4-25.onnx,/home/elipregerson/nnenum/vnncomp2025_benchmarks/benchmarks/malbeware/vnnlib/malbeware_family-Agent.FYI_label-1_eps-2_idx-8.vnnlib,.006014395,unsat,3.423812975
malbeware,/home/elipregerson/nnenum/vnncomp2025_benchmarks/benchmarks/malbeware/onnx/malware_malimg_family_scaled_4-25.onnx,/home/elipregerson/nnenum/vnncomp2025_benchmarks/benchmarks/malbeware/vnnlib/malbeware_family-Alueron.gen!J_label-4_eps-3_idx-21.vnnlib,.006259879,sat,48.702236860
malbeware,/home/elipregerson/nnenum/vnncomp2025_benchmarks/benchmarks/malbeware/onnx/malware_malimg_family_scaled_4-25.onnx,/home/elipregerson/nnenum/vnncomp2025_benchmarks/benchmarks/malbeware/vnnlib/malbeware_family-Rbotigen_label-18_eps-2_idx-92.vnnlib,.006386370,unsat,3.447078798
malbeware,/home/elipregerson/nnenum/vnncomp2025_benchmarks/benchmarks/malbeware/onnx/malware_malimg_family_scaled_4-25.onnx,/home/elipregerson/nnenum/vnncomp2025_benchmarks/benchmarks/malbeware/vnnlib/malbeware_family-Yuner.A_label-24_eps-3_idx-120.vnnlib,.006133730,unsat,3.531662144
malbeware,/home/elipregerson/nnenum/vnncomp2025_benchmarks/benchmarks/malbeware/onnx/malware_malimg_family_scaled_4-25.onnx,/home/elipregerson/nnenum/vnncomp2025_benchmarks/benchmarks/malbeware/vnnlib/malbeware_family-Swizzor.gen!E_label-20_eps-3_idx-102.vnnlib,.006460792,sat,36.468197472
malbeware,/home/elipregerson/nnenum/vnncomp2025_benchmarks/benchmarks/malbeware/onnx/malware_malimg_family_scaled_4-25.onnx,/home/elipregerson/nnenum/vnncomp2025_benchmarks/benchmarks/malbeware/vnnlib/malbeware_family-Lolyda.AA1_label-12_eps-3_idx-60.vnnlib,.006159851,unsat,3.481541422
malbeware,/home/elipregerson/nnenum/vnncomp2025_benchmarks/benchmarks/malbeware/onnx/malware_malimg_family_scaled_4-25.onnx,/home/elipregerson/nnenum/vnncomp2025_benchmarks/benchmarks/malbeware/vnnlib/malbeware_family-Skintrim.N_label-19_eps-1_idx-96.vnnlib,.006131469,unsat,3.376231311
malbeware,/home/elipregerson/nnenum/vnncomp2025_benchmarks/benchmarks/malbeware/onnx/malware_malimg_family_scaled_4-25.onnx,/home/elipregerson/nnenum/vnncomp2025_benchmarks/benchmarks/malbeware/vnnlib/malbeware_family-Fakerean_label-10_eps-3_idx-54.vnnlib,.006427310,unsat,3.583915046
malbeware,/home/elipregerson/nnenum/vnncomp2025_benchmarks/benchmarks/malbeware/onnx/malware_malimg_family_scaled_4-25.onnx,/home/elipregerson/nnenum/vnncomp2025_benchmarks/benchmarks/malbeware/vnnlib/malbeware_family-Allaple.L_label-3_eps-2_idx-16.vnnlib,.006252476,unsat,3.539854949
malbeware,/home/elipregerson/nnenum/vnncomp2025_benchmarks/benchmarks/malbeware/onnx/malware_malimg_family_scaled_4-25.onnx,/home/elipregerson/nnenum/vnncomp2025_benchmarks/benchmarks/malbeware/vnnlib/malbeware_family-Adialer.C_label-0_eps-1_idx-4.vnnlib,.006181009,unsat,3.416046648
malbeware,/home/elipregerson/nnenum/vnncomp2025_benchmarks/benchmarks/malbeware/onnx/malware_malimg_family_scaled_4-25.onnx,/home/elipregerson/nnenum/vnncomp2025_benchmarks/benchmarks/malbeware/vnnlib/malbeware_family-Wintrim.BX_label-23_eps-3_idx-119.vnnlib,.006200725,timeout,121.548730168
malbeware,/home/elipregerson/nnenum/vnncomp2025_benchmarks/benchmarks/malbeware/onnx/malware_malimg_family_scaled_4-25.onnx,/home/elipregerson/nnenum/vnncomp2025_benchmarks/benchmarks/malbeware/vnnlib/malbeware_family-Rbotigen_label-18_eps-2_idx-94.vnnlib,.006309518,unsat,3.374824688
malbeware,/home/elipregerson/nnenum/vnncomp2025_benchmarks/benchmarks/malbeware/onnx/malware_malimg_family_scaled_4-25.onnx,/home/elipregerson/nnenum/vnncomp2025_benchmarks/benchmarks/malbeware/vnnlib/malbeware_family-Obfuscator.AD_label-17_eps-2_idx-87.vnnlib,.006024490,unsat,3.527454937
malbeware,/home/elipregerson/nnenum/vnncomp2025_benchmarks/benchmarks/malbeware/onnx/malware_malimg_family_scaled_4-25.onnx,/home/elipregerson/nnenum/vnncomp2025_benchmarks/benchmarks/malbeware/vnnlib/malbeware_family-Lolyda.AA3_label-14_eps-1_idx-71.vnnlib,.006113507,unsat,3.465637004
malbeware,/home/elipregerson/nnenum/vnncomp2025_benchmarks/benchmarks/malbeware/onnx/malware_malimg_family_scaled_4-25.onnx,/home/elipregerson/nnenum/vnncomp2025_benchmarks/benchmarks/malbeware/vnnlib/malbeware_family-Malex.gen!J_label-16_eps-1_idx-84.vnnlib,.010668512,unsat,3.445925053
malbeware,/home/elipregerson/nnenum/vnncomp2025_benchmarks/benchmarks/malbeware/onnx/malware_malimg_family_scaled_4-25.onnx,/home/elipregerson/nnenum/vnncomp2025_benchmarks/benchmarks/malbeware/vnnlib/malbeware_family-Dontovo.A_label-9_eps-1_idx-48.vnnlib,.006034670,unsat,3.332139335
malbeware,/home/elipregerson/nnenum/vnncomp2025_benchmarks/benchmarks/malbeware/onnx/malware_malimg_family_scaled_4-25.onnx,/home/elipregerson/nnenum/vnncomp2025_benchmarks/benchmarks/malbeware/vnnlib/malbeware_family-Swizzor.gen!E_label-20_eps-3_idx-100.vnnlib,.006174816,sat,36.563986599
malbeware,/home/elipregerson/nnenum/vnncomp2025_benchmarks/benchmarks/malbeware/onnx/malware_malimg_family_scaled_4-25.onnx,/home/elipregerson/nnenum/vnncomp2025_benchmarks/benchmarks/malbeware/vnnlib/malbeware_family-Wintrim.BX_label-23_eps-2_idx-117.vnnlib,.006158547,unsat,3.579542201
malbeware,/home/elipregerson/nnenum/vnncomp2025_benchmarks/benchmarks/malbeware/onnx/malware_malimg_family_scaled_4-25.onnx,/home/elipregerson/nnenum/vnncomp2025_benchmarks/benchmarks/malbeware/vnnlib/malbeware_family-Autorun.K_label-5_eps-1_idx-25.vnnlib,.006156376,unsat,3.419260968
malbeware,/home/elipregerson/nnenum/vnncomp2025_benchmarks/benchmarks/malbeware/onnx/malware_malimg_family_scaled_4-25.onnx,/home/elipregerson/nnenum/vnncomp2025_benchmarks/benchmarks/malbeware/vnnlib/malbeware_family-Lolyda.AA3_label-14_eps-3_idx-71.vnnlib,.006334929,unsat,3.423287039
malbeware,/home/elipregerson/nnenum/vnncomp2025_benchmarks/benchmarks/malbeware/onnx/malware_malimg_family_scaled_4-25.onnx,/home/elipregerson/nnenum/vnncomp2025_benchmarks/benchmarks/malbeware/vnnlib/malbeware_family-Agent.FYI_label-1_eps-3_idx-8.vnnlib,.006080640,unsat,3.464525738
malbeware,/home/elipregerson/nnenum/vnncomp2025_benchmarks/benchmarks/malbeware/onnx/malware_malimg_family_scaled_4-25.onnx,/home/elipregerson/nnenum/vnncomp2025_benchmarks/benchmarks/malbeware/vnnlib/malbeware_family-Allaple.A_label-2_eps-3_idx-12.vnnlib,.006033244,timeout,114.546636905
malbeware,/home/elipregerson/nnenum/vnncomp2025_benchmarks/benchmarks/malbeware/onnx/malware_malimg_family_scaled_4-25.onnx,/home/elipregerson/nnenum/vnncomp2025_benchmarks/benchmarks/malbeware/vnnlib/malbeware_family-Lolyda.AA2_label-13_eps-2_idx-68.vnnlib,.006055991,unsat,3.439583543
malbeware,/home/elipregerson/nnenum/vnncomp2025_benchmarks/benchmarks/malbeware/onnx/malware_malimg_family_scaled_4-25.onnx,/home/elipregerson/nnenum/vnncomp2025_benchmarks/benchmarks/malbeware/vnnlib/malbeware_family-Lolyda.AA2_label-13_eps-1_idx-66.vnnlib,.005955008,unsat,3.391334679
malbeware,/home/elipregerson/nnenum/vnncomp2025_benchmarks/benchmarks/malbeware/onnx/malware_malimg_family_scaled_4-25.onnx,/home/elipregerson/nnenum/vnncomp2025_benchmarks/benchmarks/malbeware/vnnlib/malbeware_family-Autorun.K_label-5_eps-2_idx-29.vnnlib,.006007110,unsat,3.432221378
malbeware,/home/elipregerson/nnenum/vnncomp2025_benchmarks/benchmarks/malbeware/onnx/malware_malimg_family_scaled_4-25.onnx,/home/elipregerson/nnenum/vnncomp2025_benchmarks/benchmarks/malbeware/vnnlib/malbeware_family-Lolyda.AT_label-15_eps-1_idx-79.vnnlib,.006019593,unsat,3.388536787
malbeware,/home/elipregerson/nnenum/vnncomp2025_benchmarks/benchmarks/malbeware/onnx/malware_malimg_family_scaled_4-25.onnx,/home/elipregerson/nnenum/vnncomp2025_benchmarks/benchmarks/malbeware/vnnlib/malbeware_family-VB.AT_label-22_eps-2_idx-112.vnnlib,.006064694,unsat,3.384242279
malbeware,/home/elipregerson/nnenum/vnncomp2025_benchmarks/benchmarks/malbeware/onnx/malware_malimg_family_scaled_4-25.onnx,/home/elipregerson/nnenum/vnncomp2025_benchmarks/benchmarks/malbeware/vnnlib/malbeware_family-C2LOP.P_label-6_eps-2_idx-30.vnnlib,.012368623,sat,31.152375103
malbeware,/home/elipregerson/nnenum/vnncomp2025_benchmarks/benchmarks/malbeware/onnx/malware_malimg_family_scaled_4-25.onnx,/home/elipregerson/nnenum/vnncomp2025_benchmarks/benchmarks/malbeware/vnnlib/malbeware_family-Instantaccess_label-11_eps-2_idx-57.vnnlib,.006262783,unsat,3.573515569
malbeware,/home/elipregerson/nnenum/vnncomp2025_benchmarks/benchmarks/malbeware/onnx/malware_malimg_family_scaled_4-25.onnx,/home/elipregerson/nnenum/vnncomp2025_benchmarks/benchmarks/malbeware/vnnlib/malbeware_family-Dialplatform.B_label-8_eps-1_idx-40.vnnlib,.006123285,unsat,3.431207514
malbeware,/home/elipregerson/nnenum/vnncomp2025_benchmarks/benchmarks/malbeware/onnx/malware_malimg_family_scaled_4-25.onnx,/home/elipregerson/nnenum/vnncomp2025_benchmarks/benchmarks/malbeware/vnnlib/malbeware_family-Malex.gen!J_label-16_eps-3_idx-82.vnnlib,.006001793,sat,49.716341346
malbeware,/home/elipregerson/nnenum/vnncomp2025_benchmarks/benchmarks/malbeware/onnx/malware_malimg_family_scaled_4-25.onnx,/home/elipregerson/nnenum/vnncomp2025_benchmarks/benchmarks/malbeware/vnnlib/malbeware_family-Autorun.K_label-5_eps-1_idx-27.vnnlib,.006672292,unsat,3.398245677
malbeware,/home/elipregerson/nnenum/vnncomp2025_benchmarks/benchmarks/malbeware/onnx/malware_malimg_family_scaled_4-25.onnx,/home/elipregerson/nnenum/vnncomp2025_benchmarks/benchmarks/malbeware/vnnlib/malbeware_family-Allaple.L_label-3_eps-3_idx-16.vnnlib,.006370801,sat,45.114449438
malbeware,/home/elipregerson/nnenum/vnncomp2025_benchmarks/benchmarks/malbeware/onnx/malware_malimg_family_scaled_4-25.onnx,/home/elipregerson/nnenum/vnncomp2025_benchmarks/benchmarks/malbeware/vnnlib/malbeware_family-Allaple.L_label-3_eps-1_idx-18.vnnlib,.006183917,unsat,3.424082719
malbeware,/home/elipregerson/nnenum/vnncomp2025_benchmarks/benchmarks/malbeware/onnx/malware_malimg_family_scaled_4-25.onnx,/home/elipregerson/nnenum/vnncomp2025_benchmarks/benchmarks/malbeware/vnnlib/malbeware_family-Swizzor.gen!E_label-20_eps-2_idx-104.vnnlib,.006106923,sat,26.728129290
malbeware,/home/elipregerson/nnenum/vnncomp2025_benchmarks/benchmarks/malbeware/onnx/malware_malimg_family_scaled_4-25.onnx,/home/elipregerson/nnenum/vnncomp2025_benchmarks/benchmarks/malbeware/vnnlib/malbeware_family-VB.AT_label-22_eps-3_idx-111.vnnlib,.006018427,unsat,3.454462379
malbeware,/home/elipregerson/nnenum/vnncomp2025_benchmarks/benchmarks/malbeware/onnx/malware_malimg_family_scaled_4-25.onnx,/home/elipregerson/nnenum/vnncomp2025_benchmarks/benchmarks/malbeware/vnnlib/malbeware_family-Rbotigen_label-18_eps-2_idx-93.vnnlib,.006098686,unsat,3.459547855
malbeware,/home/elipregerson/nnenum/vnncomp2025_benchmarks/benchmarks/malbeware/onnx/malware_malimg_family_scaled_4-25.onnx,/home/elipregerson/nnenum/vnncomp2025_benchmarks/benchmarks/malbeware/vnnlib/malbeware_family-Lolyda.AT_label-15_eps-2_idx-76.vnnlib,.005912064,unsat,3.457885847
malbeware,/home/elipregerson/nnenum/vnncomp2025_benchmarks/benchmarks/malbeware/onnx/malware_malimg_family_scaled_4-25.onnx,/home/elipregerson/nnenum/vnncomp2025_benchmarks/benchmarks/malbeware/vnnlib/malbeware_family-C2LOP.P_label-6_eps-2_idx-31.vnnlib,.006110778,unsat,3.508150320
malbeware,/home/elipregerson/nnenum/vnncomp2025_benchmarks/benchmarks/malbeware/onnx/malware_malimg_family_scaled_4-25.onnx,/home/elipregerson/nnenum/vnncomp2025_benchmarks/benchmarks/malbeware/vnnlib/malbeware_family-Allaple.L_label-3_eps-2_idx-18.vnnlib,.005899543,sat,31.257269378
malbeware,/home/elipregerson/nnenum/vnncomp2025_benchmarks/benchmarks/malbeware/onnx/malware_malimg_family_scaled_4-25.onnx,/home/elipregerson/nnenum/vnncomp2025_benchmarks/benchmarks/malbeware/vnnlib/malbeware_family-Autorun.K_label-5_eps-1_idx-28.vnnlib,.005997821,unsat,3.469780335
malbeware,/home/elipregerson/nnenum/vnncomp2025_benchmarks/benchmarks/malbeware/onnx/malware_malimg_family_scaled_4-25.onnx,/home/elipregerson/nnenum/vnncomp2025_benchmarks/benchmarks/malbeware/vnnlib/malbeware_family-Allaple.A_label-2_eps-2_idx-13.vnnlib,.006090086,unsat,3.604173104
malbeware,/home/elipregerson/nnenum/vnncomp2025_benchmarks/benchmarks/malbeware/onnx/malware_malimg_family_scaled_4-25.onnx,/home/elipregerson/nnenum/vnncomp2025_benchmarks/benchmarks/malbeware/vnnlib/malbeware_family-Alueron.gen!J_label-4_eps-1_idx-23.vnnlib,.006004303,unsat,3.508209821
malbeware,/home/elipregerson/nnenum/vnncomp2025_benchmarks/benchmarks/malbeware/onnx/malware_malimg_family_scaled_4-25.onnx,/home/elipregerson/nnenum/vnncomp2025_benchmarks/benchmarks/malbeware/vnnlib/malbeware_family-Dialplatform.B_label-8_eps-2_idx-43.vnnlib,.006252534,unsat,3.471114386
malbeware,/home/elipregerson/nnenum/vnncomp2025_benchmarks/benchmarks/malbeware/onnx/malware_malimg_family_scaled_4-25.onnx,/home/elipregerson/nnenum/vnncomp2025_benchmarks/benchmarks/malbeware/vnnlib/malbeware_family-Instantaccess_label-11_eps-2_idx-55.vnnlib,.006298317,unsat,3.533936277
malbeware,/home/elipregerson/nnenum/vnncomp2025_benchmarks/benchmarks/malbeware/onnx/malware_malimg_family_scaled_16-25.onnx,/home/elipregerson/nnenum/vnncomp2025_benchmarks/benchmarks/malbeware/vnnlib/malbeware_family-Obfuscator.AD_label-17_eps-1_idx-89.vnnlib,.006148716,unsat,7.860648564
malbeware,/home/elipregerson/nnenum/vnncomp2025_benchmarks/benchmarks/malbeware/onnx/malware_malimg_family_scaled_16-25.onnx,/home/elipregerson/nnenum/vnncomp2025_benchmarks/benchmarks/malbeware/vnnlib/malbeware_family-VB.AT_label-22_eps-3_idx-112.vnnlib,.006207577,unsat,9.283717008
malbeware,/home/elipregerson/nnenum/vnncomp2025_benchmarks/benchmarks/malbeware/onnx/malware_malimg_family_scaled_16-25.onnx,/home/elipregerson/nnenum/vnncomp2025_benchmarks/benchmarks/malbeware/vnnlib/malbeware_family-Allaple.A_label-2_eps-3_idx-11.vnnlib,.008541521,run_instance_timeout,160.011626045
malbeware,/home/elipregerson/nnenum/vnncomp2025_benchmarks/benchmarks/malbeware/onnx/malware_malimg_family_scaled_16-25.onnx,/home/elipregerson/nnenum/vnncomp2025_benchmarks/benchmarks/malbeware/vnnlib/malbeware_family-Skintrim.N_label-19_eps-3_idx-96.vnnlib,.006697704,unsat,11.413916444
malbeware,/home/elipregerson/nnenum/vnncomp2025_benchmarks/benchmarks/malbeware/onnx/malware_malimg_family_scaled_16-25.onnx,/home/elipregerson/nnenum/vnncomp2025_benchmarks/benchmarks/malbeware/vnnlib/malbeware_family-Lolyda.AA1_label-12_eps-3_idx-64.vnnlib,.009449056,unsat,9.776854257
malbeware,/home/elipregerson/nnenum/vnncomp2025_benchmarks/benchmarks/malbeware/onnx/malware_malimg_family_scaled_16-25.onnx,/home/elipregerson/nnenum/vnncomp2025_benchmarks/benchmarks/malbeware/vnnlib/malbeware_family-Agent.FYI_label-1_eps-2_idx-8.vnnlib,.005947390,unsat,8.328313818
malbeware,/home/elipregerson/nnenum/vnncomp2025_benchmarks/benchmarks/malbeware/onnx/malware_malimg_family_scaled_16-25.onnx,/home/elipregerson/nnenum/vnncomp2025_benchmarks/benchmarks/malbeware/vnnlib/malbeware_family-Alueron.gen!J_label-4_eps-3_idx-21.vnnlib,.011492218,run_instance_timeout,160.009997799
malbeware,/home/elipregerson/nnenum/vnncomp2025_benchmarks/benchmarks/malbeware/onnx/malware_malimg_family_scaled_16-25.onnx,/home/elipregerson/nnenum/vnncomp2025_benchmarks/benchmarks/malbeware/vnnlib/malbeware_family-Rbotigen_label-18_eps-2_idx-92.vnnlib,.006698955,unsat,9.289655967
malbeware,/home/elipregerson/nnenum/vnncomp2025_benchmarks/benchmarks/malbeware/onnx/malware_malimg_family_scaled_16-25.onnx,/home/elipregerson/nnenum/vnncomp2025_benchmarks/benchmarks/malbeware/vnnlib/malbeware_family-Yuner.A_label-24_eps-3_idx-120.vnnlib,.012917754,unsat,11.860786426
malbeware,/home/elipregerson/nnenum/vnncomp2025_benchmarks/benchmarks/malbeware/onnx/malware_malimg_family_scaled_16-25.onnx,/home/elipregerson/nnenum/vnncomp2025_benchmarks/benchmarks/malbeware/vnnlib/malbeware_family-Swizzor.gen!E_label-20_eps-3_idx-102.vnnlib,.012237944,run_instance_timeout,160.010439196
malbeware,/home/elipregerson/nnenum/vnncomp2025_benchmarks/benchmarks/malbeware/onnx/malware_malimg_family_scaled_16-25.onnx,/home/elipregerson/nnenum/vnncomp2025_benchmarks/benchmarks/malbeware/vnnlib/malbeware_family-Lolyda.AA1_label-12_eps-3_idx-60.vnnlib,.007150843,unsat,9.260045307
malbeware,/home/elipregerson/nnenum/vnncomp2025_benchmarks/benchmarks/malbeware/onnx/malware_malimg_family_scaled_16-25.onnx,/home/elipregerson/nnenum/vnncomp2025_benchmarks/benchmarks/malbeware/vnnlib/malbeware_family-Skintrim.N_label-19_eps-1_idx-96.vnnlib,.005964816,unsat,8.807437602
malbeware,/home/elipregerson/nnenum/vnncomp2025_benchmarks/benchmarks/malbeware/onnx/malware_malimg_family_scaled_16-25.onnx,/home/elipregerson/nnenum/vnncomp2025_benchmarks/benchmarks/malbeware/vnnlib/malbeware_family-Fakerean_label-10_eps-3_idx-54.vnnlib,.011711011,timeout,126.112417553
malbeware,/home/elipregerson/nnenum/vnncomp2025_benchmarks/benchmarks/malbeware/onnx/malware_malimg_family_scaled_16-25.onnx,/home/elipregerson/nnenum/vnncomp2025_benchmarks/benchmarks/malbeware/vnnlib/malbeware_family-Allaple.L_label-3_eps-2_idx-16.vnnlib,.009968189,unsat,9.070424019
malbeware,/home/elipregerson/nnenum/vnncomp2025_benchmarks/benchmarks/malbeware/onnx/malware_malimg_family_scaled_16-25.onnx,/home/elipregerson/nnenum/vnncomp2025_benchmarks/benchmarks/malbeware/vnnlib/malbeware_family-Adialer.C_label-0_eps-1_idx-4.vnnlib,.006012954,unsat,8.703593915
malbeware,/home/elipregerson/nnenum/vnncomp2025_benchmarks/benchmarks/malbeware/onnx/malware_malimg_family_scaled_16-25.onnx,/home/elipregerson/nnenum/vnncomp2025_benchmarks/benchmarks/malbeware/vnnlib/malbeware_family-Wintrim.BX_label-23_eps-3_idx-119.vnnlib,.007961916,run_instance_timeout,160.011146474
malbeware,/home/elipregerson/nnenum/vnncomp2025_benchmarks/benchmarks/malbeware/onnx/malware_malimg_family_scaled_16-25.onnx,/home/elipregerson/nnenum/vnncomp2025_benchmarks/benchmarks/malbeware/vnnlib/malbeware_family-Rbotigen_label-18_eps-2_idx-94.vnnlib,.007313150,unsat,9.622300194
malbeware,/home/elipregerson/nnenum/vnncomp2025_benchmarks/benchmarks/malbeware/onnx/malware_malimg_family_scaled_16-25.onnx,/home/elipregerson/nnenum/vnncomp2025_benchmarks/benchmarks/malbeware/vnnlib/malbeware_family-Obfuscator.AD_label-17_eps-2_idx-87.vnnlib,.010320963,unsat,9.942791620
malbeware,/home/elipregerson/nnenum/vnncomp2025_benchmarks/benchmarks/malbeware/onnx/malware_malimg_family_scaled_16-25.onnx,/home/elipregerson/nnenum/vnncomp2025_benchmarks/benchmarks/malbeware/vnnlib/malbeware_family-Lolyda.AA3_label-14_eps-1_idx-71.vnnlib,.011159555,unsat,8.335228550
malbeware,/home/elipregerson/nnenum/vnncomp2025_benchmarks/benchmarks/malbeware/onnx/malware_malimg_family_scaled_16-25.onnx,/home/elipregerson/nnenum/vnncomp2025_benchmarks/benchmarks/malbeware/vnnlib/malbeware_family-Malex.gen!J_label-16_eps-1_idx-84.vnnlib,.006065612,unsat,8.077792380
malbeware,/home/elipregerson/nnenum/vnncomp2025_benchmarks/benchmarks/malbeware/onnx/malware_malimg_family_scaled_16-25.onnx,/home/elipregerson/nnenum/vnncomp2025_benchmarks/benchmarks/malbeware/vnnlib/malbeware_family-Dontovo.A_label-9_eps-1_idx-48.vnnlib,.006079570,unsat,8.165678518
malbeware,/home/elipregerson/nnenum/vnncomp2025_benchmarks/benchmarks/malbeware/onnx/malware_malimg_family_scaled_16-25.onnx,/home/elipregerson/nnenum/vnncomp2025_benchmarks/benchmarks/malbeware/vnnlib/malbeware_family-Swizzor.gen!E_label-20_eps-3_idx-100.vnnlib,.013759886,sat,5.932244044
malbeware,/home/elipregerson/nnenum/vnncomp2025_benchmarks/benchmarks/malbeware/onnx/malware_malimg_family_scaled_16-25.onnx,/home/elipregerson/nnenum/vnncomp2025_benchmarks/benchmarks/malbeware/vnnlib/malbeware_family-Wintrim.BX_label-23_eps-2_idx-117.vnnlib,.005983593,unsat,9.353463370
malbeware,/home/elipregerson/nnenum/vnncomp2025_benchmarks/benchmarks/malbeware/onnx/malware_malimg_family_scaled_16-25.onnx,/home/elipregerson/nnenum/vnncomp2025_benchmarks/benchmarks/malbeware/vnnlib/malbeware_family-Autorun.K_label-5_eps-1_idx-25.vnnlib,.011087490,unsat,9.392394752
malbeware,/home/elipregerson/nnenum/vnncomp2025_benchmarks/benchmarks/malbeware/onnx/malware_malimg_family_scaled_16-25.onnx,/home/elipregerson/nnenum/vnncomp2025_benchmarks/benchmarks/malbeware/vnnlib/malbeware_family-Lolyda.AA3_label-14_eps-3_idx-71.vnnlib,.007945992,unsat,9.857267756
malbeware,/home/elipregerson/nnenum/vnncomp2025_benchmarks/benchmarks/malbeware/onnx/malware_malimg_family_scaled_16-25.onnx,/home/elipregerson/nnenum/vnncomp2025_benchmarks/benchmarks/malbeware/vnnlib/malbeware_family-Agent.FYI_label-1_eps-3_idx-8.vnnlib,.013725292,unsat,9.597815425
malbeware,/home/elipregerson/nnenum/vnncomp2025_benchmarks/benchmarks/malbeware/onnx/malware_malimg_family_scaled_16-25.onnx,/home/elipregerson/nnenum/vnncomp2025_benchmarks/benchmarks/malbeware/vnnlib/malbeware_family-Allaple.A_label-2_eps-3_idx-12.vnnlib,.009787129,run_instance_timeout,160.012283996
malbeware,/home/elipregerson/nnenum/vnncomp2025_benchmarks/benchmarks/malbeware/onnx/malware_malimg_family_scaled_16-25.onnx,/home/elipregerson/nnenum/vnncomp2025_benchmarks/benchmarks/malbeware/vnnlib/malbeware_family-Lolyda.AA2_label-13_eps-2_idx-68.vnnlib,.007210120,unsat,8.411978834
malbeware,/home/elipregerson/nnenum/vnncomp2025_benchmarks/benchmarks/malbeware/onnx/malware_malimg_family_scaled_16-25.onnx,/home/elipregerson/nnenum/vnncomp2025_benchmarks/benchmarks/malbeware/vnnlib/malbeware_family-Lolyda.AA2_label-13_eps-1_idx-66.vnnlib,.006097501,unsat,8.048691854
malbeware,/home/elipregerson/nnenum/vnncomp2025_benchmarks/benchmarks/malbeware/onnx/malware_malimg_family_scaled_16-25.onnx,/home/elipregerson/nnenum/vnncomp2025_benchmarks/benchmarks/malbeware/vnnlib/malbeware_family-Autorun.K_label-5_eps-2_idx-29.vnnlib,.006034380,unsat,9.887695082
malbeware,/home/elipregerson/nnenum/vnncomp2025_benchmarks/benchmarks/malbeware/onnx/malware_malimg_family_scaled_16-25.onnx,/home/elipregerson/nnenum/vnncomp2025_benchmarks/benchmarks/malbeware/vnnlib/malbeware_family-Lolyda.AT_label-15_eps-1_idx-79.vnnlib,.008093242,unsat,8.750620380
malbeware,/home/elipregerson/nnenum/vnncomp2025_benchmarks/benchmarks/malbeware/onnx/malware_malimg_family_scaled_16-25.onnx,/home/elipregerson/nnenum/vnncomp2025_benchmarks/benchmarks/malbeware/vnnlib/malbeware_family-VB.AT_label-22_eps-2_idx-112.vnnlib,.005940055,unsat,8.951922252
malbeware,/home/elipregerson/nnenum/vnncomp2025_benchmarks/benchmarks/malbeware/onnx/malware_malimg_family_scaled_16-25.onnx,/home/elipregerson/nnenum/vnncomp2025_benchmarks/benchmarks/malbeware/vnnlib/malbeware_family-C2LOP.P_label-6_eps-2_idx-30.vnnlib,.008133194,timeout,132.400233068
malbeware,/home/elipregerson/nnenum/vnncomp2025_benchmarks/benchmarks/malbeware/onnx/malware_malimg_family_scaled_16-25.onnx,/home/elipregerson/nnenum/vnncomp2025_benchmarks/benchmarks/malbeware/vnnlib/malbeware_family-Instantaccess_label-11_eps-2_idx-57.vnnlib,.007953093,unsat,9.761448369
malbeware,/home/elipregerson/nnenum/vnncomp2025_benchmarks/benchmarks/malbeware/onnx/malware_malimg_family_scaled_16-25.onnx,/home/elipregerson/nnenum/vnncomp2025_benchmarks/benchmarks/malbeware/vnnlib/malbeware_family-Dialplatform.B_label-8_eps-1_idx-40.vnnlib,.006019131,unsat,8.114428947
malbeware,/home/elipregerson/nnenum/vnncomp2025_benchmarks/benchmarks/malbeware/onnx/malware_malimg_family_scaled_16-25.onnx,/home/elipregerson/nnenum/vnncomp2025_benchmarks/benchmarks/malbeware/vnnlib/malbeware_family-Malex.gen!J_label-16_eps-3_idx-82.vnnlib,.009905841,run_instance_timeout,160.002322428
malbeware,/home/elipregerson/nnenum/vnncomp2025_benchmarks/benchmarks/malbeware/onnx/malware_malimg_family_scaled_16-25.onnx,/home/elipregerson/nnenum/vnncomp2025_benchmarks/benchmarks/malbeware/vnnlib/malbeware_family-Autorun.K_label-5_eps-1_idx-27.vnnlib,.009834566,unsat,8.432643921
malbeware,/home/elipregerson/nnenum/vnncomp2025_benchmarks/benchmarks/malbeware/onnx/malware_malimg_family_scaled_16-25.onnx,/home/elipregerson/nnenum/vnncomp2025_benchmarks/benchmarks/malbeware/vnnlib/malbeware_family-Allaple.L_label-3_eps-3_idx-16.vnnlib,.006217740,run_instance_timeout,160.008872180
malbeware,/home/elipregerson/nnenum/vnncomp2025_benchmarks/benchmarks/malbeware/onnx/malware_malimg_family_scaled_16-25.onnx,/home/elipregerson/nnenum/vnncomp2025_benchmarks/benchmarks/malbeware/vnnlib/malbeware_family-Allaple.L_label-3_eps-1_idx-18.vnnlib,.008463762,unsat,8.800713441
malbeware,/home/elipregerson/nnenum/vnncomp2025_benchmarks/benchmarks/malbeware/onnx/malware_malimg_family_scaled_16-25.onnx,/home/elipregerson/nnenum/vnncomp2025_benchmarks/benchmarks/malbeware/vnnlib/malbeware_family-Swizzor.gen!E_label-20_eps-2_idx-104.vnnlib,.006064441,sat,5.206982492
malbeware,/home/elipregerson/nnenum/vnncomp2025_benchmarks/benchmarks/malbeware/onnx/malware_malimg_family_scaled_16-25.onnx,/home/elipregerson/nnenum/vnncomp2025_benchmarks/benchmarks/malbeware/vnnlib/malbeware_family-VB.AT_label-22_eps-3_idx-111.vnnlib,.006119077,unsat,9.379885551
malbeware,/home/elipregerson/nnenum/vnncomp2025_benchmarks/benchmarks/malbeware/onnx/malware_malimg_family_scaled_16-25.onnx,/home/elipregerson/nnenum/vnncomp2025_benchmarks/benchmarks/malbeware/vnnlib/malbeware_family-Rbotigen_label-18_eps-2_idx-93.vnnlib,.006160407,unsat,10.096111400
malbeware,/home/elipregerson/nnenum/vnncomp2025_benchmarks/benchmarks/malbeware/onnx/malware_malimg_family_scaled_16-25.onnx,/home/elipregerson/nnenum/vnncomp2025_benchmarks/benchmarks/malbeware/vnnlib/malbeware_family-Lolyda.AT_label-15_eps-2_idx-76.vnnlib,.011485878,unsat,9.352463309
malbeware,/home/elipregerson/nnenum/vnncomp2025_benchmarks/benchmarks/malbeware/onnx/malware_malimg_family_scaled_16-25.onnx,/home/elipregerson/nnenum/vnncomp2025_benchmarks/benchmarks/malbeware/vnnlib/malbeware_family-C2LOP.P_label-6_eps-2_idx-31.vnnlib,.006070031,sat,5.103847923
malbeware,/home/elipregerson/nnenum/vnncomp2025_benchmarks/benchmarks/malbeware/onnx/malware_malimg_family_scaled_16-25.onnx,/home/elipregerson/nnenum/vnncomp2025_benchmarks/benchmarks/malbeware/vnnlib/malbeware_family-Allaple.L_label-3_eps-2_idx-18.vnnlib,.006054664,timeout,112.989495505
malbeware,/home/elipregerson/nnenum/vnncomp2025_benchmarks/benchmarks/malbeware/onnx/malware_malimg_family_scaled_16-25.onnx,/home/elipregerson/nnenum/vnncomp2025_benchmarks/benchmarks/malbeware/vnnlib/malbeware_family-Autorun.K_label-5_eps-1_idx-28.vnnlib,.006194359,unsat,8.537409768
malbeware,/home/elipregerson/nnenum/vnncomp2025_benchmarks/benchmarks/malbeware/onnx/malware_malimg_family_scaled_16-25.onnx,/home/elipregerson/nnenum/vnncomp2025_benchmarks/benchmarks/malbeware/vnnlib/malbeware_family-Allaple.A_label-2_eps-2_idx-13.vnnlib,.010680187,unsat,10.151947260
malbeware,/home/elipregerson/nnenum/vnncomp2025_benchmarks/benchmarks/malbeware/onnx/malware_malimg_family_scaled_16-25.onnx,/home/elipregerson/nnenum/vnncomp2025_benchmarks/benchmarks/malbeware/vnnlib/malbeware_family-Alueron.gen!J_label-4_eps-1_idx-23.vnnlib,.009774161,unsat,8.751420576
malbeware,/home/elipregerson/nnenum/vnncomp2025_benchmarks/benchmarks/malbeware/onnx/malware_malimg_family_scaled_16-25.onnx,/home/elipregerson/nnenum/vnncomp2025_benchmarks/benchmarks/malbeware/vnnlib/malbeware_family-Dialplatform.B_label-8_eps-2_idx-43.vnnlib,.006191249,unsat,8.637087714
malbeware,/home/elipregerson/nnenum/vnncomp2025_benchmarks/benchmarks/malbeware/onnx/malware_malimg_family_scaled_16-25.onnx,/home/elipregerson/nnenum/vnncomp2025_benchmarks/benchmarks/malbeware/vnnlib/malbeware_family-Instantaccess_label-11_eps-2_idx-55.vnnlib,.009726901,unsat,9.801596190
malbeware,/home/elipregerson/nnenum/vnncomp2025_benchmarks/benchmarks/test/onnx/test_nano.onnx,/home/elipregerson/nnenum/vnncomp2025_benchmarks/benchmarks/test/vnnlib/test_nano.vnnlib,.008446337,unsat,.761164253
metaroom_2023,/home/elipregerson/nnenum/vnncomp2025_benchmarks/benchmarks/metaroom_2023/./onnx/6cnn_tz_35_5_no_custom_OP.onnx,/home/elipregerson/nnenum/vnncomp2025_benchmarks/benchmarks/metaroom_2023/./vnnlib/spec_idx_176_eps_0.00001000.vnnlib,.008038578,error_exit_code_1,1.166794144
metaroom_2023,/home/elipregerson/nnenum/vnncomp2025_benchmarks/benchmarks/metaroom_2023/./onnx/4cnn_tz_65_10_no_custom_OP.onnx,/home/elipregerson/nnenum/vnncomp2025_benchmarks/benchmarks/metaroom_2023/./vnnlib/spec_idx_79_eps_0.00001000.vnnlib,.010065668,error_exit_code_1,1.039839541
metaroom_2023,/home/elipregerson/nnenum/vnncomp2025_benchmarks/benchmarks/metaroom_2023/./onnx/6cnn_tz_65_10_no_custom_OP.onnx,/home/elipregerson/nnenum/vnncomp2025_benchmarks/benchmarks/metaroom_2023/./vnnlib/spec_idx_196_eps_0.00001000.vnnlib,.011285897,error_exit_code_1,.876413192
metaroom_2023,/home/elipregerson/nnenum/vnncomp2025_benchmarks/benchmarks/metaroom_2023/./onnx/6cnn_ry_30_5_no_custom_OP.onnx,/home/elipregerson/nnenum/vnncomp2025_benchmarks/benchmarks/metaroom_2023/./vnnlib/spec_idx_114_eps_0.00000436.vnnlib,.006050615,unsat,1.062779450
metaroom_2023,/home/elipregerson/nnenum/vnncomp2025_benchmarks/benchmarks/metaroom_2023/./onnx/4cnn_ry_47_7_no_custom_OP.onnx,/home/elipregerson/nnenum/vnncomp2025_benchmarks/benchmarks/metaroom_2023/./vnnlib/spec_idx_23_eps_0.00000436.vnnlib,.006107068,error_exit_code_1,.750240182
metaroom_2023,/home/elipregerson/nnenum/vnncomp2025_benchmarks/benchmarks/metaroom_2023/./onnx/6cnn_ry_5_0_no_custom_OP.onnx,/home/elipregerson/nnenum/vnncomp2025_benchmarks/benchmarks/metaroom_2023/./vnnlib/spec_idx_130_eps_0.00000436.vnnlib,.006037269,error_exit_code_1,.834386267
metaroom_2023,/home/elipregerson/nnenum/vnncomp2025_benchmarks/benchmarks/metaroom_2023/./onnx/4cnn_ry_65_10_no_custom_OP.onnx,/home/elipregerson/nnenum/vnncomp2025_benchmarks/benchmarks/metaroom_2023/./vnnlib/spec_idx_33_eps_0.00000436.vnnlib,.005946775,error_exit_code_1,.750082418
metaroom_2023,/home/elipregerson/nnenum/vnncomp2025_benchmarks/benchmarks/metaroom_2023/./onnx/4cnn_tz_8_1_no_custom_OP.onnx,/home/elipregerson/nnenum/vnncomp2025_benchmarks/benchmarks/metaroom_2023/./vnnlib/spec_idx_88_eps_0.00001000.vnnlib,.005990136,error_exit_code_1,.734199377
metaroom_2023,/home/elipregerson/nnenum/vnncomp2025_benchmarks/benchmarks/metaroom_2023/./onnx/6cnn_ry_38_6_no_custom_OP.onnx,/home/elipregerson/nnenum/vnncomp2025_benchmarks/benchmarks/metaroom_2023/./vnnlib/spec_idx_118_eps_0.00000436.vnnlib,.006056630,unsat,.978315192
metaroom_2023,/home/elipregerson/nnenum/vnncomp2025_benchmarks/benchmarks/metaroom_2023/./onnx/6cnn_ry_49_8_no_custom_OP.onnx,/home/elipregerson/nnenum/vnncomp2025_benchmarks/benchmarks/metaroom_2023/./vnnlib/spec_idx_124_eps_0.00000436.vnnlib,.005894380,unsat,1.542252347
metaroom_2023,/home/elipregerson/nnenum/vnncomp2025_benchmarks/benchmarks/metaroom_2023/./onnx/4cnn_ry_34_5_no_custom_OP.onnx,/home/elipregerson/nnenum/vnncomp2025_benchmarks/benchmarks/metaroom_2023/./vnnlib/spec_idx_12_eps_0.00000436.vnnlib,.006128981,unsat,.826438642
metaroom_2023,/home/elipregerson/nnenum/vnncomp2025_benchmarks/benchmarks/metaroom_2023/./onnx/4cnn_tz_37_6_no_custom_OP.onnx,/home/elipregerson/nnenum/vnncomp2025_benchmarks/benchmarks/metaroom_2023/./vnnlib/spec_idx_61_eps_0.00001000.vnnlib,.005929602,error_exit_code_1,.750364903
metaroom_2023,/home/elipregerson/nnenum/vnncomp2025_benchmarks/benchmarks/metaroom_2023/./onnx/6cnn_tz_114_19_no_custom_OP.onnx,/home/elipregerson/nnenum/vnncomp2025_benchmarks/benchmarks/metaroom_2023/./vnnlib/spec_idx_160_eps_0.00001000.vnnlib,.005934491,unsat,.957617729
metaroom_2023,/home/elipregerson/nnenum/vnncomp2025_benchmarks/benchmarks/metaroom_2023/./onnx/4cnn_tz_31_5_no_custom_OP.onnx,/home/elipregerson/nnenum/vnncomp2025_benchmarks/benchmarks/metaroom_2023/./vnnlib/spec_idx_57_eps_0.00001000.vnnlib,.006051738,error_exit_code_1,.754176343
metaroom_2023,/home/elipregerson/nnenum/vnncomp2025_benchmarks/benchmarks/metaroom_2023/./onnx/6cnn_ry_93_15_no_custom_OP.onnx,/home/elipregerson/nnenum/vnncomp2025_benchmarks/benchmarks/metaroom_2023/./vnnlib/spec_idx_148_eps_0.00000436.vnnlib,.005964305,timeout,211.673242222
metaroom_2023,/home/elipregerson/nnenum/vnncomp2025_benchmarks/benchmarks/metaroom_2023/./onnx/4cnn_ry_56_9_no_custom_OP.onnx,/home/elipregerson/nnenum/vnncomp2025_benchmarks/benchmarks/metaroom_2023/./vnnlib/spec_idx_27_eps_0.00000436.vnnlib,.006123361,unsat,.807986387
metaroom_2023,/home/elipregerson/nnenum/vnncomp2025_benchmarks/benchmarks/metaroom_2023/./onnx/6cnn_tz_91_15_no_custom_OP.onnx,/home/elipregerson/nnenum/vnncomp2025_benchmarks/benchmarks/metaroom_2023/./vnnlib/spec_idx_207_eps_0.00001000.vnnlib,.006263229,error_exit_code_1,.850125929
metaroom_2023,/home/elipregerson/nnenum/vnncomp2025_benchmarks/benchmarks/metaroom_2023/./onnx/6cnn_ry_48_8_no_custom_OP.onnx,/home/elipregerson/nnenum/vnncomp2025_benchmarks/benchmarks/metaroom_2023/./vnnlib/spec_idx_123_eps_0.00000436.vnnlib,.005954322,unsat,1.051659218
metaroom_2023,/home/elipregerson/nnenum/vnncomp2025_benchmarks/benchmarks/metaroom_2023/./onnx/6cnn_tz_62_10_no_custom_OP.onnx,/home/elipregerson/nnenum/vnncomp2025_benchmarks/benchmarks/metaroom_2023/./vnnlib/spec_idx_193_eps_0.00001000.vnnlib,.006150936,error_exit_code_1,.852781541
metaroom_2023,/home/elipregerson/nnenum/vnncomp2025_benchmarks/benchmarks/metaroom_2023/./onnx/6cnn_tz_75_12_no_custom_OP.onnx,/home/elipregerson/nnenum/vnncomp2025_benchmarks/benchmarks/metaroom_2023/./vnnlib/spec_idx_203_eps_0.00001000.vnnlib,.006155869,unsat,.997786556
metaroom_2023,/home/elipregerson/nnenum/vnncomp2025_benchmarks/benchmarks/metaroom_2023/./onnx/4cnn_ry_6_1_no_custom_OP.onnx,/home/elipregerson/nnenum/vnncomp2025_benchmarks/benchmarks/metaroom_2023/./vnnlib/spec_idx_35_eps_0.00000436.vnnlib,.006004808,unsat,.822907485
metaroom_2023,/home/elipregerson/nnenum/vnncomp2025_benchmarks/benchmarks/metaroom_2023/./onnx/4cnn_tz_70_11_no_custom_OP.onnx,/home/elipregerson/nnenum/vnncomp2025_benchmarks/benchmarks/metaroom_2023/./vnnlib/spec_idx_82_eps_0.00001000.vnnlib,.006136469,error_exit_code_1,.746759469
metaroom_2023,/home/elipregerson/nnenum/vnncomp2025_benchmarks/benchmarks/metaroom_2023/./onnx/4cnn_ry_117_19_no_custom_OP.onnx,/home/elipregerson/nnenum/vnncomp2025_benchmarks/benchmarks/metaroom_2023/./vnnlib/spec_idx_3_eps_0.00000436.vnnlib,.005941354,unsat,1.175688693
metaroom_2023,/home/elipregerson/nnenum/vnncomp2025_benchmarks/benchmarks/metaroom_2023/./onnx/4cnn_tz_117_19_no_custom_OP.onnx,/home/elipregerson/nnenum/vnncomp2025_benchmarks/benchmarks/metaroom_2023/./vnnlib/spec_idx_49_eps_0.00001000.vnnlib,.006133193,unsat,.809558539
metaroom_2023,/home/elipregerson/nnenum/vnncomp2025_benchmarks/benchmarks/metaroom_2023/./onnx/4cnn_ry_68_11_no_custom_OP.onnx,/home/elipregerson/nnenum/vnncomp2025_benchmarks/benchmarks/metaroom_2023/./vnnlib/spec_idx_34_eps_0.00000436.vnnlib,.006263990,unsat,.815705509
metaroom_2023,/home/elipregerson/nnenum/vnncomp2025_benchmarks/benchmarks/metaroom_2023/./onnx/4cnn_tz_33_5_no_custom_OP.onnx,/home/elipregerson/nnenum/vnncomp2025_benchmarks/benchmarks/metaroom_2023/./vnnlib/spec_idx_58_eps_0.00001000.vnnlib,.005965521,unsat,.804092646
metaroom_2023,/home/elipregerson/nnenum/vnncomp2025_benchmarks/benchmarks/metaroom_2023/./onnx/6cnn_ry_57_9_no_custom_OP.onnx,/home/elipregerson/nnenum/vnncomp2025_benchmarks/benchmarks/metaroom_2023/./vnnlib/spec_idx_129_eps_0.00000436.vnnlib,.006118009,timeout,212.353147443
metaroom_2023,/home/elipregerson/nnenum/vnncomp2025_benchmarks/benchmarks/metaroom_2023/./onnx/6cnn_ry_1_0_no_custom_OP.onnx,/home/elipregerson/nnenum/vnncomp2025_benchmarks/benchmarks/metaroom_2023/./vnnlib/spec_idx_108_eps_0.00000436.vnnlib,.006207632,unsat,1.552582038
metaroom_2023,/home/elipregerson/nnenum/vnncomp2025_benchmarks/benchmarks/metaroom_2023/./onnx/6cnn_tz_52_8_no_custom_OP.onnx,/home/elipregerson/nnenum/vnncomp2025_benchmarks/benchmarks/metaroom_2023/./vnnlib/spec_idx_187_eps_0.00001000.vnnlib,.006140624,error_exit_code_1,.852354585
metaroom_2023,/home/elipregerson/nnenum/vnncomp2025_benchmarks/benchmarks/metaroom_2023/./onnx/6cnn_ry_64_10_no_custom_OP.onnx,/home/elipregerson/nnenum/vnncomp2025_benchmarks/benchmarks/metaroom_2023/./vnnlib/spec_idx_132_eps_0.00000436.vnnlib,.006078381,unsat,1.283488230
metaroom_2023,/home/elipregerson/nnenum/vnncomp2025_benchmarks/benchmarks/metaroom_2023/./onnx/6cnn_tz_49_8_no_custom_OP.onnx,/home/elipregerson/nnenum/vnncomp2025_benchmarks/benchmarks/metaroom_2023/./vnnlib/spec_idx_185_eps_0.00001000.vnnlib,.006201205,error_exit_code_1,.858346319
metaroom_2023,/home/elipregerson/nnenum/vnncomp2025_benchmarks/benchmarks/metaroom_2023/./onnx/6cnn_ry_66_11_no_custom_OP.onnx,/home/elipregerson/nnenum/vnncomp2025_benchmarks/benchmarks/metaroom_2023/./vnnlib/spec_idx_134_eps_0.00000436.vnnlib,.005995495,unsat,1.025414199
metaroom_2023,/home/elipregerson/nnenum/vnncomp2025_benchmarks/benchmarks/metaroom_2023/./onnx/4cnn_ry_20_3_no_custom_OP.onnx,/home/elipregerson/nnenum/vnncomp2025_benchmarks/benchmarks/metaroom_2023/./vnnlib/spec_idx_7_eps_0.00000436.vnnlib,.006062135,unsat,.817886550
metaroom_2023,/home/elipregerson/nnenum/vnncomp2025_benchmarks/benchmarks/metaroom_2023/./onnx/6cnn_tz_103_17_no_custom_OP.onnx,/home/elipregerson/nnenum/vnncomp2025_benchmarks/benchmarks/metaroom_2023/./vnnlib/spec_idx_154_eps_0.00001000.vnnlib,.006141290,error_exit_code_1,.856992266
metaroom_2023,/home/elipregerson/nnenum/vnncomp2025_benchmarks/benchmarks/metaroom_2023/./onnx/4cnn_ry_44_7_no_custom_OP.onnx,/home/elipregerson/nnenum/vnncomp2025_benchmarks/benchmarks/metaroom_2023/./vnnlib/spec_idx_21_eps_0.00000436.vnnlib,.006142788,unsat,.813044304
metaroom_2023,/home/elipregerson/nnenum/vnncomp2025_benchmarks/benchmarks/metaroom_2023/./onnx/4cnn_ry_99_16_no_custom_OP.onnx,/home/elipregerson/nnenum/vnncomp2025_benchmarks/benchmarks/metaroom_2023/./vnnlib/spec_idx_43_eps_0.00000436.vnnlib,.006233493,sat,1.228567656
metaroom_2023,/home/elipregerson/nnenum/vnncomp2025_benchmarks/benchmarks/metaroom_2023/./onnx/4cnn_tz_19_3_no_custom_OP.onnx,/home/elipregerson/nnenum/vnncomp2025_benchmarks/benchmarks/metaroom_2023/./vnnlib/spec_idx_51_eps_0.00001000.vnnlib,.006030275,error_exit_code_1,.748110264
metaroom_2023,/home/elipregerson/nnenum/vnncomp2025_benchmarks/benchmarks/metaroom_2023/./onnx/6cnn_tz_66_11_no_custom_OP.onnx,/home/elipregerson/nnenum/vnncomp2025_benchmarks/benchmarks/metaroom_2023/./vnnlib/spec_idx_197_eps_0.00001000.vnnlib,.006031518,unsat,.966634812
metaroom_2023,/home/elipregerson/nnenum/vnncomp2025_benchmarks/benchmarks/metaroom_2023/./onnx/6cnn_tz_0_0_no_custom_OP.onnx,/home/elipregerson/nnenum/vnncomp2025_benchmarks/benchmarks/metaroom_2023/./vnnlib/spec_idx_152_eps_0.00001000.vnnlib,.006100845,unsat,.968186392
metaroom_2023,/home/elipregerson/nnenum/vnncomp2025_benchmarks/benchmarks/metaroom_2023/./onnx/6cnn_tz_118_19_no_custom_OP.onnx,/home/elipregerson/nnenum/vnncomp2025_benchmarks/benchmarks/metaroom_2023/./vnnlib/spec_idx_162_eps_0.00001000.vnnlib,.006122884,error_exit_code_1,.854246608
metaroom_2023,/home/elipregerson/nnenum/vnncomp2025_benchmarks/benchmarks/metaroom_2023/./onnx/6cnn_tz_67_11_no_custom_OP.onnx,/home/elipregerson/nnenum/vnncomp2025_benchmarks/benchmarks/metaroom_2023/./vnnlib/spec_idx_198_eps_0.00001000.vnnlib,.005972961,error_exit_code_1,.840281917
metaroom_2023,/home/elipregerson/nnenum/vnncomp2025_benchmarks/benchmarks/metaroom_2023/./onnx/6cnn_tz_21_3_no_custom_OP.onnx,/home/elipregerson/nnenum/vnncomp2025_benchmarks/benchmarks/metaroom_2023/./vnnlib/spec_idx_170_eps_0.00001000.vnnlib,.006047152,unsat,.991695154
metaroom_2023,/home/elipregerson/nnenum/vnncomp2025_benchmarks/benchmarks/metaroom_2023/./onnx/4cnn_tz_1_0_no_custom_OP.onnx,/home/elipregerson/nnenum/vnncomp2025_benchmarks/benchmarks/metaroom_2023/./vnnlib/spec_idx_52_eps_0.00001000.vnnlib,.006147336,error_exit_code_1,.742212751
metaroom_2023,/home/elipregerson/nnenum/vnncomp2025_benchmarks/benchmarks/metaroom_2023/./onnx/4cnn_ry_48_8_no_custom_OP.onnx,/home/elipregerson/nnenum/vnncomp2025_benchmarks/benchmarks/metaroom_2023/./vnnlib/spec_idx_24_eps_0.00000436.vnnlib,.006092627,unsat,.833201830
metaroom_2023,/home/elipregerson/nnenum/vnncomp2025_benchmarks/benchmarks/metaroom_2023/./onnx/4cnn_ry_61_10_no_custom_OP.onnx,/home/elipregerson/nnenum/vnncomp2025_benchmarks/benchmarks/metaroom_2023/./vnnlib/spec_idx_31_eps_0.00000436.vnnlib,.005991984,unsat,.889779293
metaroom_2023,/home/elipregerson/nnenum/vnncomp2025_benchmarks/benchmarks/metaroom_2023/./onnx/6cnn_ry_81_13_no_custom_OP.onnx,/home/elipregerson/nnenum/vnncomp2025_benchmarks/benchmarks/metaroom_2023/./vnnlib/spec_idx_144_eps_0.00000436.vnnlib,.006224852,timeout,211.487885344
metaroom_2023,/home/elipregerson/nnenum/vnncomp2025_benchmarks/benchmarks/metaroom_2023/./onnx/6cnn_tz_38_6_no_custom_OP.onnx,/home/elipregerson/nnenum/vnncomp2025_benchmarks/benchmarks/metaroom_2023/./vnnlib/spec_idx_179_eps_0.00001000.vnnlib,.005987345,error_exit_code_1,.838432723
metaroom_2023,/home/elipregerson/nnenum/vnncomp2025_benchmarks/benchmarks/metaroom_2023/./onnx/6cnn_ry_53_8_no_custom_OP.onnx,/home/elipregerson/nnenum/vnncomp2025_benchmarks/benchmarks/metaroom_2023/./vnnlib/spec_idx_127_eps_0.00000436.vnnlib,.006102150,error_exit_code_1,.839311483
metaroom_2023,/home/elipregerson/nnenum/vnncomp2025_benchmarks/benchmarks/metaroom_2023/./onnx/6cnn_tz_94_15_no_custom_OP.onnx,/home/elipregerson/nnenum/vnncomp2025_benchmarks/benchmarks/metaroom_2023/./vnnlib/spec_idx_209_eps_0.00001000.vnnlib,.006057188,error_exit_code_1,.846476467
metaroom_2023,/home/elipregerson/nnenum/vnncomp2025_benchmarks/benchmarks/metaroom_2023/./onnx/6cnn_ry_68_11_no_custom_OP.onnx,/home/elipregerson/nnenum/vnncomp2025_benchmarks/benchmarks/metaroom_2023/./vnnlib/spec_idx_136_eps_0.00000436.vnnlib,.006194136,unsat,.989687840
metaroom_2023,/home/elipregerson/nnenum/vnncomp2025_benchmarks/benchmarks/metaroom_2023/./onnx/6cnn_ry_54_9_no_custom_OP.onnx,/home/elipregerson/nnenum/vnncomp2025_benchmarks/benchmarks/metaroom_2023/./vnnlib/spec_idx_128_eps_0.00000436.vnnlib,.005962282,unsat,1.051543079
metaroom_2023,/home/elipregerson/nnenum/vnncomp2025_benchmarks/benchmarks/metaroom_2023/./onnx/4cnn_ry_30_5_no_custom_OP.onnx,/home/elipregerson/nnenum/vnncomp2025_benchmarks/benchmarks/metaroom_2023/./vnnlib/spec_idx_9_eps_0.00000436.vnnlib,.005950824,unsat,.827593542
metaroom_2023,/home/elipregerson/nnenum/vnncomp2025_benchmarks/benchmarks/metaroom_2023/./onnx/6cnn_ry_18_3_no_custom_OP.onnx,/home/elipregerson/nnenum/vnncomp2025_benchmarks/benchmarks/metaroom_2023/./vnnlib/spec_idx_107_eps_0.00000436.vnnlib,.006128011,unsat,1.036425650
metaroom_2023,/home/elipregerson/nnenum/vnncomp2025_benchmarks/benchmarks/metaroom_2023/./onnx/6cnn_tz_54_9_no_custom_OP.onnx,/home/elipregerson/nnenum/vnncomp2025_benchmarks/benchmarks/metaroom_2023/./vnnlib/spec_idx_189_eps_0.00001000.vnnlib,.006181720,unsat,.961764502
metaroom_2023,/home/elipregerson/nnenum/vnncomp2025_benchmarks/benchmarks/metaroom_2023/./onnx/6cnn_tz_113_18_no_custom_OP.onnx,/home/elipregerson/nnenum/vnncomp2025_benchmarks/benchmarks/metaroom_2023/./vnnlib/spec_idx_159_eps_0.00001000.vnnlib,.006044680,error_exit_code_1,.829003180
metaroom_2023,/home/elipregerson/nnenum/vnncomp2025_benchmarks/benchmarks/metaroom_2023/./onnx/4cnn_ry_79_13_no_custom_OP.onnx,/home/elipregerson/nnenum/vnncomp2025_benchmarks/benchmarks/metaroom_2023/./vnnlib/spec_idx_38_eps_0.00000436.vnnlib,.006405503,unsat,.865539332
metaroom_2023,/home/elipregerson/nnenum/vnncomp2025_benchmarks/benchmarks/metaroom_2023/./onnx/6cnn_tz_22_3_no_custom_OP.onnx,/home/elipregerson/nnenum/vnncomp2025_benchmarks/benchmarks/metaroom_2023/./vnnlib/spec_idx_171_eps_0.00001000.vnnlib,.006193229,error_exit_code_1,.845116360
metaroom_2023,/home/elipregerson/nnenum/vnncomp2025_benchmarks/benchmarks/metaroom_2023/./onnx/4cnn_ry_19_3_no_custom_OP.onnx,/home/elipregerson/nnenum/vnncomp2025_benchmarks/benchmarks/metaroom_2023/./vnnlib/spec_idx_5_eps_0.00000436.vnnlib,.006130547,unsat,.847334487
metaroom_2023,/home/elipregerson/nnenum/vnncomp2025_benchmarks/benchmarks/metaroom_2023/./onnx/4cnn_tz_94_15_no_custom_OP.onnx,/home/elipregerson/nnenum/vnncomp2025_benchmarks/benchmarks/metaroom_2023/./vnnlib/spec_idx_90_eps_0.00001000.vnnlib,.005950813,error_exit_code_1,.737856204
metaroom_2023,/home/elipregerson/nnenum/vnncomp2025_benchmarks/benchmarks/metaroom_2023/./onnx/6cnn_tz_10_1_no_custom_OP.onnx,/home/elipregerson/nnenum/vnncomp2025_benchmarks/benchmarks/metaroom_2023/./vnnlib/spec_idx_158_eps_0.00001000.vnnlib,.006003275,error_exit_code_1,.834330922
metaroom_2023,/home/elipregerson/nnenum/vnncomp2025_benchmarks/benchmarks/metaroom_2023/./onnx/6cnn_ry_35_5_no_custom_OP.onnx,/home/elipregerson/nnenum/vnncomp2025_benchmarks/benchmarks/metaroom_2023/./vnnlib/spec_idx_115_eps_0.00000436.vnnlib,.006008234,error_exit_code_1,.885187660
metaroom_2023,/home/elipregerson/nnenum/vnncomp2025_benchmarks/benchmarks/metaroom_2023/./onnx/4cnn_ry_58_9_no_custom_OP.onnx,/home/elipregerson/nnenum/vnncomp2025_benchmarks/benchmarks/metaroom_2023/./vnnlib/spec_idx_29_eps_0.00000436.vnnlib,.006053674,unsat,.820493574
metaroom_2023,/home/elipregerson/nnenum/vnncomp2025_benchmarks/benchmarks/metaroom_2023/./onnx/4cnn_tz_103_17_no_custom_OP.onnx,/home/elipregerson/nnenum/vnncomp2025_benchmarks/benchmarks/metaroom_2023/./vnnlib/spec_idx_47_eps_0.00001000.vnnlib,.006231211,error_exit_code_1,.739796588
metaroom_2023,/home/elipregerson/nnenum/vnncomp2025_benchmarks/benchmarks/metaroom_2023/./onnx/6cnn_tz_78_13_no_custom_OP.onnx,/home/elipregerson/nnenum/vnncomp2025_benchmarks/benchmarks/metaroom_2023/./vnnlib/spec_idx_204_eps_0.00001000.vnnlib,.006023136,unsat,.953609594
metaroom_2023,/home/elipregerson/nnenum/vnncomp2025_benchmarks/benchmarks/metaroom_2023/./onnx/6cnn_tz_6_1_no_custom_OP.onnx,/home/elipregerson/nnenum/vnncomp2025_benchmarks/benchmarks/metaroom_2023/./vnnlib/spec_idx_200_eps_0.00001000.vnnlib,.006255997,unsat,.980221989
metaroom_2023,/home/elipregerson/nnenum/vnncomp2025_benchmarks/benchmarks/metaroom_2023/./onnx/6cnn_tz_3_0_no_custom_OP.onnx,/home/elipregerson/nnenum/vnncomp2025_benchmarks/benchmarks/metaroom_2023/./vnnlib/spec_idx_181_eps_0.00001000.vnnlib,.005993646,unsat,.997638035
metaroom_2023,/home/elipregerson/nnenum/vnncomp2025_benchmarks/benchmarks/metaroom_2023/./onnx/6cnn_ry_4_0_no_custom_OP.onnx,/home/elipregerson/nnenum/vnncomp2025_benchmarks/benchmarks/metaroom_2023/./vnnlib/spec_idx_125_eps_0.00000436.vnnlib,.006081685,unsat,1.143871627
metaroom_2023,/home/elipregerson/nnenum/vnncomp2025_benchmarks/benchmarks/metaroom_2023/./onnx/6cnn_ry_95_15_no_custom_OP.onnx,/home/elipregerson/nnenum/vnncomp2025_benchmarks/benchmarks/metaroom_2023/./vnnlib/spec_idx_150_eps_0.00000436.vnnlib,.006199346,error_exit_code_1,.839686970
metaroom_2023,/home/elipregerson/nnenum/vnncomp2025_benchmarks/benchmarks/metaroom_2023/./onnx/6cnn_tz_37_6_no_custom_OP.onnx,/home/elipregerson/nnenum/vnncomp2025_benchmarks/benchmarks/metaroom_2023/./vnnlib/spec_idx_178_eps_0.00001000.vnnlib,.005967929,error_exit_code_1,.856612827
metaroom_2023,/home/elipregerson/nnenum/vnncomp2025_benchmarks/benchmarks/metaroom_2023/./onnx/4cnn_ry_71_11_no_custom_OP.onnx,/home/elipregerson/nnenum/vnncomp2025_benchmarks/benchmarks/metaroom_2023/./vnnlib/spec_idx_37_eps_0.00000436.vnnlib,.006043951,error_exit_code_1,.732640771
metaroom_2023,/home/elipregerson/nnenum/vnncomp2025_benchmarks/benchmarks/metaroom_2023/./onnx/6cnn_ry_114_19_no_custom_OP.onnx,/home/elipregerson/nnenum/vnncomp2025_benchmarks/benchmarks/metaroom_2023/./vnnlib/spec_idx_100_eps_0.00000436.vnnlib,.006030467,unsat,1.061881367
metaroom_2023,/home/elipregerson/nnenum/vnncomp2025_benchmarks/benchmarks/metaroom_2023/./onnx/4cnn_ry_70_11_no_custom_OP.onnx,/home/elipregerson/nnenum/vnncomp2025_benchmarks/benchmarks/metaroom_2023/./vnnlib/spec_idx_36_eps_0.00000436.vnnlib,.006118368,unsat,.822655608
metaroom_2023,/home/elipregerson/nnenum/vnncomp2025_benchmarks/benchmarks/metaroom_2023/./onnx/4cnn_tz_20_3_no_custom_OP.onnx,/home/elipregerson/nnenum/vnncomp2025_benchmarks/benchmarks/metaroom_2023/./vnnlib/spec_idx_53_eps_0.00001000.vnnlib,.006093408,error_exit_code_1,.738274062
metaroom_2023,/home/elipregerson/nnenum/vnncomp2025_benchmarks/benchmarks/metaroom_2023/./onnx/4cnn_ry_52_8_no_custom_OP.onnx,/home/elipregerson/nnenum/vnncomp2025_benchmarks/benchmarks/metaroom_2023/./vnnlib/spec_idx_25_eps_0.00000436.vnnlib,.006062795,unsat,.810480605
metaroom_2023,/home/elipregerson/nnenum/vnncomp2025_benchmarks/benchmarks/metaroom_2023/./onnx/6cnn_tz_4_0_no_custom_OP.onnx,/home/elipregerson/nnenum/vnncomp2025_benchmarks/benchmarks/metaroom_2023/./vnnlib/spec_idx_186_eps_0.00001000.vnnlib,.006065316,error_exit_code_1,.840801753
metaroom_2023,/home/elipregerson/nnenum/vnncomp2025_benchmarks/benchmarks/metaroom_2023/./onnx/6cnn_ry_91_15_no_custom_OP.onnx,/home/elipregerson/nnenum/vnncomp2025_benchmarks/benchmarks/metaroom_2023/./vnnlib/spec_idx_146_eps_0.00000436.vnnlib,.006013088,unsat,1.533799876
metaroom_2023,/home/elipregerson/nnenum/vnncomp2025_benchmarks/benchmarks/metaroom_2023/./onnx/4cnn_tz_4_0_no_custom_OP.onnx,/home/elipregerson/nnenum/vnncomp2025_benchmarks/benchmarks/metaroom_2023/./vnnlib/spec_idx_71_eps_0.00001000.vnnlib,.006120470,error_exit_code_1,.750061444
metaroom_2023,/home/elipregerson/nnenum/vnncomp2025_benchmarks/benchmarks/metaroom_2023/./onnx/4cnn_tz_47_7_no_custom_OP.onnx,/home/elipregerson/nnenum/vnncomp2025_benchmarks/benchmarks/metaroom_2023/./vnnlib/spec_idx_69_eps_0.00001000.vnnlib,.006219767,error_exit_code_1,.739441766
metaroom_2023,/home/elipregerson/nnenum/vnncomp2025_benchmarks/benchmarks/metaroom_2023/./onnx/4cnn_ry_57_9_no_custom_OP.onnx,/home/elipregerson/nnenum/vnncomp2025_benchmarks/benchmarks/metaroom_2023/./vnnlib/spec_idx_28_eps_0.00000436.vnnlib,.005904523,unsat,77.485350198
metaroom_2023,/home/elipregerson/nnenum/vnncomp2025_benchmarks/benchmarks/metaroom_2023/./onnx/6cnn_ry_67_11_no_custom_OP.onnx,/home/elipregerson/nnenum/vnncomp2025_benchmarks/benchmarks/metaroom_2023/./vnnlib/spec_idx_135_eps_0.00000436.vnnlib,.006198943,unsat,1.752289035
metaroom_2023,/home/elipregerson/nnenum/vnncomp2025_benchmarks/benchmarks/metaroom_2023/./onnx/4cnn_tz_34_5_no_custom_OP.onnx,/home/elipregerson/nnenum/vnncomp2025_benchmarks/benchmarks/metaroom_2023/./vnnlib/spec_idx_59_eps_0.00001000.vnnlib,.006263543,error_exit_code_1,.755572981
metaroom_2023,/home/elipregerson/nnenum/vnncomp2025_benchmarks/benchmarks/metaroom_2023/./onnx/4cnn_tz_41_6_no_custom_OP.onnx,/home/elipregerson/nnenum/vnncomp2025_benchmarks/benchmarks/metaroom_2023/./vnnlib/spec_idx_66_eps_0.00001000.vnnlib,.006026186,error_exit_code_1,.754951206
metaroom_2023,/home/elipregerson/nnenum/vnncomp2025_benchmarks/benchmarks/metaroom_2023/./onnx/4cnn_tz_99_16_no_custom_OP.onnx,/home/elipregerson/nnenum/vnncomp2025_benchmarks/benchmarks/metaroom_2023/./vnnlib/spec_idx_91_eps_0.00001000.vnnlib,.006086548,unsat,.817006562
metaroom_2023,/home/elipregerson/nnenum/vnncomp2025_benchmarks/benchmarks/metaroom_2023/./onnx/6cnn_ry_12_2_no_custom_OP.onnx,/home/elipregerson/nnenum/vnncomp2025_benchmarks/benchmarks/metaroom_2023/./vnnlib/spec_idx_105_eps_0.00000436.vnnlib,.006241852,unsat,1.032295532
metaroom_2023,/home/elipregerson/nnenum/vnncomp2025_benchmarks/benchmarks/metaroom_2023/./onnx/6cnn_tz_93_15_no_custom_OP.onnx,/home/elipregerson/nnenum/vnncomp2025_benchmarks/benchmarks/metaroom_2023/./vnnlib/spec_idx_208_eps_0.00001000.vnnlib,.006358525,unsat,.988795627
metaroom_2023,/home/elipregerson/nnenum/vnncomp2025_benchmarks/benchmarks/metaroom_2023/./onnx/4cnn_tz_44_7_no_custom_OP.onnx,/home/elipregerson/nnenum/vnncomp2025_benchmarks/benchmarks/metaroom_2023/./vnnlib/spec_idx_68_eps_0.00001000.vnnlib,.005987111,error_exit_code_1,.750433329
metaroom_2023,/home/elipregerson/nnenum/vnncomp2025_benchmarks/benchmarks/metaroom_2023/./onnx/6cnn_tz_79_13_no_custom_OP.onnx,/home/elipregerson/nnenum/vnncomp2025_benchmarks/benchmarks/metaroom_2023/./vnnlib/spec_idx_205_eps_0.00001000.vnnlib,.005961870,error_exit_code_1,.845174822
metaroom_2023,/home/elipregerson/nnenum/vnncomp2025_benchmarks/benchmarks/metaroom_2023/./onnx/6cnn_ry_6_1_no_custom_OP.onnx,/home/elipregerson/nnenum/vnncomp2025_benchmarks/benchmarks/metaroom_2023/./vnnlib/spec_idx_137_eps_0.00000436.vnnlib,.006023904,unsat,1.034203040
metaroom_2023,/home/elipregerson/nnenum/vnncomp2025_benchmarks/benchmarks/metaroom_2023/./onnx/6cnn_ry_52_8_no_custom_OP.onnx,/home/elipregerson/nnenum/vnncomp2025_benchmarks/benchmarks/metaroom_2023/./vnnlib/spec_idx_126_eps_0.00000436.vnnlib,.005898970,unsat,1.132849046
metaroom_2023,/home/elipregerson/nnenum/vnncomp2025_benchmarks/benchmarks/metaroom_2023/./onnx/4cnn_tz_82_13_no_custom_OP.onnx,/home/elipregerson/nnenum/vnncomp2025_benchmarks/benchmarks/metaroom_2023/./vnnlib/spec_idx_87_eps_0.00001000.vnnlib,.005982373,error_exit_code_1,.743486221
metaroom_2023,/home/elipregerson/nnenum/vnncomp2025_benchmarks/benchmarks/metaroom_2023/./onnx/6cnn_ry_28_4_no_custom_OP.onnx,/home/elipregerson/nnenum/vnncomp2025_benchmarks/benchmarks/metaroom_2023/./vnnlib/spec_idx_113_eps_0.00000436.vnnlib,.005936662,unsat,1.164451128
metaroom_2023,/home/elipregerson/nnenum/vnncomp2025_benchmarks/benchmarks/metaroom_2023/./onnx/6cnn_tz_28_4_no_custom_OP.onnx,/home/elipregerson/nnenum/vnncomp2025_benchmarks/benchmarks/metaroom_2023/./vnnlib/spec_idx_173_eps_0.00001000.vnnlib,.006204481,error_exit_code_1,.871549956
metaroom_2023,/home/elipregerson/nnenum/vnncomp2025_benchmarks/benchmarks/metaroom_2023/./onnx/6cnn_tz_104_17_no_custom_OP.onnx,/home/elipregerson/nnenum/vnncomp2025_benchmarks/benchmarks/metaroom_2023/./vnnlib/spec_idx_155_eps_0.00001000.vnnlib,.006030617,error_exit_code_1,.838986905
metaroom_2023,/home/elipregerson/nnenum/vnncomp2025_benchmarks/benchmarks/metaroom_2023/./onnx/6cnn_tz_18_3_no_custom_OP.onnx,/home/elipregerson/nnenum/vnncomp2025_benchmarks/benchmarks/metaroom_2023/./vnnlib/spec_idx_166_eps_0.00001000.vnnlib,.005967617,unsat,.946665782
metaroom_2023,/home/elipregerson/nnenum/vnncomp2025_benchmarks/benchmarks/metaroom_2023/./onnx/6cnn_ry_36_6_no_custom_OP.onnx,/home/elipregerson/nnenum/vnncomp2025_benchmarks/benchmarks/metaroom_2023/./vnnlib/spec_idx_116_eps_0.00000436.vnnlib,.005969926,unsat,1.046895494
metaroom_2023,/home/elipregerson/nnenum/vnncomp2025_benchmarks/benchmarks/metaroom_2023/./onnx/6cnn_ry_117_19_no_custom_OP.onnx,/home/elipregerson/nnenum/vnncomp2025_benchmarks/benchmarks/metaroom_2023/./vnnlib/spec_idx_101_eps_0.00000436.vnnlib,.006135493,timeout,212.430852362
metaroom_2023,/home/elipregerson/nnenum/vnncomp2025_benchmarks/benchmarks/metaroom_2023/./onnx/6cnn_ry_92_15_no_custom_OP.onnx,/home/elipregerson/nnenum/vnncomp2025_benchmarks/benchmarks/metaroom_2023/./vnnlib/spec_idx_147_eps_0.00000436.vnnlib,.005903686,unsat,.991706916
metaroom_2023,/home/elipregerson/nnenum/vnncomp2025_benchmarks/benchmarks/metaroom_2023/./onnx/6cnn_ry_39_6_no_custom_OP.onnx,/home/elipregerson/nnenum/vnncomp2025_benchmarks/benchmarks/metaroom_2023/./vnnlib/spec_idx_119_eps_0.00000436.vnnlib,.006083084,timeout,211.778360775
metaroom_2023,/home/elipregerson/nnenum/vnncomp2025_benchmarks/benchmarks/metaroom_2023/./onnx/4cnn_tz_39_6_no_custom_OP.onnx,/home/elipregerson/nnenum/vnncomp2025_benchmarks/benchmarks/metaroom_2023/./vnnlib/spec_idx_63_eps_0.00001000.vnnlib,.005990622,error_exit_code_1,.754218147
metaroom_2023,/home/elipregerson/nnenum/vnncomp2025_benchmarks/benchmarks/metaroom_2023/./onnx/6cnn_tz_23_3_no_custom_OP.onnx,/home/elipregerson/nnenum/vnncomp2025_benchmarks/benchmarks/metaroom_2023/./vnnlib/spec_idx_172_eps_0.00001000.vnnlib,.006088171,error_exit_code_1,.842175720
metaroom_2023,/home/elipregerson/nnenum/vnncomp2025_benchmarks/benchmarks/test/onnx/test_nano.onnx,/home/elipregerson/nnenum/vnncomp2025_benchmarks/benchmarks/test/vnnlib/test_nano.vnnlib,.006403310,unsat,.602819284
ml4acopf_2024,/home/elipregerson/nnenum/vnncomp2025_benchmarks/benchmarks/ml4acopf_2024/./onnx/14_ieee_ml4acopf-linear-residual.onnx,/home/elipregerson/nnenum/vnncomp2025_benchmarks/benchmarks/ml4acopf_2024/./vnnlib/14_ieee_prop9.vnnlib,.005937443,error_exit_code_1,.542470785
ml4acopf_2024,/home/elipregerson/nnenum/vnncomp2025_benchmarks/benchmarks/ml4acopf_2024/./onnx/14_ieee_ml4acopf-linear-residual.onnx,/home/elipregerson/nnenum/vnncomp2025_benchmarks/benchmarks/ml4acopf_2024/./vnnlib/14_ieee_prop7.vnnlib,.005919384,error_exit_code_1,.544007210
ml4acopf_2024,/home/elipregerson/nnenum/vnncomp2025_benchmarks/benchmarks/ml4acopf_2024/./onnx/14_ieee_ml4acopf-linear-residual.onnx,/home/elipregerson/nnenum/vnncomp2025_benchmarks/benchmarks/ml4acopf_2024/./vnnlib/14_ieee_prop2.vnnlib,.006226646,error_exit_code_1,.544449757
ml4acopf_2024,/home/elipregerson/nnenum/vnncomp2025_benchmarks/benchmarks/ml4acopf_2024/./onnx/14_ieee_ml4acopf-linear-residual.onnx,/home/elipregerson/nnenum/vnncomp2025_benchmarks/benchmarks/ml4acopf_2024/./vnnlib/14_ieee_prop8.vnnlib,.006817071,error_exit_code_1,.547863519
ml4acopf_2024,/home/elipregerson/nnenum/vnncomp2025_benchmarks/benchmarks/ml4acopf_2024/./onnx/14_ieee_ml4acopf-linear-residual.onnx,/home/elipregerson/nnenum/vnncomp2025_benchmarks/benchmarks/ml4acopf_2024/./vnnlib/14_ieee_prop4.vnnlib,.005943966,error_exit_code_1,.541363147
ml4acopf_2024,/home/elipregerson/nnenum/vnncomp2025_benchmarks/benchmarks/ml4acopf_2024/./onnx/14_ieee_ml4acopf-linear-residual.onnx,/home/elipregerson/nnenum/vnncomp2025_benchmarks/benchmarks/ml4acopf_2024/./vnnlib/14_ieee_prop6.vnnlib,.006134988,error_exit_code_1,.541665683
ml4acopf_2024,/home/elipregerson/nnenum/vnncomp2025_benchmarks/benchmarks/ml4acopf_2024/./onnx/14_ieee_ml4acopf-linear-residual.onnx,/home/elipregerson/nnenum/vnncomp2025_benchmarks/benchmarks/ml4acopf_2024/./vnnlib/14_ieee_prop12.vnnlib,.005918796,error_exit_code_1,.561460102
ml4acopf_2024,/home/elipregerson/nnenum/vnncomp2025_benchmarks/benchmarks/ml4acopf_2024/./onnx/14_ieee_ml4acopf-linear-residual.onnx,/home/elipregerson/nnenum/vnncomp2025_benchmarks/benchmarks/ml4acopf_2024/./vnnlib/14_ieee_prop13.vnnlib,.006107050,error_exit_code_1,.544860581
ml4acopf_2024,/home/elipregerson/nnenum/vnncomp2025_benchmarks/benchmarks/ml4acopf_2024/./onnx/14_ieee_ml4acopf-linear-residual.onnx,/home/elipregerson/nnenum/vnncomp2025_benchmarks/benchmarks/ml4acopf_2024/./vnnlib/14_ieee_prop11.vnnlib,.006172159,error_exit_code_1,.544460467
ml4acopf_2024,/home/elipregerson/nnenum/vnncomp2025_benchmarks/benchmarks/ml4acopf_2024/./onnx/14_ieee_ml4acopf-linear-residual.onnx,/home/elipregerson/nnenum/vnncomp2025_benchmarks/benchmarks/ml4acopf_2024/./vnnlib/14_ieee_prop1.vnnlib,.005975362,error_exit_code_1,.543122591
ml4acopf_2024,/home/elipregerson/nnenum/vnncomp2025_benchmarks/benchmarks/ml4acopf_2024/./onnx/14_ieee_ml4acopf-linear-residual.onnx,/home/elipregerson/nnenum/vnncomp2025_benchmarks/benchmarks/ml4acopf_2024/./vnnlib/14_ieee_prop3.vnnlib,.006966764,error_exit_code_1,.543545312
ml4acopf_2024,/home/elipregerson/nnenum/vnncomp2025_benchmarks/benchmarks/ml4acopf_2024/./onnx/14_ieee_ml4acopf-linear-residual.onnx,/home/elipregerson/nnenum/vnncomp2025_benchmarks/benchmarks/ml4acopf_2024/./vnnlib/14_ieee_prop14.vnnlib,.006025064,error_exit_code_1,.548796065
ml4acopf_2024,/home/elipregerson/nnenum/vnncomp2025_benchmarks/benchmarks/ml4acopf_2024/./onnx/14_ieee_ml4acopf-linear-residual.onnx,/home/elipregerson/nnenum/vnncomp2025_benchmarks/benchmarks/ml4acopf_2024/./vnnlib/14_ieee_prop10.vnnlib,.006118018,error_exit_code_1,.548740998
ml4acopf_2024,/home/elipregerson/nnenum/vnncomp2025_benchmarks/benchmarks/ml4acopf_2024/./onnx/14_ieee_ml4acopf-linear-residual.onnx,/home/elipregerson/nnenum/vnncomp2025_benchmarks/benchmarks/ml4acopf_2024/./vnnlib/14_ieee_prop5.vnnlib,.005971698,error_exit_code_1,.541232540
ml4acopf_2024,/home/elipregerson/nnenum/vnncomp2025_benchmarks/benchmarks/ml4acopf_2024/./onnx/118_ieee_ml4acopf.onnx,/home/elipregerson/nnenum/vnncomp2025_benchmarks/benchmarks/ml4acopf_2024/./vnnlib/118_ieee_prop2.vnnlib,.006103576,error_exit_code_1,.541143738
ml4acopf_2024,/home/elipregerson/nnenum/vnncomp2025_benchmarks/benchmarks/ml4acopf_2024/./onnx/118_ieee_ml4acopf.onnx,/home/elipregerson/nnenum/vnncomp2025_benchmarks/benchmarks/ml4acopf_2024/./vnnlib/118_ieee_prop4.vnnlib,.006006695,error_exit_code_1,.650060055
ml4acopf_2024,/home/elipregerson/nnenum/vnncomp2025_benchmarks/benchmarks/ml4acopf_2024/./onnx/118_ieee_ml4acopf.onnx,/home/elipregerson/nnenum/vnncomp2025_benchmarks/benchmarks/ml4acopf_2024/./vnnlib/118_ieee_prop3.vnnlib,.006112531,error_exit_code_1,.621774724
ml4acopf_2024,/home/elipregerson/nnenum/vnncomp2025_benchmarks/benchmarks/ml4acopf_2024/./onnx/118_ieee_ml4acopf.onnx,/home/elipregerson/nnenum/vnncomp2025_benchmarks/benchmarks/ml4acopf_2024/./vnnlib/118_ieee_prop5.vnnlib,.005993462,error_exit_code_1,.554466446
ml4acopf_2024,/home/elipregerson/nnenum/vnncomp2025_benchmarks/benchmarks/ml4acopf_2024/./onnx/118_ieee_ml4acopf.onnx,/home/elipregerson/nnenum/vnncomp2025_benchmarks/benchmarks/ml4acopf_2024/./vnnlib/118_ieee_prop6.vnnlib,.005912512,error_exit_code_1,.549427634
ml4acopf_2024,/home/elipregerson/nnenum/vnncomp2025_benchmarks/benchmarks/ml4acopf_2024/./onnx/300_ieee_ml4acopf-linear-nonresidual.onnx,/home/elipregerson/nnenum/vnncomp2025_benchmarks/benchmarks/ml4acopf_2024/./vnnlib/300_ieee_prop3.vnnlib,.006094401,error_exit_code_1,.806060667
ml4acopf_2024,/home/elipregerson/nnenum/vnncomp2025_benchmarks/benchmarks/ml4acopf_2024/./onnx/300_ieee_ml4acopf-linear-nonresidual.onnx,/home/elipregerson/nnenum/vnncomp2025_benchmarks/benchmarks/ml4acopf_2024/./vnnlib/300_ieee_prop105.vnnlib,.006029711,error_exit_code_1,.575683514
ml4acopf_2024,/home/elipregerson/nnenum/vnncomp2025_benchmarks/benchmarks/ml4acopf_2024/./onnx/300_ieee_ml4acopf-linear-nonresidual.onnx,/home/elipregerson/nnenum/vnncomp2025_benchmarks/benchmarks/ml4acopf_2024/./vnnlib/300_ieee_prop2.vnnlib,.006028170,error_exit_code_1,.576214933
ml4acopf_2024,/home/elipregerson/nnenum/vnncomp2025_benchmarks/benchmarks/ml4acopf_2024/./onnx/300_ieee_ml4acopf-linear-nonresidual.onnx,/home/elipregerson/nnenum/vnncomp2025_benchmarks/benchmarks/ml4acopf_2024/./vnnlib/300_ieee_prop4.vnnlib,.006070693,error_exit_code_1,1.082930330
ml4acopf_2024,/home/elipregerson/nnenum/vnncomp2025_benchmarks/benchmarks/ml4acopf_2024/./onnx/14_ieee_ml4acopf-linear-nonresidual.onnx,/home/elipregerson/nnenum/vnncomp2025_benchmarks/benchmarks/ml4acopf_2024/./vnnlib/14_ieee_prop9.vnnlib,.006025002,error_exit_code_1,.539070878
ml4acopf_2024,/home/elipregerson/nnenum/vnncomp2025_benchmarks/benchmarks/ml4acopf_2024/./onnx/14_ieee_ml4acopf-linear-nonresidual.onnx,/home/elipregerson/nnenum/vnncomp2025_benchmarks/benchmarks/ml4acopf_2024/./vnnlib/14_ieee_prop7.vnnlib,.005973021,error_exit_code_1,.539514223
ml4acopf_2024,/home/elipregerson/nnenum/vnncomp2025_benchmarks/benchmarks/ml4acopf_2024/./onnx/14_ieee_ml4acopf-linear-nonresidual.onnx,/home/elipregerson/nnenum/vnncomp2025_benchmarks/benchmarks/ml4acopf_2024/./vnnlib/14_ieee_prop2.vnnlib,.006217359,error_exit_code_1,.534984222
ml4acopf_2024,/home/elipregerson/nnenum/vnncomp2025_benchmarks/benchmarks/ml4acopf_2024/./onnx/14_ieee_ml4acopf-linear-nonresidual.onnx,/home/elipregerson/nnenum/vnncomp2025_benchmarks/benchmarks/ml4acopf_2024/./vnnlib/14_ieee_prop8.vnnlib,.005959614,error_exit_code_1,.532235088
ml4acopf_2024,/home/elipregerson/nnenum/vnncomp2025_benchmarks/benchmarks/ml4acopf_2024/./onnx/14_ieee_ml4acopf-linear-nonresidual.onnx,/home/elipregerson/nnenum/vnncomp2025_benchmarks/benchmarks/ml4acopf_2024/./vnnlib/14_ieee_prop4.vnnlib,.006136320,error_exit_code_1,.542422881
ml4acopf_2024,/home/elipregerson/nnenum/vnncomp2025_benchmarks/benchmarks/ml4acopf_2024/./onnx/14_ieee_ml4acopf-linear-nonresidual.onnx,/home/elipregerson/nnenum/vnncomp2025_benchmarks/benchmarks/ml4acopf_2024/./vnnlib/14_ieee_prop6.vnnlib,.006096016,error_exit_code_1,.537758185
ml4acopf_2024,/home/elipregerson/nnenum/vnncomp2025_benchmarks/benchmarks/ml4acopf_2024/./onnx/14_ieee_ml4acopf-linear-nonresidual.onnx,/home/elipregerson/nnenum/vnncomp2025_benchmarks/benchmarks/ml4acopf_2024/./vnnlib/14_ieee_prop12.vnnlib,.005952852,error_exit_code_1,.542077651
ml4acopf_2024,/home/elipregerson/nnenum/vnncomp2025_benchmarks/benchmarks/ml4acopf_2024/./onnx/14_ieee_ml4acopf-linear-nonresidual.onnx,/home/elipregerson/nnenum/vnncomp2025_benchmarks/benchmarks/ml4acopf_2024/./vnnlib/14_ieee_prop13.vnnlib,.005898656,error_exit_code_1,.544919662
ml4acopf_2024,/home/elipregerson/nnenum/vnncomp2025_benchmarks/benchmarks/ml4acopf_2024/./onnx/14_ieee_ml4acopf-linear-nonresidual.onnx,/home/elipregerson/nnenum/vnncomp2025_benchmarks/benchmarks/ml4acopf_2024/./vnnlib/14_ieee_prop11.vnnlib,.005930889,error_exit_code_1,.538010052
ml4acopf_2024,/home/elipregerson/nnenum/vnncomp2025_benchmarks/benchmarks/ml4acopf_2024/./onnx/14_ieee_ml4acopf-linear-nonresidual.onnx,/home/elipregerson/nnenum/vnncomp2025_benchmarks/benchmarks/ml4acopf_2024/./vnnlib/14_ieee_prop1.vnnlib,.005991784,error_exit_code_1,.550706556
ml4acopf_2024,/home/elipregerson/nnenum/vnncomp2025_benchmarks/benchmarks/ml4acopf_2024/./onnx/14_ieee_ml4acopf-linear-nonresidual.onnx,/home/elipregerson/nnenum/vnncomp2025_benchmarks/benchmarks/ml4acopf_2024/./vnnlib/14_ieee_prop3.vnnlib,.005997879,error_exit_code_1,.548240805
ml4acopf_2024,/home/elipregerson/nnenum/vnncomp2025_benchmarks/benchmarks/ml4acopf_2024/./onnx/14_ieee_ml4acopf-linear-nonresidual.onnx,/home/elipregerson/nnenum/vnncomp2025_benchmarks/benchmarks/ml4acopf_2024/./vnnlib/14_ieee_prop14.vnnlib,.006089240,error_exit_code_1,.541065576
ml4acopf_2024,/home/elipregerson/nnenum/vnncomp2025_benchmarks/benchmarks/ml4acopf_2024/./onnx/14_ieee_ml4acopf-linear-nonresidual.onnx,/home/elipregerson/nnenum/vnncomp2025_benchmarks/benchmarks/ml4acopf_2024/./vnnlib/14_ieee_prop10.vnnlib,.005926067,error_exit_code_1,.535304406
ml4acopf_2024,/home/elipregerson/nnenum/vnncomp2025_benchmarks/benchmarks/ml4acopf_2024/./onnx/14_ieee_ml4acopf-linear-nonresidual.onnx,/home/elipregerson/nnenum/vnncomp2025_benchmarks/benchmarks/ml4acopf_2024/./vnnlib/14_ieee_prop5.vnnlib,.005946390,error_exit_code_1,.544406601
ml4acopf_2024,/home/elipregerson/nnenum/vnncomp2025_benchmarks/benchmarks/ml4acopf_2024/./onnx/118_ieee_ml4acopf-linear-nonresidual.onnx,/home/elipregerson/nnenum/vnncomp2025_benchmarks/benchmarks/ml4acopf_2024/./vnnlib/118_ieee_prop2.vnnlib,.005866860,error_exit_code_1,.542827336
ml4acopf_2024,/home/elipregerson/nnenum/vnncomp2025_benchmarks/benchmarks/ml4acopf_2024/./onnx/118_ieee_ml4acopf-linear-nonresidual.onnx,/home/elipregerson/nnenum/vnncomp2025_benchmarks/benchmarks/ml4acopf_2024/./vnnlib/118_ieee_prop4.vnnlib,.006150516,error_exit_code_1,.627941287
ml4acopf_2024,/home/elipregerson/nnenum/vnncomp2025_benchmarks/benchmarks/ml4acopf_2024/./onnx/118_ieee_ml4acopf-linear-nonresidual.onnx,/home/elipregerson/nnenum/vnncomp2025_benchmarks/benchmarks/ml4acopf_2024/./vnnlib/118_ieee_prop3.vnnlib,.006000495,error_exit_code_1,.617146058
ml4acopf_2024,/home/elipregerson/nnenum/vnncomp2025_benchmarks/benchmarks/ml4acopf_2024/./onnx/118_ieee_ml4acopf-linear-nonresidual.onnx,/home/elipregerson/nnenum/vnncomp2025_benchmarks/benchmarks/ml4acopf_2024/./vnnlib/118_ieee_prop5.vnnlib,.006122559,error_exit_code_1,.543897795
ml4acopf_2024,/home/elipregerson/nnenum/vnncomp2025_benchmarks/benchmarks/ml4acopf_2024/./onnx/118_ieee_ml4acopf-linear-nonresidual.onnx,/home/elipregerson/nnenum/vnncomp2025_benchmarks/benchmarks/ml4acopf_2024/./vnnlib/118_ieee_prop6.vnnlib,.005979394,error_exit_code_1,.542579884
ml4acopf_2024,/home/elipregerson/nnenum/vnncomp2025_benchmarks/benchmarks/ml4acopf_2024/./onnx/14_ieee_ml4acopf.onnx,/home/elipregerson/nnenum/vnncomp2025_benchmarks/benchmarks/ml4acopf_2024/./vnnlib/14_ieee_prop9.vnnlib,.006032539,error_exit_code_1,.542229045
ml4acopf_2024,/home/elipregerson/nnenum/vnncomp2025_benchmarks/benchmarks/ml4acopf_2024/./onnx/14_ieee_ml4acopf.onnx,/home/elipregerson/nnenum/vnncomp2025_benchmarks/benchmarks/ml4acopf_2024/./vnnlib/14_ieee_prop7.vnnlib,.006034790,error_exit_code_1,.546861866
ml4acopf_2024,/home/elipregerson/nnenum/vnncomp2025_benchmarks/benchmarks/ml4acopf_2024/./onnx/14_ieee_ml4acopf.onnx,/home/elipregerson/nnenum/vnncomp2025_benchmarks/benchmarks/ml4acopf_2024/./vnnlib/14_ieee_prop2.vnnlib,.006189055,error_exit_code_1,.545192162
ml4acopf_2024,/home/elipregerson/nnenum/vnncomp2025_benchmarks/benchmarks/ml4acopf_2024/./onnx/14_ieee_ml4acopf.onnx,/home/elipregerson/nnenum/vnncomp2025_benchmarks/benchmarks/ml4acopf_2024/./vnnlib/14_ieee_prop8.vnnlib,.006121953,error_exit_code_1,.537422892
ml4acopf_2024,/home/elipregerson/nnenum/vnncomp2025_benchmarks/benchmarks/ml4acopf_2024/./onnx/14_ieee_ml4acopf.onnx,/home/elipregerson/nnenum/vnncomp2025_benchmarks/benchmarks/ml4acopf_2024/./vnnlib/14_ieee_prop4.vnnlib,.006014500,error_exit_code_1,.537770169
ml4acopf_2024,/home/elipregerson/nnenum/vnncomp2025_benchmarks/benchmarks/ml4acopf_2024/./onnx/14_ieee_ml4acopf.onnx,/home/elipregerson/nnenum/vnncomp2025_benchmarks/benchmarks/ml4acopf_2024/./vnnlib/14_ieee_prop6.vnnlib,.006136164,error_exit_code_1,.538168560
ml4acopf_2024,/home/elipregerson/nnenum/vnncomp2025_benchmarks/benchmarks/ml4acopf_2024/./onnx/14_ieee_ml4acopf.onnx,/home/elipregerson/nnenum/vnncomp2025_benchmarks/benchmarks/ml4acopf_2024/./vnnlib/14_ieee_prop12.vnnlib,.005972950,error_exit_code_1,.533318957
ml4acopf_2024,/home/elipregerson/nnenum/vnncomp2025_benchmarks/benchmarks/ml4acopf_2024/./onnx/14_ieee_ml4acopf.onnx,/home/elipregerson/nnenum/vnncomp2025_benchmarks/benchmarks/ml4acopf_2024/./vnnlib/14_ieee_prop13.vnnlib,.006029956,error_exit_code_1,.531196327
ml4acopf_2024,/home/elipregerson/nnenum/vnncomp2025_benchmarks/benchmarks/ml4acopf_2024/./onnx/14_ieee_ml4acopf.onnx,/home/elipregerson/nnenum/vnncomp2025_benchmarks/benchmarks/ml4acopf_2024/./vnnlib/14_ieee_prop11.vnnlib,.006142253,error_exit_code_1,.535145605
ml4acopf_2024,/home/elipregerson/nnenum/vnncomp2025_benchmarks/benchmarks/ml4acopf_2024/./onnx/14_ieee_ml4acopf.onnx,/home/elipregerson/nnenum/vnncomp2025_benchmarks/benchmarks/ml4acopf_2024/./vnnlib/14_ieee_prop1.vnnlib,.006151103,error_exit_code_1,.539549029
ml4acopf_2024,/home/elipregerson/nnenum/vnncomp2025_benchmarks/benchmarks/ml4acopf_2024/./onnx/14_ieee_ml4acopf.onnx,/home/elipregerson/nnenum/vnncomp2025_benchmarks/benchmarks/ml4acopf_2024/./vnnlib/14_ieee_prop3.vnnlib,.006038681,error_exit_code_1,.538916607
ml4acopf_2024,/home/elipregerson/nnenum/vnncomp2025_benchmarks/benchmarks/ml4acopf_2024/./onnx/14_ieee_ml4acopf.onnx,/home/elipregerson/nnenum/vnncomp2025_benchmarks/benchmarks/ml4acopf_2024/./vnnlib/14_ieee_prop14.vnnlib,.005970691,error_exit_code_1,.536755232
ml4acopf_2024,/home/elipregerson/nnenum/vnncomp2025_benchmarks/benchmarks/ml4acopf_2024/./onnx/14_ieee_ml4acopf.onnx,/home/elipregerson/nnenum/vnncomp2025_benchmarks/benchmarks/ml4acopf_2024/./vnnlib/14_ieee_prop10.vnnlib,.006026130,error_exit_code_1,.537511472
ml4acopf_2024,/home/elipregerson/nnenum/vnncomp2025_benchmarks/benchmarks/ml4acopf_2024/./onnx/14_ieee_ml4acopf.onnx,/home/elipregerson/nnenum/vnncomp2025_benchmarks/benchmarks/ml4acopf_2024/./vnnlib/14_ieee_prop5.vnnlib,.005955866,error_exit_code_1,.550204582
ml4acopf_2024,/home/elipregerson/nnenum/vnncomp2025_benchmarks/benchmarks/ml4acopf_2024/./onnx/300_ieee_ml4acopf-linear-residual.onnx,/home/elipregerson/nnenum/vnncomp2025_benchmarks/benchmarks/ml4acopf_2024/./vnnlib/300_ieee_prop3.vnnlib,.005997705,error_exit_code_1,.797505580
ml4acopf_2024,/home/elipregerson/nnenum/vnncomp2025_benchmarks/benchmarks/ml4acopf_2024/./onnx/300_ieee_ml4acopf-linear-residual.onnx,/home/elipregerson/nnenum/vnncomp2025_benchmarks/benchmarks/ml4acopf_2024/./vnnlib/300_ieee_prop105.vnnlib,.005980776,error_exit_code_1,.588283844
ml4acopf_2024,/home/elipregerson/nnenum/vnncomp2025_benchmarks/benchmarks/ml4acopf_2024/./onnx/300_ieee_ml4acopf-linear-residual.onnx,/home/elipregerson/nnenum/vnncomp2025_benchmarks/benchmarks/ml4acopf_2024/./vnnlib/300_ieee_prop2.vnnlib,.006038566,error_exit_code_1,.571452321
ml4acopf_2024,/home/elipregerson/nnenum/vnncomp2025_benchmarks/benchmarks/ml4acopf_2024/./onnx/300_ieee_ml4acopf-linear-residual.onnx,/home/elipregerson/nnenum/vnncomp2025_benchmarks/benchmarks/ml4acopf_2024/./vnnlib/300_ieee_prop4.vnnlib,.006080529,error_exit_code_1,1.078463488
ml4acopf_2024,/home/elipregerson/nnenum/vnncomp2025_benchmarks/benchmarks/ml4acopf_2024/./onnx/118_ieee_ml4acopf-linear-residual.onnx,/home/elipregerson/nnenum/vnncomp2025_benchmarks/benchmarks/ml4acopf_2024/./vnnlib/118_ieee_prop2.vnnlib,.005975928,error_exit_code_1,.547901507
ml4acopf_2024,/home/elipregerson/nnenum/vnncomp2025_benchmarks/benchmarks/ml4acopf_2024/./onnx/118_ieee_ml4acopf-linear-residual.onnx,/home/elipregerson/nnenum/vnncomp2025_benchmarks/benchmarks/ml4acopf_2024/./vnnlib/118_ieee_prop4.vnnlib,.005957480,error_exit_code_1,.655033415
ml4acopf_2024,/home/elipregerson/nnenum/vnncomp2025_benchmarks/benchmarks/ml4acopf_2024/./onnx/118_ieee_ml4acopf-linear-residual.onnx,/home/elipregerson/nnenum/vnncomp2025_benchmarks/benchmarks/ml4acopf_2024/./vnnlib/118_ieee_prop3.vnnlib,.005942715,error_exit_code_1,.615541884
ml4acopf_2024,/home/elipregerson/nnenum/vnncomp2025_benchmarks/benchmarks/ml4acopf_2024/./onnx/118_ieee_ml4acopf-linear-residual.onnx,/home/elipregerson/nnenum/vnncomp2025_benchmarks/benchmarks/ml4acopf_2024/./vnnlib/118_ieee_prop5.vnnlib,.006066678,error_exit_code_1,.550256442
ml4acopf_2024,/home/elipregerson/nnenum/vnncomp2025_benchmarks/benchmarks/ml4acopf_2024/./onnx/118_ieee_ml4acopf-linear-residual.onnx,/home/elipregerson/nnenum/vnncomp2025_benchmarks/benchmarks/ml4acopf_2024/./vnnlib/118_ieee_prop6.vnnlib,.006113371,error_exit_code_1,.548686183
ml4acopf_2024,/home/elipregerson/nnenum/vnncomp2025_benchmarks/benchmarks/ml4acopf_2024/./onnx/300_ieee_ml4acopf.onnx,/home/elipregerson/nnenum/vnncomp2025_benchmarks/benchmarks/ml4acopf_2024/./vnnlib/300_ieee_prop3.vnnlib,.006033931,error_exit_code_1,.798233222
ml4acopf_2024,/home/elipregerson/nnenum/vnncomp2025_benchmarks/benchmarks/ml4acopf_2024/./onnx/300_ieee_ml4acopf.onnx,/home/elipregerson/nnenum/vnncomp2025_benchmarks/benchmarks/ml4acopf_2024/./vnnlib/300_ieee_prop105.vnnlib,.005948465,error_exit_code_1,.563465403
ml4acopf_2024,/home/elipregerson/nnenum/vnncomp2025_benchmarks/benchmarks/ml4acopf_2024/./onnx/300_ieee_ml4acopf.onnx,/home/elipregerson/nnenum/vnncomp2025_benchmarks/benchmarks/ml4acopf_2024/./vnnlib/300_ieee_prop2.vnnlib,.006071338,error_exit_code_1,.569620161
ml4acopf_2024,/home/elipregerson/nnenum/vnncomp2025_benchmarks/benchmarks/ml4acopf_2024/./onnx/300_ieee_ml4acopf.onnx,/home/elipregerson/nnenum/vnncomp2025_benchmarks/benchmarks/ml4acopf_2024/./vnnlib/300_ieee_prop4.vnnlib,.006133965,error_exit_code_1,1.092000420
ml4acopf_2024,/home/elipregerson/nnenum/vnncomp2025_benchmarks/benchmarks/test/onnx/test_nano.onnx,/home/elipregerson/nnenum/vnncomp2025_benchmarks/benchmarks/test/vnnlib/test_nano.vnnlib,.006185657,unsat,.537291192
nn4sys,/home/elipregerson/nnenum/vnncomp2025_benchmarks/benchmarks/nn4sys/onnx/pensieve_small_simple.onnx,/home/elipregerson/nnenum/vnncomp2025_benchmarks/benchmarks/nn4sys/vnnlib/pensieve_simple_0.vnnlib,.005896475,error_exit_code_1,.541087024
nn4sys,/home/elipregerson/nnenum/vnncomp2025_benchmarks/benchmarks/nn4sys/onnx/pensieve_big_parallel.onnx,/home/elipregerson/nnenum/vnncomp2025_benchmarks/benchmarks/nn4sys/vnnlib/pensieve_parallel_1.vnnlib,.006095688,error_exit_code_1,.547200884
nn4sys,/home/elipregerson/nnenum/vnncomp2025_benchmarks/benchmarks/nn4sys/onnx/pensieve_small_simple.onnx,/home/elipregerson/nnenum/vnncomp2025_benchmarks/benchmarks/nn4sys/vnnlib/pensieve_simple_2.vnnlib,.006030885,error_exit_code_1,.541881623
nn4sys,/home/elipregerson/nnenum/vnncomp2025_benchmarks/benchmarks/nn4sys/onnx/pensieve_small_simple.onnx,/home/elipregerson/nnenum/vnncomp2025_benchmarks/benchmarks/nn4sys/vnnlib/pensieve_simple_3.vnnlib,.006060345,error_exit_code_1,.543819877
nn4sys,/home/elipregerson/nnenum/vnncomp2025_benchmarks/benchmarks/nn4sys/onnx/pensieve_small_parallel.onnx,/home/elipregerson/nnenum/vnncomp2025_benchmarks/benchmarks/nn4sys/vnnlib/pensieve_parallel_4.vnnlib,.006280821,error_exit_code_1,.538511436
nn4sys,/home/elipregerson/nnenum/vnncomp2025_benchmarks/benchmarks/nn4sys/onnx/pensieve_small_simple.onnx,/home/elipregerson/nnenum/vnncomp2025_benchmarks/benchmarks/nn4sys/vnnlib/pensieve_simple_5.vnnlib,.006033800,error_exit_code_1,.543405645
nn4sys,/home/elipregerson/nnenum/vnncomp2025_benchmarks/benchmarks/nn4sys/onnx/pensieve_mid_simple.onnx,/home/elipregerson/nnenum/vnncomp2025_benchmarks/benchmarks/nn4sys/vnnlib/pensieve_simple_6.vnnlib,.005930172,error_exit_code_1,.546145821
nn4sys,/home/elipregerson/nnenum/vnncomp2025_benchmarks/benchmarks/nn4sys/onnx/pensieve_big_simple.onnx,/home/elipregerson/nnenum/vnncomp2025_benchmarks/benchmarks/nn4sys/vnnlib/pensieve_simple_7.vnnlib,.005951689,error_exit_code_1,.551660768
nn4sys,/home/elipregerson/nnenum/vnncomp2025_benchmarks/benchmarks/nn4sys/onnx/pensieve_big_parallel.onnx,/home/elipregerson/nnenum/vnncomp2025_benchmarks/benchmarks/nn4sys/vnnlib/pensieve_parallel_8.vnnlib,.006201617,error_exit_code_1,.546306490
nn4sys,/home/elipregerson/nnenum/vnncomp2025_benchmarks/benchmarks/nn4sys/onnx/pensieve_small_parallel.onnx,/home/elipregerson/nnenum/vnncomp2025_benchmarks/benchmarks/nn4sys/vnnlib/pensieve_parallel_9.vnnlib,.006064486,error_exit_code_1,.534632286
nn4sys,/home/elipregerson/nnenum/vnncomp2025_benchmarks/benchmarks/nn4sys/onnx/pensieve_big_simple.onnx,/home/elipregerson/nnenum/vnncomp2025_benchmarks/benchmarks/nn4sys/vnnlib/pensieve_simple_10.vnnlib,.005978842,error_exit_code_1,.547777769
nn4sys,/home/elipregerson/nnenum/vnncomp2025_benchmarks/benchmarks/nn4sys/onnx/pensieve_mid_simple.onnx,/home/elipregerson/nnenum/vnncomp2025_benchmarks/benchmarks/nn4sys/vnnlib/pensieve_simple_11.vnnlib,.006890733,error_exit_code_1,.562984192
nn4sys,/home/elipregerson/nnenum/vnncomp2025_benchmarks/benchmarks/nn4sys/onnx/pensieve_big_simple.onnx,/home/elipregerson/nnenum/vnncomp2025_benchmarks/benchmarks/nn4sys/vnnlib/pensieve_simple_12.vnnlib,.006214792,error_exit_code_1,.553780659
nn4sys,/home/elipregerson/nnenum/vnncomp2025_benchmarks/benchmarks/nn4sys/onnx/pensieve_small_simple.onnx,/home/elipregerson/nnenum/vnncomp2025_benchmarks/benchmarks/nn4sys/vnnlib/pensieve_simple_13.vnnlib,.006088118,error_exit_code_1,.549154733
nn4sys,/home/elipregerson/nnenum/vnncomp2025_benchmarks/benchmarks/nn4sys/onnx/pensieve_big_simple.onnx,/home/elipregerson/nnenum/vnncomp2025_benchmarks/benchmarks/nn4sys/vnnlib/pensieve_simple_14.vnnlib,.006133775,error_exit_code_1,.557542971
nn4sys,/home/elipregerson/nnenum/vnncomp2025_benchmarks/benchmarks/nn4sys/onnx/pensieve_small_simple.onnx,/home/elipregerson/nnenum/vnncomp2025_benchmarks/benchmarks/nn4sys/vnnlib/pensieve_simple_15.vnnlib,.006121150,error_exit_code_1,.536867392
nn4sys,/home/elipregerson/nnenum/vnncomp2025_benchmarks/benchmarks/nn4sys/onnx/pensieve_small_simple.onnx,/home/elipregerson/nnenum/vnncomp2025_benchmarks/benchmarks/nn4sys/vnnlib/pensieve_simple_16.vnnlib,.006128940,error_exit_code_1,.538320976
nn4sys,/home/elipregerson/nnenum/vnncomp2025_benchmarks/benchmarks/nn4sys/onnx/pensieve_small_parallel.onnx,/home/elipregerson/nnenum/vnncomp2025_benchmarks/benchmarks/nn4sys/vnnlib/pensieve_parallel_17.vnnlib,.006099544,error_exit_code_1,.534313545
nn4sys,/home/elipregerson/nnenum/vnncomp2025_benchmarks/benchmarks/nn4sys/onnx/pensieve_small_simple.onnx,/home/elipregerson/nnenum/vnncomp2025_benchmarks/benchmarks/nn4sys/vnnlib/pensieve_simple_18.vnnlib,.006058921,error_exit_code_1,.533180795
nn4sys,/home/elipregerson/nnenum/vnncomp2025_benchmarks/benchmarks/nn4sys/onnx/pensieve_small_parallel.onnx,/home/elipregerson/nnenum/vnncomp2025_benchmarks/benchmarks/nn4sys/vnnlib/pensieve_parallel_19.vnnlib,.006032996,error_exit_code_1,.532006128
nn4sys,/home/elipregerson/nnenum/vnncomp2025_benchmarks/benchmarks/nn4sys/onnx/pensieve_small_parallel.onnx,/home/elipregerson/nnenum/vnncomp2025_benchmarks/benchmarks/nn4sys/vnnlib/pensieve_parallel_20.vnnlib,.006090488,error_exit_code_1,.539190507
nn4sys,/home/elipregerson/nnenum/vnncomp2025_benchmarks/benchmarks/nn4sys/onnx/pensieve_mid_simple.onnx,/home/elipregerson/nnenum/vnncomp2025_benchmarks/benchmarks/nn4sys/vnnlib/pensieve_simple_21.vnnlib,.006095151,error_exit_code_1,.538709676
nn4sys,/home/elipregerson/nnenum/vnncomp2025_benchmarks/benchmarks/nn4sys/onnx/pensieve_big_simple.onnx,/home/elipregerson/nnenum/vnncomp2025_benchmarks/benchmarks/nn4sys/vnnlib/pensieve_simple_22.vnnlib,.006086266,error_exit_code_1,.564180331
nn4sys,/home/elipregerson/nnenum/vnncomp2025_benchmarks/benchmarks/nn4sys/onnx/pensieve_big_parallel.onnx,/home/elipregerson/nnenum/vnncomp2025_benchmarks/benchmarks/nn4sys/vnnlib/pensieve_parallel_23.vnnlib,.006056678,error_exit_code_1,.544891046
nn4sys,/home/elipregerson/nnenum/vnncomp2025_benchmarks/benchmarks/nn4sys/onnx/pensieve_big_parallel.onnx,/home/elipregerson/nnenum/vnncomp2025_benchmarks/benchmarks/nn4sys/vnnlib/pensieve_parallel_24.vnnlib,.005996870,error_exit_code_1,.551308066
nn4sys,/home/elipregerson/nnenum/vnncomp2025_benchmarks/benchmarks/nn4sys/onnx/pensieve_big_simple.onnx,/home/elipregerson/nnenum/vnncomp2025_benchmarks/benchmarks/nn4sys/vnnlib/pensieve_simple_25.vnnlib,.006184346,error_exit_code_1,.559386370
nn4sys,/home/elipregerson/nnenum/vnncomp2025_benchmarks/benchmarks/nn4sys/onnx/pensieve_big_simple.onnx,/home/elipregerson/nnenum/vnncomp2025_benchmarks/benchmarks/nn4sys/vnnlib/pensieve_simple_26.vnnlib,.005897388,error_exit_code_1,.558741930
nn4sys,/home/elipregerson/nnenum/vnncomp2025_benchmarks/benchmarks/nn4sys/onnx/pensieve_small_parallel.onnx,/home/elipregerson/nnenum/vnncomp2025_benchmarks/benchmarks/nn4sys/vnnlib/pensieve_parallel_27.vnnlib,.006099834,error_exit_code_1,.534803597
nn4sys,/home/elipregerson/nnenum/vnncomp2025_benchmarks/benchmarks/nn4sys/onnx/pensieve_small_simple.onnx,/home/elipregerson/nnenum/vnncomp2025_benchmarks/benchmarks/nn4sys/vnnlib/pensieve_simple_28.vnnlib,.005930453,error_exit_code_1,.530854098
nn4sys,/home/elipregerson/nnenum/vnncomp2025_benchmarks/benchmarks/nn4sys/onnx/pensieve_big_simple.onnx,/home/elipregerson/nnenum/vnncomp2025_benchmarks/benchmarks/nn4sys/vnnlib/pensieve_simple_29.vnnlib,.006037155,error_exit_code_1,.547442686
nn4sys,/home/elipregerson/nnenum/vnncomp2025_benchmarks/benchmarks/nn4sys/onnx/pensieve_big_parallel.onnx,/home/elipregerson/nnenum/vnncomp2025_benchmarks/benchmarks/nn4sys/vnnlib/pensieve_parallel_30.vnnlib,.006148480,error_exit_code_1,.544803183
nn4sys,/home/elipregerson/nnenum/vnncomp2025_benchmarks/benchmarks/nn4sys/onnx/pensieve_big_simple.onnx,/home/elipregerson/nnenum/vnncomp2025_benchmarks/benchmarks/nn4sys/vnnlib/pensieve_simple_31.vnnlib,.006068854,error_exit_code_1,.558761282
nn4sys,/home/elipregerson/nnenum/vnncomp2025_benchmarks/benchmarks/nn4sys/onnx/pensieve_small_parallel.onnx,/home/elipregerson/nnenum/vnncomp2025_benchmarks/benchmarks/nn4sys/vnnlib/pensieve_parallel_32.vnnlib,.006064686,error_exit_code_1,.545195269
nn4sys,/home/elipregerson/nnenum/vnncomp2025_benchmarks/benchmarks/nn4sys/onnx/pensieve_small_parallel.onnx,/home/elipregerson/nnenum/vnncomp2025_benchmarks/benchmarks/nn4sys/vnnlib/pensieve_parallel_33.vnnlib,.005993153,error_exit_code_1,.529107006
nn4sys,/home/elipregerson/nnenum/vnncomp2025_benchmarks/benchmarks/nn4sys/onnx/pensieve_small_simple.onnx,/home/elipregerson/nnenum/vnncomp2025_benchmarks/benchmarks/nn4sys/vnnlib/pensieve_simple_34.vnnlib,.006137947,error_exit_code_1,.540149478
nn4sys,/home/elipregerson/nnenum/vnncomp2025_benchmarks/benchmarks/nn4sys/onnx/pensieve_big_parallel.onnx,/home/elipregerson/nnenum/vnncomp2025_benchmarks/benchmarks/nn4sys/vnnlib/pensieve_parallel_35.vnnlib,.005981574,error_exit_code_1,.553131607
nn4sys,/home/elipregerson/nnenum/vnncomp2025_benchmarks/benchmarks/nn4sys/onnx/pensieve_big_parallel.onnx,/home/elipregerson/nnenum/vnncomp2025_benchmarks/benchmarks/nn4sys/vnnlib/pensieve_parallel_36.vnnlib,.006076790,error_exit_code_1,.551377810
nn4sys,/home/elipregerson/nnenum/vnncomp2025_benchmarks/benchmarks/nn4sys/onnx/pensieve_big_parallel.onnx,/home/elipregerson/nnenum/vnncomp2025_benchmarks/benchmarks/nn4sys/vnnlib/pensieve_parallel_37.vnnlib,.006106723,error_exit_code_1,.547978004
nn4sys,/home/elipregerson/nnenum/vnncomp2025_benchmarks/benchmarks/nn4sys/onnx/pensieve_big_parallel.onnx,/home/elipregerson/nnenum/vnncomp2025_benchmarks/benchmarks/nn4sys/vnnlib/pensieve_parallel_38.vnnlib,.006045618,error_exit_code_1,.551287311
nn4sys,/home/elipregerson/nnenum/vnncomp2025_benchmarks/benchmarks/nn4sys/onnx/pensieve_big_parallel.onnx,/home/elipregerson/nnenum/vnncomp2025_benchmarks/benchmarks/nn4sys/vnnlib/pensieve_parallel_39.vnnlib,.006159376,error_exit_code_1,.543249903
nn4sys,/home/elipregerson/nnenum/vnncomp2025_benchmarks/benchmarks/nn4sys/onnx/pensieve_big_parallel.onnx,/home/elipregerson/nnenum/vnncomp2025_benchmarks/benchmarks/nn4sys/vnnlib/pensieve_parallel_40.vnnlib,.006091441,error_exit_code_1,.555164285
nn4sys,/home/elipregerson/nnenum/vnncomp2025_benchmarks/benchmarks/nn4sys/onnx/pensieve_big_parallel.onnx,/home/elipregerson/nnenum/vnncomp2025_benchmarks/benchmarks/nn4sys/vnnlib/pensieve_parallel_41.vnnlib,.006065897,error_exit_code_1,.539448128
nn4sys,/home/elipregerson/nnenum/vnncomp2025_benchmarks/benchmarks/nn4sys/onnx/pensieve_big_parallel.onnx,/home/elipregerson/nnenum/vnncomp2025_benchmarks/benchmarks/nn4sys/vnnlib/pensieve_parallel_42.vnnlib,.006136481,error_exit_code_1,.547145387
nn4sys,/home/elipregerson/nnenum/vnncomp2025_benchmarks/benchmarks/nn4sys/onnx/pensieve_big_parallel.onnx,/home/elipregerson/nnenum/vnncomp2025_benchmarks/benchmarks/nn4sys/vnnlib/pensieve_parallel_43.vnnlib,.005994712,error_exit_code_1,.551087598
nn4sys,/home/elipregerson/nnenum/vnncomp2025_benchmarks/benchmarks/nn4sys/onnx/pensieve_big_parallel.onnx,/home/elipregerson/nnenum/vnncomp2025_benchmarks/benchmarks/nn4sys/vnnlib/pensieve_parallel_44.vnnlib,.006093962,error_exit_code_1,.556916438
nn4sys,/home/elipregerson/nnenum/vnncomp2025_benchmarks/benchmarks/nn4sys/onnx/pensieve_big_parallel.onnx,/home/elipregerson/nnenum/vnncomp2025_benchmarks/benchmarks/nn4sys/vnnlib/pensieve_parallel_45.vnnlib,.005978185,error_exit_code_1,.549544455
nn4sys,/home/elipregerson/nnenum/vnncomp2025_benchmarks/benchmarks/nn4sys/onnx/pensieve_big_parallel.onnx,/home/elipregerson/nnenum/vnncomp2025_benchmarks/benchmarks/nn4sys/vnnlib/pensieve_parallel_46.vnnlib,.006089121,error_exit_code_1,.539372425
nn4sys,/home/elipregerson/nnenum/vnncomp2025_benchmarks/benchmarks/nn4sys/onnx/pensieve_big_parallel.onnx,/home/elipregerson/nnenum/vnncomp2025_benchmarks/benchmarks/nn4sys/vnnlib/pensieve_parallel_47.vnnlib,.006169110,error_exit_code_1,.547963148
nn4sys,/home/elipregerson/nnenum/vnncomp2025_benchmarks/benchmarks/nn4sys/onnx/pensieve_big_parallel.onnx,/home/elipregerson/nnenum/vnncomp2025_benchmarks/benchmarks/nn4sys/vnnlib/pensieve_parallel_48.vnnlib,.005944882,error_exit_code_1,.544018038
nn4sys,/home/elipregerson/nnenum/vnncomp2025_benchmarks/benchmarks/nn4sys/onnx/pensieve_big_parallel.onnx,/home/elipregerson/nnenum/vnncomp2025_benchmarks/benchmarks/nn4sys/vnnlib/pensieve_parallel_49.vnnlib,.005996290,error_exit_code_1,.548321530
nn4sys,/home/elipregerson/nnenum/vnncomp2025_benchmarks/benchmarks/nn4sys/onnx/pensieve_big_parallel.onnx,/home/elipregerson/nnenum/vnncomp2025_benchmarks/benchmarks/nn4sys/vnnlib/pensieve_parallel_50.vnnlib,.006127408,error_exit_code_1,.549847473
nn4sys,/home/elipregerson/nnenum/vnncomp2025_benchmarks/benchmarks/nn4sys/onnx/pensieve_big_parallel.onnx,/home/elipregerson/nnenum/vnncomp2025_benchmarks/benchmarks/nn4sys/vnnlib/pensieve_parallel_51.vnnlib,.006060255,error_exit_code_1,.539790343
nn4sys,/home/elipregerson/nnenum/vnncomp2025_benchmarks/benchmarks/nn4sys/onnx/pensieve_big_parallel.onnx,/home/elipregerson/nnenum/vnncomp2025_benchmarks/benchmarks/nn4sys/vnnlib/pensieve_parallel_52.vnnlib,.006099338,error_exit_code_1,.544240541
nn4sys,/home/elipregerson/nnenum/vnncomp2025_benchmarks/benchmarks/nn4sys/onnx/pensieve_big_parallel.onnx,/home/elipregerson/nnenum/vnncomp2025_benchmarks/benchmarks/nn4sys/vnnlib/pensieve_parallel_53.vnnlib,.006032556,error_exit_code_1,.549643445
nn4sys,/home/elipregerson/nnenum/vnncomp2025_benchmarks/benchmarks/nn4sys/onnx/pensieve_big_parallel.onnx,/home/elipregerson/nnenum/vnncomp2025_benchmarks/benchmarks/nn4sys/vnnlib/pensieve_parallel_54.vnnlib,.005990442,error_exit_code_1,.547815554
nn4sys,/home/elipregerson/nnenum/vnncomp2025_benchmarks/benchmarks/nn4sys/onnx/pensieve_big_parallel.onnx,/home/elipregerson/nnenum/vnncomp2025_benchmarks/benchmarks/nn4sys/vnnlib/pensieve_parallel_55.vnnlib,.005967810,error_exit_code_1,.547235846
nn4sys,/home/elipregerson/nnenum/vnncomp2025_benchmarks/benchmarks/nn4sys/onnx/pensieve_big_parallel.onnx,/home/elipregerson/nnenum/vnncomp2025_benchmarks/benchmarks/nn4sys/vnnlib/pensieve_parallel_56.vnnlib,.006033073,error_exit_code_1,.553516206
nn4sys,/home/elipregerson/nnenum/vnncomp2025_benchmarks/benchmarks/nn4sys/onnx/pensieve_big_parallel.onnx,/home/elipregerson/nnenum/vnncomp2025_benchmarks/benchmarks/nn4sys/vnnlib/pensieve_parallel_57.vnnlib,.005841076,error_exit_code_1,.558635891
nn4sys,/home/elipregerson/nnenum/vnncomp2025_benchmarks/benchmarks/nn4sys/onnx/pensieve_big_parallel.onnx,/home/elipregerson/nnenum/vnncomp2025_benchmarks/benchmarks/nn4sys/vnnlib/pensieve_parallel_58.vnnlib,.005998067,error_exit_code_1,.540989328
nn4sys,/home/elipregerson/nnenum/vnncomp2025_benchmarks/benchmarks/nn4sys/onnx/pensieve_big_parallel.onnx,/home/elipregerson/nnenum/vnncomp2025_benchmarks/benchmarks/nn4sys/vnnlib/pensieve_parallel_59.vnnlib,.006082455,error_exit_code_1,.548151572
nn4sys,/home/elipregerson/nnenum/vnncomp2025_benchmarks/benchmarks/nn4sys/onnx/pensieve_big_parallel.onnx,/home/elipregerson/nnenum/vnncomp2025_benchmarks/benchmarks/nn4sys/vnnlib/pensieve_parallel_60.vnnlib,.005854495,error_exit_code_1,.550537848
nn4sys,/home/elipregerson/nnenum/vnncomp2025_benchmarks/benchmarks/nn4sys/onnx/pensieve_big_parallel.onnx,/home/elipregerson/nnenum/vnncomp2025_benchmarks/benchmarks/nn4sys/vnnlib/pensieve_parallel_61.vnnlib,.006023547,error_exit_code_1,.545224039
nn4sys,/home/elipregerson/nnenum/vnncomp2025_benchmarks/benchmarks/nn4sys/onnx/pensieve_big_parallel.onnx,/home/elipregerson/nnenum/vnncomp2025_benchmarks/benchmarks/nn4sys/vnnlib/pensieve_parallel_62.vnnlib,.006013045,error_exit_code_1,.547127641
nn4sys,/home/elipregerson/nnenum/vnncomp2025_benchmarks/benchmarks/nn4sys/onnx/pensieve_big_parallel.onnx,/home/elipregerson/nnenum/vnncomp2025_benchmarks/benchmarks/nn4sys/vnnlib/pensieve_parallel_63.vnnlib,.005977702,error_exit_code_1,.537755493
nn4sys,/home/elipregerson/nnenum/vnncomp2025_benchmarks/benchmarks/nn4sys/onnx/pensieve_big_parallel.onnx,/home/elipregerson/nnenum/vnncomp2025_benchmarks/benchmarks/nn4sys/vnnlib/pensieve_parallel_64.vnnlib,.005843361,error_exit_code_1,.542508083
nn4sys,/home/elipregerson/nnenum/vnncomp2025_benchmarks/benchmarks/nn4sys/onnx/pensieve_big_parallel.onnx,/home/elipregerson/nnenum/vnncomp2025_benchmarks/benchmarks/nn4sys/vnnlib/pensieve_parallel_65.vnnlib,.006007010,error_exit_code_1,.545561312
nn4sys,/home/elipregerson/nnenum/vnncomp2025_benchmarks/benchmarks/nn4sys/onnx/pensieve_big_parallel.onnx,/home/elipregerson/nnenum/vnncomp2025_benchmarks/benchmarks/nn4sys/vnnlib/pensieve_parallel_66.vnnlib,.006058664,error_exit_code_1,.550788312
nn4sys,/home/elipregerson/nnenum/vnncomp2025_benchmarks/benchmarks/nn4sys/onnx/pensieve_big_parallel.onnx,/home/elipregerson/nnenum/vnncomp2025_benchmarks/benchmarks/nn4sys/vnnlib/pensieve_parallel_67.vnnlib,.006120350,error_exit_code_1,.543932842
nn4sys,/home/elipregerson/nnenum/vnncomp2025_benchmarks/benchmarks/nn4sys/onnx/pensieve_big_parallel.onnx,/home/elipregerson/nnenum/vnncomp2025_benchmarks/benchmarks/nn4sys/vnnlib/pensieve_parallel_68.vnnlib,.005916668,error_exit_code_1,.540327609
nn4sys,/home/elipregerson/nnenum/vnncomp2025_benchmarks/benchmarks/nn4sys/onnx/pensieve_big_parallel.onnx,/home/elipregerson/nnenum/vnncomp2025_benchmarks/benchmarks/nn4sys/vnnlib/pensieve_parallel_69.vnnlib,.005888652,error_exit_code_1,.559259965
nn4sys,/home/elipregerson/nnenum/vnncomp2025_benchmarks/benchmarks/nn4sys/onnx/pensieve_big_parallel.onnx,/home/elipregerson/nnenum/vnncomp2025_benchmarks/benchmarks/nn4sys/vnnlib/pensieve_parallel_70.vnnlib,.006136418,error_exit_code_1,.554289782
nn4sys,/home/elipregerson/nnenum/vnncomp2025_benchmarks/benchmarks/nn4sys/onnx/pensieve_big_parallel.onnx,/home/elipregerson/nnenum/vnncomp2025_benchmarks/benchmarks/nn4sys/vnnlib/pensieve_parallel_71.vnnlib,.006117999,error_exit_code_1,.547368852
nn4sys,/home/elipregerson/nnenum/vnncomp2025_benchmarks/benchmarks/nn4sys/onnx/pensieve_big_parallel.onnx,/home/elipregerson/nnenum/vnncomp2025_benchmarks/benchmarks/nn4sys/vnnlib/pensieve_parallel_72.vnnlib,.006032803,error_exit_code_1,.550066172
nn4sys,/home/elipregerson/nnenum/vnncomp2025_benchmarks/benchmarks/nn4sys/onnx/pensieve_big_parallel.onnx,/home/elipregerson/nnenum/vnncomp2025_benchmarks/benchmarks/nn4sys/vnnlib/pensieve_parallel_73.vnnlib,.006095738,error_exit_code_1,.550713173
nn4sys,/home/elipregerson/nnenum/vnncomp2025_benchmarks/benchmarks/nn4sys/onnx/pensieve_big_parallel.onnx,/home/elipregerson/nnenum/vnncomp2025_benchmarks/benchmarks/nn4sys/vnnlib/pensieve_parallel_74.vnnlib,.006131212,error_exit_code_1,.550183300
nn4sys,/home/elipregerson/nnenum/vnncomp2025_benchmarks/benchmarks/nn4sys/onnx/pensieve_big_parallel.onnx,/home/elipregerson/nnenum/vnncomp2025_benchmarks/benchmarks/nn4sys/vnnlib/pensieve_parallel_75.vnnlib,.006151491,error_exit_code_1,.549167383
nn4sys,/home/elipregerson/nnenum/vnncomp2025_benchmarks/benchmarks/nn4sys/onnx/pensieve_big_parallel.onnx,/home/elipregerson/nnenum/vnncomp2025_benchmarks/benchmarks/nn4sys/vnnlib/pensieve_parallel_76.vnnlib,.006115630,error_exit_code_1,.544091022
nn4sys,/home/elipregerson/nnenum/vnncomp2025_benchmarks/benchmarks/nn4sys/onnx/pensieve_big_parallel.onnx,/home/elipregerson/nnenum/vnncomp2025_benchmarks/benchmarks/nn4sys/vnnlib/pensieve_parallel_77.vnnlib,.006067412,error_exit_code_1,.550990861
nn4sys,/home/elipregerson/nnenum/vnncomp2025_benchmarks/benchmarks/nn4sys/onnx/pensieve_big_parallel.onnx,/home/elipregerson/nnenum/vnncomp2025_benchmarks/benchmarks/nn4sys/vnnlib/pensieve_parallel_78.vnnlib,.006088308,error_exit_code_1,.554320892
nn4sys,/home/elipregerson/nnenum/vnncomp2025_benchmarks/benchmarks/nn4sys/onnx/pensieve_big_parallel.onnx,/home/elipregerson/nnenum/vnncomp2025_benchmarks/benchmarks/nn4sys/vnnlib/pensieve_parallel_79.vnnlib,.005949015,error_exit_code_1,.542075765
nn4sys,/home/elipregerson/nnenum/vnncomp2025_benchmarks/benchmarks/nn4sys/onnx/pensieve_big_parallel.onnx,/home/elipregerson/nnenum/vnncomp2025_benchmarks/benchmarks/nn4sys/vnnlib/pensieve_parallel_80.vnnlib,.005959084,error_exit_code_1,.549758898
nn4sys,/home/elipregerson/nnenum/vnncomp2025_benchmarks/benchmarks/nn4sys/onnx/pensieve_big_parallel.onnx,/home/elipregerson/nnenum/vnncomp2025_benchmarks/benchmarks/nn4sys/vnnlib/pensieve_parallel_81.vnnlib,.006135374,error_exit_code_1,.541957212
nn4sys,/home/elipregerson/nnenum/vnncomp2025_benchmarks/benchmarks/nn4sys/onnx/pensieve_big_parallel.onnx,/home/elipregerson/nnenum/vnncomp2025_benchmarks/benchmarks/nn4sys/vnnlib/pensieve_parallel_82.vnnlib,.005922375,error_exit_code_1,.551118440
nn4sys,/home/elipregerson/nnenum/vnncomp2025_benchmarks/benchmarks/nn4sys/onnx/pensieve_big_parallel.onnx,/home/elipregerson/nnenum/vnncomp2025_benchmarks/benchmarks/nn4sys/vnnlib/pensieve_parallel_83.vnnlib,.006062700,error_exit_code_1,.551458756
nn4sys,/home/elipregerson/nnenum/vnncomp2025_benchmarks/benchmarks/nn4sys/onnx/pensieve_big_parallel.onnx,/home/elipregerson/nnenum/vnncomp2025_benchmarks/benchmarks/nn4sys/vnnlib/pensieve_parallel_84.vnnlib,.006050428,error_exit_code_1,.546637883
nn4sys,/home/elipregerson/nnenum/vnncomp2025_benchmarks/benchmarks/nn4sys/onnx/pensieve_big_parallel.onnx,/home/elipregerson/nnenum/vnncomp2025_benchmarks/benchmarks/nn4sys/vnnlib/pensieve_parallel_85.vnnlib,.006122377,error_exit_code_1,.548401583
nn4sys,/home/elipregerson/nnenum/vnncomp2025_benchmarks/benchmarks/nn4sys/onnx/pensieve_big_parallel.onnx,/home/elipregerson/nnenum/vnncomp2025_benchmarks/benchmarks/nn4sys/vnnlib/pensieve_parallel_86.vnnlib,.006137022,error_exit_code_1,.547497074
nn4sys,/home/elipregerson/nnenum/vnncomp2025_benchmarks/benchmarks/nn4sys/onnx/pensieve_big_parallel.onnx,/home/elipregerson/nnenum/vnncomp2025_benchmarks/benchmarks/nn4sys/vnnlib/pensieve_parallel_87.vnnlib,.006207965,error_exit_code_1,.549688451
nn4sys,/home/elipregerson/nnenum/vnncomp2025_benchmarks/benchmarks/nn4sys/onnx/pensieve_big_parallel.onnx,/home/elipregerson/nnenum/vnncomp2025_benchmarks/benchmarks/nn4sys/vnnlib/pensieve_parallel_88.vnnlib,.005936900,error_exit_code_1,.559277345
nn4sys,/home/elipregerson/nnenum/vnncomp2025_benchmarks/benchmarks/nn4sys/onnx/pensieve_big_parallel.onnx,/home/elipregerson/nnenum/vnncomp2025_benchmarks/benchmarks/nn4sys/vnnlib/pensieve_parallel_89.vnnlib,.005990128,error_exit_code_1,.550087772
nn4sys,/home/elipregerson/nnenum/vnncomp2025_benchmarks/benchmarks/nn4sys/onnx/pensieve_big_parallel.onnx,/home/elipregerson/nnenum/vnncomp2025_benchmarks/benchmarks/nn4sys/vnnlib/pensieve_parallel_90.vnnlib,.005965080,error_exit_code_1,.538813318
nn4sys,/home/elipregerson/nnenum/vnncomp2025_benchmarks/benchmarks/nn4sys/onnx/pensieve_big_parallel.onnx,/home/elipregerson/nnenum/vnncomp2025_benchmarks/benchmarks/nn4sys/vnnlib/pensieve_parallel_91.vnnlib,.005874625,error_exit_code_1,.548650022
nn4sys,/home/elipregerson/nnenum/vnncomp2025_benchmarks/benchmarks/nn4sys/onnx/pensieve_big_parallel.onnx,/home/elipregerson/nnenum/vnncomp2025_benchmarks/benchmarks/nn4sys/vnnlib/pensieve_parallel_92.vnnlib,.006046137,error_exit_code_1,.547017577
nn4sys,/home/elipregerson/nnenum/vnncomp2025_benchmarks/benchmarks/nn4sys/onnx/pensieve_big_parallel.onnx,/home/elipregerson/nnenum/vnncomp2025_benchmarks/benchmarks/nn4sys/vnnlib/pensieve_parallel_93.vnnlib,.005865197,error_exit_code_1,.545264713
nn4sys,/home/elipregerson/nnenum/vnncomp2025_benchmarks/benchmarks/nn4sys/onnx/pensieve_big_parallel.onnx,/home/elipregerson/nnenum/vnncomp2025_benchmarks/benchmarks/nn4sys/vnnlib/pensieve_parallel_94.vnnlib,.006047500,error_exit_code_1,.544763931
nn4sys,/home/elipregerson/nnenum/vnncomp2025_benchmarks/benchmarks/nn4sys/onnx/pensieve_big_parallel.onnx,/home/elipregerson/nnenum/vnncomp2025_benchmarks/benchmarks/nn4sys/vnnlib/pensieve_parallel_95.vnnlib,.006011168,error_exit_code_1,.556043114
nn4sys,/home/elipregerson/nnenum/vnncomp2025_benchmarks/benchmarks/nn4sys/onnx/pensieve_big_parallel.onnx,/home/elipregerson/nnenum/vnncomp2025_benchmarks/benchmarks/nn4sys/vnnlib/pensieve_parallel_96.vnnlib,.006099098,error_exit_code_1,.548889415
nn4sys,/home/elipregerson/nnenum/vnncomp2025_benchmarks/benchmarks/nn4sys/onnx/pensieve_big_parallel.onnx,/home/elipregerson/nnenum/vnncomp2025_benchmarks/benchmarks/nn4sys/vnnlib/pensieve_parallel_97.vnnlib,.006063356,error_exit_code_1,.548953188
nn4sys,/home/elipregerson/nnenum/vnncomp2025_benchmarks/benchmarks/nn4sys/onnx/pensieve_big_parallel.onnx,/home/elipregerson/nnenum/vnncomp2025_benchmarks/benchmarks/nn4sys/vnnlib/pensieve_parallel_98.vnnlib,.006010646,error_exit_code_1,.550943236
nn4sys,/home/elipregerson/nnenum/vnncomp2025_benchmarks/benchmarks/nn4sys/onnx/pensieve_big_parallel.onnx,/home/elipregerson/nnenum/vnncomp2025_benchmarks/benchmarks/nn4sys/vnnlib/pensieve_parallel_99.vnnlib,.006112587,error_exit_code_1,.542661983
nn4sys,/home/elipregerson/nnenum/vnncomp2025_benchmarks/benchmarks/nn4sys/onnx/pensieve_big_parallel.onnx,/home/elipregerson/nnenum/vnncomp2025_benchmarks/benchmarks/nn4sys/vnnlib/pensieve_parallel_100.vnnlib,.006006028,error_exit_code_1,.540466111
nn4sys,/home/elipregerson/nnenum/vnncomp2025_benchmarks/benchmarks/nn4sys/onnx/pensieve_big_parallel.onnx,/home/elipregerson/nnenum/vnncomp2025_benchmarks/benchmarks/nn4sys/vnnlib/pensieve_parallel_101.vnnlib,.006049230,error_exit_code_1,.549785724
nn4sys,/home/elipregerson/nnenum/vnncomp2025_benchmarks/benchmarks/nn4sys/onnx/pensieve_big_parallel.onnx,/home/elipregerson/nnenum/vnncomp2025_benchmarks/benchmarks/nn4sys/vnnlib/pensieve_parallel_102.vnnlib,.005979801,error_exit_code_1,.547188010
nn4sys,/home/elipregerson/nnenum/vnncomp2025_benchmarks/benchmarks/nn4sys/onnx/pensieve_big_parallel.onnx,/home/elipregerson/nnenum/vnncomp2025_benchmarks/benchmarks/nn4sys/vnnlib/pensieve_parallel_103.vnnlib,.006242032,error_exit_code_1,.551406846
nn4sys,/home/elipregerson/nnenum/vnncomp2025_benchmarks/benchmarks/nn4sys/onnx/pensieve_big_parallel.onnx,/home/elipregerson/nnenum/vnncomp2025_benchmarks/benchmarks/nn4sys/vnnlib/pensieve_parallel_104.vnnlib,.006030911,error_exit_code_1,.548687936
nn4sys,/home/elipregerson/nnenum/vnncomp2025_benchmarks/benchmarks/nn4sys/onnx/lindex.onnx,/home/elipregerson/nnenum/vnncomp2025_benchmarks/benchmarks/nn4sys/vnnlib/lindex_1.vnnlib,.006028105,error_exit_code_1,.522085388
nn4sys,/home/elipregerson/nnenum/vnncomp2025_benchmarks/benchmarks/nn4sys/onnx/lindex_deep.onnx,/home/elipregerson/nnenum/vnncomp2025_benchmarks/benchmarks/nn4sys/vnnlib/lindex_1.vnnlib,.006165194,error_exit_code_1,.521675261
nn4sys,/home/elipregerson/nnenum/vnncomp2025_benchmarks/benchmarks/nn4sys/onnx/lindex.onnx,/home/elipregerson/nnenum/vnncomp2025_benchmarks/benchmarks/nn4sys/vnnlib/lindex_200.vnnlib,.006240565,error_exit_code_1,.532876488
nn4sys,/home/elipregerson/nnenum/vnncomp2025_benchmarks/benchmarks/nn4sys/onnx/lindex_deep.onnx,/home/elipregerson/nnenum/vnncomp2025_benchmarks/benchmarks/nn4sys/vnnlib/lindex_200.vnnlib,.006277971,error_exit_code_1,.538808824
nn4sys,/home/elipregerson/nnenum/vnncomp2025_benchmarks/benchmarks/nn4sys/onnx/lindex.onnx,/home/elipregerson/nnenum/vnncomp2025_benchmarks/benchmarks/nn4sys/vnnlib/lindex_400.vnnlib,.006212308,error_exit_code_1,.525667915
nn4sys,/home/elipregerson/nnenum/vnncomp2025_benchmarks/benchmarks/nn4sys/onnx/lindex_deep.onnx,/home/elipregerson/nnenum/vnncomp2025_benchmarks/benchmarks/nn4sys/vnnlib/lindex_400.vnnlib,.005895980,error_exit_code_1,.529199775
nn4sys,/home/elipregerson/nnenum/vnncomp2025_benchmarks/benchmarks/nn4sys/onnx/lindex.onnx,/home/elipregerson/nnenum/vnncomp2025_benchmarks/benchmarks/nn4sys/vnnlib/lindex_600.vnnlib,.005944591,error_exit_code_1,.533924178
nn4sys,/home/elipregerson/nnenum/vnncomp2025_benchmarks/benchmarks/nn4sys/onnx/lindex_deep.onnx,/home/elipregerson/nnenum/vnncomp2025_benchmarks/benchmarks/nn4sys/vnnlib/lindex_600.vnnlib,.006023039,error_exit_code_1,.536687548
nn4sys,/home/elipregerson/nnenum/vnncomp2025_benchmarks/benchmarks/nn4sys/onnx/lindex.onnx,/home/elipregerson/nnenum/vnncomp2025_benchmarks/benchmarks/nn4sys/vnnlib/lindex_800.vnnlib,.005909102,error_exit_code_1,.534717485
nn4sys,/home/elipregerson/nnenum/vnncomp2025_benchmarks/benchmarks/nn4sys/onnx/lindex_deep.onnx,/home/elipregerson/nnenum/vnncomp2025_benchmarks/benchmarks/nn4sys/vnnlib/lindex_800.vnnlib,.006034131,error_exit_code_1,.547115199
nn4sys,/home/elipregerson/nnenum/vnncomp2025_benchmarks/benchmarks/nn4sys/onnx/lindex.onnx,/home/elipregerson/nnenum/vnncomp2025_benchmarks/benchmarks/nn4sys/vnnlib/lindex_1000.vnnlib,.006038931,error_exit_code_1,.545708778
nn4sys,/home/elipregerson/nnenum/vnncomp2025_benchmarks/benchmarks/nn4sys/onnx/lindex_deep.onnx,/home/elipregerson/nnenum/vnncomp2025_benchmarks/benchmarks/nn4sys/vnnlib/lindex_1000.vnnlib,.005999593,error_exit_code_1,.544383098
nn4sys,/home/elipregerson/nnenum/vnncomp2025_benchmarks/benchmarks/nn4sys/onnx/lindex.onnx,/home/elipregerson/nnenum/vnncomp2025_benchmarks/benchmarks/nn4sys/vnnlib/lindex_3000.vnnlib,.006042317,error_exit_code_1,.625489562
nn4sys,/home/elipregerson/nnenum/vnncomp2025_benchmarks/benchmarks/nn4sys/onnx/lindex_deep.onnx,/home/elipregerson/nnenum/vnncomp2025_benchmarks/benchmarks/nn4sys/vnnlib/lindex_3000.vnnlib,.005953353,error_exit_code_1,.622024490
nn4sys,/home/elipregerson/nnenum/vnncomp2025_benchmarks/benchmarks/nn4sys/onnx/lindex.onnx,/home/elipregerson/nnenum/vnncomp2025_benchmarks/benchmarks/nn4sys/vnnlib/lindex_5000.vnnlib,.006025863,error_exit_code_1,.702514776
nn4sys,/home/elipregerson/nnenum/vnncomp2025_benchmarks/benchmarks/nn4sys/onnx/lindex_deep.onnx,/home/elipregerson/nnenum/vnncomp2025_benchmarks/benchmarks/nn4sys/vnnlib/lindex_5000.vnnlib,.006380911,error_exit_code_1,.712968478
nn4sys,/home/elipregerson/nnenum/vnncomp2025_benchmarks/benchmarks/nn4sys/onnx/lindex.onnx,/home/elipregerson/nnenum/vnncomp2025_benchmarks/benchmarks/nn4sys/vnnlib/lindex_7000.vnnlib,.006063079,error_exit_code_1,.761039814
nn4sys,/home/elipregerson/nnenum/vnncomp2025_benchmarks/benchmarks/nn4sys/onnx/lindex_deep.onnx,/home/elipregerson/nnenum/vnncomp2025_benchmarks/benchmarks/nn4sys/vnnlib/lindex_7000.vnnlib,.006043968,error_exit_code_1,.760262332
nn4sys,/home/elipregerson/nnenum/vnncomp2025_benchmarks/benchmarks/nn4sys/onnx/lindex.onnx,/home/elipregerson/nnenum/vnncomp2025_benchmarks/benchmarks/nn4sys/vnnlib/lindex_9000.vnnlib,.005995957,error_exit_code_1,.853680417
nn4sys,/home/elipregerson/nnenum/vnncomp2025_benchmarks/benchmarks/nn4sys/onnx/lindex_deep.onnx,/home/elipregerson/nnenum/vnncomp2025_benchmarks/benchmarks/nn4sys/vnnlib/lindex_9000.vnnlib,.005975557,error_exit_code_1,.858038000
nn4sys,/home/elipregerson/nnenum/vnncomp2025_benchmarks/benchmarks/nn4sys/onnx/lindex.onnx,/home/elipregerson/nnenum/vnncomp2025_benchmarks/benchmarks/nn4sys/vnnlib/lindex_10000.vnnlib,.006104651,error_exit_code_1,.880748886
nn4sys,/home/elipregerson/nnenum/vnncomp2025_benchmarks/benchmarks/nn4sys/onnx/lindex_deep.onnx,/home/elipregerson/nnenum/vnncomp2025_benchmarks/benchmarks/nn4sys/vnnlib/lindex_10000.vnnlib,.006218255,error_exit_code_1,.882429622
nn4sys,/home/elipregerson/nnenum/vnncomp2025_benchmarks/benchmarks/nn4sys/onnx/lindex.onnx,/home/elipregerson/nnenum/vnncomp2025_benchmarks/benchmarks/nn4sys/vnnlib/lindex_60000.vnnlib,.005930759,error_exit_code_1,2.838946772
nn4sys,/home/elipregerson/nnenum/vnncomp2025_benchmarks/benchmarks/nn4sys/onnx/lindex_deep.onnx,/home/elipregerson/nnenum/vnncomp2025_benchmarks/benchmarks/nn4sys/vnnlib/lindex_60000.vnnlib,.005935296,error_exit_code_1,2.852538222
nn4sys,/home/elipregerson/nnenum/vnncomp2025_benchmarks/benchmarks/nn4sys/onnx/mscn_128d.onnx,/home/elipregerson/nnenum/vnncomp2025_benchmarks/benchmarks/nn4sys/vnnlib/cardinality_0_1_128.vnnlib,.006001543,error_exit_code_1,.527055703
nn4sys,/home/elipregerson/nnenum/vnncomp2025_benchmarks/benchmarks/nn4sys/onnx/mscn_128d.onnx,/home/elipregerson/nnenum/vnncomp2025_benchmarks/benchmarks/nn4sys/vnnlib/cardinality_0_500_128.vnnlib,.005901308,error_exit_code_1,1.269330497
nn4sys,/home/elipregerson/nnenum/vnncomp2025_benchmarks/benchmarks/nn4sys/onnx/mscn_128d.onnx,/home/elipregerson/nnenum/vnncomp2025_benchmarks/benchmarks/nn4sys/vnnlib/cardinality_0_750_128.vnnlib,.006005119,error_exit_code_1,1.633934164
nn4sys,/home/elipregerson/nnenum/vnncomp2025_benchmarks/benchmarks/nn4sys/onnx/mscn_128d.onnx,/home/elipregerson/nnenum/vnncomp2025_benchmarks/benchmarks/nn4sys/vnnlib/cardinality_0_1000_128.vnnlib,.005966786,error_exit_code_1,1.981219577
nn4sys,/home/elipregerson/nnenum/vnncomp2025_benchmarks/benchmarks/nn4sys/onnx/mscn_128d.onnx,/home/elipregerson/nnenum/vnncomp2025_benchmarks/benchmarks/nn4sys/vnnlib/cardinality_0_2120_128.vnnlib,.005931986,error_exit_code_1,3.672648663
nn4sys,/home/elipregerson/nnenum/vnncomp2025_benchmarks/benchmarks/nn4sys/onnx/mscn_128d.onnx,/home/elipregerson/nnenum/vnncomp2025_benchmarks/benchmarks/nn4sys/vnnlib/cardinality_0_2680_128.vnnlib,.005983494,error_exit_code_1,4.516836610
nn4sys,/home/elipregerson/nnenum/vnncomp2025_benchmarks/benchmarks/nn4sys/onnx/mscn_128d.onnx,/home/elipregerson/nnenum/vnncomp2025_benchmarks/benchmarks/nn4sys/vnnlib/cardinality_0_3240_128.vnnlib,.006057472,error_exit_code_1,5.448409625
nn4sys,/home/elipregerson/nnenum/vnncomp2025_benchmarks/benchmarks/nn4sys/onnx/mscn_128d.onnx,/home/elipregerson/nnenum/vnncomp2025_benchmarks/benchmarks/nn4sys/vnnlib/cardinality_0_3800_128.vnnlib,.006005903,error_exit_code_1,6.186456040
nn4sys,/home/elipregerson/nnenum/vnncomp2025_benchmarks/benchmarks/nn4sys/onnx/mscn_128d_dual.onnx,/home/elipregerson/nnenum/vnncomp2025_benchmarks/benchmarks/nn4sys/vnnlib/cardinality_1_1_128_dual.vnnlib,.005984585,error_exit_code_1,.532898240
nn4sys,/home/elipregerson/nnenum/vnncomp2025_benchmarks/benchmarks/nn4sys/onnx/mscn_128d_dual.onnx,/home/elipregerson/nnenum/vnncomp2025_benchmarks/benchmarks/nn4sys/vnnlib/cardinality_1_240_128_dual.vnnlib,.005945861,error_exit_code_1,.871375485
nn4sys,/home/elipregerson/nnenum/vnncomp2025_benchmarks/benchmarks/nn4sys/onnx/mscn_128d_dual.onnx,/home/elipregerson/nnenum/vnncomp2025_benchmarks/benchmarks/nn4sys/vnnlib/cardinality_1_360_128_dual.vnnlib,.005940240,error_exit_code_1,1.051405734
nn4sys,/home/elipregerson/nnenum/vnncomp2025_benchmarks/benchmarks/nn4sys/onnx/mscn_128d_dual.onnx,/home/elipregerson/nnenum/vnncomp2025_benchmarks/benchmarks/nn4sys/vnnlib/cardinality_1_480_128_dual.vnnlib,.005945375,error_exit_code_1,1.237457241
nn4sys,/home/elipregerson/nnenum/vnncomp2025_benchmarks/benchmarks/nn4sys/onnx/mscn_128d_dual.onnx,/home/elipregerson/nnenum/vnncomp2025_benchmarks/benchmarks/nn4sys/vnnlib/cardinality_1_600_128_dual.vnnlib,.006134988,error_exit_code_1,1.401543773
nn4sys,/home/elipregerson/nnenum/vnncomp2025_benchmarks/benchmarks/nn4sys/onnx/mscn_128d_dual.onnx,/home/elipregerson/nnenum/vnncomp2025_benchmarks/benchmarks/nn4sys/vnnlib/cardinality_1_720_128_dual.vnnlib,.005967744,error_exit_code_1,1.552491099
nn4sys,/home/elipregerson/nnenum/vnncomp2025_benchmarks/benchmarks/nn4sys/onnx/mscn_128d_dual.onnx,/home/elipregerson/nnenum/vnncomp2025_benchmarks/benchmarks/nn4sys/vnnlib/cardinality_1_840_128_dual.vnnlib,.005902825,error_exit_code_1,1.754474572
nn4sys,/home/elipregerson/nnenum/vnncomp2025_benchmarks/benchmarks/nn4sys/onnx/mscn_128d_dual.onnx,/home/elipregerson/nnenum/vnncomp2025_benchmarks/benchmarks/nn4sys/vnnlib/cardinality_1_960_128_dual.vnnlib,.005977097,error_exit_code_1,1.919626817
nn4sys,/home/elipregerson/nnenum/vnncomp2025_benchmarks/benchmarks/nn4sys/onnx/mscn_128d_dual.onnx,/home/elipregerson/nnenum/vnncomp2025_benchmarks/benchmarks/nn4sys/vnnlib/cardinality_1_2260_128_dual.vnnlib,.005916547,error_exit_code_1,3.889019545
nn4sys,/home/elipregerson/nnenum/vnncomp2025_benchmarks/benchmarks/nn4sys/onnx/mscn_128d_dual.onnx,/home/elipregerson/nnenum/vnncomp2025_benchmarks/benchmarks/nn4sys/vnnlib/cardinality_1_2890_128_dual.vnnlib,.006014223,error_exit_code_1,4.834244563
nn4sys,/home/elipregerson/nnenum/vnncomp2025_benchmarks/benchmarks/nn4sys/onnx/mscn_128d_dual.onnx,/home/elipregerson/nnenum/vnncomp2025_benchmarks/benchmarks/nn4sys/vnnlib/cardinality_1_3520_128_dual.vnnlib,.005969534,error_exit_code_1,5.853364050
nn4sys,/home/elipregerson/nnenum/vnncomp2025_benchmarks/benchmarks/nn4sys/onnx/mscn_128d_dual.onnx,/home/elipregerson/nnenum/vnncomp2025_benchmarks/benchmarks/nn4sys/vnnlib/cardinality_1_4150_128_dual.vnnlib,.005945348,error_exit_code_1,6.870610887
nn4sys,/home/elipregerson/nnenum/vnncomp2025_benchmarks/benchmarks/nn4sys/onnx/mscn_128d_dual.onnx,/home/elipregerson/nnenum/vnncomp2025_benchmarks/benchmarks/nn4sys/vnnlib/cardinality_1_4780_128_dual.vnnlib,.005930327,error_exit_code_1,7.781869219
nn4sys,/home/elipregerson/nnenum/vnncomp2025_benchmarks/benchmarks/nn4sys/onnx/mscn_128d_dual.onnx,/home/elipregerson/nnenum/vnncomp2025_benchmarks/benchmarks/nn4sys/vnnlib/cardinality_1_5410_128_dual.vnnlib,.006028527,error_exit_code_1,8.853009147
nn4sys,/home/elipregerson/nnenum/vnncomp2025_benchmarks/benchmarks/nn4sys/onnx/mscn_128d_dual.onnx,/home/elipregerson/nnenum/vnncomp2025_benchmarks/benchmarks/nn4sys/vnnlib/cardinality_1_6040_128_dual.vnnlib,.005985399,error_exit_code_1,9.745711684
nn4sys,/home/elipregerson/nnenum/vnncomp2025_benchmarks/benchmarks/nn4sys/onnx/mscn_128d_dual.onnx,/home/elipregerson/nnenum/vnncomp2025_benchmarks/benchmarks/nn4sys/vnnlib/cardinality_1_6670_128_dual.vnnlib,.005943829,error_exit_code_1,10.877814103
nn4sys,/home/elipregerson/nnenum/vnncomp2025_benchmarks/benchmarks/nn4sys/onnx/mscn_128d_dual.onnx,/home/elipregerson/nnenum/vnncomp2025_benchmarks/benchmarks/nn4sys/vnnlib/cardinality_1_7300_128_dual.vnnlib,.005855240,error_exit_code_1,11.745937859
nn4sys,/home/elipregerson/nnenum/vnncomp2025_benchmarks/benchmarks/nn4sys/onnx/mscn_128d_dual.onnx,/home/elipregerson/nnenum/vnncomp2025_benchmarks/benchmarks/nn4sys/vnnlib/cardinality_1_7930_128_dual.vnnlib,.005984315,error_exit_code_1,12.584956335
nn4sys,/home/elipregerson/nnenum/vnncomp2025_benchmarks/benchmarks/nn4sys/onnx/mscn_128d_dual.onnx,/home/elipregerson/nnenum/vnncomp2025_benchmarks/benchmarks/nn4sys/vnnlib/cardinality_1_8560_128_dual.vnnlib,.007282851,error_exit_code_1,13.730643461
nn4sys,/home/elipregerson/nnenum/vnncomp2025_benchmarks/benchmarks/nn4sys/onnx/mscn_128d_dual.onnx,/home/elipregerson/nnenum/vnncomp2025_benchmarks/benchmarks/nn4sys/vnnlib/cardinality_1_9190_128_dual.vnnlib,.006100094,error_exit_code_1,14.646893931
nn4sys,/home/elipregerson/nnenum/vnncomp2025_benchmarks/benchmarks/nn4sys/onnx/mscn_128d_dual.onnx,/home/elipregerson/nnenum/vnncomp2025_benchmarks/benchmarks/nn4sys/vnnlib/cardinality_1_9820_128_dual.vnnlib,.005994077,error_exit_code_1,15.503052249
nn4sys,/home/elipregerson/nnenum/vnncomp2025_benchmarks/benchmarks/nn4sys/onnx/mscn_128d_dual.onnx,/home/elipregerson/nnenum/vnncomp2025_benchmarks/benchmarks/nn4sys/vnnlib/cardinality_1_10450_128_dual.vnnlib,.005978207,error_exit_code_1,16.678645186
nn4sys,/home/elipregerson/nnenum/vnncomp2025_benchmarks/benchmarks/nn4sys/onnx/mscn_128d_dual.onnx,/home/elipregerson/nnenum/vnncomp2025_benchmarks/benchmarks/nn4sys/vnnlib/cardinality_1_11080_128_dual.vnnlib,.006035214,error_exit_code_1,17.605046580
nn4sys,/home/elipregerson/nnenum/vnncomp2025_benchmarks/benchmarks/nn4sys/onnx/mscn_2048d.onnx,/home/elipregerson/nnenum/vnncomp2025_benchmarks/benchmarks/nn4sys/vnnlib/cardinality_0_1_2048.vnnlib,.006046701,error_exit_code_1,1.888319865
nn4sys,/home/elipregerson/nnenum/vnncomp2025_benchmarks/benchmarks/nn4sys/onnx/mscn_2048d.onnx,/home/elipregerson/nnenum/vnncomp2025_benchmarks/benchmarks/nn4sys/vnnlib/cardinality_0_500_2048.vnnlib,.005949614,error_exit_code_1,2.610906464
nn4sys,/home/elipregerson/nnenum/vnncomp2025_benchmarks/benchmarks/nn4sys/onnx/mscn_2048d.onnx,/home/elipregerson/nnenum/vnncomp2025_benchmarks/benchmarks/nn4sys/vnnlib/cardinality_0_750_2048.vnnlib,.006140982,error_exit_code_1,2.967730308
nn4sys,/home/elipregerson/nnenum/vnncomp2025_benchmarks/benchmarks/nn4sys/onnx/mscn_2048d.onnx,/home/elipregerson/nnenum/vnncomp2025_benchmarks/benchmarks/nn4sys/vnnlib/cardinality_0_1000_2048.vnnlib,.006032019,error_exit_code_1,3.345525720
nn4sys,/home/elipregerson/nnenum/vnncomp2025_benchmarks/benchmarks/nn4sys/onnx/mscn_2048d.onnx,/home/elipregerson/nnenum/vnncomp2025_benchmarks/benchmarks/nn4sys/vnnlib/cardinality_0_2120_2048.vnnlib,.005902156,error_exit_code_1,4.889675748
nn4sys,/home/elipregerson/nnenum/vnncomp2025_benchmarks/benchmarks/nn4sys/onnx/mscn_2048d.onnx,/home/elipregerson/nnenum/vnncomp2025_benchmarks/benchmarks/nn4sys/vnnlib/cardinality_0_2680_2048.vnnlib,.006041439,error_exit_code_1,5.848231227
nn4sys,/home/elipregerson/nnenum/vnncomp2025_benchmarks/benchmarks/nn4sys/onnx/mscn_2048d.onnx,/home/elipregerson/nnenum/vnncomp2025_benchmarks/benchmarks/nn4sys/vnnlib/cardinality_0_3240_2048.vnnlib,.006065881,error_exit_code_1,6.605761026
nn4sys,/home/elipregerson/nnenum/vnncomp2025_benchmarks/benchmarks/nn4sys/onnx/mscn_2048d.onnx,/home/elipregerson/nnenum/vnncomp2025_benchmarks/benchmarks/nn4sys/vnnlib/cardinality_0_3800_2048.vnnlib,.006008306,error_exit_code_1,7.465813611
nn4sys,/home/elipregerson/nnenum/vnncomp2025_benchmarks/benchmarks/nn4sys/onnx/mscn_2048d.onnx,/home/elipregerson/nnenum/vnncomp2025_benchmarks/benchmarks/nn4sys/vnnlib/cardinality_0_4360_2048.vnnlib,.006087662,error_exit_code_1,8.348839545
nn4sys,/home/elipregerson/nnenum/vnncomp2025_benchmarks/benchmarks/nn4sys/onnx/mscn_2048d.onnx,/home/elipregerson/nnenum/vnncomp2025_benchmarks/benchmarks/nn4sys/vnnlib/cardinality_0_4920_2048.vnnlib,.005931604,error_exit_code_1,9.218635374
nn4sys,/home/elipregerson/nnenum/vnncomp2025_benchmarks/benchmarks/nn4sys/onnx/mscn_2048d.onnx,/home/elipregerson/nnenum/vnncomp2025_benchmarks/benchmarks/nn4sys/vnnlib/cardinality_0_5480_2048.vnnlib,.005968150,error_exit_code_1,10.214993235
nn4sys,/home/elipregerson/nnenum/vnncomp2025_benchmarks/benchmarks/nn4sys/onnx/mscn_2048d_dual.onnx,/home/elipregerson/nnenum/vnncomp2025_benchmarks/benchmarks/nn4sys/vnnlib/cardinality_1_1_2048_dual.vnnlib,.006043178,error_exit_code_1,2.875402767
nn4sys,/home/elipregerson/nnenum/vnncomp2025_benchmarks/benchmarks/nn4sys/onnx/mscn_2048d_dual.onnx,/home/elipregerson/nnenum/vnncomp2025_benchmarks/benchmarks/nn4sys/vnnlib/cardinality_1_240_2048_dual.vnnlib,.006114550,error_exit_code_1,3.246313312
nn4sys,/home/elipregerson/nnenum/vnncomp2025_benchmarks/benchmarks/nn4sys/onnx/mscn_2048d_dual.onnx,/home/elipregerson/nnenum/vnncomp2025_benchmarks/benchmarks/nn4sys/vnnlib/cardinality_1_360_2048_dual.vnnlib,.006186051,error_exit_code_1,3.393215710
nn4sys,/home/elipregerson/nnenum/vnncomp2025_benchmarks/benchmarks/nn4sys/onnx/mscn_2048d_dual.onnx,/home/elipregerson/nnenum/vnncomp2025_benchmarks/benchmarks/nn4sys/vnnlib/cardinality_1_480_2048_dual.vnnlib,.006153175,error_exit_code_1,3.499498735
nn4sys,/home/elipregerson/nnenum/vnncomp2025_benchmarks/benchmarks/nn4sys/onnx/mscn_2048d_dual.onnx,/home/elipregerson/nnenum/vnncomp2025_benchmarks/benchmarks/nn4sys/vnnlib/cardinality_1_600_2048_dual.vnnlib,.006141473,error_exit_code_1,3.699996718
nn4sys,/home/elipregerson/nnenum/vnncomp2025_benchmarks/benchmarks/nn4sys/onnx/mscn_2048d_dual.onnx,/home/elipregerson/nnenum/vnncomp2025_benchmarks/benchmarks/nn4sys/vnnlib/cardinality_1_720_2048_dual.vnnlib,.005938291,error_exit_code_1,3.863147718
nn4sys,/home/elipregerson/nnenum/vnncomp2025_benchmarks/benchmarks/nn4sys/onnx/mscn_2048d_dual.onnx,/home/elipregerson/nnenum/vnncomp2025_benchmarks/benchmarks/nn4sys/vnnlib/cardinality_1_840_2048_dual.vnnlib,.005935553,error_exit_code_1,4.060821858
nn4sys,/home/elipregerson/nnenum/vnncomp2025_benchmarks/benchmarks/nn4sys/onnx/mscn_2048d_dual.onnx,/home/elipregerson/nnenum/vnncomp2025_benchmarks/benchmarks/nn4sys/vnnlib/cardinality_1_960_2048_dual.vnnlib,.005964714,error_exit_code_1,4.208280058
nn4sys,/home/elipregerson/nnenum/vnncomp2025_benchmarks/benchmarks/nn4sys/onnx/mscn_2048d_dual.onnx,/home/elipregerson/nnenum/vnncomp2025_benchmarks/benchmarks/nn4sys/vnnlib/cardinality_1_2260_2048_dual.vnnlib,.006094404,error_exit_code_1,6.174078948
nn4sys,/home/elipregerson/nnenum/vnncomp2025_benchmarks/benchmarks/nn4sys/onnx/mscn_2048d_dual.onnx,/home/elipregerson/nnenum/vnncomp2025_benchmarks/benchmarks/nn4sys/vnnlib/cardinality_1_2890_2048_dual.vnnlib,.005878095,error_exit_code_1,7.111481889
nn4sys,/home/elipregerson/nnenum/vnncomp2025_benchmarks/benchmarks/nn4sys/onnx/mscn_2048d_dual.onnx,/home/elipregerson/nnenum/vnncomp2025_benchmarks/benchmarks/nn4sys/vnnlib/cardinality_1_3520_2048_dual.vnnlib,.005949083,error_exit_code_1,8.082231858
nn4sys,/home/elipregerson/nnenum/vnncomp2025_benchmarks/benchmarks/nn4sys/onnx/mscn_2048d_dual.onnx,/home/elipregerson/nnenum/vnncomp2025_benchmarks/benchmarks/nn4sys/vnnlib/cardinality_1_4150_2048_dual.vnnlib,.006055962,error_exit_code_1,9.129475264
nn4sys,/home/elipregerson/nnenum/vnncomp2025_benchmarks/benchmarks/nn4sys/onnx/mscn_2048d_dual.onnx,/home/elipregerson/nnenum/vnncomp2025_benchmarks/benchmarks/nn4sys/vnnlib/cardinality_1_4780_2048_dual.vnnlib,.006215078,error_exit_code_1,10.067681761
nn4sys,/home/elipregerson/nnenum/vnncomp2025_benchmarks/benchmarks/nn4sys/onnx/mscn_2048d_dual.onnx,/home/elipregerson/nnenum/vnncomp2025_benchmarks/benchmarks/nn4sys/vnnlib/cardinality_1_5410_2048_dual.vnnlib,.005859313,error_exit_code_1,11.039116421
nn4sys,/home/elipregerson/nnenum/vnncomp2025_benchmarks/benchmarks/nn4sys/onnx/mscn_2048d_dual.onnx,/home/elipregerson/nnenum/vnncomp2025_benchmarks/benchmarks/nn4sys/vnnlib/cardinality_1_6040_2048_dual.vnnlib,.005912330,error_exit_code_1,12.029677960
nn4sys,/home/elipregerson/nnenum/vnncomp2025_benchmarks/benchmarks/nn4sys/onnx/mscn_2048d_dual.onnx,/home/elipregerson/nnenum/vnncomp2025_benchmarks/benchmarks/nn4sys/vnnlib/cardinality_1_6670_2048_dual.vnnlib,.006070127,error_exit_code_1,13.078886906
nn4sys,/home/elipregerson/nnenum/vnncomp2025_benchmarks/benchmarks/nn4sys/onnx/mscn_2048d_dual.onnx,/home/elipregerson/nnenum/vnncomp2025_benchmarks/benchmarks/nn4sys/vnnlib/cardinality_1_7300_2048_dual.vnnlib,.006246062,error_exit_code_1,14.000460947
nn4sys,/home/elipregerson/nnenum/vnncomp2025_benchmarks/benchmarks/nn4sys/onnx/mscn_2048d_dual.onnx,/home/elipregerson/nnenum/vnncomp2025_benchmarks/benchmarks/nn4sys/vnnlib/cardinality_1_7930_2048_dual.vnnlib,.005990365,error_exit_code_1,14.976661737
nn4sys,/home/elipregerson/nnenum/vnncomp2025_benchmarks/benchmarks/nn4sys/onnx/mscn_2048d_dual.onnx,/home/elipregerson/nnenum/vnncomp2025_benchmarks/benchmarks/nn4sys/vnnlib/cardinality_1_8560_2048_dual.vnnlib,.005978061,error_exit_code_1,16.008119234
nn4sys,/home/elipregerson/nnenum/vnncomp2025_benchmarks/benchmarks/nn4sys/onnx/mscn_2048d_dual.onnx,/home/elipregerson/nnenum/vnncomp2025_benchmarks/benchmarks/nn4sys/vnnlib/cardinality_1_9190_2048_dual.vnnlib,.006056034,error_exit_code_1,16.995846015
nn4sys,/home/elipregerson/nnenum/vnncomp2025_benchmarks/benchmarks/nn4sys/onnx/mscn_2048d_dual.onnx,/home/elipregerson/nnenum/vnncomp2025_benchmarks/benchmarks/nn4sys/vnnlib/cardinality_1_9820_2048_dual.vnnlib,.006100143,error_exit_code_1,17.919325231
nn4sys,/home/elipregerson/nnenum/vnncomp2025_benchmarks/benchmarks/nn4sys/onnx/mscn_2048d_dual.onnx,/home/elipregerson/nnenum/vnncomp2025_benchmarks/benchmarks/nn4sys/vnnlib/cardinality_1_10450_2048_dual.vnnlib,.006104819,error_exit_code_1,18.956532584
nn4sys,/home/elipregerson/nnenum/vnncomp2025_benchmarks/benchmarks/nn4sys/onnx/mscn_2048d_dual.onnx,/home/elipregerson/nnenum/vnncomp2025_benchmarks/benchmarks/nn4sys/vnnlib/cardinality_1_11080_2048_dual.vnnlib,.006051106,error_exit_code_1,19.936043910
nn4sys,/home/elipregerson/nnenum/vnncomp2025_benchmarks/benchmarks/test/onnx/test_nano.onnx,/home/elipregerson/nnenum/vnncomp2025_benchmarks/benchmarks/test/vnnlib/test_nano.vnnlib,.006089340,error_exit_code_1,.520434218
relusplitter,/home/elipregerson/nnenum/vnncomp2025_benchmarks/benchmarks/relusplitter/onnx/mnist_fc_vnncomp2022_mnist-net_256x4.onnx,/home/elipregerson/nnenum/vnncomp2025_benchmarks/benchmarks/relusplitter/vnnlib/mnist_fc_vnncomp2022_prop_5_0.05.vnnlib,.006054274,timeout,30.785538026
relusplitter,/home/elipregerson/nnenum/vnncomp2025_benchmarks/benchmarks/relusplitter/onnx/mnist_fc_vnncomp2022_mnist-net_256x4_RSPLITTER_mnist_fc_vnncomp2022_prop_5_0.05.onnx,/home/elipregerson/nnenum/vnncomp2025_benchmarks/benchmarks/relusplitter/vnnlib/mnist_fc_vnncomp2022_prop_5_0.05.vnnlib,.006116819,timeout,90.767528753
relusplitter,/home/elipregerson/nnenum/vnncomp2025_benchmarks/benchmarks/relusplitter/onnx/mnist_fc_vnncomp2022_mnist-net_256x4.onnx,/home/elipregerson/nnenum/vnncomp2025_benchmarks/benchmarks/relusplitter/vnnlib/mnist_fc_vnncomp2022_prop_3_0.05.vnnlib,.007158750,unsat,2.369469182
relusplitter,/home/elipregerson/nnenum/vnncomp2025_benchmarks/benchmarks/relusplitter/onnx/mnist_fc_vnncomp2022_mnist-net_256x4_RSPLITTER_mnist_fc_vnncomp2022_prop_3_0.05.onnx,/home/elipregerson/nnenum/vnncomp2025_benchmarks/benchmarks/relusplitter/vnnlib/mnist_fc_vnncomp2022_prop_3_0.05.vnnlib,.005975434,timeout,91.117753612
relusplitter,/home/elipregerson/nnenum/vnncomp2025_benchmarks/benchmarks/relusplitter/onnx/mnist_fc_vnncomp2022_mnist-net_256x4.onnx,/home/elipregerson/nnenum/vnncomp2025_benchmarks/benchmarks/relusplitter/vnnlib/mnist_fc_vnncomp2022_prop_6_0.05.vnnlib,.006127822,timeout,30.826162735
relusplitter,/home/elipregerson/nnenum/vnncomp2025_benchmarks/benchmarks/relusplitter/onnx/mnist_fc_vnncomp2022_mnist-net_256x4_RSPLITTER_mnist_fc_vnncomp2022_prop_6_0.05.onnx,/home/elipregerson/nnenum/vnncomp2025_benchmarks/benchmarks/relusplitter/vnnlib/mnist_fc_vnncomp2022_prop_6_0.05.vnnlib,.006155980,timeout,90.794819785
relusplitter,/home/elipregerson/nnenum/vnncomp2025_benchmarks/benchmarks/relusplitter/onnx/mnist_fc_vnncomp2022_mnist-net_256x4.onnx,/home/elipregerson/nnenum/vnncomp2025_benchmarks/benchmarks/relusplitter/vnnlib/mnist_fc_vnncomp2022_prop_0_0.03.vnnlib,.006418802,timeout,30.762374756
relusplitter,/home/elipregerson/nnenum/vnncomp2025_benchmarks/benchmarks/relusplitter/onnx/mnist_fc_vnncomp2022_mnist-net_256x4_RSPLITTER_mnist_fc_vnncomp2022_prop_0_0.03.onnx,/home/elipregerson/nnenum/vnncomp2025_benchmarks/benchmarks/relusplitter/vnnlib/mnist_fc_vnncomp2022_prop_0_0.03.vnnlib,.006018160,timeout,90.961896305
relusplitter,/home/elipregerson/nnenum/vnncomp2025_benchmarks/benchmarks/relusplitter/onnx/mnist_fc_vnncomp2022_mnist-net_256x4.onnx,/home/elipregerson/nnenum/vnncomp2025_benchmarks/benchmarks/relusplitter/vnnlib/mnist_fc_vnncomp2022_prop_4_0.05.vnnlib,.006331515,timeout,30.668268253
relusplitter,/home/elipregerson/nnenum/vnncomp2025_benchmarks/benchmarks/relusplitter/onnx/mnist_fc_vnncomp2022_mnist-net_256x4_RSPLITTER_mnist_fc_vnncomp2022_prop_4_0.05.onnx,/home/elipregerson/nnenum/vnncomp2025_benchmarks/benchmarks/relusplitter/vnnlib/mnist_fc_vnncomp2022_prop_4_0.05.vnnlib,.006052573,timeout,90.837034875
relusplitter,/home/elipregerson/nnenum/vnncomp2025_benchmarks/benchmarks/relusplitter/onnx/mnist_fc_vnncomp2022_mnist-net_256x4.onnx,/home/elipregerson/nnenum/vnncomp2025_benchmarks/benchmarks/relusplitter/vnnlib/mnist_fc_vnncomp2022_prop_0_0.05.vnnlib,.006160134,timeout,30.693487030
relusplitter,/home/elipregerson/nnenum/vnncomp2025_benchmarks/benchmarks/relusplitter/onnx/mnist_fc_vnncomp2022_mnist-net_256x4_RSPLITTER_mnist_fc_vnncomp2022_prop_0_0.05.onnx,/home/elipregerson/nnenum/vnncomp2025_benchmarks/benchmarks/relusplitter/vnnlib/mnist_fc_vnncomp2022_prop_0_0.05.vnnlib,.006188894,timeout,90.763348696
relusplitter,/home/elipregerson/nnenum/vnncomp2025_benchmarks/benchmarks/relusplitter/onnx/mnist_fc_vnncomp2022_mnist-net_256x4.onnx,/home/elipregerson/nnenum/vnncomp2025_benchmarks/benchmarks/relusplitter/vnnlib/mnist_fc_vnncomp2022_prop_12_0.03.vnnlib,.006247215,unsat,.671799445
relusplitter,/home/elipregerson/nnenum/vnncomp2025_benchmarks/benchmarks/relusplitter/onnx/mnist_fc_vnncomp2022_mnist-net_256x4_RSPLITTER_mnist_fc_vnncomp2022_prop_12_0.03.onnx,/home/elipregerson/nnenum/vnncomp2025_benchmarks/benchmarks/relusplitter/vnnlib/mnist_fc_vnncomp2022_prop_12_0.03.vnnlib,.006124266,unsat,2.979517918
relusplitter,/home/elipregerson/nnenum/vnncomp2025_benchmarks/benchmarks/relusplitter/onnx/mnist_fc_vnncomp2022_mnist-net_256x4.onnx,/home/elipregerson/nnenum/vnncomp2025_benchmarks/benchmarks/relusplitter/vnnlib/mnist_fc_vnncomp2022_prop_7_0.03.vnnlib,.006058189,timeout,30.646471584
relusplitter,/home/elipregerson/nnenum/vnncomp2025_benchmarks/benchmarks/relusplitter/onnx/mnist_fc_vnncomp2022_mnist-net_256x4_RSPLITTER_mnist_fc_vnncomp2022_prop_7_0.03.onnx,/home/elipregerson/nnenum/vnncomp2025_benchmarks/benchmarks/relusplitter/vnnlib/mnist_fc_vnncomp2022_prop_7_0.03.vnnlib,.006071408,timeout,90.932875863
relusplitter,/home/elipregerson/nnenum/vnncomp2025_benchmarks/benchmarks/relusplitter/onnx/mnist_fc_vnncomp2022_mnist-net_256x4.onnx,/home/elipregerson/nnenum/vnncomp2025_benchmarks/benchmarks/relusplitter/vnnlib/mnist_fc_vnncomp2022_prop_1_0.05.vnnlib,.006406715,timeout,30.651219918
relusplitter,/home/elipregerson/nnenum/vnncomp2025_benchmarks/benchmarks/relusplitter/onnx/mnist_fc_vnncomp2022_mnist-net_256x4_RSPLITTER_mnist_fc_vnncomp2022_prop_1_0.05.onnx,/home/elipregerson/nnenum/vnncomp2025_benchmarks/benchmarks/relusplitter/vnnlib/mnist_fc_vnncomp2022_prop_1_0.05.vnnlib,.006375760,timeout,90.941361186
relusplitter,/home/elipregerson/nnenum/vnncomp2025_benchmarks/benchmarks/relusplitter/onnx/mnist_fc_vnncomp2022_mnist-net_256x4.onnx,/home/elipregerson/nnenum/vnncomp2025_benchmarks/benchmarks/relusplitter/vnnlib/mnist_fc_vnncomp2022_prop_7_0.05.vnnlib,.006338674,timeout,30.814963033
relusplitter,/home/elipregerson/nnenum/vnncomp2025_benchmarks/benchmarks/relusplitter/onnx/mnist_fc_vnncomp2022_mnist-net_256x4_RSPLITTER_mnist_fc_vnncomp2022_prop_7_0.05.onnx,/home/elipregerson/nnenum/vnncomp2025_benchmarks/benchmarks/relusplitter/vnnlib/mnist_fc_vnncomp2022_prop_7_0.05.vnnlib,.006409050,timeout,90.867665115
relusplitter,/home/elipregerson/nnenum/vnncomp2025_benchmarks/benchmarks/relusplitter/onnx/mnist_fc_vnncomp2022_mnist-net_256x4.onnx,/home/elipregerson/nnenum/vnncomp2025_benchmarks/benchmarks/relusplitter/vnnlib/mnist_fc_vnncomp2022_prop_8_0.05.vnnlib,.006128251,timeout,30.737892943
relusplitter,/home/elipregerson/nnenum/vnncomp2025_benchmarks/benchmarks/relusplitter/onnx/mnist_fc_vnncomp2022_mnist-net_256x4_RSPLITTER_mnist_fc_vnncomp2022_prop_8_0.05.onnx,/home/elipregerson/nnenum/vnncomp2025_benchmarks/benchmarks/relusplitter/vnnlib/mnist_fc_vnncomp2022_prop_8_0.05.vnnlib,.006266534,timeout,90.967284886
relusplitter,/home/elipregerson/nnenum/vnncomp2025_benchmarks/benchmarks/relusplitter/onnx/mnist_fc_vnncomp2022_mnist-net_256x4.onnx,/home/elipregerson/nnenum/vnncomp2025_benchmarks/benchmarks/relusplitter/vnnlib/mnist_fc_vnncomp2022_prop_14_0.03.vnnlib,.007834325,unsat,1.879327425
relusplitter,/home/elipregerson/nnenum/vnncomp2025_benchmarks/benchmarks/relusplitter/onnx/mnist_fc_vnncomp2022_mnist-net_256x4_RSPLITTER_mnist_fc_vnncomp2022_prop_14_0.03.onnx,/home/elipregerson/nnenum/vnncomp2025_benchmarks/benchmarks/relusplitter/vnnlib/mnist_fc_vnncomp2022_prop_14_0.03.vnnlib,.006252524,unsat,3.385261627
relusplitter,/home/elipregerson/nnenum/vnncomp2025_benchmarks/benchmarks/relusplitter/onnx/mnist_fc_vnncomp2022_mnist-net_256x4.onnx,/home/elipregerson/nnenum/vnncomp2025_benchmarks/benchmarks/relusplitter/vnnlib/mnist_fc_vnncomp2022_prop_13_0.03.vnnlib,.006309805,timeout,30.684317858
relusplitter,/home/elipregerson/nnenum/vnncomp2025_benchmarks/benchmarks/relusplitter/onnx/mnist_fc_vnncomp2022_mnist-net_256x4_RSPLITTER_mnist_fc_vnncomp2022_prop_13_0.03.onnx,/home/elipregerson/nnenum/vnncomp2025_benchmarks/benchmarks/relusplitter/vnnlib/mnist_fc_vnncomp2022_prop_13_0.03.vnnlib,.006289736,timeout,90.807616271
relusplitter,/home/elipregerson/nnenum/vnncomp2025_benchmarks/benchmarks/relusplitter/onnx/mnist_fc_vnncomp2022_mnist-net_256x4.onnx,/home/elipregerson/nnenum/vnncomp2025_benchmarks/benchmarks/relusplitter/vnnlib/mnist_fc_vnncomp2022_prop_2_0.05.vnnlib,.006567836,timeout,32.656075320
relusplitter,/home/elipregerson/nnenum/vnncomp2025_benchmarks/benchmarks/relusplitter/onnx/mnist_fc_vnncomp2022_mnist-net_256x4_RSPLITTER_mnist_fc_vnncomp2022_prop_2_0.05.onnx,/home/elipregerson/nnenum/vnncomp2025_benchmarks/benchmarks/relusplitter/vnnlib/mnist_fc_vnncomp2022_prop_2_0.05.vnnlib,.007738995,timeout,90.767923936
relusplitter,/home/elipregerson/nnenum/vnncomp2025_benchmarks/benchmarks/relusplitter/onnx/mnist_fc_vnncomp2022_mnist-net_256x4.onnx,/home/elipregerson/nnenum/vnncomp2025_benchmarks/benchmarks/relusplitter/vnnlib/mnist_fc_vnncomp2022_prop_11_0.03.vnnlib,.006271272,unsat,.670915475
relusplitter,/home/elipregerson/nnenum/vnncomp2025_benchmarks/benchmarks/relusplitter/onnx/mnist_fc_vnncomp2022_mnist-net_256x4_RSPLITTER_mnist_fc_vnncomp2022_prop_11_0.03.onnx,/home/elipregerson/nnenum/vnncomp2025_benchmarks/benchmarks/relusplitter/vnnlib/mnist_fc_vnncomp2022_prop_11_0.03.vnnlib,.006293522,unsat,4.373250910
relusplitter,/home/elipregerson/nnenum/vnncomp2025_benchmarks/benchmarks/relusplitter/onnx/mnist_fc_vnncomp2022_mnist-net_256x4.onnx,/home/elipregerson/nnenum/vnncomp2025_benchmarks/benchmarks/relusplitter/vnnlib/mnist_fc_vnncomp2022_prop_11_0.05.vnnlib,.012807762,timeout,30.780626549
relusplitter,/home/elipregerson/nnenum/vnncomp2025_benchmarks/benchmarks/relusplitter/onnx/mnist_fc_vnncomp2022_mnist-net_256x4_RSPLITTER_mnist_fc_vnncomp2022_prop_11_0.05.onnx,/home/elipregerson/nnenum/vnncomp2025_benchmarks/benchmarks/relusplitter/vnnlib/mnist_fc_vnncomp2022_prop_11_0.05.vnnlib,.006629362,timeout,91.053641481
relusplitter,/home/elipregerson/nnenum/vnncomp2025_benchmarks/benchmarks/relusplitter/onnx/mnist_fc_vnncomp2022_mnist-net_256x4.onnx,/home/elipregerson/nnenum/vnncomp2025_benchmarks/benchmarks/relusplitter/vnnlib/mnist_fc_vnncomp2022_prop_10_0.03.vnnlib,.006293618,unsat,.676942110
relusplitter,/home/elipregerson/nnenum/vnncomp2025_benchmarks/benchmarks/relusplitter/onnx/mnist_fc_vnncomp2022_mnist-net_256x4_RSPLITTER_mnist_fc_vnncomp2022_prop_10_0.03.onnx,/home/elipregerson/nnenum/vnncomp2025_benchmarks/benchmarks/relusplitter/vnnlib/mnist_fc_vnncomp2022_prop_10_0.03.vnnlib,.006318242,unsat,4.015048367
relusplitter,/home/elipregerson/nnenum/vnncomp2025_benchmarks/benchmarks/relusplitter/onnx/mnist_fc_vnncomp2022_mnist-net_256x4.onnx,/home/elipregerson/nnenum/vnncomp2025_benchmarks/benchmarks/relusplitter/vnnlib/mnist_fc_vnncomp2022_prop_9_0.03.vnnlib,.006432071,unsat,2.439996671
relusplitter,/home/elipregerson/nnenum/vnncomp2025_benchmarks/benchmarks/relusplitter/onnx/mnist_fc_vnncomp2022_mnist-net_256x4_RSPLITTER_mnist_fc_vnncomp2022_prop_9_0.03.onnx,/home/elipregerson/nnenum/vnncomp2025_benchmarks/benchmarks/relusplitter/vnnlib/mnist_fc_vnncomp2022_prop_9_0.03.vnnlib,.006412082,unsat,4.857809980
relusplitter,/home/elipregerson/nnenum/vnncomp2025_benchmarks/benchmarks/relusplitter/onnx/mnist_fc_vnncomp2022_mnist-net_256x4.onnx,/home/elipregerson/nnenum/vnncomp2025_benchmarks/benchmarks/relusplitter/vnnlib/mnist_fc_vnncomp2022_prop_10_0.05.vnnlib,.006399953,timeout,30.647193626
relusplitter,/home/elipregerson/nnenum/vnncomp2025_benchmarks/benchmarks/relusplitter/onnx/mnist_fc_vnncomp2022_mnist-net_256x4_RSPLITTER_mnist_fc_vnncomp2022_prop_10_0.05.onnx,/home/elipregerson/nnenum/vnncomp2025_benchmarks/benchmarks/relusplitter/vnnlib/mnist_fc_vnncomp2022_prop_10_0.05.vnnlib,.006379254,timeout,90.810882915
relusplitter,/home/elipregerson/nnenum/vnncomp2025_benchmarks/benchmarks/relusplitter/onnx/mnist_fc_vnncomp2022_mnist-net_256x4.onnx,/home/elipregerson/nnenum/vnncomp2025_benchmarks/benchmarks/relusplitter/vnnlib/mnist_fc_vnncomp2022_prop_4_0.03.vnnlib,.006402009,unsat,12.873150354
relusplitter,/home/elipregerson/nnenum/vnncomp2025_benchmarks/benchmarks/relusplitter/onnx/mnist_fc_vnncomp2022_mnist-net_256x4_RSPLITTER_mnist_fc_vnncomp2022_prop_4_0.03.onnx,/home/elipregerson/nnenum/vnncomp2025_benchmarks/benchmarks/relusplitter/vnnlib/mnist_fc_vnncomp2022_prop_4_0.03.vnnlib,.006403759,timeout,90.895982962
relusplitter,/home/elipregerson/nnenum/vnncomp2025_benchmarks/benchmarks/relusplitter/onnx/mnist_fc_vnncomp2022_mnist-net_256x6.onnx,/home/elipregerson/nnenum/vnncomp2025_benchmarks/benchmarks/relusplitter/vnnlib/mnist_fc_vnncomp2022_prop_7_0.05.vnnlib,.006212184,timeout,30.728295305
relusplitter,/home/elipregerson/nnenum/vnncomp2025_benchmarks/benchmarks/relusplitter/onnx/mnist_fc_vnncomp2022_mnist-net_256x6_RSPLITTER_mnist_fc_vnncomp2022_prop_7_0.05.onnx,/home/elipregerson/nnenum/vnncomp2025_benchmarks/benchmarks/relusplitter/vnnlib/mnist_fc_vnncomp2022_prop_7_0.05.vnnlib,.006123832,timeout,90.779705633
relusplitter,/home/elipregerson/nnenum/vnncomp2025_benchmarks/benchmarks/relusplitter/onnx/mnist_fc_vnncomp2022_mnist-net_256x6.onnx,/home/elipregerson/nnenum/vnncomp2025_benchmarks/benchmarks/relusplitter/vnnlib/mnist_fc_vnncomp2022_prop_4_0.05.vnnlib,.006134632,timeout,30.695676521
relusplitter,/home/elipregerson/nnenum/vnncomp2025_benchmarks/benchmarks/relusplitter/onnx/mnist_fc_vnncomp2022_mnist-net_256x6_RSPLITTER_mnist_fc_vnncomp2022_prop_4_0.05.onnx,/home/elipregerson/nnenum/vnncomp2025_benchmarks/benchmarks/relusplitter/vnnlib/mnist_fc_vnncomp2022_prop_4_0.05.vnnlib,.006147024,timeout,91.043856198
relusplitter,/home/elipregerson/nnenum/vnncomp2025_benchmarks/benchmarks/relusplitter/onnx/mnist_fc_vnncomp2022_mnist-net_256x6.onnx,/home/elipregerson/nnenum/vnncomp2025_benchmarks/benchmarks/relusplitter/vnnlib/mnist_fc_vnncomp2022_prop_3_0.05.vnnlib,.006559214,unsat,4.556405606
relusplitter,/home/elipregerson/nnenum/vnncomp2025_benchmarks/benchmarks/relusplitter/onnx/mnist_fc_vnncomp2022_mnist-net_256x6_RSPLITTER_mnist_fc_vnncomp2022_prop_3_0.05.onnx,/home/elipregerson/nnenum/vnncomp2025_benchmarks/benchmarks/relusplitter/vnnlib/mnist_fc_vnncomp2022_prop_3_0.05.vnnlib,.006219678,unsat,7.669000810
relusplitter,/home/elipregerson/nnenum/vnncomp2025_benchmarks/benchmarks/relusplitter/onnx/mnist_fc_vnncomp2022_mnist-net_256x6.onnx,/home/elipregerson/nnenum/vnncomp2025_benchmarks/benchmarks/relusplitter/vnnlib/mnist_fc_vnncomp2022_prop_3_0.03.vnnlib,.006185019,unsat,.681254947
relusplitter,/home/elipregerson/nnenum/vnncomp2025_benchmarks/benchmarks/relusplitter/onnx/mnist_fc_vnncomp2022_mnist-net_256x6_RSPLITTER_mnist_fc_vnncomp2022_prop_3_0.03.onnx,/home/elipregerson/nnenum/vnncomp2025_benchmarks/benchmarks/relusplitter/vnnlib/mnist_fc_vnncomp2022_prop_3_0.03.vnnlib,.006189846,unsat,.888320511
relusplitter,/home/elipregerson/nnenum/vnncomp2025_benchmarks/benchmarks/relusplitter/onnx/mnist_fc_vnncomp2022_mnist-net_256x6.onnx,/home/elipregerson/nnenum/vnncomp2025_benchmarks/benchmarks/relusplitter/vnnlib/mnist_fc_vnncomp2022_prop_14_0.05.vnnlib,.006265044,timeout,30.678545600
relusplitter,/home/elipregerson/nnenum/vnncomp2025_benchmarks/benchmarks/relusplitter/onnx/mnist_fc_vnncomp2022_mnist-net_256x6_RSPLITTER_mnist_fc_vnncomp2022_prop_14_0.05.onnx,/home/elipregerson/nnenum/vnncomp2025_benchmarks/benchmarks/relusplitter/vnnlib/mnist_fc_vnncomp2022_prop_14_0.05.vnnlib,.006008577,timeout,90.825668674
relusplitter,/home/elipregerson/nnenum/vnncomp2025_benchmarks/benchmarks/relusplitter/onnx/mnist_fc_vnncomp2022_mnist-net_256x6.onnx,/home/elipregerson/nnenum/vnncomp2025_benchmarks/benchmarks/relusplitter/vnnlib/mnist_fc_vnncomp2022_prop_0_0.05.vnnlib,.006203254,timeout,30.993736388
relusplitter,/home/elipregerson/nnenum/vnncomp2025_benchmarks/benchmarks/relusplitter/onnx/mnist_fc_vnncomp2022_mnist-net_256x6_RSPLITTER_mnist_fc_vnncomp2022_prop_0_0.05.onnx,/home/elipregerson/nnenum/vnncomp2025_benchmarks/benchmarks/relusplitter/vnnlib/mnist_fc_vnncomp2022_prop_0_0.05.vnnlib,.005990699,timeout,93.280994192
relusplitter,/home/elipregerson/nnenum/vnncomp2025_benchmarks/benchmarks/relusplitter/onnx/mnist_fc_vnncomp2022_mnist-net_256x6.onnx,/home/elipregerson/nnenum/vnncomp2025_benchmarks/benchmarks/relusplitter/vnnlib/mnist_fc_vnncomp2022_prop_9_0.03.vnnlib,.006096859,unsat,5.680127555
relusplitter,/home/elipregerson/nnenum/vnncomp2025_benchmarks/benchmarks/relusplitter/onnx/mnist_fc_vnncomp2022_mnist-net_256x6_RSPLITTER_mnist_fc_vnncomp2022_prop_9_0.03.onnx,/home/elipregerson/nnenum/vnncomp2025_benchmarks/benchmarks/relusplitter/vnnlib/mnist_fc_vnncomp2022_prop_9_0.03.vnnlib,.006019073,timeout,90.928280182
relusplitter,/home/elipregerson/nnenum/vnncomp2025_benchmarks/benchmarks/relusplitter/onnx/mnist_fc_vnncomp2022_mnist-net_256x6.onnx,/home/elipregerson/nnenum/vnncomp2025_benchmarks/benchmarks/relusplitter/vnnlib/mnist_fc_vnncomp2022_prop_12_0.03.vnnlib,.006238477,timeout,30.612212431
relusplitter,/home/elipregerson/nnenum/vnncomp2025_benchmarks/benchmarks/relusplitter/onnx/mnist_fc_vnncomp2022_mnist-net_256x6_RSPLITTER_mnist_fc_vnncomp2022_prop_12_0.03.onnx,/home/elipregerson/nnenum/vnncomp2025_benchmarks/benchmarks/relusplitter/vnnlib/mnist_fc_vnncomp2022_prop_12_0.03.vnnlib,.006572860,timeout,90.760015612
relusplitter,/home/elipregerson/nnenum/vnncomp2025_benchmarks/benchmarks/relusplitter/onnx/mnist_fc_vnncomp2022_mnist-net_256x6.onnx,/home/elipregerson/nnenum/vnncomp2025_benchmarks/benchmarks/relusplitter/vnnlib/mnist_fc_vnncomp2022_prop_1_0.03.vnnlib,.006270075,timeout,35.234519317
relusplitter,/home/elipregerson/nnenum/vnncomp2025_benchmarks/benchmarks/relusplitter/onnx/mnist_fc_vnncomp2022_mnist-net_256x6_RSPLITTER_mnist_fc_vnncomp2022_prop_1_0.03.onnx,/home/elipregerson/nnenum/vnncomp2025_benchmarks/benchmarks/relusplitter/vnnlib/mnist_fc_vnncomp2022_prop_1_0.03.vnnlib,.006778302,timeout,90.733830299
relusplitter,/home/elipregerson/nnenum/vnncomp2025_benchmarks/benchmarks/relusplitter/onnx/mnist_fc_vnncomp2022_mnist-net_256x6.onnx,/home/elipregerson/nnenum/vnncomp2025_benchmarks/benchmarks/relusplitter/vnnlib/mnist_fc_vnncomp2022_prop_5_0.05.vnnlib,.006357249,timeout,30.632908123
relusplitter,/home/elipregerson/nnenum/vnncomp2025_benchmarks/benchmarks/relusplitter/onnx/mnist_fc_vnncomp2022_mnist-net_256x6_RSPLITTER_mnist_fc_vnncomp2022_prop_5_0.05.onnx,/home/elipregerson/nnenum/vnncomp2025_benchmarks/benchmarks/relusplitter/vnnlib/mnist_fc_vnncomp2022_prop_5_0.05.vnnlib,.006396843,timeout,90.701637775
relusplitter,/home/elipregerson/nnenum/vnncomp2025_benchmarks/benchmarks/relusplitter/onnx/mnist_fc_vnncomp2022_mnist-net_256x6.onnx,/home/elipregerson/nnenum/vnncomp2025_benchmarks/benchmarks/relusplitter/vnnlib/mnist_fc_vnncomp2022_prop_10_0.05.vnnlib,.006156249,timeout,31.985869049
relusplitter,/home/elipregerson/nnenum/vnncomp2025_benchmarks/benchmarks/relusplitter/onnx/mnist_fc_vnncomp2022_mnist-net_256x6_RSPLITTER_mnist_fc_vnncomp2022_prop_10_0.05.onnx,/home/elipregerson/nnenum/vnncomp2025_benchmarks/benchmarks/relusplitter/vnnlib/mnist_fc_vnncomp2022_prop_10_0.05.vnnlib,.006072446,timeout,90.715676539
relusplitter,/home/elipregerson/nnenum/vnncomp2025_benchmarks/benchmarks/relusplitter/onnx/mnist_fc_vnncomp2022_mnist-net_256x6.onnx,/home/elipregerson/nnenum/vnncomp2025_benchmarks/benchmarks/relusplitter/vnnlib/mnist_fc_vnncomp2022_prop_11_0.03.vnnlib,.006314854,unsat,6.967945005
relusplitter,/home/elipregerson/nnenum/vnncomp2025_benchmarks/benchmarks/relusplitter/onnx/mnist_fc_vnncomp2022_mnist-net_256x6_RSPLITTER_mnist_fc_vnncomp2022_prop_11_0.03.onnx,/home/elipregerson/nnenum/vnncomp2025_benchmarks/benchmarks/relusplitter/vnnlib/mnist_fc_vnncomp2022_prop_11_0.03.vnnlib,.006123142,error_exit_code_1,19.765124546
relusplitter,/home/elipregerson/nnenum/vnncomp2025_benchmarks/benchmarks/relusplitter/onnx/mnist_fc_vnncomp2022_mnist-net_256x6.onnx,/home/elipregerson/nnenum/vnncomp2025_benchmarks/benchmarks/relusplitter/vnnlib/mnist_fc_vnncomp2022_prop_6_0.03.vnnlib,.006402433,unsat,.671315047
relusplitter,/home/elipregerson/nnenum/vnncomp2025_benchmarks/benchmarks/relusplitter/onnx/mnist_fc_vnncomp2022_mnist-net_256x6_RSPLITTER_mnist_fc_vnncomp2022_prop_6_0.03.onnx,/home/elipregerson/nnenum/vnncomp2025_benchmarks/benchmarks/relusplitter/vnnlib/mnist_fc_vnncomp2022_prop_6_0.03.vnnlib,.006055152,unsat,7.951324915
relusplitter,/home/elipregerson/nnenum/vnncomp2025_benchmarks/benchmarks/relusplitter/onnx/mnist_fc_vnncomp2022_mnist-net_256x6.onnx,/home/elipregerson/nnenum/vnncomp2025_benchmarks/benchmarks/relusplitter/vnnlib/mnist_fc_vnncomp2022_prop_14_0.03.vnnlib,.006187842,unsat,7.981317127
relusplitter,/home/elipregerson/nnenum/vnncomp2025_benchmarks/benchmarks/relusplitter/onnx/mnist_fc_vnncomp2022_mnist-net_256x6_RSPLITTER_mnist_fc_vnncomp2022_prop_14_0.03.onnx,/home/elipregerson/nnenum/vnncomp2025_benchmarks/benchmarks/relusplitter/vnnlib/mnist_fc_vnncomp2022_prop_14_0.03.vnnlib,.006169773,timeout,90.791290789
relusplitter,/home/elipregerson/nnenum/vnncomp2025_benchmarks/benchmarks/relusplitter/onnx/mnist_fc_vnncomp2022_mnist-net_256x6.onnx,/home/elipregerson/nnenum/vnncomp2025_benchmarks/benchmarks/relusplitter/vnnlib/mnist_fc_vnncomp2022_prop_7_0.03.vnnlib,.006154859,timeout,30.727124751
relusplitter,/home/elipregerson/nnenum/vnncomp2025_benchmarks/benchmarks/relusplitter/onnx/mnist_fc_vnncomp2022_mnist-net_256x6_RSPLITTER_mnist_fc_vnncomp2022_prop_7_0.03.onnx,/home/elipregerson/nnenum/vnncomp2025_benchmarks/benchmarks/relusplitter/vnnlib/mnist_fc_vnncomp2022_prop_7_0.03.vnnlib,.006043650,timeout,91.494031485
relusplitter,/home/elipregerson/nnenum/vnncomp2025_benchmarks/benchmarks/relusplitter/onnx/mnist_fc_vnncomp2022_mnist-net_256x6.onnx,/home/elipregerson/nnenum/vnncomp2025_benchmarks/benchmarks/relusplitter/vnnlib/mnist_fc_vnncomp2022_prop_8_0.05.vnnlib,.006067925,timeout,30.695488329
relusplitter,/home/elipregerson/nnenum/vnncomp2025_benchmarks/benchmarks/relusplitter/onnx/mnist_fc_vnncomp2022_mnist-net_256x6_RSPLITTER_mnist_fc_vnncomp2022_prop_8_0.05.onnx,/home/elipregerson/nnenum/vnncomp2025_benchmarks/benchmarks/relusplitter/vnnlib/mnist_fc_vnncomp2022_prop_8_0.05.vnnlib,.006277886,timeout,90.708018929
relusplitter,/home/elipregerson/nnenum/vnncomp2025_benchmarks/benchmarks/relusplitter/onnx/mnist_fc_vnncomp2022_mnist-net_256x6.onnx,/home/elipregerson/nnenum/vnncomp2025_benchmarks/benchmarks/relusplitter/vnnlib/mnist_fc_vnncomp2022_prop_4_0.03.vnnlib,.006078484,timeout,30.630414365
relusplitter,/home/elipregerson/nnenum/vnncomp2025_benchmarks/benchmarks/relusplitter/onnx/mnist_fc_vnncomp2022_mnist-net_256x6_RSPLITTER_mnist_fc_vnncomp2022_prop_4_0.03.onnx,/home/elipregerson/nnenum/vnncomp2025_benchmarks/benchmarks/relusplitter/vnnlib/mnist_fc_vnncomp2022_prop_4_0.03.vnnlib,.006172314,timeout,90.976817683
relusplitter,/home/elipregerson/nnenum/vnncomp2025_benchmarks/benchmarks/relusplitter/onnx/mnist_fc_vnncomp2022_mnist-net_256x6.onnx,/home/elipregerson/nnenum/vnncomp2025_benchmarks/benchmarks/relusplitter/vnnlib/mnist_fc_vnncomp2022_prop_6_0.05.vnnlib,.006132465,timeout,30.632787550
relusplitter,/home/elipregerson/nnenum/vnncomp2025_benchmarks/benchmarks/relusplitter/onnx/mnist_fc_vnncomp2022_mnist-net_256x6_RSPLITTER_mnist_fc_vnncomp2022_prop_6_0.05.onnx,/home/elipregerson/nnenum/vnncomp2025_benchmarks/benchmarks/relusplitter/vnnlib/mnist_fc_vnncomp2022_prop_6_0.05.vnnlib,.006185910,timeout,90.769150383
relusplitter,/home/elipregerson/nnenum/vnncomp2025_benchmarks/benchmarks/relusplitter/onnx/mnist_fc_vnncomp2022_mnist-net_256x6.onnx,/home/elipregerson/nnenum/vnncomp2025_benchmarks/benchmarks/relusplitter/vnnlib/mnist_fc_vnncomp2022_prop_9_0.05.vnnlib,.006102081,timeout,30.981218490
relusplitter,/home/elipregerson/nnenum/vnncomp2025_benchmarks/benchmarks/relusplitter/onnx/mnist_fc_vnncomp2022_mnist-net_256x6_RSPLITTER_mnist_fc_vnncomp2022_prop_9_0.05.onnx,/home/elipregerson/nnenum/vnncomp2025_benchmarks/benchmarks/relusplitter/vnnlib/mnist_fc_vnncomp2022_prop_9_0.05.vnnlib,.006167473,timeout,90.820661309
relusplitter,/home/elipregerson/nnenum/vnncomp2025_benchmarks/benchmarks/relusplitter/onnx/mnist_fc_vnncomp2022_mnist-net_256x6.onnx,/home/elipregerson/nnenum/vnncomp2025_benchmarks/benchmarks/relusplitter/vnnlib/mnist_fc_vnncomp2022_prop_13_0.03.vnnlib,.006135119,timeout,30.762928700
relusplitter,/home/elipregerson/nnenum/vnncomp2025_benchmarks/benchmarks/relusplitter/onnx/mnist_fc_vnncomp2022_mnist-net_256x6_RSPLITTER_mnist_fc_vnncomp2022_prop_13_0.03.onnx,/home/elipregerson/nnenum/vnncomp2025_benchmarks/benchmarks/relusplitter/vnnlib/mnist_fc_vnncomp2022_prop_13_0.03.vnnlib,.006086964,timeout,90.766519695
relusplitter,/home/elipregerson/nnenum/vnncomp2025_benchmarks/benchmarks/relusplitter/onnx/oval21-benchmark_cifar_base_kw.onnx,/home/elipregerson/nnenum/vnncomp2025_benchmarks/benchmarks/relusplitter/vnnlib/oval21-benchmark_cifar_base_kw-img3365-eps0.0407843137254902.vnnlib,.006096503,timeout,60.945215683
relusplitter,/home/elipregerson/nnenum/vnncomp2025_benchmarks/benchmarks/relusplitter/onnx/oval21-benchmark_cifar_base_kw_RSPLITTER_oval21-benchmark_cifar_base_kw-img3365-eps0.0407843137254902.onnx,/home/elipregerson/nnenum/vnncomp2025_benchmarks/benchmarks/relusplitter/vnnlib/oval21-benchmark_cifar_base_kw-img3365-eps0.0407843137254902.vnnlib,.006288865,timeout,180.812977851
relusplitter,/home/elipregerson/nnenum/vnncomp2025_benchmarks/benchmarks/relusplitter/onnx/oval21-benchmark_cifar_base_kw.onnx,/home/elipregerson/nnenum/vnncomp2025_benchmarks/benchmarks/relusplitter/vnnlib/oval21-benchmark_cifar_base_kw-img2537-eps0.006666666666666667.vnnlib,.006129302,timeout,60.822494650
relusplitter,/home/elipregerson/nnenum/vnncomp2025_benchmarks/benchmarks/relusplitter/onnx/oval21-benchmark_cifar_base_kw_RSPLITTER_oval21-benchmark_cifar_base_kw-img2537-eps0.006666666666666667.onnx,/home/elipregerson/nnenum/vnncomp2025_benchmarks/benchmarks/relusplitter/vnnlib/oval21-benchmark_cifar_base_kw-img2537-eps0.006666666666666667.vnnlib,.006190174,timeout,181.110392906
relusplitter,/home/elipregerson/nnenum/vnncomp2025_benchmarks/benchmarks/relusplitter/onnx/oval21-benchmark_cifar_base_kw.onnx,/home/elipregerson/nnenum/vnncomp2025_benchmarks/benchmarks/relusplitter/vnnlib/oval21-benchmark_cifar_base_kw-img1900-eps0.03934640522875817.vnnlib,.006128313,timeout,61.049457709
relusplitter,/home/elipregerson/nnenum/vnncomp2025_benchmarks/benchmarks/relusplitter/onnx/oval21-benchmark_cifar_base_kw_RSPLITTER_oval21-benchmark_cifar_base_kw-img1900-eps0.03934640522875817.onnx,/home/elipregerson/nnenum/vnncomp2025_benchmarks/benchmarks/relusplitter/vnnlib/oval21-benchmark_cifar_base_kw-img1900-eps0.03934640522875817.vnnlib,.006045976,timeout,180.757042759
relusplitter,/home/elipregerson/nnenum/vnncomp2025_benchmarks/benchmarks/relusplitter/onnx/oval21-benchmark_cifar_base_kw.onnx,/home/elipregerson/nnenum/vnncomp2025_benchmarks/benchmarks/relusplitter/vnnlib/oval21-benchmark_cifar_base_kw-img395-eps0.003790849673202614.vnnlib,.006314494,timeout,60.789950464
relusplitter,/home/elipregerson/nnenum/vnncomp2025_benchmarks/benchmarks/relusplitter/onnx/oval21-benchmark_cifar_base_kw_RSPLITTER_oval21-benchmark_cifar_base_kw-img395-eps0.003790849673202614.onnx,/home/elipregerson/nnenum/vnncomp2025_benchmarks/benchmarks/relusplitter/vnnlib/oval21-benchmark_cifar_base_kw-img395-eps0.003790849673202614.vnnlib,.006311721,timeout,181.131138667
relusplitter,/home/elipregerson/nnenum/vnncomp2025_benchmarks/benchmarks/relusplitter/onnx/oval21-benchmark_cifar_base_kw.onnx,/home/elipregerson/nnenum/vnncomp2025_benchmarks/benchmarks/relusplitter/vnnlib/oval21-benchmark_cifar_base_kw-img6098-eps0.006666666666666666.vnnlib,.006039332,timeout,60.881745297
relusplitter,/home/elipregerson/nnenum/vnncomp2025_benchmarks/benchmarks/relusplitter/onnx/oval21-benchmark_cifar_base_kw_RSPLITTER_oval21-benchmark_cifar_base_kw-img6098-eps0.006666666666666666.onnx,/home/elipregerson/nnenum/vnncomp2025_benchmarks/benchmarks/relusplitter/vnnlib/oval21-benchmark_cifar_base_kw-img6098-eps0.006666666666666666.vnnlib,.006529465,timeout,180.948893851
relusplitter,/home/elipregerson/nnenum/vnncomp2025_benchmarks/benchmarks/relusplitter/onnx/oval21-benchmark_cifar_base_kw.onnx,/home/elipregerson/nnenum/vnncomp2025_benchmarks/benchmarks/relusplitter/vnnlib/oval21-benchmark_cifar_base_kw-img2153-eps0.04196078431372549.vnnlib,.006120407,timeout,62.045225098
relusplitter,/home/elipregerson/nnenum/vnncomp2025_benchmarks/benchmarks/relusplitter/onnx/oval21-benchmark_cifar_base_kw_RSPLITTER_oval21-benchmark_cifar_base_kw-img2153-eps0.04196078431372549.onnx,/home/elipregerson/nnenum/vnncomp2025_benchmarks/benchmarks/relusplitter/vnnlib/oval21-benchmark_cifar_base_kw-img2153-eps0.04196078431372549.vnnlib,.006333237,timeout,182.570945319
relusplitter,/home/elipregerson/nnenum/vnncomp2025_benchmarks/benchmarks/relusplitter/onnx/oval21-benchmark_cifar_base_kw.onnx,/home/elipregerson/nnenum/vnncomp2025_benchmarks/benchmarks/relusplitter/vnnlib/oval21-benchmark_cifar_base_kw-img1204-eps0.024967320261437907.vnnlib,.006173771,timeout,61.117446383
relusplitter,/home/elipregerson/nnenum/vnncomp2025_benchmarks/benchmarks/relusplitter/onnx/oval21-benchmark_cifar_base_kw_RSPLITTER_oval21-benchmark_cifar_base_kw-img1204-eps0.024967320261437907.onnx,/home/elipregerson/nnenum/vnncomp2025_benchmarks/benchmarks/relusplitter/vnnlib/oval21-benchmark_cifar_base_kw-img1204-eps0.024967320261437907.vnnlib,.006274295,timeout,181.832263480
relusplitter,/home/elipregerson/nnenum/vnncomp2025_benchmarks/benchmarks/relusplitter/onnx/oval21-benchmark_cifar_base_kw.onnx,/home/elipregerson/nnenum/vnncomp2025_benchmarks/benchmarks/relusplitter/vnnlib/oval21-benchmark_cifar_base_kw-img2341-eps0.049150326797385624.vnnlib,.006052268,timeout,60.797483206
relusplitter,/home/elipregerson/nnenum/vnncomp2025_benchmarks/benchmarks/relusplitter/onnx/oval21-benchmark_cifar_base_kw_RSPLITTER_oval21-benchmark_cifar_base_kw-img2341-eps0.049150326797385624.onnx,/home/elipregerson/nnenum/vnncomp2025_benchmarks/benchmarks/relusplitter/vnnlib/oval21-benchmark_cifar_base_kw-img2341-eps0.049150326797385624.vnnlib,.011275894,timeout,180.728445950
relusplitter,/home/elipregerson/nnenum/vnncomp2025_benchmarks/benchmarks/relusplitter/onnx/oval21-benchmark_cifar_base_kw.onnx,/home/elipregerson/nnenum/vnncomp2025_benchmarks/benchmarks/relusplitter/vnnlib/oval21-benchmark_cifar_base_kw-img8258-eps0.005620915032679739.vnnlib,.006462438,timeout,60.828979821
relusplitter,/home/elipregerson/nnenum/vnncomp2025_benchmarks/benchmarks/relusplitter/onnx/oval21-benchmark_cifar_base_kw_RSPLITTER_oval21-benchmark_cifar_base_kw-img8258-eps0.005620915032679739.onnx,/home/elipregerson/nnenum/vnncomp2025_benchmarks/benchmarks/relusplitter/vnnlib/oval21-benchmark_cifar_base_kw-img8258-eps0.005620915032679739.vnnlib,.005987616,timeout,181.006219981
relusplitter,/home/elipregerson/nnenum/vnncomp2025_benchmarks/benchmarks/relusplitter/onnx/oval21-benchmark_cifar_base_kw.onnx,/home/elipregerson/nnenum/vnncomp2025_benchmarks/benchmarks/relusplitter/vnnlib/oval21-benchmark_cifar_base_kw-img4386-eps0.011111111111111112.vnnlib,.006245532,timeout,61.055144604
relusplitter,/home/elipregerson/nnenum/vnncomp2025_benchmarks/benchmarks/relusplitter/onnx/oval21-benchmark_cifar_base_kw_RSPLITTER_oval21-benchmark_cifar_base_kw-img4386-eps0.011111111111111112.onnx,/home/elipregerson/nnenum/vnncomp2025_benchmarks/benchmarks/relusplitter/vnnlib/oval21-benchmark_cifar_base_kw-img4386-eps0.011111111111111112.vnnlib,.006179214,timeout,181.396279405
relusplitter,/home/elipregerson/nnenum/vnncomp2025_benchmarks/benchmarks/relusplitter/onnx/oval21-benchmark_cifar_deep_kw.onnx,/home/elipregerson/nnenum/vnncomp2025_benchmarks/benchmarks/relusplitter/vnnlib/oval21-benchmark_cifar_deep_kw-img3039-eps0.035686274509803925.vnnlib,.006098115,timeout,60.731122147
relusplitter,/home/elipregerson/nnenum/vnncomp2025_benchmarks/benchmarks/relusplitter/onnx/oval21-benchmark_cifar_deep_kw_RSPLITTER_oval21-benchmark_cifar_deep_kw-img3039-eps0.035686274509803925.onnx,/home/elipregerson/nnenum/vnncomp2025_benchmarks/benchmarks/relusplitter/vnnlib/oval21-benchmark_cifar_deep_kw-img3039-eps0.035686274509803925.vnnlib,.006614768,timeout,182.559951128
relusplitter,/home/elipregerson/nnenum/vnncomp2025_benchmarks/benchmarks/relusplitter/onnx/oval21-benchmark_cifar_deep_kw.onnx,/home/elipregerson/nnenum/vnncomp2025_benchmarks/benchmarks/relusplitter/vnnlib/oval21-benchmark_cifar_deep_kw-img6995-eps0.00954248366013072.vnnlib,.006388518,timeout,61.139985321
relusplitter,/home/elipregerson/nnenum/vnncomp2025_benchmarks/benchmarks/relusplitter/onnx/oval21-benchmark_cifar_deep_kw_RSPLITTER_oval21-benchmark_cifar_deep_kw-img6995-eps0.00954248366013072.onnx,/home/elipregerson/nnenum/vnncomp2025_benchmarks/benchmarks/relusplitter/vnnlib/oval21-benchmark_cifar_deep_kw-img6995-eps0.00954248366013072.vnnlib,.006395781,timeout,181.283108246
relusplitter,/home/elipregerson/nnenum/vnncomp2025_benchmarks/benchmarks/relusplitter/onnx/oval21-benchmark_cifar_deep_kw.onnx,/home/elipregerson/nnenum/vnncomp2025_benchmarks/benchmarks/relusplitter/vnnlib/oval21-benchmark_cifar_deep_kw-img7358-eps0.03869281045751634.vnnlib,.006440133,timeout,62.199198239
relusplitter,/home/elipregerson/nnenum/vnncomp2025_benchmarks/benchmarks/relusplitter/onnx/oval21-benchmark_cifar_deep_kw_RSPLITTER_oval21-benchmark_cifar_deep_kw-img7358-eps0.03869281045751634.onnx,/home/elipregerson/nnenum/vnncomp2025_benchmarks/benchmarks/relusplitter/vnnlib/oval21-benchmark_cifar_deep_kw-img7358-eps0.03869281045751634.vnnlib,.006305527,timeout,180.803526294
relusplitter,/home/elipregerson/nnenum/vnncomp2025_benchmarks/benchmarks/relusplitter/onnx/oval21-benchmark_cifar_deep_kw.onnx,/home/elipregerson/nnenum/vnncomp2025_benchmarks/benchmarks/relusplitter/vnnlib/oval21-benchmark_cifar_deep_kw-img4387-eps0.04705882352941177.vnnlib,.006628980,timeout,60.808251064
relusplitter,/home/elipregerson/nnenum/vnncomp2025_benchmarks/benchmarks/relusplitter/onnx/oval21-benchmark_cifar_deep_kw_RSPLITTER_oval21-benchmark_cifar_deep_kw-img4387-eps0.04705882352941177.onnx,/home/elipregerson/nnenum/vnncomp2025_benchmarks/benchmarks/relusplitter/vnnlib/oval21-benchmark_cifar_deep_kw-img4387-eps0.04705882352941177.vnnlib,.006283116,timeout,185.256262479
relusplitter,/home/elipregerson/nnenum/vnncomp2025_benchmarks/benchmarks/relusplitter/onnx/oval21-benchmark_cifar_deep_kw.onnx,/home/elipregerson/nnenum/vnncomp2025_benchmarks/benchmarks/relusplitter/vnnlib/oval21-benchmark_cifar_deep_kw-img2920-eps0.014248366013071896.vnnlib,.006460491,timeout,61.272393389
relusplitter,/home/elipregerson/nnenum/vnncomp2025_benchmarks/benchmarks/relusplitter/onnx/oval21-benchmark_cifar_deep_kw_RSPLITTER_oval21-benchmark_cifar_deep_kw-img2920-eps0.014248366013071896.onnx,/home/elipregerson/nnenum/vnncomp2025_benchmarks/benchmarks/relusplitter/vnnlib/oval21-benchmark_cifar_deep_kw-img2920-eps0.014248366013071896.vnnlib,.006431988,timeout,181.578797874
relusplitter,/home/elipregerson/nnenum/vnncomp2025_benchmarks/benchmarks/relusplitter/onnx/oval21-benchmark_cifar_deep_kw.onnx,/home/elipregerson/nnenum/vnncomp2025_benchmarks/benchmarks/relusplitter/vnnlib/oval21-benchmark_cifar_deep_kw-img4740-eps0.01647058823529412.vnnlib,.006445961,timeout,61.052738654
relusplitter,/home/elipregerson/nnenum/vnncomp2025_benchmarks/benchmarks/relusplitter/onnx/oval21-benchmark_cifar_deep_kw_RSPLITTER_oval21-benchmark_cifar_deep_kw-img4740-eps0.01647058823529412.onnx,/home/elipregerson/nnenum/vnncomp2025_benchmarks/benchmarks/relusplitter/vnnlib/oval21-benchmark_cifar_deep_kw-img4740-eps0.01647058823529412.vnnlib,.006385254,timeout,181.399688565
relusplitter,/home/elipregerson/nnenum/vnncomp2025_benchmarks/benchmarks/relusplitter/onnx/oval21-benchmark_cifar_deep_kw.onnx,/home/elipregerson/nnenum/vnncomp2025_benchmarks/benchmarks/relusplitter/vnnlib/oval21-benchmark_cifar_deep_kw-img917-eps0.04235294117647059.vnnlib,.006562054,timeout,61.409447425
relusplitter,/home/elipregerson/nnenum/vnncomp2025_benchmarks/benchmarks/relusplitter/onnx/oval21-benchmark_cifar_deep_kw_RSPLITTER_oval21-benchmark_cifar_deep_kw-img917-eps0.04235294117647059.onnx,/home/elipregerson/nnenum/vnncomp2025_benchmarks/benchmarks/relusplitter/vnnlib/oval21-benchmark_cifar_deep_kw-img917-eps0.04235294117647059.vnnlib,.006226284,timeout,181.738078745
relusplitter,/home/elipregerson/nnenum/vnncomp2025_benchmarks/benchmarks/relusplitter/onnx/oval21-benchmark_cifar_deep_kw.onnx,/home/elipregerson/nnenum/vnncomp2025_benchmarks/benchmarks/relusplitter/vnnlib/oval21-benchmark_cifar_deep_kw-img5988-eps0.037516339869281046.vnnlib,.006424183,timeout,62.353135095
relusplitter,/home/elipregerson/nnenum/vnncomp2025_benchmarks/benchmarks/relusplitter/onnx/oval21-benchmark_cifar_deep_kw_RSPLITTER_oval21-benchmark_cifar_deep_kw-img5988-eps0.037516339869281046.onnx,/home/elipregerson/nnenum/vnncomp2025_benchmarks/benchmarks/relusplitter/vnnlib/oval21-benchmark_cifar_deep_kw-img5988-eps0.037516339869281046.vnnlib,.006435563,error_exit_code_1,214.294822573
relusplitter,/home/elipregerson/nnenum/vnncomp2025_benchmarks/benchmarks/relusplitter/onnx/oval21-benchmark_cifar_deep_kw.onnx,/home/elipregerson/nnenum/vnncomp2025_benchmarks/benchmarks/relusplitter/vnnlib/oval21-benchmark_cifar_deep_kw-img6254-eps0.013594771241830067.vnnlib,.009839611,timeout,61.122698336
relusplitter,/home/elipregerson/nnenum/vnncomp2025_benchmarks/benchmarks/relusplitter/onnx/oval21-benchmark_cifar_deep_kw_RSPLITTER_oval21-benchmark_cifar_deep_kw-img6254-eps0.013594771241830067.onnx,/home/elipregerson/nnenum/vnncomp2025_benchmarks/benchmarks/relusplitter/vnnlib/oval21-benchmark_cifar_deep_kw-img6254-eps0.013594771241830067.vnnlib,.006377350,timeout,181.115492541
relusplitter,/home/elipregerson/nnenum/vnncomp2025_benchmarks/benchmarks/relusplitter/onnx/oval21-benchmark_cifar_deep_kw.onnx,/home/elipregerson/nnenum/vnncomp2025_benchmarks/benchmarks/relusplitter/vnnlib/oval21-benchmark_cifar_deep_kw-img3782-eps0.053202614379084974.vnnlib,.006225388,timeout,60.907219610
relusplitter,/home/elipregerson/nnenum/vnncomp2025_benchmarks/benchmarks/relusplitter/onnx/oval21-benchmark_cifar_deep_kw_RSPLITTER_oval21-benchmark_cifar_deep_kw-img3782-eps0.053202614379084974.onnx,/home/elipregerson/nnenum/vnncomp2025_benchmarks/benchmarks/relusplitter/vnnlib/oval21-benchmark_cifar_deep_kw-img3782-eps0.053202614379084974.vnnlib,.006348646,run_instance_timeout,240.023812299
relusplitter,/home/elipregerson/nnenum/vnncomp2025_benchmarks/benchmarks/relusplitter/onnx/oval21-benchmark_cifar_wide_kw.onnx,/home/elipregerson/nnenum/vnncomp2025_benchmarks/benchmarks/relusplitter/vnnlib/oval21-benchmark_cifar_wide_kw-img4351-eps0.03633986928104575.vnnlib,.009097596,timeout,61.655414183
relusplitter,/home/elipregerson/nnenum/vnncomp2025_benchmarks/benchmarks/relusplitter/onnx/oval21-benchmark_cifar_wide_kw_RSPLITTER_oval21-benchmark_cifar_wide_kw-img4351-eps0.03633986928104575.onnx,/home/elipregerson/nnenum/vnncomp2025_benchmarks/benchmarks/relusplitter/vnnlib/oval21-benchmark_cifar_wide_kw-img4351-eps0.03633986928104575.vnnlib,.006880327,timeout,180.783816569
relusplitter,/home/elipregerson/nnenum/vnncomp2025_benchmarks/benchmarks/relusplitter/onnx/oval21-benchmark_cifar_wide_kw.onnx,/home/elipregerson/nnenum/vnncomp2025_benchmarks/benchmarks/relusplitter/vnnlib/oval21-benchmark_cifar_wide_kw-img7814-eps0.01738562091503268.vnnlib,.006424219,timeout,60.881035124
relusplitter,/home/elipregerson/nnenum/vnncomp2025_benchmarks/benchmarks/relusplitter/onnx/oval21-benchmark_cifar_wide_kw_RSPLITTER_oval21-benchmark_cifar_wide_kw-img7814-eps0.01738562091503268.onnx,/home/elipregerson/nnenum/vnncomp2025_benchmarks/benchmarks/relusplitter/vnnlib/oval21-benchmark_cifar_wide_kw-img7814-eps0.01738562091503268.vnnlib,.006360649,timeout,182.111935705
relusplitter,/home/elipregerson/nnenum/vnncomp2025_benchmarks/benchmarks/relusplitter/onnx/oval21-benchmark_cifar_wide_kw.onnx,/home/elipregerson/nnenum/vnncomp2025_benchmarks/benchmarks/relusplitter/vnnlib/oval21-benchmark_cifar_wide_kw-img2440-eps0.010588235294117648.vnnlib,.006217664,timeout,61.047665747
relusplitter,/home/elipregerson/nnenum/vnncomp2025_benchmarks/benchmarks/relusplitter/onnx/oval21-benchmark_cifar_wide_kw_RSPLITTER_oval21-benchmark_cifar_wide_kw-img2440-eps0.010588235294117648.onnx,/home/elipregerson/nnenum/vnncomp2025_benchmarks/benchmarks/relusplitter/vnnlib/oval21-benchmark_cifar_wide_kw-img2440-eps0.010588235294117648.vnnlib,.006542374,timeout,181.980311935
relusplitter,/home/elipregerson/nnenum/vnncomp2025_benchmarks/benchmarks/relusplitter/onnx/oval21-benchmark_cifar_wide_kw.onnx,/home/elipregerson/nnenum/vnncomp2025_benchmarks/benchmarks/relusplitter/vnnlib/oval21-benchmark_cifar_wide_kw-img6947-eps0.019084967320261437.vnnlib,.006356535,timeout,61.935167007
relusplitter,/home/elipregerson/nnenum/vnncomp2025_benchmarks/benchmarks/relusplitter/onnx/oval21-benchmark_cifar_wide_kw_RSPLITTER_oval21-benchmark_cifar_wide_kw-img6947-eps0.019084967320261437.onnx,/home/elipregerson/nnenum/vnncomp2025_benchmarks/benchmarks/relusplitter/vnnlib/oval21-benchmark_cifar_wide_kw-img6947-eps0.019084967320261437.vnnlib,.006260121,error_exit_code_1,62.411642399
relusplitter,/home/elipregerson/nnenum/vnncomp2025_benchmarks/benchmarks/relusplitter/onnx/oval21-benchmark_cifar_wide_kw.onnx,/home/elipregerson/nnenum/vnncomp2025_benchmarks/benchmarks/relusplitter/vnnlib/oval21-benchmark_cifar_wide_kw-img4760-eps0.0134640522875817.vnnlib,.006809285,timeout,61.487687378
relusplitter,/home/elipregerson/nnenum/vnncomp2025_benchmarks/benchmarks/relusplitter/onnx/oval21-benchmark_cifar_wide_kw_RSPLITTER_oval21-benchmark_cifar_wide_kw-img4760-eps0.0134640522875817.onnx,/home/elipregerson/nnenum/vnncomp2025_benchmarks/benchmarks/relusplitter/vnnlib/oval21-benchmark_cifar_wide_kw-img4760-eps0.0134640522875817.vnnlib,.006365617,timeout,181.787154131
relusplitter,/home/elipregerson/nnenum/vnncomp2025_benchmarks/benchmarks/relusplitter/onnx/oval21-benchmark_cifar_wide_kw.onnx,/home/elipregerson/nnenum/vnncomp2025_benchmarks/benchmarks/relusplitter/vnnlib/oval21-benchmark_cifar_wide_kw-img4409-eps0.021307189542483663.vnnlib,.006141961,timeout,61.039406266
relusplitter,/home/elipregerson/nnenum/vnncomp2025_benchmarks/benchmarks/relusplitter/onnx/oval21-benchmark_cifar_wide_kw_RSPLITTER_oval21-benchmark_cifar_wide_kw-img4409-eps0.021307189542483663.onnx,/home/elipregerson/nnenum/vnncomp2025_benchmarks/benchmarks/relusplitter/vnnlib/oval21-benchmark_cifar_wide_kw-img4409-eps0.021307189542483663.vnnlib,.006212854,timeout,181.818027748
relusplitter,/home/elipregerson/nnenum/vnncomp2025_benchmarks/benchmarks/relusplitter/onnx/oval21-benchmark_cifar_wide_kw.onnx,/home/elipregerson/nnenum/vnncomp2025_benchmarks/benchmarks/relusplitter/vnnlib/oval21-benchmark_cifar_wide_kw-img773-eps0.0026143790849673205.vnnlib,.006175196,sat,5.791098280
relusplitter,/home/elipregerson/nnenum/vnncomp2025_benchmarks/benchmarks/relusplitter/onnx/oval21-benchmark_cifar_wide_kw_RSPLITTER_oval21-benchmark_cifar_wide_kw-img773-eps0.0026143790849673205.onnx,/home/elipregerson/nnenum/vnncomp2025_benchmarks/benchmarks/relusplitter/vnnlib/oval21-benchmark_cifar_wide_kw-img773-eps0.0026143790849673205.vnnlib,.006328783,sat,15.003360433
relusplitter,/home/elipregerson/nnenum/vnncomp2025_benchmarks/benchmarks/relusplitter/onnx/oval21-benchmark_cifar_wide_kw.onnx,/home/elipregerson/nnenum/vnncomp2025_benchmarks/benchmarks/relusplitter/vnnlib/oval21-benchmark_cifar_wide_kw-img7176-eps0.004183006535947713.vnnlib,.006358701,timeout,61.312277040
relusplitter,/home/elipregerson/nnenum/vnncomp2025_benchmarks/benchmarks/relusplitter/onnx/oval21-benchmark_cifar_wide_kw_RSPLITTER_oval21-benchmark_cifar_wide_kw-img7176-eps0.004183006535947713.onnx,/home/elipregerson/nnenum/vnncomp2025_benchmarks/benchmarks/relusplitter/vnnlib/oval21-benchmark_cifar_wide_kw-img7176-eps0.004183006535947713.vnnlib,.006198153,timeout,182.087849659
relusplitter,/home/elipregerson/nnenum/vnncomp2025_benchmarks/benchmarks/relusplitter/onnx/oval21-benchmark_cifar_wide_kw.onnx,/home/elipregerson/nnenum/vnncomp2025_benchmarks/benchmarks/relusplitter/vnnlib/oval21-benchmark_cifar_wide_kw-img4279-eps0.02143790849673203.vnnlib,.006106180,timeout,61.571165649
relusplitter,/home/elipregerson/nnenum/vnncomp2025_benchmarks/benchmarks/relusplitter/onnx/oval21-benchmark_cifar_wide_kw_RSPLITTER_oval21-benchmark_cifar_wide_kw-img4279-eps0.02143790849673203.onnx,/home/elipregerson/nnenum/vnncomp2025_benchmarks/benchmarks/relusplitter/vnnlib/oval21-benchmark_cifar_wide_kw-img4279-eps0.02143790849673203.vnnlib,.006265002,timeout,184.561588151
relusplitter,/home/elipregerson/nnenum/vnncomp2025_benchmarks/benchmarks/relusplitter/onnx/oval21-benchmark_cifar_wide_kw.onnx,/home/elipregerson/nnenum/vnncomp2025_benchmarks/benchmarks/relusplitter/vnnlib/oval21-benchmark_cifar_wide_kw-img7442-eps0.006666666666666667.vnnlib,.006392114,timeout,61.321764262
relusplitter,/home/elipregerson/nnenum/vnncomp2025_benchmarks/benchmarks/relusplitter/onnx/oval21-benchmark_cifar_wide_kw_RSPLITTER_oval21-benchmark_cifar_wide_kw-img7442-eps0.006666666666666667.onnx,/home/elipregerson/nnenum/vnncomp2025_benchmarks/benchmarks/relusplitter/vnnlib/oval21-benchmark_cifar_wide_kw-img7442-eps0.006666666666666667.vnnlib,.006153949,timeout,181.346270724
relusplitter,/home/elipregerson/nnenum/vnncomp2025_benchmarks/benchmarks/relusplitter/onnx/cifar_biasfield_vnncomp2022_cifar_bias_field_28.onnx,/home/elipregerson/nnenum/vnncomp2025_benchmarks/benchmarks/relusplitter/vnnlib/cifar_biasfield_vnncomp2022_prop_28.vnnlib,.006358891,timeout,61.053187255
relusplitter,/home/elipregerson/nnenum/vnncomp2025_benchmarks/benchmarks/relusplitter/onnx/cifar_biasfield_vnncomp2022_cifar_bias_field_28_RSPLITTER_cifar_biasfield_vnncomp2022_prop_28.onnx,/home/elipregerson/nnenum/vnncomp2025_benchmarks/benchmarks/relusplitter/vnnlib/cifar_biasfield_vnncomp2022_prop_28.vnnlib,.006062224,timeout,180.716710055
relusplitter,/home/elipregerson/nnenum/vnncomp2025_benchmarks/benchmarks/relusplitter/onnx/cifar_biasfield_vnncomp2022_cifar_bias_field_8.onnx,/home/elipregerson/nnenum/vnncomp2025_benchmarks/benchmarks/relusplitter/vnnlib/cifar_biasfield_vnncomp2022_prop_8.vnnlib,.006098830,timeout,60.685788956
relusplitter,/home/elipregerson/nnenum/vnncomp2025_benchmarks/benchmarks/relusplitter/onnx/cifar_biasfield_vnncomp2022_cifar_bias_field_8_RSPLITTER_cifar_biasfield_vnncomp2022_prop_8.onnx,/home/elipregerson/nnenum/vnncomp2025_benchmarks/benchmarks/relusplitter/vnnlib/cifar_biasfield_vnncomp2022_prop_8.vnnlib,.005960368,timeout,181.290300597
relusplitter,/home/elipregerson/nnenum/vnncomp2025_benchmarks/benchmarks/relusplitter/onnx/cifar_biasfield_vnncomp2022_cifar_bias_field_19.onnx,/home/elipregerson/nnenum/vnncomp2025_benchmarks/benchmarks/relusplitter/vnnlib/cifar_biasfield_vnncomp2022_prop_19.vnnlib,.006244798,unsat,1.317743688
relusplitter,/home/elipregerson/nnenum/vnncomp2025_benchmarks/benchmarks/relusplitter/onnx/cifar_biasfield_vnncomp2022_cifar_bias_field_19_RSPLITTER_cifar_biasfield_vnncomp2022_prop_19.onnx,/home/elipregerson/nnenum/vnncomp2025_benchmarks/benchmarks/relusplitter/vnnlib/cifar_biasfield_vnncomp2022_prop_19.vnnlib,.006172202,timeout,181.355823709
relusplitter,/home/elipregerson/nnenum/vnncomp2025_benchmarks/benchmarks/relusplitter/onnx/cifar_biasfield_vnncomp2022_cifar_bias_field_45.onnx,/home/elipregerson/nnenum/vnncomp2025_benchmarks/benchmarks/relusplitter/vnnlib/cifar_biasfield_vnncomp2022_prop_45.vnnlib,.006143828,timeout,61.564809018
relusplitter,/home/elipregerson/nnenum/vnncomp2025_benchmarks/benchmarks/relusplitter/onnx/cifar_biasfield_vnncomp2022_cifar_bias_field_45_RSPLITTER_cifar_biasfield_vnncomp2022_prop_45.onnx,/home/elipregerson/nnenum/vnncomp2025_benchmarks/benchmarks/relusplitter/vnnlib/cifar_biasfield_vnncomp2022_prop_45.vnnlib,.006225532,timeout,180.857850305
relusplitter,/home/elipregerson/nnenum/vnncomp2025_benchmarks/benchmarks/relusplitter/onnx/cifar_biasfield_vnncomp2022_cifar_bias_field_24.onnx,/home/elipregerson/nnenum/vnncomp2025_benchmarks/benchmarks/relusplitter/vnnlib/cifar_biasfield_vnncomp2022_prop_24.vnnlib,.006144763,unsat,28.058526749
relusplitter,/home/elipregerson/nnenum/vnncomp2025_benchmarks/benchmarks/relusplitter/onnx/cifar_biasfield_vnncomp2022_cifar_bias_field_24_RSPLITTER_cifar_biasfield_vnncomp2022_prop_24.onnx,/home/elipregerson/nnenum/vnncomp2025_benchmarks/benchmarks/relusplitter/vnnlib/cifar_biasfield_vnncomp2022_prop_24.vnnlib,.006330779,timeout,181.023221295
relusplitter,/home/elipregerson/nnenum/vnncomp2025_benchmarks/benchmarks/relusplitter/onnx/cifar_biasfield_vnncomp2022_cifar_bias_field_1.onnx,/home/elipregerson/nnenum/vnncomp2025_benchmarks/benchmarks/relusplitter/vnnlib/cifar_biasfield_vnncomp2022_prop_1.vnnlib,.006424053,timeout,60.679178440
relusplitter,/home/elipregerson/nnenum/vnncomp2025_benchmarks/benchmarks/relusplitter/onnx/cifar_biasfield_vnncomp2022_cifar_bias_field_1_RSPLITTER_cifar_biasfield_vnncomp2022_prop_1.onnx,/home/elipregerson/nnenum/vnncomp2025_benchmarks/benchmarks/relusplitter/vnnlib/cifar_biasfield_vnncomp2022_prop_1.vnnlib,.006339623,timeout,180.875755341
relusplitter,/home/elipregerson/nnenum/vnncomp2025_benchmarks/benchmarks/relusplitter/onnx/cifar_biasfield_vnncomp2022_cifar_bias_field_15.onnx,/home/elipregerson/nnenum/vnncomp2025_benchmarks/benchmarks/relusplitter/vnnlib/cifar_biasfield_vnncomp2022_prop_15.vnnlib,.006139023,timeout,60.686244478
relusplitter,/home/elipregerson/nnenum/vnncomp2025_benchmarks/benchmarks/relusplitter/onnx/cifar_biasfield_vnncomp2022_cifar_bias_field_15_RSPLITTER_cifar_biasfield_vnncomp2022_prop_15.onnx,/home/elipregerson/nnenum/vnncomp2025_benchmarks/benchmarks/relusplitter/vnnlib/cifar_biasfield_vnncomp2022_prop_15.vnnlib,.006222670,timeout,180.909355621
relusplitter,/home/elipregerson/nnenum/vnncomp2025_benchmarks/benchmarks/relusplitter/onnx/cifar_biasfield_vnncomp2022_cifar_bias_field_46.onnx,/home/elipregerson/nnenum/vnncomp2025_benchmarks/benchmarks/relusplitter/vnnlib/cifar_biasfield_vnncomp2022_prop_46.vnnlib,.006122551,run_instance_timeout,120.008063693
relusplitter,/home/elipregerson/nnenum/vnncomp2025_benchmarks/benchmarks/relusplitter/onnx/cifar_biasfield_vnncomp2022_cifar_bias_field_46_RSPLITTER_cifar_biasfield_vnncomp2022_prop_46.onnx,/home/elipregerson/nnenum/vnncomp2025_benchmarks/benchmarks/relusplitter/vnnlib/cifar_biasfield_vnncomp2022_prop_46.vnnlib,.006282559,timeout,180.789638921
relusplitter,/home/elipregerson/nnenum/vnncomp2025_benchmarks/benchmarks/relusplitter/onnx/cifar_biasfield_vnncomp2022_cifar_bias_field_22.onnx,/home/elipregerson/nnenum/vnncomp2025_benchmarks/benchmarks/relusplitter/vnnlib/cifar_biasfield_vnncomp2022_prop_22.vnnlib,.006387351,timeout,68.040211851
relusplitter,/home/elipregerson/nnenum/vnncomp2025_benchmarks/benchmarks/relusplitter/onnx/cifar_biasfield_vnncomp2022_cifar_bias_field_22_RSPLITTER_cifar_biasfield_vnncomp2022_prop_22.onnx,/home/elipregerson/nnenum/vnncomp2025_benchmarks/benchmarks/relusplitter/vnnlib/cifar_biasfield_vnncomp2022_prop_22.vnnlib,.006185565,timeout,180.728564278
relusplitter,/home/elipregerson/nnenum/vnncomp2025_benchmarks/benchmarks/relusplitter/onnx/cifar_biasfield_vnncomp2022_cifar_bias_field_26.onnx,/home/elipregerson/nnenum/vnncomp2025_benchmarks/benchmarks/relusplitter/vnnlib/cifar_biasfield_vnncomp2022_prop_26.vnnlib,.006170515,unsat,1.084735110
relusplitter,/home/elipregerson/nnenum/vnncomp2025_benchmarks/benchmarks/relusplitter/onnx/cifar_biasfield_vnncomp2022_cifar_bias_field_26_RSPLITTER_cifar_biasfield_vnncomp2022_prop_26.onnx,/home/elipregerson/nnenum/vnncomp2025_benchmarks/benchmarks/relusplitter/vnnlib/cifar_biasfield_vnncomp2022_prop_26.vnnlib,.006288817,timeout,180.862237719
relusplitter,/home/elipregerson/nnenum/vnncomp2025_benchmarks/benchmarks/relusplitter/onnx/cifar_biasfield_vnncomp2022_cifar_bias_field_40.onnx,/home/elipregerson/nnenum/vnncomp2025_benchmarks/benchmarks/relusplitter/vnnlib/cifar_biasfield_vnncomp2022_prop_40.vnnlib,.006131658,sat,20.907800473
relusplitter,/home/elipregerson/nnenum/vnncomp2025_benchmarks/benchmarks/relusplitter/onnx/cifar_biasfield_vnncomp2022_cifar_bias_field_40_RSPLITTER_cifar_biasfield_vnncomp2022_prop_40.onnx,/home/elipregerson/nnenum/vnncomp2025_benchmarks/benchmarks/relusplitter/vnnlib/cifar_biasfield_vnncomp2022_prop_40.vnnlib,.006159600,timeout,180.887196799
relusplitter,/home/elipregerson/nnenum/vnncomp2025_benchmarks/benchmarks/relusplitter/onnx/cifar_biasfield_vnncomp2022_cifar_bias_field_64.onnx,/home/elipregerson/nnenum/vnncomp2025_benchmarks/benchmarks/relusplitter/vnnlib/cifar_biasfield_vnncomp2022_prop_64.vnnlib,.006044390,timeout,60.691772107
relusplitter,/home/elipregerson/nnenum/vnncomp2025_benchmarks/benchmarks/relusplitter/onnx/cifar_biasfield_vnncomp2022_cifar_bias_field_64_RSPLITTER_cifar_biasfield_vnncomp2022_prop_64.onnx,/home/elipregerson/nnenum/vnncomp2025_benchmarks/benchmarks/relusplitter/vnnlib/cifar_biasfield_vnncomp2022_prop_64.vnnlib,.006711647,timeout,181.069583717
relusplitter,/home/elipregerson/nnenum/vnncomp2025_benchmarks/benchmarks/relusplitter/onnx/cifar_biasfield_vnncomp2022_cifar_bias_field_66.onnx,/home/elipregerson/nnenum/vnncomp2025_benchmarks/benchmarks/relusplitter/vnnlib/cifar_biasfield_vnncomp2022_prop_66.vnnlib,.006219681,unsat,1.352129554
relusplitter,/home/elipregerson/nnenum/vnncomp2025_benchmarks/benchmarks/relusplitter/onnx/cifar_biasfield_vnncomp2022_cifar_bias_field_66_RSPLITTER_cifar_biasfield_vnncomp2022_prop_66.onnx,/home/elipregerson/nnenum/vnncomp2025_benchmarks/benchmarks/relusplitter/vnnlib/cifar_biasfield_vnncomp2022_prop_66.vnnlib,.006027492,timeout,180.835165752
relusplitter,/home/elipregerson/nnenum/vnncomp2025_benchmarks/benchmarks/relusplitter/onnx/cifar_biasfield_vnncomp2022_cifar_bias_field_11.onnx,/home/elipregerson/nnenum/vnncomp2025_benchmarks/benchmarks/relusplitter/vnnlib/cifar_biasfield_vnncomp2022_prop_11.vnnlib,.005921957,timeout,60.904476653
relusplitter,/home/elipregerson/nnenum/vnncomp2025_benchmarks/benchmarks/relusplitter/onnx/cifar_biasfield_vnncomp2022_cifar_bias_field_11_RSPLITTER_cifar_biasfield_vnncomp2022_prop_11.onnx,/home/elipregerson/nnenum/vnncomp2025_benchmarks/benchmarks/relusplitter/vnnlib/cifar_biasfield_vnncomp2022_prop_11.vnnlib,.006208714,timeout,180.815562584
relusplitter,/home/elipregerson/nnenum/vnncomp2025_benchmarks/benchmarks/relusplitter/onnx/cifar_biasfield_vnncomp2022_cifar_bias_field_50.onnx,/home/elipregerson/nnenum/vnncomp2025_benchmarks/benchmarks/relusplitter/vnnlib/cifar_biasfield_vnncomp2022_prop_50.vnnlib,.006078006,timeout,69.730065941
relusplitter,/home/elipregerson/nnenum/vnncomp2025_benchmarks/benchmarks/relusplitter/onnx/cifar_biasfield_vnncomp2022_cifar_bias_field_50_RSPLITTER_cifar_biasfield_vnncomp2022_prop_50.onnx,/home/elipregerson/nnenum/vnncomp2025_benchmarks/benchmarks/relusplitter/vnnlib/cifar_biasfield_vnncomp2022_prop_50.vnnlib,.006069865,timeout,181.108010095
relusplitter,/home/elipregerson/nnenum/vnncomp2025_benchmarks/benchmarks/relusplitter/onnx/cifar_biasfield_vnncomp2022_cifar_bias_field_14.onnx,/home/elipregerson/nnenum/vnncomp2025_benchmarks/benchmarks/relusplitter/vnnlib/cifar_biasfield_vnncomp2022_prop_14.vnnlib,.007670901,timeout,87.065641405
relusplitter,/home/elipregerson/nnenum/vnncomp2025_benchmarks/benchmarks/relusplitter/onnx/cifar_biasfield_vnncomp2022_cifar_bias_field_14_RSPLITTER_cifar_biasfield_vnncomp2022_prop_14.onnx,/home/elipregerson/nnenum/vnncomp2025_benchmarks/benchmarks/relusplitter/vnnlib/cifar_biasfield_vnncomp2022_prop_14.vnnlib,.006020835,timeout,180.787590272
relusplitter,/home/elipregerson/nnenum/vnncomp2025_benchmarks/benchmarks/relusplitter/onnx/cifar_biasfield_vnncomp2022_cifar_bias_field_20.onnx,/home/elipregerson/nnenum/vnncomp2025_benchmarks/benchmarks/relusplitter/vnnlib/cifar_biasfield_vnncomp2022_prop_20.vnnlib,.006084573,timeout,67.863009678
relusplitter,/home/elipregerson/nnenum/vnncomp2025_benchmarks/benchmarks/relusplitter/onnx/cifar_biasfield_vnncomp2022_cifar_bias_field_20_RSPLITTER_cifar_biasfield_vnncomp2022_prop_20.onnx,/home/elipregerson/nnenum/vnncomp2025_benchmarks/benchmarks/relusplitter/vnnlib/cifar_biasfield_vnncomp2022_prop_20.vnnlib,.006009706,timeout,181.314331720
relusplitter,/home/elipregerson/nnenum/vnncomp2025_benchmarks/benchmarks/relusplitter/onnx/cifar_biasfield_vnncomp2022_cifar_bias_field_16.onnx,/home/elipregerson/nnenum/vnncomp2025_benchmarks/benchmarks/relusplitter/vnnlib/cifar_biasfield_vnncomp2022_prop_16.vnnlib,.005971841,timeout,119.670056765
relusplitter,/home/elipregerson/nnenum/vnncomp2025_benchmarks/benchmarks/relusplitter/onnx/cifar_biasfield_vnncomp2022_cifar_bias_field_16_RSPLITTER_cifar_biasfield_vnncomp2022_prop_16.onnx,/home/elipregerson/nnenum/vnncomp2025_benchmarks/benchmarks/relusplitter/vnnlib/cifar_biasfield_vnncomp2022_prop_16.vnnlib,.006088653,timeout,184.487030911
relusplitter,/home/elipregerson/nnenum/vnncomp2025_benchmarks/benchmarks/relusplitter/onnx/cifar_biasfield_vnncomp2022_cifar_bias_field_29.onnx,/home/elipregerson/nnenum/vnncomp2025_benchmarks/benchmarks/relusplitter/vnnlib/cifar_biasfield_vnncomp2022_prop_29.vnnlib,.005917671,timeout,70.001830180
relusplitter,/home/elipregerson/nnenum/vnncomp2025_benchmarks/benchmarks/relusplitter/onnx/cifar_biasfield_vnncomp2022_cifar_bias_field_29_RSPLITTER_cifar_biasfield_vnncomp2022_prop_29.onnx,/home/elipregerson/nnenum/vnncomp2025_benchmarks/benchmarks/relusplitter/vnnlib/cifar_biasfield_vnncomp2022_prop_29.vnnlib,.006159575,timeout,180.714320457
relusplitter,/home/elipregerson/nnenum/vnncomp2025_benchmarks/benchmarks/relusplitter/onnx/cifar_biasfield_vnncomp2022_cifar_bias_field_70.onnx,/home/elipregerson/nnenum/vnncomp2025_benchmarks/benchmarks/relusplitter/vnnlib/cifar_biasfield_vnncomp2022_prop_70.vnnlib,.006077291,timeout,60.710541550
relusplitter,/home/elipregerson/nnenum/vnncomp2025_benchmarks/benchmarks/relusplitter/onnx/cifar_biasfield_vnncomp2022_cifar_bias_field_70_RSPLITTER_cifar_biasfield_vnncomp2022_prop_70.onnx,/home/elipregerson/nnenum/vnncomp2025_benchmarks/benchmarks/relusplitter/vnnlib/cifar_biasfield_vnncomp2022_prop_70.vnnlib,.006361780,timeout,180.995271416
relusplitter,/home/elipregerson/nnenum/vnncomp2025_benchmarks/benchmarks/relusplitter/onnx/cifar_biasfield_vnncomp2022_cifar_bias_field_2.onnx,/home/elipregerson/nnenum/vnncomp2025_benchmarks/benchmarks/relusplitter/vnnlib/cifar_biasfield_vnncomp2022_prop_2.vnnlib,.005979023,timeout,60.701567491
relusplitter,/home/elipregerson/nnenum/vnncomp2025_benchmarks/benchmarks/relusplitter/onnx/cifar_biasfield_vnncomp2022_cifar_bias_field_2_RSPLITTER_cifar_biasfield_vnncomp2022_prop_2.onnx,/home/elipregerson/nnenum/vnncomp2025_benchmarks/benchmarks/relusplitter/vnnlib/cifar_biasfield_vnncomp2022_prop_2.vnnlib,.006040620,timeout,198.538069293
relusplitter,/home/elipregerson/nnenum/vnncomp2025_benchmarks/benchmarks/relusplitter/onnx/cifar_biasfield_vnncomp2022_cifar_bias_field_49.onnx,/home/elipregerson/nnenum/vnncomp2025_benchmarks/benchmarks/relusplitter/vnnlib/cifar_biasfield_vnncomp2022_prop_49.vnnlib,.006119912,timeout,60.700946361
relusplitter,/home/elipregerson/nnenum/vnncomp2025_benchmarks/benchmarks/relusplitter/onnx/cifar_biasfield_vnncomp2022_cifar_bias_field_49_RSPLITTER_cifar_biasfield_vnncomp2022_prop_49.onnx,/home/elipregerson/nnenum/vnncomp2025_benchmarks/benchmarks/relusplitter/vnnlib/cifar_biasfield_vnncomp2022_prop_49.vnnlib,.006153986,timeout,181.377380991
relusplitter,/home/elipregerson/nnenum/vnncomp2025_benchmarks/benchmarks/relusplitter/onnx/cifar_biasfield_vnncomp2022_cifar_bias_field_37.onnx,/home/elipregerson/nnenum/vnncomp2025_benchmarks/benchmarks/relusplitter/vnnlib/cifar_biasfield_vnncomp2022_prop_37.vnnlib,.006189371,unsat,1.688075749
relusplitter,/home/elipregerson/nnenum/vnncomp2025_benchmarks/benchmarks/relusplitter/onnx/cifar_biasfield_vnncomp2022_cifar_bias_field_37_RSPLITTER_cifar_biasfield_vnncomp2022_prop_37.onnx,/home/elipregerson/nnenum/vnncomp2025_benchmarks/benchmarks/relusplitter/vnnlib/cifar_biasfield_vnncomp2022_prop_37.vnnlib,.006108608,timeout,180.728989675
relusplitter,/home/elipregerson/nnenum/vnncomp2025_benchmarks/benchmarks/relusplitter/onnx/cifar_biasfield_vnncomp2022_cifar_bias_field_69.onnx,/home/elipregerson/nnenum/vnncomp2025_benchmarks/benchmarks/relusplitter/vnnlib/cifar_biasfield_vnncomp2022_prop_69.vnnlib,.006058089,timeout,60.759678585
relusplitter,/home/elipregerson/nnenum/vnncomp2025_benchmarks/benchmarks/relusplitter/onnx/cifar_biasfield_vnncomp2022_cifar_bias_field_69_RSPLITTER_cifar_biasfield_vnncomp2022_prop_69.onnx,/home/elipregerson/nnenum/vnncomp2025_benchmarks/benchmarks/relusplitter/vnnlib/cifar_biasfield_vnncomp2022_prop_69.vnnlib,.006128898,timeout,180.702236492
relusplitter,/home/elipregerson/nnenum/vnncomp2025_benchmarks/benchmarks/relusplitter/onnx/cifar_biasfield_vnncomp2022_cifar_bias_field_43.onnx,/home/elipregerson/nnenum/vnncomp2025_benchmarks/benchmarks/relusplitter/vnnlib/cifar_biasfield_vnncomp2022_prop_43.vnnlib,.006060096,timeout,61.003475647
relusplitter,/home/elipregerson/nnenum/vnncomp2025_benchmarks/benchmarks/relusplitter/onnx/cifar_biasfield_vnncomp2022_cifar_bias_field_43_RSPLITTER_cifar_biasfield_vnncomp2022_prop_43.onnx,/home/elipregerson/nnenum/vnncomp2025_benchmarks/benchmarks/relusplitter/vnnlib/cifar_biasfield_vnncomp2022_prop_43.vnnlib,.006165126,timeout,180.788283419
relusplitter,/home/elipregerson/nnenum/vnncomp2025_benchmarks/benchmarks/relusplitter/onnx/cifar_biasfield_vnncomp2022_cifar_bias_field_41.onnx,/home/elipregerson/nnenum/vnncomp2025_benchmarks/benchmarks/relusplitter/vnnlib/cifar_biasfield_vnncomp2022_prop_41.vnnlib,.006132049,run_instance_timeout,120.008687759
relusplitter,/home/elipregerson/nnenum/vnncomp2025_benchmarks/benchmarks/relusplitter/onnx/cifar_biasfield_vnncomp2022_cifar_bias_field_41_RSPLITTER_cifar_biasfield_vnncomp2022_prop_41.onnx,/home/elipregerson/nnenum/vnncomp2025_benchmarks/benchmarks/relusplitter/vnnlib/cifar_biasfield_vnncomp2022_prop_41.vnnlib,.006116157,timeout,180.890618016
relusplitter,/home/elipregerson/nnenum/vnncomp2025_benchmarks/benchmarks/relusplitter/onnx/cifar_biasfield_vnncomp2022_cifar_bias_field_21.onnx,/home/elipregerson/nnenum/vnncomp2025_benchmarks/benchmarks/relusplitter/vnnlib/cifar_biasfield_vnncomp2022_prop_21.vnnlib,.006110916,sat,46.476064423
relusplitter,/home/elipregerson/nnenum/vnncomp2025_benchmarks/benchmarks/relusplitter/onnx/cifar_biasfield_vnncomp2022_cifar_bias_field_21_RSPLITTER_cifar_biasfield_vnncomp2022_prop_21.onnx,/home/elipregerson/nnenum/vnncomp2025_benchmarks/benchmarks/relusplitter/vnnlib/cifar_biasfield_vnncomp2022_prop_21.vnnlib,.006107530,timeout,181.005862184
relusplitter,/home/elipregerson/nnenum/vnncomp2025_benchmarks/benchmarks/relusplitter/onnx/cifar_biasfield_vnncomp2022_cifar_bias_field_63.onnx,/home/elipregerson/nnenum/vnncomp2025_benchmarks/benchmarks/relusplitter/vnnlib/cifar_biasfield_vnncomp2022_prop_63.vnnlib,.005999767,timeout,84.915729973
relusplitter,/home/elipregerson/nnenum/vnncomp2025_benchmarks/benchmarks/relusplitter/onnx/cifar_biasfield_vnncomp2022_cifar_bias_field_63_RSPLITTER_cifar_biasfield_vnncomp2022_prop_63.onnx,/home/elipregerson/nnenum/vnncomp2025_benchmarks/benchmarks/relusplitter/vnnlib/cifar_biasfield_vnncomp2022_prop_63.vnnlib,.006262583,timeout,180.823253011
relusplitter,/home/elipregerson/nnenum/vnncomp2025_benchmarks/benchmarks/relusplitter/onnx/cifar_biasfield_vnncomp2022_cifar_bias_field_36.onnx,/home/elipregerson/nnenum/vnncomp2025_benchmarks/benchmarks/relusplitter/vnnlib/cifar_biasfield_vnncomp2022_prop_36.vnnlib,.005990895,timeout,73.943022477
relusplitter,/home/elipregerson/nnenum/vnncomp2025_benchmarks/benchmarks/relusplitter/onnx/cifar_biasfield_vnncomp2022_cifar_bias_field_36_RSPLITTER_cifar_biasfield_vnncomp2022_prop_36.onnx,/home/elipregerson/nnenum/vnncomp2025_benchmarks/benchmarks/relusplitter/vnnlib/cifar_biasfield_vnncomp2022_prop_36.vnnlib,.005998976,timeout,180.851726859
relusplitter,/home/elipregerson/nnenum/vnncomp2025_benchmarks/benchmarks/relusplitter/onnx/cifar_biasfield_vnncomp2022_cifar_bias_field_18.onnx,/home/elipregerson/nnenum/vnncomp2025_benchmarks/benchmarks/relusplitter/vnnlib/cifar_biasfield_vnncomp2022_prop_18.vnnlib,.005999781,timeout,60.711431589
relusplitter,/home/elipregerson/nnenum/vnncomp2025_benchmarks/benchmarks/relusplitter/onnx/cifar_biasfield_vnncomp2022_cifar_bias_field_18_RSPLITTER_cifar_biasfield_vnncomp2022_prop_18.onnx,/home/elipregerson/nnenum/vnncomp2025_benchmarks/benchmarks/relusplitter/vnnlib/cifar_biasfield_vnncomp2022_prop_18.vnnlib,.006356692,timeout,180.675831582
relusplitter,/home/elipregerson/nnenum/vnncomp2025_benchmarks/benchmarks/relusplitter/onnx/cifar_biasfield_vnncomp2022_cifar_bias_field_4.onnx,/home/elipregerson/nnenum/vnncomp2025_benchmarks/benchmarks/relusplitter/vnnlib/cifar_biasfield_vnncomp2022_prop_4.vnnlib,.006077426,timeout,103.602361244
relusplitter,/home/elipregerson/nnenum/vnncomp2025_benchmarks/benchmarks/relusplitter/onnx/cifar_biasfield_vnncomp2022_cifar_bias_field_4_RSPLITTER_cifar_biasfield_vnncomp2022_prop_4.onnx,/home/elipregerson/nnenum/vnncomp2025_benchmarks/benchmarks/relusplitter/vnnlib/cifar_biasfield_vnncomp2022_prop_4.vnnlib,.006086083,timeout,181.016897479
relusplitter,/home/elipregerson/nnenum/vnncomp2025_benchmarks/benchmarks/relusplitter/onnx/cifar_biasfield_vnncomp2022_cifar_bias_field_34.onnx,/home/elipregerson/nnenum/vnncomp2025_benchmarks/benchmarks/relusplitter/vnnlib/cifar_biasfield_vnncomp2022_prop_34.vnnlib,.006055248,timeout,60.874389869
relusplitter,/home/elipregerson/nnenum/vnncomp2025_benchmarks/benchmarks/relusplitter/onnx/cifar_biasfield_vnncomp2022_cifar_bias_field_34_RSPLITTER_cifar_biasfield_vnncomp2022_prop_34.onnx,/home/elipregerson/nnenum/vnncomp2025_benchmarks/benchmarks/relusplitter/vnnlib/cifar_biasfield_vnncomp2022_prop_34.vnnlib,.006077629,timeout,180.684549535
relusplitter,/home/elipregerson/nnenum/vnncomp2025_benchmarks/benchmarks/relusplitter/onnx/cifar_biasfield_vnncomp2022_cifar_bias_field_25.onnx,/home/elipregerson/nnenum/vnncomp2025_benchmarks/benchmarks/relusplitter/vnnlib/cifar_biasfield_vnncomp2022_prop_25.vnnlib,.006690979,run_instance_timeout,120.009153867
relusplitter,/home/elipregerson/nnenum/vnncomp2025_benchmarks/benchmarks/relusplitter/onnx/cifar_biasfield_vnncomp2022_cifar_bias_field_25_RSPLITTER_cifar_biasfield_vnncomp2022_prop_25.onnx,/home/elipregerson/nnenum/vnncomp2025_benchmarks/benchmarks/relusplitter/vnnlib/cifar_biasfield_vnncomp2022_prop_25.vnnlib,.008019340,timeout,185.732836163
relusplitter,/home/elipregerson/nnenum/vnncomp2025_benchmarks/benchmarks/relusplitter/onnx/cifar_biasfield_vnncomp2022_cifar_bias_field_31.onnx,/home/elipregerson/nnenum/vnncomp2025_benchmarks/benchmarks/relusplitter/vnnlib/cifar_biasfield_vnncomp2022_prop_31.vnnlib,.010948654,unsat,1.503153747
relusplitter,/home/elipregerson/nnenum/vnncomp2025_benchmarks/benchmarks/relusplitter/onnx/cifar_biasfield_vnncomp2022_cifar_bias_field_31_RSPLITTER_cifar_biasfield_vnncomp2022_prop_31.onnx,/home/elipregerson/nnenum/vnncomp2025_benchmarks/benchmarks/relusplitter/vnnlib/cifar_biasfield_vnncomp2022_prop_31.vnnlib,.010163177,timeout,181.723526091
relusplitter,/home/elipregerson/nnenum/vnncomp2025_benchmarks/benchmarks/relusplitter/onnx/cifar_biasfield_vnncomp2022_cifar_bias_field_65.onnx,/home/elipregerson/nnenum/vnncomp2025_benchmarks/benchmarks/relusplitter/vnnlib/cifar_biasfield_vnncomp2022_prop_65.vnnlib,.006394942,timeout,60.681315059
relusplitter,/home/elipregerson/nnenum/vnncomp2025_benchmarks/benchmarks/relusplitter/onnx/cifar_biasfield_vnncomp2022_cifar_bias_field_65_RSPLITTER_cifar_biasfield_vnncomp2022_prop_65.onnx,/home/elipregerson/nnenum/vnncomp2025_benchmarks/benchmarks/relusplitter/vnnlib/cifar_biasfield_vnncomp2022_prop_65.vnnlib,.006087330,timeout,180.906349083
relusplitter,/home/elipregerson/nnenum/vnncomp2025_benchmarks/benchmarks/relusplitter/onnx/cifar_biasfield_vnncomp2022_cifar_bias_field_52.onnx,/home/elipregerson/nnenum/vnncomp2025_benchmarks/benchmarks/relusplitter/vnnlib/cifar_biasfield_vnncomp2022_prop_52.vnnlib,.006066299,timeout,73.713498656
relusplitter,/home/elipregerson/nnenum/vnncomp2025_benchmarks/benchmarks/relusplitter/onnx/cifar_biasfield_vnncomp2022_cifar_bias_field_52_RSPLITTER_cifar_biasfield_vnncomp2022_prop_52.onnx,/home/elipregerson/nnenum/vnncomp2025_benchmarks/benchmarks/relusplitter/vnnlib/cifar_biasfield_vnncomp2022_prop_52.vnnlib,.006034259,timeout,181.492006013
relusplitter,/home/elipregerson/nnenum/vnncomp2025_benchmarks/benchmarks/relusplitter/onnx/cifar_biasfield_vnncomp2022_cifar_bias_field_60.onnx,/home/elipregerson/nnenum/vnncomp2025_benchmarks/benchmarks/relusplitter/vnnlib/cifar_biasfield_vnncomp2022_prop_60.vnnlib,.006110179,timeout,60.769796475
relusplitter,/home/elipregerson/nnenum/vnncomp2025_benchmarks/benchmarks/relusplitter/onnx/cifar_biasfield_vnncomp2022_cifar_bias_field_60_RSPLITTER_cifar_biasfield_vnncomp2022_prop_60.onnx,/home/elipregerson/nnenum/vnncomp2025_benchmarks/benchmarks/relusplitter/vnnlib/cifar_biasfield_vnncomp2022_prop_60.vnnlib,.006102695,timeout,181.170119182
relusplitter,/home/elipregerson/nnenum/vnncomp2025_benchmarks/benchmarks/relusplitter/onnx/cifar_biasfield_vnncomp2022_cifar_bias_field_12.onnx,/home/elipregerson/nnenum/vnncomp2025_benchmarks/benchmarks/relusplitter/vnnlib/cifar_biasfield_vnncomp2022_prop_12.vnnlib,.008599680,timeout,60.693974446
relusplitter,/home/elipregerson/nnenum/vnncomp2025_benchmarks/benchmarks/relusplitter/onnx/cifar_biasfield_vnncomp2022_cifar_bias_field_12_RSPLITTER_cifar_biasfield_vnncomp2022_prop_12.onnx,/home/elipregerson/nnenum/vnncomp2025_benchmarks/benchmarks/relusplitter/vnnlib/cifar_biasfield_vnncomp2022_prop_12.vnnlib,.006079925,timeout,180.849823735
relusplitter,/home/elipregerson/nnenum/vnncomp2025_benchmarks/benchmarks/relusplitter/onnx/cifar_biasfield_vnncomp2022_cifar_bias_field_17.onnx,/home/elipregerson/nnenum/vnncomp2025_benchmarks/benchmarks/relusplitter/vnnlib/cifar_biasfield_vnncomp2022_prop_17.vnnlib,.006149328,timeout,97.260900637
relusplitter,/home/elipregerson/nnenum/vnncomp2025_benchmarks/benchmarks/relusplitter/onnx/cifar_biasfield_vnncomp2022_cifar_bias_field_17_RSPLITTER_cifar_biasfield_vnncomp2022_prop_17.onnx,/home/elipregerson/nnenum/vnncomp2025_benchmarks/benchmarks/relusplitter/vnnlib/cifar_biasfield_vnncomp2022_prop_17.vnnlib,.005981933,timeout,180.966903459
relusplitter,/home/elipregerson/nnenum/vnncomp2025_benchmarks/benchmarks/relusplitter/onnx/cifar_biasfield_vnncomp2022_cifar_bias_field_0.onnx,/home/elipregerson/nnenum/vnncomp2025_benchmarks/benchmarks/relusplitter/vnnlib/cifar_biasfield_vnncomp2022_prop_0.vnnlib,.007174589,timeout,61.027038650
relusplitter,/home/elipregerson/nnenum/vnncomp2025_benchmarks/benchmarks/relusplitter/onnx/cifar_biasfield_vnncomp2022_cifar_bias_field_0_RSPLITTER_cifar_biasfield_vnncomp2022_prop_0.onnx,/home/elipregerson/nnenum/vnncomp2025_benchmarks/benchmarks/relusplitter/vnnlib/cifar_biasfield_vnncomp2022_prop_0.vnnlib,.006179120,timeout,214.431246218
relusplitter,/home/elipregerson/nnenum/vnncomp2025_benchmarks/benchmarks/test/onnx/test_nano.onnx,/home/elipregerson/nnenum/vnncomp2025_benchmarks/benchmarks/test/vnnlib/test_nano.vnnlib,.006053158,unsat,.607933095
safenlp_2024,/home/elipregerson/nnenum/vnncomp2025_benchmarks/benchmarks/safenlp_2024/onnx/medical/perturbations_0.onnx,/home/elipregerson/nnenum/vnncomp2025_benchmarks/benchmarks/safenlp_2024/vnnlib/medical/hyperrectangle_418.vnnlib,.006059186,sat,.648174163
safenlp_2024,/home/elipregerson/nnenum/vnncomp2025_benchmarks/benchmarks/safenlp_2024/onnx/ruarobot/perturbations_0.onnx,/home/elipregerson/nnenum/vnncomp2025_benchmarks/benchmarks/safenlp_2024/vnnlib/ruarobot/hyperrectangle_992.vnnlib,.006419495,timeout,20.564476202
safenlp_2024,/home/elipregerson/nnenum/vnncomp2025_benchmarks/benchmarks/safenlp_2024/onnx/ruarobot/perturbations_0.onnx,/home/elipregerson/nnenum/vnncomp2025_benchmarks/benchmarks/safenlp_2024/vnnlib/ruarobot/hyperrectangle_132.vnnlib,.006227547,sat,.639585337
safenlp_2024,/home/elipregerson/nnenum/vnncomp2025_benchmarks/benchmarks/safenlp_2024/onnx/ruarobot/perturbations_0.onnx,/home/elipregerson/nnenum/vnncomp2025_benchmarks/benchmarks/safenlp_2024/vnnlib/ruarobot/hyperrectangle_2674.vnnlib,.006127271,timeout,20.588791108
safenlp_2024,/home/elipregerson/nnenum/vnncomp2025_benchmarks/benchmarks/safenlp_2024/onnx/medical/perturbations_0.onnx,/home/elipregerson/nnenum/vnncomp2025_benchmarks/benchmarks/safenlp_2024/vnnlib/medical/hyperrectangle_2839.vnnlib,.008430598,unsat,.624771774
safenlp_2024,/home/elipregerson/nnenum/vnncomp2025_benchmarks/benchmarks/safenlp_2024/onnx/ruarobot/perturbations_0.onnx,/home/elipregerson/nnenum/vnncomp2025_benchmarks/benchmarks/safenlp_2024/vnnlib/ruarobot/hyperrectangle_6891.vnnlib,.006181170,sat,.646764786
safenlp_2024,/home/elipregerson/nnenum/vnncomp2025_benchmarks/benchmarks/safenlp_2024/onnx/ruarobot/perturbations_0.onnx,/home/elipregerson/nnenum/vnncomp2025_benchmarks/benchmarks/safenlp_2024/vnnlib/ruarobot/hyperrectangle_1921.vnnlib,.006424028,sat,.663104392
safenlp_2024,/home/elipregerson/nnenum/vnncomp2025_benchmarks/benchmarks/safenlp_2024/onnx/ruarobot/perturbations_0.onnx,/home/elipregerson/nnenum/vnncomp2025_benchmarks/benchmarks/safenlp_2024/vnnlib/ruarobot/hyperrectangle_3558.vnnlib,.006305957,timeout,20.583538575
safenlp_2024,/home/elipregerson/nnenum/vnncomp2025_benchmarks/benchmarks/safenlp_2024/onnx/medical/perturbations_0.onnx,/home/elipregerson/nnenum/vnncomp2025_benchmarks/benchmarks/safenlp_2024/vnnlib/medical/hyperrectangle_2884.vnnlib,.009877366,unsat,.673766741
safenlp_2024,/home/elipregerson/nnenum/vnncomp2025_benchmarks/benchmarks/safenlp_2024/onnx/ruarobot/perturbations_0.onnx,/home/elipregerson/nnenum/vnncomp2025_benchmarks/benchmarks/safenlp_2024/vnnlib/ruarobot/hyperrectangle_6394.vnnlib,.006437736,unsat,.967952576
safenlp_2024,/home/elipregerson/nnenum/vnncomp2025_benchmarks/benchmarks/safenlp_2024/onnx/medical/perturbations_0.onnx,/home/elipregerson/nnenum/vnncomp2025_benchmarks/benchmarks/safenlp_2024/vnnlib/medical/hyperrectangle_2330.vnnlib,.006096770,unsat,.909972453
safenlp_2024,/home/elipregerson/nnenum/vnncomp2025_benchmarks/benchmarks/safenlp_2024/onnx/medical/perturbations_0.onnx,/home/elipregerson/nnenum/vnncomp2025_benchmarks/benchmarks/safenlp_2024/vnnlib/medical/hyperrectangle_2626.vnnlib,.006036392,unsat,.761756352
safenlp_2024,/home/elipregerson/nnenum/vnncomp2025_benchmarks/benchmarks/safenlp_2024/onnx/ruarobot/perturbations_0.onnx,/home/elipregerson/nnenum/vnncomp2025_benchmarks/benchmarks/safenlp_2024/vnnlib/ruarobot/hyperrectangle_3536.vnnlib,.006233079,sat,.662472039
safenlp_2024,/home/elipregerson/nnenum/vnncomp2025_benchmarks/benchmarks/safenlp_2024/onnx/ruarobot/perturbations_0.onnx,/home/elipregerson/nnenum/vnncomp2025_benchmarks/benchmarks/safenlp_2024/vnnlib/ruarobot/hyperrectangle_5651.vnnlib,.006300123,sat,.655998593
safenlp_2024,/home/elipregerson/nnenum/vnncomp2025_benchmarks/benchmarks/safenlp_2024/onnx/ruarobot/perturbations_0.onnx,/home/elipregerson/nnenum/vnncomp2025_benchmarks/benchmarks/safenlp_2024/vnnlib/ruarobot/hyperrectangle_4032.vnnlib,.006016972,sat,.654238142
safenlp_2024,/home/elipregerson/nnenum/vnncomp2025_benchmarks/benchmarks/safenlp_2024/onnx/ruarobot/perturbations_0.onnx,/home/elipregerson/nnenum/vnncomp2025_benchmarks/benchmarks/safenlp_2024/vnnlib/ruarobot/hyperrectangle_6209.vnnlib,.006028092,sat,.650536702
safenlp_2024,/home/elipregerson/nnenum/vnncomp2025_benchmarks/benchmarks/safenlp_2024/onnx/medical/perturbations_0.onnx,/home/elipregerson/nnenum/vnncomp2025_benchmarks/benchmarks/safenlp_2024/vnnlib/medical/hyperrectangle_1590.vnnlib,.006125821,unsat,.600266391
safenlp_2024,/home/elipregerson/nnenum/vnncomp2025_benchmarks/benchmarks/safenlp_2024/onnx/ruarobot/perturbations_0.onnx,/home/elipregerson/nnenum/vnncomp2025_benchmarks/benchmarks/safenlp_2024/vnnlib/ruarobot/hyperrectangle_2411.vnnlib,.006262103,sat,.735454078
safenlp_2024,/home/elipregerson/nnenum/vnncomp2025_benchmarks/benchmarks/safenlp_2024/onnx/medical/perturbations_0.onnx,/home/elipregerson/nnenum/vnncomp2025_benchmarks/benchmarks/safenlp_2024/vnnlib/medical/hyperrectangle_83.vnnlib,.006075671,unsat,1.280649172
safenlp_2024,/home/elipregerson/nnenum/vnncomp2025_benchmarks/benchmarks/safenlp_2024/onnx/ruarobot/perturbations_0.onnx,/home/elipregerson/nnenum/vnncomp2025_benchmarks/benchmarks/safenlp_2024/vnnlib/ruarobot/hyperrectangle_706.vnnlib,.006348690,sat,.645812717
safenlp_2024,/home/elipregerson/nnenum/vnncomp2025_benchmarks/benchmarks/safenlp_2024/onnx/ruarobot/perturbations_0.onnx,/home/elipregerson/nnenum/vnncomp2025_benchmarks/benchmarks/safenlp_2024/vnnlib/ruarobot/hyperrectangle_2809.vnnlib,.006189049,sat,.638255035
safenlp_2024,/home/elipregerson/nnenum/vnncomp2025_benchmarks/benchmarks/safenlp_2024/onnx/ruarobot/perturbations_0.onnx,/home/elipregerson/nnenum/vnncomp2025_benchmarks/benchmarks/safenlp_2024/vnnlib/ruarobot/hyperrectangle_1889.vnnlib,.006560315,timeout,20.595176339
safenlp_2024,/home/elipregerson/nnenum/vnncomp2025_benchmarks/benchmarks/safenlp_2024/onnx/medical/perturbations_0.onnx,/home/elipregerson/nnenum/vnncomp2025_benchmarks/benchmarks/safenlp_2024/vnnlib/medical/hyperrectangle_1255.vnnlib,.006384214,unsat,.624883037
safenlp_2024,/home/elipregerson/nnenum/vnncomp2025_benchmarks/benchmarks/safenlp_2024/onnx/ruarobot/perturbations_0.onnx,/home/elipregerson/nnenum/vnncomp2025_benchmarks/benchmarks/safenlp_2024/vnnlib/ruarobot/hyperrectangle_486.vnnlib,.006125728,sat,.649440561
safenlp_2024,/home/elipregerson/nnenum/vnncomp2025_benchmarks/benchmarks/safenlp_2024/onnx/ruarobot/perturbations_0.onnx,/home/elipregerson/nnenum/vnncomp2025_benchmarks/benchmarks/safenlp_2024/vnnlib/ruarobot/hyperrectangle_6440.vnnlib,.006188641,sat,.647135752
safenlp_2024,/home/elipregerson/nnenum/vnncomp2025_benchmarks/benchmarks/safenlp_2024/onnx/medical/perturbations_0.onnx,/home/elipregerson/nnenum/vnncomp2025_benchmarks/benchmarks/safenlp_2024/vnnlib/medical/hyperrectangle_162.vnnlib,.006240647,unsat,2.471374204
safenlp_2024,/home/elipregerson/nnenum/vnncomp2025_benchmarks/benchmarks/safenlp_2024/onnx/medical/perturbations_0.onnx,/home/elipregerson/nnenum/vnncomp2025_benchmarks/benchmarks/safenlp_2024/vnnlib/medical/hyperrectangle_1899.vnnlib,.006116990,unsat,.609559502
safenlp_2024,/home/elipregerson/nnenum/vnncomp2025_benchmarks/benchmarks/safenlp_2024/onnx/medical/perturbations_0.onnx,/home/elipregerson/nnenum/vnncomp2025_benchmarks/benchmarks/safenlp_2024/vnnlib/medical/hyperrectangle_2660.vnnlib,.006353608,sat,.649597915
safenlp_2024,/home/elipregerson/nnenum/vnncomp2025_benchmarks/benchmarks/safenlp_2024/onnx/medical/perturbations_0.onnx,/home/elipregerson/nnenum/vnncomp2025_benchmarks/benchmarks/safenlp_2024/vnnlib/medical/hyperrectangle_2421.vnnlib,.006076064,unsat,2.739058598
safenlp_2024,/home/elipregerson/nnenum/vnncomp2025_benchmarks/benchmarks/safenlp_2024/onnx/ruarobot/perturbations_0.onnx,/home/elipregerson/nnenum/vnncomp2025_benchmarks/benchmarks/safenlp_2024/vnnlib/ruarobot/hyperrectangle_883.vnnlib,.006344891,sat,.645848300
safenlp_2024,/home/elipregerson/nnenum/vnncomp2025_benchmarks/benchmarks/safenlp_2024/onnx/ruarobot/perturbations_0.onnx,/home/elipregerson/nnenum/vnncomp2025_benchmarks/benchmarks/safenlp_2024/vnnlib/ruarobot/hyperrectangle_1268.vnnlib,.006153644,sat,.661106304
safenlp_2024,/home/elipregerson/nnenum/vnncomp2025_benchmarks/benchmarks/safenlp_2024/onnx/ruarobot/perturbations_0.onnx,/home/elipregerson/nnenum/vnncomp2025_benchmarks/benchmarks/safenlp_2024/vnnlib/ruarobot/hyperrectangle_956.vnnlib,.006112133,sat,.650713301
safenlp_2024,/home/elipregerson/nnenum/vnncomp2025_benchmarks/benchmarks/safenlp_2024/onnx/ruarobot/perturbations_0.onnx,/home/elipregerson/nnenum/vnncomp2025_benchmarks/benchmarks/safenlp_2024/vnnlib/ruarobot/hyperrectangle_859.vnnlib,.006483492,unsat,.895462262
safenlp_2024,/home/elipregerson/nnenum/vnncomp2025_benchmarks/benchmarks/safenlp_2024/onnx/ruarobot/perturbations_0.onnx,/home/elipregerson/nnenum/vnncomp2025_benchmarks/benchmarks/safenlp_2024/vnnlib/ruarobot/hyperrectangle_3159.vnnlib,.006219222,unsat,.596394441
safenlp_2024,/home/elipregerson/nnenum/vnncomp2025_benchmarks/benchmarks/safenlp_2024/onnx/ruarobot/perturbations_0.onnx,/home/elipregerson/nnenum/vnncomp2025_benchmarks/benchmarks/safenlp_2024/vnnlib/ruarobot/hyperrectangle_6504.vnnlib,.005950796,sat,.650456849
safenlp_2024,/home/elipregerson/nnenum/vnncomp2025_benchmarks/benchmarks/safenlp_2024/onnx/ruarobot/perturbations_0.onnx,/home/elipregerson/nnenum/vnncomp2025_benchmarks/benchmarks/safenlp_2024/vnnlib/ruarobot/hyperrectangle_6856.vnnlib,.006036089,sat,.641909429
safenlp_2024,/home/elipregerson/nnenum/vnncomp2025_benchmarks/benchmarks/safenlp_2024/onnx/ruarobot/perturbations_0.onnx,/home/elipregerson/nnenum/vnncomp2025_benchmarks/benchmarks/safenlp_2024/vnnlib/ruarobot/hyperrectangle_1784.vnnlib,.006070756,sat,.640174608
safenlp_2024,/home/elipregerson/nnenum/vnncomp2025_benchmarks/benchmarks/safenlp_2024/onnx/medical/perturbations_0.onnx,/home/elipregerson/nnenum/vnncomp2025_benchmarks/benchmarks/safenlp_2024/vnnlib/medical/hyperrectangle_990.vnnlib,.006079679,unsat,.594289170
safenlp_2024,/home/elipregerson/nnenum/vnncomp2025_benchmarks/benchmarks/safenlp_2024/onnx/ruarobot/perturbations_0.onnx,/home/elipregerson/nnenum/vnncomp2025_benchmarks/benchmarks/safenlp_2024/vnnlib/ruarobot/hyperrectangle_3147.vnnlib,.006154912,sat,.644863453
safenlp_2024,/home/elipregerson/nnenum/vnncomp2025_benchmarks/benchmarks/safenlp_2024/onnx/ruarobot/perturbations_0.onnx,/home/elipregerson/nnenum/vnncomp2025_benchmarks/benchmarks/safenlp_2024/vnnlib/ruarobot/hyperrectangle_3493.vnnlib,.006338713,sat,.722436708
safenlp_2024,/home/elipregerson/nnenum/vnncomp2025_benchmarks/benchmarks/safenlp_2024/onnx/ruarobot/perturbations_0.onnx,/home/elipregerson/nnenum/vnncomp2025_benchmarks/benchmarks/safenlp_2024/vnnlib/ruarobot/hyperrectangle_2470.vnnlib,.006633607,sat,.641387233
safenlp_2024,/home/elipregerson/nnenum/vnncomp2025_benchmarks/benchmarks/safenlp_2024/onnx/ruarobot/perturbations_0.onnx,/home/elipregerson/nnenum/vnncomp2025_benchmarks/benchmarks/safenlp_2024/vnnlib/ruarobot/hyperrectangle_522.vnnlib,.006286310,sat,.662013158
safenlp_2024,/home/elipregerson/nnenum/vnncomp2025_benchmarks/benchmarks/safenlp_2024/onnx/ruarobot/perturbations_0.onnx,/home/elipregerson/nnenum/vnncomp2025_benchmarks/benchmarks/safenlp_2024/vnnlib/ruarobot/hyperrectangle_2267.vnnlib,.007053996,unsat,.672068375
safenlp_2024,/home/elipregerson/nnenum/vnncomp2025_benchmarks/benchmarks/safenlp_2024/onnx/ruarobot/perturbations_0.onnx,/home/elipregerson/nnenum/vnncomp2025_benchmarks/benchmarks/safenlp_2024/vnnlib/ruarobot/hyperrectangle_3997.vnnlib,.006218300,unsat,1.695966343
safenlp_2024,/home/elipregerson/nnenum/vnncomp2025_benchmarks/benchmarks/safenlp_2024/onnx/ruarobot/perturbations_0.onnx,/home/elipregerson/nnenum/vnncomp2025_benchmarks/benchmarks/safenlp_2024/vnnlib/ruarobot/hyperrectangle_1181.vnnlib,.006195528,timeout,20.572398853
safenlp_2024,/home/elipregerson/nnenum/vnncomp2025_benchmarks/benchmarks/safenlp_2024/onnx/ruarobot/perturbations_0.onnx,/home/elipregerson/nnenum/vnncomp2025_benchmarks/benchmarks/safenlp_2024/vnnlib/ruarobot/hyperrectangle_7614.vnnlib,.006097229,unsat,.910848466
safenlp_2024,/home/elipregerson/nnenum/vnncomp2025_benchmarks/benchmarks/safenlp_2024/onnx/ruarobot/perturbations_0.onnx,/home/elipregerson/nnenum/vnncomp2025_benchmarks/benchmarks/safenlp_2024/vnnlib/ruarobot/hyperrectangle_5876.vnnlib,.006554736,sat,.779518501
safenlp_2024,/home/elipregerson/nnenum/vnncomp2025_benchmarks/benchmarks/safenlp_2024/onnx/medical/perturbations_0.onnx,/home/elipregerson/nnenum/vnncomp2025_benchmarks/benchmarks/safenlp_2024/vnnlib/medical/hyperrectangle_2375.vnnlib,.006712017,sat,.710127735
safenlp_2024,/home/elipregerson/nnenum/vnncomp2025_benchmarks/benchmarks/safenlp_2024/onnx/ruarobot/perturbations_0.onnx,/home/elipregerson/nnenum/vnncomp2025_benchmarks/benchmarks/safenlp_2024/vnnlib/ruarobot/hyperrectangle_6566.vnnlib,.006177652,unsat,.666657101
safenlp_2024,/home/elipregerson/nnenum/vnncomp2025_benchmarks/benchmarks/safenlp_2024/onnx/ruarobot/perturbations_0.onnx,/home/elipregerson/nnenum/vnncomp2025_benchmarks/benchmarks/safenlp_2024/vnnlib/ruarobot/hyperrectangle_6800.vnnlib,.007032322,sat,.652177899
safenlp_2024,/home/elipregerson/nnenum/vnncomp2025_benchmarks/benchmarks/safenlp_2024/onnx/ruarobot/perturbations_0.onnx,/home/elipregerson/nnenum/vnncomp2025_benchmarks/benchmarks/safenlp_2024/vnnlib/ruarobot/hyperrectangle_4389.vnnlib,.006376047,sat,.649036088
safenlp_2024,/home/elipregerson/nnenum/vnncomp2025_benchmarks/benchmarks/safenlp_2024/onnx/ruarobot/perturbations_0.onnx,/home/elipregerson/nnenum/vnncomp2025_benchmarks/benchmarks/safenlp_2024/vnnlib/ruarobot/hyperrectangle_7014.vnnlib,.006221016,sat,.687854345
safenlp_2024,/home/elipregerson/nnenum/vnncomp2025_benchmarks/benchmarks/safenlp_2024/onnx/medical/perturbations_0.onnx,/home/elipregerson/nnenum/vnncomp2025_benchmarks/benchmarks/safenlp_2024/vnnlib/medical/hyperrectangle_2848.vnnlib,.006691270,sat,.662442350
safenlp_2024,/home/elipregerson/nnenum/vnncomp2025_benchmarks/benchmarks/safenlp_2024/onnx/ruarobot/perturbations_0.onnx,/home/elipregerson/nnenum/vnncomp2025_benchmarks/benchmarks/safenlp_2024/vnnlib/ruarobot/hyperrectangle_7916.vnnlib,.006342224,sat,.662807801
safenlp_2024,/home/elipregerson/nnenum/vnncomp2025_benchmarks/benchmarks/safenlp_2024/onnx/ruarobot/perturbations_0.onnx,/home/elipregerson/nnenum/vnncomp2025_benchmarks/benchmarks/safenlp_2024/vnnlib/ruarobot/hyperrectangle_4147.vnnlib,.006744139,timeout,20.567489802
safenlp_2024,/home/elipregerson/nnenum/vnncomp2025_benchmarks/benchmarks/safenlp_2024/onnx/medical/perturbations_0.onnx,/home/elipregerson/nnenum/vnncomp2025_benchmarks/benchmarks/safenlp_2024/vnnlib/medical/hyperrectangle_1953.vnnlib,.006062550,unsat,.599935248
safenlp_2024,/home/elipregerson/nnenum/vnncomp2025_benchmarks/benchmarks/safenlp_2024/onnx/ruarobot/perturbations_0.onnx,/home/elipregerson/nnenum/vnncomp2025_benchmarks/benchmarks/safenlp_2024/vnnlib/ruarobot/hyperrectangle_3918.vnnlib,.006292697,sat,.651046290
safenlp_2024,/home/elipregerson/nnenum/vnncomp2025_benchmarks/benchmarks/safenlp_2024/onnx/ruarobot/perturbations_0.onnx,/home/elipregerson/nnenum/vnncomp2025_benchmarks/benchmarks/safenlp_2024/vnnlib/ruarobot/hyperrectangle_6974.vnnlib,.006501974,sat,.800262714
safenlp_2024,/home/elipregerson/nnenum/vnncomp2025_benchmarks/benchmarks/safenlp_2024/onnx/medical/perturbations_0.onnx,/home/elipregerson/nnenum/vnncomp2025_benchmarks/benchmarks/safenlp_2024/vnnlib/medical/hyperrectangle_1874.vnnlib,.006165385,timeout,20.571312835
safenlp_2024,/home/elipregerson/nnenum/vnncomp2025_benchmarks/benchmarks/safenlp_2024/onnx/ruarobot/perturbations_0.onnx,/home/elipregerson/nnenum/vnncomp2025_benchmarks/benchmarks/safenlp_2024/vnnlib/ruarobot/hyperrectangle_2067.vnnlib,.005999232,timeout,20.556103724
safenlp_2024,/home/elipregerson/nnenum/vnncomp2025_benchmarks/benchmarks/safenlp_2024/onnx/medical/perturbations_0.onnx,/home/elipregerson/nnenum/vnncomp2025_benchmarks/benchmarks/safenlp_2024/vnnlib/medical/hyperrectangle_256.vnnlib,.006085043,unsat,.954936627
safenlp_2024,/home/elipregerson/nnenum/vnncomp2025_benchmarks/benchmarks/safenlp_2024/onnx/ruarobot/perturbations_0.onnx,/home/elipregerson/nnenum/vnncomp2025_benchmarks/benchmarks/safenlp_2024/vnnlib/ruarobot/hyperrectangle_2417.vnnlib,.006360545,sat,.657349595
safenlp_2024,/home/elipregerson/nnenum/vnncomp2025_benchmarks/benchmarks/safenlp_2024/onnx/ruarobot/perturbations_0.onnx,/home/elipregerson/nnenum/vnncomp2025_benchmarks/benchmarks/safenlp_2024/vnnlib/ruarobot/hyperrectangle_4903.vnnlib,.006160117,unsat,1.719247962
safenlp_2024,/home/elipregerson/nnenum/vnncomp2025_benchmarks/benchmarks/safenlp_2024/onnx/medical/perturbations_0.onnx,/home/elipregerson/nnenum/vnncomp2025_benchmarks/benchmarks/safenlp_2024/vnnlib/medical/hyperrectangle_2395.vnnlib,.006430451,unsat,.722632494
safenlp_2024,/home/elipregerson/nnenum/vnncomp2025_benchmarks/benchmarks/safenlp_2024/onnx/ruarobot/perturbations_0.onnx,/home/elipregerson/nnenum/vnncomp2025_benchmarks/benchmarks/safenlp_2024/vnnlib/ruarobot/hyperrectangle_6725.vnnlib,.006228997,sat,.665059435
safenlp_2024,/home/elipregerson/nnenum/vnncomp2025_benchmarks/benchmarks/safenlp_2024/onnx/ruarobot/perturbations_0.onnx,/home/elipregerson/nnenum/vnncomp2025_benchmarks/benchmarks/safenlp_2024/vnnlib/ruarobot/hyperrectangle_2997.vnnlib,.006296780,sat,.644063165
safenlp_2024,/home/elipregerson/nnenum/vnncomp2025_benchmarks/benchmarks/safenlp_2024/onnx/ruarobot/perturbations_0.onnx,/home/elipregerson/nnenum/vnncomp2025_benchmarks/benchmarks/safenlp_2024/vnnlib/ruarobot/hyperrectangle_2410.vnnlib,.006480732,sat,.657248412
safenlp_2024,/home/elipregerson/nnenum/vnncomp2025_benchmarks/benchmarks/safenlp_2024/onnx/ruarobot/perturbations_0.onnx,/home/elipregerson/nnenum/vnncomp2025_benchmarks/benchmarks/safenlp_2024/vnnlib/ruarobot/hyperrectangle_7217.vnnlib,.006196212,sat,.640070257
safenlp_2024,/home/elipregerson/nnenum/vnncomp2025_benchmarks/benchmarks/safenlp_2024/onnx/ruarobot/perturbations_0.onnx,/home/elipregerson/nnenum/vnncomp2025_benchmarks/benchmarks/safenlp_2024/vnnlib/ruarobot/hyperrectangle_7864.vnnlib,.006683700,sat,.648967715
safenlp_2024,/home/elipregerson/nnenum/vnncomp2025_benchmarks/benchmarks/safenlp_2024/onnx/ruarobot/perturbations_0.onnx,/home/elipregerson/nnenum/vnncomp2025_benchmarks/benchmarks/safenlp_2024/vnnlib/ruarobot/hyperrectangle_4364.vnnlib,.006127094,sat,.656282195
safenlp_2024,/home/elipregerson/nnenum/vnncomp2025_benchmarks/benchmarks/safenlp_2024/onnx/ruarobot/perturbations_0.onnx,/home/elipregerson/nnenum/vnncomp2025_benchmarks/benchmarks/safenlp_2024/vnnlib/ruarobot/hyperrectangle_5932.vnnlib,.006140373,sat,.638772495
safenlp_2024,/home/elipregerson/nnenum/vnncomp2025_benchmarks/benchmarks/safenlp_2024/onnx/ruarobot/perturbations_0.onnx,/home/elipregerson/nnenum/vnncomp2025_benchmarks/benchmarks/safenlp_2024/vnnlib/ruarobot/hyperrectangle_4227.vnnlib,.006256836,sat,.642106273
safenlp_2024,/home/elipregerson/nnenum/vnncomp2025_benchmarks/benchmarks/safenlp_2024/onnx/ruarobot/perturbations_0.onnx,/home/elipregerson/nnenum/vnncomp2025_benchmarks/benchmarks/safenlp_2024/vnnlib/ruarobot/hyperrectangle_653.vnnlib,.006437539,sat,.648997571
safenlp_2024,/home/elipregerson/nnenum/vnncomp2025_benchmarks/benchmarks/safenlp_2024/onnx/ruarobot/perturbations_0.onnx,/home/elipregerson/nnenum/vnncomp2025_benchmarks/benchmarks/safenlp_2024/vnnlib/ruarobot/hyperrectangle_1343.vnnlib,.006248571,sat,.672177051
safenlp_2024,/home/elipregerson/nnenum/vnncomp2025_benchmarks/benchmarks/safenlp_2024/onnx/medical/perturbations_0.onnx,/home/elipregerson/nnenum/vnncomp2025_benchmarks/benchmarks/safenlp_2024/vnnlib/medical/hyperrectangle_1324.vnnlib,.006443011,unsat,.598570870
safenlp_2024,/home/elipregerson/nnenum/vnncomp2025_benchmarks/benchmarks/safenlp_2024/onnx/medical/perturbations_0.onnx,/home/elipregerson/nnenum/vnncomp2025_benchmarks/benchmarks/safenlp_2024/vnnlib/medical/hyperrectangle_2672.vnnlib,.006336573,timeout,20.563206562
safenlp_2024,/home/elipregerson/nnenum/vnncomp2025_benchmarks/benchmarks/safenlp_2024/onnx/ruarobot/perturbations_0.onnx,/home/elipregerson/nnenum/vnncomp2025_benchmarks/benchmarks/safenlp_2024/vnnlib/ruarobot/hyperrectangle_6615.vnnlib,.006207571,sat,.632341267
safenlp_2024,/home/elipregerson/nnenum/vnncomp2025_benchmarks/benchmarks/safenlp_2024/onnx/ruarobot/perturbations_0.onnx,/home/elipregerson/nnenum/vnncomp2025_benchmarks/benchmarks/safenlp_2024/vnnlib/ruarobot/hyperrectangle_4609.vnnlib,.006180714,sat,.646289814
safenlp_2024,/home/elipregerson/nnenum/vnncomp2025_benchmarks/benchmarks/safenlp_2024/onnx/ruarobot/perturbations_0.onnx,/home/elipregerson/nnenum/vnncomp2025_benchmarks/benchmarks/safenlp_2024/vnnlib/ruarobot/hyperrectangle_1723.vnnlib,.006071848,sat,.651913872
safenlp_2024,/home/elipregerson/nnenum/vnncomp2025_benchmarks/benchmarks/safenlp_2024/onnx/ruarobot/perturbations_0.onnx,/home/elipregerson/nnenum/vnncomp2025_benchmarks/benchmarks/safenlp_2024/vnnlib/ruarobot/hyperrectangle_554.vnnlib,.006210211,sat,.643769987
safenlp_2024,/home/elipregerson/nnenum/vnncomp2025_benchmarks/benchmarks/safenlp_2024/onnx/medical/perturbations_0.onnx,/home/elipregerson/nnenum/vnncomp2025_benchmarks/benchmarks/safenlp_2024/vnnlib/medical/hyperrectangle_1835.vnnlib,.006165481,sat,.643819289
safenlp_2024,/home/elipregerson/nnenum/vnncomp2025_benchmarks/benchmarks/safenlp_2024/onnx/ruarobot/perturbations_0.onnx,/home/elipregerson/nnenum/vnncomp2025_benchmarks/benchmarks/safenlp_2024/vnnlib/ruarobot/hyperrectangle_6609.vnnlib,.006126661,sat,.654842109
safenlp_2024,/home/elipregerson/nnenum/vnncomp2025_benchmarks/benchmarks/safenlp_2024/onnx/medical/perturbations_0.onnx,/home/elipregerson/nnenum/vnncomp2025_benchmarks/benchmarks/safenlp_2024/vnnlib/medical/hyperrectangle_826.vnnlib,.006309812,unsat,.600511590
safenlp_2024,/home/elipregerson/nnenum/vnncomp2025_benchmarks/benchmarks/safenlp_2024/onnx/ruarobot/perturbations_0.onnx,/home/elipregerson/nnenum/vnncomp2025_benchmarks/benchmarks/safenlp_2024/vnnlib/ruarobot/hyperrectangle_5442.vnnlib,.006476371,sat,.640809288
safenlp_2024,/home/elipregerson/nnenum/vnncomp2025_benchmarks/benchmarks/safenlp_2024/onnx/ruarobot/perturbations_0.onnx,/home/elipregerson/nnenum/vnncomp2025_benchmarks/benchmarks/safenlp_2024/vnnlib/ruarobot/hyperrectangle_1804.vnnlib,.006093541,sat,.659002223
safenlp_2024,/home/elipregerson/nnenum/vnncomp2025_benchmarks/benchmarks/safenlp_2024/onnx/ruarobot/perturbations_0.onnx,/home/elipregerson/nnenum/vnncomp2025_benchmarks/benchmarks/safenlp_2024/vnnlib/ruarobot/hyperrectangle_7302.vnnlib,.006171012,sat,.650766886
safenlp_2024,/home/elipregerson/nnenum/vnncomp2025_benchmarks/benchmarks/safenlp_2024/onnx/ruarobot/perturbations_0.onnx,/home/elipregerson/nnenum/vnncomp2025_benchmarks/benchmarks/safenlp_2024/vnnlib/ruarobot/hyperrectangle_7248.vnnlib,.006292334,sat,.717849241
safenlp_2024,/home/elipregerson/nnenum/vnncomp2025_benchmarks/benchmarks/safenlp_2024/onnx/medical/perturbations_0.onnx,/home/elipregerson/nnenum/vnncomp2025_benchmarks/benchmarks/safenlp_2024/vnnlib/medical/hyperrectangle_1430.vnnlib,.006168391,unsat,.606759218
safenlp_2024,/home/elipregerson/nnenum/vnncomp2025_benchmarks/benchmarks/safenlp_2024/onnx/ruarobot/perturbations_0.onnx,/home/elipregerson/nnenum/vnncomp2025_benchmarks/benchmarks/safenlp_2024/vnnlib/ruarobot/hyperrectangle_1078.vnnlib,.006214270,unsat,.592901078
safenlp_2024,/home/elipregerson/nnenum/vnncomp2025_benchmarks/benchmarks/safenlp_2024/onnx/ruarobot/perturbations_0.onnx,/home/elipregerson/nnenum/vnncomp2025_benchmarks/benchmarks/safenlp_2024/vnnlib/ruarobot/hyperrectangle_2079.vnnlib,.006278612,sat,.642916393
safenlp_2024,/home/elipregerson/nnenum/vnncomp2025_benchmarks/benchmarks/safenlp_2024/onnx/ruarobot/perturbations_0.onnx,/home/elipregerson/nnenum/vnncomp2025_benchmarks/benchmarks/safenlp_2024/vnnlib/ruarobot/hyperrectangle_530.vnnlib,.006427730,sat,.843380721
safenlp_2024,/home/elipregerson/nnenum/vnncomp2025_benchmarks/benchmarks/safenlp_2024/onnx/ruarobot/perturbations_0.onnx,/home/elipregerson/nnenum/vnncomp2025_benchmarks/benchmarks/safenlp_2024/vnnlib/ruarobot/hyperrectangle_2494.vnnlib,.006215668,sat,.647560783
safenlp_2024,/home/elipregerson/nnenum/vnncomp2025_benchmarks/benchmarks/safenlp_2024/onnx/ruarobot/perturbations_0.onnx,/home/elipregerson/nnenum/vnncomp2025_benchmarks/benchmarks/safenlp_2024/vnnlib/ruarobot/hyperrectangle_7817.vnnlib,.006076264,sat,.647831606
safenlp_2024,/home/elipregerson/nnenum/vnncomp2025_benchmarks/benchmarks/safenlp_2024/onnx/medical/perturbations_0.onnx,/home/elipregerson/nnenum/vnncomp2025_benchmarks/benchmarks/safenlp_2024/vnnlib/medical/hyperrectangle_1228.vnnlib,.009071866,timeout,20.564960968
safenlp_2024,/home/elipregerson/nnenum/vnncomp2025_benchmarks/benchmarks/safenlp_2024/onnx/medical/perturbations_0.onnx,/home/elipregerson/nnenum/vnncomp2025_benchmarks/benchmarks/safenlp_2024/vnnlib/medical/hyperrectangle_141.vnnlib,.006134300,unsat,.595393500
safenlp_2024,/home/elipregerson/nnenum/vnncomp2025_benchmarks/benchmarks/safenlp_2024/onnx/medical/perturbations_0.onnx,/home/elipregerson/nnenum/vnncomp2025_benchmarks/benchmarks/safenlp_2024/vnnlib/medical/hyperrectangle_2343.vnnlib,.006235185,timeout,20.564626610
safenlp_2024,/home/elipregerson/nnenum/vnncomp2025_benchmarks/benchmarks/safenlp_2024/onnx/ruarobot/perturbations_0.onnx,/home/elipregerson/nnenum/vnncomp2025_benchmarks/benchmarks/safenlp_2024/vnnlib/ruarobot/hyperrectangle_5503.vnnlib,.006094552,sat,.641129976
safenlp_2024,/home/elipregerson/nnenum/vnncomp2025_benchmarks/benchmarks/safenlp_2024/onnx/ruarobot/perturbations_0.onnx,/home/elipregerson/nnenum/vnncomp2025_benchmarks/benchmarks/safenlp_2024/vnnlib/ruarobot/hyperrectangle_1398.vnnlib,.006171570,sat,.800292008
safenlp_2024,/home/elipregerson/nnenum/vnncomp2025_benchmarks/benchmarks/safenlp_2024/onnx/medical/perturbations_0.onnx,/home/elipregerson/nnenum/vnncomp2025_benchmarks/benchmarks/safenlp_2024/vnnlib/medical/hyperrectangle_2281.vnnlib,.006780545,sat,.654945450
safenlp_2024,/home/elipregerson/nnenum/vnncomp2025_benchmarks/benchmarks/safenlp_2024/onnx/medical/perturbations_0.onnx,/home/elipregerson/nnenum/vnncomp2025_benchmarks/benchmarks/safenlp_2024/vnnlib/medical/hyperrectangle_1001.vnnlib,.006195433,unsat,.607134000
safenlp_2024,/home/elipregerson/nnenum/vnncomp2025_benchmarks/benchmarks/safenlp_2024/onnx/medical/perturbations_0.onnx,/home/elipregerson/nnenum/vnncomp2025_benchmarks/benchmarks/safenlp_2024/vnnlib/medical/hyperrectangle_895.vnnlib,.006169564,sat,.599754190
safenlp_2024,/home/elipregerson/nnenum/vnncomp2025_benchmarks/benchmarks/safenlp_2024/onnx/medical/perturbations_0.onnx,/home/elipregerson/nnenum/vnncomp2025_benchmarks/benchmarks/safenlp_2024/vnnlib/medical/hyperrectangle_1062.vnnlib,.005989930,unsat,.604816373
safenlp_2024,/home/elipregerson/nnenum/vnncomp2025_benchmarks/benchmarks/safenlp_2024/onnx/medical/perturbations_0.onnx,/home/elipregerson/nnenum/vnncomp2025_benchmarks/benchmarks/safenlp_2024/vnnlib/medical/hyperrectangle_2188.vnnlib,.006247767,sat,.656425541
safenlp_2024,/home/elipregerson/nnenum/vnncomp2025_benchmarks/benchmarks/safenlp_2024/onnx/ruarobot/perturbations_0.onnx,/home/elipregerson/nnenum/vnncomp2025_benchmarks/benchmarks/safenlp_2024/vnnlib/ruarobot/hyperrectangle_1353.vnnlib,.006429110,sat,.653390856
safenlp_2024,/home/elipregerson/nnenum/vnncomp2025_benchmarks/benchmarks/safenlp_2024/onnx/medical/perturbations_0.onnx,/home/elipregerson/nnenum/vnncomp2025_benchmarks/benchmarks/safenlp_2024/vnnlib/medical/hyperrectangle_2389.vnnlib,.006064644,sat,.645009402
safenlp_2024,/home/elipregerson/nnenum/vnncomp2025_benchmarks/benchmarks/safenlp_2024/onnx/ruarobot/perturbations_0.onnx,/home/elipregerson/nnenum/vnncomp2025_benchmarks/benchmarks/safenlp_2024/vnnlib/ruarobot/hyperrectangle_1883.vnnlib,.006360170,sat,.654363253
safenlp_2024,/home/elipregerson/nnenum/vnncomp2025_benchmarks/benchmarks/safenlp_2024/onnx/medical/perturbations_0.onnx,/home/elipregerson/nnenum/vnncomp2025_benchmarks/benchmarks/safenlp_2024/vnnlib/medical/hyperrectangle_1875.vnnlib,.006392049,unsat,.611118600
safenlp_2024,/home/elipregerson/nnenum/vnncomp2025_benchmarks/benchmarks/safenlp_2024/onnx/ruarobot/perturbations_0.onnx,/home/elipregerson/nnenum/vnncomp2025_benchmarks/benchmarks/safenlp_2024/vnnlib/ruarobot/hyperrectangle_1607.vnnlib,.006300644,unsat,1.677854475
safenlp_2024,/home/elipregerson/nnenum/vnncomp2025_benchmarks/benchmarks/safenlp_2024/onnx/ruarobot/perturbations_0.onnx,/home/elipregerson/nnenum/vnncomp2025_benchmarks/benchmarks/safenlp_2024/vnnlib/ruarobot/hyperrectangle_3809.vnnlib,.006194531,sat,.645332724
safenlp_2024,/home/elipregerson/nnenum/vnncomp2025_benchmarks/benchmarks/safenlp_2024/onnx/ruarobot/perturbations_0.onnx,/home/elipregerson/nnenum/vnncomp2025_benchmarks/benchmarks/safenlp_2024/vnnlib/ruarobot/hyperrectangle_6317.vnnlib,.006261215,sat,.645849700
safenlp_2024,/home/elipregerson/nnenum/vnncomp2025_benchmarks/benchmarks/safenlp_2024/onnx/ruarobot/perturbations_0.onnx,/home/elipregerson/nnenum/vnncomp2025_benchmarks/benchmarks/safenlp_2024/vnnlib/ruarobot/hyperrectangle_7301.vnnlib,.006893214,sat,.711832626
safenlp_2024,/home/elipregerson/nnenum/vnncomp2025_benchmarks/benchmarks/safenlp_2024/onnx/ruarobot/perturbations_0.onnx,/home/elipregerson/nnenum/vnncomp2025_benchmarks/benchmarks/safenlp_2024/vnnlib/ruarobot/hyperrectangle_7903.vnnlib,.006120142,sat,.653208468
safenlp_2024,/home/elipregerson/nnenum/vnncomp2025_benchmarks/benchmarks/safenlp_2024/onnx/medical/perturbations_0.onnx,/home/elipregerson/nnenum/vnncomp2025_benchmarks/benchmarks/safenlp_2024/vnnlib/medical/hyperrectangle_1056.vnnlib,.005961988,unsat,.596817588
safenlp_2024,/home/elipregerson/nnenum/vnncomp2025_benchmarks/benchmarks/safenlp_2024/onnx/ruarobot/perturbations_0.onnx,/home/elipregerson/nnenum/vnncomp2025_benchmarks/benchmarks/safenlp_2024/vnnlib/ruarobot/hyperrectangle_2715.vnnlib,.006151853,sat,.647531583
safenlp_2024,/home/elipregerson/nnenum/vnncomp2025_benchmarks/benchmarks/safenlp_2024/onnx/ruarobot/perturbations_0.onnx,/home/elipregerson/nnenum/vnncomp2025_benchmarks/benchmarks/safenlp_2024/vnnlib/ruarobot/hyperrectangle_5529.vnnlib,.006225484,sat,.645381669
safenlp_2024,/home/elipregerson/nnenum/vnncomp2025_benchmarks/benchmarks/safenlp_2024/onnx/ruarobot/perturbations_0.onnx,/home/elipregerson/nnenum/vnncomp2025_benchmarks/benchmarks/safenlp_2024/vnnlib/ruarobot/hyperrectangle_5659.vnnlib,.005974593,sat,.650309160
safenlp_2024,/home/elipregerson/nnenum/vnncomp2025_benchmarks/benchmarks/safenlp_2024/onnx/medical/perturbations_0.onnx,/home/elipregerson/nnenum/vnncomp2025_benchmarks/benchmarks/safenlp_2024/vnnlib/medical/hyperrectangle_1615.vnnlib,.006137751,unsat,1.149481143
safenlp_2024,/home/elipregerson/nnenum/vnncomp2025_benchmarks/benchmarks/safenlp_2024/onnx/medical/perturbations_0.onnx,/home/elipregerson/nnenum/vnncomp2025_benchmarks/benchmarks/safenlp_2024/vnnlib/medical/hyperrectangle_1333.vnnlib,.006123655,unsat,.596902193
safenlp_2024,/home/elipregerson/nnenum/vnncomp2025_benchmarks/benchmarks/safenlp_2024/onnx/medical/perturbations_0.onnx,/home/elipregerson/nnenum/vnncomp2025_benchmarks/benchmarks/safenlp_2024/vnnlib/medical/hyperrectangle_2761.vnnlib,.006277680,sat,.647149731
safenlp_2024,/home/elipregerson/nnenum/vnncomp2025_benchmarks/benchmarks/safenlp_2024/onnx/medical/perturbations_0.onnx,/home/elipregerson/nnenum/vnncomp2025_benchmarks/benchmarks/safenlp_2024/vnnlib/medical/hyperrectangle_2116.vnnlib,.006370971,unsat,.622219097
safenlp_2024,/home/elipregerson/nnenum/vnncomp2025_benchmarks/benchmarks/safenlp_2024/onnx/ruarobot/perturbations_0.onnx,/home/elipregerson/nnenum/vnncomp2025_benchmarks/benchmarks/safenlp_2024/vnnlib/ruarobot/hyperrectangle_6558.vnnlib,.006310360,sat,.649443808
safenlp_2024,/home/elipregerson/nnenum/vnncomp2025_benchmarks/benchmarks/safenlp_2024/onnx/ruarobot/perturbations_0.onnx,/home/elipregerson/nnenum/vnncomp2025_benchmarks/benchmarks/safenlp_2024/vnnlib/ruarobot/hyperrectangle_7069.vnnlib,.006472141,unsat,.601024738
safenlp_2024,/home/elipregerson/nnenum/vnncomp2025_benchmarks/benchmarks/safenlp_2024/onnx/ruarobot/perturbations_0.onnx,/home/elipregerson/nnenum/vnncomp2025_benchmarks/benchmarks/safenlp_2024/vnnlib/ruarobot/hyperrectangle_2893.vnnlib,.006132661,sat,1.158052105
safenlp_2024,/home/elipregerson/nnenum/vnncomp2025_benchmarks/benchmarks/safenlp_2024/onnx/ruarobot/perturbations_0.onnx,/home/elipregerson/nnenum/vnncomp2025_benchmarks/benchmarks/safenlp_2024/vnnlib/ruarobot/hyperrectangle_7704.vnnlib,.006273230,sat,.605702055
safenlp_2024,/home/elipregerson/nnenum/vnncomp2025_benchmarks/benchmarks/safenlp_2024/onnx/ruarobot/perturbations_0.onnx,/home/elipregerson/nnenum/vnncomp2025_benchmarks/benchmarks/safenlp_2024/vnnlib/ruarobot/hyperrectangle_5109.vnnlib,.006293214,sat,.645540497
safenlp_2024,/home/elipregerson/nnenum/vnncomp2025_benchmarks/benchmarks/safenlp_2024/onnx/ruarobot/perturbations_0.onnx,/home/elipregerson/nnenum/vnncomp2025_benchmarks/benchmarks/safenlp_2024/vnnlib/ruarobot/hyperrectangle_1099.vnnlib,.006190465,unsat,10.585432827
safenlp_2024,/home/elipregerson/nnenum/vnncomp2025_benchmarks/benchmarks/safenlp_2024/onnx/medical/perturbations_0.onnx,/home/elipregerson/nnenum/vnncomp2025_benchmarks/benchmarks/safenlp_2024/vnnlib/medical/hyperrectangle_797.vnnlib,.009390457,unsat,5.400319513
safenlp_2024,/home/elipregerson/nnenum/vnncomp2025_benchmarks/benchmarks/safenlp_2024/onnx/ruarobot/perturbations_0.onnx,/home/elipregerson/nnenum/vnncomp2025_benchmarks/benchmarks/safenlp_2024/vnnlib/ruarobot/hyperrectangle_4701.vnnlib,.006065225,timeout,20.566390378
safenlp_2024,/home/elipregerson/nnenum/vnncomp2025_benchmarks/benchmarks/safenlp_2024/onnx/ruarobot/perturbations_0.onnx,/home/elipregerson/nnenum/vnncomp2025_benchmarks/benchmarks/safenlp_2024/vnnlib/ruarobot/hyperrectangle_7070.vnnlib,.006121273,sat,.648582396
safenlp_2024,/home/elipregerson/nnenum/vnncomp2025_benchmarks/benchmarks/safenlp_2024/onnx/ruarobot/perturbations_0.onnx,/home/elipregerson/nnenum/vnncomp2025_benchmarks/benchmarks/safenlp_2024/vnnlib/ruarobot/hyperrectangle_3290.vnnlib,.006091703,sat,.655349548
safenlp_2024,/home/elipregerson/nnenum/vnncomp2025_benchmarks/benchmarks/safenlp_2024/onnx/medical/perturbations_0.onnx,/home/elipregerson/nnenum/vnncomp2025_benchmarks/benchmarks/safenlp_2024/vnnlib/medical/hyperrectangle_2431.vnnlib,.006341498,sat,.670558976
safenlp_2024,/home/elipregerson/nnenum/vnncomp2025_benchmarks/benchmarks/safenlp_2024/onnx/ruarobot/perturbations_0.onnx,/home/elipregerson/nnenum/vnncomp2025_benchmarks/benchmarks/safenlp_2024/vnnlib/ruarobot/hyperrectangle_6213.vnnlib,.006109012,sat,.646343079
safenlp_2024,/home/elipregerson/nnenum/vnncomp2025_benchmarks/benchmarks/safenlp_2024/onnx/ruarobot/perturbations_0.onnx,/home/elipregerson/nnenum/vnncomp2025_benchmarks/benchmarks/safenlp_2024/vnnlib/ruarobot/hyperrectangle_5257.vnnlib,.006139185,sat,.648110616
safenlp_2024,/home/elipregerson/nnenum/vnncomp2025_benchmarks/benchmarks/safenlp_2024/onnx/ruarobot/perturbations_0.onnx,/home/elipregerson/nnenum/vnncomp2025_benchmarks/benchmarks/safenlp_2024/vnnlib/ruarobot/hyperrectangle_5612.vnnlib,.006396990,sat,.599239748
safenlp_2024,/home/elipregerson/nnenum/vnncomp2025_benchmarks/benchmarks/safenlp_2024/onnx/medical/perturbations_0.onnx,/home/elipregerson/nnenum/vnncomp2025_benchmarks/benchmarks/safenlp_2024/vnnlib/medical/hyperrectangle_2812.vnnlib,.006416105,unsat,.595848991
safenlp_2024,/home/elipregerson/nnenum/vnncomp2025_benchmarks/benchmarks/safenlp_2024/onnx/ruarobot/perturbations_0.onnx,/home/elipregerson/nnenum/vnncomp2025_benchmarks/benchmarks/safenlp_2024/vnnlib/ruarobot/hyperrectangle_5207.vnnlib,.006105136,sat,.652380044
safenlp_2024,/home/elipregerson/nnenum/vnncomp2025_benchmarks/benchmarks/safenlp_2024/onnx/ruarobot/perturbations_0.onnx,/home/elipregerson/nnenum/vnncomp2025_benchmarks/benchmarks/safenlp_2024/vnnlib/ruarobot/hyperrectangle_6184.vnnlib,.006085774,unsat,.603953556
safenlp_2024,/home/elipregerson/nnenum/vnncomp2025_benchmarks/benchmarks/safenlp_2024/onnx/ruarobot/perturbations_0.onnx,/home/elipregerson/nnenum/vnncomp2025_benchmarks/benchmarks/safenlp_2024/vnnlib/ruarobot/hyperrectangle_614.vnnlib,.006281618,sat,.767598269
safenlp_2024,/home/elipregerson/nnenum/vnncomp2025_benchmarks/benchmarks/safenlp_2024/onnx/medical/perturbations_0.onnx,/home/elipregerson/nnenum/vnncomp2025_benchmarks/benchmarks/safenlp_2024/vnnlib/medical/hyperrectangle_2674.vnnlib,.006262884,unsat,.609989325
safenlp_2024,/home/elipregerson/nnenum/vnncomp2025_benchmarks/benchmarks/safenlp_2024/onnx/medical/perturbations_0.onnx,/home/elipregerson/nnenum/vnncomp2025_benchmarks/benchmarks/safenlp_2024/vnnlib/medical/hyperrectangle_2083.vnnlib,.006158572,sat,.660993752
safenlp_2024,/home/elipregerson/nnenum/vnncomp2025_benchmarks/benchmarks/safenlp_2024/onnx/ruarobot/perturbations_0.onnx,/home/elipregerson/nnenum/vnncomp2025_benchmarks/benchmarks/safenlp_2024/vnnlib/ruarobot/hyperrectangle_2082.vnnlib,.006093530,sat,.640117612
safenlp_2024,/home/elipregerson/nnenum/vnncomp2025_benchmarks/benchmarks/safenlp_2024/onnx/medical/perturbations_0.onnx,/home/elipregerson/nnenum/vnncomp2025_benchmarks/benchmarks/safenlp_2024/vnnlib/medical/hyperrectangle_2648.vnnlib,.009069786,timeout,20.576092332
safenlp_2024,/home/elipregerson/nnenum/vnncomp2025_benchmarks/benchmarks/safenlp_2024/onnx/ruarobot/perturbations_0.onnx,/home/elipregerson/nnenum/vnncomp2025_benchmarks/benchmarks/safenlp_2024/vnnlib/ruarobot/hyperrectangle_4088.vnnlib,.006125755,unsat,1.222506094
safenlp_2024,/home/elipregerson/nnenum/vnncomp2025_benchmarks/benchmarks/safenlp_2024/onnx/ruarobot/perturbations_0.onnx,/home/elipregerson/nnenum/vnncomp2025_benchmarks/benchmarks/safenlp_2024/vnnlib/ruarobot/hyperrectangle_2404.vnnlib,.006241370,sat,.601829273
safenlp_2024,/home/elipregerson/nnenum/vnncomp2025_benchmarks/benchmarks/safenlp_2024/onnx/medical/perturbations_0.onnx,/home/elipregerson/nnenum/vnncomp2025_benchmarks/benchmarks/safenlp_2024/vnnlib/medical/hyperrectangle_1063.vnnlib,.006159780,unsat,.606500930
safenlp_2024,/home/elipregerson/nnenum/vnncomp2025_benchmarks/benchmarks/safenlp_2024/onnx/ruarobot/perturbations_0.onnx,/home/elipregerson/nnenum/vnncomp2025_benchmarks/benchmarks/safenlp_2024/vnnlib/ruarobot/hyperrectangle_4921.vnnlib,.006152471,sat,.644418829
safenlp_2024,/home/elipregerson/nnenum/vnncomp2025_benchmarks/benchmarks/safenlp_2024/onnx/medical/perturbations_0.onnx,/home/elipregerson/nnenum/vnncomp2025_benchmarks/benchmarks/safenlp_2024/vnnlib/medical/hyperrectangle_377.vnnlib,.006481795,unsat,.610910202
safenlp_2024,/home/elipregerson/nnenum/vnncomp2025_benchmarks/benchmarks/safenlp_2024/onnx/ruarobot/perturbations_0.onnx,/home/elipregerson/nnenum/vnncomp2025_benchmarks/benchmarks/safenlp_2024/vnnlib/ruarobot/hyperrectangle_3093.vnnlib,.006072140,sat,.638214290
safenlp_2024,/home/elipregerson/nnenum/vnncomp2025_benchmarks/benchmarks/safenlp_2024/onnx/ruarobot/perturbations_0.onnx,/home/elipregerson/nnenum/vnncomp2025_benchmarks/benchmarks/safenlp_2024/vnnlib/ruarobot/hyperrectangle_3130.vnnlib,.009499394,timeout,20.582573809
safenlp_2024,/home/elipregerson/nnenum/vnncomp2025_benchmarks/benchmarks/safenlp_2024/onnx/ruarobot/perturbations_0.onnx,/home/elipregerson/nnenum/vnncomp2025_benchmarks/benchmarks/safenlp_2024/vnnlib/ruarobot/hyperrectangle_41.vnnlib,.006332494,sat,.651776518
safenlp_2024,/home/elipregerson/nnenum/vnncomp2025_benchmarks/benchmarks/safenlp_2024/onnx/medical/perturbations_0.onnx,/home/elipregerson/nnenum/vnncomp2025_benchmarks/benchmarks/safenlp_2024/vnnlib/medical/hyperrectangle_1322.vnnlib,.006300990,unsat,.601358118
safenlp_2024,/home/elipregerson/nnenum/vnncomp2025_benchmarks/benchmarks/safenlp_2024/onnx/ruarobot/perturbations_0.onnx,/home/elipregerson/nnenum/vnncomp2025_benchmarks/benchmarks/safenlp_2024/vnnlib/ruarobot/hyperrectangle_4795.vnnlib,.006787253,timeout,20.563901750
safenlp_2024,/home/elipregerson/nnenum/vnncomp2025_benchmarks/benchmarks/safenlp_2024/onnx/ruarobot/perturbations_0.onnx,/home/elipregerson/nnenum/vnncomp2025_benchmarks/benchmarks/safenlp_2024/vnnlib/ruarobot/hyperrectangle_4785.vnnlib,.006184065,unsat,1.684461975
safenlp_2024,/home/elipregerson/nnenum/vnncomp2025_benchmarks/benchmarks/safenlp_2024/onnx/ruarobot/perturbations_0.onnx,/home/elipregerson/nnenum/vnncomp2025_benchmarks/benchmarks/safenlp_2024/vnnlib/ruarobot/hyperrectangle_80.vnnlib,.006068351,sat,.661368934
safenlp_2024,/home/elipregerson/nnenum/vnncomp2025_benchmarks/benchmarks/safenlp_2024/onnx/medical/perturbations_0.onnx,/home/elipregerson/nnenum/vnncomp2025_benchmarks/benchmarks/safenlp_2024/vnnlib/medical/hyperrectangle_745.vnnlib,.006208666,unsat,.610376120
safenlp_2024,/home/elipregerson/nnenum/vnncomp2025_benchmarks/benchmarks/safenlp_2024/onnx/ruarobot/perturbations_0.onnx,/home/elipregerson/nnenum/vnncomp2025_benchmarks/benchmarks/safenlp_2024/vnnlib/ruarobot/hyperrectangle_5112.vnnlib,.006373966,unsat,.663538225
safenlp_2024,/home/elipregerson/nnenum/vnncomp2025_benchmarks/benchmarks/safenlp_2024/onnx/medical/perturbations_0.onnx,/home/elipregerson/nnenum/vnncomp2025_benchmarks/benchmarks/safenlp_2024/vnnlib/medical/hyperrectangle_2439.vnnlib,.006327460,timeout,20.568055566
safenlp_2024,/home/elipregerson/nnenum/vnncomp2025_benchmarks/benchmarks/safenlp_2024/onnx/medical/perturbations_0.onnx,/home/elipregerson/nnenum/vnncomp2025_benchmarks/benchmarks/safenlp_2024/vnnlib/medical/hyperrectangle_1131.vnnlib,.006001297,unsat,.599795875
safenlp_2024,/home/elipregerson/nnenum/vnncomp2025_benchmarks/benchmarks/safenlp_2024/onnx/ruarobot/perturbations_0.onnx,/home/elipregerson/nnenum/vnncomp2025_benchmarks/benchmarks/safenlp_2024/vnnlib/ruarobot/hyperrectangle_7587.vnnlib,.006139290,sat,.664594951
safenlp_2024,/home/elipregerson/nnenum/vnncomp2025_benchmarks/benchmarks/safenlp_2024/onnx/medical/perturbations_0.onnx,/home/elipregerson/nnenum/vnncomp2025_benchmarks/benchmarks/safenlp_2024/vnnlib/medical/hyperrectangle_1672.vnnlib,.006228613,unsat,.702301034
safenlp_2024,/home/elipregerson/nnenum/vnncomp2025_benchmarks/benchmarks/safenlp_2024/onnx/ruarobot/perturbations_0.onnx,/home/elipregerson/nnenum/vnncomp2025_benchmarks/benchmarks/safenlp_2024/vnnlib/ruarobot/hyperrectangle_3055.vnnlib,.006356570,sat,.640661425
safenlp_2024,/home/elipregerson/nnenum/vnncomp2025_benchmarks/benchmarks/safenlp_2024/onnx/ruarobot/perturbations_0.onnx,/home/elipregerson/nnenum/vnncomp2025_benchmarks/benchmarks/safenlp_2024/vnnlib/ruarobot/hyperrectangle_1098.vnnlib,.006068609,sat,.642134081
safenlp_2024,/home/elipregerson/nnenum/vnncomp2025_benchmarks/benchmarks/safenlp_2024/onnx/ruarobot/perturbations_0.onnx,/home/elipregerson/nnenum/vnncomp2025_benchmarks/benchmarks/safenlp_2024/vnnlib/ruarobot/hyperrectangle_3862.vnnlib,.006188196,timeout,20.554932043
safenlp_2024,/home/elipregerson/nnenum/vnncomp2025_benchmarks/benchmarks/safenlp_2024/onnx/ruarobot/perturbations_0.onnx,/home/elipregerson/nnenum/vnncomp2025_benchmarks/benchmarks/safenlp_2024/vnnlib/ruarobot/hyperrectangle_4937.vnnlib,.006223410,sat,.650647396
safenlp_2024,/home/elipregerson/nnenum/vnncomp2025_benchmarks/benchmarks/safenlp_2024/onnx/ruarobot/perturbations_0.onnx,/home/elipregerson/nnenum/vnncomp2025_benchmarks/benchmarks/safenlp_2024/vnnlib/ruarobot/hyperrectangle_3084.vnnlib,.006293441,sat,.652991032
safenlp_2024,/home/elipregerson/nnenum/vnncomp2025_benchmarks/benchmarks/safenlp_2024/onnx/medical/perturbations_0.onnx,/home/elipregerson/nnenum/vnncomp2025_benchmarks/benchmarks/safenlp_2024/vnnlib/medical/hyperrectangle_1919.vnnlib,.006126838,unsat,.607328305
safenlp_2024,/home/elipregerson/nnenum/vnncomp2025_benchmarks/benchmarks/safenlp_2024/onnx/ruarobot/perturbations_0.onnx,/home/elipregerson/nnenum/vnncomp2025_benchmarks/benchmarks/safenlp_2024/vnnlib/ruarobot/hyperrectangle_1955.vnnlib,.006149534,sat,.645978535
safenlp_2024,/home/elipregerson/nnenum/vnncomp2025_benchmarks/benchmarks/safenlp_2024/onnx/ruarobot/perturbations_0.onnx,/home/elipregerson/nnenum/vnncomp2025_benchmarks/benchmarks/safenlp_2024/vnnlib/ruarobot/hyperrectangle_2030.vnnlib,.006374317,sat,.658960047
safenlp_2024,/home/elipregerson/nnenum/vnncomp2025_benchmarks/benchmarks/safenlp_2024/onnx/ruarobot/perturbations_0.onnx,/home/elipregerson/nnenum/vnncomp2025_benchmarks/benchmarks/safenlp_2024/vnnlib/ruarobot/hyperrectangle_5946.vnnlib,.006129945,unsat,.602725201
safenlp_2024,/home/elipregerson/nnenum/vnncomp2025_benchmarks/benchmarks/safenlp_2024/onnx/ruarobot/perturbations_0.onnx,/home/elipregerson/nnenum/vnncomp2025_benchmarks/benchmarks/safenlp_2024/vnnlib/ruarobot/hyperrectangle_5028.vnnlib,.006176661,sat,.662291001
safenlp_2024,/home/elipregerson/nnenum/vnncomp2025_benchmarks/benchmarks/safenlp_2024/onnx/ruarobot/perturbations_0.onnx,/home/elipregerson/nnenum/vnncomp2025_benchmarks/benchmarks/safenlp_2024/vnnlib/ruarobot/hyperrectangle_1458.vnnlib,.006678530,sat,.656837798
safenlp_2024,/home/elipregerson/nnenum/vnncomp2025_benchmarks/benchmarks/safenlp_2024/onnx/medical/perturbations_0.onnx,/home/elipregerson/nnenum/vnncomp2025_benchmarks/benchmarks/safenlp_2024/vnnlib/medical/hyperrectangle_2526.vnnlib,.006283370,unsat,1.665060045
safenlp_2024,/home/elipregerson/nnenum/vnncomp2025_benchmarks/benchmarks/safenlp_2024/onnx/ruarobot/perturbations_0.onnx,/home/elipregerson/nnenum/vnncomp2025_benchmarks/benchmarks/safenlp_2024/vnnlib/ruarobot/hyperrectangle_2024.vnnlib,.006164783,sat,.647831462
safenlp_2024,/home/elipregerson/nnenum/vnncomp2025_benchmarks/benchmarks/safenlp_2024/onnx/medical/perturbations_0.onnx,/home/elipregerson/nnenum/vnncomp2025_benchmarks/benchmarks/safenlp_2024/vnnlib/medical/hyperrectangle_1316.vnnlib,.006150077,unsat,.598751731
safenlp_2024,/home/elipregerson/nnenum/vnncomp2025_benchmarks/benchmarks/safenlp_2024/onnx/medical/perturbations_0.onnx,/home/elipregerson/nnenum/vnncomp2025_benchmarks/benchmarks/safenlp_2024/vnnlib/medical/hyperrectangle_2259.vnnlib,.006148470,unsat,.607268833
safenlp_2024,/home/elipregerson/nnenum/vnncomp2025_benchmarks/benchmarks/safenlp_2024/onnx/ruarobot/perturbations_0.onnx,/home/elipregerson/nnenum/vnncomp2025_benchmarks/benchmarks/safenlp_2024/vnnlib/ruarobot/hyperrectangle_11.vnnlib,.006302118,unsat,7.321670759
safenlp_2024,/home/elipregerson/nnenum/vnncomp2025_benchmarks/benchmarks/safenlp_2024/onnx/medical/perturbations_0.onnx,/home/elipregerson/nnenum/vnncomp2025_benchmarks/benchmarks/safenlp_2024/vnnlib/medical/hyperrectangle_1692.vnnlib,.006209559,unsat,.615562523
safenlp_2024,/home/elipregerson/nnenum/vnncomp2025_benchmarks/benchmarks/safenlp_2024/onnx/medical/perturbations_0.onnx,/home/elipregerson/nnenum/vnncomp2025_benchmarks/benchmarks/safenlp_2024/vnnlib/medical/hyperrectangle_1348.vnnlib,.006465935,unsat,.606935355
safenlp_2024,/home/elipregerson/nnenum/vnncomp2025_benchmarks/benchmarks/safenlp_2024/onnx/ruarobot/perturbations_0.onnx,/home/elipregerson/nnenum/vnncomp2025_benchmarks/benchmarks/safenlp_2024/vnnlib/ruarobot/hyperrectangle_192.vnnlib,.006300735,sat,.707851429
safenlp_2024,/home/elipregerson/nnenum/vnncomp2025_benchmarks/benchmarks/safenlp_2024/onnx/medical/perturbations_0.onnx,/home/elipregerson/nnenum/vnncomp2025_benchmarks/benchmarks/safenlp_2024/vnnlib/medical/hyperrectangle_291.vnnlib,.006265546,unsat,.770112764
safenlp_2024,/home/elipregerson/nnenum/vnncomp2025_benchmarks/benchmarks/safenlp_2024/onnx/ruarobot/perturbations_0.onnx,/home/elipregerson/nnenum/vnncomp2025_benchmarks/benchmarks/safenlp_2024/vnnlib/ruarobot/hyperrectangle_3203.vnnlib,.006039232,unsat,20.398828196
safenlp_2024,/home/elipregerson/nnenum/vnncomp2025_benchmarks/benchmarks/safenlp_2024/onnx/ruarobot/perturbations_0.onnx,/home/elipregerson/nnenum/vnncomp2025_benchmarks/benchmarks/safenlp_2024/vnnlib/ruarobot/hyperrectangle_2953.vnnlib,.006485085,sat,.653452847
safenlp_2024,/home/elipregerson/nnenum/vnncomp2025_benchmarks/benchmarks/safenlp_2024/onnx/medical/perturbations_0.onnx,/home/elipregerson/nnenum/vnncomp2025_benchmarks/benchmarks/safenlp_2024/vnnlib/medical/hyperrectangle_263.vnnlib,.006184290,unsat,.609320888
safenlp_2024,/home/elipregerson/nnenum/vnncomp2025_benchmarks/benchmarks/safenlp_2024/onnx/ruarobot/perturbations_0.onnx,/home/elipregerson/nnenum/vnncomp2025_benchmarks/benchmarks/safenlp_2024/vnnlib/ruarobot/hyperrectangle_4525.vnnlib,.006503968,sat,.640525163
safenlp_2024,/home/elipregerson/nnenum/vnncomp2025_benchmarks/benchmarks/safenlp_2024/onnx/ruarobot/perturbations_0.onnx,/home/elipregerson/nnenum/vnncomp2025_benchmarks/benchmarks/safenlp_2024/vnnlib/ruarobot/hyperrectangle_3328.vnnlib,.006027462,sat,.638786807
safenlp_2024,/home/elipregerson/nnenum/vnncomp2025_benchmarks/benchmarks/safenlp_2024/onnx/medical/perturbations_0.onnx,/home/elipregerson/nnenum/vnncomp2025_benchmarks/benchmarks/safenlp_2024/vnnlib/medical/hyperrectangle_687.vnnlib,.006310020,unsat,4.334210156
safenlp_2024,/home/elipregerson/nnenum/vnncomp2025_benchmarks/benchmarks/safenlp_2024/onnx/medical/perturbations_0.onnx,/home/elipregerson/nnenum/vnncomp2025_benchmarks/benchmarks/safenlp_2024/vnnlib/medical/hyperrectangle_883.vnnlib,.006038433,unsat,.598549891
safenlp_2024,/home/elipregerson/nnenum/vnncomp2025_benchmarks/benchmarks/safenlp_2024/onnx/ruarobot/perturbations_0.onnx,/home/elipregerson/nnenum/vnncomp2025_benchmarks/benchmarks/safenlp_2024/vnnlib/ruarobot/hyperrectangle_499.vnnlib,.006163652,sat,.649627851
safenlp_2024,/home/elipregerson/nnenum/vnncomp2025_benchmarks/benchmarks/safenlp_2024/onnx/medical/perturbations_0.onnx,/home/elipregerson/nnenum/vnncomp2025_benchmarks/benchmarks/safenlp_2024/vnnlib/medical/hyperrectangle_10.vnnlib,.006035003,unsat,.608357524
safenlp_2024,/home/elipregerson/nnenum/vnncomp2025_benchmarks/benchmarks/safenlp_2024/onnx/ruarobot/perturbations_0.onnx,/home/elipregerson/nnenum/vnncomp2025_benchmarks/benchmarks/safenlp_2024/vnnlib/ruarobot/hyperrectangle_1234.vnnlib,.006566264,sat,.653176844
safenlp_2024,/home/elipregerson/nnenum/vnncomp2025_benchmarks/benchmarks/safenlp_2024/onnx/medical/perturbations_0.onnx,/home/elipregerson/nnenum/vnncomp2025_benchmarks/benchmarks/safenlp_2024/vnnlib/medical/hyperrectangle_2807.vnnlib,.006750206,timeout,20.567711090
safenlp_2024,/home/elipregerson/nnenum/vnncomp2025_benchmarks/benchmarks/safenlp_2024/onnx/medical/perturbations_0.onnx,/home/elipregerson/nnenum/vnncomp2025_benchmarks/benchmarks/safenlp_2024/vnnlib/medical/hyperrectangle_2533.vnnlib,.006163672,unsat,.594945207
safenlp_2024,/home/elipregerson/nnenum/vnncomp2025_benchmarks/benchmarks/safenlp_2024/onnx/ruarobot/perturbations_0.onnx,/home/elipregerson/nnenum/vnncomp2025_benchmarks/benchmarks/safenlp_2024/vnnlib/ruarobot/hyperrectangle_7420.vnnlib,.006191666,sat,.716072952
safenlp_2024,/home/elipregerson/nnenum/vnncomp2025_benchmarks/benchmarks/safenlp_2024/onnx/ruarobot/perturbations_0.onnx,/home/elipregerson/nnenum/vnncomp2025_benchmarks/benchmarks/safenlp_2024/vnnlib/ruarobot/hyperrectangle_588.vnnlib,.006522495,sat,.663809538
safenlp_2024,/home/elipregerson/nnenum/vnncomp2025_benchmarks/benchmarks/safenlp_2024/onnx/medical/perturbations_0.onnx,/home/elipregerson/nnenum/vnncomp2025_benchmarks/benchmarks/safenlp_2024/vnnlib/medical/hyperrectangle_865.vnnlib,.013211056,unsat,.612499199
safenlp_2024,/home/elipregerson/nnenum/vnncomp2025_benchmarks/benchmarks/safenlp_2024/onnx/ruarobot/perturbations_0.onnx,/home/elipregerson/nnenum/vnncomp2025_benchmarks/benchmarks/safenlp_2024/vnnlib/ruarobot/hyperrectangle_6973.vnnlib,.006254641,sat,.660659943
safenlp_2024,/home/elipregerson/nnenum/vnncomp2025_benchmarks/benchmarks/safenlp_2024/onnx/ruarobot/perturbations_0.onnx,/home/elipregerson/nnenum/vnncomp2025_benchmarks/benchmarks/safenlp_2024/vnnlib/ruarobot/hyperrectangle_4484.vnnlib,.006202519,unsat,.712370495
safenlp_2024,/home/elipregerson/nnenum/vnncomp2025_benchmarks/benchmarks/safenlp_2024/onnx/ruarobot/perturbations_0.onnx,/home/elipregerson/nnenum/vnncomp2025_benchmarks/benchmarks/safenlp_2024/vnnlib/ruarobot/hyperrectangle_7924.vnnlib,.006335586,sat,.639891870
safenlp_2024,/home/elipregerson/nnenum/vnncomp2025_benchmarks/benchmarks/safenlp_2024/onnx/medical/perturbations_0.onnx,/home/elipregerson/nnenum/vnncomp2025_benchmarks/benchmarks/safenlp_2024/vnnlib/medical/hyperrectangle_1487.vnnlib,.006085553,timeout,20.565802847
safenlp_2024,/home/elipregerson/nnenum/vnncomp2025_benchmarks/benchmarks/safenlp_2024/onnx/medical/perturbations_0.onnx,/home/elipregerson/nnenum/vnncomp2025_benchmarks/benchmarks/safenlp_2024/vnnlib/medical/hyperrectangle_637.vnnlib,.006279509,sat,.642865859
safenlp_2024,/home/elipregerson/nnenum/vnncomp2025_benchmarks/benchmarks/safenlp_2024/onnx/ruarobot/perturbations_0.onnx,/home/elipregerson/nnenum/vnncomp2025_benchmarks/benchmarks/safenlp_2024/vnnlib/ruarobot/hyperrectangle_428.vnnlib,.006211122,sat,.652804330
safenlp_2024,/home/elipregerson/nnenum/vnncomp2025_benchmarks/benchmarks/safenlp_2024/onnx/ruarobot/perturbations_0.onnx,/home/elipregerson/nnenum/vnncomp2025_benchmarks/benchmarks/safenlp_2024/vnnlib/ruarobot/hyperrectangle_6358.vnnlib,.005996045,sat,.645979858
safenlp_2024,/home/elipregerson/nnenum/vnncomp2025_benchmarks/benchmarks/safenlp_2024/onnx/ruarobot/perturbations_0.onnx,/home/elipregerson/nnenum/vnncomp2025_benchmarks/benchmarks/safenlp_2024/vnnlib/ruarobot/hyperrectangle_7834.vnnlib,.006281476,sat,.647037010
safenlp_2024,/home/elipregerson/nnenum/vnncomp2025_benchmarks/benchmarks/safenlp_2024/onnx/ruarobot/perturbations_0.onnx,/home/elipregerson/nnenum/vnncomp2025_benchmarks/benchmarks/safenlp_2024/vnnlib/ruarobot/hyperrectangle_149.vnnlib,.006128578,sat,.647903066
safenlp_2024,/home/elipregerson/nnenum/vnncomp2025_benchmarks/benchmarks/safenlp_2024/onnx/ruarobot/perturbations_0.onnx,/home/elipregerson/nnenum/vnncomp2025_benchmarks/benchmarks/safenlp_2024/vnnlib/ruarobot/hyperrectangle_1537.vnnlib,.006135827,unsat,.898121471
safenlp_2024,/home/elipregerson/nnenum/vnncomp2025_benchmarks/benchmarks/safenlp_2024/onnx/medical/perturbations_0.onnx,/home/elipregerson/nnenum/vnncomp2025_benchmarks/benchmarks/safenlp_2024/vnnlib/medical/hyperrectangle_2234.vnnlib,.006303075,unsat,.597494372
safenlp_2024,/home/elipregerson/nnenum/vnncomp2025_benchmarks/benchmarks/safenlp_2024/onnx/ruarobot/perturbations_0.onnx,/home/elipregerson/nnenum/vnncomp2025_benchmarks/benchmarks/safenlp_2024/vnnlib/ruarobot/hyperrectangle_2589.vnnlib,.006102753,sat,.640744832
safenlp_2024,/home/elipregerson/nnenum/vnncomp2025_benchmarks/benchmarks/safenlp_2024/onnx/ruarobot/perturbations_0.onnx,/home/elipregerson/nnenum/vnncomp2025_benchmarks/benchmarks/safenlp_2024/vnnlib/ruarobot/hyperrectangle_3775.vnnlib,.006242494,sat,.644772828
safenlp_2024,/home/elipregerson/nnenum/vnncomp2025_benchmarks/benchmarks/safenlp_2024/onnx/ruarobot/perturbations_0.onnx,/home/elipregerson/nnenum/vnncomp2025_benchmarks/benchmarks/safenlp_2024/vnnlib/ruarobot/hyperrectangle_7740.vnnlib,.006197350,unsat,.602434254
safenlp_2024,/home/elipregerson/nnenum/vnncomp2025_benchmarks/benchmarks/safenlp_2024/onnx/ruarobot/perturbations_0.onnx,/home/elipregerson/nnenum/vnncomp2025_benchmarks/benchmarks/safenlp_2024/vnnlib/ruarobot/hyperrectangle_7312.vnnlib,.006200332,sat,.643670334
safenlp_2024,/home/elipregerson/nnenum/vnncomp2025_benchmarks/benchmarks/safenlp_2024/onnx/ruarobot/perturbations_0.onnx,/home/elipregerson/nnenum/vnncomp2025_benchmarks/benchmarks/safenlp_2024/vnnlib/ruarobot/hyperrectangle_3410.vnnlib,.006109240,sat,.641845693
safenlp_2024,/home/elipregerson/nnenum/vnncomp2025_benchmarks/benchmarks/safenlp_2024/onnx/ruarobot/perturbations_0.onnx,/home/elipregerson/nnenum/vnncomp2025_benchmarks/benchmarks/safenlp_2024/vnnlib/ruarobot/hyperrectangle_4120.vnnlib,.006279421,sat,.645855414
safenlp_2024,/home/elipregerson/nnenum/vnncomp2025_benchmarks/benchmarks/safenlp_2024/onnx/ruarobot/perturbations_0.onnx,/home/elipregerson/nnenum/vnncomp2025_benchmarks/benchmarks/safenlp_2024/vnnlib/ruarobot/hyperrectangle_1252.vnnlib,.006274948,sat,.650982019
safenlp_2024,/home/elipregerson/nnenum/vnncomp2025_benchmarks/benchmarks/safenlp_2024/onnx/ruarobot/perturbations_0.onnx,/home/elipregerson/nnenum/vnncomp2025_benchmarks/benchmarks/safenlp_2024/vnnlib/ruarobot/hyperrectangle_3065.vnnlib,.006257377,unsat,2.989763612
safenlp_2024,/home/elipregerson/nnenum/vnncomp2025_benchmarks/benchmarks/safenlp_2024/onnx/ruarobot/perturbations_0.onnx,/home/elipregerson/nnenum/vnncomp2025_benchmarks/benchmarks/safenlp_2024/vnnlib/ruarobot/hyperrectangle_5968.vnnlib,.006307275,sat,.648479062
safenlp_2024,/home/elipregerson/nnenum/vnncomp2025_benchmarks/benchmarks/safenlp_2024/onnx/ruarobot/perturbations_0.onnx,/home/elipregerson/nnenum/vnncomp2025_benchmarks/benchmarks/safenlp_2024/vnnlib/ruarobot/hyperrectangle_1622.vnnlib,.006204167,sat,.669190929
safenlp_2024,/home/elipregerson/nnenum/vnncomp2025_benchmarks/benchmarks/safenlp_2024/onnx/medical/perturbations_0.onnx,/home/elipregerson/nnenum/vnncomp2025_benchmarks/benchmarks/safenlp_2024/vnnlib/medical/hyperrectangle_1433.vnnlib,.006821084,unsat,.612649693
safenlp_2024,/home/elipregerson/nnenum/vnncomp2025_benchmarks/benchmarks/safenlp_2024/onnx/ruarobot/perturbations_0.onnx,/home/elipregerson/nnenum/vnncomp2025_benchmarks/benchmarks/safenlp_2024/vnnlib/ruarobot/hyperrectangle_4118.vnnlib,.006626789,sat,.669211296
safenlp_2024,/home/elipregerson/nnenum/vnncomp2025_benchmarks/benchmarks/safenlp_2024/onnx/medical/perturbations_0.onnx,/home/elipregerson/nnenum/vnncomp2025_benchmarks/benchmarks/safenlp_2024/vnnlib/medical/hyperrectangle_2638.vnnlib,.006313180,unsat,.731527340
safenlp_2024,/home/elipregerson/nnenum/vnncomp2025_benchmarks/benchmarks/safenlp_2024/onnx/ruarobot/perturbations_0.onnx,/home/elipregerson/nnenum/vnncomp2025_benchmarks/benchmarks/safenlp_2024/vnnlib/ruarobot/hyperrectangle_195.vnnlib,.006127542,sat,.760712076
safenlp_2024,/home/elipregerson/nnenum/vnncomp2025_benchmarks/benchmarks/safenlp_2024/onnx/ruarobot/perturbations_0.onnx,/home/elipregerson/nnenum/vnncomp2025_benchmarks/benchmarks/safenlp_2024/vnnlib/ruarobot/hyperrectangle_2849.vnnlib,.006169883,sat,.645955027
safenlp_2024,/home/elipregerson/nnenum/vnncomp2025_benchmarks/benchmarks/safenlp_2024/onnx/ruarobot/perturbations_0.onnx,/home/elipregerson/nnenum/vnncomp2025_benchmarks/benchmarks/safenlp_2024/vnnlib/ruarobot/hyperrectangle_2256.vnnlib,.006055933,sat,.644156413
safenlp_2024,/home/elipregerson/nnenum/vnncomp2025_benchmarks/benchmarks/safenlp_2024/onnx/ruarobot/perturbations_0.onnx,/home/elipregerson/nnenum/vnncomp2025_benchmarks/benchmarks/safenlp_2024/vnnlib/ruarobot/hyperrectangle_7270.vnnlib,.006490021,sat,.645338527
safenlp_2024,/home/elipregerson/nnenum/vnncomp2025_benchmarks/benchmarks/safenlp_2024/onnx/medical/perturbations_0.onnx,/home/elipregerson/nnenum/vnncomp2025_benchmarks/benchmarks/safenlp_2024/vnnlib/medical/hyperrectangle_1114.vnnlib,.006385612,sat,.654917895
safenlp_2024,/home/elipregerson/nnenum/vnncomp2025_benchmarks/benchmarks/safenlp_2024/onnx/medical/perturbations_0.onnx,/home/elipregerson/nnenum/vnncomp2025_benchmarks/benchmarks/safenlp_2024/vnnlib/medical/hyperrectangle_1458.vnnlib,.006824166,unsat,.594654442
safenlp_2024,/home/elipregerson/nnenum/vnncomp2025_benchmarks/benchmarks/safenlp_2024/onnx/ruarobot/perturbations_0.onnx,/home/elipregerson/nnenum/vnncomp2025_benchmarks/benchmarks/safenlp_2024/vnnlib/ruarobot/hyperrectangle_5991.vnnlib,.006330298,sat,.653982428
safenlp_2024,/home/elipregerson/nnenum/vnncomp2025_benchmarks/benchmarks/safenlp_2024/onnx/ruarobot/perturbations_0.onnx,/home/elipregerson/nnenum/vnncomp2025_benchmarks/benchmarks/safenlp_2024/vnnlib/ruarobot/hyperrectangle_5481.vnnlib,.006076485,sat,.641179927
safenlp_2024,/home/elipregerson/nnenum/vnncomp2025_benchmarks/benchmarks/safenlp_2024/onnx/medical/perturbations_0.onnx,/home/elipregerson/nnenum/vnncomp2025_benchmarks/benchmarks/safenlp_2024/vnnlib/medical/hyperrectangle_135.vnnlib,.006228322,unsat,.600972157
safenlp_2024,/home/elipregerson/nnenum/vnncomp2025_benchmarks/benchmarks/safenlp_2024/onnx/ruarobot/perturbations_0.onnx,/home/elipregerson/nnenum/vnncomp2025_benchmarks/benchmarks/safenlp_2024/vnnlib/ruarobot/hyperrectangle_7843.vnnlib,.006273135,sat,.648430645
safenlp_2024,/home/elipregerson/nnenum/vnncomp2025_benchmarks/benchmarks/safenlp_2024/onnx/medical/perturbations_0.onnx,/home/elipregerson/nnenum/vnncomp2025_benchmarks/benchmarks/safenlp_2024/vnnlib/medical/hyperrectangle_188.vnnlib,.013346901,unsat,.612594551
safenlp_2024,/home/elipregerson/nnenum/vnncomp2025_benchmarks/benchmarks/safenlp_2024/onnx/ruarobot/perturbations_0.onnx,/home/elipregerson/nnenum/vnncomp2025_benchmarks/benchmarks/safenlp_2024/vnnlib/ruarobot/hyperrectangle_1817.vnnlib,.006086981,sat,.649042379
safenlp_2024,/home/elipregerson/nnenum/vnncomp2025_benchmarks/benchmarks/safenlp_2024/onnx/ruarobot/perturbations_0.onnx,/home/elipregerson/nnenum/vnncomp2025_benchmarks/benchmarks/safenlp_2024/vnnlib/ruarobot/hyperrectangle_5757.vnnlib,.006086662,sat,.593935941
safenlp_2024,/home/elipregerson/nnenum/vnncomp2025_benchmarks/benchmarks/safenlp_2024/onnx/ruarobot/perturbations_0.onnx,/home/elipregerson/nnenum/vnncomp2025_benchmarks/benchmarks/safenlp_2024/vnnlib/ruarobot/hyperrectangle_3156.vnnlib,.006225218,unsat,2.196598910
safenlp_2024,/home/elipregerson/nnenum/vnncomp2025_benchmarks/benchmarks/safenlp_2024/onnx/ruarobot/perturbations_0.onnx,/home/elipregerson/nnenum/vnncomp2025_benchmarks/benchmarks/safenlp_2024/vnnlib/ruarobot/hyperrectangle_1844.vnnlib,.006275049,sat,.706836125
safenlp_2024,/home/elipregerson/nnenum/vnncomp2025_benchmarks/benchmarks/safenlp_2024/onnx/ruarobot/perturbations_0.onnx,/home/elipregerson/nnenum/vnncomp2025_benchmarks/benchmarks/safenlp_2024/vnnlib/ruarobot/hyperrectangle_6017.vnnlib,.006254435,timeout,20.557458731
safenlp_2024,/home/elipregerson/nnenum/vnncomp2025_benchmarks/benchmarks/safenlp_2024/onnx/ruarobot/perturbations_0.onnx,/home/elipregerson/nnenum/vnncomp2025_benchmarks/benchmarks/safenlp_2024/vnnlib/ruarobot/hyperrectangle_7354.vnnlib,.006153734,sat,.650977838
safenlp_2024,/home/elipregerson/nnenum/vnncomp2025_benchmarks/benchmarks/safenlp_2024/onnx/ruarobot/perturbations_0.onnx,/home/elipregerson/nnenum/vnncomp2025_benchmarks/benchmarks/safenlp_2024/vnnlib/ruarobot/hyperrectangle_4898.vnnlib,.006448362,timeout,20.575304702
safenlp_2024,/home/elipregerson/nnenum/vnncomp2025_benchmarks/benchmarks/safenlp_2024/onnx/medical/perturbations_0.onnx,/home/elipregerson/nnenum/vnncomp2025_benchmarks/benchmarks/safenlp_2024/vnnlib/medical/hyperrectangle_914.vnnlib,.006208769,unsat,.600500081
safenlp_2024,/home/elipregerson/nnenum/vnncomp2025_benchmarks/benchmarks/safenlp_2024/onnx/ruarobot/perturbations_0.onnx,/home/elipregerson/nnenum/vnncomp2025_benchmarks/benchmarks/safenlp_2024/vnnlib/ruarobot/hyperrectangle_5020.vnnlib,.006197828,sat,.914186769
safenlp_2024,/home/elipregerson/nnenum/vnncomp2025_benchmarks/benchmarks/safenlp_2024/onnx/medical/perturbations_0.onnx,/home/elipregerson/nnenum/vnncomp2025_benchmarks/benchmarks/safenlp_2024/vnnlib/medical/hyperrectangle_2595.vnnlib,.006261315,unsat,.609950526
safenlp_2024,/home/elipregerson/nnenum/vnncomp2025_benchmarks/benchmarks/safenlp_2024/onnx/ruarobot/perturbations_0.onnx,/home/elipregerson/nnenum/vnncomp2025_benchmarks/benchmarks/safenlp_2024/vnnlib/ruarobot/hyperrectangle_3544.vnnlib,.006526611,unsat,.604443749
safenlp_2024,/home/elipregerson/nnenum/vnncomp2025_benchmarks/benchmarks/safenlp_2024/onnx/medical/perturbations_0.onnx,/home/elipregerson/nnenum/vnncomp2025_benchmarks/benchmarks/safenlp_2024/vnnlib/medical/hyperrectangle_831.vnnlib,.006198773,unsat,.600151197
safenlp_2024,/home/elipregerson/nnenum/vnncomp2025_benchmarks/benchmarks/safenlp_2024/onnx/ruarobot/perturbations_0.onnx,/home/elipregerson/nnenum/vnncomp2025_benchmarks/benchmarks/safenlp_2024/vnnlib/ruarobot/hyperrectangle_47.vnnlib,.006130039,unsat,.597282388
safenlp_2024,/home/elipregerson/nnenum/vnncomp2025_benchmarks/benchmarks/safenlp_2024/onnx/ruarobot/perturbations_0.onnx,/home/elipregerson/nnenum/vnncomp2025_benchmarks/benchmarks/safenlp_2024/vnnlib/ruarobot/hyperrectangle_6369.vnnlib,.006382880,sat,.646293063
safenlp_2024,/home/elipregerson/nnenum/vnncomp2025_benchmarks/benchmarks/safenlp_2024/onnx/medical/perturbations_0.onnx,/home/elipregerson/nnenum/vnncomp2025_benchmarks/benchmarks/safenlp_2024/vnnlib/medical/hyperrectangle_1092.vnnlib,.006332706,unsat,5.633493877
safenlp_2024,/home/elipregerson/nnenum/vnncomp2025_benchmarks/benchmarks/safenlp_2024/onnx/medical/perturbations_0.onnx,/home/elipregerson/nnenum/vnncomp2025_benchmarks/benchmarks/safenlp_2024/vnnlib/medical/hyperrectangle_1463.vnnlib,.011583195,unsat,.827129351
safenlp_2024,/home/elipregerson/nnenum/vnncomp2025_benchmarks/benchmarks/safenlp_2024/onnx/ruarobot/perturbations_0.onnx,/home/elipregerson/nnenum/vnncomp2025_benchmarks/benchmarks/safenlp_2024/vnnlib/ruarobot/hyperrectangle_7485.vnnlib,.009163519,sat,.892285947
safenlp_2024,/home/elipregerson/nnenum/vnncomp2025_benchmarks/benchmarks/safenlp_2024/onnx/ruarobot/perturbations_0.onnx,/home/elipregerson/nnenum/vnncomp2025_benchmarks/benchmarks/safenlp_2024/vnnlib/ruarobot/hyperrectangle_2625.vnnlib,.013131180,sat,.879666152
safenlp_2024,/home/elipregerson/nnenum/vnncomp2025_benchmarks/benchmarks/safenlp_2024/onnx/ruarobot/perturbations_0.onnx,/home/elipregerson/nnenum/vnncomp2025_benchmarks/benchmarks/safenlp_2024/vnnlib/ruarobot/hyperrectangle_2381.vnnlib,.009612307,sat,.739124892
safenlp_2024,/home/elipregerson/nnenum/vnncomp2025_benchmarks/benchmarks/safenlp_2024/onnx/ruarobot/perturbations_0.onnx,/home/elipregerson/nnenum/vnncomp2025_benchmarks/benchmarks/safenlp_2024/vnnlib/ruarobot/hyperrectangle_4338.vnnlib,.006291220,sat,.655402483
safenlp_2024,/home/elipregerson/nnenum/vnncomp2025_benchmarks/benchmarks/safenlp_2024/onnx/ruarobot/perturbations_0.onnx,/home/elipregerson/nnenum/vnncomp2025_benchmarks/benchmarks/safenlp_2024/vnnlib/ruarobot/hyperrectangle_44.vnnlib,.006175989,sat,.641020071
safenlp_2024,/home/elipregerson/nnenum/vnncomp2025_benchmarks/benchmarks/safenlp_2024/onnx/ruarobot/perturbations_0.onnx,/home/elipregerson/nnenum/vnncomp2025_benchmarks/benchmarks/safenlp_2024/vnnlib/ruarobot/hyperrectangle_1203.vnnlib,.006405687,timeout,20.598551340
safenlp_2024,/home/elipregerson/nnenum/vnncomp2025_benchmarks/benchmarks/safenlp_2024/onnx/ruarobot/perturbations_0.onnx,/home/elipregerson/nnenum/vnncomp2025_benchmarks/benchmarks/safenlp_2024/vnnlib/ruarobot/hyperrectangle_4700.vnnlib,.006745282,sat,.646391175
safenlp_2024,/home/elipregerson/nnenum/vnncomp2025_benchmarks/benchmarks/safenlp_2024/onnx/medical/perturbations_0.onnx,/home/elipregerson/nnenum/vnncomp2025_benchmarks/benchmarks/safenlp_2024/vnnlib/medical/hyperrectangle_413.vnnlib,.006345438,sat,.657546227
safenlp_2024,/home/elipregerson/nnenum/vnncomp2025_benchmarks/benchmarks/safenlp_2024/onnx/ruarobot/perturbations_0.onnx,/home/elipregerson/nnenum/vnncomp2025_benchmarks/benchmarks/safenlp_2024/vnnlib/ruarobot/hyperrectangle_1264.vnnlib,.006122282,sat,.659176860
safenlp_2024,/home/elipregerson/nnenum/vnncomp2025_benchmarks/benchmarks/safenlp_2024/onnx/ruarobot/perturbations_0.onnx,/home/elipregerson/nnenum/vnncomp2025_benchmarks/benchmarks/safenlp_2024/vnnlib/ruarobot/hyperrectangle_2879.vnnlib,.006352263,sat,.709871605
safenlp_2024,/home/elipregerson/nnenum/vnncomp2025_benchmarks/benchmarks/safenlp_2024/onnx/medical/perturbations_0.onnx,/home/elipregerson/nnenum/vnncomp2025_benchmarks/benchmarks/safenlp_2024/vnnlib/medical/hyperrectangle_683.vnnlib,.006296688,sat,.655263582
safenlp_2024,/home/elipregerson/nnenum/vnncomp2025_benchmarks/benchmarks/safenlp_2024/onnx/medical/perturbations_0.onnx,/home/elipregerson/nnenum/vnncomp2025_benchmarks/benchmarks/safenlp_2024/vnnlib/medical/hyperrectangle_1973.vnnlib,.006331411,unsat,.598066181
safenlp_2024,/home/elipregerson/nnenum/vnncomp2025_benchmarks/benchmarks/safenlp_2024/onnx/ruarobot/perturbations_0.onnx,/home/elipregerson/nnenum/vnncomp2025_benchmarks/benchmarks/safenlp_2024/vnnlib/ruarobot/hyperrectangle_3695.vnnlib,.006194137,sat,.645419958
safenlp_2024,/home/elipregerson/nnenum/vnncomp2025_benchmarks/benchmarks/safenlp_2024/onnx/ruarobot/perturbations_0.onnx,/home/elipregerson/nnenum/vnncomp2025_benchmarks/benchmarks/safenlp_2024/vnnlib/ruarobot/hyperrectangle_3460.vnnlib,.006507627,timeout,20.563435658
safenlp_2024,/home/elipregerson/nnenum/vnncomp2025_benchmarks/benchmarks/safenlp_2024/onnx/ruarobot/perturbations_0.onnx,/home/elipregerson/nnenum/vnncomp2025_benchmarks/benchmarks/safenlp_2024/vnnlib/ruarobot/hyperrectangle_704.vnnlib,.006177005,unsat,.954867003
safenlp_2024,/home/elipregerson/nnenum/vnncomp2025_benchmarks/benchmarks/safenlp_2024/onnx/ruarobot/perturbations_0.onnx,/home/elipregerson/nnenum/vnncomp2025_benchmarks/benchmarks/safenlp_2024/vnnlib/ruarobot/hyperrectangle_6116.vnnlib,.006122709,sat,.645543960
safenlp_2024,/home/elipregerson/nnenum/vnncomp2025_benchmarks/benchmarks/safenlp_2024/onnx/ruarobot/perturbations_0.onnx,/home/elipregerson/nnenum/vnncomp2025_benchmarks/benchmarks/safenlp_2024/vnnlib/ruarobot/hyperrectangle_4766.vnnlib,.006340174,unsat,7.190559995
safenlp_2024,/home/elipregerson/nnenum/vnncomp2025_benchmarks/benchmarks/safenlp_2024/onnx/ruarobot/perturbations_0.onnx,/home/elipregerson/nnenum/vnncomp2025_benchmarks/benchmarks/safenlp_2024/vnnlib/ruarobot/hyperrectangle_338.vnnlib,.011647205,sat,.892871156
safenlp_2024,/home/elipregerson/nnenum/vnncomp2025_benchmarks/benchmarks/safenlp_2024/onnx/ruarobot/perturbations_0.onnx,/home/elipregerson/nnenum/vnncomp2025_benchmarks/benchmarks/safenlp_2024/vnnlib/ruarobot/hyperrectangle_5634.vnnlib,.010029743,sat,.888756673
safenlp_2024,/home/elipregerson/nnenum/vnncomp2025_benchmarks/benchmarks/safenlp_2024/onnx/ruarobot/perturbations_0.onnx,/home/elipregerson/nnenum/vnncomp2025_benchmarks/benchmarks/safenlp_2024/vnnlib/ruarobot/hyperrectangle_5275.vnnlib,.018445945,timeout,20.760406798
safenlp_2024,/home/elipregerson/nnenum/vnncomp2025_benchmarks/benchmarks/safenlp_2024/onnx/medical/perturbations_0.onnx,/home/elipregerson/nnenum/vnncomp2025_benchmarks/benchmarks/safenlp_2024/vnnlib/medical/hyperrectangle_2465.vnnlib,.006141737,timeout,20.557329008
safenlp_2024,/home/elipregerson/nnenum/vnncomp2025_benchmarks/benchmarks/safenlp_2024/onnx/ruarobot/perturbations_0.onnx,/home/elipregerson/nnenum/vnncomp2025_benchmarks/benchmarks/safenlp_2024/vnnlib/ruarobot/hyperrectangle_5844.vnnlib,.006113418,sat,.654726593
safenlp_2024,/home/elipregerson/nnenum/vnncomp2025_benchmarks/benchmarks/safenlp_2024/onnx/ruarobot/perturbations_0.onnx,/home/elipregerson/nnenum/vnncomp2025_benchmarks/benchmarks/safenlp_2024/vnnlib/ruarobot/hyperrectangle_2467.vnnlib,.006104470,sat,.652726655
safenlp_2024,/home/elipregerson/nnenum/vnncomp2025_benchmarks/benchmarks/safenlp_2024/onnx/ruarobot/perturbations_0.onnx,/home/elipregerson/nnenum/vnncomp2025_benchmarks/benchmarks/safenlp_2024/vnnlib/ruarobot/hyperrectangle_1429.vnnlib,.006554470,sat,.663730255
safenlp_2024,/home/elipregerson/nnenum/vnncomp2025_benchmarks/benchmarks/safenlp_2024/onnx/ruarobot/perturbations_0.onnx,/home/elipregerson/nnenum/vnncomp2025_benchmarks/benchmarks/safenlp_2024/vnnlib/ruarobot/hyperrectangle_2224.vnnlib,.006711122,unsat,2.016212595
safenlp_2024,/home/elipregerson/nnenum/vnncomp2025_benchmarks/benchmarks/safenlp_2024/onnx/ruarobot/perturbations_0.onnx,/home/elipregerson/nnenum/vnncomp2025_benchmarks/benchmarks/safenlp_2024/vnnlib/ruarobot/hyperrectangle_3270.vnnlib,.006155265,timeout,20.557915637
safenlp_2024,/home/elipregerson/nnenum/vnncomp2025_benchmarks/benchmarks/safenlp_2024/onnx/ruarobot/perturbations_0.onnx,/home/elipregerson/nnenum/vnncomp2025_benchmarks/benchmarks/safenlp_2024/vnnlib/ruarobot/hyperrectangle_5975.vnnlib,.006138873,timeout,20.557046296
safenlp_2024,/home/elipregerson/nnenum/vnncomp2025_benchmarks/benchmarks/safenlp_2024/onnx/medical/perturbations_0.onnx,/home/elipregerson/nnenum/vnncomp2025_benchmarks/benchmarks/safenlp_2024/vnnlib/medical/hyperrectangle_1762.vnnlib,.006306583,unsat,.601283700
safenlp_2024,/home/elipregerson/nnenum/vnncomp2025_benchmarks/benchmarks/safenlp_2024/onnx/ruarobot/perturbations_0.onnx,/home/elipregerson/nnenum/vnncomp2025_benchmarks/benchmarks/safenlp_2024/vnnlib/ruarobot/hyperrectangle_3528.vnnlib,.006097787,unsat,.670766961
safenlp_2024,/home/elipregerson/nnenum/vnncomp2025_benchmarks/benchmarks/safenlp_2024/onnx/medical/perturbations_0.onnx,/home/elipregerson/nnenum/vnncomp2025_benchmarks/benchmarks/safenlp_2024/vnnlib/medical/hyperrectangle_1734.vnnlib,.006307940,unsat,.608613523
safenlp_2024,/home/elipregerson/nnenum/vnncomp2025_benchmarks/benchmarks/safenlp_2024/onnx/ruarobot/perturbations_0.onnx,/home/elipregerson/nnenum/vnncomp2025_benchmarks/benchmarks/safenlp_2024/vnnlib/ruarobot/hyperrectangle_2777.vnnlib,.006238775,sat,.598162084
safenlp_2024,/home/elipregerson/nnenum/vnncomp2025_benchmarks/benchmarks/safenlp_2024/onnx/ruarobot/perturbations_0.onnx,/home/elipregerson/nnenum/vnncomp2025_benchmarks/benchmarks/safenlp_2024/vnnlib/ruarobot/hyperrectangle_7275.vnnlib,.006205251,unsat,1.143510264
safenlp_2024,/home/elipregerson/nnenum/vnncomp2025_benchmarks/benchmarks/safenlp_2024/onnx/ruarobot/perturbations_0.onnx,/home/elipregerson/nnenum/vnncomp2025_benchmarks/benchmarks/safenlp_2024/vnnlib/ruarobot/hyperrectangle_5990.vnnlib,.006235491,unsat,2.823232203
safenlp_2024,/home/elipregerson/nnenum/vnncomp2025_benchmarks/benchmarks/safenlp_2024/onnx/medical/perturbations_0.onnx,/home/elipregerson/nnenum/vnncomp2025_benchmarks/benchmarks/safenlp_2024/vnnlib/medical/hyperrectangle_2193.vnnlib,.006297670,sat,.656512478
safenlp_2024,/home/elipregerson/nnenum/vnncomp2025_benchmarks/benchmarks/safenlp_2024/onnx/ruarobot/perturbations_0.onnx,/home/elipregerson/nnenum/vnncomp2025_benchmarks/benchmarks/safenlp_2024/vnnlib/ruarobot/hyperrectangle_3853.vnnlib,.006245421,timeout,20.570313355
safenlp_2024,/home/elipregerson/nnenum/vnncomp2025_benchmarks/benchmarks/safenlp_2024/onnx/ruarobot/perturbations_0.onnx,/home/elipregerson/nnenum/vnncomp2025_benchmarks/benchmarks/safenlp_2024/vnnlib/ruarobot/hyperrectangle_4815.vnnlib,.006243986,sat,.640263306
safenlp_2024,/home/elipregerson/nnenum/vnncomp2025_benchmarks/benchmarks/safenlp_2024/onnx/ruarobot/perturbations_0.onnx,/home/elipregerson/nnenum/vnncomp2025_benchmarks/benchmarks/safenlp_2024/vnnlib/ruarobot/hyperrectangle_1739.vnnlib,.006076956,sat,.667091778
safenlp_2024,/home/elipregerson/nnenum/vnncomp2025_benchmarks/benchmarks/safenlp_2024/onnx/ruarobot/perturbations_0.onnx,/home/elipregerson/nnenum/vnncomp2025_benchmarks/benchmarks/safenlp_2024/vnnlib/ruarobot/hyperrectangle_1801.vnnlib,.007802314,sat,.653053404
safenlp_2024,/home/elipregerson/nnenum/vnncomp2025_benchmarks/benchmarks/safenlp_2024/onnx/ruarobot/perturbations_0.onnx,/home/elipregerson/nnenum/vnncomp2025_benchmarks/benchmarks/safenlp_2024/vnnlib/ruarobot/hyperrectangle_3363.vnnlib,.006139017,sat,.690312868
safenlp_2024,/home/elipregerson/nnenum/vnncomp2025_benchmarks/benchmarks/safenlp_2024/onnx/medical/perturbations_0.onnx,/home/elipregerson/nnenum/vnncomp2025_benchmarks/benchmarks/safenlp_2024/vnnlib/medical/hyperrectangle_1377.vnnlib,.006242439,unsat,.608391760
safenlp_2024,/home/elipregerson/nnenum/vnncomp2025_benchmarks/benchmarks/safenlp_2024/onnx/medical/perturbations_0.onnx,/home/elipregerson/nnenum/vnncomp2025_benchmarks/benchmarks/safenlp_2024/vnnlib/medical/hyperrectangle_1382.vnnlib,.006441726,unsat,.669634845
safenlp_2024,/home/elipregerson/nnenum/vnncomp2025_benchmarks/benchmarks/safenlp_2024/onnx/medical/perturbations_0.onnx,/home/elipregerson/nnenum/vnncomp2025_benchmarks/benchmarks/safenlp_2024/vnnlib/medical/hyperrectangle_2113.vnnlib,.006108403,sat,.643637882
safenlp_2024,/home/elipregerson/nnenum/vnncomp2025_benchmarks/benchmarks/safenlp_2024/onnx/ruarobot/perturbations_0.onnx,/home/elipregerson/nnenum/vnncomp2025_benchmarks/benchmarks/safenlp_2024/vnnlib/ruarobot/hyperrectangle_2499.vnnlib,.006363009,timeout,20.575124707
safenlp_2024,/home/elipregerson/nnenum/vnncomp2025_benchmarks/benchmarks/safenlp_2024/onnx/medical/perturbations_0.onnx,/home/elipregerson/nnenum/vnncomp2025_benchmarks/benchmarks/safenlp_2024/vnnlib/medical/hyperrectangle_2315.vnnlib,.006120281,timeout,20.560454435
safenlp_2024,/home/elipregerson/nnenum/vnncomp2025_benchmarks/benchmarks/safenlp_2024/onnx/ruarobot/perturbations_0.onnx,/home/elipregerson/nnenum/vnncomp2025_benchmarks/benchmarks/safenlp_2024/vnnlib/ruarobot/hyperrectangle_1386.vnnlib,.006113880,timeout,20.555661155
safenlp_2024,/home/elipregerson/nnenum/vnncomp2025_benchmarks/benchmarks/safenlp_2024/onnx/ruarobot/perturbations_0.onnx,/home/elipregerson/nnenum/vnncomp2025_benchmarks/benchmarks/safenlp_2024/vnnlib/ruarobot/hyperrectangle_4847.vnnlib,.006146652,unsat,2.612437374
safenlp_2024,/home/elipregerson/nnenum/vnncomp2025_benchmarks/benchmarks/safenlp_2024/onnx/medical/perturbations_0.onnx,/home/elipregerson/nnenum/vnncomp2025_benchmarks/benchmarks/safenlp_2024/vnnlib/medical/hyperrectangle_846.vnnlib,.006281541,sat,.653677016
safenlp_2024,/home/elipregerson/nnenum/vnncomp2025_benchmarks/benchmarks/safenlp_2024/onnx/ruarobot/perturbations_0.onnx,/home/elipregerson/nnenum/vnncomp2025_benchmarks/benchmarks/safenlp_2024/vnnlib/ruarobot/hyperrectangle_6841.vnnlib,.006285324,timeout,20.571008172
safenlp_2024,/home/elipregerson/nnenum/vnncomp2025_benchmarks/benchmarks/safenlp_2024/onnx/ruarobot/perturbations_0.onnx,/home/elipregerson/nnenum/vnncomp2025_benchmarks/benchmarks/safenlp_2024/vnnlib/ruarobot/hyperrectangle_1498.vnnlib,.006142320,timeout,20.573718647
safenlp_2024,/home/elipregerson/nnenum/vnncomp2025_benchmarks/benchmarks/safenlp_2024/onnx/medical/perturbations_0.onnx,/home/elipregerson/nnenum/vnncomp2025_benchmarks/benchmarks/safenlp_2024/vnnlib/medical/hyperrectangle_337.vnnlib,.006357400,sat,.597712668
safenlp_2024,/home/elipregerson/nnenum/vnncomp2025_benchmarks/benchmarks/safenlp_2024/onnx/ruarobot/perturbations_0.onnx,/home/elipregerson/nnenum/vnncomp2025_benchmarks/benchmarks/safenlp_2024/vnnlib/ruarobot/hyperrectangle_2433.vnnlib,.006144840,sat,.655295881
safenlp_2024,/home/elipregerson/nnenum/vnncomp2025_benchmarks/benchmarks/safenlp_2024/onnx/medical/perturbations_0.onnx,/home/elipregerson/nnenum/vnncomp2025_benchmarks/benchmarks/safenlp_2024/vnnlib/medical/hyperrectangle_2726.vnnlib,.006187421,unsat,9.410098369
safenlp_2024,/home/elipregerson/nnenum/vnncomp2025_benchmarks/benchmarks/safenlp_2024/onnx/ruarobot/perturbations_0.onnx,/home/elipregerson/nnenum/vnncomp2025_benchmarks/benchmarks/safenlp_2024/vnnlib/ruarobot/hyperrectangle_5110.vnnlib,.012752477,timeout,20.769010952
safenlp_2024,/home/elipregerson/nnenum/vnncomp2025_benchmarks/benchmarks/safenlp_2024/onnx/medical/perturbations_0.onnx,/home/elipregerson/nnenum/vnncomp2025_benchmarks/benchmarks/safenlp_2024/vnnlib/medical/hyperrectangle_703.vnnlib,.013465264,unsat,.829781979
safenlp_2024,/home/elipregerson/nnenum/vnncomp2025_benchmarks/benchmarks/safenlp_2024/onnx/ruarobot/perturbations_0.onnx,/home/elipregerson/nnenum/vnncomp2025_benchmarks/benchmarks/safenlp_2024/vnnlib/ruarobot/hyperrectangle_6100.vnnlib,.008156722,unsat,3.835140924
safenlp_2024,/home/elipregerson/nnenum/vnncomp2025_benchmarks/benchmarks/safenlp_2024/onnx/ruarobot/perturbations_0.onnx,/home/elipregerson/nnenum/vnncomp2025_benchmarks/benchmarks/safenlp_2024/vnnlib/ruarobot/hyperrectangle_5221.vnnlib,.006192599,sat,.661459930
safenlp_2024,/home/elipregerson/nnenum/vnncomp2025_benchmarks/benchmarks/safenlp_2024/onnx/medical/perturbations_0.onnx,/home/elipregerson/nnenum/vnncomp2025_benchmarks/benchmarks/safenlp_2024/vnnlib/medical/hyperrectangle_2612.vnnlib,.006372531,unsat,.928210211
safenlp_2024,/home/elipregerson/nnenum/vnncomp2025_benchmarks/benchmarks/safenlp_2024/onnx/ruarobot/perturbations_0.onnx,/home/elipregerson/nnenum/vnncomp2025_benchmarks/benchmarks/safenlp_2024/vnnlib/ruarobot/hyperrectangle_2652.vnnlib,.006168227,sat,.651039094
safenlp_2024,/home/elipregerson/nnenum/vnncomp2025_benchmarks/benchmarks/safenlp_2024/onnx/medical/perturbations_0.onnx,/home/elipregerson/nnenum/vnncomp2025_benchmarks/benchmarks/safenlp_2024/vnnlib/medical/hyperrectangle_328.vnnlib,.006512868,timeout,20.558930464
safenlp_2024,/home/elipregerson/nnenum/vnncomp2025_benchmarks/benchmarks/safenlp_2024/onnx/ruarobot/perturbations_0.onnx,/home/elipregerson/nnenum/vnncomp2025_benchmarks/benchmarks/safenlp_2024/vnnlib/ruarobot/hyperrectangle_7655.vnnlib,.006049977,sat,.655018393
safenlp_2024,/home/elipregerson/nnenum/vnncomp2025_benchmarks/benchmarks/safenlp_2024/onnx/ruarobot/perturbations_0.onnx,/home/elipregerson/nnenum/vnncomp2025_benchmarks/benchmarks/safenlp_2024/vnnlib/ruarobot/hyperrectangle_1432.vnnlib,.006144257,sat,.649405531
safenlp_2024,/home/elipregerson/nnenum/vnncomp2025_benchmarks/benchmarks/safenlp_2024/onnx/ruarobot/perturbations_0.onnx,/home/elipregerson/nnenum/vnncomp2025_benchmarks/benchmarks/safenlp_2024/vnnlib/ruarobot/hyperrectangle_1338.vnnlib,.006104235,sat,.664927974
safenlp_2024,/home/elipregerson/nnenum/vnncomp2025_benchmarks/benchmarks/safenlp_2024/onnx/ruarobot/perturbations_0.onnx,/home/elipregerson/nnenum/vnncomp2025_benchmarks/benchmarks/safenlp_2024/vnnlib/ruarobot/hyperrectangle_56.vnnlib,.006263311,sat,.754372090
safenlp_2024,/home/elipregerson/nnenum/vnncomp2025_benchmarks/benchmarks/safenlp_2024/onnx/ruarobot/perturbations_0.onnx,/home/elipregerson/nnenum/vnncomp2025_benchmarks/benchmarks/safenlp_2024/vnnlib/ruarobot/hyperrectangle_3792.vnnlib,.006296309,sat,.651791261
safenlp_2024,/home/elipregerson/nnenum/vnncomp2025_benchmarks/benchmarks/safenlp_2024/onnx/ruarobot/perturbations_0.onnx,/home/elipregerson/nnenum/vnncomp2025_benchmarks/benchmarks/safenlp_2024/vnnlib/ruarobot/hyperrectangle_6778.vnnlib,.006240801,sat,.649696725
safenlp_2024,/home/elipregerson/nnenum/vnncomp2025_benchmarks/benchmarks/safenlp_2024/onnx/medical/perturbations_0.onnx,/home/elipregerson/nnenum/vnncomp2025_benchmarks/benchmarks/safenlp_2024/vnnlib/medical/hyperrectangle_691.vnnlib,.006247765,unsat,.597785610
safenlp_2024,/home/elipregerson/nnenum/vnncomp2025_benchmarks/benchmarks/safenlp_2024/onnx/ruarobot/perturbations_0.onnx,/home/elipregerson/nnenum/vnncomp2025_benchmarks/benchmarks/safenlp_2024/vnnlib/ruarobot/hyperrectangle_7279.vnnlib,.006359582,sat,.712136000
safenlp_2024,/home/elipregerson/nnenum/vnncomp2025_benchmarks/benchmarks/safenlp_2024/onnx/medical/perturbations_0.onnx,/home/elipregerson/nnenum/vnncomp2025_benchmarks/benchmarks/safenlp_2024/vnnlib/medical/hyperrectangle_359.vnnlib,.006711706,unsat,.602973284
safenlp_2024,/home/elipregerson/nnenum/vnncomp2025_benchmarks/benchmarks/safenlp_2024/onnx/medical/perturbations_0.onnx,/home/elipregerson/nnenum/vnncomp2025_benchmarks/benchmarks/safenlp_2024/vnnlib/medical/hyperrectangle_207.vnnlib,.006263972,unsat,1.059818137
safenlp_2024,/home/elipregerson/nnenum/vnncomp2025_benchmarks/benchmarks/safenlp_2024/onnx/ruarobot/perturbations_0.onnx,/home/elipregerson/nnenum/vnncomp2025_benchmarks/benchmarks/safenlp_2024/vnnlib/ruarobot/hyperrectangle_1745.vnnlib,.006379337,unsat,.602877578
safenlp_2024,/home/elipregerson/nnenum/vnncomp2025_benchmarks/benchmarks/safenlp_2024/onnx/medical/perturbations_0.onnx,/home/elipregerson/nnenum/vnncomp2025_benchmarks/benchmarks/safenlp_2024/vnnlib/medical/hyperrectangle_2565.vnnlib,.006753437,unsat,.607542165
safenlp_2024,/home/elipregerson/nnenum/vnncomp2025_benchmarks/benchmarks/safenlp_2024/onnx/ruarobot/perturbations_0.onnx,/home/elipregerson/nnenum/vnncomp2025_benchmarks/benchmarks/safenlp_2024/vnnlib/ruarobot/hyperrectangle_2650.vnnlib,.006716921,sat,.643978111
safenlp_2024,/home/elipregerson/nnenum/vnncomp2025_benchmarks/benchmarks/safenlp_2024/onnx/ruarobot/perturbations_0.onnx,/home/elipregerson/nnenum/vnncomp2025_benchmarks/benchmarks/safenlp_2024/vnnlib/ruarobot/hyperrectangle_2894.vnnlib,.006510001,unsat,1.332450116
safenlp_2024,/home/elipregerson/nnenum/vnncomp2025_benchmarks/benchmarks/safenlp_2024/onnx/ruarobot/perturbations_0.onnx,/home/elipregerson/nnenum/vnncomp2025_benchmarks/benchmarks/safenlp_2024/vnnlib/ruarobot/hyperrectangle_3171.vnnlib,.006234521,timeout,20.589323041
safenlp_2024,/home/elipregerson/nnenum/vnncomp2025_benchmarks/benchmarks/safenlp_2024/onnx/medical/perturbations_0.onnx,/home/elipregerson/nnenum/vnncomp2025_benchmarks/benchmarks/safenlp_2024/vnnlib/medical/hyperrectangle_2408.vnnlib,.006172017,unsat,4.052005886
safenlp_2024,/home/elipregerson/nnenum/vnncomp2025_benchmarks/benchmarks/safenlp_2024/onnx/ruarobot/perturbations_0.onnx,/home/elipregerson/nnenum/vnncomp2025_benchmarks/benchmarks/safenlp_2024/vnnlib/ruarobot/hyperrectangle_391.vnnlib,.006148196,unsat,1.524715855
safenlp_2024,/home/elipregerson/nnenum/vnncomp2025_benchmarks/benchmarks/safenlp_2024/onnx/ruarobot/perturbations_0.onnx,/home/elipregerson/nnenum/vnncomp2025_benchmarks/benchmarks/safenlp_2024/vnnlib/ruarobot/hyperrectangle_698.vnnlib,.006492828,sat,.659218997
safenlp_2024,/home/elipregerson/nnenum/vnncomp2025_benchmarks/benchmarks/safenlp_2024/onnx/ruarobot/perturbations_0.onnx,/home/elipregerson/nnenum/vnncomp2025_benchmarks/benchmarks/safenlp_2024/vnnlib/ruarobot/hyperrectangle_3235.vnnlib,.006442470,sat,.640567223
safenlp_2024,/home/elipregerson/nnenum/vnncomp2025_benchmarks/benchmarks/safenlp_2024/onnx/ruarobot/perturbations_0.onnx,/home/elipregerson/nnenum/vnncomp2025_benchmarks/benchmarks/safenlp_2024/vnnlib/ruarobot/hyperrectangle_6747.vnnlib,.006225723,sat,.647362600
safenlp_2024,/home/elipregerson/nnenum/vnncomp2025_benchmarks/benchmarks/safenlp_2024/onnx/ruarobot/perturbations_0.onnx,/home/elipregerson/nnenum/vnncomp2025_benchmarks/benchmarks/safenlp_2024/vnnlib/ruarobot/hyperrectangle_5146.vnnlib,.006264541,sat,.644514561
safenlp_2024,/home/elipregerson/nnenum/vnncomp2025_benchmarks/benchmarks/safenlp_2024/onnx/ruarobot/perturbations_0.onnx,/home/elipregerson/nnenum/vnncomp2025_benchmarks/benchmarks/safenlp_2024/vnnlib/ruarobot/hyperrectangle_5774.vnnlib,.006101308,sat,.646420890
safenlp_2024,/home/elipregerson/nnenum/vnncomp2025_benchmarks/benchmarks/safenlp_2024/onnx/ruarobot/perturbations_0.onnx,/home/elipregerson/nnenum/vnncomp2025_benchmarks/benchmarks/safenlp_2024/vnnlib/ruarobot/hyperrectangle_6218.vnnlib,.006371762,sat,.642265831
safenlp_2024,/home/elipregerson/nnenum/vnncomp2025_benchmarks/benchmarks/safenlp_2024/onnx/ruarobot/perturbations_0.onnx,/home/elipregerson/nnenum/vnncomp2025_benchmarks/benchmarks/safenlp_2024/vnnlib/ruarobot/hyperrectangle_1881.vnnlib,.006306365,unsat,.595207007
safenlp_2024,/home/elipregerson/nnenum/vnncomp2025_benchmarks/benchmarks/safenlp_2024/onnx/ruarobot/perturbations_0.onnx,/home/elipregerson/nnenum/vnncomp2025_benchmarks/benchmarks/safenlp_2024/vnnlib/ruarobot/hyperrectangle_5814.vnnlib,.006103382,sat,.664009536
safenlp_2024,/home/elipregerson/nnenum/vnncomp2025_benchmarks/benchmarks/safenlp_2024/onnx/ruarobot/perturbations_0.onnx,/home/elipregerson/nnenum/vnncomp2025_benchmarks/benchmarks/safenlp_2024/vnnlib/ruarobot/hyperrectangle_617.vnnlib,.006193730,timeout,20.551722901
safenlp_2024,/home/elipregerson/nnenum/vnncomp2025_benchmarks/benchmarks/safenlp_2024/onnx/ruarobot/perturbations_0.onnx,/home/elipregerson/nnenum/vnncomp2025_benchmarks/benchmarks/safenlp_2024/vnnlib/ruarobot/hyperrectangle_5720.vnnlib,.006303969,sat,.645417426
safenlp_2024,/home/elipregerson/nnenum/vnncomp2025_benchmarks/benchmarks/safenlp_2024/onnx/ruarobot/perturbations_0.onnx,/home/elipregerson/nnenum/vnncomp2025_benchmarks/benchmarks/safenlp_2024/vnnlib/ruarobot/hyperrectangle_5548.vnnlib,.006305384,sat,.654601520
safenlp_2024,/home/elipregerson/nnenum/vnncomp2025_benchmarks/benchmarks/safenlp_2024/onnx/medical/perturbations_0.onnx,/home/elipregerson/nnenum/vnncomp2025_benchmarks/benchmarks/safenlp_2024/vnnlib/medical/hyperrectangle_871.vnnlib,.006074336,unsat,.593998559
safenlp_2024,/home/elipregerson/nnenum/vnncomp2025_benchmarks/benchmarks/safenlp_2024/onnx/ruarobot/perturbations_0.onnx,/home/elipregerson/nnenum/vnncomp2025_benchmarks/benchmarks/safenlp_2024/vnnlib/ruarobot/hyperrectangle_5195.vnnlib,.006230237,sat,.640917683
safenlp_2024,/home/elipregerson/nnenum/vnncomp2025_benchmarks/benchmarks/safenlp_2024/onnx/ruarobot/perturbations_0.onnx,/home/elipregerson/nnenum/vnncomp2025_benchmarks/benchmarks/safenlp_2024/vnnlib/ruarobot/hyperrectangle_1195.vnnlib,.006283105,sat,.719547529
safenlp_2024,/home/elipregerson/nnenum/vnncomp2025_benchmarks/benchmarks/safenlp_2024/onnx/medical/perturbations_0.onnx,/home/elipregerson/nnenum/vnncomp2025_benchmarks/benchmarks/safenlp_2024/vnnlib/medical/hyperrectangle_946.vnnlib,.006550345,unsat,.590815408
safenlp_2024,/home/elipregerson/nnenum/vnncomp2025_benchmarks/benchmarks/safenlp_2024/onnx/ruarobot/perturbations_0.onnx,/home/elipregerson/nnenum/vnncomp2025_benchmarks/benchmarks/safenlp_2024/vnnlib/ruarobot/hyperrectangle_3902.vnnlib,.006345091,timeout,20.558397068
safenlp_2024,/home/elipregerson/nnenum/vnncomp2025_benchmarks/benchmarks/safenlp_2024/onnx/ruarobot/perturbations_0.onnx,/home/elipregerson/nnenum/vnncomp2025_benchmarks/benchmarks/safenlp_2024/vnnlib/ruarobot/hyperrectangle_2912.vnnlib,.006228696,unsat,4.188161955
safenlp_2024,/home/elipregerson/nnenum/vnncomp2025_benchmarks/benchmarks/safenlp_2024/onnx/medical/perturbations_0.onnx,/home/elipregerson/nnenum/vnncomp2025_benchmarks/benchmarks/safenlp_2024/vnnlib/medical/hyperrectangle_30.vnnlib,.006168443,unsat,.599313877
safenlp_2024,/home/elipregerson/nnenum/vnncomp2025_benchmarks/benchmarks/safenlp_2024/onnx/ruarobot/perturbations_0.onnx,/home/elipregerson/nnenum/vnncomp2025_benchmarks/benchmarks/safenlp_2024/vnnlib/ruarobot/hyperrectangle_4054.vnnlib,.006122798,unsat,1.329184479
safenlp_2024,/home/elipregerson/nnenum/vnncomp2025_benchmarks/benchmarks/safenlp_2024/onnx/ruarobot/perturbations_0.onnx,/home/elipregerson/nnenum/vnncomp2025_benchmarks/benchmarks/safenlp_2024/vnnlib/ruarobot/hyperrectangle_3464.vnnlib,.006190868,unsat,.984357715
safenlp_2024,/home/elipregerson/nnenum/vnncomp2025_benchmarks/benchmarks/safenlp_2024/onnx/medical/perturbations_0.onnx,/home/elipregerson/nnenum/vnncomp2025_benchmarks/benchmarks/safenlp_2024/vnnlib/medical/hyperrectangle_2184.vnnlib,.006111647,unsat,2.135399274
safenlp_2024,/home/elipregerson/nnenum/vnncomp2025_benchmarks/benchmarks/safenlp_2024/onnx/ruarobot/perturbations_0.onnx,/home/elipregerson/nnenum/vnncomp2025_benchmarks/benchmarks/safenlp_2024/vnnlib/ruarobot/hyperrectangle_6064.vnnlib,.006524115,sat,.662669350
safenlp_2024,/home/elipregerson/nnenum/vnncomp2025_benchmarks/benchmarks/safenlp_2024/onnx/ruarobot/perturbations_0.onnx,/home/elipregerson/nnenum/vnncomp2025_benchmarks/benchmarks/safenlp_2024/vnnlib/ruarobot/hyperrectangle_6363.vnnlib,.006588733,unsat,.605028303
safenlp_2024,/home/elipregerson/nnenum/vnncomp2025_benchmarks/benchmarks/safenlp_2024/onnx/ruarobot/perturbations_0.onnx,/home/elipregerson/nnenum/vnncomp2025_benchmarks/benchmarks/safenlp_2024/vnnlib/ruarobot/hyperrectangle_3926.vnnlib,.006121819,unsat,2.705300215
safenlp_2024,/home/elipregerson/nnenum/vnncomp2025_benchmarks/benchmarks/safenlp_2024/onnx/ruarobot/perturbations_0.onnx,/home/elipregerson/nnenum/vnncomp2025_benchmarks/benchmarks/safenlp_2024/vnnlib/ruarobot/hyperrectangle_2105.vnnlib,.006408508,sat,.763548653
safenlp_2024,/home/elipregerson/nnenum/vnncomp2025_benchmarks/benchmarks/safenlp_2024/onnx/ruarobot/perturbations_0.onnx,/home/elipregerson/nnenum/vnncomp2025_benchmarks/benchmarks/safenlp_2024/vnnlib/ruarobot/hyperrectangle_6988.vnnlib,.006516426,sat,.640424461
safenlp_2024,/home/elipregerson/nnenum/vnncomp2025_benchmarks/benchmarks/safenlp_2024/onnx/medical/perturbations_0.onnx,/home/elipregerson/nnenum/vnncomp2025_benchmarks/benchmarks/safenlp_2024/vnnlib/medical/hyperrectangle_1840.vnnlib,.007520076,unsat,.609864426
safenlp_2024,/home/elipregerson/nnenum/vnncomp2025_benchmarks/benchmarks/safenlp_2024/onnx/ruarobot/perturbations_0.onnx,/home/elipregerson/nnenum/vnncomp2025_benchmarks/benchmarks/safenlp_2024/vnnlib/ruarobot/hyperrectangle_6234.vnnlib,.006046151,sat,.652024108
safenlp_2024,/home/elipregerson/nnenum/vnncomp2025_benchmarks/benchmarks/safenlp_2024/onnx/ruarobot/perturbations_0.onnx,/home/elipregerson/nnenum/vnncomp2025_benchmarks/benchmarks/safenlp_2024/vnnlib/ruarobot/hyperrectangle_1658.vnnlib,.006144147,sat,.644218930
safenlp_2024,/home/elipregerson/nnenum/vnncomp2025_benchmarks/benchmarks/safenlp_2024/onnx/ruarobot/perturbations_0.onnx,/home/elipregerson/nnenum/vnncomp2025_benchmarks/benchmarks/safenlp_2024/vnnlib/ruarobot/hyperrectangle_7077.vnnlib,.006364775,sat,.642918595
safenlp_2024,/home/elipregerson/nnenum/vnncomp2025_benchmarks/benchmarks/safenlp_2024/onnx/ruarobot/perturbations_0.onnx,/home/elipregerson/nnenum/vnncomp2025_benchmarks/benchmarks/safenlp_2024/vnnlib/ruarobot/hyperrectangle_5014.vnnlib,.008300455,unsat,.855247727
safenlp_2024,/home/elipregerson/nnenum/vnncomp2025_benchmarks/benchmarks/safenlp_2024/onnx/medical/perturbations_0.onnx,/home/elipregerson/nnenum/vnncomp2025_benchmarks/benchmarks/safenlp_2024/vnnlib/medical/hyperrectangle_1988.vnnlib,.006411171,timeout,20.572294762
safenlp_2024,/home/elipregerson/nnenum/vnncomp2025_benchmarks/benchmarks/safenlp_2024/onnx/medical/perturbations_0.onnx,/home/elipregerson/nnenum/vnncomp2025_benchmarks/benchmarks/safenlp_2024/vnnlib/medical/hyperrectangle_1643.vnnlib,.006147400,unsat,.595782876
safenlp_2024,/home/elipregerson/nnenum/vnncomp2025_benchmarks/benchmarks/safenlp_2024/onnx/ruarobot/perturbations_0.onnx,/home/elipregerson/nnenum/vnncomp2025_benchmarks/benchmarks/safenlp_2024/vnnlib/ruarobot/hyperrectangle_3625.vnnlib,.006528794,timeout,20.570156590
safenlp_2024,/home/elipregerson/nnenum/vnncomp2025_benchmarks/benchmarks/safenlp_2024/onnx/ruarobot/perturbations_0.onnx,/home/elipregerson/nnenum/vnncomp2025_benchmarks/benchmarks/safenlp_2024/vnnlib/ruarobot/hyperrectangle_3009.vnnlib,.006101186,unsat,2.839187527
safenlp_2024,/home/elipregerson/nnenum/vnncomp2025_benchmarks/benchmarks/safenlp_2024/onnx/ruarobot/perturbations_0.onnx,/home/elipregerson/nnenum/vnncomp2025_benchmarks/benchmarks/safenlp_2024/vnnlib/ruarobot/hyperrectangle_1150.vnnlib,.006186162,sat,.644550030
safenlp_2024,/home/elipregerson/nnenum/vnncomp2025_benchmarks/benchmarks/safenlp_2024/onnx/ruarobot/perturbations_0.onnx,/home/elipregerson/nnenum/vnncomp2025_benchmarks/benchmarks/safenlp_2024/vnnlib/ruarobot/hyperrectangle_7745.vnnlib,.006426344,sat,.645675943
safenlp_2024,/home/elipregerson/nnenum/vnncomp2025_benchmarks/benchmarks/safenlp_2024/onnx/medical/perturbations_0.onnx,/home/elipregerson/nnenum/vnncomp2025_benchmarks/benchmarks/safenlp_2024/vnnlib/medical/hyperrectangle_1583.vnnlib,.006314112,unsat,.605557636
safenlp_2024,/home/elipregerson/nnenum/vnncomp2025_benchmarks/benchmarks/safenlp_2024/onnx/ruarobot/perturbations_0.onnx,/home/elipregerson/nnenum/vnncomp2025_benchmarks/benchmarks/safenlp_2024/vnnlib/ruarobot/hyperrectangle_5143.vnnlib,.006068139,sat,.647144291
safenlp_2024,/home/elipregerson/nnenum/vnncomp2025_benchmarks/benchmarks/safenlp_2024/onnx/ruarobot/perturbations_0.onnx,/home/elipregerson/nnenum/vnncomp2025_benchmarks/benchmarks/safenlp_2024/vnnlib/ruarobot/hyperrectangle_2101.vnnlib,.006255852,timeout,20.556490649
safenlp_2024,/home/elipregerson/nnenum/vnncomp2025_benchmarks/benchmarks/safenlp_2024/onnx/ruarobot/perturbations_0.onnx,/home/elipregerson/nnenum/vnncomp2025_benchmarks/benchmarks/safenlp_2024/vnnlib/ruarobot/hyperrectangle_1833.vnnlib,.006152458,sat,.641522141
safenlp_2024,/home/elipregerson/nnenum/vnncomp2025_benchmarks/benchmarks/safenlp_2024/onnx/medical/perturbations_0.onnx,/home/elipregerson/nnenum/vnncomp2025_benchmarks/benchmarks/safenlp_2024/vnnlib/medical/hyperrectangle_2310.vnnlib,.006336346,unsat,.611089902
safenlp_2024,/home/elipregerson/nnenum/vnncomp2025_benchmarks/benchmarks/safenlp_2024/onnx/ruarobot/perturbations_0.onnx,/home/elipregerson/nnenum/vnncomp2025_benchmarks/benchmarks/safenlp_2024/vnnlib/ruarobot/hyperrectangle_307.vnnlib,.006265402,sat,.654748019
safenlp_2024,/home/elipregerson/nnenum/vnncomp2025_benchmarks/benchmarks/safenlp_2024/onnx/ruarobot/perturbations_0.onnx,/home/elipregerson/nnenum/vnncomp2025_benchmarks/benchmarks/safenlp_2024/vnnlib/ruarobot/hyperrectangle_1382.vnnlib,.006332021,sat,.640401053
safenlp_2024,/home/elipregerson/nnenum/vnncomp2025_benchmarks/benchmarks/safenlp_2024/onnx/medical/perturbations_0.onnx,/home/elipregerson/nnenum/vnncomp2025_benchmarks/benchmarks/safenlp_2024/vnnlib/medical/hyperrectangle_996.vnnlib,.006136717,unsat,.957665859
safenlp_2024,/home/elipregerson/nnenum/vnncomp2025_benchmarks/benchmarks/safenlp_2024/onnx/ruarobot/perturbations_0.onnx,/home/elipregerson/nnenum/vnncomp2025_benchmarks/benchmarks/safenlp_2024/vnnlib/ruarobot/hyperrectangle_3551.vnnlib,.006103398,unsat,.656960442
safenlp_2024,/home/elipregerson/nnenum/vnncomp2025_benchmarks/benchmarks/safenlp_2024/onnx/ruarobot/perturbations_0.onnx,/home/elipregerson/nnenum/vnncomp2025_benchmarks/benchmarks/safenlp_2024/vnnlib/ruarobot/hyperrectangle_3499.vnnlib,.006313316,sat,.717670734
safenlp_2024,/home/elipregerson/nnenum/vnncomp2025_benchmarks/benchmarks/safenlp_2024/onnx/ruarobot/perturbations_0.onnx,/home/elipregerson/nnenum/vnncomp2025_benchmarks/benchmarks/safenlp_2024/vnnlib/ruarobot/hyperrectangle_6795.vnnlib,.006106221,sat,.646117398
safenlp_2024,/home/elipregerson/nnenum/vnncomp2025_benchmarks/benchmarks/safenlp_2024/onnx/ruarobot/perturbations_0.onnx,/home/elipregerson/nnenum/vnncomp2025_benchmarks/benchmarks/safenlp_2024/vnnlib/ruarobot/hyperrectangle_6990.vnnlib,.006468672,sat,1.125259477
safenlp_2024,/home/elipregerson/nnenum/vnncomp2025_benchmarks/benchmarks/safenlp_2024/onnx/ruarobot/perturbations_0.onnx,/home/elipregerson/nnenum/vnncomp2025_benchmarks/benchmarks/safenlp_2024/vnnlib/ruarobot/hyperrectangle_32.vnnlib,.006077825,unsat,.756494271
safenlp_2024,/home/elipregerson/nnenum/vnncomp2025_benchmarks/benchmarks/safenlp_2024/onnx/medical/perturbations_0.onnx,/home/elipregerson/nnenum/vnncomp2025_benchmarks/benchmarks/safenlp_2024/vnnlib/medical/hyperrectangle_987.vnnlib,.006079774,unsat,.605135659
safenlp_2024,/home/elipregerson/nnenum/vnncomp2025_benchmarks/benchmarks/safenlp_2024/onnx/medical/perturbations_0.onnx,/home/elipregerson/nnenum/vnncomp2025_benchmarks/benchmarks/safenlp_2024/vnnlib/medical/hyperrectangle_572.vnnlib,.006223099,unsat,.603072436
safenlp_2024,/home/elipregerson/nnenum/vnncomp2025_benchmarks/benchmarks/safenlp_2024/onnx/medical/perturbations_0.onnx,/home/elipregerson/nnenum/vnncomp2025_benchmarks/benchmarks/safenlp_2024/vnnlib/medical/hyperrectangle_2661.vnnlib,.006174524,sat,.650090411
safenlp_2024,/home/elipregerson/nnenum/vnncomp2025_benchmarks/benchmarks/safenlp_2024/onnx/ruarobot/perturbations_0.onnx,/home/elipregerson/nnenum/vnncomp2025_benchmarks/benchmarks/safenlp_2024/vnnlib/ruarobot/hyperrectangle_2041.vnnlib,.006148172,timeout,20.560393273
safenlp_2024,/home/elipregerson/nnenum/vnncomp2025_benchmarks/benchmarks/safenlp_2024/onnx/ruarobot/perturbations_0.onnx,/home/elipregerson/nnenum/vnncomp2025_benchmarks/benchmarks/safenlp_2024/vnnlib/ruarobot/hyperrectangle_2964.vnnlib,.006264712,unsat,.655529523
safenlp_2024,/home/elipregerson/nnenum/vnncomp2025_benchmarks/benchmarks/safenlp_2024/onnx/ruarobot/perturbations_0.onnx,/home/elipregerson/nnenum/vnncomp2025_benchmarks/benchmarks/safenlp_2024/vnnlib/ruarobot/hyperrectangle_1603.vnnlib,.006228529,sat,.641692009
safenlp_2024,/home/elipregerson/nnenum/vnncomp2025_benchmarks/benchmarks/safenlp_2024/onnx/ruarobot/perturbations_0.onnx,/home/elipregerson/nnenum/vnncomp2025_benchmarks/benchmarks/safenlp_2024/vnnlib/ruarobot/hyperrectangle_4801.vnnlib,.006349060,sat,.643133889
safenlp_2024,/home/elipregerson/nnenum/vnncomp2025_benchmarks/benchmarks/safenlp_2024/onnx/medical/perturbations_0.onnx,/home/elipregerson/nnenum/vnncomp2025_benchmarks/benchmarks/safenlp_2024/vnnlib/medical/hyperrectangle_271.vnnlib,.006209088,sat,.652501585
safenlp_2024,/home/elipregerson/nnenum/vnncomp2025_benchmarks/benchmarks/safenlp_2024/onnx/medical/perturbations_0.onnx,/home/elipregerson/nnenum/vnncomp2025_benchmarks/benchmarks/safenlp_2024/vnnlib/medical/hyperrectangle_843.vnnlib,.006185112,unsat,.610035585
safenlp_2024,/home/elipregerson/nnenum/vnncomp2025_benchmarks/benchmarks/safenlp_2024/onnx/ruarobot/perturbations_0.onnx,/home/elipregerson/nnenum/vnncomp2025_benchmarks/benchmarks/safenlp_2024/vnnlib/ruarobot/hyperrectangle_6080.vnnlib,.006420237,sat,.654208649
safenlp_2024,/home/elipregerson/nnenum/vnncomp2025_benchmarks/benchmarks/safenlp_2024/onnx/ruarobot/perturbations_0.onnx,/home/elipregerson/nnenum/vnncomp2025_benchmarks/benchmarks/safenlp_2024/vnnlib/ruarobot/hyperrectangle_5554.vnnlib,.006179975,sat,.651701087
safenlp_2024,/home/elipregerson/nnenum/vnncomp2025_benchmarks/benchmarks/safenlp_2024/onnx/ruarobot/perturbations_0.onnx,/home/elipregerson/nnenum/vnncomp2025_benchmarks/benchmarks/safenlp_2024/vnnlib/ruarobot/hyperrectangle_3362.vnnlib,.006254792,sat,.653698399
safenlp_2024,/home/elipregerson/nnenum/vnncomp2025_benchmarks/benchmarks/safenlp_2024/onnx/ruarobot/perturbations_0.onnx,/home/elipregerson/nnenum/vnncomp2025_benchmarks/benchmarks/safenlp_2024/vnnlib/ruarobot/hyperrectangle_7496.vnnlib,.006261721,unsat,.620236120
safenlp_2024,/home/elipregerson/nnenum/vnncomp2025_benchmarks/benchmarks/safenlp_2024/onnx/ruarobot/perturbations_0.onnx,/home/elipregerson/nnenum/vnncomp2025_benchmarks/benchmarks/safenlp_2024/vnnlib/ruarobot/hyperrectangle_4124.vnnlib,.006216091,sat,.648471822
safenlp_2024,/home/elipregerson/nnenum/vnncomp2025_benchmarks/benchmarks/safenlp_2024/onnx/ruarobot/perturbations_0.onnx,/home/elipregerson/nnenum/vnncomp2025_benchmarks/benchmarks/safenlp_2024/vnnlib/ruarobot/hyperrectangle_7037.vnnlib,.006256454,sat,.644320886
safenlp_2024,/home/elipregerson/nnenum/vnncomp2025_benchmarks/benchmarks/safenlp_2024/onnx/medical/perturbations_0.onnx,/home/elipregerson/nnenum/vnncomp2025_benchmarks/benchmarks/safenlp_2024/vnnlib/medical/hyperrectangle_189.vnnlib,.006249490,unsat,.600851114
safenlp_2024,/home/elipregerson/nnenum/vnncomp2025_benchmarks/benchmarks/safenlp_2024/onnx/ruarobot/perturbations_0.onnx,/home/elipregerson/nnenum/vnncomp2025_benchmarks/benchmarks/safenlp_2024/vnnlib/ruarobot/hyperrectangle_4115.vnnlib,.006254005,sat,.643758804
safenlp_2024,/home/elipregerson/nnenum/vnncomp2025_benchmarks/benchmarks/safenlp_2024/onnx/ruarobot/perturbations_0.onnx,/home/elipregerson/nnenum/vnncomp2025_benchmarks/benchmarks/safenlp_2024/vnnlib/ruarobot/hyperrectangle_7766.vnnlib,.006382259,sat,.637540599
safenlp_2024,/home/elipregerson/nnenum/vnncomp2025_benchmarks/benchmarks/safenlp_2024/onnx/medical/perturbations_0.onnx,/home/elipregerson/nnenum/vnncomp2025_benchmarks/benchmarks/safenlp_2024/vnnlib/medical/hyperrectangle_1833.vnnlib,.005998156,unsat,.605241591
safenlp_2024,/home/elipregerson/nnenum/vnncomp2025_benchmarks/benchmarks/safenlp_2024/onnx/medical/perturbations_0.onnx,/home/elipregerson/nnenum/vnncomp2025_benchmarks/benchmarks/safenlp_2024/vnnlib/medical/hyperrectangle_624.vnnlib,.006303881,unsat,.599237171
safenlp_2024,/home/elipregerson/nnenum/vnncomp2025_benchmarks/benchmarks/safenlp_2024/onnx/ruarobot/perturbations_0.onnx,/home/elipregerson/nnenum/vnncomp2025_benchmarks/benchmarks/safenlp_2024/vnnlib/ruarobot/hyperrectangle_769.vnnlib,.006241210,sat,.656310883
safenlp_2024,/home/elipregerson/nnenum/vnncomp2025_benchmarks/benchmarks/safenlp_2024/onnx/ruarobot/perturbations_0.onnx,/home/elipregerson/nnenum/vnncomp2025_benchmarks/benchmarks/safenlp_2024/vnnlib/ruarobot/hyperrectangle_1671.vnnlib,.006401946,sat,.645686310
safenlp_2024,/home/elipregerson/nnenum/vnncomp2025_benchmarks/benchmarks/safenlp_2024/onnx/ruarobot/perturbations_0.onnx,/home/elipregerson/nnenum/vnncomp2025_benchmarks/benchmarks/safenlp_2024/vnnlib/ruarobot/hyperrectangle_35.vnnlib,.006474111,sat,.645755159
safenlp_2024,/home/elipregerson/nnenum/vnncomp2025_benchmarks/benchmarks/safenlp_2024/onnx/medical/perturbations_0.onnx,/home/elipregerson/nnenum/vnncomp2025_benchmarks/benchmarks/safenlp_2024/vnnlib/medical/hyperrectangle_668.vnnlib,.006197762,unsat,.592716024
safenlp_2024,/home/elipregerson/nnenum/vnncomp2025_benchmarks/benchmarks/safenlp_2024/onnx/ruarobot/perturbations_0.onnx,/home/elipregerson/nnenum/vnncomp2025_benchmarks/benchmarks/safenlp_2024/vnnlib/ruarobot/hyperrectangle_4786.vnnlib,.006402027,sat,.650537332
safenlp_2024,/home/elipregerson/nnenum/vnncomp2025_benchmarks/benchmarks/safenlp_2024/onnx/ruarobot/perturbations_0.onnx,/home/elipregerson/nnenum/vnncomp2025_benchmarks/benchmarks/safenlp_2024/vnnlib/ruarobot/hyperrectangle_4279.vnnlib,.006349327,sat,.640316473
safenlp_2024,/home/elipregerson/nnenum/vnncomp2025_benchmarks/benchmarks/safenlp_2024/onnx/ruarobot/perturbations_0.onnx,/home/elipregerson/nnenum/vnncomp2025_benchmarks/benchmarks/safenlp_2024/vnnlib/ruarobot/hyperrectangle_7155.vnnlib,.006343702,sat,.664064145
safenlp_2024,/home/elipregerson/nnenum/vnncomp2025_benchmarks/benchmarks/safenlp_2024/onnx/medical/perturbations_0.onnx,/home/elipregerson/nnenum/vnncomp2025_benchmarks/benchmarks/safenlp_2024/vnnlib/medical/hyperrectangle_54.vnnlib,.006233748,unsat,.597136815
safenlp_2024,/home/elipregerson/nnenum/vnncomp2025_benchmarks/benchmarks/safenlp_2024/onnx/ruarobot/perturbations_0.onnx,/home/elipregerson/nnenum/vnncomp2025_benchmarks/benchmarks/safenlp_2024/vnnlib/ruarobot/hyperrectangle_5870.vnnlib,.006167116,sat,.874156671
safenlp_2024,/home/elipregerson/nnenum/vnncomp2025_benchmarks/benchmarks/safenlp_2024/onnx/medical/perturbations_0.onnx,/home/elipregerson/nnenum/vnncomp2025_benchmarks/benchmarks/safenlp_2024/vnnlib/medical/hyperrectangle_1639.vnnlib,.006262105,sat,.654007518
safenlp_2024,/home/elipregerson/nnenum/vnncomp2025_benchmarks/benchmarks/safenlp_2024/onnx/ruarobot/perturbations_0.onnx,/home/elipregerson/nnenum/vnncomp2025_benchmarks/benchmarks/safenlp_2024/vnnlib/ruarobot/hyperrectangle_6140.vnnlib,.006162014,sat,.639249721
safenlp_2024,/home/elipregerson/nnenum/vnncomp2025_benchmarks/benchmarks/safenlp_2024/onnx/medical/perturbations_0.onnx,/home/elipregerson/nnenum/vnncomp2025_benchmarks/benchmarks/safenlp_2024/vnnlib/medical/hyperrectangle_41.vnnlib,.006242992,timeout,20.577425834
safenlp_2024,/home/elipregerson/nnenum/vnncomp2025_benchmarks/benchmarks/safenlp_2024/onnx/ruarobot/perturbations_0.onnx,/home/elipregerson/nnenum/vnncomp2025_benchmarks/benchmarks/safenlp_2024/vnnlib/ruarobot/hyperrectangle_5998.vnnlib,.006180501,timeout,20.557322721
safenlp_2024,/home/elipregerson/nnenum/vnncomp2025_benchmarks/benchmarks/safenlp_2024/onnx/ruarobot/perturbations_0.onnx,/home/elipregerson/nnenum/vnncomp2025_benchmarks/benchmarks/safenlp_2024/vnnlib/ruarobot/hyperrectangle_3996.vnnlib,.006189231,sat,.645647020
safenlp_2024,/home/elipregerson/nnenum/vnncomp2025_benchmarks/benchmarks/safenlp_2024/onnx/ruarobot/perturbations_0.onnx,/home/elipregerson/nnenum/vnncomp2025_benchmarks/benchmarks/safenlp_2024/vnnlib/ruarobot/hyperrectangle_5885.vnnlib,.006272010,sat,.639824959
safenlp_2024,/home/elipregerson/nnenum/vnncomp2025_benchmarks/benchmarks/safenlp_2024/onnx/ruarobot/perturbations_0.onnx,/home/elipregerson/nnenum/vnncomp2025_benchmarks/benchmarks/safenlp_2024/vnnlib/ruarobot/hyperrectangle_3035.vnnlib,.006251999,unsat,1.494743711
safenlp_2024,/home/elipregerson/nnenum/vnncomp2025_benchmarks/benchmarks/safenlp_2024/onnx/ruarobot/perturbations_0.onnx,/home/elipregerson/nnenum/vnncomp2025_benchmarks/benchmarks/safenlp_2024/vnnlib/ruarobot/hyperrectangle_7545.vnnlib,.006283861,unsat,11.968954656
safenlp_2024,/home/elipregerson/nnenum/vnncomp2025_benchmarks/benchmarks/safenlp_2024/onnx/ruarobot/perturbations_0.onnx,/home/elipregerson/nnenum/vnncomp2025_benchmarks/benchmarks/safenlp_2024/vnnlib/ruarobot/hyperrectangle_5540.vnnlib,.013205635,sat,.975611550
safenlp_2024,/home/elipregerson/nnenum/vnncomp2025_benchmarks/benchmarks/safenlp_2024/onnx/ruarobot/perturbations_0.onnx,/home/elipregerson/nnenum/vnncomp2025_benchmarks/benchmarks/safenlp_2024/vnnlib/ruarobot/hyperrectangle_7172.vnnlib,.006755983,unsat,.618814608
safenlp_2024,/home/elipregerson/nnenum/vnncomp2025_benchmarks/benchmarks/safenlp_2024/onnx/medical/perturbations_0.onnx,/home/elipregerson/nnenum/vnncomp2025_benchmarks/benchmarks/safenlp_2024/vnnlib/medical/hyperrectangle_594.vnnlib,.006391664,unsat,.618966292
safenlp_2024,/home/elipregerson/nnenum/vnncomp2025_benchmarks/benchmarks/safenlp_2024/onnx/ruarobot/perturbations_0.onnx,/home/elipregerson/nnenum/vnncomp2025_benchmarks/benchmarks/safenlp_2024/vnnlib/ruarobot/hyperrectangle_1154.vnnlib,.006782903,unsat,3.540218445
safenlp_2024,/home/elipregerson/nnenum/vnncomp2025_benchmarks/benchmarks/safenlp_2024/onnx/ruarobot/perturbations_0.onnx,/home/elipregerson/nnenum/vnncomp2025_benchmarks/benchmarks/safenlp_2024/vnnlib/ruarobot/hyperrectangle_6648.vnnlib,.006231185,sat,.666509298
safenlp_2024,/home/elipregerson/nnenum/vnncomp2025_benchmarks/benchmarks/safenlp_2024/onnx/ruarobot/perturbations_0.onnx,/home/elipregerson/nnenum/vnncomp2025_benchmarks/benchmarks/safenlp_2024/vnnlib/ruarobot/hyperrectangle_3901.vnnlib,.006420524,unsat,.611054728
safenlp_2024,/home/elipregerson/nnenum/vnncomp2025_benchmarks/benchmarks/safenlp_2024/onnx/medical/perturbations_0.onnx,/home/elipregerson/nnenum/vnncomp2025_benchmarks/benchmarks/safenlp_2024/vnnlib/medical/hyperrectangle_1794.vnnlib,.006462404,unsat,.625492568
safenlp_2024,/home/elipregerson/nnenum/vnncomp2025_benchmarks/benchmarks/safenlp_2024/onnx/ruarobot/perturbations_0.onnx,/home/elipregerson/nnenum/vnncomp2025_benchmarks/benchmarks/safenlp_2024/vnnlib/ruarobot/hyperrectangle_33.vnnlib,.006236261,sat,.642559010
safenlp_2024,/home/elipregerson/nnenum/vnncomp2025_benchmarks/benchmarks/safenlp_2024/onnx/medical/perturbations_0.onnx,/home/elipregerson/nnenum/vnncomp2025_benchmarks/benchmarks/safenlp_2024/vnnlib/medical/hyperrectangle_311.vnnlib,.006191249,unsat,.604678410
safenlp_2024,/home/elipregerson/nnenum/vnncomp2025_benchmarks/benchmarks/safenlp_2024/onnx/medical/perturbations_0.onnx,/home/elipregerson/nnenum/vnncomp2025_benchmarks/benchmarks/safenlp_2024/vnnlib/medical/hyperrectangle_1784.vnnlib,.006174985,unsat,.605594571
safenlp_2024,/home/elipregerson/nnenum/vnncomp2025_benchmarks/benchmarks/safenlp_2024/onnx/ruarobot/perturbations_0.onnx,/home/elipregerson/nnenum/vnncomp2025_benchmarks/benchmarks/safenlp_2024/vnnlib/ruarobot/hyperrectangle_5233.vnnlib,.006193701,sat,.644462612
safenlp_2024,/home/elipregerson/nnenum/vnncomp2025_benchmarks/benchmarks/safenlp_2024/onnx/medical/perturbations_0.onnx,/home/elipregerson/nnenum/vnncomp2025_benchmarks/benchmarks/safenlp_2024/vnnlib/medical/hyperrectangle_1520.vnnlib,.006714730,unsat,.602467855
safenlp_2024,/home/elipregerson/nnenum/vnncomp2025_benchmarks/benchmarks/safenlp_2024/onnx/ruarobot/perturbations_0.onnx,/home/elipregerson/nnenum/vnncomp2025_benchmarks/benchmarks/safenlp_2024/vnnlib/ruarobot/hyperrectangle_196.vnnlib,.006020305,sat,.653732636
safenlp_2024,/home/elipregerson/nnenum/vnncomp2025_benchmarks/benchmarks/safenlp_2024/onnx/medical/perturbations_0.onnx,/home/elipregerson/nnenum/vnncomp2025_benchmarks/benchmarks/safenlp_2024/vnnlib/medical/hyperrectangle_929.vnnlib,.006405265,unsat,.599134383
safenlp_2024,/home/elipregerson/nnenum/vnncomp2025_benchmarks/benchmarks/safenlp_2024/onnx/medical/perturbations_0.onnx,/home/elipregerson/nnenum/vnncomp2025_benchmarks/benchmarks/safenlp_2024/vnnlib/medical/hyperrectangle_1163.vnnlib,.006096885,sat,.603868444
safenlp_2024,/home/elipregerson/nnenum/vnncomp2025_benchmarks/benchmarks/safenlp_2024/onnx/ruarobot/perturbations_0.onnx,/home/elipregerson/nnenum/vnncomp2025_benchmarks/benchmarks/safenlp_2024/vnnlib/ruarobot/hyperrectangle_5484.vnnlib,.006264605,sat,.655061716
safenlp_2024,/home/elipregerson/nnenum/vnncomp2025_benchmarks/benchmarks/safenlp_2024/onnx/medical/perturbations_0.onnx,/home/elipregerson/nnenum/vnncomp2025_benchmarks/benchmarks/safenlp_2024/vnnlib/medical/hyperrectangle_2588.vnnlib,.006247343,unsat,1.080632223
safenlp_2024,/home/elipregerson/nnenum/vnncomp2025_benchmarks/benchmarks/safenlp_2024/onnx/ruarobot/perturbations_0.onnx,/home/elipregerson/nnenum/vnncomp2025_benchmarks/benchmarks/safenlp_2024/vnnlib/ruarobot/hyperrectangle_433.vnnlib,.006279207,sat,.662886404
safenlp_2024,/home/elipregerson/nnenum/vnncomp2025_benchmarks/benchmarks/safenlp_2024/onnx/medical/perturbations_0.onnx,/home/elipregerson/nnenum/vnncomp2025_benchmarks/benchmarks/safenlp_2024/vnnlib/medical/hyperrectangle_1332.vnnlib,.006129715,unsat,.599527149
safenlp_2024,/home/elipregerson/nnenum/vnncomp2025_benchmarks/benchmarks/safenlp_2024/onnx/ruarobot/perturbations_0.onnx,/home/elipregerson/nnenum/vnncomp2025_benchmarks/benchmarks/safenlp_2024/vnnlib/ruarobot/hyperrectangle_3958.vnnlib,.006173110,sat,.647359827
safenlp_2024,/home/elipregerson/nnenum/vnncomp2025_benchmarks/benchmarks/safenlp_2024/onnx/ruarobot/perturbations_0.onnx,/home/elipregerson/nnenum/vnncomp2025_benchmarks/benchmarks/safenlp_2024/vnnlib/ruarobot/hyperrectangle_3530.vnnlib,.006359883,timeout,20.566904834
safenlp_2024,/home/elipregerson/nnenum/vnncomp2025_benchmarks/benchmarks/safenlp_2024/onnx/ruarobot/perturbations_0.onnx,/home/elipregerson/nnenum/vnncomp2025_benchmarks/benchmarks/safenlp_2024/vnnlib/ruarobot/hyperrectangle_6390.vnnlib,.006165407,sat,.648724086
safenlp_2024,/home/elipregerson/nnenum/vnncomp2025_benchmarks/benchmarks/safenlp_2024/onnx/medical/perturbations_0.onnx,/home/elipregerson/nnenum/vnncomp2025_benchmarks/benchmarks/safenlp_2024/vnnlib/medical/hyperrectangle_2784.vnnlib,.005988280,unsat,.602257780
safenlp_2024,/home/elipregerson/nnenum/vnncomp2025_benchmarks/benchmarks/safenlp_2024/onnx/ruarobot/perturbations_0.onnx,/home/elipregerson/nnenum/vnncomp2025_benchmarks/benchmarks/safenlp_2024/vnnlib/ruarobot/hyperrectangle_2779.vnnlib,.006379965,sat,.655516606
safenlp_2024,/home/elipregerson/nnenum/vnncomp2025_benchmarks/benchmarks/safenlp_2024/onnx/ruarobot/perturbations_0.onnx,/home/elipregerson/nnenum/vnncomp2025_benchmarks/benchmarks/safenlp_2024/vnnlib/ruarobot/hyperrectangle_4249.vnnlib,.006221134,sat,.650094605
safenlp_2024,/home/elipregerson/nnenum/vnncomp2025_benchmarks/benchmarks/safenlp_2024/onnx/ruarobot/perturbations_0.onnx,/home/elipregerson/nnenum/vnncomp2025_benchmarks/benchmarks/safenlp_2024/vnnlib/ruarobot/hyperrectangle_3223.vnnlib,.006241878,sat,.640347892
safenlp_2024,/home/elipregerson/nnenum/vnncomp2025_benchmarks/benchmarks/safenlp_2024/onnx/medical/perturbations_0.onnx,/home/elipregerson/nnenum/vnncomp2025_benchmarks/benchmarks/safenlp_2024/vnnlib/medical/hyperrectangle_2061.vnnlib,.006366054,unsat,7.653750539
safenlp_2024,/home/elipregerson/nnenum/vnncomp2025_benchmarks/benchmarks/safenlp_2024/onnx/ruarobot/perturbations_0.onnx,/home/elipregerson/nnenum/vnncomp2025_benchmarks/benchmarks/safenlp_2024/vnnlib/ruarobot/hyperrectangle_7775.vnnlib,.010043786,sat,.889211410
safenlp_2024,/home/elipregerson/nnenum/vnncomp2025_benchmarks/benchmarks/safenlp_2024/onnx/medical/perturbations_0.onnx,/home/elipregerson/nnenum/vnncomp2025_benchmarks/benchmarks/safenlp_2024/vnnlib/medical/hyperrectangle_620.vnnlib,.008249820,unsat,.822059008
safenlp_2024,/home/elipregerson/nnenum/vnncomp2025_benchmarks/benchmarks/safenlp_2024/onnx/ruarobot/perturbations_0.onnx,/home/elipregerson/nnenum/vnncomp2025_benchmarks/benchmarks/safenlp_2024/vnnlib/ruarobot/hyperrectangle_4454.vnnlib,.011494858,sat,.903727890
safenlp_2024,/home/elipregerson/nnenum/vnncomp2025_benchmarks/benchmarks/safenlp_2024/onnx/ruarobot/perturbations_0.onnx,/home/elipregerson/nnenum/vnncomp2025_benchmarks/benchmarks/safenlp_2024/vnnlib/ruarobot/hyperrectangle_6870.vnnlib,.008423285,sat,.985050109
safenlp_2024,/home/elipregerson/nnenum/vnncomp2025_benchmarks/benchmarks/safenlp_2024/onnx/medical/perturbations_0.onnx,/home/elipregerson/nnenum/vnncomp2025_benchmarks/benchmarks/safenlp_2024/vnnlib/medical/hyperrectangle_2647.vnnlib,.006233834,sat,.646045432
safenlp_2024,/home/elipregerson/nnenum/vnncomp2025_benchmarks/benchmarks/safenlp_2024/onnx/ruarobot/perturbations_0.onnx,/home/elipregerson/nnenum/vnncomp2025_benchmarks/benchmarks/safenlp_2024/vnnlib/ruarobot/hyperrectangle_6942.vnnlib,.006154661,sat,.655002142
safenlp_2024,/home/elipregerson/nnenum/vnncomp2025_benchmarks/benchmarks/safenlp_2024/onnx/medical/perturbations_0.onnx,/home/elipregerson/nnenum/vnncomp2025_benchmarks/benchmarks/safenlp_2024/vnnlib/medical/hyperrectangle_913.vnnlib,.006132557,unsat,.613169382
safenlp_2024,/home/elipregerson/nnenum/vnncomp2025_benchmarks/benchmarks/safenlp_2024/onnx/ruarobot/perturbations_0.onnx,/home/elipregerson/nnenum/vnncomp2025_benchmarks/benchmarks/safenlp_2024/vnnlib/ruarobot/hyperrectangle_2685.vnnlib,.006322433,sat,.645169038
safenlp_2024,/home/elipregerson/nnenum/vnncomp2025_benchmarks/benchmarks/safenlp_2024/onnx/medical/perturbations_0.onnx,/home/elipregerson/nnenum/vnncomp2025_benchmarks/benchmarks/safenlp_2024/vnnlib/medical/hyperrectangle_2562.vnnlib,.007060008,unsat,.599066475
safenlp_2024,/home/elipregerson/nnenum/vnncomp2025_benchmarks/benchmarks/safenlp_2024/onnx/ruarobot/perturbations_0.onnx,/home/elipregerson/nnenum/vnncomp2025_benchmarks/benchmarks/safenlp_2024/vnnlib/ruarobot/hyperrectangle_4941.vnnlib,.006404870,unsat,.734006581
safenlp_2024,/home/elipregerson/nnenum/vnncomp2025_benchmarks/benchmarks/safenlp_2024/onnx/ruarobot/perturbations_0.onnx,/home/elipregerson/nnenum/vnncomp2025_benchmarks/benchmarks/safenlp_2024/vnnlib/ruarobot/hyperrectangle_3112.vnnlib,.006339467,sat,.642346857
safenlp_2024,/home/elipregerson/nnenum/vnncomp2025_benchmarks/benchmarks/safenlp_2024/onnx/ruarobot/perturbations_0.onnx,/home/elipregerson/nnenum/vnncomp2025_benchmarks/benchmarks/safenlp_2024/vnnlib/ruarobot/hyperrectangle_7684.vnnlib,.006233952,sat,.704887539
safenlp_2024,/home/elipregerson/nnenum/vnncomp2025_benchmarks/benchmarks/safenlp_2024/onnx/ruarobot/perturbations_0.onnx,/home/elipregerson/nnenum/vnncomp2025_benchmarks/benchmarks/safenlp_2024/vnnlib/ruarobot/hyperrectangle_7803.vnnlib,.006108298,sat,.642057032
safenlp_2024,/home/elipregerson/nnenum/vnncomp2025_benchmarks/benchmarks/safenlp_2024/onnx/ruarobot/perturbations_0.onnx,/home/elipregerson/nnenum/vnncomp2025_benchmarks/benchmarks/safenlp_2024/vnnlib/ruarobot/hyperrectangle_2729.vnnlib,.006108234,sat,.650518360
safenlp_2024,/home/elipregerson/nnenum/vnncomp2025_benchmarks/benchmarks/safenlp_2024/onnx/ruarobot/perturbations_0.onnx,/home/elipregerson/nnenum/vnncomp2025_benchmarks/benchmarks/safenlp_2024/vnnlib/ruarobot/hyperrectangle_405.vnnlib,.006090673,timeout,20.560873918
safenlp_2024,/home/elipregerson/nnenum/vnncomp2025_benchmarks/benchmarks/safenlp_2024/onnx/ruarobot/perturbations_0.onnx,/home/elipregerson/nnenum/vnncomp2025_benchmarks/benchmarks/safenlp_2024/vnnlib/ruarobot/hyperrectangle_2163.vnnlib,.006322343,sat,.640901599
safenlp_2024,/home/elipregerson/nnenum/vnncomp2025_benchmarks/benchmarks/safenlp_2024/onnx/ruarobot/perturbations_0.onnx,/home/elipregerson/nnenum/vnncomp2025_benchmarks/benchmarks/safenlp_2024/vnnlib/ruarobot/hyperrectangle_3354.vnnlib,.006176566,unsat,19.333111960
safenlp_2024,/home/elipregerson/nnenum/vnncomp2025_benchmarks/benchmarks/safenlp_2024/onnx/ruarobot/perturbations_0.onnx,/home/elipregerson/nnenum/vnncomp2025_benchmarks/benchmarks/safenlp_2024/vnnlib/ruarobot/hyperrectangle_2887.vnnlib,.006451139,sat,.642503328
safenlp_2024,/home/elipregerson/nnenum/vnncomp2025_benchmarks/benchmarks/safenlp_2024/onnx/ruarobot/perturbations_0.onnx,/home/elipregerson/nnenum/vnncomp2025_benchmarks/benchmarks/safenlp_2024/vnnlib/ruarobot/hyperrectangle_4388.vnnlib,.006112970,timeout,20.563793108
safenlp_2024,/home/elipregerson/nnenum/vnncomp2025_benchmarks/benchmarks/safenlp_2024/onnx/ruarobot/perturbations_0.onnx,/home/elipregerson/nnenum/vnncomp2025_benchmarks/benchmarks/safenlp_2024/vnnlib/ruarobot/hyperrectangle_699.vnnlib,.006109422,sat,.645124447
safenlp_2024,/home/elipregerson/nnenum/vnncomp2025_benchmarks/benchmarks/safenlp_2024/onnx/ruarobot/perturbations_0.onnx,/home/elipregerson/nnenum/vnncomp2025_benchmarks/benchmarks/safenlp_2024/vnnlib/ruarobot/hyperrectangle_4957.vnnlib,.006271351,unsat,1.275421617
safenlp_2024,/home/elipregerson/nnenum/vnncomp2025_benchmarks/benchmarks/safenlp_2024/onnx/ruarobot/perturbations_0.onnx,/home/elipregerson/nnenum/vnncomp2025_benchmarks/benchmarks/safenlp_2024/vnnlib/ruarobot/hyperrectangle_4323.vnnlib,.006461166,sat,.676152556
safenlp_2024,/home/elipregerson/nnenum/vnncomp2025_benchmarks/benchmarks/safenlp_2024/onnx/ruarobot/perturbations_0.onnx,/home/elipregerson/nnenum/vnncomp2025_benchmarks/benchmarks/safenlp_2024/vnnlib/ruarobot/hyperrectangle_4237.vnnlib,.006648986,sat,.640809555
safenlp_2024,/home/elipregerson/nnenum/vnncomp2025_benchmarks/benchmarks/safenlp_2024/onnx/medical/perturbations_0.onnx,/home/elipregerson/nnenum/vnncomp2025_benchmarks/benchmarks/safenlp_2024/vnnlib/medical/hyperrectangle_2321.vnnlib,.006238543,timeout,20.556510348
safenlp_2024,/home/elipregerson/nnenum/vnncomp2025_benchmarks/benchmarks/safenlp_2024/onnx/medical/perturbations_0.onnx,/home/elipregerson/nnenum/vnncomp2025_benchmarks/benchmarks/safenlp_2024/vnnlib/medical/hyperrectangle_300.vnnlib,.006199006,sat,.650728686
safenlp_2024,/home/elipregerson/nnenum/vnncomp2025_benchmarks/benchmarks/safenlp_2024/onnx/ruarobot/perturbations_0.onnx,/home/elipregerson/nnenum/vnncomp2025_benchmarks/benchmarks/safenlp_2024/vnnlib/ruarobot/hyperrectangle_45.vnnlib,.006314463,sat,.657069242
safenlp_2024,/home/elipregerson/nnenum/vnncomp2025_benchmarks/benchmarks/safenlp_2024/onnx/ruarobot/perturbations_0.onnx,/home/elipregerson/nnenum/vnncomp2025_benchmarks/benchmarks/safenlp_2024/vnnlib/ruarobot/hyperrectangle_2552.vnnlib,.006278759,sat,.656220881
safenlp_2024,/home/elipregerson/nnenum/vnncomp2025_benchmarks/benchmarks/safenlp_2024/onnx/ruarobot/perturbations_0.onnx,/home/elipregerson/nnenum/vnncomp2025_benchmarks/benchmarks/safenlp_2024/vnnlib/ruarobot/hyperrectangle_2486.vnnlib,.006358349,sat,.647073999
safenlp_2024,/home/elipregerson/nnenum/vnncomp2025_benchmarks/benchmarks/safenlp_2024/onnx/ruarobot/perturbations_0.onnx,/home/elipregerson/nnenum/vnncomp2025_benchmarks/benchmarks/safenlp_2024/vnnlib/ruarobot/hyperrectangle_1368.vnnlib,.006333989,sat,.645198637
safenlp_2024,/home/elipregerson/nnenum/vnncomp2025_benchmarks/benchmarks/safenlp_2024/onnx/ruarobot/perturbations_0.onnx,/home/elipregerson/nnenum/vnncomp2025_benchmarks/benchmarks/safenlp_2024/vnnlib/ruarobot/hyperrectangle_7661.vnnlib,.006158277,sat,.652464412
safenlp_2024,/home/elipregerson/nnenum/vnncomp2025_benchmarks/benchmarks/safenlp_2024/onnx/ruarobot/perturbations_0.onnx,/home/elipregerson/nnenum/vnncomp2025_benchmarks/benchmarks/safenlp_2024/vnnlib/ruarobot/hyperrectangle_5009.vnnlib,.006133362,sat,.648985212
safenlp_2024,/home/elipregerson/nnenum/vnncomp2025_benchmarks/benchmarks/safenlp_2024/onnx/ruarobot/perturbations_0.onnx,/home/elipregerson/nnenum/vnncomp2025_benchmarks/benchmarks/safenlp_2024/vnnlib/ruarobot/hyperrectangle_6947.vnnlib,.006408443,sat,.728713869
safenlp_2024,/home/elipregerson/nnenum/vnncomp2025_benchmarks/benchmarks/safenlp_2024/onnx/ruarobot/perturbations_0.onnx,/home/elipregerson/nnenum/vnncomp2025_benchmarks/benchmarks/safenlp_2024/vnnlib/ruarobot/hyperrectangle_5912.vnnlib,.006300366,sat,.663663249
safenlp_2024,/home/elipregerson/nnenum/vnncomp2025_benchmarks/benchmarks/safenlp_2024/onnx/ruarobot/perturbations_0.onnx,/home/elipregerson/nnenum/vnncomp2025_benchmarks/benchmarks/safenlp_2024/vnnlib/ruarobot/hyperrectangle_775.vnnlib,.006745600,sat,.643838265
safenlp_2024,/home/elipregerson/nnenum/vnncomp2025_benchmarks/benchmarks/safenlp_2024/onnx/ruarobot/perturbations_0.onnx,/home/elipregerson/nnenum/vnncomp2025_benchmarks/benchmarks/safenlp_2024/vnnlib/ruarobot/hyperrectangle_4690.vnnlib,.006234988,unsat,1.000130139
safenlp_2024,/home/elipregerson/nnenum/vnncomp2025_benchmarks/benchmarks/safenlp_2024/onnx/ruarobot/perturbations_0.onnx,/home/elipregerson/nnenum/vnncomp2025_benchmarks/benchmarks/safenlp_2024/vnnlib/ruarobot/hyperrectangle_491.vnnlib,.006309153,sat,.649217751
safenlp_2024,/home/elipregerson/nnenum/vnncomp2025_benchmarks/benchmarks/safenlp_2024/onnx/ruarobot/perturbations_0.onnx,/home/elipregerson/nnenum/vnncomp2025_benchmarks/benchmarks/safenlp_2024/vnnlib/ruarobot/hyperrectangle_6052.vnnlib,.006511183,sat,.640414063
safenlp_2024,/home/elipregerson/nnenum/vnncomp2025_benchmarks/benchmarks/safenlp_2024/onnx/ruarobot/perturbations_0.onnx,/home/elipregerson/nnenum/vnncomp2025_benchmarks/benchmarks/safenlp_2024/vnnlib/ruarobot/hyperrectangle_4905.vnnlib,.006133583,sat,.656933249
safenlp_2024,/home/elipregerson/nnenum/vnncomp2025_benchmarks/benchmarks/safenlp_2024/onnx/ruarobot/perturbations_0.onnx,/home/elipregerson/nnenum/vnncomp2025_benchmarks/benchmarks/safenlp_2024/vnnlib/ruarobot/hyperrectangle_2673.vnnlib,.006141241,sat,.639927144
safenlp_2024,/home/elipregerson/nnenum/vnncomp2025_benchmarks/benchmarks/safenlp_2024/onnx/ruarobot/perturbations_0.onnx,/home/elipregerson/nnenum/vnncomp2025_benchmarks/benchmarks/safenlp_2024/vnnlib/ruarobot/hyperrectangle_4289.vnnlib,.006130656,unsat,1.446821135
safenlp_2024,/home/elipregerson/nnenum/vnncomp2025_benchmarks/benchmarks/safenlp_2024/onnx/ruarobot/perturbations_0.onnx,/home/elipregerson/nnenum/vnncomp2025_benchmarks/benchmarks/safenlp_2024/vnnlib/ruarobot/hyperrectangle_2841.vnnlib,.006246530,sat,.649030513
safenlp_2024,/home/elipregerson/nnenum/vnncomp2025_benchmarks/benchmarks/safenlp_2024/onnx/medical/perturbations_0.onnx,/home/elipregerson/nnenum/vnncomp2025_benchmarks/benchmarks/safenlp_2024/vnnlib/medical/hyperrectangle_500.vnnlib,.006441167,unsat,.609433503
safenlp_2024,/home/elipregerson/nnenum/vnncomp2025_benchmarks/benchmarks/safenlp_2024/onnx/ruarobot/perturbations_0.onnx,/home/elipregerson/nnenum/vnncomp2025_benchmarks/benchmarks/safenlp_2024/vnnlib/ruarobot/hyperrectangle_3574.vnnlib,.006136176,sat,.642331245
safenlp_2024,/home/elipregerson/nnenum/vnncomp2025_benchmarks/benchmarks/safenlp_2024/onnx/medical/perturbations_0.onnx,/home/elipregerson/nnenum/vnncomp2025_benchmarks/benchmarks/safenlp_2024/vnnlib/medical/hyperrectangle_177.vnnlib,.006328665,unsat,.605615209
safenlp_2024,/home/elipregerson/nnenum/vnncomp2025_benchmarks/benchmarks/safenlp_2024/onnx/ruarobot/perturbations_0.onnx,/home/elipregerson/nnenum/vnncomp2025_benchmarks/benchmarks/safenlp_2024/vnnlib/ruarobot/hyperrectangle_2596.vnnlib,.006185551,sat,.650982013
safenlp_2024,/home/elipregerson/nnenum/vnncomp2025_benchmarks/benchmarks/safenlp_2024/onnx/ruarobot/perturbations_0.onnx,/home/elipregerson/nnenum/vnncomp2025_benchmarks/benchmarks/safenlp_2024/vnnlib/ruarobot/hyperrectangle_3665.vnnlib,.006362908,sat,.808206010
safenlp_2024,/home/elipregerson/nnenum/vnncomp2025_benchmarks/benchmarks/safenlp_2024/onnx/ruarobot/perturbations_0.onnx,/home/elipregerson/nnenum/vnncomp2025_benchmarks/benchmarks/safenlp_2024/vnnlib/ruarobot/hyperrectangle_6658.vnnlib,.006549833,sat,.649224442
safenlp_2024,/home/elipregerson/nnenum/vnncomp2025_benchmarks/benchmarks/safenlp_2024/onnx/ruarobot/perturbations_0.onnx,/home/elipregerson/nnenum/vnncomp2025_benchmarks/benchmarks/safenlp_2024/vnnlib/ruarobot/hyperrectangle_5374.vnnlib,.006400528,sat,.648263604
safenlp_2024,/home/elipregerson/nnenum/vnncomp2025_benchmarks/benchmarks/safenlp_2024/onnx/ruarobot/perturbations_0.onnx,/home/elipregerson/nnenum/vnncomp2025_benchmarks/benchmarks/safenlp_2024/vnnlib/ruarobot/hyperrectangle_5199.vnnlib,.006178930,sat,.606987518
safenlp_2024,/home/elipregerson/nnenum/vnncomp2025_benchmarks/benchmarks/safenlp_2024/onnx/ruarobot/perturbations_0.onnx,/home/elipregerson/nnenum/vnncomp2025_benchmarks/benchmarks/safenlp_2024/vnnlib/ruarobot/hyperrectangle_6864.vnnlib,.006185579,unsat,.943314525
safenlp_2024,/home/elipregerson/nnenum/vnncomp2025_benchmarks/benchmarks/safenlp_2024/onnx/ruarobot/perturbations_0.onnx,/home/elipregerson/nnenum/vnncomp2025_benchmarks/benchmarks/safenlp_2024/vnnlib/ruarobot/hyperrectangle_244.vnnlib,.006255738,sat,.640347852
safenlp_2024,/home/elipregerson/nnenum/vnncomp2025_benchmarks/benchmarks/safenlp_2024/onnx/medical/perturbations_0.onnx,/home/elipregerson/nnenum/vnncomp2025_benchmarks/benchmarks/safenlp_2024/vnnlib/medical/hyperrectangle_2572.vnnlib,.006151969,sat,.643277918
safenlp_2024,/home/elipregerson/nnenum/vnncomp2025_benchmarks/benchmarks/safenlp_2024/onnx/ruarobot/perturbations_0.onnx,/home/elipregerson/nnenum/vnncomp2025_benchmarks/benchmarks/safenlp_2024/vnnlib/ruarobot/hyperrectangle_2845.vnnlib,.006417167,sat,.648152037
safenlp_2024,/home/elipregerson/nnenum/vnncomp2025_benchmarks/benchmarks/safenlp_2024/onnx/ruarobot/perturbations_0.onnx,/home/elipregerson/nnenum/vnncomp2025_benchmarks/benchmarks/safenlp_2024/vnnlib/ruarobot/hyperrectangle_161.vnnlib,.006105692,sat,.642244409
safenlp_2024,/home/elipregerson/nnenum/vnncomp2025_benchmarks/benchmarks/safenlp_2024/onnx/ruarobot/perturbations_0.onnx,/home/elipregerson/nnenum/vnncomp2025_benchmarks/benchmarks/safenlp_2024/vnnlib/ruarobot/hyperrectangle_1492.vnnlib,.006224377,sat,.642384527
safenlp_2024,/home/elipregerson/nnenum/vnncomp2025_benchmarks/benchmarks/safenlp_2024/onnx/ruarobot/perturbations_0.onnx,/home/elipregerson/nnenum/vnncomp2025_benchmarks/benchmarks/safenlp_2024/vnnlib/ruarobot/hyperrectangle_1527.vnnlib,.006258213,sat,.631451471
safenlp_2024,/home/elipregerson/nnenum/vnncomp2025_benchmarks/benchmarks/safenlp_2024/onnx/ruarobot/perturbations_0.onnx,/home/elipregerson/nnenum/vnncomp2025_benchmarks/benchmarks/safenlp_2024/vnnlib/ruarobot/hyperrectangle_6790.vnnlib,.006028007,sat,.649150780
safenlp_2024,/home/elipregerson/nnenum/vnncomp2025_benchmarks/benchmarks/safenlp_2024/onnx/ruarobot/perturbations_0.onnx,/home/elipregerson/nnenum/vnncomp2025_benchmarks/benchmarks/safenlp_2024/vnnlib/ruarobot/hyperrectangle_3445.vnnlib,.006219520,unsat,2.899659280
safenlp_2024,/home/elipregerson/nnenum/vnncomp2025_benchmarks/benchmarks/safenlp_2024/onnx/medical/perturbations_0.onnx,/home/elipregerson/nnenum/vnncomp2025_benchmarks/benchmarks/safenlp_2024/vnnlib/medical/hyperrectangle_2777.vnnlib,.006139075,sat,.765811367
safenlp_2024,/home/elipregerson/nnenum/vnncomp2025_benchmarks/benchmarks/safenlp_2024/onnx/ruarobot/perturbations_0.onnx,/home/elipregerson/nnenum/vnncomp2025_benchmarks/benchmarks/safenlp_2024/vnnlib/ruarobot/hyperrectangle_4972.vnnlib,.006170104,sat,.648262375
safenlp_2024,/home/elipregerson/nnenum/vnncomp2025_benchmarks/benchmarks/safenlp_2024/onnx/ruarobot/perturbations_0.onnx,/home/elipregerson/nnenum/vnncomp2025_benchmarks/benchmarks/safenlp_2024/vnnlib/ruarobot/hyperrectangle_293.vnnlib,.006283402,sat,.638644460
safenlp_2024,/home/elipregerson/nnenum/vnncomp2025_benchmarks/benchmarks/safenlp_2024/onnx/medical/perturbations_0.onnx,/home/elipregerson/nnenum/vnncomp2025_benchmarks/benchmarks/safenlp_2024/vnnlib/medical/hyperrectangle_1549.vnnlib,.006299156,unsat,.721336788
safenlp_2024,/home/elipregerson/nnenum/vnncomp2025_benchmarks/benchmarks/safenlp_2024/onnx/ruarobot/perturbations_0.onnx,/home/elipregerson/nnenum/vnncomp2025_benchmarks/benchmarks/safenlp_2024/vnnlib/ruarobot/hyperrectangle_5973.vnnlib,.006072604,sat,.710524912
safenlp_2024,/home/elipregerson/nnenum/vnncomp2025_benchmarks/benchmarks/safenlp_2024/onnx/medical/perturbations_0.onnx,/home/elipregerson/nnenum/vnncomp2025_benchmarks/benchmarks/safenlp_2024/vnnlib/medical/hyperrectangle_1684.vnnlib,.006301996,unsat,.604545556
safenlp_2024,/home/elipregerson/nnenum/vnncomp2025_benchmarks/benchmarks/safenlp_2024/onnx/ruarobot/perturbations_0.onnx,/home/elipregerson/nnenum/vnncomp2025_benchmarks/benchmarks/safenlp_2024/vnnlib/ruarobot/hyperrectangle_6105.vnnlib,.006042920,sat,.645941705
safenlp_2024,/home/elipregerson/nnenum/vnncomp2025_benchmarks/benchmarks/safenlp_2024/onnx/medical/perturbations_0.onnx,/home/elipregerson/nnenum/vnncomp2025_benchmarks/benchmarks/safenlp_2024/vnnlib/medical/hyperrectangle_2697.vnnlib,.006079932,sat,.644460206
safenlp_2024,/home/elipregerson/nnenum/vnncomp2025_benchmarks/benchmarks/safenlp_2024/onnx/ruarobot/perturbations_0.onnx,/home/elipregerson/nnenum/vnncomp2025_benchmarks/benchmarks/safenlp_2024/vnnlib/ruarobot/hyperrectangle_3941.vnnlib,.006196019,sat,.647801031
safenlp_2024,/home/elipregerson/nnenum/vnncomp2025_benchmarks/benchmarks/safenlp_2024/onnx/ruarobot/perturbations_0.onnx,/home/elipregerson/nnenum/vnncomp2025_benchmarks/benchmarks/safenlp_2024/vnnlib/ruarobot/hyperrectangle_3961.vnnlib,.006501071,timeout,20.559186668
safenlp_2024,/home/elipregerson/nnenum/vnncomp2025_benchmarks/benchmarks/safenlp_2024/onnx/ruarobot/perturbations_0.onnx,/home/elipregerson/nnenum/vnncomp2025_benchmarks/benchmarks/safenlp_2024/vnnlib/ruarobot/hyperrectangle_2489.vnnlib,.005943612,sat,.654009480
safenlp_2024,/home/elipregerson/nnenum/vnncomp2025_benchmarks/benchmarks/safenlp_2024/onnx/medical/perturbations_0.onnx,/home/elipregerson/nnenum/vnncomp2025_benchmarks/benchmarks/safenlp_2024/vnnlib/medical/hyperrectangle_949.vnnlib,.006351781,unsat,.628691649
safenlp_2024,/home/elipregerson/nnenum/vnncomp2025_benchmarks/benchmarks/safenlp_2024/onnx/medical/perturbations_0.onnx,/home/elipregerson/nnenum/vnncomp2025_benchmarks/benchmarks/safenlp_2024/vnnlib/medical/hyperrectangle_89.vnnlib,.006337081,unsat,.605285865
safenlp_2024,/home/elipregerson/nnenum/vnncomp2025_benchmarks/benchmarks/safenlp_2024/onnx/ruarobot/perturbations_0.onnx,/home/elipregerson/nnenum/vnncomp2025_benchmarks/benchmarks/safenlp_2024/vnnlib/ruarobot/hyperrectangle_634.vnnlib,.006285718,unsat,3.624085089
safenlp_2024,/home/elipregerson/nnenum/vnncomp2025_benchmarks/benchmarks/safenlp_2024/onnx/ruarobot/perturbations_0.onnx,/home/elipregerson/nnenum/vnncomp2025_benchmarks/benchmarks/safenlp_2024/vnnlib/ruarobot/hyperrectangle_7437.vnnlib,.006214798,sat,.649516173
safenlp_2024,/home/elipregerson/nnenum/vnncomp2025_benchmarks/benchmarks/safenlp_2024/onnx/ruarobot/perturbations_0.onnx,/home/elipregerson/nnenum/vnncomp2025_benchmarks/benchmarks/safenlp_2024/vnnlib/ruarobot/hyperrectangle_2250.vnnlib,.006457768,sat,.646574721
safenlp_2024,/home/elipregerson/nnenum/vnncomp2025_benchmarks/benchmarks/safenlp_2024/onnx/ruarobot/perturbations_0.onnx,/home/elipregerson/nnenum/vnncomp2025_benchmarks/benchmarks/safenlp_2024/vnnlib/ruarobot/hyperrectangle_3481.vnnlib,.006153635,unsat,.599172266
safenlp_2024,/home/elipregerson/nnenum/vnncomp2025_benchmarks/benchmarks/safenlp_2024/onnx/medical/perturbations_0.onnx,/home/elipregerson/nnenum/vnncomp2025_benchmarks/benchmarks/safenlp_2024/vnnlib/medical/hyperrectangle_989.vnnlib,.006175339,unsat,.595146373
safenlp_2024,/home/elipregerson/nnenum/vnncomp2025_benchmarks/benchmarks/safenlp_2024/onnx/ruarobot/perturbations_0.onnx,/home/elipregerson/nnenum/vnncomp2025_benchmarks/benchmarks/safenlp_2024/vnnlib/ruarobot/hyperrectangle_5185.vnnlib,.006276024,unsat,2.790776302
safenlp_2024,/home/elipregerson/nnenum/vnncomp2025_benchmarks/benchmarks/safenlp_2024/onnx/ruarobot/perturbations_0.onnx,/home/elipregerson/nnenum/vnncomp2025_benchmarks/benchmarks/safenlp_2024/vnnlib/ruarobot/hyperrectangle_2264.vnnlib,.006262309,sat,.657636953
safenlp_2024,/home/elipregerson/nnenum/vnncomp2025_benchmarks/benchmarks/safenlp_2024/onnx/ruarobot/perturbations_0.onnx,/home/elipregerson/nnenum/vnncomp2025_benchmarks/benchmarks/safenlp_2024/vnnlib/ruarobot/hyperrectangle_4911.vnnlib,.006196155,sat,.644429717
safenlp_2024,/home/elipregerson/nnenum/vnncomp2025_benchmarks/benchmarks/safenlp_2024/onnx/ruarobot/perturbations_0.onnx,/home/elipregerson/nnenum/vnncomp2025_benchmarks/benchmarks/safenlp_2024/vnnlib/ruarobot/hyperrectangle_3309.vnnlib,.006131033,timeout,20.556895695
safenlp_2024,/home/elipregerson/nnenum/vnncomp2025_benchmarks/benchmarks/safenlp_2024/onnx/ruarobot/perturbations_0.onnx,/home/elipregerson/nnenum/vnncomp2025_benchmarks/benchmarks/safenlp_2024/vnnlib/ruarobot/hyperrectangle_823.vnnlib,.006196988,sat,.643261125
safenlp_2024,/home/elipregerson/nnenum/vnncomp2025_benchmarks/benchmarks/safenlp_2024/onnx/ruarobot/perturbations_0.onnx,/home/elipregerson/nnenum/vnncomp2025_benchmarks/benchmarks/safenlp_2024/vnnlib/ruarobot/hyperrectangle_2074.vnnlib,.006022655,sat,.664242872
safenlp_2024,/home/elipregerson/nnenum/vnncomp2025_benchmarks/benchmarks/safenlp_2024/onnx/ruarobot/perturbations_0.onnx,/home/elipregerson/nnenum/vnncomp2025_benchmarks/benchmarks/safenlp_2024/vnnlib/ruarobot/hyperrectangle_5600.vnnlib,.006128888,sat,.640086973
safenlp_2024,/home/elipregerson/nnenum/vnncomp2025_benchmarks/benchmarks/safenlp_2024/onnx/ruarobot/perturbations_0.onnx,/home/elipregerson/nnenum/vnncomp2025_benchmarks/benchmarks/safenlp_2024/vnnlib/ruarobot/hyperrectangle_2899.vnnlib,.006102282,sat,.644533408
safenlp_2024,/home/elipregerson/nnenum/vnncomp2025_benchmarks/benchmarks/safenlp_2024/onnx/medical/perturbations_0.onnx,/home/elipregerson/nnenum/vnncomp2025_benchmarks/benchmarks/safenlp_2024/vnnlib/medical/hyperrectangle_1691.vnnlib,.006207785,unsat,.589609528
safenlp_2024,/home/elipregerson/nnenum/vnncomp2025_benchmarks/benchmarks/safenlp_2024/onnx/ruarobot/perturbations_0.onnx,/home/elipregerson/nnenum/vnncomp2025_benchmarks/benchmarks/safenlp_2024/vnnlib/ruarobot/hyperrectangle_884.vnnlib,.006089947,sat,.647326657
safenlp_2024,/home/elipregerson/nnenum/vnncomp2025_benchmarks/benchmarks/safenlp_2024/onnx/ruarobot/perturbations_0.onnx,/home/elipregerson/nnenum/vnncomp2025_benchmarks/benchmarks/safenlp_2024/vnnlib/ruarobot/hyperrectangle_6981.vnnlib,.006149071,timeout,20.554061186
safenlp_2024,/home/elipregerson/nnenum/vnncomp2025_benchmarks/benchmarks/safenlp_2024/onnx/ruarobot/perturbations_0.onnx,/home/elipregerson/nnenum/vnncomp2025_benchmarks/benchmarks/safenlp_2024/vnnlib/ruarobot/hyperrectangle_5679.vnnlib,.006247510,timeout,20.562211876
safenlp_2024,/home/elipregerson/nnenum/vnncomp2025_benchmarks/benchmarks/safenlp_2024/onnx/medical/perturbations_0.onnx,/home/elipregerson/nnenum/vnncomp2025_benchmarks/benchmarks/safenlp_2024/vnnlib/medical/hyperrectangle_433.vnnlib,.006306744,unsat,.604099528
safenlp_2024,/home/elipregerson/nnenum/vnncomp2025_benchmarks/benchmarks/safenlp_2024/onnx/ruarobot/perturbations_0.onnx,/home/elipregerson/nnenum/vnncomp2025_benchmarks/benchmarks/safenlp_2024/vnnlib/ruarobot/hyperrectangle_1149.vnnlib,.006292123,sat,.645386048
safenlp_2024,/home/elipregerson/nnenum/vnncomp2025_benchmarks/benchmarks/safenlp_2024/onnx/ruarobot/perturbations_0.onnx,/home/elipregerson/nnenum/vnncomp2025_benchmarks/benchmarks/safenlp_2024/vnnlib/ruarobot/hyperrectangle_3442.vnnlib,.006924282,sat,.654975364
safenlp_2024,/home/elipregerson/nnenum/vnncomp2025_benchmarks/benchmarks/safenlp_2024/onnx/ruarobot/perturbations_0.onnx,/home/elipregerson/nnenum/vnncomp2025_benchmarks/benchmarks/safenlp_2024/vnnlib/ruarobot/hyperrectangle_6421.vnnlib,.006167632,sat,.651257497
safenlp_2024,/home/elipregerson/nnenum/vnncomp2025_benchmarks/benchmarks/safenlp_2024/onnx/ruarobot/perturbations_0.onnx,/home/elipregerson/nnenum/vnncomp2025_benchmarks/benchmarks/safenlp_2024/vnnlib/ruarobot/hyperrectangle_1011.vnnlib,.006363821,sat,.645845517
safenlp_2024,/home/elipregerson/nnenum/vnncomp2025_benchmarks/benchmarks/safenlp_2024/onnx/ruarobot/perturbations_0.onnx,/home/elipregerson/nnenum/vnncomp2025_benchmarks/benchmarks/safenlp_2024/vnnlib/ruarobot/hyperrectangle_5936.vnnlib,.006236484,sat,.651706394
safenlp_2024,/home/elipregerson/nnenum/vnncomp2025_benchmarks/benchmarks/safenlp_2024/onnx/medical/perturbations_0.onnx,/home/elipregerson/nnenum/vnncomp2025_benchmarks/benchmarks/safenlp_2024/vnnlib/medical/hyperrectangle_2724.vnnlib,.006249633,unsat,1.132021137
safenlp_2024,/home/elipregerson/nnenum/vnncomp2025_benchmarks/benchmarks/safenlp_2024/onnx/ruarobot/perturbations_0.onnx,/home/elipregerson/nnenum/vnncomp2025_benchmarks/benchmarks/safenlp_2024/vnnlib/ruarobot/hyperrectangle_7855.vnnlib,.006398560,sat,.646892122
safenlp_2024,/home/elipregerson/nnenum/vnncomp2025_benchmarks/benchmarks/safenlp_2024/onnx/ruarobot/perturbations_0.onnx,/home/elipregerson/nnenum/vnncomp2025_benchmarks/benchmarks/safenlp_2024/vnnlib/ruarobot/hyperrectangle_1741.vnnlib,.006212742,sat,.652796722
safenlp_2024,/home/elipregerson/nnenum/vnncomp2025_benchmarks/benchmarks/safenlp_2024/onnx/ruarobot/perturbations_0.onnx,/home/elipregerson/nnenum/vnncomp2025_benchmarks/benchmarks/safenlp_2024/vnnlib/ruarobot/hyperrectangle_7435.vnnlib,.006243369,timeout,20.561715744
safenlp_2024,/home/elipregerson/nnenum/vnncomp2025_benchmarks/benchmarks/safenlp_2024/onnx/ruarobot/perturbations_0.onnx,/home/elipregerson/nnenum/vnncomp2025_benchmarks/benchmarks/safenlp_2024/vnnlib/ruarobot/hyperrectangle_6065.vnnlib,.006064740,timeout,20.569428412
safenlp_2024,/home/elipregerson/nnenum/vnncomp2025_benchmarks/benchmarks/safenlp_2024/onnx/ruarobot/perturbations_0.onnx,/home/elipregerson/nnenum/vnncomp2025_benchmarks/benchmarks/safenlp_2024/vnnlib/ruarobot/hyperrectangle_2181.vnnlib,.006068756,unsat,1.002060763
safenlp_2024,/home/elipregerson/nnenum/vnncomp2025_benchmarks/benchmarks/safenlp_2024/onnx/ruarobot/perturbations_0.onnx,/home/elipregerson/nnenum/vnncomp2025_benchmarks/benchmarks/safenlp_2024/vnnlib/ruarobot/hyperrectangle_4457.vnnlib,.006160402,sat,.753504822
safenlp_2024,/home/elipregerson/nnenum/vnncomp2025_benchmarks/benchmarks/safenlp_2024/onnx/ruarobot/perturbations_0.onnx,/home/elipregerson/nnenum/vnncomp2025_benchmarks/benchmarks/safenlp_2024/vnnlib/ruarobot/hyperrectangle_7202.vnnlib,.006243265,timeout,20.564243631
safenlp_2024,/home/elipregerson/nnenum/vnncomp2025_benchmarks/benchmarks/safenlp_2024/onnx/ruarobot/perturbations_0.onnx,/home/elipregerson/nnenum/vnncomp2025_benchmarks/benchmarks/safenlp_2024/vnnlib/ruarobot/hyperrectangle_6761.vnnlib,.006104041,sat,.646499253
safenlp_2024,/home/elipregerson/nnenum/vnncomp2025_benchmarks/benchmarks/safenlp_2024/onnx/ruarobot/perturbations_0.onnx,/home/elipregerson/nnenum/vnncomp2025_benchmarks/benchmarks/safenlp_2024/vnnlib/ruarobot/hyperrectangle_6597.vnnlib,.010398763,timeout,20.562719689
safenlp_2024,/home/elipregerson/nnenum/vnncomp2025_benchmarks/benchmarks/safenlp_2024/onnx/ruarobot/perturbations_0.onnx,/home/elipregerson/nnenum/vnncomp2025_benchmarks/benchmarks/safenlp_2024/vnnlib/ruarobot/hyperrectangle_4823.vnnlib,.006237086,sat,.648199868
safenlp_2024,/home/elipregerson/nnenum/vnncomp2025_benchmarks/benchmarks/safenlp_2024/onnx/ruarobot/perturbations_0.onnx,/home/elipregerson/nnenum/vnncomp2025_benchmarks/benchmarks/safenlp_2024/vnnlib/ruarobot/hyperrectangle_7228.vnnlib,.006217623,sat,.656787414
safenlp_2024,/home/elipregerson/nnenum/vnncomp2025_benchmarks/benchmarks/safenlp_2024/onnx/medical/perturbations_0.onnx,/home/elipregerson/nnenum/vnncomp2025_benchmarks/benchmarks/safenlp_2024/vnnlib/medical/hyperrectangle_2740.vnnlib,.006232036,unsat,.594995318
safenlp_2024,/home/elipregerson/nnenum/vnncomp2025_benchmarks/benchmarks/safenlp_2024/onnx/medical/perturbations_0.onnx,/home/elipregerson/nnenum/vnncomp2025_benchmarks/benchmarks/safenlp_2024/vnnlib/medical/hyperrectangle_1363.vnnlib,.006131884,timeout,20.575109324
safenlp_2024,/home/elipregerson/nnenum/vnncomp2025_benchmarks/benchmarks/safenlp_2024/onnx/ruarobot/perturbations_0.onnx,/home/elipregerson/nnenum/vnncomp2025_benchmarks/benchmarks/safenlp_2024/vnnlib/ruarobot/hyperrectangle_4830.vnnlib,.006087014,sat,.644511575
safenlp_2024,/home/elipregerson/nnenum/vnncomp2025_benchmarks/benchmarks/safenlp_2024/onnx/medical/perturbations_0.onnx,/home/elipregerson/nnenum/vnncomp2025_benchmarks/benchmarks/safenlp_2024/vnnlib/medical/hyperrectangle_2733.vnnlib,.006042887,unsat,2.565479730
safenlp_2024,/home/elipregerson/nnenum/vnncomp2025_benchmarks/benchmarks/safenlp_2024/onnx/ruarobot/perturbations_0.onnx,/home/elipregerson/nnenum/vnncomp2025_benchmarks/benchmarks/safenlp_2024/vnnlib/ruarobot/hyperrectangle_3699.vnnlib,.006341856,sat,.652635911
safenlp_2024,/home/elipregerson/nnenum/vnncomp2025_benchmarks/benchmarks/safenlp_2024/onnx/ruarobot/perturbations_0.onnx,/home/elipregerson/nnenum/vnncomp2025_benchmarks/benchmarks/safenlp_2024/vnnlib/ruarobot/hyperrectangle_5698.vnnlib,.006124008,sat,.606645869
safenlp_2024,/home/elipregerson/nnenum/vnncomp2025_benchmarks/benchmarks/safenlp_2024/onnx/ruarobot/perturbations_0.onnx,/home/elipregerson/nnenum/vnncomp2025_benchmarks/benchmarks/safenlp_2024/vnnlib/ruarobot/hyperrectangle_6397.vnnlib,.006157231,sat,.651544092
safenlp_2024,/home/elipregerson/nnenum/vnncomp2025_benchmarks/benchmarks/safenlp_2024/onnx/ruarobot/perturbations_0.onnx,/home/elipregerson/nnenum/vnncomp2025_benchmarks/benchmarks/safenlp_2024/vnnlib/ruarobot/hyperrectangle_6586.vnnlib,.006101499,sat,.647508919
safenlp_2024,/home/elipregerson/nnenum/vnncomp2025_benchmarks/benchmarks/safenlp_2024/onnx/ruarobot/perturbations_0.onnx,/home/elipregerson/nnenum/vnncomp2025_benchmarks/benchmarks/safenlp_2024/vnnlib/ruarobot/hyperrectangle_1072.vnnlib,.006467664,sat,.645694259
safenlp_2024,/home/elipregerson/nnenum/vnncomp2025_benchmarks/benchmarks/safenlp_2024/onnx/ruarobot/perturbations_0.onnx,/home/elipregerson/nnenum/vnncomp2025_benchmarks/benchmarks/safenlp_2024/vnnlib/ruarobot/hyperrectangle_4651.vnnlib,.006122973,sat,.644595531
safenlp_2024,/home/elipregerson/nnenum/vnncomp2025_benchmarks/benchmarks/safenlp_2024/onnx/ruarobot/perturbations_0.onnx,/home/elipregerson/nnenum/vnncomp2025_benchmarks/benchmarks/safenlp_2024/vnnlib/ruarobot/hyperrectangle_71.vnnlib,.006482909,sat,.649119797
safenlp_2024,/home/elipregerson/nnenum/vnncomp2025_benchmarks/benchmarks/safenlp_2024/onnx/ruarobot/perturbations_0.onnx,/home/elipregerson/nnenum/vnncomp2025_benchmarks/benchmarks/safenlp_2024/vnnlib/ruarobot/hyperrectangle_3965.vnnlib,.006148675,sat,.640085697
safenlp_2024,/home/elipregerson/nnenum/vnncomp2025_benchmarks/benchmarks/safenlp_2024/onnx/ruarobot/perturbations_0.onnx,/home/elipregerson/nnenum/vnncomp2025_benchmarks/benchmarks/safenlp_2024/vnnlib/ruarobot/hyperrectangle_3056.vnnlib,.006289953,sat,.645057175
safenlp_2024,/home/elipregerson/nnenum/vnncomp2025_benchmarks/benchmarks/safenlp_2024/onnx/ruarobot/perturbations_0.onnx,/home/elipregerson/nnenum/vnncomp2025_benchmarks/benchmarks/safenlp_2024/vnnlib/ruarobot/hyperrectangle_7483.vnnlib,.006522954,sat,.649815146
safenlp_2024,/home/elipregerson/nnenum/vnncomp2025_benchmarks/benchmarks/safenlp_2024/onnx/ruarobot/perturbations_0.onnx,/home/elipregerson/nnenum/vnncomp2025_benchmarks/benchmarks/safenlp_2024/vnnlib/ruarobot/hyperrectangle_1682.vnnlib,.006308526,timeout,20.562619448
safenlp_2024,/home/elipregerson/nnenum/vnncomp2025_benchmarks/benchmarks/safenlp_2024/onnx/medical/perturbations_0.onnx,/home/elipregerson/nnenum/vnncomp2025_benchmarks/benchmarks/safenlp_2024/vnnlib/medical/hyperrectangle_1091.vnnlib,.006204498,unsat,.871802883
safenlp_2024,/home/elipregerson/nnenum/vnncomp2025_benchmarks/benchmarks/safenlp_2024/onnx/medical/perturbations_0.onnx,/home/elipregerson/nnenum/vnncomp2025_benchmarks/benchmarks/safenlp_2024/vnnlib/medical/hyperrectangle_1309.vnnlib,.006166690,unsat,.596243852
safenlp_2024,/home/elipregerson/nnenum/vnncomp2025_benchmarks/benchmarks/safenlp_2024/onnx/ruarobot/perturbations_0.onnx,/home/elipregerson/nnenum/vnncomp2025_benchmarks/benchmarks/safenlp_2024/vnnlib/ruarobot/hyperrectangle_6931.vnnlib,.006142977,sat,.716413871
safenlp_2024,/home/elipregerson/nnenum/vnncomp2025_benchmarks/benchmarks/safenlp_2024/onnx/ruarobot/perturbations_0.onnx,/home/elipregerson/nnenum/vnncomp2025_benchmarks/benchmarks/safenlp_2024/vnnlib/ruarobot/hyperrectangle_418.vnnlib,.006266358,sat,.648424020
safenlp_2024,/home/elipregerson/nnenum/vnncomp2025_benchmarks/benchmarks/safenlp_2024/onnx/ruarobot/perturbations_0.onnx,/home/elipregerson/nnenum/vnncomp2025_benchmarks/benchmarks/safenlp_2024/vnnlib/ruarobot/hyperrectangle_5859.vnnlib,.006211125,sat,.641667121
safenlp_2024,/home/elipregerson/nnenum/vnncomp2025_benchmarks/benchmarks/safenlp_2024/onnx/medical/perturbations_0.onnx,/home/elipregerson/nnenum/vnncomp2025_benchmarks/benchmarks/safenlp_2024/vnnlib/medical/hyperrectangle_700.vnnlib,.006229562,unsat,.602946678
safenlp_2024,/home/elipregerson/nnenum/vnncomp2025_benchmarks/benchmarks/safenlp_2024/onnx/medical/perturbations_0.onnx,/home/elipregerson/nnenum/vnncomp2025_benchmarks/benchmarks/safenlp_2024/vnnlib/medical/hyperrectangle_2742.vnnlib,.006196809,unsat,.616865984
safenlp_2024,/home/elipregerson/nnenum/vnncomp2025_benchmarks/benchmarks/safenlp_2024/onnx/ruarobot/perturbations_0.onnx,/home/elipregerson/nnenum/vnncomp2025_benchmarks/benchmarks/safenlp_2024/vnnlib/ruarobot/hyperrectangle_3495.vnnlib,.006740292,sat,.708170907
safenlp_2024,/home/elipregerson/nnenum/vnncomp2025_benchmarks/benchmarks/safenlp_2024/onnx/ruarobot/perturbations_0.onnx,/home/elipregerson/nnenum/vnncomp2025_benchmarks/benchmarks/safenlp_2024/vnnlib/ruarobot/hyperrectangle_4291.vnnlib,.006122156,timeout,20.567313975
safenlp_2024,/home/elipregerson/nnenum/vnncomp2025_benchmarks/benchmarks/safenlp_2024/onnx/medical/perturbations_0.onnx,/home/elipregerson/nnenum/vnncomp2025_benchmarks/benchmarks/safenlp_2024/vnnlib/medical/hyperrectangle_1464.vnnlib,.006166496,unsat,.596128172
safenlp_2024,/home/elipregerson/nnenum/vnncomp2025_benchmarks/benchmarks/safenlp_2024/onnx/ruarobot/perturbations_0.onnx,/home/elipregerson/nnenum/vnncomp2025_benchmarks/benchmarks/safenlp_2024/vnnlib/ruarobot/hyperrectangle_7154.vnnlib,.006170009,unsat,19.659290563
safenlp_2024,/home/elipregerson/nnenum/vnncomp2025_benchmarks/benchmarks/safenlp_2024/onnx/medical/perturbations_0.onnx,/home/elipregerson/nnenum/vnncomp2025_benchmarks/benchmarks/safenlp_2024/vnnlib/medical/hyperrectangle_262.vnnlib,.006226040,unsat,.597875291
safenlp_2024,/home/elipregerson/nnenum/vnncomp2025_benchmarks/benchmarks/safenlp_2024/onnx/ruarobot/perturbations_0.onnx,/home/elipregerson/nnenum/vnncomp2025_benchmarks/benchmarks/safenlp_2024/vnnlib/ruarobot/hyperrectangle_831.vnnlib,.005954332,unsat,.600036546
safenlp_2024,/home/elipregerson/nnenum/vnncomp2025_benchmarks/benchmarks/safenlp_2024/onnx/ruarobot/perturbations_0.onnx,/home/elipregerson/nnenum/vnncomp2025_benchmarks/benchmarks/safenlp_2024/vnnlib/ruarobot/hyperrectangle_6807.vnnlib,.006399185,sat,.643977148
safenlp_2024,/home/elipregerson/nnenum/vnncomp2025_benchmarks/benchmarks/safenlp_2024/onnx/ruarobot/perturbations_0.onnx,/home/elipregerson/nnenum/vnncomp2025_benchmarks/benchmarks/safenlp_2024/vnnlib/ruarobot/hyperrectangle_2038.vnnlib,.006128014,sat,.648466852
safenlp_2024,/home/elipregerson/nnenum/vnncomp2025_benchmarks/benchmarks/safenlp_2024/onnx/ruarobot/perturbations_0.onnx,/home/elipregerson/nnenum/vnncomp2025_benchmarks/benchmarks/safenlp_2024/vnnlib/ruarobot/hyperrectangle_3772.vnnlib,.006358142,sat,.649373056
safenlp_2024,/home/elipregerson/nnenum/vnncomp2025_benchmarks/benchmarks/safenlp_2024/onnx/ruarobot/perturbations_0.onnx,/home/elipregerson/nnenum/vnncomp2025_benchmarks/benchmarks/safenlp_2024/vnnlib/ruarobot/hyperrectangle_5181.vnnlib,.006323569,sat,.649444722
safenlp_2024,/home/elipregerson/nnenum/vnncomp2025_benchmarks/benchmarks/safenlp_2024/onnx/ruarobot/perturbations_0.onnx,/home/elipregerson/nnenum/vnncomp2025_benchmarks/benchmarks/safenlp_2024/vnnlib/ruarobot/hyperrectangle_4121.vnnlib,.006639716,timeout,20.576752548
safenlp_2024,/home/elipregerson/nnenum/vnncomp2025_benchmarks/benchmarks/safenlp_2024/onnx/ruarobot/perturbations_0.onnx,/home/elipregerson/nnenum/vnncomp2025_benchmarks/benchmarks/safenlp_2024/vnnlib/ruarobot/hyperrectangle_1602.vnnlib,.006136090,sat,.640210466
safenlp_2024,/home/elipregerson/nnenum/vnncomp2025_benchmarks/benchmarks/safenlp_2024/onnx/ruarobot/perturbations_0.onnx,/home/elipregerson/nnenum/vnncomp2025_benchmarks/benchmarks/safenlp_2024/vnnlib/ruarobot/hyperrectangle_2543.vnnlib,.006482733,sat,.646471323
safenlp_2024,/home/elipregerson/nnenum/vnncomp2025_benchmarks/benchmarks/safenlp_2024/onnx/ruarobot/perturbations_0.onnx,/home/elipregerson/nnenum/vnncomp2025_benchmarks/benchmarks/safenlp_2024/vnnlib/ruarobot/hyperrectangle_2660.vnnlib,.006144007,sat,.653204774
safenlp_2024,/home/elipregerson/nnenum/vnncomp2025_benchmarks/benchmarks/safenlp_2024/onnx/ruarobot/perturbations_0.onnx,/home/elipregerson/nnenum/vnncomp2025_benchmarks/benchmarks/safenlp_2024/vnnlib/ruarobot/hyperrectangle_942.vnnlib,.006267557,timeout,20.560222357
safenlp_2024,/home/elipregerson/nnenum/vnncomp2025_benchmarks/benchmarks/safenlp_2024/onnx/ruarobot/perturbations_0.onnx,/home/elipregerson/nnenum/vnncomp2025_benchmarks/benchmarks/safenlp_2024/vnnlib/ruarobot/hyperrectangle_6702.vnnlib,.006309478,sat,.703983311
safenlp_2024,/home/elipregerson/nnenum/vnncomp2025_benchmarks/benchmarks/safenlp_2024/onnx/ruarobot/perturbations_0.onnx,/home/elipregerson/nnenum/vnncomp2025_benchmarks/benchmarks/safenlp_2024/vnnlib/ruarobot/hyperrectangle_7681.vnnlib,.006494902,sat,.670916296
safenlp_2024,/home/elipregerson/nnenum/vnncomp2025_benchmarks/benchmarks/safenlp_2024/onnx/medical/perturbations_0.onnx,/home/elipregerson/nnenum/vnncomp2025_benchmarks/benchmarks/safenlp_2024/vnnlib/medical/hyperrectangle_506.vnnlib,.006087810,unsat,.609136469
safenlp_2024,/home/elipregerson/nnenum/vnncomp2025_benchmarks/benchmarks/safenlp_2024/onnx/medical/perturbations_0.onnx,/home/elipregerson/nnenum/vnncomp2025_benchmarks/benchmarks/safenlp_2024/vnnlib/medical/hyperrectangle_1854.vnnlib,.006210193,unsat,1.252193930
safenlp_2024,/home/elipregerson/nnenum/vnncomp2025_benchmarks/benchmarks/safenlp_2024/onnx/ruarobot/perturbations_0.onnx,/home/elipregerson/nnenum/vnncomp2025_benchmarks/benchmarks/safenlp_2024/vnnlib/ruarobot/hyperrectangle_5345.vnnlib,.006320053,unsat,2.413590364
safenlp_2024,/home/elipregerson/nnenum/vnncomp2025_benchmarks/benchmarks/safenlp_2024/onnx/medical/perturbations_0.onnx,/home/elipregerson/nnenum/vnncomp2025_benchmarks/benchmarks/safenlp_2024/vnnlib/medical/hyperrectangle_2624.vnnlib,.006193324,timeout,20.562065647
safenlp_2024,/home/elipregerson/nnenum/vnncomp2025_benchmarks/benchmarks/safenlp_2024/onnx/ruarobot/perturbations_0.onnx,/home/elipregerson/nnenum/vnncomp2025_benchmarks/benchmarks/safenlp_2024/vnnlib/ruarobot/hyperrectangle_7016.vnnlib,.006187328,sat,.658450421
safenlp_2024,/home/elipregerson/nnenum/vnncomp2025_benchmarks/benchmarks/safenlp_2024/onnx/ruarobot/perturbations_0.onnx,/home/elipregerson/nnenum/vnncomp2025_benchmarks/benchmarks/safenlp_2024/vnnlib/ruarobot/hyperrectangle_4456.vnnlib,.006147857,unsat,.945013400
safenlp_2024,/home/elipregerson/nnenum/vnncomp2025_benchmarks/benchmarks/safenlp_2024/onnx/medical/perturbations_0.onnx,/home/elipregerson/nnenum/vnncomp2025_benchmarks/benchmarks/safenlp_2024/vnnlib/medical/hyperrectangle_2119.vnnlib,.006179348,sat,.648333993
safenlp_2024,/home/elipregerson/nnenum/vnncomp2025_benchmarks/benchmarks/safenlp_2024/onnx/ruarobot/perturbations_0.onnx,/home/elipregerson/nnenum/vnncomp2025_benchmarks/benchmarks/safenlp_2024/vnnlib/ruarobot/hyperrectangle_6119.vnnlib,.006169133,timeout,20.565126506
safenlp_2024,/home/elipregerson/nnenum/vnncomp2025_benchmarks/benchmarks/safenlp_2024/onnx/ruarobot/perturbations_0.onnx,/home/elipregerson/nnenum/vnncomp2025_benchmarks/benchmarks/safenlp_2024/vnnlib/ruarobot/hyperrectangle_3870.vnnlib,.006223827,timeout,20.556945930
safenlp_2024,/home/elipregerson/nnenum/vnncomp2025_benchmarks/benchmarks/safenlp_2024/onnx/ruarobot/perturbations_0.onnx,/home/elipregerson/nnenum/vnncomp2025_benchmarks/benchmarks/safenlp_2024/vnnlib/ruarobot/hyperrectangle_7203.vnnlib,.006031876,sat,.646678838
safenlp_2024,/home/elipregerson/nnenum/vnncomp2025_benchmarks/benchmarks/safenlp_2024/onnx/ruarobot/perturbations_0.onnx,/home/elipregerson/nnenum/vnncomp2025_benchmarks/benchmarks/safenlp_2024/vnnlib/ruarobot/hyperrectangle_5984.vnnlib,.006121671,timeout,20.573876429
safenlp_2024,/home/elipregerson/nnenum/vnncomp2025_benchmarks/benchmarks/safenlp_2024/onnx/ruarobot/perturbations_0.onnx,/home/elipregerson/nnenum/vnncomp2025_benchmarks/benchmarks/safenlp_2024/vnnlib/ruarobot/hyperrectangle_2460.vnnlib,.006219786,sat,.600439360
safenlp_2024,/home/elipregerson/nnenum/vnncomp2025_benchmarks/benchmarks/safenlp_2024/onnx/medical/perturbations_0.onnx,/home/elipregerson/nnenum/vnncomp2025_benchmarks/benchmarks/safenlp_2024/vnnlib/medical/hyperrectangle_1889.vnnlib,.006120857,unsat,.603882560
safenlp_2024,/home/elipregerson/nnenum/vnncomp2025_benchmarks/benchmarks/safenlp_2024/onnx/ruarobot/perturbations_0.onnx,/home/elipregerson/nnenum/vnncomp2025_benchmarks/benchmarks/safenlp_2024/vnnlib/ruarobot/hyperrectangle_65.vnnlib,.006244527,sat,.706729130
safenlp_2024,/home/elipregerson/nnenum/vnncomp2025_benchmarks/benchmarks/safenlp_2024/onnx/ruarobot/perturbations_0.onnx,/home/elipregerson/nnenum/vnncomp2025_benchmarks/benchmarks/safenlp_2024/vnnlib/ruarobot/hyperrectangle_2206.vnnlib,.006325802,sat,.661742961
safenlp_2024,/home/elipregerson/nnenum/vnncomp2025_benchmarks/benchmarks/safenlp_2024/onnx/ruarobot/perturbations_0.onnx,/home/elipregerson/nnenum/vnncomp2025_benchmarks/benchmarks/safenlp_2024/vnnlib/ruarobot/hyperrectangle_5054.vnnlib,.006238508,sat,.643457217
safenlp_2024,/home/elipregerson/nnenum/vnncomp2025_benchmarks/benchmarks/safenlp_2024/onnx/ruarobot/perturbations_0.onnx,/home/elipregerson/nnenum/vnncomp2025_benchmarks/benchmarks/safenlp_2024/vnnlib/ruarobot/hyperrectangle_1220.vnnlib,.006142122,sat,.653507248
safenlp_2024,/home/elipregerson/nnenum/vnncomp2025_benchmarks/benchmarks/safenlp_2024/onnx/ruarobot/perturbations_0.onnx,/home/elipregerson/nnenum/vnncomp2025_benchmarks/benchmarks/safenlp_2024/vnnlib/ruarobot/hyperrectangle_4521.vnnlib,.006316603,timeout,20.584687515
safenlp_2024,/home/elipregerson/nnenum/vnncomp2025_benchmarks/benchmarks/safenlp_2024/onnx/ruarobot/perturbations_0.onnx,/home/elipregerson/nnenum/vnncomp2025_benchmarks/benchmarks/safenlp_2024/vnnlib/ruarobot/hyperrectangle_2900.vnnlib,.011592999,unsat,2.377752724
safenlp_2024,/home/elipregerson/nnenum/vnncomp2025_benchmarks/benchmarks/safenlp_2024/onnx/medical/perturbations_0.onnx,/home/elipregerson/nnenum/vnncomp2025_benchmarks/benchmarks/safenlp_2024/vnnlib/medical/hyperrectangle_716.vnnlib,.006285637,sat,.656834726
safenlp_2024,/home/elipregerson/nnenum/vnncomp2025_benchmarks/benchmarks/safenlp_2024/onnx/medical/perturbations_0.onnx,/home/elipregerson/nnenum/vnncomp2025_benchmarks/benchmarks/safenlp_2024/vnnlib/medical/hyperrectangle_943.vnnlib,.006167806,unsat,.780501098
safenlp_2024,/home/elipregerson/nnenum/vnncomp2025_benchmarks/benchmarks/safenlp_2024/onnx/ruarobot/perturbations_0.onnx,/home/elipregerson/nnenum/vnncomp2025_benchmarks/benchmarks/safenlp_2024/vnnlib/ruarobot/hyperrectangle_6315.vnnlib,.006276932,sat,.662252136
safenlp_2024,/home/elipregerson/nnenum/vnncomp2025_benchmarks/benchmarks/safenlp_2024/onnx/medical/perturbations_0.onnx,/home/elipregerson/nnenum/vnncomp2025_benchmarks/benchmarks/safenlp_2024/vnnlib/medical/hyperrectangle_722.vnnlib,.006111813,unsat,1.901638201
safenlp_2024,/home/elipregerson/nnenum/vnncomp2025_benchmarks/benchmarks/safenlp_2024/onnx/medical/perturbations_0.onnx,/home/elipregerson/nnenum/vnncomp2025_benchmarks/benchmarks/safenlp_2024/vnnlib/medical/hyperrectangle_956.vnnlib,.006259873,timeout,20.559922168
safenlp_2024,/home/elipregerson/nnenum/vnncomp2025_benchmarks/benchmarks/safenlp_2024/onnx/ruarobot/perturbations_0.onnx,/home/elipregerson/nnenum/vnncomp2025_benchmarks/benchmarks/safenlp_2024/vnnlib/ruarobot/hyperrectangle_3319.vnnlib,.006108782,unsat,18.325072673
safenlp_2024,/home/elipregerson/nnenum/vnncomp2025_benchmarks/benchmarks/safenlp_2024/onnx/medical/perturbations_0.onnx,/home/elipregerson/nnenum/vnncomp2025_benchmarks/benchmarks/safenlp_2024/vnnlib/medical/hyperrectangle_34.vnnlib,.008261885,unsat,.615557610
safenlp_2024,/home/elipregerson/nnenum/vnncomp2025_benchmarks/benchmarks/safenlp_2024/onnx/ruarobot/perturbations_0.onnx,/home/elipregerson/nnenum/vnncomp2025_benchmarks/benchmarks/safenlp_2024/vnnlib/ruarobot/hyperrectangle_5397.vnnlib,.006763722,unsat,.749085633
safenlp_2024,/home/elipregerson/nnenum/vnncomp2025_benchmarks/benchmarks/safenlp_2024/onnx/ruarobot/perturbations_0.onnx,/home/elipregerson/nnenum/vnncomp2025_benchmarks/benchmarks/safenlp_2024/vnnlib/ruarobot/hyperrectangle_7225.vnnlib,.006258081,sat,.656296714
safenlp_2024,/home/elipregerson/nnenum/vnncomp2025_benchmarks/benchmarks/safenlp_2024/onnx/ruarobot/perturbations_0.onnx,/home/elipregerson/nnenum/vnncomp2025_benchmarks/benchmarks/safenlp_2024/vnnlib/ruarobot/hyperrectangle_6132.vnnlib,.006497903,sat,.711611988
safenlp_2024,/home/elipregerson/nnenum/vnncomp2025_benchmarks/benchmarks/safenlp_2024/onnx/ruarobot/perturbations_0.onnx,/home/elipregerson/nnenum/vnncomp2025_benchmarks/benchmarks/safenlp_2024/vnnlib/ruarobot/hyperrectangle_2895.vnnlib,.006325178,sat,1.083441187
safenlp_2024,/home/elipregerson/nnenum/vnncomp2025_benchmarks/benchmarks/safenlp_2024/onnx/ruarobot/perturbations_0.onnx,/home/elipregerson/nnenum/vnncomp2025_benchmarks/benchmarks/safenlp_2024/vnnlib/ruarobot/hyperrectangle_4265.vnnlib,.007702800,sat,1.064519126
safenlp_2024,/home/elipregerson/nnenum/vnncomp2025_benchmarks/benchmarks/safenlp_2024/onnx/ruarobot/perturbations_0.onnx,/home/elipregerson/nnenum/vnncomp2025_benchmarks/benchmarks/safenlp_2024/vnnlib/ruarobot/hyperrectangle_5696.vnnlib,.006464367,unsat,3.816627799
safenlp_2024,/home/elipregerson/nnenum/vnncomp2025_benchmarks/benchmarks/safenlp_2024/onnx/ruarobot/perturbations_0.onnx,/home/elipregerson/nnenum/vnncomp2025_benchmarks/benchmarks/safenlp_2024/vnnlib/ruarobot/hyperrectangle_5886.vnnlib,.006180475,sat,.649760005
safenlp_2024,/home/elipregerson/nnenum/vnncomp2025_benchmarks/benchmarks/safenlp_2024/onnx/ruarobot/perturbations_0.onnx,/home/elipregerson/nnenum/vnncomp2025_benchmarks/benchmarks/safenlp_2024/vnnlib/ruarobot/hyperrectangle_7561.vnnlib,.006205944,sat,.659397887
safenlp_2024,/home/elipregerson/nnenum/vnncomp2025_benchmarks/benchmarks/safenlp_2024/onnx/medical/perturbations_0.onnx,/home/elipregerson/nnenum/vnncomp2025_benchmarks/benchmarks/safenlp_2024/vnnlib/medical/hyperrectangle_958.vnnlib,.006236219,sat,.654687170
safenlp_2024,/home/elipregerson/nnenum/vnncomp2025_benchmarks/benchmarks/safenlp_2024/onnx/ruarobot/perturbations_0.onnx,/home/elipregerson/nnenum/vnncomp2025_benchmarks/benchmarks/safenlp_2024/vnnlib/ruarobot/hyperrectangle_1356.vnnlib,.006239000,sat,.787951865
safenlp_2024,/home/elipregerson/nnenum/vnncomp2025_benchmarks/benchmarks/safenlp_2024/onnx/ruarobot/perturbations_0.onnx,/home/elipregerson/nnenum/vnncomp2025_benchmarks/benchmarks/safenlp_2024/vnnlib/ruarobot/hyperrectangle_3285.vnnlib,.006319155,sat,.651808196
safenlp_2024,/home/elipregerson/nnenum/vnncomp2025_benchmarks/benchmarks/safenlp_2024/onnx/ruarobot/perturbations_0.onnx,/home/elipregerson/nnenum/vnncomp2025_benchmarks/benchmarks/safenlp_2024/vnnlib/ruarobot/hyperrectangle_4948.vnnlib,.006192139,sat,.639531440
safenlp_2024,/home/elipregerson/nnenum/vnncomp2025_benchmarks/benchmarks/safenlp_2024/onnx/ruarobot/perturbations_0.onnx,/home/elipregerson/nnenum/vnncomp2025_benchmarks/benchmarks/safenlp_2024/vnnlib/ruarobot/hyperrectangle_3935.vnnlib,.006214138,sat,.641475233
safenlp_2024,/home/elipregerson/nnenum/vnncomp2025_benchmarks/benchmarks/safenlp_2024/onnx/ruarobot/perturbations_0.onnx,/home/elipregerson/nnenum/vnncomp2025_benchmarks/benchmarks/safenlp_2024/vnnlib/ruarobot/hyperrectangle_5962.vnnlib,.006375638,sat,.651696243
safenlp_2024,/home/elipregerson/nnenum/vnncomp2025_benchmarks/benchmarks/safenlp_2024/onnx/ruarobot/perturbations_0.onnx,/home/elipregerson/nnenum/vnncomp2025_benchmarks/benchmarks/safenlp_2024/vnnlib/ruarobot/hyperrectangle_385.vnnlib,.006125683,sat,.646896813
safenlp_2024,/home/elipregerson/nnenum/vnncomp2025_benchmarks/benchmarks/safenlp_2024/onnx/ruarobot/perturbations_0.onnx,/home/elipregerson/nnenum/vnncomp2025_benchmarks/benchmarks/safenlp_2024/vnnlib/ruarobot/hyperrectangle_6277.vnnlib,.006222209,unsat,.819295359
safenlp_2024,/home/elipregerson/nnenum/vnncomp2025_benchmarks/benchmarks/safenlp_2024/onnx/ruarobot/perturbations_0.onnx,/home/elipregerson/nnenum/vnncomp2025_benchmarks/benchmarks/safenlp_2024/vnnlib/ruarobot/hyperrectangle_4870.vnnlib,.006237596,sat,.654199129
safenlp_2024,/home/elipregerson/nnenum/vnncomp2025_benchmarks/benchmarks/safenlp_2024/onnx/ruarobot/perturbations_0.onnx,/home/elipregerson/nnenum/vnncomp2025_benchmarks/benchmarks/safenlp_2024/vnnlib/ruarobot/hyperrectangle_4773.vnnlib,.006199960,unsat,.672694259
safenlp_2024,/home/elipregerson/nnenum/vnncomp2025_benchmarks/benchmarks/safenlp_2024/onnx/ruarobot/perturbations_0.onnx,/home/elipregerson/nnenum/vnncomp2025_benchmarks/benchmarks/safenlp_2024/vnnlib/ruarobot/hyperrectangle_6672.vnnlib,.006204688,sat,.660465882
safenlp_2024,/home/elipregerson/nnenum/vnncomp2025_benchmarks/benchmarks/safenlp_2024/onnx/ruarobot/perturbations_0.onnx,/home/elipregerson/nnenum/vnncomp2025_benchmarks/benchmarks/safenlp_2024/vnnlib/ruarobot/hyperrectangle_2804.vnnlib,.006209271,sat,.642274502
safenlp_2024,/home/elipregerson/nnenum/vnncomp2025_benchmarks/benchmarks/safenlp_2024/onnx/ruarobot/perturbations_0.onnx,/home/elipregerson/nnenum/vnncomp2025_benchmarks/benchmarks/safenlp_2024/vnnlib/ruarobot/hyperrectangle_3333.vnnlib,.006238445,sat,.664833724
safenlp_2024,/home/elipregerson/nnenum/vnncomp2025_benchmarks/benchmarks/safenlp_2024/onnx/ruarobot/perturbations_0.onnx,/home/elipregerson/nnenum/vnncomp2025_benchmarks/benchmarks/safenlp_2024/vnnlib/ruarobot/hyperrectangle_347.vnnlib,.006175852,sat,.651112792
safenlp_2024,/home/elipregerson/nnenum/vnncomp2025_benchmarks/benchmarks/safenlp_2024/onnx/ruarobot/perturbations_0.onnx,/home/elipregerson/nnenum/vnncomp2025_benchmarks/benchmarks/safenlp_2024/vnnlib/ruarobot/hyperrectangle_1534.vnnlib,.006341635,sat,.654644845
safenlp_2024,/home/elipregerson/nnenum/vnncomp2025_benchmarks/benchmarks/safenlp_2024/onnx/medical/perturbations_0.onnx,/home/elipregerson/nnenum/vnncomp2025_benchmarks/benchmarks/safenlp_2024/vnnlib/medical/hyperrectangle_869.vnnlib,.006115455,sat,.659542186
safenlp_2024,/home/elipregerson/nnenum/vnncomp2025_benchmarks/benchmarks/safenlp_2024/onnx/ruarobot/perturbations_0.onnx,/home/elipregerson/nnenum/vnncomp2025_benchmarks/benchmarks/safenlp_2024/vnnlib/ruarobot/hyperrectangle_3036.vnnlib,.006377184,sat,.636671685
safenlp_2024,/home/elipregerson/nnenum/vnncomp2025_benchmarks/benchmarks/safenlp_2024/onnx/ruarobot/perturbations_0.onnx,/home/elipregerson/nnenum/vnncomp2025_benchmarks/benchmarks/safenlp_2024/vnnlib/ruarobot/hyperrectangle_3555.vnnlib,.006193350,timeout,20.572702809
safenlp_2024,/home/elipregerson/nnenum/vnncomp2025_benchmarks/benchmarks/safenlp_2024/onnx/ruarobot/perturbations_0.onnx,/home/elipregerson/nnenum/vnncomp2025_benchmarks/benchmarks/safenlp_2024/vnnlib/ruarobot/hyperrectangle_1420.vnnlib,.005981272,sat,.629872982
safenlp_2024,/home/elipregerson/nnenum/vnncomp2025_benchmarks/benchmarks/safenlp_2024/onnx/ruarobot/perturbations_0.onnx,/home/elipregerson/nnenum/vnncomp2025_benchmarks/benchmarks/safenlp_2024/vnnlib/ruarobot/hyperrectangle_1697.vnnlib,.006008212,sat,.652223211
safenlp_2024,/home/elipregerson/nnenum/vnncomp2025_benchmarks/benchmarks/safenlp_2024/onnx/medical/perturbations_0.onnx,/home/elipregerson/nnenum/vnncomp2025_benchmarks/benchmarks/safenlp_2024/vnnlib/medical/hyperrectangle_841.vnnlib,.006214615,unsat,.598287833
safenlp_2024,/home/elipregerson/nnenum/vnncomp2025_benchmarks/benchmarks/safenlp_2024/onnx/medical/perturbations_0.onnx,/home/elipregerson/nnenum/vnncomp2025_benchmarks/benchmarks/safenlp_2024/vnnlib/medical/hyperrectangle_771.vnnlib,.006261058,sat,.651975018
safenlp_2024,/home/elipregerson/nnenum/vnncomp2025_benchmarks/benchmarks/safenlp_2024/onnx/ruarobot/perturbations_0.onnx,/home/elipregerson/nnenum/vnncomp2025_benchmarks/benchmarks/safenlp_2024/vnnlib/ruarobot/hyperrectangle_58.vnnlib,.006180817,sat,.652892303
safenlp_2024,/home/elipregerson/nnenum/vnncomp2025_benchmarks/benchmarks/safenlp_2024/onnx/ruarobot/perturbations_0.onnx,/home/elipregerson/nnenum/vnncomp2025_benchmarks/benchmarks/safenlp_2024/vnnlib/ruarobot/hyperrectangle_6020.vnnlib,.006386799,sat,.658428673
safenlp_2024,/home/elipregerson/nnenum/vnncomp2025_benchmarks/benchmarks/safenlp_2024/onnx/medical/perturbations_0.onnx,/home/elipregerson/nnenum/vnncomp2025_benchmarks/benchmarks/safenlp_2024/vnnlib/medical/hyperrectangle_1748.vnnlib,.006485181,unsat,.589290566
safenlp_2024,/home/elipregerson/nnenum/vnncomp2025_benchmarks/benchmarks/safenlp_2024/onnx/ruarobot/perturbations_0.onnx,/home/elipregerson/nnenum/vnncomp2025_benchmarks/benchmarks/safenlp_2024/vnnlib/ruarobot/hyperrectangle_5001.vnnlib,.006075009,unsat,1.077215922
safenlp_2024,/home/elipregerson/nnenum/vnncomp2025_benchmarks/benchmarks/safenlp_2024/onnx/ruarobot/perturbations_0.onnx,/home/elipregerson/nnenum/vnncomp2025_benchmarks/benchmarks/safenlp_2024/vnnlib/ruarobot/hyperrectangle_1190.vnnlib,.006240411,timeout,20.558298249
safenlp_2024,/home/elipregerson/nnenum/vnncomp2025_benchmarks/benchmarks/safenlp_2024/onnx/ruarobot/perturbations_0.onnx,/home/elipregerson/nnenum/vnncomp2025_benchmarks/benchmarks/safenlp_2024/vnnlib/ruarobot/hyperrectangle_6503.vnnlib,.006189943,sat,.641963091
safenlp_2024,/home/elipregerson/nnenum/vnncomp2025_benchmarks/benchmarks/safenlp_2024/onnx/medical/perturbations_0.onnx,/home/elipregerson/nnenum/vnncomp2025_benchmarks/benchmarks/safenlp_2024/vnnlib/medical/hyperrectangle_59.vnnlib,.006123127,unsat,.602164516
safenlp_2024,/home/elipregerson/nnenum/vnncomp2025_benchmarks/benchmarks/safenlp_2024/onnx/ruarobot/perturbations_0.onnx,/home/elipregerson/nnenum/vnncomp2025_benchmarks/benchmarks/safenlp_2024/vnnlib/ruarobot/hyperrectangle_3702.vnnlib,.006175867,sat,.644562485
safenlp_2024,/home/elipregerson/nnenum/vnncomp2025_benchmarks/benchmarks/safenlp_2024/onnx/ruarobot/perturbations_0.onnx,/home/elipregerson/nnenum/vnncomp2025_benchmarks/benchmarks/safenlp_2024/vnnlib/ruarobot/hyperrectangle_2820.vnnlib,.007591949,unsat,1.987281185
safenlp_2024,/home/elipregerson/nnenum/vnncomp2025_benchmarks/benchmarks/safenlp_2024/onnx/ruarobot/perturbations_0.onnx,/home/elipregerson/nnenum/vnncomp2025_benchmarks/benchmarks/safenlp_2024/vnnlib/ruarobot/hyperrectangle_7750.vnnlib,.006340771,sat,.646475933
safenlp_2024,/home/elipregerson/nnenum/vnncomp2025_benchmarks/benchmarks/safenlp_2024/onnx/ruarobot/perturbations_0.onnx,/home/elipregerson/nnenum/vnncomp2025_benchmarks/benchmarks/safenlp_2024/vnnlib/ruarobot/hyperrectangle_1215.vnnlib,.006181978,sat,.650756614
safenlp_2024,/home/elipregerson/nnenum/vnncomp2025_benchmarks/benchmarks/safenlp_2024/onnx/ruarobot/perturbations_0.onnx,/home/elipregerson/nnenum/vnncomp2025_benchmarks/benchmarks/safenlp_2024/vnnlib/ruarobot/hyperrectangle_2365.vnnlib,.006451513,sat,.661952752
safenlp_2024,/home/elipregerson/nnenum/vnncomp2025_benchmarks/benchmarks/safenlp_2024/onnx/ruarobot/perturbations_0.onnx,/home/elipregerson/nnenum/vnncomp2025_benchmarks/benchmarks/safenlp_2024/vnnlib/ruarobot/hyperrectangle_4630.vnnlib,.006114879,sat,.636175605
safenlp_2024,/home/elipregerson/nnenum/vnncomp2025_benchmarks/benchmarks/safenlp_2024/onnx/ruarobot/perturbations_0.onnx,/home/elipregerson/nnenum/vnncomp2025_benchmarks/benchmarks/safenlp_2024/vnnlib/ruarobot/hyperrectangle_5063.vnnlib,.006142502,sat,.652214926
safenlp_2024,/home/elipregerson/nnenum/vnncomp2025_benchmarks/benchmarks/safenlp_2024/onnx/ruarobot/perturbations_0.onnx,/home/elipregerson/nnenum/vnncomp2025_benchmarks/benchmarks/safenlp_2024/vnnlib/ruarobot/hyperrectangle_3188.vnnlib,.006292910,sat,.650469072
safenlp_2024,/home/elipregerson/nnenum/vnncomp2025_benchmarks/benchmarks/safenlp_2024/onnx/ruarobot/perturbations_0.onnx,/home/elipregerson/nnenum/vnncomp2025_benchmarks/benchmarks/safenlp_2024/vnnlib/ruarobot/hyperrectangle_5457.vnnlib,.006362495,sat,.638616677
safenlp_2024,/home/elipregerson/nnenum/vnncomp2025_benchmarks/benchmarks/safenlp_2024/onnx/ruarobot/perturbations_0.onnx,/home/elipregerson/nnenum/vnncomp2025_benchmarks/benchmarks/safenlp_2024/vnnlib/ruarobot/hyperrectangle_7476.vnnlib,.006305569,unsat,.598341191
safenlp_2024,/home/elipregerson/nnenum/vnncomp2025_benchmarks/benchmarks/safenlp_2024/onnx/ruarobot/perturbations_0.onnx,/home/elipregerson/nnenum/vnncomp2025_benchmarks/benchmarks/safenlp_2024/vnnlib/ruarobot/hyperrectangle_3222.vnnlib,.006308886,sat,.644467654
safenlp_2024,/home/elipregerson/nnenum/vnncomp2025_benchmarks/benchmarks/safenlp_2024/onnx/ruarobot/perturbations_0.onnx,/home/elipregerson/nnenum/vnncomp2025_benchmarks/benchmarks/safenlp_2024/vnnlib/ruarobot/hyperrectangle_1064.vnnlib,.006465040,sat,.654481215
safenlp_2024,/home/elipregerson/nnenum/vnncomp2025_benchmarks/benchmarks/safenlp_2024/onnx/ruarobot/perturbations_0.onnx,/home/elipregerson/nnenum/vnncomp2025_benchmarks/benchmarks/safenlp_2024/vnnlib/ruarobot/hyperrectangle_5293.vnnlib,.007239281,sat,.639729663
safenlp_2024,/home/elipregerson/nnenum/vnncomp2025_benchmarks/benchmarks/safenlp_2024/onnx/ruarobot/perturbations_0.onnx,/home/elipregerson/nnenum/vnncomp2025_benchmarks/benchmarks/safenlp_2024/vnnlib/ruarobot/hyperrectangle_5643.vnnlib,.005956454,sat,.653005603
safenlp_2024,/home/elipregerson/nnenum/vnncomp2025_benchmarks/benchmarks/safenlp_2024/onnx/ruarobot/perturbations_0.onnx,/home/elipregerson/nnenum/vnncomp2025_benchmarks/benchmarks/safenlp_2024/vnnlib/ruarobot/hyperrectangle_6743.vnnlib,.006136686,sat,.652366767
safenlp_2024,/home/elipregerson/nnenum/vnncomp2025_benchmarks/benchmarks/safenlp_2024/onnx/medical/perturbations_0.onnx,/home/elipregerson/nnenum/vnncomp2025_benchmarks/benchmarks/safenlp_2024/vnnlib/medical/hyperrectangle_1047.vnnlib,.006514364,unsat,.616550276
safenlp_2024,/home/elipregerson/nnenum/vnncomp2025_benchmarks/benchmarks/safenlp_2024/onnx/ruarobot/perturbations_0.onnx,/home/elipregerson/nnenum/vnncomp2025_benchmarks/benchmarks/safenlp_2024/vnnlib/ruarobot/hyperrectangle_4958.vnnlib,.006517125,sat,.644071722
safenlp_2024,/home/elipregerson/nnenum/vnncomp2025_benchmarks/benchmarks/safenlp_2024/onnx/ruarobot/perturbations_0.onnx,/home/elipregerson/nnenum/vnncomp2025_benchmarks/benchmarks/safenlp_2024/vnnlib/ruarobot/hyperrectangle_7443.vnnlib,.006156483,sat,.636943469
safenlp_2024,/home/elipregerson/nnenum/vnncomp2025_benchmarks/benchmarks/safenlp_2024/onnx/medical/perturbations_0.onnx,/home/elipregerson/nnenum/vnncomp2025_benchmarks/benchmarks/safenlp_2024/vnnlib/medical/hyperrectangle_2698.vnnlib,.006734409,unsat,.993261162
safenlp_2024,/home/elipregerson/nnenum/vnncomp2025_benchmarks/benchmarks/safenlp_2024/onnx/medical/perturbations_0.onnx,/home/elipregerson/nnenum/vnncomp2025_benchmarks/benchmarks/safenlp_2024/vnnlib/medical/hyperrectangle_1215.vnnlib,.006461570,unsat,.603512100
safenlp_2024,/home/elipregerson/nnenum/vnncomp2025_benchmarks/benchmarks/safenlp_2024/onnx/medical/perturbations_0.onnx,/home/elipregerson/nnenum/vnncomp2025_benchmarks/benchmarks/safenlp_2024/vnnlib/medical/hyperrectangle_2322.vnnlib,.006127925,unsat,.936771721
safenlp_2024,/home/elipregerson/nnenum/vnncomp2025_benchmarks/benchmarks/safenlp_2024/onnx/ruarobot/perturbations_0.onnx,/home/elipregerson/nnenum/vnncomp2025_benchmarks/benchmarks/safenlp_2024/vnnlib/ruarobot/hyperrectangle_1219.vnnlib,.006318336,sat,.657020921
safenlp_2024,/home/elipregerson/nnenum/vnncomp2025_benchmarks/benchmarks/safenlp_2024/onnx/ruarobot/perturbations_0.onnx,/home/elipregerson/nnenum/vnncomp2025_benchmarks/benchmarks/safenlp_2024/vnnlib/ruarobot/hyperrectangle_5519.vnnlib,.006311608,sat,.609380540
safenlp_2024,/home/elipregerson/nnenum/vnncomp2025_benchmarks/benchmarks/safenlp_2024/onnx/medical/perturbations_0.onnx,/home/elipregerson/nnenum/vnncomp2025_benchmarks/benchmarks/safenlp_2024/vnnlib/medical/hyperrectangle_586.vnnlib,.006463267,unsat,.596505474
safenlp_2024,/home/elipregerson/nnenum/vnncomp2025_benchmarks/benchmarks/safenlp_2024/onnx/ruarobot/perturbations_0.onnx,/home/elipregerson/nnenum/vnncomp2025_benchmarks/benchmarks/safenlp_2024/vnnlib/ruarobot/hyperrectangle_6937.vnnlib,.006183713,unsat,1.034960905
safenlp_2024,/home/elipregerson/nnenum/vnncomp2025_benchmarks/benchmarks/safenlp_2024/onnx/medical/perturbations_0.onnx,/home/elipregerson/nnenum/vnncomp2025_benchmarks/benchmarks/safenlp_2024/vnnlib/medical/hyperrectangle_642.vnnlib,.006209675,unsat,.605216830
safenlp_2024,/home/elipregerson/nnenum/vnncomp2025_benchmarks/benchmarks/safenlp_2024/onnx/medical/perturbations_0.onnx,/home/elipregerson/nnenum/vnncomp2025_benchmarks/benchmarks/safenlp_2024/vnnlib/medical/hyperrectangle_866.vnnlib,.006130774,unsat,9.544628959
safenlp_2024,/home/elipregerson/nnenum/vnncomp2025_benchmarks/benchmarks/safenlp_2024/onnx/medical/perturbations_0.onnx,/home/elipregerson/nnenum/vnncomp2025_benchmarks/benchmarks/safenlp_2024/vnnlib/medical/hyperrectangle_2847.vnnlib,.008170224,unsat,1.522675576
safenlp_2024,/home/elipregerson/nnenum/vnncomp2025_benchmarks/benchmarks/safenlp_2024/onnx/ruarobot/perturbations_0.onnx,/home/elipregerson/nnenum/vnncomp2025_benchmarks/benchmarks/safenlp_2024/vnnlib/ruarobot/hyperrectangle_7767.vnnlib,.008205045,sat,.878854450
safenlp_2024,/home/elipregerson/nnenum/vnncomp2025_benchmarks/benchmarks/safenlp_2024/onnx/ruarobot/perturbations_0.onnx,/home/elipregerson/nnenum/vnncomp2025_benchmarks/benchmarks/safenlp_2024/vnnlib/ruarobot/hyperrectangle_777.vnnlib,.011131581,sat,.785692015
safenlp_2024,/home/elipregerson/nnenum/vnncomp2025_benchmarks/benchmarks/safenlp_2024/onnx/medical/perturbations_0.onnx,/home/elipregerson/nnenum/vnncomp2025_benchmarks/benchmarks/safenlp_2024/vnnlib/medical/hyperrectangle_1869.vnnlib,.007696988,unsat,2.934505674
safenlp_2024,/home/elipregerson/nnenum/vnncomp2025_benchmarks/benchmarks/safenlp_2024/onnx/ruarobot/perturbations_0.onnx,/home/elipregerson/nnenum/vnncomp2025_benchmarks/benchmarks/safenlp_2024/vnnlib/ruarobot/hyperrectangle_1477.vnnlib,.006162046,timeout,20.583044535
safenlp_2024,/home/elipregerson/nnenum/vnncomp2025_benchmarks/benchmarks/safenlp_2024/onnx/medical/perturbations_0.onnx,/home/elipregerson/nnenum/vnncomp2025_benchmarks/benchmarks/safenlp_2024/vnnlib/medical/hyperrectangle_2557.vnnlib,.009742256,unsat,1.093319535
safenlp_2024,/home/elipregerson/nnenum/vnncomp2025_benchmarks/benchmarks/safenlp_2024/onnx/ruarobot/perturbations_0.onnx,/home/elipregerson/nnenum/vnncomp2025_benchmarks/benchmarks/safenlp_2024/vnnlib/ruarobot/hyperrectangle_7695.vnnlib,.008199857,sat,.880241406
safenlp_2024,/home/elipregerson/nnenum/vnncomp2025_benchmarks/benchmarks/safenlp_2024/onnx/medical/perturbations_0.onnx,/home/elipregerson/nnenum/vnncomp2025_benchmarks/benchmarks/safenlp_2024/vnnlib/medical/hyperrectangle_2680.vnnlib,.008425955,sat,.878492016
safenlp_2024,/home/elipregerson/nnenum/vnncomp2025_benchmarks/benchmarks/safenlp_2024/onnx/ruarobot/perturbations_0.onnx,/home/elipregerson/nnenum/vnncomp2025_benchmarks/benchmarks/safenlp_2024/vnnlib/ruarobot/hyperrectangle_4459.vnnlib,.008061100,sat,.721447132
safenlp_2024,/home/elipregerson/nnenum/vnncomp2025_benchmarks/benchmarks/safenlp_2024/onnx/ruarobot/perturbations_0.onnx,/home/elipregerson/nnenum/vnncomp2025_benchmarks/benchmarks/safenlp_2024/vnnlib/ruarobot/hyperrectangle_7865.vnnlib,.006235833,sat,.598057262
safenlp_2024,/home/elipregerson/nnenum/vnncomp2025_benchmarks/benchmarks/safenlp_2024/onnx/ruarobot/perturbations_0.onnx,/home/elipregerson/nnenum/vnncomp2025_benchmarks/benchmarks/safenlp_2024/vnnlib/ruarobot/hyperrectangle_1890.vnnlib,.006309132,sat,.649549602
safenlp_2024,/home/elipregerson/nnenum/vnncomp2025_benchmarks/benchmarks/safenlp_2024/onnx/ruarobot/perturbations_0.onnx,/home/elipregerson/nnenum/vnncomp2025_benchmarks/benchmarks/safenlp_2024/vnnlib/ruarobot/hyperrectangle_4123.vnnlib,.006338285,sat,.649902279
safenlp_2024,/home/elipregerson/nnenum/vnncomp2025_benchmarks/benchmarks/safenlp_2024/onnx/ruarobot/perturbations_0.onnx,/home/elipregerson/nnenum/vnncomp2025_benchmarks/benchmarks/safenlp_2024/vnnlib/ruarobot/hyperrectangle_1808.vnnlib,.006602547,sat,.649351122
safenlp_2024,/home/elipregerson/nnenum/vnncomp2025_benchmarks/benchmarks/safenlp_2024/onnx/ruarobot/perturbations_0.onnx,/home/elipregerson/nnenum/vnncomp2025_benchmarks/benchmarks/safenlp_2024/vnnlib/ruarobot/hyperrectangle_2363.vnnlib,.006216381,sat,.641902270
safenlp_2024,/home/elipregerson/nnenum/vnncomp2025_benchmarks/benchmarks/safenlp_2024/onnx/medical/perturbations_0.onnx,/home/elipregerson/nnenum/vnncomp2025_benchmarks/benchmarks/safenlp_2024/vnnlib/medical/hyperrectangle_14.vnnlib,.006495394,sat,.656451104
safenlp_2024,/home/elipregerson/nnenum/vnncomp2025_benchmarks/benchmarks/safenlp_2024/onnx/ruarobot/perturbations_0.onnx,/home/elipregerson/nnenum/vnncomp2025_benchmarks/benchmarks/safenlp_2024/vnnlib/ruarobot/hyperrectangle_2068.vnnlib,.006485089,timeout,20.575660829
safenlp_2024,/home/elipregerson/nnenum/vnncomp2025_benchmarks/benchmarks/safenlp_2024/onnx/medical/perturbations_0.onnx,/home/elipregerson/nnenum/vnncomp2025_benchmarks/benchmarks/safenlp_2024/vnnlib/medical/hyperrectangle_839.vnnlib,.013184051,unsat,.621625116
safenlp_2024,/home/elipregerson/nnenum/vnncomp2025_benchmarks/benchmarks/safenlp_2024/onnx/ruarobot/perturbations_0.onnx,/home/elipregerson/nnenum/vnncomp2025_benchmarks/benchmarks/safenlp_2024/vnnlib/ruarobot/hyperrectangle_959.vnnlib,.006375313,sat,.650554577
safenlp_2024,/home/elipregerson/nnenum/vnncomp2025_benchmarks/benchmarks/safenlp_2024/onnx/ruarobot/perturbations_0.onnx,/home/elipregerson/nnenum/vnncomp2025_benchmarks/benchmarks/safenlp_2024/vnnlib/ruarobot/hyperrectangle_5155.vnnlib,.006378985,sat,.636377791
safenlp_2024,/home/elipregerson/nnenum/vnncomp2025_benchmarks/benchmarks/safenlp_2024/onnx/medical/perturbations_0.onnx,/home/elipregerson/nnenum/vnncomp2025_benchmarks/benchmarks/safenlp_2024/vnnlib/medical/hyperrectangle_1739.vnnlib,.006148649,timeout,20.555758241
safenlp_2024,/home/elipregerson/nnenum/vnncomp2025_benchmarks/benchmarks/safenlp_2024/onnx/ruarobot/perturbations_0.onnx,/home/elipregerson/nnenum/vnncomp2025_benchmarks/benchmarks/safenlp_2024/vnnlib/ruarobot/hyperrectangle_2734.vnnlib,.006180442,unsat,6.429758700
safenlp_2024,/home/elipregerson/nnenum/vnncomp2025_benchmarks/benchmarks/safenlp_2024/onnx/ruarobot/perturbations_0.onnx,/home/elipregerson/nnenum/vnncomp2025_benchmarks/benchmarks/safenlp_2024/vnnlib/ruarobot/hyperrectangle_4230.vnnlib,.014485625,sat,.892771651
safenlp_2024,/home/elipregerson/nnenum/vnncomp2025_benchmarks/benchmarks/safenlp_2024/onnx/ruarobot/perturbations_0.onnx,/home/elipregerson/nnenum/vnncomp2025_benchmarks/benchmarks/safenlp_2024/vnnlib/ruarobot/hyperrectangle_6377.vnnlib,.011982186,sat,.892825212
safenlp_2024,/home/elipregerson/nnenum/vnncomp2025_benchmarks/benchmarks/safenlp_2024/onnx/ruarobot/perturbations_0.onnx,/home/elipregerson/nnenum/vnncomp2025_benchmarks/benchmarks/safenlp_2024/vnnlib/ruarobot/hyperrectangle_790.vnnlib,.013298974,unsat,1.471623547
safenlp_2024,/home/elipregerson/nnenum/vnncomp2025_benchmarks/benchmarks/safenlp_2024/onnx/ruarobot/perturbations_0.onnx,/home/elipregerson/nnenum/vnncomp2025_benchmarks/benchmarks/safenlp_2024/vnnlib/ruarobot/hyperrectangle_1077.vnnlib,.006048011,sat,.649070019
safenlp_2024,/home/elipregerson/nnenum/vnncomp2025_benchmarks/benchmarks/safenlp_2024/onnx/ruarobot/perturbations_0.onnx,/home/elipregerson/nnenum/vnncomp2025_benchmarks/benchmarks/safenlp_2024/vnnlib/ruarobot/hyperrectangle_2558.vnnlib,.006289952,sat,.642080337
safenlp_2024,/home/elipregerson/nnenum/vnncomp2025_benchmarks/benchmarks/safenlp_2024/onnx/ruarobot/perturbations_0.onnx,/home/elipregerson/nnenum/vnncomp2025_benchmarks/benchmarks/safenlp_2024/vnnlib/ruarobot/hyperrectangle_5573.vnnlib,.007144898,sat,.654334639
safenlp_2024,/home/elipregerson/nnenum/vnncomp2025_benchmarks/benchmarks/safenlp_2024/onnx/ruarobot/perturbations_0.onnx,/home/elipregerson/nnenum/vnncomp2025_benchmarks/benchmarks/safenlp_2024/vnnlib/ruarobot/hyperrectangle_6604.vnnlib,.006213751,sat,.706000239
safenlp_2024,/home/elipregerson/nnenum/vnncomp2025_benchmarks/benchmarks/safenlp_2024/onnx/medical/perturbations_0.onnx,/home/elipregerson/nnenum/vnncomp2025_benchmarks/benchmarks/safenlp_2024/vnnlib/medical/hyperrectangle_2096.vnnlib,.006203216,sat,.635321358
safenlp_2024,/home/elipregerson/nnenum/vnncomp2025_benchmarks/benchmarks/safenlp_2024/onnx/ruarobot/perturbations_0.onnx,/home/elipregerson/nnenum/vnncomp2025_benchmarks/benchmarks/safenlp_2024/vnnlib/ruarobot/hyperrectangle_68.vnnlib,.006115774,sat,.875521859
safenlp_2024,/home/elipregerson/nnenum/vnncomp2025_benchmarks/benchmarks/safenlp_2024/onnx/medical/perturbations_0.onnx,/home/elipregerson/nnenum/vnncomp2025_benchmarks/benchmarks/safenlp_2024/vnnlib/medical/hyperrectangle_2607.vnnlib,.006478777,unsat,1.206956293
safenlp_2024,/home/elipregerson/nnenum/vnncomp2025_benchmarks/benchmarks/safenlp_2024/onnx/ruarobot/perturbations_0.onnx,/home/elipregerson/nnenum/vnncomp2025_benchmarks/benchmarks/safenlp_2024/vnnlib/ruarobot/hyperrectangle_4884.vnnlib,.006342934,unsat,.757762218
safenlp_2024,/home/elipregerson/nnenum/vnncomp2025_benchmarks/benchmarks/safenlp_2024/onnx/ruarobot/perturbations_0.onnx,/home/elipregerson/nnenum/vnncomp2025_benchmarks/benchmarks/safenlp_2024/vnnlib/ruarobot/hyperrectangle_1936.vnnlib,.006306974,sat,.617588677
safenlp_2024,/home/elipregerson/nnenum/vnncomp2025_benchmarks/benchmarks/safenlp_2024/onnx/medical/perturbations_0.onnx,/home/elipregerson/nnenum/vnncomp2025_benchmarks/benchmarks/safenlp_2024/vnnlib/medical/hyperrectangle_2710.vnnlib,.006708438,timeout,20.560198572
safenlp_2024,/home/elipregerson/nnenum/vnncomp2025_benchmarks/benchmarks/safenlp_2024/onnx/medical/perturbations_0.onnx,/home/elipregerson/nnenum/vnncomp2025_benchmarks/benchmarks/safenlp_2024/vnnlib/medical/hyperrectangle_1037.vnnlib,.006112156,unsat,2.278222099
safenlp_2024,/home/elipregerson/nnenum/vnncomp2025_benchmarks/benchmarks/safenlp_2024/onnx/ruarobot/perturbations_0.onnx,/home/elipregerson/nnenum/vnncomp2025_benchmarks/benchmarks/safenlp_2024/vnnlib/ruarobot/hyperrectangle_6373.vnnlib,.006470372,sat,.651003129
safenlp_2024,/home/elipregerson/nnenum/vnncomp2025_benchmarks/benchmarks/safenlp_2024/onnx/ruarobot/perturbations_0.onnx,/home/elipregerson/nnenum/vnncomp2025_benchmarks/benchmarks/safenlp_2024/vnnlib/ruarobot/hyperrectangle_7467.vnnlib,.006417926,sat,.651728804
safenlp_2024,/home/elipregerson/nnenum/vnncomp2025_benchmarks/benchmarks/safenlp_2024/onnx/ruarobot/perturbations_0.onnx,/home/elipregerson/nnenum/vnncomp2025_benchmarks/benchmarks/safenlp_2024/vnnlib/ruarobot/hyperrectangle_2259.vnnlib,.006170871,sat,.667216081
safenlp_2024,/home/elipregerson/nnenum/vnncomp2025_benchmarks/benchmarks/safenlp_2024/onnx/ruarobot/perturbations_0.onnx,/home/elipregerson/nnenum/vnncomp2025_benchmarks/benchmarks/safenlp_2024/vnnlib/ruarobot/hyperrectangle_4496.vnnlib,.006401771,timeout,20.566548608
safenlp_2024,/home/elipregerson/nnenum/vnncomp2025_benchmarks/benchmarks/safenlp_2024/onnx/ruarobot/perturbations_0.onnx,/home/elipregerson/nnenum/vnncomp2025_benchmarks/benchmarks/safenlp_2024/vnnlib/ruarobot/hyperrectangle_3316.vnnlib,.006327183,sat,.649380904
safenlp_2024,/home/elipregerson/nnenum/vnncomp2025_benchmarks/benchmarks/safenlp_2024/onnx/medical/perturbations_0.onnx,/home/elipregerson/nnenum/vnncomp2025_benchmarks/benchmarks/safenlp_2024/vnnlib/medical/hyperrectangle_267.vnnlib,.006586049,unsat,6.003686855
safenlp_2024,/home/elipregerson/nnenum/vnncomp2025_benchmarks/benchmarks/safenlp_2024/onnx/medical/perturbations_0.onnx,/home/elipregerson/nnenum/vnncomp2025_benchmarks/benchmarks/safenlp_2024/vnnlib/medical/hyperrectangle_672.vnnlib,.009318539,timeout,20.776928960
safenlp_2024,/home/elipregerson/nnenum/vnncomp2025_benchmarks/benchmarks/safenlp_2024/onnx/ruarobot/perturbations_0.onnx,/home/elipregerson/nnenum/vnncomp2025_benchmarks/benchmarks/safenlp_2024/vnnlib/ruarobot/hyperrectangle_6215.vnnlib,.008229724,sat,.901286757
safenlp_2024,/home/elipregerson/nnenum/vnncomp2025_benchmarks/benchmarks/safenlp_2024/onnx/ruarobot/perturbations_0.onnx,/home/elipregerson/nnenum/vnncomp2025_benchmarks/benchmarks/safenlp_2024/vnnlib/ruarobot/hyperrectangle_1521.vnnlib,.008194913,sat,.873662795
safenlp_2024,/home/elipregerson/nnenum/vnncomp2025_benchmarks/benchmarks/safenlp_2024/onnx/ruarobot/perturbations_0.onnx,/home/elipregerson/nnenum/vnncomp2025_benchmarks/benchmarks/safenlp_2024/vnnlib/ruarobot/hyperrectangle_626.vnnlib,.010002479,unsat,1.024994960
safenlp_2024,/home/elipregerson/nnenum/vnncomp2025_benchmarks/benchmarks/safenlp_2024/onnx/ruarobot/perturbations_0.onnx,/home/elipregerson/nnenum/vnncomp2025_benchmarks/benchmarks/safenlp_2024/vnnlib/ruarobot/hyperrectangle_5024.vnnlib,.006506548,sat,.655938560
safenlp_2024,/home/elipregerson/nnenum/vnncomp2025_benchmarks/benchmarks/safenlp_2024/onnx/ruarobot/perturbations_0.onnx,/home/elipregerson/nnenum/vnncomp2025_benchmarks/benchmarks/safenlp_2024/vnnlib/ruarobot/hyperrectangle_5134.vnnlib,.006548543,sat,.657675676
safenlp_2024,/home/elipregerson/nnenum/vnncomp2025_benchmarks/benchmarks/safenlp_2024/onnx/medical/perturbations_0.onnx,/home/elipregerson/nnenum/vnncomp2025_benchmarks/benchmarks/safenlp_2024/vnnlib/medical/hyperrectangle_1993.vnnlib,.006174851,unsat,.600638694
safenlp_2024,/home/elipregerson/nnenum/vnncomp2025_benchmarks/benchmarks/safenlp_2024/onnx/ruarobot/perturbations_0.onnx,/home/elipregerson/nnenum/vnncomp2025_benchmarks/benchmarks/safenlp_2024/vnnlib/ruarobot/hyperrectangle_5980.vnnlib,.007587217,sat,.641616381
safenlp_2024,/home/elipregerson/nnenum/vnncomp2025_benchmarks/benchmarks/safenlp_2024/onnx/ruarobot/perturbations_0.onnx,/home/elipregerson/nnenum/vnncomp2025_benchmarks/benchmarks/safenlp_2024/vnnlib/ruarobot/hyperrectangle_6430.vnnlib,.006466501,sat,.767216612
safenlp_2024,/home/elipregerson/nnenum/vnncomp2025_benchmarks/benchmarks/safenlp_2024/onnx/ruarobot/perturbations_0.onnx,/home/elipregerson/nnenum/vnncomp2025_benchmarks/benchmarks/safenlp_2024/vnnlib/ruarobot/hyperrectangle_477.vnnlib,.006236841,sat,.644201657
safenlp_2024,/home/elipregerson/nnenum/vnncomp2025_benchmarks/benchmarks/safenlp_2024/onnx/ruarobot/perturbations_0.onnx,/home/elipregerson/nnenum/vnncomp2025_benchmarks/benchmarks/safenlp_2024/vnnlib/ruarobot/hyperrectangle_5317.vnnlib,.006375161,sat,.651761799
safenlp_2024,/home/elipregerson/nnenum/vnncomp2025_benchmarks/benchmarks/safenlp_2024/onnx/ruarobot/perturbations_0.onnx,/home/elipregerson/nnenum/vnncomp2025_benchmarks/benchmarks/safenlp_2024/vnnlib/ruarobot/hyperrectangle_3259.vnnlib,.006186479,timeout,20.583059559
safenlp_2024,/home/elipregerson/nnenum/vnncomp2025_benchmarks/benchmarks/safenlp_2024/onnx/ruarobot/perturbations_0.onnx,/home/elipregerson/nnenum/vnncomp2025_benchmarks/benchmarks/safenlp_2024/vnnlib/ruarobot/hyperrectangle_7735.vnnlib,.008252299,sat,.650853442
safenlp_2024,/home/elipregerson/nnenum/vnncomp2025_benchmarks/benchmarks/safenlp_2024/onnx/ruarobot/perturbations_0.onnx,/home/elipregerson/nnenum/vnncomp2025_benchmarks/benchmarks/safenlp_2024/vnnlib/ruarobot/hyperrectangle_2784.vnnlib,.006461472,sat,.644653412
safenlp_2024,/home/elipregerson/nnenum/vnncomp2025_benchmarks/benchmarks/safenlp_2024/onnx/ruarobot/perturbations_0.onnx,/home/elipregerson/nnenum/vnncomp2025_benchmarks/benchmarks/safenlp_2024/vnnlib/ruarobot/hyperrectangle_2697.vnnlib,.006236886,sat,.649186508
safenlp_2024,/home/elipregerson/nnenum/vnncomp2025_benchmarks/benchmarks/safenlp_2024/onnx/medical/perturbations_0.onnx,/home/elipregerson/nnenum/vnncomp2025_benchmarks/benchmarks/safenlp_2024/vnnlib/medical/hyperrectangle_2101.vnnlib,.006364194,timeout,20.567196341
safenlp_2024,/home/elipregerson/nnenum/vnncomp2025_benchmarks/benchmarks/safenlp_2024/onnx/ruarobot/perturbations_0.onnx,/home/elipregerson/nnenum/vnncomp2025_benchmarks/benchmarks/safenlp_2024/vnnlib/ruarobot/hyperrectangle_3016.vnnlib,.006136907,sat,.645394343
safenlp_2024,/home/elipregerson/nnenum/vnncomp2025_benchmarks/benchmarks/safenlp_2024/onnx/ruarobot/perturbations_0.onnx,/home/elipregerson/nnenum/vnncomp2025_benchmarks/benchmarks/safenlp_2024/vnnlib/ruarobot/hyperrectangle_6536.vnnlib,.006207586,sat,.644169475
safenlp_2024,/home/elipregerson/nnenum/vnncomp2025_benchmarks/benchmarks/safenlp_2024/onnx/ruarobot/perturbations_0.onnx,/home/elipregerson/nnenum/vnncomp2025_benchmarks/benchmarks/safenlp_2024/vnnlib/ruarobot/hyperrectangle_7578.vnnlib,.006330311,sat,.648211619
safenlp_2024,/home/elipregerson/nnenum/vnncomp2025_benchmarks/benchmarks/safenlp_2024/onnx/ruarobot/perturbations_0.onnx,/home/elipregerson/nnenum/vnncomp2025_benchmarks/benchmarks/safenlp_2024/vnnlib/ruarobot/hyperrectangle_3654.vnnlib,.006200559,sat,.652053516
safenlp_2024,/home/elipregerson/nnenum/vnncomp2025_benchmarks/benchmarks/safenlp_2024/onnx/ruarobot/perturbations_0.onnx,/home/elipregerson/nnenum/vnncomp2025_benchmarks/benchmarks/safenlp_2024/vnnlib/ruarobot/hyperrectangle_5526.vnnlib,.006543069,unsat,1.267987545
safenlp_2024,/home/elipregerson/nnenum/vnncomp2025_benchmarks/benchmarks/safenlp_2024/onnx/ruarobot/perturbations_0.onnx,/home/elipregerson/nnenum/vnncomp2025_benchmarks/benchmarks/safenlp_2024/vnnlib/ruarobot/hyperrectangle_1608.vnnlib,.006094714,unsat,1.765653978
safenlp_2024,/home/elipregerson/nnenum/vnncomp2025_benchmarks/benchmarks/safenlp_2024/onnx/ruarobot/perturbations_0.onnx,/home/elipregerson/nnenum/vnncomp2025_benchmarks/benchmarks/safenlp_2024/vnnlib/ruarobot/hyperrectangle_1923.vnnlib,.006244257,unsat,.651067255
safenlp_2024,/home/elipregerson/nnenum/vnncomp2025_benchmarks/benchmarks/safenlp_2024/onnx/ruarobot/perturbations_0.onnx,/home/elipregerson/nnenum/vnncomp2025_benchmarks/benchmarks/safenlp_2024/vnnlib/ruarobot/hyperrectangle_2744.vnnlib,.006258764,sat,.652209054
safenlp_2024,/home/elipregerson/nnenum/vnncomp2025_benchmarks/benchmarks/safenlp_2024/onnx/ruarobot/perturbations_0.onnx,/home/elipregerson/nnenum/vnncomp2025_benchmarks/benchmarks/safenlp_2024/vnnlib/ruarobot/hyperrectangle_929.vnnlib,.006420395,sat,.638161657
safenlp_2024,/home/elipregerson/nnenum/vnncomp2025_benchmarks/benchmarks/safenlp_2024/onnx/ruarobot/perturbations_0.onnx,/home/elipregerson/nnenum/vnncomp2025_benchmarks/benchmarks/safenlp_2024/vnnlib/ruarobot/hyperrectangle_5265.vnnlib,.006487535,sat,.711565525
safenlp_2024,/home/elipregerson/nnenum/vnncomp2025_benchmarks/benchmarks/safenlp_2024/onnx/medical/perturbations_0.onnx,/home/elipregerson/nnenum/vnncomp2025_benchmarks/benchmarks/safenlp_2024/vnnlib/medical/hyperrectangle_1506.vnnlib,.006211795,unsat,.595313856
safenlp_2024,/home/elipregerson/nnenum/vnncomp2025_benchmarks/benchmarks/safenlp_2024/onnx/ruarobot/perturbations_0.onnx,/home/elipregerson/nnenum/vnncomp2025_benchmarks/benchmarks/safenlp_2024/vnnlib/ruarobot/hyperrectangle_3154.vnnlib,.006158960,sat,.647382488
safenlp_2024,/home/elipregerson/nnenum/vnncomp2025_benchmarks/benchmarks/safenlp_2024/onnx/ruarobot/perturbations_0.onnx,/home/elipregerson/nnenum/vnncomp2025_benchmarks/benchmarks/safenlp_2024/vnnlib/ruarobot/hyperrectangle_2203.vnnlib,.006278448,sat,.644877194
safenlp_2024,/home/elipregerson/nnenum/vnncomp2025_benchmarks/benchmarks/safenlp_2024/onnx/ruarobot/perturbations_0.onnx,/home/elipregerson/nnenum/vnncomp2025_benchmarks/benchmarks/safenlp_2024/vnnlib/ruarobot/hyperrectangle_3653.vnnlib,.006162065,sat,.666921410
safenlp_2024,/home/elipregerson/nnenum/vnncomp2025_benchmarks/benchmarks/safenlp_2024/onnx/ruarobot/perturbations_0.onnx,/home/elipregerson/nnenum/vnncomp2025_benchmarks/benchmarks/safenlp_2024/vnnlib/ruarobot/hyperrectangle_4061.vnnlib,.006220858,timeout,20.562696603
safenlp_2024,/home/elipregerson/nnenum/vnncomp2025_benchmarks/benchmarks/safenlp_2024/onnx/ruarobot/perturbations_0.onnx,/home/elipregerson/nnenum/vnncomp2025_benchmarks/benchmarks/safenlp_2024/vnnlib/ruarobot/hyperrectangle_6049.vnnlib,.006252150,sat,.644829025
safenlp_2024,/home/elipregerson/nnenum/vnncomp2025_benchmarks/benchmarks/safenlp_2024/onnx/ruarobot/perturbations_0.onnx,/home/elipregerson/nnenum/vnncomp2025_benchmarks/benchmarks/safenlp_2024/vnnlib/ruarobot/hyperrectangle_3529.vnnlib,.006396730,sat,.640787570
safenlp_2024,/home/elipregerson/nnenum/vnncomp2025_benchmarks/benchmarks/safenlp_2024/onnx/ruarobot/perturbations_0.onnx,/home/elipregerson/nnenum/vnncomp2025_benchmarks/benchmarks/safenlp_2024/vnnlib/ruarobot/hyperrectangle_2395.vnnlib,.006163290,sat,.648829336
safenlp_2024,/home/elipregerson/nnenum/vnncomp2025_benchmarks/benchmarks/safenlp_2024/onnx/ruarobot/perturbations_0.onnx,/home/elipregerson/nnenum/vnncomp2025_benchmarks/benchmarks/safenlp_2024/vnnlib/ruarobot/hyperrectangle_6058.vnnlib,.006396968,timeout,20.562739634
safenlp_2024,/home/elipregerson/nnenum/vnncomp2025_benchmarks/benchmarks/safenlp_2024/onnx/ruarobot/perturbations_0.onnx,/home/elipregerson/nnenum/vnncomp2025_benchmarks/benchmarks/safenlp_2024/vnnlib/ruarobot/hyperrectangle_7633.vnnlib,.005986575,sat,.644057392
safenlp_2024,/home/elipregerson/nnenum/vnncomp2025_benchmarks/benchmarks/safenlp_2024/onnx/ruarobot/perturbations_0.onnx,/home/elipregerson/nnenum/vnncomp2025_benchmarks/benchmarks/safenlp_2024/vnnlib/ruarobot/hyperrectangle_999.vnnlib,.006237761,sat,.640276171
safenlp_2024,/home/elipregerson/nnenum/vnncomp2025_benchmarks/benchmarks/safenlp_2024/onnx/ruarobot/perturbations_0.onnx,/home/elipregerson/nnenum/vnncomp2025_benchmarks/benchmarks/safenlp_2024/vnnlib/ruarobot/hyperrectangle_5237.vnnlib,.006449650,sat,.640959952
safenlp_2024,/home/elipregerson/nnenum/vnncomp2025_benchmarks/benchmarks/safenlp_2024/onnx/ruarobot/perturbations_0.onnx,/home/elipregerson/nnenum/vnncomp2025_benchmarks/benchmarks/safenlp_2024/vnnlib/ruarobot/hyperrectangle_7616.vnnlib,.006413426,sat,.665019791
safenlp_2024,/home/elipregerson/nnenum/vnncomp2025_benchmarks/benchmarks/safenlp_2024/onnx/ruarobot/perturbations_0.onnx,/home/elipregerson/nnenum/vnncomp2025_benchmarks/benchmarks/safenlp_2024/vnnlib/ruarobot/hyperrectangle_2787.vnnlib,.006381970,sat,.667442902
safenlp_2024,/home/elipregerson/nnenum/vnncomp2025_benchmarks/benchmarks/safenlp_2024/onnx/ruarobot/perturbations_0.onnx,/home/elipregerson/nnenum/vnncomp2025_benchmarks/benchmarks/safenlp_2024/vnnlib/ruarobot/hyperrectangle_2533.vnnlib,.006335353,sat,.648184155
safenlp_2024,/home/elipregerson/nnenum/vnncomp2025_benchmarks/benchmarks/safenlp_2024/onnx/medical/perturbations_0.onnx,/home/elipregerson/nnenum/vnncomp2025_benchmarks/benchmarks/safenlp_2024/vnnlib/medical/hyperrectangle_2168.vnnlib,.006262583,unsat,1.054808732
safenlp_2024,/home/elipregerson/nnenum/vnncomp2025_benchmarks/benchmarks/safenlp_2024/onnx/ruarobot/perturbations_0.onnx,/home/elipregerson/nnenum/vnncomp2025_benchmarks/benchmarks/safenlp_2024/vnnlib/ruarobot/hyperrectangle_5128.vnnlib,.006231678,sat,.642347469
safenlp_2024,/home/elipregerson/nnenum/vnncomp2025_benchmarks/benchmarks/safenlp_2024/onnx/medical/perturbations_0.onnx,/home/elipregerson/nnenum/vnncomp2025_benchmarks/benchmarks/safenlp_2024/vnnlib/medical/hyperrectangle_2868.vnnlib,.006332748,sat,.636652431
safenlp_2024,/home/elipregerson/nnenum/vnncomp2025_benchmarks/benchmarks/safenlp_2024/onnx/ruarobot/perturbations_0.onnx,/home/elipregerson/nnenum/vnncomp2025_benchmarks/benchmarks/safenlp_2024/vnnlib/ruarobot/hyperrectangle_3719.vnnlib,.006196012,sat,.652520456
safenlp_2024,/home/elipregerson/nnenum/vnncomp2025_benchmarks/benchmarks/safenlp_2024/onnx/medical/perturbations_0.onnx,/home/elipregerson/nnenum/vnncomp2025_benchmarks/benchmarks/safenlp_2024/vnnlib/medical/hyperrectangle_944.vnnlib,.006072309,unsat,.594005556
safenlp_2024,/home/elipregerson/nnenum/vnncomp2025_benchmarks/benchmarks/safenlp_2024/onnx/medical/perturbations_0.onnx,/home/elipregerson/nnenum/vnncomp2025_benchmarks/benchmarks/safenlp_2024/vnnlib/medical/hyperrectangle_1546.vnnlib,.006376922,unsat,.604514301
safenlp_2024,/home/elipregerson/nnenum/vnncomp2025_benchmarks/benchmarks/safenlp_2024/onnx/ruarobot/perturbations_0.onnx,/home/elipregerson/nnenum/vnncomp2025_benchmarks/benchmarks/safenlp_2024/vnnlib/ruarobot/hyperrectangle_5900.vnnlib,.006187010,sat,.666740537
safenlp_2024,/home/elipregerson/nnenum/vnncomp2025_benchmarks/benchmarks/safenlp_2024/onnx/ruarobot/perturbations_0.onnx,/home/elipregerson/nnenum/vnncomp2025_benchmarks/benchmarks/safenlp_2024/vnnlib/ruarobot/hyperrectangle_4438.vnnlib,.006638913,sat,.655999628
safenlp_2024,/home/elipregerson/nnenum/vnncomp2025_benchmarks/benchmarks/safenlp_2024/onnx/ruarobot/perturbations_0.onnx,/home/elipregerson/nnenum/vnncomp2025_benchmarks/benchmarks/safenlp_2024/vnnlib/ruarobot/hyperrectangle_7875.vnnlib,.006284908,unsat,.607652763
safenlp_2024,/home/elipregerson/nnenum/vnncomp2025_benchmarks/benchmarks/safenlp_2024/onnx/ruarobot/perturbations_0.onnx,/home/elipregerson/nnenum/vnncomp2025_benchmarks/benchmarks/safenlp_2024/vnnlib/ruarobot/hyperrectangle_469.vnnlib,.006150810,timeout,20.565137682
safenlp_2024,/home/elipregerson/nnenum/vnncomp2025_benchmarks/benchmarks/safenlp_2024/onnx/medical/perturbations_0.onnx,/home/elipregerson/nnenum/vnncomp2025_benchmarks/benchmarks/safenlp_2024/vnnlib/medical/hyperrectangle_1738.vnnlib,.006053072,unsat,.664463466
safenlp_2024,/home/elipregerson/nnenum/vnncomp2025_benchmarks/benchmarks/safenlp_2024/onnx/medical/perturbations_0.onnx,/home/elipregerson/nnenum/vnncomp2025_benchmarks/benchmarks/safenlp_2024/vnnlib/medical/hyperrectangle_237.vnnlib,.006234209,unsat,4.707027910
safenlp_2024,/home/elipregerson/nnenum/vnncomp2025_benchmarks/benchmarks/safenlp_2024/onnx/medical/perturbations_0.onnx,/home/elipregerson/nnenum/vnncomp2025_benchmarks/benchmarks/safenlp_2024/vnnlib/medical/hyperrectangle_2430.vnnlib,.006184665,unsat,2.672250263
safenlp_2024,/home/elipregerson/nnenum/vnncomp2025_benchmarks/benchmarks/safenlp_2024/onnx/medical/perturbations_0.onnx,/home/elipregerson/nnenum/vnncomp2025_benchmarks/benchmarks/safenlp_2024/vnnlib/medical/hyperrectangle_947.vnnlib,.014322410,unsat,.830423966
safenlp_2024,/home/elipregerson/nnenum/vnncomp2025_benchmarks/benchmarks/safenlp_2024/onnx/medical/perturbations_0.onnx,/home/elipregerson/nnenum/vnncomp2025_benchmarks/benchmarks/safenlp_2024/vnnlib/medical/hyperrectangle_2663.vnnlib,.014335226,unsat,.906947958
safenlp_2024,/home/elipregerson/nnenum/vnncomp2025_benchmarks/benchmarks/safenlp_2024/onnx/ruarobot/perturbations_0.onnx,/home/elipregerson/nnenum/vnncomp2025_benchmarks/benchmarks/safenlp_2024/vnnlib/ruarobot/hyperrectangle_4803.vnnlib,.008405627,sat,.889515228
safenlp_2024,/home/elipregerson/nnenum/vnncomp2025_benchmarks/benchmarks/safenlp_2024/onnx/ruarobot/perturbations_0.onnx,/home/elipregerson/nnenum/vnncomp2025_benchmarks/benchmarks/safenlp_2024/vnnlib/ruarobot/hyperrectangle_5828.vnnlib,.008231320,sat,.830169407
safenlp_2024,/home/elipregerson/nnenum/vnncomp2025_benchmarks/benchmarks/safenlp_2024/onnx/ruarobot/perturbations_0.onnx,/home/elipregerson/nnenum/vnncomp2025_benchmarks/benchmarks/safenlp_2024/vnnlib/ruarobot/hyperrectangle_4295.vnnlib,.006155891,sat,.644110637
safenlp_2024,/home/elipregerson/nnenum/vnncomp2025_benchmarks/benchmarks/safenlp_2024/onnx/ruarobot/perturbations_0.onnx,/home/elipregerson/nnenum/vnncomp2025_benchmarks/benchmarks/safenlp_2024/vnnlib/ruarobot/hyperrectangle_2399.vnnlib,.006109422,sat,.648518443
safenlp_2024,/home/elipregerson/nnenum/vnncomp2025_benchmarks/benchmarks/safenlp_2024/onnx/medical/perturbations_0.onnx,/home/elipregerson/nnenum/vnncomp2025_benchmarks/benchmarks/safenlp_2024/vnnlib/medical/hyperrectangle_1709.vnnlib,.006365903,unsat,.864293990
safenlp_2024,/home/elipregerson/nnenum/vnncomp2025_benchmarks/benchmarks/safenlp_2024/onnx/ruarobot/perturbations_0.onnx,/home/elipregerson/nnenum/vnncomp2025_benchmarks/benchmarks/safenlp_2024/vnnlib/ruarobot/hyperrectangle_531.vnnlib,.006054052,sat,.660762369
safenlp_2024,/home/elipregerson/nnenum/vnncomp2025_benchmarks/benchmarks/safenlp_2024/onnx/ruarobot/perturbations_0.onnx,/home/elipregerson/nnenum/vnncomp2025_benchmarks/benchmarks/safenlp_2024/vnnlib/ruarobot/hyperrectangle_6319.vnnlib,.006004728,timeout,20.562706837
safenlp_2024,/home/elipregerson/nnenum/vnncomp2025_benchmarks/benchmarks/safenlp_2024/onnx/medical/perturbations_0.onnx,/home/elipregerson/nnenum/vnncomp2025_benchmarks/benchmarks/safenlp_2024/vnnlib/medical/hyperrectangle_2516.vnnlib,.006236579,unsat,.664651754
safenlp_2024,/home/elipregerson/nnenum/vnncomp2025_benchmarks/benchmarks/safenlp_2024/onnx/medical/perturbations_0.onnx,/home/elipregerson/nnenum/vnncomp2025_benchmarks/benchmarks/safenlp_2024/vnnlib/medical/hyperrectangle_1705.vnnlib,.006462162,unsat,.598441818
safenlp_2024,/home/elipregerson/nnenum/vnncomp2025_benchmarks/benchmarks/safenlp_2024/onnx/ruarobot/perturbations_0.onnx,/home/elipregerson/nnenum/vnncomp2025_benchmarks/benchmarks/safenlp_2024/vnnlib/ruarobot/hyperrectangle_5660.vnnlib,.006406855,sat,.652965606
safenlp_2024,/home/elipregerson/nnenum/vnncomp2025_benchmarks/benchmarks/safenlp_2024/onnx/medical/perturbations_0.onnx,/home/elipregerson/nnenum/vnncomp2025_benchmarks/benchmarks/safenlp_2024/vnnlib/medical/hyperrectangle_1587.vnnlib,.006253905,sat,.650531950
safenlp_2024,/home/elipregerson/nnenum/vnncomp2025_benchmarks/benchmarks/safenlp_2024/onnx/medical/perturbations_0.onnx,/home/elipregerson/nnenum/vnncomp2025_benchmarks/benchmarks/safenlp_2024/vnnlib/medical/hyperrectangle_1476.vnnlib,.006105362,sat,.643519671
safenlp_2024,/home/elipregerson/nnenum/vnncomp2025_benchmarks/benchmarks/safenlp_2024/onnx/ruarobot/perturbations_0.onnx,/home/elipregerson/nnenum/vnncomp2025_benchmarks/benchmarks/safenlp_2024/vnnlib/ruarobot/hyperrectangle_2439.vnnlib,.006788693,sat,.645720525
safenlp_2024,/home/elipregerson/nnenum/vnncomp2025_benchmarks/benchmarks/safenlp_2024/onnx/ruarobot/perturbations_0.onnx,/home/elipregerson/nnenum/vnncomp2025_benchmarks/benchmarks/safenlp_2024/vnnlib/ruarobot/hyperrectangle_7503.vnnlib,.006219881,unsat,17.374197171
safenlp_2024,/home/elipregerson/nnenum/vnncomp2025_benchmarks/benchmarks/safenlp_2024/onnx/medical/perturbations_0.onnx,/home/elipregerson/nnenum/vnncomp2025_benchmarks/benchmarks/safenlp_2024/vnnlib/medical/hyperrectangle_662.vnnlib,.008279313,unsat,2.383310829
safenlp_2024,/home/elipregerson/nnenum/vnncomp2025_benchmarks/benchmarks/safenlp_2024/onnx/medical/perturbations_0.onnx,/home/elipregerson/nnenum/vnncomp2025_benchmarks/benchmarks/safenlp_2024/vnnlib/medical/hyperrectangle_1263.vnnlib,.006255783,unsat,.609739710
safenlp_2024,/home/elipregerson/nnenum/vnncomp2025_benchmarks/benchmarks/safenlp_2024/onnx/ruarobot/perturbations_0.onnx,/home/elipregerson/nnenum/vnncomp2025_benchmarks/benchmarks/safenlp_2024/vnnlib/ruarobot/hyperrectangle_6914.vnnlib,.006139794,unsat,.598460294
safenlp_2024,/home/elipregerson/nnenum/vnncomp2025_benchmarks/benchmarks/safenlp_2024/onnx/medical/perturbations_0.onnx,/home/elipregerson/nnenum/vnncomp2025_benchmarks/benchmarks/safenlp_2024/vnnlib/medical/hyperrectangle_2464.vnnlib,.006156330,sat,.658579307
safenlp_2024,/home/elipregerson/nnenum/vnncomp2025_benchmarks/benchmarks/safenlp_2024/onnx/ruarobot/perturbations_0.onnx,/home/elipregerson/nnenum/vnncomp2025_benchmarks/benchmarks/safenlp_2024/vnnlib/ruarobot/hyperrectangle_6890.vnnlib,.006293802,sat,.642559893
safenlp_2024,/home/elipregerson/nnenum/vnncomp2025_benchmarks/benchmarks/safenlp_2024/onnx/medical/perturbations_0.onnx,/home/elipregerson/nnenum/vnncomp2025_benchmarks/benchmarks/safenlp_2024/vnnlib/medical/hyperrectangle_1032.vnnlib,.006372586,unsat,.605123788
safenlp_2024,/home/elipregerson/nnenum/vnncomp2025_benchmarks/benchmarks/safenlp_2024/onnx/ruarobot/perturbations_0.onnx,/home/elipregerson/nnenum/vnncomp2025_benchmarks/benchmarks/safenlp_2024/vnnlib/ruarobot/hyperrectangle_2593.vnnlib,.006435807,sat,.662076865
safenlp_2024,/home/elipregerson/nnenum/vnncomp2025_benchmarks/benchmarks/safenlp_2024/onnx/ruarobot/perturbations_0.onnx,/home/elipregerson/nnenum/vnncomp2025_benchmarks/benchmarks/safenlp_2024/vnnlib/ruarobot/hyperrectangle_4557.vnnlib,.006207893,unsat,.604296382
safenlp_2024,/home/elipregerson/nnenum/vnncomp2025_benchmarks/benchmarks/safenlp_2024/onnx/medical/perturbations_0.onnx,/home/elipregerson/nnenum/vnncomp2025_benchmarks/benchmarks/safenlp_2024/vnnlib/medical/hyperrectangle_2695.vnnlib,.006177975,timeout,20.566762453
safenlp_2024,/home/elipregerson/nnenum/vnncomp2025_benchmarks/benchmarks/safenlp_2024/onnx/ruarobot/perturbations_0.onnx,/home/elipregerson/nnenum/vnncomp2025_benchmarks/benchmarks/safenlp_2024/vnnlib/ruarobot/hyperrectangle_3465.vnnlib,.006030076,unsat,2.753719505
safenlp_2024,/home/elipregerson/nnenum/vnncomp2025_benchmarks/benchmarks/safenlp_2024/onnx/ruarobot/perturbations_0.onnx,/home/elipregerson/nnenum/vnncomp2025_benchmarks/benchmarks/safenlp_2024/vnnlib/ruarobot/hyperrectangle_3449.vnnlib,.006355548,sat,.647613319
safenlp_2024,/home/elipregerson/nnenum/vnncomp2025_benchmarks/benchmarks/safenlp_2024/onnx/medical/perturbations_0.onnx,/home/elipregerson/nnenum/vnncomp2025_benchmarks/benchmarks/safenlp_2024/vnnlib/medical/hyperrectangle_660.vnnlib,.006297864,unsat,.608697424
safenlp_2024,/home/elipregerson/nnenum/vnncomp2025_benchmarks/benchmarks/safenlp_2024/onnx/ruarobot/perturbations_0.onnx,/home/elipregerson/nnenum/vnncomp2025_benchmarks/benchmarks/safenlp_2024/vnnlib/ruarobot/hyperrectangle_3286.vnnlib,.006081604,unsat,.611987759
safenlp_2024,/home/elipregerson/nnenum/vnncomp2025_benchmarks/benchmarks/safenlp_2024/onnx/medical/perturbations_0.onnx,/home/elipregerson/nnenum/vnncomp2025_benchmarks/benchmarks/safenlp_2024/vnnlib/medical/hyperrectangle_548.vnnlib,.006227596,unsat,.594357521
safenlp_2024,/home/elipregerson/nnenum/vnncomp2025_benchmarks/benchmarks/safenlp_2024/onnx/medical/perturbations_0.onnx,/home/elipregerson/nnenum/vnncomp2025_benchmarks/benchmarks/safenlp_2024/vnnlib/medical/hyperrectangle_1415.vnnlib,.006158630,sat,.658339348
safenlp_2024,/home/elipregerson/nnenum/vnncomp2025_benchmarks/benchmarks/safenlp_2024/onnx/ruarobot/perturbations_0.onnx,/home/elipregerson/nnenum/vnncomp2025_benchmarks/benchmarks/safenlp_2024/vnnlib/ruarobot/hyperrectangle_492.vnnlib,.006263572,sat,.656548658
safenlp_2024,/home/elipregerson/nnenum/vnncomp2025_benchmarks/benchmarks/safenlp_2024/onnx/ruarobot/perturbations_0.onnx,/home/elipregerson/nnenum/vnncomp2025_benchmarks/benchmarks/safenlp_2024/vnnlib/ruarobot/hyperrectangle_3547.vnnlib,.006203561,unsat,3.188656764
safenlp_2024,/home/elipregerson/nnenum/vnncomp2025_benchmarks/benchmarks/safenlp_2024/onnx/ruarobot/perturbations_0.onnx,/home/elipregerson/nnenum/vnncomp2025_benchmarks/benchmarks/safenlp_2024/vnnlib/ruarobot/hyperrectangle_4305.vnnlib,.006131952,sat,.639923432
safenlp_2024,/home/elipregerson/nnenum/vnncomp2025_benchmarks/benchmarks/safenlp_2024/onnx/medical/perturbations_0.onnx,/home/elipregerson/nnenum/vnncomp2025_benchmarks/benchmarks/safenlp_2024/vnnlib/medical/hyperrectangle_2219.vnnlib,.006134749,unsat,.601791336
safenlp_2024,/home/elipregerson/nnenum/vnncomp2025_benchmarks/benchmarks/safenlp_2024/onnx/ruarobot/perturbations_0.onnx,/home/elipregerson/nnenum/vnncomp2025_benchmarks/benchmarks/safenlp_2024/vnnlib/ruarobot/hyperrectangle_5928.vnnlib,.006261629,sat,.658748815
safenlp_2024,/home/elipregerson/nnenum/vnncomp2025_benchmarks/benchmarks/safenlp_2024/onnx/ruarobot/perturbations_0.onnx,/home/elipregerson/nnenum/vnncomp2025_benchmarks/benchmarks/safenlp_2024/vnnlib/ruarobot/hyperrectangle_4679.vnnlib,.006293480,sat,.641470777
safenlp_2024,/home/elipregerson/nnenum/vnncomp2025_benchmarks/benchmarks/safenlp_2024/onnx/ruarobot/perturbations_0.onnx,/home/elipregerson/nnenum/vnncomp2025_benchmarks/benchmarks/safenlp_2024/vnnlib/ruarobot/hyperrectangle_2956.vnnlib,.006371796,unsat,.671875975
safenlp_2024,/home/elipregerson/nnenum/vnncomp2025_benchmarks/benchmarks/safenlp_2024/onnx/ruarobot/perturbations_0.onnx,/home/elipregerson/nnenum/vnncomp2025_benchmarks/benchmarks/safenlp_2024/vnnlib/ruarobot/hyperrectangle_3840.vnnlib,.006128876,unsat,.958397414
safenlp_2024,/home/elipregerson/nnenum/vnncomp2025_benchmarks/benchmarks/safenlp_2024/onnx/medical/perturbations_0.onnx,/home/elipregerson/nnenum/vnncomp2025_benchmarks/benchmarks/safenlp_2024/vnnlib/medical/hyperrectangle_2541.vnnlib,.006414097,sat,.646455393
safenlp_2024,/home/elipregerson/nnenum/vnncomp2025_benchmarks/benchmarks/safenlp_2024/onnx/ruarobot/perturbations_0.onnx,/home/elipregerson/nnenum/vnncomp2025_benchmarks/benchmarks/safenlp_2024/vnnlib/ruarobot/hyperrectangle_2914.vnnlib,.006290640,sat,.645681896
safenlp_2024,/home/elipregerson/nnenum/vnncomp2025_benchmarks/benchmarks/safenlp_2024/onnx/ruarobot/perturbations_0.onnx,/home/elipregerson/nnenum/vnncomp2025_benchmarks/benchmarks/safenlp_2024/vnnlib/ruarobot/hyperrectangle_2018.vnnlib,.006035483,sat,.652667224
safenlp_2024,/home/elipregerson/nnenum/vnncomp2025_benchmarks/benchmarks/safenlp_2024/onnx/ruarobot/perturbations_0.onnx,/home/elipregerson/nnenum/vnncomp2025_benchmarks/benchmarks/safenlp_2024/vnnlib/ruarobot/hyperrectangle_5248.vnnlib,.006504851,sat,.616328683
safenlp_2024,/home/elipregerson/nnenum/vnncomp2025_benchmarks/benchmarks/safenlp_2024/onnx/medical/perturbations_0.onnx,/home/elipregerson/nnenum/vnncomp2025_benchmarks/benchmarks/safenlp_2024/vnnlib/medical/hyperrectangle_1443.vnnlib,.006340563,unsat,.596908930
safenlp_2024,/home/elipregerson/nnenum/vnncomp2025_benchmarks/benchmarks/safenlp_2024/onnx/medical/perturbations_0.onnx,/home/elipregerson/nnenum/vnncomp2025_benchmarks/benchmarks/safenlp_2024/vnnlib/medical/hyperrectangle_2053.vnnlib,.006325001,unsat,.893904128
safenlp_2024,/home/elipregerson/nnenum/vnncomp2025_benchmarks/benchmarks/safenlp_2024/onnx/medical/perturbations_0.onnx,/home/elipregerson/nnenum/vnncomp2025_benchmarks/benchmarks/safenlp_2024/vnnlib/medical/hyperrectangle_2334.vnnlib,.006083373,timeout,20.557725566
safenlp_2024,/home/elipregerson/nnenum/vnncomp2025_benchmarks/benchmarks/safenlp_2024/onnx/ruarobot/perturbations_0.onnx,/home/elipregerson/nnenum/vnncomp2025_benchmarks/benchmarks/safenlp_2024/vnnlib/ruarobot/hyperrectangle_6652.vnnlib,.006212453,sat,.665981251
safenlp_2024,/home/elipregerson/nnenum/vnncomp2025_benchmarks/benchmarks/safenlp_2024/onnx/ruarobot/perturbations_0.onnx,/home/elipregerson/nnenum/vnncomp2025_benchmarks/benchmarks/safenlp_2024/vnnlib/ruarobot/hyperrectangle_4142.vnnlib,.006595381,sat,.653210975
safenlp_2024,/home/elipregerson/nnenum/vnncomp2025_benchmarks/benchmarks/safenlp_2024/onnx/ruarobot/perturbations_0.onnx,/home/elipregerson/nnenum/vnncomp2025_benchmarks/benchmarks/safenlp_2024/vnnlib/ruarobot/hyperrectangle_2788.vnnlib,.006281154,sat,.602206038
safenlp_2024,/home/elipregerson/nnenum/vnncomp2025_benchmarks/benchmarks/safenlp_2024/onnx/ruarobot/perturbations_0.onnx,/home/elipregerson/nnenum/vnncomp2025_benchmarks/benchmarks/safenlp_2024/vnnlib/ruarobot/hyperrectangle_5670.vnnlib,.006331508,sat,.651912537
safenlp_2024,/home/elipregerson/nnenum/vnncomp2025_benchmarks/benchmarks/safenlp_2024/onnx/ruarobot/perturbations_0.onnx,/home/elipregerson/nnenum/vnncomp2025_benchmarks/benchmarks/safenlp_2024/vnnlib/ruarobot/hyperrectangle_2473.vnnlib,.006109116,sat,.603583877
safenlp_2024,/home/elipregerson/nnenum/vnncomp2025_benchmarks/benchmarks/safenlp_2024/onnx/ruarobot/perturbations_0.onnx,/home/elipregerson/nnenum/vnncomp2025_benchmarks/benchmarks/safenlp_2024/vnnlib/ruarobot/hyperrectangle_6241.vnnlib,.006024877,timeout,20.556663036
safenlp_2024,/home/elipregerson/nnenum/vnncomp2025_benchmarks/benchmarks/safenlp_2024/onnx/ruarobot/perturbations_0.onnx,/home/elipregerson/nnenum/vnncomp2025_benchmarks/benchmarks/safenlp_2024/vnnlib/ruarobot/hyperrectangle_3808.vnnlib,.006030051,timeout,20.553053393
safenlp_2024,/home/elipregerson/nnenum/vnncomp2025_benchmarks/benchmarks/safenlp_2024/onnx/ruarobot/perturbations_0.onnx,/home/elipregerson/nnenum/vnncomp2025_benchmarks/benchmarks/safenlp_2024/vnnlib/ruarobot/hyperrectangle_7130.vnnlib,.006163376,sat,.645603606
safenlp_2024,/home/elipregerson/nnenum/vnncomp2025_benchmarks/benchmarks/safenlp_2024/onnx/ruarobot/perturbations_0.onnx,/home/elipregerson/nnenum/vnncomp2025_benchmarks/benchmarks/safenlp_2024/vnnlib/ruarobot/hyperrectangle_6819.vnnlib,.006173731,timeout,20.572388453
safenlp_2024,/home/elipregerson/nnenum/vnncomp2025_benchmarks/benchmarks/safenlp_2024/onnx/medical/perturbations_0.onnx,/home/elipregerson/nnenum/vnncomp2025_benchmarks/benchmarks/safenlp_2024/vnnlib/medical/hyperrectangle_587.vnnlib,.006196378,timeout,20.554981333
safenlp_2024,/home/elipregerson/nnenum/vnncomp2025_benchmarks/benchmarks/safenlp_2024/onnx/ruarobot/perturbations_0.onnx,/home/elipregerson/nnenum/vnncomp2025_benchmarks/benchmarks/safenlp_2024/vnnlib/ruarobot/hyperrectangle_5800.vnnlib,.006098811,sat,.658710686
safenlp_2024,/home/elipregerson/nnenum/vnncomp2025_benchmarks/benchmarks/safenlp_2024/onnx/ruarobot/perturbations_0.onnx,/home/elipregerson/nnenum/vnncomp2025_benchmarks/benchmarks/safenlp_2024/vnnlib/ruarobot/hyperrectangle_4908.vnnlib,.006302856,timeout,20.575012156
safenlp_2024,/home/elipregerson/nnenum/vnncomp2025_benchmarks/benchmarks/safenlp_2024/onnx/medical/perturbations_0.onnx,/home/elipregerson/nnenum/vnncomp2025_benchmarks/benchmarks/safenlp_2024/vnnlib/medical/hyperrectangle_1582.vnnlib,.006325887,unsat,17.669241399
safenlp_2024,/home/elipregerson/nnenum/vnncomp2025_benchmarks/benchmarks/safenlp_2024/onnx/ruarobot/perturbations_0.onnx,/home/elipregerson/nnenum/vnncomp2025_benchmarks/benchmarks/safenlp_2024/vnnlib/ruarobot/hyperrectangle_2903.vnnlib,.011113635,sat,.728882189
safenlp_2024,/home/elipregerson/nnenum/vnncomp2025_benchmarks/benchmarks/safenlp_2024/onnx/medical/perturbations_0.onnx,/home/elipregerson/nnenum/vnncomp2025_benchmarks/benchmarks/safenlp_2024/vnnlib/medical/hyperrectangle_2231.vnnlib,.006353542,sat,.650977129
safenlp_2024,/home/elipregerson/nnenum/vnncomp2025_benchmarks/benchmarks/safenlp_2024/onnx/medical/perturbations_0.onnx,/home/elipregerson/nnenum/vnncomp2025_benchmarks/benchmarks/safenlp_2024/vnnlib/medical/hyperrectangle_2714.vnnlib,.011335069,timeout,20.590658827
safenlp_2024,/home/elipregerson/nnenum/vnncomp2025_benchmarks/benchmarks/safenlp_2024/onnx/ruarobot/perturbations_0.onnx,/home/elipregerson/nnenum/vnncomp2025_benchmarks/benchmarks/safenlp_2024/vnnlib/ruarobot/hyperrectangle_6939.vnnlib,.011396568,unsat,6.983434102
safenlp_2024,/home/elipregerson/nnenum/vnncomp2025_benchmarks/benchmarks/safenlp_2024/onnx/ruarobot/perturbations_0.onnx,/home/elipregerson/nnenum/vnncomp2025_benchmarks/benchmarks/safenlp_2024/vnnlib/ruarobot/hyperrectangle_6120.vnnlib,.010120188,sat,.889596955
safenlp_2024,/home/elipregerson/nnenum/vnncomp2025_benchmarks/benchmarks/safenlp_2024/onnx/ruarobot/perturbations_0.onnx,/home/elipregerson/nnenum/vnncomp2025_benchmarks/benchmarks/safenlp_2024/vnnlib/ruarobot/hyperrectangle_5360.vnnlib,.012250481,sat,.895251103
safenlp_2024,/home/elipregerson/nnenum/vnncomp2025_benchmarks/benchmarks/safenlp_2024/onnx/medical/perturbations_0.onnx,/home/elipregerson/nnenum/vnncomp2025_benchmarks/benchmarks/safenlp_2024/vnnlib/medical/hyperrectangle_2057.vnnlib,.008385852,timeout,20.763838200
safenlp_2024,/home/elipregerson/nnenum/vnncomp2025_benchmarks/benchmarks/safenlp_2024/onnx/ruarobot/perturbations_0.onnx,/home/elipregerson/nnenum/vnncomp2025_benchmarks/benchmarks/safenlp_2024/vnnlib/ruarobot/hyperrectangle_4258.vnnlib,.009987682,sat,.709860712
safenlp_2024,/home/elipregerson/nnenum/vnncomp2025_benchmarks/benchmarks/safenlp_2024/onnx/medical/perturbations_0.onnx,/home/elipregerson/nnenum/vnncomp2025_benchmarks/benchmarks/safenlp_2024/vnnlib/medical/hyperrectangle_710.vnnlib,.006156497,unsat,.603490907
safenlp_2024,/home/elipregerson/nnenum/vnncomp2025_benchmarks/benchmarks/safenlp_2024/onnx/ruarobot/perturbations_0.onnx,/home/elipregerson/nnenum/vnncomp2025_benchmarks/benchmarks/safenlp_2024/vnnlib/ruarobot/hyperrectangle_784.vnnlib,.006064000,sat,.633470866
safenlp_2024,/home/elipregerson/nnenum/vnncomp2025_benchmarks/benchmarks/safenlp_2024/onnx/ruarobot/perturbations_0.onnx,/home/elipregerson/nnenum/vnncomp2025_benchmarks/benchmarks/safenlp_2024/vnnlib/ruarobot/hyperrectangle_1334.vnnlib,.006116188,sat,.645962489
safenlp_2024,/home/elipregerson/nnenum/vnncomp2025_benchmarks/benchmarks/safenlp_2024/onnx/medical/perturbations_0.onnx,/home/elipregerson/nnenum/vnncomp2025_benchmarks/benchmarks/safenlp_2024/vnnlib/medical/hyperrectangle_1623.vnnlib,.006025221,unsat,.597013099
safenlp_2024,/home/elipregerson/nnenum/vnncomp2025_benchmarks/benchmarks/safenlp_2024/onnx/ruarobot/perturbations_0.onnx,/home/elipregerson/nnenum/vnncomp2025_benchmarks/benchmarks/safenlp_2024/vnnlib/ruarobot/hyperrectangle_1997.vnnlib,.006289923,timeout,20.566835489
safenlp_2024,/home/elipregerson/nnenum/vnncomp2025_benchmarks/benchmarks/safenlp_2024/onnx/ruarobot/perturbations_0.onnx,/home/elipregerson/nnenum/vnncomp2025_benchmarks/benchmarks/safenlp_2024/vnnlib/ruarobot/hyperrectangle_791.vnnlib,.006130148,sat,.638044510
safenlp_2024,/home/elipregerson/nnenum/vnncomp2025_benchmarks/benchmarks/safenlp_2024/onnx/medical/perturbations_0.onnx,/home/elipregerson/nnenum/vnncomp2025_benchmarks/benchmarks/safenlp_2024/vnnlib/medical/hyperrectangle_2524.vnnlib,.006202132,timeout,20.564164085
safenlp_2024,/home/elipregerson/nnenum/vnncomp2025_benchmarks/benchmarks/safenlp_2024/onnx/ruarobot/perturbations_0.onnx,/home/elipregerson/nnenum/vnncomp2025_benchmarks/benchmarks/safenlp_2024/vnnlib/ruarobot/hyperrectangle_3123.vnnlib,.006141236,sat,.646221775
safenlp_2024,/home/elipregerson/nnenum/vnncomp2025_benchmarks/benchmarks/safenlp_2024/onnx/ruarobot/perturbations_0.onnx,/home/elipregerson/nnenum/vnncomp2025_benchmarks/benchmarks/safenlp_2024/vnnlib/ruarobot/hyperrectangle_7418.vnnlib,.006321480,sat,.640933398
safenlp_2024,/home/elipregerson/nnenum/vnncomp2025_benchmarks/benchmarks/safenlp_2024/onnx/ruarobot/perturbations_0.onnx,/home/elipregerson/nnenum/vnncomp2025_benchmarks/benchmarks/safenlp_2024/vnnlib/ruarobot/hyperrectangle_7692.vnnlib,.006108180,sat,.653627261
safenlp_2024,/home/elipregerson/nnenum/vnncomp2025_benchmarks/benchmarks/safenlp_2024/onnx/ruarobot/perturbations_0.onnx,/home/elipregerson/nnenum/vnncomp2025_benchmarks/benchmarks/safenlp_2024/vnnlib/ruarobot/hyperrectangle_547.vnnlib,.006286508,sat,.643478494
safenlp_2024,/home/elipregerson/nnenum/vnncomp2025_benchmarks/benchmarks/safenlp_2024/onnx/ruarobot/perturbations_0.onnx,/home/elipregerson/nnenum/vnncomp2025_benchmarks/benchmarks/safenlp_2024/vnnlib/ruarobot/hyperrectangle_7226.vnnlib,.006150277,timeout,20.586011967
safenlp_2024,/home/elipregerson/nnenum/vnncomp2025_benchmarks/benchmarks/safenlp_2024/onnx/ruarobot/perturbations_0.onnx,/home/elipregerson/nnenum/vnncomp2025_benchmarks/benchmarks/safenlp_2024/vnnlib/ruarobot/hyperrectangle_821.vnnlib,.010752919,unsat,.970977764
safenlp_2024,/home/elipregerson/nnenum/vnncomp2025_benchmarks/benchmarks/safenlp_2024/onnx/ruarobot/perturbations_0.onnx,/home/elipregerson/nnenum/vnncomp2025_benchmarks/benchmarks/safenlp_2024/vnnlib/ruarobot/hyperrectangle_6416.vnnlib,.006191667,sat,4.522660678
safenlp_2024,/home/elipregerson/nnenum/vnncomp2025_benchmarks/benchmarks/safenlp_2024/onnx/ruarobot/perturbations_0.onnx,/home/elipregerson/nnenum/vnncomp2025_benchmarks/benchmarks/safenlp_2024/vnnlib/ruarobot/hyperrectangle_5688.vnnlib,.006306804,sat,.675324198
safenlp_2024,/home/elipregerson/nnenum/vnncomp2025_benchmarks/benchmarks/safenlp_2024/onnx/ruarobot/perturbations_0.onnx,/home/elipregerson/nnenum/vnncomp2025_benchmarks/benchmarks/safenlp_2024/vnnlib/ruarobot/hyperrectangle_1302.vnnlib,.006279276,sat,.663117606
safenlp_2024,/home/elipregerson/nnenum/vnncomp2025_benchmarks/benchmarks/safenlp_2024/onnx/ruarobot/perturbations_0.onnx,/home/elipregerson/nnenum/vnncomp2025_benchmarks/benchmarks/safenlp_2024/vnnlib/ruarobot/hyperrectangle_6614.vnnlib,.006250387,timeout,20.589000418
safenlp_2024,/home/elipregerson/nnenum/vnncomp2025_benchmarks/benchmarks/safenlp_2024/onnx/ruarobot/perturbations_0.onnx,/home/elipregerson/nnenum/vnncomp2025_benchmarks/benchmarks/safenlp_2024/vnnlib/ruarobot/hyperrectangle_6909.vnnlib,.006195138,sat,.660627632
safenlp_2024,/home/elipregerson/nnenum/vnncomp2025_benchmarks/benchmarks/safenlp_2024/onnx/ruarobot/perturbations_0.onnx,/home/elipregerson/nnenum/vnncomp2025_benchmarks/benchmarks/safenlp_2024/vnnlib/ruarobot/hyperrectangle_2234.vnnlib,.006144175,sat,.651216951
safenlp_2024,/home/elipregerson/nnenum/vnncomp2025_benchmarks/benchmarks/safenlp_2024/onnx/ruarobot/perturbations_0.onnx,/home/elipregerson/nnenum/vnncomp2025_benchmarks/benchmarks/safenlp_2024/vnnlib/ruarobot/hyperrectangle_2566.vnnlib,.006307476,unsat,1.572200416
safenlp_2024,/home/elipregerson/nnenum/vnncomp2025_benchmarks/benchmarks/safenlp_2024/onnx/ruarobot/perturbations_0.onnx,/home/elipregerson/nnenum/vnncomp2025_benchmarks/benchmarks/safenlp_2024/vnnlib/ruarobot/hyperrectangle_55.vnnlib,.006208513,sat,.657188256
safenlp_2024,/home/elipregerson/nnenum/vnncomp2025_benchmarks/benchmarks/safenlp_2024/onnx/ruarobot/perturbations_0.onnx,/home/elipregerson/nnenum/vnncomp2025_benchmarks/benchmarks/safenlp_2024/vnnlib/ruarobot/hyperrectangle_4101.vnnlib,.006318894,sat,.644801980
safenlp_2024,/home/elipregerson/nnenum/vnncomp2025_benchmarks/benchmarks/safenlp_2024/onnx/medical/perturbations_0.onnx,/home/elipregerson/nnenum/vnncomp2025_benchmarks/benchmarks/safenlp_2024/vnnlib/medical/hyperrectangle_780.vnnlib,.006234830,unsat,.608302636
safenlp_2024,/home/elipregerson/nnenum/vnncomp2025_benchmarks/benchmarks/safenlp_2024/onnx/ruarobot/perturbations_0.onnx,/home/elipregerson/nnenum/vnncomp2025_benchmarks/benchmarks/safenlp_2024/vnnlib/ruarobot/hyperrectangle_2257.vnnlib,.006248397,sat,.646341418
safenlp_2024,/home/elipregerson/nnenum/vnncomp2025_benchmarks/benchmarks/safenlp_2024/onnx/medical/perturbations_0.onnx,/home/elipregerson/nnenum/vnncomp2025_benchmarks/benchmarks/safenlp_2024/vnnlib/medical/hyperrectangle_2407.vnnlib,.006261103,unsat,.835860723
safenlp_2024,/home/elipregerson/nnenum/vnncomp2025_benchmarks/benchmarks/safenlp_2024/onnx/ruarobot/perturbations_0.onnx,/home/elipregerson/nnenum/vnncomp2025_benchmarks/benchmarks/safenlp_2024/vnnlib/ruarobot/hyperrectangle_4236.vnnlib,.006162533,timeout,20.585784287
safenlp_2024,/home/elipregerson/nnenum/vnncomp2025_benchmarks/benchmarks/safenlp_2024/onnx/ruarobot/perturbations_0.onnx,/home/elipregerson/nnenum/vnncomp2025_benchmarks/benchmarks/safenlp_2024/vnnlib/ruarobot/hyperrectangle_3212.vnnlib,.008420990,sat,.829763649
safenlp_2024,/home/elipregerson/nnenum/vnncomp2025_benchmarks/benchmarks/safenlp_2024/onnx/ruarobot/perturbations_0.onnx,/home/elipregerson/nnenum/vnncomp2025_benchmarks/benchmarks/safenlp_2024/vnnlib/ruarobot/hyperrectangle_2686.vnnlib,.006479342,sat,.700838740
safenlp_2024,/home/elipregerson/nnenum/vnncomp2025_benchmarks/benchmarks/safenlp_2024/onnx/ruarobot/perturbations_0.onnx,/home/elipregerson/nnenum/vnncomp2025_benchmarks/benchmarks/safenlp_2024/vnnlib/ruarobot/hyperrectangle_4862.vnnlib,.006371995,timeout,20.592547601
safenlp_2024,/home/elipregerson/nnenum/vnncomp2025_benchmarks/benchmarks/safenlp_2024/onnx/ruarobot/perturbations_0.onnx,/home/elipregerson/nnenum/vnncomp2025_benchmarks/benchmarks/safenlp_2024/vnnlib/ruarobot/hyperrectangle_5493.vnnlib,.006337097,unsat,3.387825852
safenlp_2024,/home/elipregerson/nnenum/vnncomp2025_benchmarks/benchmarks/safenlp_2024/onnx/ruarobot/perturbations_0.onnx,/home/elipregerson/nnenum/vnncomp2025_benchmarks/benchmarks/safenlp_2024/vnnlib/ruarobot/hyperrectangle_6547.vnnlib,.006303354,sat,.642967244
safenlp_2024,/home/elipregerson/nnenum/vnncomp2025_benchmarks/benchmarks/safenlp_2024/onnx/ruarobot/perturbations_0.onnx,/home/elipregerson/nnenum/vnncomp2025_benchmarks/benchmarks/safenlp_2024/vnnlib/ruarobot/hyperrectangle_4662.vnnlib,.006457548,unsat,1.014781052
safenlp_2024,/home/elipregerson/nnenum/vnncomp2025_benchmarks/benchmarks/safenlp_2024/onnx/ruarobot/perturbations_0.onnx,/home/elipregerson/nnenum/vnncomp2025_benchmarks/benchmarks/safenlp_2024/vnnlib/ruarobot/hyperrectangle_4637.vnnlib,.006187934,sat,.643922499
safenlp_2024,/home/elipregerson/nnenum/vnncomp2025_benchmarks/benchmarks/safenlp_2024/onnx/ruarobot/perturbations_0.onnx,/home/elipregerson/nnenum/vnncomp2025_benchmarks/benchmarks/safenlp_2024/vnnlib/ruarobot/hyperrectangle_7874.vnnlib,.006576625,sat,.660802567
safenlp_2024,/home/elipregerson/nnenum/vnncomp2025_benchmarks/benchmarks/safenlp_2024/onnx/medical/perturbations_0.onnx,/home/elipregerson/nnenum/vnncomp2025_benchmarks/benchmarks/safenlp_2024/vnnlib/medical/hyperrectangle_1353.vnnlib,.006327445,unsat,.617690555
safenlp_2024,/home/elipregerson/nnenum/vnncomp2025_benchmarks/benchmarks/safenlp_2024/onnx/medical/perturbations_0.onnx,/home/elipregerson/nnenum/vnncomp2025_benchmarks/benchmarks/safenlp_2024/vnnlib/medical/hyperrectangle_1512.vnnlib,.006464337,unsat,.602924027
safenlp_2024,/home/elipregerson/nnenum/vnncomp2025_benchmarks/benchmarks/safenlp_2024/onnx/ruarobot/perturbations_0.onnx,/home/elipregerson/nnenum/vnncomp2025_benchmarks/benchmarks/safenlp_2024/vnnlib/ruarobot/hyperrectangle_5258.vnnlib,.006281576,unsat,2.140135311
safenlp_2024,/home/elipregerson/nnenum/vnncomp2025_benchmarks/benchmarks/safenlp_2024/onnx/ruarobot/perturbations_0.onnx,/home/elipregerson/nnenum/vnncomp2025_benchmarks/benchmarks/safenlp_2024/vnnlib/ruarobot/hyperrectangle_2039.vnnlib,.006256617,sat,.642997700
safenlp_2024,/home/elipregerson/nnenum/vnncomp2025_benchmarks/benchmarks/safenlp_2024/onnx/ruarobot/perturbations_0.onnx,/home/elipregerson/nnenum/vnncomp2025_benchmarks/benchmarks/safenlp_2024/vnnlib/ruarobot/hyperrectangle_4889.vnnlib,.006100185,unsat,2.734777252
safenlp_2024,/home/elipregerson/nnenum/vnncomp2025_benchmarks/benchmarks/safenlp_2024/onnx/ruarobot/perturbations_0.onnx,/home/elipregerson/nnenum/vnncomp2025_benchmarks/benchmarks/safenlp_2024/vnnlib/ruarobot/hyperrectangle_6013.vnnlib,.006096177,unsat,16.258764984
safenlp_2024,/home/elipregerson/nnenum/vnncomp2025_benchmarks/benchmarks/safenlp_2024/onnx/medical/perturbations_0.onnx,/home/elipregerson/nnenum/vnncomp2025_benchmarks/benchmarks/safenlp_2024/vnnlib/medical/hyperrectangle_308.vnnlib,.008821805,unsat,.675592065
safenlp_2024,/home/elipregerson/nnenum/vnncomp2025_benchmarks/benchmarks/safenlp_2024/onnx/ruarobot/perturbations_0.onnx,/home/elipregerson/nnenum/vnncomp2025_benchmarks/benchmarks/safenlp_2024/vnnlib/ruarobot/hyperrectangle_1841.vnnlib,.006438494,sat,.652231276
safenlp_2024,/home/elipregerson/nnenum/vnncomp2025_benchmarks/benchmarks/safenlp_2024/onnx/medical/perturbations_0.onnx,/home/elipregerson/nnenum/vnncomp2025_benchmarks/benchmarks/safenlp_2024/vnnlib/medical/hyperrectangle_447.vnnlib,.006154475,sat,.797259181
safenlp_2024,/home/elipregerson/nnenum/vnncomp2025_benchmarks/benchmarks/safenlp_2024/onnx/medical/perturbations_0.onnx,/home/elipregerson/nnenum/vnncomp2025_benchmarks/benchmarks/safenlp_2024/vnnlib/medical/hyperrectangle_232.vnnlib,.006173242,unsat,.611489329
safenlp_2024,/home/elipregerson/nnenum/vnncomp2025_benchmarks/benchmarks/safenlp_2024/onnx/ruarobot/perturbations_0.onnx,/home/elipregerson/nnenum/vnncomp2025_benchmarks/benchmarks/safenlp_2024/vnnlib/ruarobot/hyperrectangle_2094.vnnlib,.006199622,sat,.651914081
safenlp_2024,/home/elipregerson/nnenum/vnncomp2025_benchmarks/benchmarks/safenlp_2024/onnx/ruarobot/perturbations_0.onnx,/home/elipregerson/nnenum/vnncomp2025_benchmarks/benchmarks/safenlp_2024/vnnlib/ruarobot/hyperrectangle_345.vnnlib,.006071680,sat,.645886772
safenlp_2024,/home/elipregerson/nnenum/vnncomp2025_benchmarks/benchmarks/safenlp_2024/onnx/ruarobot/perturbations_0.onnx,/home/elipregerson/nnenum/vnncomp2025_benchmarks/benchmarks/safenlp_2024/vnnlib/ruarobot/hyperrectangle_3977.vnnlib,.006190941,sat,.651314938
safenlp_2024,/home/elipregerson/nnenum/vnncomp2025_benchmarks/benchmarks/safenlp_2024/onnx/medical/perturbations_0.onnx,/home/elipregerson/nnenum/vnncomp2025_benchmarks/benchmarks/safenlp_2024/vnnlib/medical/hyperrectangle_75.vnnlib,.006229749,unsat,.602284855
safenlp_2024,/home/elipregerson/nnenum/vnncomp2025_benchmarks/benchmarks/safenlp_2024/onnx/medical/perturbations_0.onnx,/home/elipregerson/nnenum/vnncomp2025_benchmarks/benchmarks/safenlp_2024/vnnlib/medical/hyperrectangle_2091.vnnlib,.006280288,sat,.653166539
safenlp_2024,/home/elipregerson/nnenum/vnncomp2025_benchmarks/benchmarks/safenlp_2024/onnx/ruarobot/perturbations_0.onnx,/home/elipregerson/nnenum/vnncomp2025_benchmarks/benchmarks/safenlp_2024/vnnlib/ruarobot/hyperrectangle_608.vnnlib,.006226080,sat,.640767657
safenlp_2024,/home/elipregerson/nnenum/vnncomp2025_benchmarks/benchmarks/safenlp_2024/onnx/ruarobot/perturbations_0.onnx,/home/elipregerson/nnenum/vnncomp2025_benchmarks/benchmarks/safenlp_2024/vnnlib/ruarobot/hyperrectangle_2981.vnnlib,.006196494,timeout,20.569266986
safenlp_2024,/home/elipregerson/nnenum/vnncomp2025_benchmarks/benchmarks/safenlp_2024/onnx/medical/perturbations_0.onnx,/home/elipregerson/nnenum/vnncomp2025_benchmarks/benchmarks/safenlp_2024/vnnlib/medical/hyperrectangle_2525.vnnlib,.006024797,unsat,.611671187
safenlp_2024,/home/elipregerson/nnenum/vnncomp2025_benchmarks/benchmarks/safenlp_2024/onnx/ruarobot/perturbations_0.onnx,/home/elipregerson/nnenum/vnncomp2025_benchmarks/benchmarks/safenlp_2024/vnnlib/ruarobot/hyperrectangle_7164.vnnlib,.006242580,sat,1.060747984
safenlp_2024,/home/elipregerson/nnenum/vnncomp2025_benchmarks/benchmarks/safenlp_2024/onnx/ruarobot/perturbations_0.onnx,/home/elipregerson/nnenum/vnncomp2025_benchmarks/benchmarks/safenlp_2024/vnnlib/ruarobot/hyperrectangle_6249.vnnlib,.006431208,sat,.638902460
safenlp_2024,/home/elipregerson/nnenum/vnncomp2025_benchmarks/benchmarks/safenlp_2024/onnx/ruarobot/perturbations_0.onnx,/home/elipregerson/nnenum/vnncomp2025_benchmarks/benchmarks/safenlp_2024/vnnlib/ruarobot/hyperrectangle_541.vnnlib,.006301829,sat,.638072667
safenlp_2024,/home/elipregerson/nnenum/vnncomp2025_benchmarks/benchmarks/safenlp_2024/onnx/ruarobot/perturbations_0.onnx,/home/elipregerson/nnenum/vnncomp2025_benchmarks/benchmarks/safenlp_2024/vnnlib/ruarobot/hyperrectangle_6427.vnnlib,.006388284,sat,.633157664
safenlp_2024,/home/elipregerson/nnenum/vnncomp2025_benchmarks/benchmarks/safenlp_2024/onnx/ruarobot/perturbations_0.onnx,/home/elipregerson/nnenum/vnncomp2025_benchmarks/benchmarks/safenlp_2024/vnnlib/ruarobot/hyperrectangle_1176.vnnlib,.006501807,sat,.644903325
safenlp_2024,/home/elipregerson/nnenum/vnncomp2025_benchmarks/benchmarks/safenlp_2024/onnx/ruarobot/perturbations_0.onnx,/home/elipregerson/nnenum/vnncomp2025_benchmarks/benchmarks/safenlp_2024/vnnlib/ruarobot/hyperrectangle_282.vnnlib,.006217337,timeout,20.574203588
safenlp_2024,/home/elipregerson/nnenum/vnncomp2025_benchmarks/benchmarks/safenlp_2024/onnx/ruarobot/perturbations_0.onnx,/home/elipregerson/nnenum/vnncomp2025_benchmarks/benchmarks/safenlp_2024/vnnlib/ruarobot/hyperrectangle_1177.vnnlib,.006059211,sat,.638479485
safenlp_2024,/home/elipregerson/nnenum/vnncomp2025_benchmarks/benchmarks/safenlp_2024/onnx/ruarobot/perturbations_0.onnx,/home/elipregerson/nnenum/vnncomp2025_benchmarks/benchmarks/safenlp_2024/vnnlib/ruarobot/hyperrectangle_6183.vnnlib,.006114702,sat,.647804293
safenlp_2024,/home/elipregerson/nnenum/vnncomp2025_benchmarks/benchmarks/safenlp_2024/onnx/medical/perturbations_0.onnx,/home/elipregerson/nnenum/vnncomp2025_benchmarks/benchmarks/safenlp_2024/vnnlib/medical/hyperrectangle_2806.vnnlib,.006268687,unsat,.608011681
safenlp_2024,/home/elipregerson/nnenum/vnncomp2025_benchmarks/benchmarks/safenlp_2024/onnx/ruarobot/perturbations_0.onnx,/home/elipregerson/nnenum/vnncomp2025_benchmarks/benchmarks/safenlp_2024/vnnlib/ruarobot/hyperrectangle_5716.vnnlib,.006288114,sat,.646329971
safenlp_2024,/home/elipregerson/nnenum/vnncomp2025_benchmarks/benchmarks/safenlp_2024/onnx/ruarobot/perturbations_0.onnx,/home/elipregerson/nnenum/vnncomp2025_benchmarks/benchmarks/safenlp_2024/vnnlib/ruarobot/hyperrectangle_5966.vnnlib,.006055890,sat,.651382401
safenlp_2024,/home/elipregerson/nnenum/vnncomp2025_benchmarks/benchmarks/safenlp_2024/onnx/ruarobot/perturbations_0.onnx,/home/elipregerson/nnenum/vnncomp2025_benchmarks/benchmarks/safenlp_2024/vnnlib/ruarobot/hyperrectangle_1711.vnnlib,.006407735,sat,.649943114
safenlp_2024,/home/elipregerson/nnenum/vnncomp2025_benchmarks/benchmarks/safenlp_2024/onnx/ruarobot/perturbations_0.onnx,/home/elipregerson/nnenum/vnncomp2025_benchmarks/benchmarks/safenlp_2024/vnnlib/ruarobot/hyperrectangle_3447.vnnlib,.006368185,timeout,20.559309293
safenlp_2024,/home/elipregerson/nnenum/vnncomp2025_benchmarks/benchmarks/safenlp_2024/onnx/medical/perturbations_0.onnx,/home/elipregerson/nnenum/vnncomp2025_benchmarks/benchmarks/safenlp_2024/vnnlib/medical/hyperrectangle_2596.vnnlib,.006134120,unsat,.656408136
safenlp_2024,/home/elipregerson/nnenum/vnncomp2025_benchmarks/benchmarks/safenlp_2024/onnx/ruarobot/perturbations_0.onnx,/home/elipregerson/nnenum/vnncomp2025_benchmarks/benchmarks/safenlp_2024/vnnlib/ruarobot/hyperrectangle_1242.vnnlib,.006275336,sat,.603645850
safenlp_2024,/home/elipregerson/nnenum/vnncomp2025_benchmarks/benchmarks/safenlp_2024/onnx/ruarobot/perturbations_0.onnx,/home/elipregerson/nnenum/vnncomp2025_benchmarks/benchmarks/safenlp_2024/vnnlib/ruarobot/hyperrectangle_975.vnnlib,.006536338,sat,.667830480
safenlp_2024,/home/elipregerson/nnenum/vnncomp2025_benchmarks/benchmarks/safenlp_2024/onnx/ruarobot/perturbations_0.onnx,/home/elipregerson/nnenum/vnncomp2025_benchmarks/benchmarks/safenlp_2024/vnnlib/ruarobot/hyperrectangle_4467.vnnlib,.006295397,sat,.655876469
safenlp_2024,/home/elipregerson/nnenum/vnncomp2025_benchmarks/benchmarks/safenlp_2024/onnx/ruarobot/perturbations_0.onnx,/home/elipregerson/nnenum/vnncomp2025_benchmarks/benchmarks/safenlp_2024/vnnlib/ruarobot/hyperrectangle_6342.vnnlib,.006151355,sat,.650956731
safenlp_2024,/home/elipregerson/nnenum/vnncomp2025_benchmarks/benchmarks/safenlp_2024/onnx/ruarobot/perturbations_0.onnx,/home/elipregerson/nnenum/vnncomp2025_benchmarks/benchmarks/safenlp_2024/vnnlib/ruarobot/hyperrectangle_2428.vnnlib,.006257908,sat,.639595636
safenlp_2024,/home/elipregerson/nnenum/vnncomp2025_benchmarks/benchmarks/safenlp_2024/onnx/ruarobot/perturbations_0.onnx,/home/elipregerson/nnenum/vnncomp2025_benchmarks/benchmarks/safenlp_2024/vnnlib/ruarobot/hyperrectangle_1489.vnnlib,.006192318,timeout,20.559739044
safenlp_2024,/home/elipregerson/nnenum/vnncomp2025_benchmarks/benchmarks/safenlp_2024/onnx/medical/perturbations_0.onnx,/home/elipregerson/nnenum/vnncomp2025_benchmarks/benchmarks/safenlp_2024/vnnlib/medical/hyperrectangle_1084.vnnlib,.006184347,unsat,.596281094
safenlp_2024,/home/elipregerson/nnenum/vnncomp2025_benchmarks/benchmarks/safenlp_2024/onnx/ruarobot/perturbations_0.onnx,/home/elipregerson/nnenum/vnncomp2025_benchmarks/benchmarks/safenlp_2024/vnnlib/ruarobot/hyperrectangle_5072.vnnlib,.006045931,sat,.657097266
safenlp_2024,/home/elipregerson/nnenum/vnncomp2025_benchmarks/benchmarks/safenlp_2024/onnx/ruarobot/perturbations_0.onnx,/home/elipregerson/nnenum/vnncomp2025_benchmarks/benchmarks/safenlp_2024/vnnlib/ruarobot/hyperrectangle_2695.vnnlib,.006299123,sat,.596392294
safenlp_2024,/home/elipregerson/nnenum/vnncomp2025_benchmarks/benchmarks/safenlp_2024/onnx/medical/perturbations_0.onnx,/home/elipregerson/nnenum/vnncomp2025_benchmarks/benchmarks/safenlp_2024/vnnlib/medical/hyperrectangle_1793.vnnlib,.006250804,unsat,.608345352
safenlp_2024,/home/elipregerson/nnenum/vnncomp2025_benchmarks/benchmarks/safenlp_2024/onnx/ruarobot/perturbations_0.onnx,/home/elipregerson/nnenum/vnncomp2025_benchmarks/benchmarks/safenlp_2024/vnnlib/ruarobot/hyperrectangle_7288.vnnlib,.006103940,timeout,20.563213457
safenlp_2024,/home/elipregerson/nnenum/vnncomp2025_benchmarks/benchmarks/safenlp_2024/onnx/medical/perturbations_0.onnx,/home/elipregerson/nnenum/vnncomp2025_benchmarks/benchmarks/safenlp_2024/vnnlib/medical/hyperrectangle_243.vnnlib,.006171493,unsat,2.935692360
safenlp_2024,/home/elipregerson/nnenum/vnncomp2025_benchmarks/benchmarks/safenlp_2024/onnx/ruarobot/perturbations_0.onnx,/home/elipregerson/nnenum/vnncomp2025_benchmarks/benchmarks/safenlp_2024/vnnlib/ruarobot/hyperrectangle_4041.vnnlib,.006002016,sat,.653047289
safenlp_2024,/home/elipregerson/nnenum/vnncomp2025_benchmarks/benchmarks/safenlp_2024/onnx/medical/perturbations_0.onnx,/home/elipregerson/nnenum/vnncomp2025_benchmarks/benchmarks/safenlp_2024/vnnlib/medical/hyperrectangle_920.vnnlib,.005978408,unsat,.600024109
safenlp_2024,/home/elipregerson/nnenum/vnncomp2025_benchmarks/benchmarks/safenlp_2024/onnx/medical/perturbations_0.onnx,/home/elipregerson/nnenum/vnncomp2025_benchmarks/benchmarks/safenlp_2024/vnnlib/medical/hyperrectangle_1611.vnnlib,.006216077,unsat,.858694734
safenlp_2024,/home/elipregerson/nnenum/vnncomp2025_benchmarks/benchmarks/safenlp_2024/onnx/medical/perturbations_0.onnx,/home/elipregerson/nnenum/vnncomp2025_benchmarks/benchmarks/safenlp_2024/vnnlib/medical/hyperrectangle_1434.vnnlib,.006510025,unsat,.610415303
safenlp_2024,/home/elipregerson/nnenum/vnncomp2025_benchmarks/benchmarks/safenlp_2024/onnx/ruarobot/perturbations_0.onnx,/home/elipregerson/nnenum/vnncomp2025_benchmarks/benchmarks/safenlp_2024/vnnlib/ruarobot/hyperrectangle_9.vnnlib,.006191324,sat,.633832240
safenlp_2024,/home/elipregerson/nnenum/vnncomp2025_benchmarks/benchmarks/safenlp_2024/onnx/ruarobot/perturbations_0.onnx,/home/elipregerson/nnenum/vnncomp2025_benchmarks/benchmarks/safenlp_2024/vnnlib/ruarobot/hyperrectangle_5682.vnnlib,.006212899,sat,.643899498
safenlp_2024,/home/elipregerson/nnenum/vnncomp2025_benchmarks/benchmarks/safenlp_2024/onnx/ruarobot/perturbations_0.onnx,/home/elipregerson/nnenum/vnncomp2025_benchmarks/benchmarks/safenlp_2024/vnnlib/ruarobot/hyperrectangle_6522.vnnlib,.006616658,sat,.672198076
safenlp_2024,/home/elipregerson/nnenum/vnncomp2025_benchmarks/benchmarks/safenlp_2024/onnx/ruarobot/perturbations_0.onnx,/home/elipregerson/nnenum/vnncomp2025_benchmarks/benchmarks/safenlp_2024/vnnlib/ruarobot/hyperrectangle_4802.vnnlib,.006341351,sat,.641524921
safenlp_2024,/home/elipregerson/nnenum/vnncomp2025_benchmarks/benchmarks/safenlp_2024/onnx/medical/perturbations_0.onnx,/home/elipregerson/nnenum/vnncomp2025_benchmarks/benchmarks/safenlp_2024/vnnlib/medical/hyperrectangle_1769.vnnlib,.006200327,unsat,.594877378
safenlp_2024,/home/elipregerson/nnenum/vnncomp2025_benchmarks/benchmarks/safenlp_2024/onnx/ruarobot/perturbations_0.onnx,/home/elipregerson/nnenum/vnncomp2025_benchmarks/benchmarks/safenlp_2024/vnnlib/ruarobot/hyperrectangle_5498.vnnlib,.006125093,sat,.645040787
safenlp_2024,/home/elipregerson/nnenum/vnncomp2025_benchmarks/benchmarks/safenlp_2024/onnx/ruarobot/perturbations_0.onnx,/home/elipregerson/nnenum/vnncomp2025_benchmarks/benchmarks/safenlp_2024/vnnlib/ruarobot/hyperrectangle_3040.vnnlib,.006033962,unsat,.601113863
safenlp_2024,/home/elipregerson/nnenum/vnncomp2025_benchmarks/benchmarks/safenlp_2024/onnx/ruarobot/perturbations_0.onnx,/home/elipregerson/nnenum/vnncomp2025_benchmarks/benchmarks/safenlp_2024/vnnlib/ruarobot/hyperrectangle_4411.vnnlib,.006080824,sat,.647582211
safenlp_2024,/home/elipregerson/nnenum/vnncomp2025_benchmarks/benchmarks/safenlp_2024/onnx/ruarobot/perturbations_0.onnx,/home/elipregerson/nnenum/vnncomp2025_benchmarks/benchmarks/safenlp_2024/vnnlib/ruarobot/hyperrectangle_661.vnnlib,.006256771,sat,.636633515
safenlp_2024,/home/elipregerson/nnenum/vnncomp2025_benchmarks/benchmarks/safenlp_2024/onnx/ruarobot/perturbations_0.onnx,/home/elipregerson/nnenum/vnncomp2025_benchmarks/benchmarks/safenlp_2024/vnnlib/ruarobot/hyperrectangle_6187.vnnlib,.006271848,sat,.689498548
safenlp_2024,/home/elipregerson/nnenum/vnncomp2025_benchmarks/benchmarks/safenlp_2024/onnx/ruarobot/perturbations_0.onnx,/home/elipregerson/nnenum/vnncomp2025_benchmarks/benchmarks/safenlp_2024/vnnlib/ruarobot/hyperrectangle_5398.vnnlib,.006905171,timeout,20.564641089
safenlp_2024,/home/elipregerson/nnenum/vnncomp2025_benchmarks/benchmarks/safenlp_2024/onnx/ruarobot/perturbations_0.onnx,/home/elipregerson/nnenum/vnncomp2025_benchmarks/benchmarks/safenlp_2024/vnnlib/ruarobot/hyperrectangle_2746.vnnlib,.006128577,sat,.644450676
safenlp_2024,/home/elipregerson/nnenum/vnncomp2025_benchmarks/benchmarks/safenlp_2024/onnx/ruarobot/perturbations_0.onnx,/home/elipregerson/nnenum/vnncomp2025_benchmarks/benchmarks/safenlp_2024/vnnlib/ruarobot/hyperrectangle_315.vnnlib,.006074130,timeout,20.569311462
safenlp_2024,/home/elipregerson/nnenum/vnncomp2025_benchmarks/benchmarks/safenlp_2024/onnx/ruarobot/perturbations_0.onnx,/home/elipregerson/nnenum/vnncomp2025_benchmarks/benchmarks/safenlp_2024/vnnlib/ruarobot/hyperrectangle_5644.vnnlib,.006259761,sat,.651438492
safenlp_2024,/home/elipregerson/nnenum/vnncomp2025_benchmarks/benchmarks/safenlp_2024/onnx/ruarobot/perturbations_0.onnx,/home/elipregerson/nnenum/vnncomp2025_benchmarks/benchmarks/safenlp_2024/vnnlib/ruarobot/hyperrectangle_3110.vnnlib,.005996239,sat,.644582106
safenlp_2024,/home/elipregerson/nnenum/vnncomp2025_benchmarks/benchmarks/safenlp_2024/onnx/ruarobot/perturbations_0.onnx,/home/elipregerson/nnenum/vnncomp2025_benchmarks/benchmarks/safenlp_2024/vnnlib/ruarobot/hyperrectangle_3945.vnnlib,.006187653,timeout,20.561395938
safenlp_2024,/home/elipregerson/nnenum/vnncomp2025_benchmarks/benchmarks/safenlp_2024/onnx/ruarobot/perturbations_0.onnx,/home/elipregerson/nnenum/vnncomp2025_benchmarks/benchmarks/safenlp_2024/vnnlib/ruarobot/hyperrectangle_2132.vnnlib,.006251703,timeout,20.567945467
safenlp_2024,/home/elipregerson/nnenum/vnncomp2025_benchmarks/benchmarks/safenlp_2024/onnx/ruarobot/perturbations_0.onnx,/home/elipregerson/nnenum/vnncomp2025_benchmarks/benchmarks/safenlp_2024/vnnlib/ruarobot/hyperrectangle_5429.vnnlib,.006174931,sat,.641987578
safenlp_2024,/home/elipregerson/nnenum/vnncomp2025_benchmarks/benchmarks/safenlp_2024/onnx/medical/perturbations_0.onnx,/home/elipregerson/nnenum/vnncomp2025_benchmarks/benchmarks/safenlp_2024/vnnlib/medical/hyperrectangle_279.vnnlib,.006122421,unsat,.727328104
safenlp_2024,/home/elipregerson/nnenum/vnncomp2025_benchmarks/benchmarks/safenlp_2024/onnx/ruarobot/perturbations_0.onnx,/home/elipregerson/nnenum/vnncomp2025_benchmarks/benchmarks/safenlp_2024/vnnlib/ruarobot/hyperrectangle_6561.vnnlib,.006150543,sat,.648060086
safenlp_2024,/home/elipregerson/nnenum/vnncomp2025_benchmarks/benchmarks/safenlp_2024/onnx/ruarobot/perturbations_0.onnx,/home/elipregerson/nnenum/vnncomp2025_benchmarks/benchmarks/safenlp_2024/vnnlib/ruarobot/hyperrectangle_2371.vnnlib,.006233036,sat,.650040321
safenlp_2024,/home/elipregerson/nnenum/vnncomp2025_benchmarks/benchmarks/safenlp_2024/onnx/ruarobot/perturbations_0.onnx,/home/elipregerson/nnenum/vnncomp2025_benchmarks/benchmarks/safenlp_2024/vnnlib/ruarobot/hyperrectangle_1327.vnnlib,.006325485,timeout,20.574644501
safenlp_2024,/home/elipregerson/nnenum/vnncomp2025_benchmarks/benchmarks/safenlp_2024/onnx/medical/perturbations_0.onnx,/home/elipregerson/nnenum/vnncomp2025_benchmarks/benchmarks/safenlp_2024/vnnlib/medical/hyperrectangle_1411.vnnlib,.006168545,sat,.643914818
safenlp_2024,/home/elipregerson/nnenum/vnncomp2025_benchmarks/benchmarks/safenlp_2024/onnx/medical/perturbations_0.onnx,/home/elipregerson/nnenum/vnncomp2025_benchmarks/benchmarks/safenlp_2024/vnnlib/medical/hyperrectangle_1626.vnnlib,.006124026,unsat,.607227023
safenlp_2024,/home/elipregerson/nnenum/vnncomp2025_benchmarks/benchmarks/safenlp_2024/onnx/ruarobot/perturbations_0.onnx,/home/elipregerson/nnenum/vnncomp2025_benchmarks/benchmarks/safenlp_2024/vnnlib/ruarobot/hyperrectangle_2307.vnnlib,.006471089,sat,.641694818
safenlp_2024,/home/elipregerson/nnenum/vnncomp2025_benchmarks/benchmarks/safenlp_2024/onnx/medical/perturbations_0.onnx,/home/elipregerson/nnenum/vnncomp2025_benchmarks/benchmarks/safenlp_2024/vnnlib/medical/hyperrectangle_631.vnnlib,.006262668,unsat,.611640221
safenlp_2024,/home/elipregerson/nnenum/vnncomp2025_benchmarks/benchmarks/safenlp_2024/onnx/ruarobot/perturbations_0.onnx,/home/elipregerson/nnenum/vnncomp2025_benchmarks/benchmarks/safenlp_2024/vnnlib/ruarobot/hyperrectangle_3954.vnnlib,.006527076,timeout,20.566657994
safenlp_2024,/home/elipregerson/nnenum/vnncomp2025_benchmarks/benchmarks/safenlp_2024/onnx/ruarobot/perturbations_0.onnx,/home/elipregerson/nnenum/vnncomp2025_benchmarks/benchmarks/safenlp_2024/vnnlib/ruarobot/hyperrectangle_909.vnnlib,.006221646,sat,.649910085
safenlp_2024,/home/elipregerson/nnenum/vnncomp2025_benchmarks/benchmarks/safenlp_2024/onnx/ruarobot/perturbations_0.onnx,/home/elipregerson/nnenum/vnncomp2025_benchmarks/benchmarks/safenlp_2024/vnnlib/ruarobot/hyperrectangle_7018.vnnlib,.006181853,sat,2.911363565
safenlp_2024,/home/elipregerson/nnenum/vnncomp2025_benchmarks/benchmarks/safenlp_2024/onnx/ruarobot/perturbations_0.onnx,/home/elipregerson/nnenum/vnncomp2025_benchmarks/benchmarks/safenlp_2024/vnnlib/ruarobot/hyperrectangle_5392.vnnlib,.006102202,timeout,20.567203342
safenlp_2024,/home/elipregerson/nnenum/vnncomp2025_benchmarks/benchmarks/safenlp_2024/onnx/ruarobot/perturbations_0.onnx,/home/elipregerson/nnenum/vnncomp2025_benchmarks/benchmarks/safenlp_2024/vnnlib/ruarobot/hyperrectangle_6408.vnnlib,.006126208,sat,.663602593
safenlp_2024,/home/elipregerson/nnenum/vnncomp2025_benchmarks/benchmarks/safenlp_2024/onnx/ruarobot/perturbations_0.onnx,/home/elipregerson/nnenum/vnncomp2025_benchmarks/benchmarks/safenlp_2024/vnnlib/ruarobot/hyperrectangle_2738.vnnlib,.006347914,sat,.640136549
safenlp_2024,/home/elipregerson/nnenum/vnncomp2025_benchmarks/benchmarks/safenlp_2024/onnx/ruarobot/perturbations_0.onnx,/home/elipregerson/nnenum/vnncomp2025_benchmarks/benchmarks/safenlp_2024/vnnlib/ruarobot/hyperrectangle_5346.vnnlib,.006246571,sat,.646452519
safenlp_2024,/home/elipregerson/nnenum/vnncomp2025_benchmarks/benchmarks/safenlp_2024/onnx/medical/perturbations_0.onnx,/home/elipregerson/nnenum/vnncomp2025_benchmarks/benchmarks/safenlp_2024/vnnlib/medical/hyperrectangle_613.vnnlib,.006174384,sat,.642664216
safenlp_2024,/home/elipregerson/nnenum/vnncomp2025_benchmarks/benchmarks/safenlp_2024/onnx/ruarobot/perturbations_0.onnx,/home/elipregerson/nnenum/vnncomp2025_benchmarks/benchmarks/safenlp_2024/vnnlib/ruarobot/hyperrectangle_239.vnnlib,.006219252,sat,.895327334
safenlp_2024,/home/elipregerson/nnenum/vnncomp2025_benchmarks/benchmarks/safenlp_2024/onnx/ruarobot/perturbations_0.onnx,/home/elipregerson/nnenum/vnncomp2025_benchmarks/benchmarks/safenlp_2024/vnnlib/ruarobot/hyperrectangle_4417.vnnlib,.006338021,sat,.658865510
safenlp_2024,/home/elipregerson/nnenum/vnncomp2025_benchmarks/benchmarks/safenlp_2024/onnx/ruarobot/perturbations_0.onnx,/home/elipregerson/nnenum/vnncomp2025_benchmarks/benchmarks/safenlp_2024/vnnlib/ruarobot/hyperrectangle_7482.vnnlib,.006356539,sat,.787907833
safenlp_2024,/home/elipregerson/nnenum/vnncomp2025_benchmarks/benchmarks/safenlp_2024/onnx/ruarobot/perturbations_0.onnx,/home/elipregerson/nnenum/vnncomp2025_benchmarks/benchmarks/safenlp_2024/vnnlib/ruarobot/hyperrectangle_6038.vnnlib,.006110435,sat,.927137348
safenlp_2024,/home/elipregerson/nnenum/vnncomp2025_benchmarks/benchmarks/safenlp_2024/onnx/ruarobot/perturbations_0.onnx,/home/elipregerson/nnenum/vnncomp2025_benchmarks/benchmarks/safenlp_2024/vnnlib/ruarobot/hyperrectangle_4987.vnnlib,.006587949,sat,.727928537
safenlp_2024,/home/elipregerson/nnenum/vnncomp2025_benchmarks/benchmarks/safenlp_2024/onnx/ruarobot/perturbations_0.onnx,/home/elipregerson/nnenum/vnncomp2025_benchmarks/benchmarks/safenlp_2024/vnnlib/ruarobot/hyperrectangle_6526.vnnlib,.006160402,unsat,1.019341087
safenlp_2024,/home/elipregerson/nnenum/vnncomp2025_benchmarks/benchmarks/safenlp_2024/onnx/ruarobot/perturbations_0.onnx,/home/elipregerson/nnenum/vnncomp2025_benchmarks/benchmarks/safenlp_2024/vnnlib/ruarobot/hyperrectangle_3339.vnnlib,.006477333,unsat,.892972290
safenlp_2024,/home/elipregerson/nnenum/vnncomp2025_benchmarks/benchmarks/safenlp_2024/onnx/medical/perturbations_0.onnx,/home/elipregerson/nnenum/vnncomp2025_benchmarks/benchmarks/safenlp_2024/vnnlib/medical/hyperrectangle_1427.vnnlib,.006206021,unsat,.603136995
safenlp_2024,/home/elipregerson/nnenum/vnncomp2025_benchmarks/benchmarks/safenlp_2024/onnx/ruarobot/perturbations_0.onnx,/home/elipregerson/nnenum/vnncomp2025_benchmarks/benchmarks/safenlp_2024/vnnlib/ruarobot/hyperrectangle_872.vnnlib,.006272493,sat,.648634754
safenlp_2024,/home/elipregerson/nnenum/vnncomp2025_benchmarks/benchmarks/safenlp_2024/onnx/medical/perturbations_0.onnx,/home/elipregerson/nnenum/vnncomp2025_benchmarks/benchmarks/safenlp_2024/vnnlib/medical/hyperrectangle_1290.vnnlib,.006207926,unsat,.605543279
safenlp_2024,/home/elipregerson/nnenum/vnncomp2025_benchmarks/benchmarks/safenlp_2024/onnx/medical/perturbations_0.onnx,/home/elipregerson/nnenum/vnncomp2025_benchmarks/benchmarks/safenlp_2024/vnnlib/medical/hyperrectangle_1818.vnnlib,.006226496,sat,.637057785
safenlp_2024,/home/elipregerson/nnenum/vnncomp2025_benchmarks/benchmarks/safenlp_2024/onnx/ruarobot/perturbations_0.onnx,/home/elipregerson/nnenum/vnncomp2025_benchmarks/benchmarks/safenlp_2024/vnnlib/ruarobot/hyperrectangle_1.vnnlib,.006173422,sat,.646859190
safenlp_2024,/home/elipregerson/nnenum/vnncomp2025_benchmarks/benchmarks/safenlp_2024/onnx/ruarobot/perturbations_0.onnx,/home/elipregerson/nnenum/vnncomp2025_benchmarks/benchmarks/safenlp_2024/vnnlib/ruarobot/hyperrectangle_3670.vnnlib,.006414968,unsat,.599723424
safenlp_2024,/home/elipregerson/nnenum/vnncomp2025_benchmarks/benchmarks/safenlp_2024/onnx/medical/perturbations_0.onnx,/home/elipregerson/nnenum/vnncomp2025_benchmarks/benchmarks/safenlp_2024/vnnlib/medical/hyperrectangle_1123.vnnlib,.006166627,unsat,.602152268
safenlp_2024,/home/elipregerson/nnenum/vnncomp2025_benchmarks/benchmarks/safenlp_2024/onnx/ruarobot/perturbations_0.onnx,/home/elipregerson/nnenum/vnncomp2025_benchmarks/benchmarks/safenlp_2024/vnnlib/ruarobot/hyperrectangle_6143.vnnlib,.006099454,sat,.652431151
safenlp_2024,/home/elipregerson/nnenum/vnncomp2025_benchmarks/benchmarks/safenlp_2024/onnx/ruarobot/perturbations_0.onnx,/home/elipregerson/nnenum/vnncomp2025_benchmarks/benchmarks/safenlp_2024/vnnlib/ruarobot/hyperrectangle_675.vnnlib,.006279032,timeout,20.575220727
safenlp_2024,/home/elipregerson/nnenum/vnncomp2025_benchmarks/benchmarks/safenlp_2024/onnx/medical/perturbations_0.onnx,/home/elipregerson/nnenum/vnncomp2025_benchmarks/benchmarks/safenlp_2024/vnnlib/medical/hyperrectangle_1408.vnnlib,.006278432,unsat,.604146787
safenlp_2024,/home/elipregerson/nnenum/vnncomp2025_benchmarks/benchmarks/safenlp_2024/onnx/ruarobot/perturbations_0.onnx,/home/elipregerson/nnenum/vnncomp2025_benchmarks/benchmarks/safenlp_2024/vnnlib/ruarobot/hyperrectangle_2191.vnnlib,.006253733,sat,.647904460
safenlp_2024,/home/elipregerson/nnenum/vnncomp2025_benchmarks/benchmarks/safenlp_2024/onnx/ruarobot/perturbations_0.onnx,/home/elipregerson/nnenum/vnncomp2025_benchmarks/benchmarks/safenlp_2024/vnnlib/ruarobot/hyperrectangle_7043.vnnlib,.006083394,sat,.646901840
safenlp_2024,/home/elipregerson/nnenum/vnncomp2025_benchmarks/benchmarks/safenlp_2024/onnx/ruarobot/perturbations_0.onnx,/home/elipregerson/nnenum/vnncomp2025_benchmarks/benchmarks/safenlp_2024/vnnlib/ruarobot/hyperrectangle_4942.vnnlib,.006502070,timeout,20.562536401
safenlp_2024,/home/elipregerson/nnenum/vnncomp2025_benchmarks/benchmarks/safenlp_2024/onnx/ruarobot/perturbations_0.onnx,/home/elipregerson/nnenum/vnncomp2025_benchmarks/benchmarks/safenlp_2024/vnnlib/ruarobot/hyperrectangle_3512.vnnlib,.006240203,unsat,.868850159
safenlp_2024,/home/elipregerson/nnenum/vnncomp2025_benchmarks/benchmarks/safenlp_2024/onnx/ruarobot/perturbations_0.onnx,/home/elipregerson/nnenum/vnncomp2025_benchmarks/benchmarks/safenlp_2024/vnnlib/ruarobot/hyperrectangle_1589.vnnlib,.006110721,sat,.645021182
safenlp_2024,/home/elipregerson/nnenum/vnncomp2025_benchmarks/benchmarks/safenlp_2024/onnx/ruarobot/perturbations_0.onnx,/home/elipregerson/nnenum/vnncomp2025_benchmarks/benchmarks/safenlp_2024/vnnlib/ruarobot/hyperrectangle_876.vnnlib,.006054662,sat,.663268336
safenlp_2024,/home/elipregerson/nnenum/vnncomp2025_benchmarks/benchmarks/safenlp_2024/onnx/ruarobot/perturbations_0.onnx,/home/elipregerson/nnenum/vnncomp2025_benchmarks/benchmarks/safenlp_2024/vnnlib/ruarobot/hyperrectangle_3778.vnnlib,.006140040,sat,.644599265
safenlp_2024,/home/elipregerson/nnenum/vnncomp2025_benchmarks/benchmarks/safenlp_2024/onnx/ruarobot/perturbations_0.onnx,/home/elipregerson/nnenum/vnncomp2025_benchmarks/benchmarks/safenlp_2024/vnnlib/ruarobot/hyperrectangle_4274.vnnlib,.006382474,sat,.647426429
safenlp_2024,/home/elipregerson/nnenum/vnncomp2025_benchmarks/benchmarks/safenlp_2024/onnx/ruarobot/perturbations_0.onnx,/home/elipregerson/nnenum/vnncomp2025_benchmarks/benchmarks/safenlp_2024/vnnlib/ruarobot/hyperrectangle_6685.vnnlib,.006213387,sat,.653336449
safenlp_2024,/home/elipregerson/nnenum/vnncomp2025_benchmarks/benchmarks/safenlp_2024/onnx/ruarobot/perturbations_0.onnx,/home/elipregerson/nnenum/vnncomp2025_benchmarks/benchmarks/safenlp_2024/vnnlib/ruarobot/hyperrectangle_597.vnnlib,.006289717,sat,.649457824
safenlp_2024,/home/elipregerson/nnenum/vnncomp2025_benchmarks/benchmarks/safenlp_2024/onnx/medical/perturbations_0.onnx,/home/elipregerson/nnenum/vnncomp2025_benchmarks/benchmarks/safenlp_2024/vnnlib/medical/hyperrectangle_1005.vnnlib,.006159633,unsat,1.191604484
safenlp_2024,/home/elipregerson/nnenum/vnncomp2025_benchmarks/benchmarks/safenlp_2024/onnx/ruarobot/perturbations_0.onnx,/home/elipregerson/nnenum/vnncomp2025_benchmarks/benchmarks/safenlp_2024/vnnlib/ruarobot/hyperrectangle_1777.vnnlib,.006477451,unsat,1.771394958
safenlp_2024,/home/elipregerson/nnenum/vnncomp2025_benchmarks/benchmarks/safenlp_2024/onnx/ruarobot/perturbations_0.onnx,/home/elipregerson/nnenum/vnncomp2025_benchmarks/benchmarks/safenlp_2024/vnnlib/ruarobot/hyperrectangle_5766.vnnlib,.006171833,sat,.658966277
safenlp_2024,/home/elipregerson/nnenum/vnncomp2025_benchmarks/benchmarks/safenlp_2024/onnx/ruarobot/perturbations_0.onnx,/home/elipregerson/nnenum/vnncomp2025_benchmarks/benchmarks/safenlp_2024/vnnlib/ruarobot/hyperrectangle_6529.vnnlib,.006315115,sat,.667549787
safenlp_2024,/home/elipregerson/nnenum/vnncomp2025_benchmarks/benchmarks/safenlp_2024/onnx/ruarobot/perturbations_0.onnx,/home/elipregerson/nnenum/vnncomp2025_benchmarks/benchmarks/safenlp_2024/vnnlib/ruarobot/hyperrectangle_6095.vnnlib,.006607568,sat,.777875595
safenlp_2024,/home/elipregerson/nnenum/vnncomp2025_benchmarks/benchmarks/safenlp_2024/onnx/ruarobot/perturbations_0.onnx,/home/elipregerson/nnenum/vnncomp2025_benchmarks/benchmarks/safenlp_2024/vnnlib/ruarobot/hyperrectangle_6829.vnnlib,.006123206,sat,.710988515
safenlp_2024,/home/elipregerson/nnenum/vnncomp2025_benchmarks/benchmarks/safenlp_2024/onnx/ruarobot/perturbations_0.onnx,/home/elipregerson/nnenum/vnncomp2025_benchmarks/benchmarks/safenlp_2024/vnnlib/ruarobot/hyperrectangle_109.vnnlib,.005971286,sat,.634338174
safenlp_2024,/home/elipregerson/nnenum/vnncomp2025_benchmarks/benchmarks/safenlp_2024/onnx/medical/perturbations_0.onnx,/home/elipregerson/nnenum/vnncomp2025_benchmarks/benchmarks/safenlp_2024/vnnlib/medical/hyperrectangle_127.vnnlib,.006493144,unsat,.601787759
safenlp_2024,/home/elipregerson/nnenum/vnncomp2025_benchmarks/benchmarks/safenlp_2024/onnx/medical/perturbations_0.onnx,/home/elipregerson/nnenum/vnncomp2025_benchmarks/benchmarks/safenlp_2024/vnnlib/medical/hyperrectangle_592.vnnlib,.006475706,unsat,.605377250
safenlp_2024,/home/elipregerson/nnenum/vnncomp2025_benchmarks/benchmarks/safenlp_2024/onnx/ruarobot/perturbations_0.onnx,/home/elipregerson/nnenum/vnncomp2025_benchmarks/benchmarks/safenlp_2024/vnnlib/ruarobot/hyperrectangle_1106.vnnlib,.006158826,sat,.638452072
safenlp_2024,/home/elipregerson/nnenum/vnncomp2025_benchmarks/benchmarks/safenlp_2024/onnx/medical/perturbations_0.onnx,/home/elipregerson/nnenum/vnncomp2025_benchmarks/benchmarks/safenlp_2024/vnnlib/medical/hyperrectangle_732.vnnlib,.006217422,sat,.636150808
safenlp_2024,/home/elipregerson/nnenum/vnncomp2025_benchmarks/benchmarks/safenlp_2024/onnx/ruarobot/perturbations_0.onnx,/home/elipregerson/nnenum/vnncomp2025_benchmarks/benchmarks/safenlp_2024/vnnlib/ruarobot/hyperrectangle_2640.vnnlib,.006331759,sat,.653921627
safenlp_2024,/home/elipregerson/nnenum/vnncomp2025_benchmarks/benchmarks/safenlp_2024/onnx/ruarobot/perturbations_0.onnx,/home/elipregerson/nnenum/vnncomp2025_benchmarks/benchmarks/safenlp_2024/vnnlib/ruarobot/hyperrectangle_5247.vnnlib,.006153319,sat,.646731385
safenlp_2024,/home/elipregerson/nnenum/vnncomp2025_benchmarks/benchmarks/safenlp_2024/onnx/ruarobot/perturbations_0.onnx,/home/elipregerson/nnenum/vnncomp2025_benchmarks/benchmarks/safenlp_2024/vnnlib/ruarobot/hyperrectangle_5520.vnnlib,.006152839,unsat,1.007033470
safenlp_2024,/home/elipregerson/nnenum/vnncomp2025_benchmarks/benchmarks/safenlp_2024/onnx/ruarobot/perturbations_0.onnx,/home/elipregerson/nnenum/vnncomp2025_benchmarks/benchmarks/safenlp_2024/vnnlib/ruarobot/hyperrectangle_2851.vnnlib,.006160371,sat,.648744646
safenlp_2024,/home/elipregerson/nnenum/vnncomp2025_benchmarks/benchmarks/safenlp_2024/onnx/ruarobot/perturbations_0.onnx,/home/elipregerson/nnenum/vnncomp2025_benchmarks/benchmarks/safenlp_2024/vnnlib/ruarobot/hyperrectangle_5875.vnnlib,.006468105,sat,.660732924
safenlp_2024,/home/elipregerson/nnenum/vnncomp2025_benchmarks/benchmarks/safenlp_2024/onnx/ruarobot/perturbations_0.onnx,/home/elipregerson/nnenum/vnncomp2025_benchmarks/benchmarks/safenlp_2024/vnnlib/ruarobot/hyperrectangle_5758.vnnlib,.006453798,unsat,.869777532
safenlp_2024,/home/elipregerson/nnenum/vnncomp2025_benchmarks/benchmarks/safenlp_2024/onnx/medical/perturbations_0.onnx,/home/elipregerson/nnenum/vnncomp2025_benchmarks/benchmarks/safenlp_2024/vnnlib/medical/hyperrectangle_2404.vnnlib,.006227912,sat,.629441014
safenlp_2024,/home/elipregerson/nnenum/vnncomp2025_benchmarks/benchmarks/safenlp_2024/onnx/medical/perturbations_0.onnx,/home/elipregerson/nnenum/vnncomp2025_benchmarks/benchmarks/safenlp_2024/vnnlib/medical/hyperrectangle_1319.vnnlib,.006209367,unsat,.600954526
safenlp_2024,/home/elipregerson/nnenum/vnncomp2025_benchmarks/benchmarks/safenlp_2024/onnx/ruarobot/perturbations_0.onnx,/home/elipregerson/nnenum/vnncomp2025_benchmarks/benchmarks/safenlp_2024/vnnlib/ruarobot/hyperrectangle_5642.vnnlib,.006461112,sat,.709629329
safenlp_2024,/home/elipregerson/nnenum/vnncomp2025_benchmarks/benchmarks/safenlp_2024/onnx/medical/perturbations_0.onnx,/home/elipregerson/nnenum/vnncomp2025_benchmarks/benchmarks/safenlp_2024/vnnlib/medical/hyperrectangle_278.vnnlib,.006320875,unsat,.619520667
safenlp_2024,/home/elipregerson/nnenum/vnncomp2025_benchmarks/benchmarks/safenlp_2024/onnx/medical/perturbations_0.onnx,/home/elipregerson/nnenum/vnncomp2025_benchmarks/benchmarks/safenlp_2024/vnnlib/medical/hyperrectangle_2882.vnnlib,.006247937,sat,.768813576
safenlp_2024,/home/elipregerson/nnenum/vnncomp2025_benchmarks/benchmarks/safenlp_2024/onnx/ruarobot/perturbations_0.onnx,/home/elipregerson/nnenum/vnncomp2025_benchmarks/benchmarks/safenlp_2024/vnnlib/ruarobot/hyperrectangle_7891.vnnlib,.006230577,sat,.639032536
safenlp_2024,/home/elipregerson/nnenum/vnncomp2025_benchmarks/benchmarks/safenlp_2024/onnx/ruarobot/perturbations_0.onnx,/home/elipregerson/nnenum/vnncomp2025_benchmarks/benchmarks/safenlp_2024/vnnlib/ruarobot/hyperrectangle_6943.vnnlib,.006230007,sat,.659858645
safenlp_2024,/home/elipregerson/nnenum/vnncomp2025_benchmarks/benchmarks/safenlp_2024/onnx/ruarobot/perturbations_0.onnx,/home/elipregerson/nnenum/vnncomp2025_benchmarks/benchmarks/safenlp_2024/vnnlib/ruarobot/hyperrectangle_6716.vnnlib,.006290682,sat,.647579710
safenlp_2024,/home/elipregerson/nnenum/vnncomp2025_benchmarks/benchmarks/safenlp_2024/onnx/medical/perturbations_0.onnx,/home/elipregerson/nnenum/vnncomp2025_benchmarks/benchmarks/safenlp_2024/vnnlib/medical/hyperrectangle_1396.vnnlib,.006103238,unsat,.598893438
safenlp_2024,/home/elipregerson/nnenum/vnncomp2025_benchmarks/benchmarks/safenlp_2024/onnx/ruarobot/perturbations_0.onnx,/home/elipregerson/nnenum/vnncomp2025_benchmarks/benchmarks/safenlp_2024/vnnlib/ruarobot/hyperrectangle_246.vnnlib,.006596154,sat,.649716760
safenlp_2024,/home/elipregerson/nnenum/vnncomp2025_benchmarks/benchmarks/safenlp_2024/onnx/ruarobot/perturbations_0.onnx,/home/elipregerson/nnenum/vnncomp2025_benchmarks/benchmarks/safenlp_2024/vnnlib/ruarobot/hyperrectangle_1411.vnnlib,.006403500,sat,.640986934
safenlp_2024,/home/elipregerson/nnenum/vnncomp2025_benchmarks/benchmarks/safenlp_2024/onnx/medical/perturbations_0.onnx,/home/elipregerson/nnenum/vnncomp2025_benchmarks/benchmarks/safenlp_2024/vnnlib/medical/hyperrectangle_1914.vnnlib,.006173331,unsat,.596136974
safenlp_2024,/home/elipregerson/nnenum/vnncomp2025_benchmarks/benchmarks/safenlp_2024/onnx/ruarobot/perturbations_0.onnx,/home/elipregerson/nnenum/vnncomp2025_benchmarks/benchmarks/safenlp_2024/vnnlib/ruarobot/hyperrectangle_5232.vnnlib,.006270761,sat,.672581533
safenlp_2024,/home/elipregerson/nnenum/vnncomp2025_benchmarks/benchmarks/safenlp_2024/onnx/ruarobot/perturbations_0.onnx,/home/elipregerson/nnenum/vnncomp2025_benchmarks/benchmarks/safenlp_2024/vnnlib/ruarobot/hyperrectangle_7002.vnnlib,.006115922,sat,.866789121
safenlp_2024,/home/elipregerson/nnenum/vnncomp2025_benchmarks/benchmarks/safenlp_2024/onnx/ruarobot/perturbations_0.onnx,/home/elipregerson/nnenum/vnncomp2025_benchmarks/benchmarks/safenlp_2024/vnnlib/ruarobot/hyperrectangle_5198.vnnlib,.006211722,sat,.640639668
safenlp_2024,/home/elipregerson/nnenum/vnncomp2025_benchmarks/benchmarks/safenlp_2024/onnx/ruarobot/perturbations_0.onnx,/home/elipregerson/nnenum/vnncomp2025_benchmarks/benchmarks/safenlp_2024/vnnlib/ruarobot/hyperrectangle_4034.vnnlib,.006066646,sat,.645222229
safenlp_2024,/home/elipregerson/nnenum/vnncomp2025_benchmarks/benchmarks/safenlp_2024/onnx/ruarobot/perturbations_0.onnx,/home/elipregerson/nnenum/vnncomp2025_benchmarks/benchmarks/safenlp_2024/vnnlib/ruarobot/hyperrectangle_7084.vnnlib,.006107405,sat,.648105516
safenlp_2024,/home/elipregerson/nnenum/vnncomp2025_benchmarks/benchmarks/safenlp_2024/onnx/medical/perturbations_0.onnx,/home/elipregerson/nnenum/vnncomp2025_benchmarks/benchmarks/safenlp_2024/vnnlib/medical/hyperrectangle_1610.vnnlib,.006264914,unsat,.597923266
safenlp_2024,/home/elipregerson/nnenum/vnncomp2025_benchmarks/benchmarks/safenlp_2024/onnx/medical/perturbations_0.onnx,/home/elipregerson/nnenum/vnncomp2025_benchmarks/benchmarks/safenlp_2024/vnnlib/medical/hyperrectangle_2110.vnnlib,.006380663,timeout,20.557762914
safenlp_2024,/home/elipregerson/nnenum/vnncomp2025_benchmarks/benchmarks/safenlp_2024/onnx/ruarobot/perturbations_0.onnx,/home/elipregerson/nnenum/vnncomp2025_benchmarks/benchmarks/safenlp_2024/vnnlib/ruarobot/hyperrectangle_4368.vnnlib,.006189742,sat,.641714071
safenlp_2024,/home/elipregerson/nnenum/vnncomp2025_benchmarks/benchmarks/safenlp_2024/onnx/ruarobot/perturbations_0.onnx,/home/elipregerson/nnenum/vnncomp2025_benchmarks/benchmarks/safenlp_2024/vnnlib/ruarobot/hyperrectangle_1204.vnnlib,.006258984,sat,.661164308
safenlp_2024,/home/elipregerson/nnenum/vnncomp2025_benchmarks/benchmarks/safenlp_2024/onnx/ruarobot/perturbations_0.onnx,/home/elipregerson/nnenum/vnncomp2025_benchmarks/benchmarks/safenlp_2024/vnnlib/ruarobot/hyperrectangle_3177.vnnlib,.006258030,sat,.644222076
safenlp_2024,/home/elipregerson/nnenum/vnncomp2025_benchmarks/benchmarks/safenlp_2024/onnx/medical/perturbations_0.onnx,/home/elipregerson/nnenum/vnncomp2025_benchmarks/benchmarks/safenlp_2024/vnnlib/medical/hyperrectangle_168.vnnlib,.006168530,unsat,18.897811551
safenlp_2024,/home/elipregerson/nnenum/vnncomp2025_benchmarks/benchmarks/safenlp_2024/onnx/ruarobot/perturbations_0.onnx,/home/elipregerson/nnenum/vnncomp2025_benchmarks/benchmarks/safenlp_2024/vnnlib/ruarobot/hyperrectangle_5250.vnnlib,.006501505,sat,.624915288
safenlp_2024,/home/elipregerson/nnenum/vnncomp2025_benchmarks/benchmarks/safenlp_2024/onnx/ruarobot/perturbations_0.onnx,/home/elipregerson/nnenum/vnncomp2025_benchmarks/benchmarks/safenlp_2024/vnnlib/ruarobot/hyperrectangle_2157.vnnlib,.006143977,sat,.642217443
safenlp_2024,/home/elipregerson/nnenum/vnncomp2025_benchmarks/benchmarks/safenlp_2024/onnx/ruarobot/perturbations_0.onnx,/home/elipregerson/nnenum/vnncomp2025_benchmarks/benchmarks/safenlp_2024/vnnlib/ruarobot/hyperrectangle_4240.vnnlib,.006333897,sat,.654340774
safenlp_2024,/home/elipregerson/nnenum/vnncomp2025_benchmarks/benchmarks/safenlp_2024/onnx/medical/perturbations_0.onnx,/home/elipregerson/nnenum/vnncomp2025_benchmarks/benchmarks/safenlp_2024/vnnlib/medical/hyperrectangle_2371.vnnlib,.006398071,sat,.642787698
safenlp_2024,/home/elipregerson/nnenum/vnncomp2025_benchmarks/benchmarks/safenlp_2024/onnx/ruarobot/perturbations_0.onnx,/home/elipregerson/nnenum/vnncomp2025_benchmarks/benchmarks/safenlp_2024/vnnlib/ruarobot/hyperrectangle_183.vnnlib,.006123023,unsat,.992479935
safenlp_2024,/home/elipregerson/nnenum/vnncomp2025_benchmarks/benchmarks/safenlp_2024/onnx/ruarobot/perturbations_0.onnx,/home/elipregerson/nnenum/vnncomp2025_benchmarks/benchmarks/safenlp_2024/vnnlib/ruarobot/hyperrectangle_3734.vnnlib,.006578035,sat,.656814110
safenlp_2024,/home/elipregerson/nnenum/vnncomp2025_benchmarks/benchmarks/safenlp_2024/onnx/ruarobot/perturbations_0.onnx,/home/elipregerson/nnenum/vnncomp2025_benchmarks/benchmarks/safenlp_2024/vnnlib/ruarobot/hyperrectangle_7150.vnnlib,.006171823,sat,.651492109
safenlp_2024,/home/elipregerson/nnenum/vnncomp2025_benchmarks/benchmarks/safenlp_2024/onnx/ruarobot/perturbations_0.onnx,/home/elipregerson/nnenum/vnncomp2025_benchmarks/benchmarks/safenlp_2024/vnnlib/ruarobot/hyperrectangle_5914.vnnlib,.006465484,unsat,.668744777
safenlp_2024,/home/elipregerson/nnenum/vnncomp2025_benchmarks/benchmarks/safenlp_2024/onnx/ruarobot/perturbations_0.onnx,/home/elipregerson/nnenum/vnncomp2025_benchmarks/benchmarks/safenlp_2024/vnnlib/ruarobot/hyperrectangle_2759.vnnlib,.006386380,sat,.643627493
safenlp_2024,/home/elipregerson/nnenum/vnncomp2025_benchmarks/benchmarks/safenlp_2024/onnx/medical/perturbations_0.onnx,/home/elipregerson/nnenum/vnncomp2025_benchmarks/benchmarks/safenlp_2024/vnnlib/medical/hyperrectangle_1999.vnnlib,.006206663,unsat,.661933482
safenlp_2024,/home/elipregerson/nnenum/vnncomp2025_benchmarks/benchmarks/safenlp_2024/onnx/ruarobot/perturbations_0.onnx,/home/elipregerson/nnenum/vnncomp2025_benchmarks/benchmarks/safenlp_2024/vnnlib/ruarobot/hyperrectangle_3781.vnnlib,.006064965,unsat,1.874980308
safenlp_2024,/home/elipregerson/nnenum/vnncomp2025_benchmarks/benchmarks/safenlp_2024/onnx/ruarobot/perturbations_0.onnx,/home/elipregerson/nnenum/vnncomp2025_benchmarks/benchmarks/safenlp_2024/vnnlib/ruarobot/hyperrectangle_7251.vnnlib,.006058627,sat,.640270104
safenlp_2024,/home/elipregerson/nnenum/vnncomp2025_benchmarks/benchmarks/safenlp_2024/onnx/ruarobot/perturbations_0.onnx,/home/elipregerson/nnenum/vnncomp2025_benchmarks/benchmarks/safenlp_2024/vnnlib/ruarobot/hyperrectangle_3006.vnnlib,.006690983,sat,.649352604
safenlp_2024,/home/elipregerson/nnenum/vnncomp2025_benchmarks/benchmarks/safenlp_2024/onnx/ruarobot/perturbations_0.onnx,/home/elipregerson/nnenum/vnncomp2025_benchmarks/benchmarks/safenlp_2024/vnnlib/ruarobot/hyperrectangle_3304.vnnlib,.007455351,sat,.643560555
safenlp_2024,/home/elipregerson/nnenum/vnncomp2025_benchmarks/benchmarks/safenlp_2024/onnx/medical/perturbations_0.onnx,/home/elipregerson/nnenum/vnncomp2025_benchmarks/benchmarks/safenlp_2024/vnnlib/medical/hyperrectangle_2731.vnnlib,.006120337,unsat,.657565771
safenlp_2024,/home/elipregerson/nnenum/vnncomp2025_benchmarks/benchmarks/safenlp_2024/onnx/medical/perturbations_0.onnx,/home/elipregerson/nnenum/vnncomp2025_benchmarks/benchmarks/safenlp_2024/vnnlib/medical/hyperrectangle_719.vnnlib,.007503234,unsat,.844511887
safenlp_2024,/home/elipregerson/nnenum/vnncomp2025_benchmarks/benchmarks/safenlp_2024/onnx/ruarobot/perturbations_0.onnx,/home/elipregerson/nnenum/vnncomp2025_benchmarks/benchmarks/safenlp_2024/vnnlib/ruarobot/hyperrectangle_5168.vnnlib,.006128891,sat,.646076027
safenlp_2024,/home/elipregerson/nnenum/vnncomp2025_benchmarks/benchmarks/safenlp_2024/onnx/ruarobot/perturbations_0.onnx,/home/elipregerson/nnenum/vnncomp2025_benchmarks/benchmarks/safenlp_2024/vnnlib/ruarobot/hyperrectangle_3081.vnnlib,.006209522,sat,.641526885
safenlp_2024,/home/elipregerson/nnenum/vnncomp2025_benchmarks/benchmarks/safenlp_2024/onnx/medical/perturbations_0.onnx,/home/elipregerson/nnenum/vnncomp2025_benchmarks/benchmarks/safenlp_2024/vnnlib/medical/hyperrectangle_2603.vnnlib,.006243396,unsat,.592441131
safenlp_2024,/home/elipregerson/nnenum/vnncomp2025_benchmarks/benchmarks/safenlp_2024/onnx/ruarobot/perturbations_0.onnx,/home/elipregerson/nnenum/vnncomp2025_benchmarks/benchmarks/safenlp_2024/vnnlib/ruarobot/hyperrectangle_3689.vnnlib,.006414213,timeout,20.564241728
safenlp_2024,/home/elipregerson/nnenum/vnncomp2025_benchmarks/benchmarks/safenlp_2024/onnx/medical/perturbations_0.onnx,/home/elipregerson/nnenum/vnncomp2025_benchmarks/benchmarks/safenlp_2024/vnnlib/medical/hyperrectangle_1143.vnnlib,.006244410,unsat,.602880660
safenlp_2024,/home/elipregerson/nnenum/vnncomp2025_benchmarks/benchmarks/safenlp_2024/onnx/medical/perturbations_0.onnx,/home/elipregerson/nnenum/vnncomp2025_benchmarks/benchmarks/safenlp_2024/vnnlib/medical/hyperrectangle_824.vnnlib,.006411239,unsat,.612086920
safenlp_2024,/home/elipregerson/nnenum/vnncomp2025_benchmarks/benchmarks/safenlp_2024/onnx/medical/perturbations_0.onnx,/home/elipregerson/nnenum/vnncomp2025_benchmarks/benchmarks/safenlp_2024/vnnlib/medical/hyperrectangle_795.vnnlib,.006091099,timeout,20.557751117
safenlp_2024,/home/elipregerson/nnenum/vnncomp2025_benchmarks/benchmarks/safenlp_2024/onnx/ruarobot/perturbations_0.onnx,/home/elipregerson/nnenum/vnncomp2025_benchmarks/benchmarks/safenlp_2024/vnnlib/ruarobot/hyperrectangle_4896.vnnlib,.006407554,sat,.648842684
safenlp_2024,/home/elipregerson/nnenum/vnncomp2025_benchmarks/benchmarks/safenlp_2024/onnx/ruarobot/perturbations_0.onnx,/home/elipregerson/nnenum/vnncomp2025_benchmarks/benchmarks/safenlp_2024/vnnlib/ruarobot/hyperrectangle_7140.vnnlib,.006437743,sat,.698512499
safenlp_2024,/home/elipregerson/nnenum/vnncomp2025_benchmarks/benchmarks/safenlp_2024/onnx/ruarobot/perturbations_0.onnx,/home/elipregerson/nnenum/vnncomp2025_benchmarks/benchmarks/safenlp_2024/vnnlib/ruarobot/hyperrectangle_735.vnnlib,.006160116,sat,.648211859
safenlp_2024,/home/elipregerson/nnenum/vnncomp2025_benchmarks/benchmarks/safenlp_2024/onnx/ruarobot/perturbations_0.onnx,/home/elipregerson/nnenum/vnncomp2025_benchmarks/benchmarks/safenlp_2024/vnnlib/ruarobot/hyperrectangle_868.vnnlib,.006227990,sat,.650882683
safenlp_2024,/home/elipregerson/nnenum/vnncomp2025_benchmarks/benchmarks/safenlp_2024/onnx/ruarobot/perturbations_0.onnx,/home/elipregerson/nnenum/vnncomp2025_benchmarks/benchmarks/safenlp_2024/vnnlib/ruarobot/hyperrectangle_1913.vnnlib,.006631971,sat,.643336042
safenlp_2024,/home/elipregerson/nnenum/vnncomp2025_benchmarks/benchmarks/safenlp_2024/onnx/medical/perturbations_0.onnx,/home/elipregerson/nnenum/vnncomp2025_benchmarks/benchmarks/safenlp_2024/vnnlib/medical/hyperrectangle_2160.vnnlib,.006096059,unsat,.874557944
safenlp_2024,/home/elipregerson/nnenum/vnncomp2025_benchmarks/benchmarks/safenlp_2024/onnx/ruarobot/perturbations_0.onnx,/home/elipregerson/nnenum/vnncomp2025_benchmarks/benchmarks/safenlp_2024/vnnlib/ruarobot/hyperrectangle_910.vnnlib,.006302834,sat,.654413119
safenlp_2024,/home/elipregerson/nnenum/vnncomp2025_benchmarks/benchmarks/safenlp_2024/onnx/medical/perturbations_0.onnx,/home/elipregerson/nnenum/vnncomp2025_benchmarks/benchmarks/safenlp_2024/vnnlib/medical/hyperrectangle_1220.vnnlib,.006550981,unsat,.800394826
safenlp_2024,/home/elipregerson/nnenum/vnncomp2025_benchmarks/benchmarks/safenlp_2024/onnx/ruarobot/perturbations_0.onnx,/home/elipregerson/nnenum/vnncomp2025_benchmarks/benchmarks/safenlp_2024/vnnlib/ruarobot/hyperrectangle_593.vnnlib,.006085667,sat,.642940589
safenlp_2024,/home/elipregerson/nnenum/vnncomp2025_benchmarks/benchmarks/safenlp_2024/onnx/ruarobot/perturbations_0.onnx,/home/elipregerson/nnenum/vnncomp2025_benchmarks/benchmarks/safenlp_2024/vnnlib/ruarobot/hyperrectangle_7676.vnnlib,.006348552,timeout,20.566051160
safenlp_2024,/home/elipregerson/nnenum/vnncomp2025_benchmarks/benchmarks/safenlp_2024/onnx/ruarobot/perturbations_0.onnx,/home/elipregerson/nnenum/vnncomp2025_benchmarks/benchmarks/safenlp_2024/vnnlib/ruarobot/hyperrectangle_5921.vnnlib,.006154641,sat,.643245673
safenlp_2024,/home/elipregerson/nnenum/vnncomp2025_benchmarks/benchmarks/safenlp_2024/onnx/ruarobot/perturbations_0.onnx,/home/elipregerson/nnenum/vnncomp2025_benchmarks/benchmarks/safenlp_2024/vnnlib/ruarobot/hyperrectangle_7792.vnnlib,.006419978,sat,.653969548
safenlp_2024,/home/elipregerson/nnenum/vnncomp2025_benchmarks/benchmarks/safenlp_2024/onnx/ruarobot/perturbations_0.onnx,/home/elipregerson/nnenum/vnncomp2025_benchmarks/benchmarks/safenlp_2024/vnnlib/ruarobot/hyperrectangle_3500.vnnlib,.006155653,sat,.645307485
safenlp_2024,/home/elipregerson/nnenum/vnncomp2025_benchmarks/benchmarks/safenlp_2024/onnx/ruarobot/perturbations_0.onnx,/home/elipregerson/nnenum/vnncomp2025_benchmarks/benchmarks/safenlp_2024/vnnlib/ruarobot/hyperrectangle_7272.vnnlib,.006343469,sat,.641619117
safenlp_2024,/home/elipregerson/nnenum/vnncomp2025_benchmarks/benchmarks/safenlp_2024/onnx/medical/perturbations_0.onnx,/home/elipregerson/nnenum/vnncomp2025_benchmarks/benchmarks/safenlp_2024/vnnlib/medical/hyperrectangle_1314.vnnlib,.006491267,unsat,.601718624
safenlp_2024,/home/elipregerson/nnenum/vnncomp2025_benchmarks/benchmarks/safenlp_2024/onnx/ruarobot/perturbations_0.onnx,/home/elipregerson/nnenum/vnncomp2025_benchmarks/benchmarks/safenlp_2024/vnnlib/ruarobot/hyperrectangle_6259.vnnlib,.006371163,sat,.661916888
safenlp_2024,/home/elipregerson/nnenum/vnncomp2025_benchmarks/benchmarks/safenlp_2024/onnx/ruarobot/perturbations_0.onnx,/home/elipregerson/nnenum/vnncomp2025_benchmarks/benchmarks/safenlp_2024/vnnlib/ruarobot/hyperrectangle_6014.vnnlib,.006133990,sat,.644315595
safenlp_2024,/home/elipregerson/nnenum/vnncomp2025_benchmarks/benchmarks/safenlp_2024/onnx/ruarobot/perturbations_0.onnx,/home/elipregerson/nnenum/vnncomp2025_benchmarks/benchmarks/safenlp_2024/vnnlib/ruarobot/hyperrectangle_7773.vnnlib,.010571368,sat,.658833003
safenlp_2024,/home/elipregerson/nnenum/vnncomp2025_benchmarks/benchmarks/safenlp_2024/onnx/ruarobot/perturbations_0.onnx,/home/elipregerson/nnenum/vnncomp2025_benchmarks/benchmarks/safenlp_2024/vnnlib/ruarobot/hyperrectangle_337.vnnlib,.006682976,sat,.700339213
safenlp_2024,/home/elipregerson/nnenum/vnncomp2025_benchmarks/benchmarks/safenlp_2024/onnx/ruarobot/perturbations_0.onnx,/home/elipregerson/nnenum/vnncomp2025_benchmarks/benchmarks/safenlp_2024/vnnlib/ruarobot/hyperrectangle_3241.vnnlib,.006225326,timeout,20.556105229
safenlp_2024,/home/elipregerson/nnenum/vnncomp2025_benchmarks/benchmarks/safenlp_2024/onnx/ruarobot/perturbations_0.onnx,/home/elipregerson/nnenum/vnncomp2025_benchmarks/benchmarks/safenlp_2024/vnnlib/ruarobot/hyperrectangle_396.vnnlib,.006072267,sat,.635168910
safenlp_2024,/home/elipregerson/nnenum/vnncomp2025_benchmarks/benchmarks/safenlp_2024/onnx/ruarobot/perturbations_0.onnx,/home/elipregerson/nnenum/vnncomp2025_benchmarks/benchmarks/safenlp_2024/vnnlib/ruarobot/hyperrectangle_79.vnnlib,.006222043,sat,.652355329
safenlp_2024,/home/elipregerson/nnenum/vnncomp2025_benchmarks/benchmarks/safenlp_2024/onnx/ruarobot/perturbations_0.onnx,/home/elipregerson/nnenum/vnncomp2025_benchmarks/benchmarks/safenlp_2024/vnnlib/ruarobot/hyperrectangle_5579.vnnlib,.006118692,sat,.779882260
safenlp_2024,/home/elipregerson/nnenum/vnncomp2025_benchmarks/benchmarks/safenlp_2024/onnx/ruarobot/perturbations_0.onnx,/home/elipregerson/nnenum/vnncomp2025_benchmarks/benchmarks/safenlp_2024/vnnlib/ruarobot/hyperrectangle_7249.vnnlib,.007201929,sat,.660878875
safenlp_2024,/home/elipregerson/nnenum/vnncomp2025_benchmarks/benchmarks/safenlp_2024/onnx/medical/perturbations_0.onnx,/home/elipregerson/nnenum/vnncomp2025_benchmarks/benchmarks/safenlp_2024/vnnlib/medical/hyperrectangle_1503.vnnlib,.006322326,unsat,.596483931
safenlp_2024,/home/elipregerson/nnenum/vnncomp2025_benchmarks/benchmarks/safenlp_2024/onnx/ruarobot/perturbations_0.onnx,/home/elipregerson/nnenum/vnncomp2025_benchmarks/benchmarks/safenlp_2024/vnnlib/ruarobot/hyperrectangle_2905.vnnlib,.006045872,sat,.633951135
safenlp_2024,/home/elipregerson/nnenum/vnncomp2025_benchmarks/benchmarks/safenlp_2024/onnx/ruarobot/perturbations_0.onnx,/home/elipregerson/nnenum/vnncomp2025_benchmarks/benchmarks/safenlp_2024/vnnlib/ruarobot/hyperrectangle_4272.vnnlib,.006206964,unsat,.739514142
safenlp_2024,/home/elipregerson/nnenum/vnncomp2025_benchmarks/benchmarks/safenlp_2024/onnx/ruarobot/perturbations_0.onnx,/home/elipregerson/nnenum/vnncomp2025_benchmarks/benchmarks/safenlp_2024/vnnlib/ruarobot/hyperrectangle_4770.vnnlib,.006046009,sat,.651785617
safenlp_2024,/home/elipregerson/nnenum/vnncomp2025_benchmarks/benchmarks/safenlp_2024/onnx/medical/perturbations_0.onnx,/home/elipregerson/nnenum/vnncomp2025_benchmarks/benchmarks/safenlp_2024/vnnlib/medical/hyperrectangle_71.vnnlib,.006427842,sat,.651758502
safenlp_2024,/home/elipregerson/nnenum/vnncomp2025_benchmarks/benchmarks/safenlp_2024/onnx/medical/perturbations_0.onnx,/home/elipregerson/nnenum/vnncomp2025_benchmarks/benchmarks/safenlp_2024/vnnlib/medical/hyperrectangle_2743.vnnlib,.006164398,unsat,.591054624
safenlp_2024,/home/elipregerson/nnenum/vnncomp2025_benchmarks/benchmarks/safenlp_2024/onnx/medical/perturbations_0.onnx,/home/elipregerson/nnenum/vnncomp2025_benchmarks/benchmarks/safenlp_2024/vnnlib/medical/hyperrectangle_2511.vnnlib,.006240191,sat,.649648735
safenlp_2024,/home/elipregerson/nnenum/vnncomp2025_benchmarks/benchmarks/safenlp_2024/onnx/ruarobot/perturbations_0.onnx,/home/elipregerson/nnenum/vnncomp2025_benchmarks/benchmarks/safenlp_2024/vnnlib/ruarobot/hyperrectangle_5137.vnnlib,.006535843,sat,.671939462
safenlp_2024,/home/elipregerson/nnenum/vnncomp2025_benchmarks/benchmarks/safenlp_2024/onnx/ruarobot/perturbations_0.onnx,/home/elipregerson/nnenum/vnncomp2025_benchmarks/benchmarks/safenlp_2024/vnnlib/ruarobot/hyperrectangle_5623.vnnlib,.006298751,timeout,20.560386638
safenlp_2024,/home/elipregerson/nnenum/vnncomp2025_benchmarks/benchmarks/safenlp_2024/onnx/ruarobot/perturbations_0.onnx,/home/elipregerson/nnenum/vnncomp2025_benchmarks/benchmarks/safenlp_2024/vnnlib/ruarobot/hyperrectangle_4634.vnnlib,.006165316,sat,.643524213
safenlp_2024,/home/elipregerson/nnenum/vnncomp2025_benchmarks/benchmarks/safenlp_2024/onnx/ruarobot/perturbations_0.onnx,/home/elipregerson/nnenum/vnncomp2025_benchmarks/benchmarks/safenlp_2024/vnnlib/ruarobot/hyperrectangle_1452.vnnlib,.006442162,sat,.650537375
safenlp_2024,/home/elipregerson/nnenum/vnncomp2025_benchmarks/benchmarks/safenlp_2024/onnx/ruarobot/perturbations_0.onnx,/home/elipregerson/nnenum/vnncomp2025_benchmarks/benchmarks/safenlp_2024/vnnlib/ruarobot/hyperrectangle_1707.vnnlib,.006334964,sat,.653437651
safenlp_2024,/home/elipregerson/nnenum/vnncomp2025_benchmarks/benchmarks/safenlp_2024/onnx/ruarobot/perturbations_0.onnx,/home/elipregerson/nnenum/vnncomp2025_benchmarks/benchmarks/safenlp_2024/vnnlib/ruarobot/hyperrectangle_1392.vnnlib,.006272152,sat,.643035542
safenlp_2024,/home/elipregerson/nnenum/vnncomp2025_benchmarks/benchmarks/safenlp_2024/onnx/ruarobot/perturbations_0.onnx,/home/elipregerson/nnenum/vnncomp2025_benchmarks/benchmarks/safenlp_2024/vnnlib/ruarobot/hyperrectangle_7479.vnnlib,.006267463,sat,.651913621
safenlp_2024,/home/elipregerson/nnenum/vnncomp2025_benchmarks/benchmarks/safenlp_2024/onnx/ruarobot/perturbations_0.onnx,/home/elipregerson/nnenum/vnncomp2025_benchmarks/benchmarks/safenlp_2024/vnnlib/ruarobot/hyperrectangle_6678.vnnlib,.006230515,sat,.670829411
safenlp_2024,/home/elipregerson/nnenum/vnncomp2025_benchmarks/benchmarks/safenlp_2024/onnx/ruarobot/perturbations_0.onnx,/home/elipregerson/nnenum/vnncomp2025_benchmarks/benchmarks/safenlp_2024/vnnlib/ruarobot/hyperrectangle_6534.vnnlib,.007484881,unsat,.701904557
safenlp_2024,/home/elipregerson/nnenum/vnncomp2025_benchmarks/benchmarks/safenlp_2024/onnx/ruarobot/perturbations_0.onnx,/home/elipregerson/nnenum/vnncomp2025_benchmarks/benchmarks/safenlp_2024/vnnlib/ruarobot/hyperrectangle_1103.vnnlib,.006174309,sat,.644001956
safenlp_2024,/home/elipregerson/nnenum/vnncomp2025_benchmarks/benchmarks/test/onnx/test_nano.onnx,/home/elipregerson/nnenum/vnncomp2025_benchmarks/benchmarks/test/vnnlib/test_nano.vnnlib,.006544711,unsat,.601572052
sat_relu,/home/elipregerson/nnenum/vnncomp2025_benchmarks/benchmarks/sat_relu/onnx/sat_v30_c38.onnx,/home/elipregerson/nnenum/vnncomp2025_benchmarks/benchmarks/sat_relu/vnnlib/sat_v30_c38.vnnlib,.006090856,sat,.597989963
sat_relu,/home/elipregerson/nnenum/vnncomp2025_benchmarks/benchmarks/sat_relu/onnx/unsat_v30_c38.onnx,/home/elipregerson/nnenum/vnncomp2025_benchmarks/benchmarks/sat_relu/vnnlib/unsat_v30_c38.vnnlib,.005997157,timeout,100.612259772
sat_relu,/home/elipregerson/nnenum/vnncomp2025_benchmarks/benchmarks/sat_relu/onnx/sat_v65_c187.onnx,/home/elipregerson/nnenum/vnncomp2025_benchmarks/benchmarks/sat_relu/vnnlib/sat_v65_c187.vnnlib,.013546659,sat,1.775924471
sat_relu,/home/elipregerson/nnenum/vnncomp2025_benchmarks/benchmarks/sat_relu/onnx/unsat_v65_c187.onnx,/home/elipregerson/nnenum/vnncomp2025_benchmarks/benchmarks/sat_relu/vnnlib/unsat_v65_c187.vnnlib,.011585302,timeout,100.782515906
sat_relu,/home/elipregerson/nnenum/vnncomp2025_benchmarks/benchmarks/sat_relu/onnx/sat_v91_c217.onnx,/home/elipregerson/nnenum/vnncomp2025_benchmarks/benchmarks/sat_relu/vnnlib/sat_v91_c217.vnnlib,.008279573,timeout,100.753365915
sat_relu,/home/elipregerson/nnenum/vnncomp2025_benchmarks/benchmarks/sat_relu/onnx/unsat_v91_c217.onnx,/home/elipregerson/nnenum/vnncomp2025_benchmarks/benchmarks/sat_relu/vnnlib/unsat_v91_c217.vnnlib,.006106464,timeout,100.571323677
sat_relu,/home/elipregerson/nnenum/vnncomp2025_benchmarks/benchmarks/sat_relu/onnx/sat_v14_c57.onnx,/home/elipregerson/nnenum/vnncomp2025_benchmarks/benchmarks/sat_relu/vnnlib/sat_v14_c57.vnnlib,.006269460,sat,.600385666
sat_relu,/home/elipregerson/nnenum/vnncomp2025_benchmarks/benchmarks/sat_relu/onnx/unsat_v14_c57.onnx,/home/elipregerson/nnenum/vnncomp2025_benchmarks/benchmarks/sat_relu/vnnlib/unsat_v14_c57.vnnlib,.006248750,unsat,1.376389741
sat_relu,/home/elipregerson/nnenum/vnncomp2025_benchmarks/benchmarks/sat_relu/onnx/sat_v95_c275.onnx,/home/elipregerson/nnenum/vnncomp2025_benchmarks/benchmarks/sat_relu/vnnlib/sat_v95_c275.vnnlib,.006501968,timeout,100.577998834
sat_relu,/home/elipregerson/nnenum/vnncomp2025_benchmarks/benchmarks/sat_relu/onnx/unsat_v95_c275.onnx,/home/elipregerson/nnenum/vnncomp2025_benchmarks/benchmarks/sat_relu/vnnlib/unsat_v95_c275.vnnlib,.006328071,timeout,148.348681010
sat_relu,/home/elipregerson/nnenum/vnncomp2025_benchmarks/benchmarks/sat_relu/onnx/sat_v6_c27.onnx,/home/elipregerson/nnenum/vnncomp2025_benchmarks/benchmarks/sat_relu/vnnlib/sat_v6_c27.vnnlib,.006540755,sat,.614524770
sat_relu,/home/elipregerson/nnenum/vnncomp2025_benchmarks/benchmarks/sat_relu/onnx/unsat_v6_c30.onnx,/home/elipregerson/nnenum/vnncomp2025_benchmarks/benchmarks/sat_relu/vnnlib/unsat_v6_c30.vnnlib,.006502283,unsat,.643804690
sat_relu,/home/elipregerson/nnenum/vnncomp2025_benchmarks/benchmarks/sat_relu/onnx/sat_v6_c27.onnx,/home/elipregerson/nnenum/vnncomp2025_benchmarks/benchmarks/sat_relu/vnnlib/sat_v6_c27.vnnlib,.006363675,sat,.607949392
sat_relu,/home/elipregerson/nnenum/vnncomp2025_benchmarks/benchmarks/sat_relu/onnx/unsat_v6_c30.onnx,/home/elipregerson/nnenum/vnncomp2025_benchmarks/benchmarks/sat_relu/vnnlib/unsat_v6_c30.vnnlib,.006372644,unsat,.633599860
sat_relu,/home/elipregerson/nnenum/vnncomp2025_benchmarks/benchmarks/sat_relu/onnx/sat_v100_c373.onnx,/home/elipregerson/nnenum/vnncomp2025_benchmarks/benchmarks/sat_relu/vnnlib/sat_v100_c373.vnnlib,.006134547,timeout,100.574850039
sat_relu,/home/elipregerson/nnenum/vnncomp2025_benchmarks/benchmarks/sat_relu/onnx/unsat_v100_c373.onnx,/home/elipregerson/nnenum/vnncomp2025_benchmarks/benchmarks/sat_relu/vnnlib/unsat_v100_c373.vnnlib,.006161918,error_exit_code_1,8.607720354
sat_relu,/home/elipregerson/nnenum/vnncomp2025_benchmarks/benchmarks/sat_relu/onnx/sat_v51_c255.onnx,/home/elipregerson/nnenum/vnncomp2025_benchmarks/benchmarks/sat_relu/vnnlib/sat_v51_c255.vnnlib,.006146656,sat,1.186961355
sat_relu,/home/elipregerson/nnenum/vnncomp2025_benchmarks/benchmarks/sat_relu/onnx/unsat_v51_c255.onnx,/home/elipregerson/nnenum/vnncomp2025_benchmarks/benchmarks/sat_relu/vnnlib/unsat_v51_c255.vnnlib,.006294887,timeout,100.561503969
sat_relu,/home/elipregerson/nnenum/vnncomp2025_benchmarks/benchmarks/sat_relu/onnx/sat_v25_c45.onnx,/home/elipregerson/nnenum/vnncomp2025_benchmarks/benchmarks/sat_relu/vnnlib/sat_v25_c45.vnnlib,.006123775,sat,.605111913
sat_relu,/home/elipregerson/nnenum/vnncomp2025_benchmarks/benchmarks/sat_relu/onnx/unsat_v25_c45.onnx,/home/elipregerson/nnenum/vnncomp2025_benchmarks/benchmarks/sat_relu/vnnlib/unsat_v25_c45.vnnlib,.006091527,timeout,100.603265711
sat_relu,/home/elipregerson/nnenum/vnncomp2025_benchmarks/benchmarks/sat_relu/onnx/sat_v90_c111.onnx,/home/elipregerson/nnenum/vnncomp2025_benchmarks/benchmarks/sat_relu/vnnlib/sat_v90_c111.vnnlib,.011994777,sat,2.712330881
sat_relu,/home/elipregerson/nnenum/vnncomp2025_benchmarks/benchmarks/sat_relu/onnx/unsat_v90_c111.onnx,/home/elipregerson/nnenum/vnncomp2025_benchmarks/benchmarks/sat_relu/vnnlib/unsat_v90_c111.vnnlib,.008111124,error_exit_code_1,4.908663774
sat_relu,/home/elipregerson/nnenum/vnncomp2025_benchmarks/benchmarks/sat_relu/onnx/sat_v63_c267.onnx,/home/elipregerson/nnenum/vnncomp2025_benchmarks/benchmarks/sat_relu/vnnlib/sat_v63_c267.vnnlib,.009151922,sat,1.713683641
sat_relu,/home/elipregerson/nnenum/vnncomp2025_benchmarks/benchmarks/sat_relu/onnx/unsat_v63_c267.onnx,/home/elipregerson/nnenum/vnncomp2025_benchmarks/benchmarks/sat_relu/vnnlib/unsat_v63_c267.vnnlib,.006220231,timeout,100.567550330
sat_relu,/home/elipregerson/nnenum/vnncomp2025_benchmarks/benchmarks/sat_relu/onnx/sat_v18_c87.onnx,/home/elipregerson/nnenum/vnncomp2025_benchmarks/benchmarks/sat_relu/vnnlib/sat_v18_c87.vnnlib,.006251270,sat,.606780246
sat_relu,/home/elipregerson/nnenum/vnncomp2025_benchmarks/benchmarks/sat_relu/onnx/unsat_v18_c88.onnx,/home/elipregerson/nnenum/vnncomp2025_benchmarks/benchmarks/sat_relu/vnnlib/unsat_v18_c88.vnnlib,.006582472,unsat,17.084197325
sat_relu,/home/elipregerson/nnenum/vnncomp2025_benchmarks/benchmarks/sat_relu/onnx/sat_v92_c117.onnx,/home/elipregerson/nnenum/vnncomp2025_benchmarks/benchmarks/sat_relu/vnnlib/sat_v92_c117.vnnlib,.008040854,timeout,100.668530584
sat_relu,/home/elipregerson/nnenum/vnncomp2025_benchmarks/benchmarks/sat_relu/onnx/unsat_v92_c117.onnx,/home/elipregerson/nnenum/vnncomp2025_benchmarks/benchmarks/sat_relu/vnnlib/unsat_v92_c117.vnnlib,.006183248,timeout,100.570479982
sat_relu,/home/elipregerson/nnenum/vnncomp2025_benchmarks/benchmarks/sat_relu/onnx/sat_v94_c313.onnx,/home/elipregerson/nnenum/vnncomp2025_benchmarks/benchmarks/sat_relu/vnnlib/sat_v94_c313.vnnlib,.006174918,timeout,100.592781635
sat_relu,/home/elipregerson/nnenum/vnncomp2025_benchmarks/benchmarks/sat_relu/onnx/unsat_v94_c313.onnx,/home/elipregerson/nnenum/vnncomp2025_benchmarks/benchmarks/sat_relu/vnnlib/unsat_v94_c313.vnnlib,.008818167,timeout,100.576335107
sat_relu,/home/elipregerson/nnenum/vnncomp2025_benchmarks/benchmarks/sat_relu/onnx/sat_v24_c66.onnx,/home/elipregerson/nnenum/vnncomp2025_benchmarks/benchmarks/sat_relu/vnnlib/sat_v24_c66.vnnlib,.006233217,sat,.607778212
sat_relu,/home/elipregerson/nnenum/vnncomp2025_benchmarks/benchmarks/sat_relu/onnx/unsat_v24_c66.onnx,/home/elipregerson/nnenum/vnncomp2025_benchmarks/benchmarks/sat_relu/vnnlib/unsat_v24_c66.vnnlib,.006100112,timeout,100.583194001
sat_relu,/home/elipregerson/nnenum/vnncomp2025_benchmarks/benchmarks/sat_relu/onnx/sat_v67_c154.onnx,/home/elipregerson/nnenum/vnncomp2025_benchmarks/benchmarks/sat_relu/vnnlib/sat_v67_c154.vnnlib,.010226227,sat,2.010851537
sat_relu,/home/elipregerson/nnenum/vnncomp2025_benchmarks/benchmarks/sat_relu/onnx/unsat_v67_c154.onnx,/home/elipregerson/nnenum/vnncomp2025_benchmarks/benchmarks/sat_relu/vnnlib/unsat_v67_c154.vnnlib,.006251257,timeout,100.575200948
sat_relu,/home/elipregerson/nnenum/vnncomp2025_benchmarks/benchmarks/sat_relu/onnx/sat_v58_c75.onnx,/home/elipregerson/nnenum/vnncomp2025_benchmarks/benchmarks/sat_relu/vnnlib/sat_v58_c75.vnnlib,.006230559,sat,.975719827
sat_relu,/home/elipregerson/nnenum/vnncomp2025_benchmarks/benchmarks/sat_relu/onnx/unsat_v58_c75.onnx,/home/elipregerson/nnenum/vnncomp2025_benchmarks/benchmarks/sat_relu/vnnlib/unsat_v58_c75.vnnlib,.006634408,timeout,100.577256682
sat_relu,/home/elipregerson/nnenum/vnncomp2025_benchmarks/benchmarks/sat_relu/onnx/sat_v40_c142.onnx,/home/elipregerson/nnenum/vnncomp2025_benchmarks/benchmarks/sat_relu/vnnlib/sat_v40_c142.vnnlib,.006182124,sat,.785306021
sat_relu,/home/elipregerson/nnenum/vnncomp2025_benchmarks/benchmarks/sat_relu/onnx/unsat_v40_c142.onnx,/home/elipregerson/nnenum/vnncomp2025_benchmarks/benchmarks/sat_relu/vnnlib/unsat_v40_c142.vnnlib,.006256323,timeout,100.564395906
sat_relu,/home/elipregerson/nnenum/vnncomp2025_benchmarks/benchmarks/sat_relu/onnx/sat_v26_c84.onnx,/home/elipregerson/nnenum/vnncomp2025_benchmarks/benchmarks/sat_relu/vnnlib/sat_v26_c84.vnnlib,.006132159,sat,.659682152
sat_relu,/home/elipregerson/nnenum/vnncomp2025_benchmarks/benchmarks/sat_relu/onnx/unsat_v26_c84.onnx,/home/elipregerson/nnenum/vnncomp2025_benchmarks/benchmarks/sat_relu/vnnlib/unsat_v26_c84.vnnlib,.006303582,timeout,100.609881109
sat_relu,/home/elipregerson/nnenum/vnncomp2025_benchmarks/benchmarks/sat_relu/onnx/sat_v46_c142.onnx,/home/elipregerson/nnenum/vnncomp2025_benchmarks/benchmarks/sat_relu/vnnlib/sat_v46_c142.vnnlib,.017650838,sat,1.079080859
sat_relu,/home/elipregerson/nnenum/vnncomp2025_benchmarks/benchmarks/sat_relu/onnx/unsat_v46_c142.onnx,/home/elipregerson/nnenum/vnncomp2025_benchmarks/benchmarks/sat_relu/vnnlib/unsat_v46_c142.vnnlib,.006383998,timeout,100.563659868
sat_relu,/home/elipregerson/nnenum/vnncomp2025_benchmarks/benchmarks/sat_relu/onnx/sat_v56_c239.onnx,/home/elipregerson/nnenum/vnncomp2025_benchmarks/benchmarks/sat_relu/vnnlib/sat_v56_c239.vnnlib,.005991894,sat,1.372251339
sat_relu,/home/elipregerson/nnenum/vnncomp2025_benchmarks/benchmarks/sat_relu/onnx/unsat_v56_c239.onnx,/home/elipregerson/nnenum/vnncomp2025_benchmarks/benchmarks/sat_relu/vnnlib/unsat_v56_c239.vnnlib,.017061489,timeout,100.584171400
sat_relu,/home/elipregerson/nnenum/vnncomp2025_benchmarks/benchmarks/sat_relu/onnx/sat_v10_c26.onnx,/home/elipregerson/nnenum/vnncomp2025_benchmarks/benchmarks/sat_relu/vnnlib/sat_v10_c26.vnnlib,.006137356,sat,.604064164
sat_relu,/home/elipregerson/nnenum/vnncomp2025_benchmarks/benchmarks/sat_relu/onnx/unsat_v10_c26.onnx,/home/elipregerson/nnenum/vnncomp2025_benchmarks/benchmarks/sat_relu/vnnlib/unsat_v10_c26.vnnlib,.006359547,unsat,.859204377
sat_relu,/home/elipregerson/nnenum/vnncomp2025_benchmarks/benchmarks/sat_relu/onnx/sat_v73_c156.onnx,/home/elipregerson/nnenum/vnncomp2025_benchmarks/benchmarks/sat_relu/vnnlib/sat_v73_c156.vnnlib,.006318420,timeout,100.578027478
sat_relu,/home/elipregerson/nnenum/vnncomp2025_benchmarks/benchmarks/sat_relu/onnx/unsat_v73_c156.onnx,/home/elipregerson/nnenum/vnncomp2025_benchmarks/benchmarks/sat_relu/vnnlib/unsat_v73_c156.vnnlib,.006364063,error_exit_code_1,6.189916134
sat_relu,/home/elipregerson/nnenum/vnncomp2025_benchmarks/benchmarks/sat_relu/onnx/sat_v85_c186.onnx,/home/elipregerson/nnenum/vnncomp2025_benchmarks/benchmarks/sat_relu/vnnlib/sat_v85_c186.vnnlib,.008432487,timeout,100.775454685
sat_relu,/home/elipregerson/nnenum/vnncomp2025_benchmarks/benchmarks/sat_relu/onnx/unsat_v85_c186.onnx,/home/elipregerson/nnenum/vnncomp2025_benchmarks/benchmarks/sat_relu/vnnlib/unsat_v85_c186.vnnlib,.008142537,timeout,100.765349971
sat_relu,/home/elipregerson/nnenum/vnncomp2025_benchmarks/benchmarks/sat_relu/onnx/sat_v54_c125.onnx,/home/elipregerson/nnenum/vnncomp2025_benchmarks/benchmarks/sat_relu/vnnlib/sat_v54_c125.vnnlib,.009528859,sat,1.052621043
sat_relu,/home/elipregerson/nnenum/vnncomp2025_benchmarks/benchmarks/sat_relu/onnx/unsat_v54_c125.onnx,/home/elipregerson/nnenum/vnncomp2025_benchmarks/benchmarks/sat_relu/vnnlib/unsat_v54_c125.vnnlib,.014093595,timeout,100.593043956
sat_relu,/home/elipregerson/nnenum/vnncomp2025_benchmarks/benchmarks/sat_relu/onnx/sat_v9_c9.onnx,/home/elipregerson/nnenum/vnncomp2025_benchmarks/benchmarks/sat_relu/vnnlib/sat_v9_c9.vnnlib,.006113728,sat,.605799729
sat_relu,/home/elipregerson/nnenum/vnncomp2025_benchmarks/benchmarks/sat_relu/onnx/unsat_v9_c9.onnx,/home/elipregerson/nnenum/vnncomp2025_benchmarks/benchmarks/sat_relu/vnnlib/unsat_v9_c9.vnnlib,.006426560,unsat,.790272258
sat_relu,/home/elipregerson/nnenum/vnncomp2025_benchmarks/benchmarks/sat_relu/onnx/sat_v9_c14.onnx,/home/elipregerson/nnenum/vnncomp2025_benchmarks/benchmarks/sat_relu/vnnlib/sat_v9_c14.vnnlib,.006288969,sat,.611156361
sat_relu,/home/elipregerson/nnenum/vnncomp2025_benchmarks/benchmarks/sat_relu/onnx/unsat_v9_c14.onnx,/home/elipregerson/nnenum/vnncomp2025_benchmarks/benchmarks/sat_relu/vnnlib/unsat_v9_c14.vnnlib,.006380326,unsat,.710260712
sat_relu,/home/elipregerson/nnenum/vnncomp2025_benchmarks/benchmarks/sat_relu/onnx/sat_v92_c180.onnx,/home/elipregerson/nnenum/vnncomp2025_benchmarks/benchmarks/sat_relu/vnnlib/sat_v92_c180.vnnlib,.006091240,sat,2.220528457
sat_relu,/home/elipregerson/nnenum/vnncomp2025_benchmarks/benchmarks/sat_relu/onnx/unsat_v92_c180.onnx,/home/elipregerson/nnenum/vnncomp2025_benchmarks/benchmarks/sat_relu/vnnlib/unsat_v92_c180.vnnlib,.006160781,timeout,143.734399226
sat_relu,/home/elipregerson/nnenum/vnncomp2025_benchmarks/benchmarks/sat_relu/onnx/sat_v83_c328.onnx,/home/elipregerson/nnenum/vnncomp2025_benchmarks/benchmarks/sat_relu/vnnlib/sat_v83_c328.vnnlib,.006434043,timeout,100.575120155
sat_relu,/home/elipregerson/nnenum/vnncomp2025_benchmarks/benchmarks/sat_relu/onnx/unsat_v83_c328.onnx,/home/elipregerson/nnenum/vnncomp2025_benchmarks/benchmarks/sat_relu/vnnlib/unsat_v83_c328.vnnlib,.006108663,error_exit_code_1,4.327458507
sat_relu,/home/elipregerson/nnenum/vnncomp2025_benchmarks/benchmarks/sat_relu/onnx/sat_v37_c63.onnx,/home/elipregerson/nnenum/vnncomp2025_benchmarks/benchmarks/sat_relu/vnnlib/sat_v37_c63.vnnlib,.012032543,sat,.920708648
sat_relu,/home/elipregerson/nnenum/vnncomp2025_benchmarks/benchmarks/sat_relu/onnx/unsat_v37_c63.onnx,/home/elipregerson/nnenum/vnncomp2025_benchmarks/benchmarks/sat_relu/vnnlib/unsat_v37_c63.vnnlib,.012360690,timeout,100.777260902
sat_relu,/home/elipregerson/nnenum/vnncomp2025_benchmarks/benchmarks/sat_relu/onnx/sat_v99_c485.onnx,/home/elipregerson/nnenum/vnncomp2025_benchmarks/benchmarks/sat_relu/vnnlib/sat_v99_c485.vnnlib,.009954815,timeout,100.776226912
sat_relu,/home/elipregerson/nnenum/vnncomp2025_benchmarks/benchmarks/sat_relu/onnx/unsat_v99_c485.onnx,/home/elipregerson/nnenum/vnncomp2025_benchmarks/benchmarks/sat_relu/vnnlib/unsat_v99_c485.vnnlib,.006632123,error_exit_code_1,8.276472031
sat_relu,/home/elipregerson/nnenum/vnncomp2025_benchmarks/benchmarks/sat_relu/onnx/sat_v94_c377.onnx,/home/elipregerson/nnenum/vnncomp2025_benchmarks/benchmarks/sat_relu/vnnlib/sat_v94_c377.vnnlib,.007980471,timeout,100.777752629
sat_relu,/home/elipregerson/nnenum/vnncomp2025_benchmarks/benchmarks/sat_relu/onnx/unsat_v94_c377.onnx,/home/elipregerson/nnenum/vnncomp2025_benchmarks/benchmarks/sat_relu/vnnlib/unsat_v94_c377.vnnlib,.012197795,error_exit_code_1,6.950532194
sat_relu,/home/elipregerson/nnenum/vnncomp2025_benchmarks/benchmarks/sat_relu/onnx/sat_v87_c243.onnx,/home/elipregerson/nnenum/vnncomp2025_benchmarks/benchmarks/sat_relu/vnnlib/sat_v87_c243.vnnlib,.006199668,timeout,100.587026300
sat_relu,/home/elipregerson/nnenum/vnncomp2025_benchmarks/benchmarks/sat_relu/onnx/unsat_v87_c243.onnx,/home/elipregerson/nnenum/vnncomp2025_benchmarks/benchmarks/sat_relu/vnnlib/unsat_v87_c243.vnnlib,.006326184,error_exit_code_1,3.922747513
sat_relu,/home/elipregerson/nnenum/vnncomp2025_benchmarks/benchmarks/sat_relu/onnx/sat_v25_c40.onnx,/home/elipregerson/nnenum/vnncomp2025_benchmarks/benchmarks/sat_relu/vnnlib/sat_v25_c40.vnnlib,.006053531,sat,.605206927
sat_relu,/home/elipregerson/nnenum/vnncomp2025_benchmarks/benchmarks/sat_relu/onnx/unsat_v25_c40.onnx,/home/elipregerson/nnenum/vnncomp2025_benchmarks/benchmarks/sat_relu/vnnlib/unsat_v25_c40.vnnlib,.006547407,timeout,100.593566423
sat_relu,/home/elipregerson/nnenum/vnncomp2025_benchmarks/benchmarks/sat_relu/onnx/sat_v34_c98.onnx,/home/elipregerson/nnenum/vnncomp2025_benchmarks/benchmarks/sat_relu/vnnlib/sat_v34_c98.vnnlib,.007992433,sat,.899008220
sat_relu,/home/elipregerson/nnenum/vnncomp2025_benchmarks/benchmarks/sat_relu/onnx/unsat_v34_c98.onnx,/home/elipregerson/nnenum/vnncomp2025_benchmarks/benchmarks/sat_relu/vnnlib/unsat_v34_c98.vnnlib,.006224668,timeout,100.569990682
sat_relu,/home/elipregerson/nnenum/vnncomp2025_benchmarks/benchmarks/sat_relu/onnx/sat_v70_c178.onnx,/home/elipregerson/nnenum/vnncomp2025_benchmarks/benchmarks/sat_relu/vnnlib/sat_v70_c178.vnnlib,.006177486,timeout,100.579550148
sat_relu,/home/elipregerson/nnenum/vnncomp2025_benchmarks/benchmarks/sat_relu/onnx/unsat_v70_c178.onnx,/home/elipregerson/nnenum/vnncomp2025_benchmarks/benchmarks/sat_relu/vnnlib/unsat_v70_c178.vnnlib,.006194120,timeout,158.295460933
sat_relu,/home/elipregerson/nnenum/vnncomp2025_benchmarks/benchmarks/sat_relu/onnx/sat_v20_c40.onnx,/home/elipregerson/nnenum/vnncomp2025_benchmarks/benchmarks/sat_relu/vnnlib/sat_v20_c40.vnnlib,.006447088,sat,.605785614
sat_relu,/home/elipregerson/nnenum/vnncomp2025_benchmarks/benchmarks/sat_relu/onnx/unsat_v20_c40.onnx,/home/elipregerson/nnenum/vnncomp2025_benchmarks/benchmarks/sat_relu/vnnlib/unsat_v20_c40.vnnlib,.006194890,unsat,1.979640785
sat_relu,/home/elipregerson/nnenum/vnncomp2025_benchmarks/benchmarks/sat_relu/onnx/sat_v30_c44.onnx,/home/elipregerson/nnenum/vnncomp2025_benchmarks/benchmarks/sat_relu/vnnlib/sat_v30_c44.vnnlib,.006762832,sat,.616901614
sat_relu,/home/elipregerson/nnenum/vnncomp2025_benchmarks/benchmarks/sat_relu/onnx/unsat_v30_c44.onnx,/home/elipregerson/nnenum/vnncomp2025_benchmarks/benchmarks/sat_relu/vnnlib/unsat_v30_c44.vnnlib,.006527586,timeout,100.556638441
sat_relu,/home/elipregerson/nnenum/vnncomp2025_benchmarks/benchmarks/sat_relu/onnx/sat_v63_c286.onnx,/home/elipregerson/nnenum/vnncomp2025_benchmarks/benchmarks/sat_relu/vnnlib/sat_v63_c286.vnnlib,.006059030,sat,1.551589127
sat_relu,/home/elipregerson/nnenum/vnncomp2025_benchmarks/benchmarks/sat_relu/onnx/unsat_v63_c286.onnx,/home/elipregerson/nnenum/vnncomp2025_benchmarks/benchmarks/sat_relu/vnnlib/unsat_v63_c286.vnnlib,.006359966,timeout,100.584129038
sat_relu,/home/elipregerson/nnenum/vnncomp2025_benchmarks/benchmarks/sat_relu/onnx/sat_v38_c132.onnx,/home/elipregerson/nnenum/vnncomp2025_benchmarks/benchmarks/sat_relu/vnnlib/sat_v38_c132.vnnlib,.006401130,sat,.787052353
sat_relu,/home/elipregerson/nnenum/vnncomp2025_benchmarks/benchmarks/sat_relu/onnx/unsat_v38_c132.onnx,/home/elipregerson/nnenum/vnncomp2025_benchmarks/benchmarks/sat_relu/vnnlib/unsat_v38_c132.vnnlib,.006323824,timeout,100.575779444
sat_relu,/home/elipregerson/nnenum/vnncomp2025_benchmarks/benchmarks/sat_relu/onnx/sat_v33_c140.onnx,/home/elipregerson/nnenum/vnncomp2025_benchmarks/benchmarks/sat_relu/vnnlib/sat_v33_c140.vnnlib,.006154398,sat,.736146560
sat_relu,/home/elipregerson/nnenum/vnncomp2025_benchmarks/benchmarks/sat_relu/onnx/unsat_v33_c140.onnx,/home/elipregerson/nnenum/vnncomp2025_benchmarks/benchmarks/sat_relu/vnnlib/unsat_v33_c140.vnnlib,.006240531,timeout,100.590337399
sat_relu,/home/elipregerson/nnenum/vnncomp2025_benchmarks/benchmarks/sat_relu/onnx/sat_v90_c449.onnx,/home/elipregerson/nnenum/vnncomp2025_benchmarks/benchmarks/sat_relu/vnnlib/sat_v90_c449.vnnlib,.010093777,timeout,100.793262352
sat_relu,/home/elipregerson/nnenum/vnncomp2025_benchmarks/benchmarks/sat_relu/onnx/unsat_v90_c449.onnx,/home/elipregerson/nnenum/vnncomp2025_benchmarks/benchmarks/sat_relu/vnnlib/unsat_v90_c449.vnnlib,.008133180,error_exit_code_1,65.829044028
sat_relu,/home/elipregerson/nnenum/vnncomp2025_benchmarks/benchmarks/sat_relu/onnx/sat_v75_c99.onnx,/home/elipregerson/nnenum/vnncomp2025_benchmarks/benchmarks/sat_relu/vnnlib/sat_v75_c99.vnnlib,.011374123,sat,1.621428799
sat_relu,/home/elipregerson/nnenum/vnncomp2025_benchmarks/benchmarks/sat_relu/onnx/unsat_v75_c99.onnx,/home/elipregerson/nnenum/vnncomp2025_benchmarks/benchmarks/sat_relu/vnnlib/unsat_v75_c99.vnnlib,.005955948,error_exit_code_1,84.701190415
sat_relu,/home/elipregerson/nnenum/vnncomp2025_benchmarks/benchmarks/sat_relu/onnx/sat_v82_c130.onnx,/home/elipregerson/nnenum/vnncomp2025_benchmarks/benchmarks/sat_relu/vnnlib/sat_v82_c130.vnnlib,.010151128,sat,6.739510638
sat_relu,/home/elipregerson/nnenum/vnncomp2025_benchmarks/benchmarks/sat_relu/onnx/unsat_v82_c130.onnx,/home/elipregerson/nnenum/vnncomp2025_benchmarks/benchmarks/sat_relu/vnnlib/unsat_v82_c130.vnnlib,.006406081,error_exit_code_1,2.785954929
sat_relu,/home/elipregerson/nnenum/vnncomp2025_benchmarks/benchmarks/sat_relu/onnx/sat_v64_c234.onnx,/home/elipregerson/nnenum/vnncomp2025_benchmarks/benchmarks/sat_relu/vnnlib/sat_v64_c234.vnnlib,.006157116,sat,1.488660427
sat_relu,/home/elipregerson/nnenum/vnncomp2025_benchmarks/benchmarks/sat_relu/onnx/unsat_v64_c234.onnx,/home/elipregerson/nnenum/vnncomp2025_benchmarks/benchmarks/sat_relu/vnnlib/unsat_v64_c234.vnnlib,.006300221,timeout,100.591650406
sat_relu,/home/elipregerson/nnenum/vnncomp2025_benchmarks/benchmarks/sat_relu/onnx/sat_v39_c77.onnx,/home/elipregerson/nnenum/vnncomp2025_benchmarks/benchmarks/sat_relu/vnnlib/sat_v39_c77.vnnlib,.008042540,sat,.971301746
sat_relu,/home/elipregerson/nnenum/vnncomp2025_benchmarks/benchmarks/sat_relu/onnx/unsat_v39_c77.onnx,/home/elipregerson/nnenum/vnncomp2025_benchmarks/benchmarks/sat_relu/vnnlib/unsat_v39_c77.vnnlib,.011607182,timeout,100.787115961
sat_relu,/home/elipregerson/nnenum/vnncomp2025_benchmarks/benchmarks/sat_relu/onnx/sat_v16_c39.onnx,/home/elipregerson/nnenum/vnncomp2025_benchmarks/benchmarks/sat_relu/vnnlib/sat_v16_c39.vnnlib,.011185254,sat,.728597539
sat_relu,/home/elipregerson/nnenum/vnncomp2025_benchmarks/benchmarks/sat_relu/onnx/unsat_v16_c39.onnx,/home/elipregerson/nnenum/vnncomp2025_benchmarks/benchmarks/sat_relu/vnnlib/unsat_v16_c39.vnnlib,.006455936,unsat,5.084962677
sat_relu,/home/elipregerson/nnenum/vnncomp2025_benchmarks/benchmarks/sat_relu/onnx/sat_v85_c207.onnx,/home/elipregerson/nnenum/vnncomp2025_benchmarks/benchmarks/sat_relu/vnnlib/sat_v85_c207.vnnlib,.006372164,timeout,100.589485486
sat_relu,/home/elipregerson/nnenum/vnncomp2025_benchmarks/benchmarks/sat_relu/onnx/unsat_v85_c207.onnx,/home/elipregerson/nnenum/vnncomp2025_benchmarks/benchmarks/sat_relu/vnnlib/unsat_v85_c207.vnnlib,.005992447,error_exit_code_1,3.544496478
sat_relu,/home/elipregerson/nnenum/vnncomp2025_benchmarks/benchmarks/sat_relu/onnx/sat_v44_c52.onnx,/home/elipregerson/nnenum/vnncomp2025_benchmarks/benchmarks/sat_relu/vnnlib/sat_v44_c52.vnnlib,.006114656,sat,.674592090
sat_relu,/home/elipregerson/nnenum/vnncomp2025_benchmarks/benchmarks/sat_relu/onnx/unsat_v44_c52.onnx,/home/elipregerson/nnenum/vnncomp2025_benchmarks/benchmarks/sat_relu/vnnlib/unsat_v44_c52.vnnlib,.006216845,timeout,100.592052524
sat_relu,/home/elipregerson/nnenum/vnncomp2025_benchmarks/benchmarks/test/onnx/test_nano.onnx,/home/elipregerson/nnenum/vnncomp2025_benchmarks/benchmarks/test/vnnlib/test_nano.vnnlib,.006938885,unsat,.561901035
soundnessbench,/home/elipregerson/nnenum/vnncomp2025_benchmarks/benchmarks/soundnessbench/onnx/model.onnx,/home/elipregerson/nnenum/vnncomp2025_benchmarks/benchmarks/soundnessbench/vnnlib/model_0.vnnlib,.005985635,error_exit_code_1,36.156344016
soundnessbench,/home/elipregerson/nnenum/vnncomp2025_benchmarks/benchmarks/soundnessbench/onnx/model.onnx,/home/elipregerson/nnenum/vnncomp2025_benchmarks/benchmarks/soundnessbench/vnnlib/model_1.vnnlib,.016539567,error_exit_code_1,30.948517722
soundnessbench,/home/elipregerson/nnenum/vnncomp2025_benchmarks/benchmarks/soundnessbench/onnx/model.onnx,/home/elipregerson/nnenum/vnncomp2025_benchmarks/benchmarks/soundnessbench/vnnlib/model_2.vnnlib,.006068472,error_exit_code_1,29.342170303
soundnessbench,/home/elipregerson/nnenum/vnncomp2025_benchmarks/benchmarks/soundnessbench/onnx/model.onnx,/home/elipregerson/nnenum/vnncomp2025_benchmarks/benchmarks/soundnessbench/vnnlib/model_3.vnnlib,.006019065,error_exit_code_1,27.975109023
soundnessbench,/home/elipregerson/nnenum/vnncomp2025_benchmarks/benchmarks/soundnessbench/onnx/model.onnx,/home/elipregerson/nnenum/vnncomp2025_benchmarks/benchmarks/soundnessbench/vnnlib/model_4.vnnlib,.006066012,error_exit_code_1,26.102986208
soundnessbench,/home/elipregerson/nnenum/vnncomp2025_benchmarks/benchmarks/soundnessbench/onnx/model.onnx,/home/elipregerson/nnenum/vnncomp2025_benchmarks/benchmarks/soundnessbench/vnnlib/model_5.vnnlib,.006126176,error_exit_code_1,29.375954467
soundnessbench,/home/elipregerson/nnenum/vnncomp2025_benchmarks/benchmarks/soundnessbench/onnx/model.onnx,/home/elipregerson/nnenum/vnncomp2025_benchmarks/benchmarks/soundnessbench/vnnlib/model_6.vnnlib,.006182335,error_exit_code_1,28.493713421
soundnessbench,/home/elipregerson/nnenum/vnncomp2025_benchmarks/benchmarks/soundnessbench/onnx/model.onnx,/home/elipregerson/nnenum/vnncomp2025_benchmarks/benchmarks/soundnessbench/vnnlib/model_7.vnnlib,.006171313,error_exit_code_1,27.420006037
soundnessbench,/home/elipregerson/nnenum/vnncomp2025_benchmarks/benchmarks/soundnessbench/onnx/model.onnx,/home/elipregerson/nnenum/vnncomp2025_benchmarks/benchmarks/soundnessbench/vnnlib/model_8.vnnlib,.006589443,error_exit_code_1,27.479537243
soundnessbench,/home/elipregerson/nnenum/vnncomp2025_benchmarks/benchmarks/soundnessbench/onnx/model.onnx,/home/elipregerson/nnenum/vnncomp2025_benchmarks/benchmarks/soundnessbench/vnnlib/model_9.vnnlib,.006216567,error_exit_code_1,25.347499102
soundnessbench,/home/elipregerson/nnenum/vnncomp2025_benchmarks/benchmarks/soundnessbench/onnx/model.onnx,/home/elipregerson/nnenum/vnncomp2025_benchmarks/benchmarks/soundnessbench/vnnlib/model_10.vnnlib,.008256280,error_exit_code_1,26.452979181
soundnessbench,/home/elipregerson/nnenum/vnncomp2025_benchmarks/benchmarks/soundnessbench/onnx/model.onnx,/home/elipregerson/nnenum/vnncomp2025_benchmarks/benchmarks/soundnessbench/vnnlib/model_11.vnnlib,.008085832,error_exit_code_1,29.306374821
soundnessbench,/home/elipregerson/nnenum/vnncomp2025_benchmarks/benchmarks/soundnessbench/onnx/model.onnx,/home/elipregerson/nnenum/vnncomp2025_benchmarks/benchmarks/soundnessbench/vnnlib/model_12.vnnlib,.006315878,error_exit_code_1,28.987008861
soundnessbench,/home/elipregerson/nnenum/vnncomp2025_benchmarks/benchmarks/soundnessbench/onnx/model.onnx,/home/elipregerson/nnenum/vnncomp2025_benchmarks/benchmarks/soundnessbench/vnnlib/model_13.vnnlib,.006092776,error_exit_code_1,37.548216581
soundnessbench,/home/elipregerson/nnenum/vnncomp2025_benchmarks/benchmarks/soundnessbench/onnx/model.onnx,/home/elipregerson/nnenum/vnncomp2025_benchmarks/benchmarks/soundnessbench/vnnlib/model_14.vnnlib,.008309642,error_exit_code_1,32.971935300
soundnessbench,/home/elipregerson/nnenum/vnncomp2025_benchmarks/benchmarks/soundnessbench/onnx/model.onnx,/home/elipregerson/nnenum/vnncomp2025_benchmarks/benchmarks/soundnessbench/vnnlib/model_15.vnnlib,.006052218,error_exit_code_1,24.590613148
soundnessbench,/home/elipregerson/nnenum/vnncomp2025_benchmarks/benchmarks/soundnessbench/onnx/model.onnx,/home/elipregerson/nnenum/vnncomp2025_benchmarks/benchmarks/soundnessbench/vnnlib/model_16.vnnlib,.006489788,error_exit_code_1,35.183715921
soundnessbench,/home/elipregerson/nnenum/vnncomp2025_benchmarks/benchmarks/soundnessbench/onnx/model.onnx,/home/elipregerson/nnenum/vnncomp2025_benchmarks/benchmarks/soundnessbench/vnnlib/model_17.vnnlib,.010510737,error_exit_code_1,26.771961117
soundnessbench,/home/elipregerson/nnenum/vnncomp2025_benchmarks/benchmarks/soundnessbench/onnx/model.onnx,/home/elipregerson/nnenum/vnncomp2025_benchmarks/benchmarks/soundnessbench/vnnlib/model_18.vnnlib,.010261056,error_exit_code_1,24.334655702
soundnessbench,/home/elipregerson/nnenum/vnncomp2025_benchmarks/benchmarks/soundnessbench/onnx/model.onnx,/home/elipregerson/nnenum/vnncomp2025_benchmarks/benchmarks/soundnessbench/vnnlib/model_19.vnnlib,.010192148,error_exit_code_1,27.039618408
soundnessbench,/home/elipregerson/nnenum/vnncomp2025_benchmarks/benchmarks/soundnessbench/onnx/model.onnx,/home/elipregerson/nnenum/vnncomp2025_benchmarks/benchmarks/soundnessbench/vnnlib/model_20.vnnlib,.012082002,error_exit_code_1,29.603783021
soundnessbench,/home/elipregerson/nnenum/vnncomp2025_benchmarks/benchmarks/soundnessbench/onnx/model.onnx,/home/elipregerson/nnenum/vnncomp2025_benchmarks/benchmarks/soundnessbench/vnnlib/model_21.vnnlib,.008001754,error_exit_code_1,23.048342633
soundnessbench,/home/elipregerson/nnenum/vnncomp2025_benchmarks/benchmarks/soundnessbench/onnx/model.onnx,/home/elipregerson/nnenum/vnncomp2025_benchmarks/benchmarks/soundnessbench/vnnlib/model_22.vnnlib,.009069059,error_exit_code_1,28.322244262
soundnessbench,/home/elipregerson/nnenum/vnncomp2025_benchmarks/benchmarks/soundnessbench/onnx/model.onnx,/home/elipregerson/nnenum/vnncomp2025_benchmarks/benchmarks/soundnessbench/vnnlib/model_23.vnnlib,.008209379,error_exit_code_1,29.824673008
soundnessbench,/home/elipregerson/nnenum/vnncomp2025_benchmarks/benchmarks/soundnessbench/onnx/model.onnx,/home/elipregerson/nnenum/vnncomp2025_benchmarks/benchmarks/soundnessbench/vnnlib/model_24.vnnlib,.009702873,error_exit_code_1,29.457268029
soundnessbench,/home/elipregerson/nnenum/vnncomp2025_benchmarks/benchmarks/soundnessbench/onnx/model.onnx,/home/elipregerson/nnenum/vnncomp2025_benchmarks/benchmarks/soundnessbench/vnnlib/model_25.vnnlib,.006089271,error_exit_code_1,29.126025569
soundnessbench,/home/elipregerson/nnenum/vnncomp2025_benchmarks/benchmarks/soundnessbench/onnx/model.onnx,/home/elipregerson/nnenum/vnncomp2025_benchmarks/benchmarks/soundnessbench/vnnlib/model_26.vnnlib,.006293297,error_exit_code_1,47.231402120
soundnessbench,/home/elipregerson/nnenum/vnncomp2025_benchmarks/benchmarks/soundnessbench/onnx/model.onnx,/home/elipregerson/nnenum/vnncomp2025_benchmarks/benchmarks/soundnessbench/vnnlib/model_27.vnnlib,.008384577,error_exit_code_1,30.112830971
soundnessbench,/home/elipregerson/nnenum/vnncomp2025_benchmarks/benchmarks/soundnessbench/onnx/model.onnx,/home/elipregerson/nnenum/vnncomp2025_benchmarks/benchmarks/soundnessbench/vnnlib/model_28.vnnlib,.007961107,error_exit_code_1,29.642966647
soundnessbench,/home/elipregerson/nnenum/vnncomp2025_benchmarks/benchmarks/soundnessbench/onnx/model.onnx,/home/elipregerson/nnenum/vnncomp2025_benchmarks/benchmarks/soundnessbench/vnnlib/model_29.vnnlib,.008968518,error_exit_code_1,27.630146585
soundnessbench,/home/elipregerson/nnenum/vnncomp2025_benchmarks/benchmarks/soundnessbench/onnx/model.onnx,/home/elipregerson/nnenum/vnncomp2025_benchmarks/benchmarks/soundnessbench/vnnlib/model_30.vnnlib,.006281758,error_exit_code_1,22.457866945
soundnessbench,/home/elipregerson/nnenum/vnncomp2025_benchmarks/benchmarks/soundnessbench/onnx/model.onnx,/home/elipregerson/nnenum/vnncomp2025_benchmarks/benchmarks/soundnessbench/vnnlib/model_31.vnnlib,.008120001,error_exit_code_1,29.619879583
soundnessbench,/home/elipregerson/nnenum/vnncomp2025_benchmarks/benchmarks/soundnessbench/onnx/model.onnx,/home/elipregerson/nnenum/vnncomp2025_benchmarks/benchmarks/soundnessbench/vnnlib/model_32.vnnlib,.006054376,error_exit_code_1,28.037853749
soundnessbench,/home/elipregerson/nnenum/vnncomp2025_benchmarks/benchmarks/soundnessbench/onnx/model.onnx,/home/elipregerson/nnenum/vnncomp2025_benchmarks/benchmarks/soundnessbench/vnnlib/model_33.vnnlib,.006157536,error_exit_code_1,26.574909489
soundnessbench,/home/elipregerson/nnenum/vnncomp2025_benchmarks/benchmarks/soundnessbench/onnx/model.onnx,/home/elipregerson/nnenum/vnncomp2025_benchmarks/benchmarks/soundnessbench/vnnlib/model_34.vnnlib,.008943078,error_exit_code_1,26.313908156
soundnessbench,/home/elipregerson/nnenum/vnncomp2025_benchmarks/benchmarks/soundnessbench/onnx/model.onnx,/home/elipregerson/nnenum/vnncomp2025_benchmarks/benchmarks/soundnessbench/vnnlib/model_35.vnnlib,.009139569,error_exit_code_1,30.134974345
soundnessbench,/home/elipregerson/nnenum/vnncomp2025_benchmarks/benchmarks/soundnessbench/onnx/model.onnx,/home/elipregerson/nnenum/vnncomp2025_benchmarks/benchmarks/soundnessbench/vnnlib/model_36.vnnlib,.006219517,error_exit_code_1,30.540998659
soundnessbench,/home/elipregerson/nnenum/vnncomp2025_benchmarks/benchmarks/soundnessbench/onnx/model.onnx,/home/elipregerson/nnenum/vnncomp2025_benchmarks/benchmarks/soundnessbench/vnnlib/model_37.vnnlib,.006270988,error_exit_code_1,27.780296975
soundnessbench,/home/elipregerson/nnenum/vnncomp2025_benchmarks/benchmarks/soundnessbench/onnx/model.onnx,/home/elipregerson/nnenum/vnncomp2025_benchmarks/benchmarks/soundnessbench/vnnlib/model_38.vnnlib,.006262924,error_exit_code_1,31.353679196
soundnessbench,/home/elipregerson/nnenum/vnncomp2025_benchmarks/benchmarks/soundnessbench/onnx/model.onnx,/home/elipregerson/nnenum/vnncomp2025_benchmarks/benchmarks/soundnessbench/vnnlib/model_39.vnnlib,.005972432,error_exit_code_1,26.864932389
soundnessbench,/home/elipregerson/nnenum/vnncomp2025_benchmarks/benchmarks/soundnessbench/onnx/model.onnx,/home/elipregerson/nnenum/vnncomp2025_benchmarks/benchmarks/soundnessbench/vnnlib/model_40.vnnlib,.006106265,error_exit_code_1,26.152704574
soundnessbench,/home/elipregerson/nnenum/vnncomp2025_benchmarks/benchmarks/soundnessbench/onnx/model.onnx,/home/elipregerson/nnenum/vnncomp2025_benchmarks/benchmarks/soundnessbench/vnnlib/model_41.vnnlib,.006246724,error_exit_code_1,30.770503873
soundnessbench,/home/elipregerson/nnenum/vnncomp2025_benchmarks/benchmarks/soundnessbench/onnx/model.onnx,/home/elipregerson/nnenum/vnncomp2025_benchmarks/benchmarks/soundnessbench/vnnlib/model_42.vnnlib,.006406880,error_exit_code_1,28.672640737
soundnessbench,/home/elipregerson/nnenum/vnncomp2025_benchmarks/benchmarks/soundnessbench/onnx/model.onnx,/home/elipregerson/nnenum/vnncomp2025_benchmarks/benchmarks/soundnessbench/vnnlib/model_43.vnnlib,.006188318,error_exit_code_1,29.102909222
soundnessbench,/home/elipregerson/nnenum/vnncomp2025_benchmarks/benchmarks/soundnessbench/onnx/model.onnx,/home/elipregerson/nnenum/vnncomp2025_benchmarks/benchmarks/soundnessbench/vnnlib/model_44.vnnlib,.006045544,error_exit_code_1,29.845818725
soundnessbench,/home/elipregerson/nnenum/vnncomp2025_benchmarks/benchmarks/soundnessbench/onnx/model.onnx,/home/elipregerson/nnenum/vnncomp2025_benchmarks/benchmarks/soundnessbench/vnnlib/model_45.vnnlib,.006086616,error_exit_code_1,22.737357280
soundnessbench,/home/elipregerson/nnenum/vnncomp2025_benchmarks/benchmarks/soundnessbench/onnx/model.onnx,/home/elipregerson/nnenum/vnncomp2025_benchmarks/benchmarks/soundnessbench/vnnlib/model_46.vnnlib,.009229283,error_exit_code_1,29.758824356
soundnessbench,/home/elipregerson/nnenum/vnncomp2025_benchmarks/benchmarks/soundnessbench/onnx/model.onnx,/home/elipregerson/nnenum/vnncomp2025_benchmarks/benchmarks/soundnessbench/vnnlib/model_47.vnnlib,.006045585,error_exit_code_1,28.542071659
soundnessbench,/home/elipregerson/nnenum/vnncomp2025_benchmarks/benchmarks/soundnessbench/onnx/model.onnx,/home/elipregerson/nnenum/vnncomp2025_benchmarks/benchmarks/soundnessbench/vnnlib/model_48.vnnlib,.006257606,error_exit_code_1,25.736614609
soundnessbench,/home/elipregerson/nnenum/vnncomp2025_benchmarks/benchmarks/soundnessbench/onnx/model.onnx,/home/elipregerson/nnenum/vnncomp2025_benchmarks/benchmarks/soundnessbench/vnnlib/model_49.vnnlib,.006264550,error_exit_code_1,30.549360339
soundnessbench,/home/elipregerson/nnenum/vnncomp2025_benchmarks/benchmarks/test/onnx/test_nano.onnx,/home/elipregerson/nnenum/vnncomp2025_benchmarks/benchmarks/test/vnnlib/test_nano.vnnlib,.006257186,unsat,.610629779
tinyimagenet_2024,/home/elipregerson/nnenum/vnncomp2025_benchmarks/benchmarks/tinyimagenet_2024/onnx/TinyImageNet_resnet_medium.onnx,/home/elipregerson/nnenum/vnncomp2025_benchmarks/benchmarks/tinyimagenet_2024/vnnlib/TinyImageNet_resnet_medium_prop_idx_1126_sidx_4974_eps_0.0039.vnnlib,.006223011,error_exit_code_1,4.635241543
tinyimagenet_2024,/home/elipregerson/nnenum/vnncomp2025_benchmarks/benchmarks/tinyimagenet_2024/onnx/TinyImageNet_resnet_medium.onnx,/home/elipregerson/nnenum/vnncomp2025_benchmarks/benchmarks/tinyimagenet_2024/vnnlib/TinyImageNet_resnet_medium_prop_idx_6827_sidx_2613_eps_0.0039.vnnlib,.006203439,error_exit_code_1,4.697132493
tinyimagenet_2024,/home/elipregerson/nnenum/vnncomp2025_benchmarks/benchmarks/tinyimagenet_2024/onnx/TinyImageNet_resnet_medium.onnx,/home/elipregerson/nnenum/vnncomp2025_benchmarks/benchmarks/tinyimagenet_2024/vnnlib/TinyImageNet_resnet_medium_prop_idx_7943_sidx_6299_eps_0.0039.vnnlib,.006185457,error_exit_code_1,4.623113127
tinyimagenet_2024,/home/elipregerson/nnenum/vnncomp2025_benchmarks/benchmarks/tinyimagenet_2024/onnx/TinyImageNet_resnet_medium.onnx,/home/elipregerson/nnenum/vnncomp2025_benchmarks/benchmarks/tinyimagenet_2024/vnnlib/TinyImageNet_resnet_medium_prop_idx_9558_sidx_6082_eps_0.0039.vnnlib,.006184086,error_exit_code_1,4.611435073
tinyimagenet_2024,/home/elipregerson/nnenum/vnncomp2025_benchmarks/benchmarks/tinyimagenet_2024/onnx/TinyImageNet_resnet_medium.onnx,/home/elipregerson/nnenum/vnncomp2025_benchmarks/benchmarks/tinyimagenet_2024/vnnlib/TinyImageNet_resnet_medium_prop_idx_2341_sidx_4149_eps_0.0039.vnnlib,.006000014,error_exit_code_1,4.595993749
tinyimagenet_2024,/home/elipregerson/nnenum/vnncomp2025_benchmarks/benchmarks/tinyimagenet_2024/onnx/TinyImageNet_resnet_medium.onnx,/home/elipregerson/nnenum/vnncomp2025_benchmarks/benchmarks/tinyimagenet_2024/vnnlib/TinyImageNet_resnet_medium_prop_idx_5478_sidx_174_eps_0.0039.vnnlib,.006033073,error_exit_code_1,4.529591296
tinyimagenet_2024,/home/elipregerson/nnenum/vnncomp2025_benchmarks/benchmarks/tinyimagenet_2024/onnx/TinyImageNet_resnet_medium.onnx,/home/elipregerson/nnenum/vnncomp2025_benchmarks/benchmarks/tinyimagenet_2024/vnnlib/TinyImageNet_resnet_medium_prop_idx_9262_sidx_880_eps_0.0039.vnnlib,.006067628,error_exit_code_1,4.511031265
tinyimagenet_2024,/home/elipregerson/nnenum/vnncomp2025_benchmarks/benchmarks/tinyimagenet_2024/onnx/TinyImageNet_resnet_medium.onnx,/home/elipregerson/nnenum/vnncomp2025_benchmarks/benchmarks/tinyimagenet_2024/vnnlib/TinyImageNet_resnet_medium_prop_idx_6252_sidx_9972_eps_0.0039.vnnlib,.006142370,error_exit_code_1,4.585266298
tinyimagenet_2024,/home/elipregerson/nnenum/vnncomp2025_benchmarks/benchmarks/tinyimagenet_2024/onnx/TinyImageNet_resnet_medium.onnx,/home/elipregerson/nnenum/vnncomp2025_benchmarks/benchmarks/tinyimagenet_2024/vnnlib/TinyImageNet_resnet_medium_prop_idx_2146_sidx_298_eps_0.0039.vnnlib,.006214505,error_exit_code_1,4.508032891
tinyimagenet_2024,/home/elipregerson/nnenum/vnncomp2025_benchmarks/benchmarks/tinyimagenet_2024/onnx/TinyImageNet_resnet_medium.onnx,/home/elipregerson/nnenum/vnncomp2025_benchmarks/benchmarks/tinyimagenet_2024/vnnlib/TinyImageNet_resnet_medium_prop_idx_538_sidx_2467_eps_0.0039.vnnlib,.006132396,error_exit_code_1,4.503970826
tinyimagenet_2024,/home/elipregerson/nnenum/vnncomp2025_benchmarks/benchmarks/tinyimagenet_2024/onnx/TinyImageNet_resnet_medium.onnx,/home/elipregerson/nnenum/vnncomp2025_benchmarks/benchmarks/tinyimagenet_2024/vnnlib/TinyImageNet_resnet_medium_prop_idx_5134_sidx_3767_eps_0.0039.vnnlib,.006054919,error_exit_code_1,4.522246834
tinyimagenet_2024,/home/elipregerson/nnenum/vnncomp2025_benchmarks/benchmarks/tinyimagenet_2024/onnx/TinyImageNet_resnet_medium.onnx,/home/elipregerson/nnenum/vnncomp2025_benchmarks/benchmarks/tinyimagenet_2024/vnnlib/TinyImageNet_resnet_medium_prop_idx_9535_sidx_6151_eps_0.0039.vnnlib,.005999030,error_exit_code_1,4.468420189
tinyimagenet_2024,/home/elipregerson/nnenum/vnncomp2025_benchmarks/benchmarks/tinyimagenet_2024/onnx/TinyImageNet_resnet_medium.onnx,/home/elipregerson/nnenum/vnncomp2025_benchmarks/benchmarks/tinyimagenet_2024/vnnlib/TinyImageNet_resnet_medium_prop_idx_253_sidx_4834_eps_0.0039.vnnlib,.006148541,error_exit_code_1,4.521043611
tinyimagenet_2024,/home/elipregerson/nnenum/vnncomp2025_benchmarks/benchmarks/tinyimagenet_2024/onnx/TinyImageNet_resnet_medium.onnx,/home/elipregerson/nnenum/vnncomp2025_benchmarks/benchmarks/tinyimagenet_2024/vnnlib/TinyImageNet_resnet_medium_prop_idx_5673_sidx_6615_eps_0.0039.vnnlib,.006193784,error_exit_code_1,4.463120480
tinyimagenet_2024,/home/elipregerson/nnenum/vnncomp2025_benchmarks/benchmarks/tinyimagenet_2024/onnx/TinyImageNet_resnet_medium.onnx,/home/elipregerson/nnenum/vnncomp2025_benchmarks/benchmarks/tinyimagenet_2024/vnnlib/TinyImageNet_resnet_medium_prop_idx_1459_sidx_443_eps_0.0039.vnnlib,.006317999,error_exit_code_1,4.498908024
tinyimagenet_2024,/home/elipregerson/nnenum/vnncomp2025_benchmarks/benchmarks/tinyimagenet_2024/onnx/TinyImageNet_resnet_medium.onnx,/home/elipregerson/nnenum/vnncomp2025_benchmarks/benchmarks/tinyimagenet_2024/vnnlib/TinyImageNet_resnet_medium_prop_idx_551_sidx_6748_eps_0.0039.vnnlib,.006193321,error_exit_code_1,4.491072859
tinyimagenet_2024,/home/elipregerson/nnenum/vnncomp2025_benchmarks/benchmarks/tinyimagenet_2024/onnx/TinyImageNet_resnet_medium.onnx,/home/elipregerson/nnenum/vnncomp2025_benchmarks/benchmarks/tinyimagenet_2024/vnnlib/TinyImageNet_resnet_medium_prop_idx_4526_sidx_9254_eps_0.0039.vnnlib,.006002506,error_exit_code_1,4.483637661
tinyimagenet_2024,/home/elipregerson/nnenum/vnncomp2025_benchmarks/benchmarks/tinyimagenet_2024/onnx/TinyImageNet_resnet_medium.onnx,/home/elipregerson/nnenum/vnncomp2025_benchmarks/benchmarks/tinyimagenet_2024/vnnlib/TinyImageNet_resnet_medium_prop_idx_2063_sidx_8156_eps_0.0039.vnnlib,.006046638,error_exit_code_1,4.454165697
tinyimagenet_2024,/home/elipregerson/nnenum/vnncomp2025_benchmarks/benchmarks/tinyimagenet_2024/onnx/TinyImageNet_resnet_medium.onnx,/home/elipregerson/nnenum/vnncomp2025_benchmarks/benchmarks/tinyimagenet_2024/vnnlib/TinyImageNet_resnet_medium_prop_idx_879_sidx_6242_eps_0.0039.vnnlib,.005922218,error_exit_code_1,4.471358931
tinyimagenet_2024,/home/elipregerson/nnenum/vnncomp2025_benchmarks/benchmarks/tinyimagenet_2024/onnx/TinyImageNet_resnet_medium.onnx,/home/elipregerson/nnenum/vnncomp2025_benchmarks/benchmarks/tinyimagenet_2024/vnnlib/TinyImageNet_resnet_medium_prop_idx_247_sidx_1124_eps_0.0039.vnnlib,.006057688,error_exit_code_1,4.470404633
tinyimagenet_2024,/home/elipregerson/nnenum/vnncomp2025_benchmarks/benchmarks/tinyimagenet_2024/onnx/TinyImageNet_resnet_medium.onnx,/home/elipregerson/nnenum/vnncomp2025_benchmarks/benchmarks/tinyimagenet_2024/vnnlib/TinyImageNet_resnet_medium_prop_idx_2582_sidx_5386_eps_0.0039.vnnlib,.006192474,error_exit_code_1,4.507166524
tinyimagenet_2024,/home/elipregerson/nnenum/vnncomp2025_benchmarks/benchmarks/tinyimagenet_2024/onnx/TinyImageNet_resnet_medium.onnx,/home/elipregerson/nnenum/vnncomp2025_benchmarks/benchmarks/tinyimagenet_2024/vnnlib/TinyImageNet_resnet_medium_prop_idx_2936_sidx_7810_eps_0.0039.vnnlib,.006068827,error_exit_code_1,4.525200944
tinyimagenet_2024,/home/elipregerson/nnenum/vnncomp2025_benchmarks/benchmarks/tinyimagenet_2024/onnx/TinyImageNet_resnet_medium.onnx,/home/elipregerson/nnenum/vnncomp2025_benchmarks/benchmarks/tinyimagenet_2024/vnnlib/TinyImageNet_resnet_medium_prop_idx_1175_sidx_7775_eps_0.0039.vnnlib,.006175528,error_exit_code_1,4.443322703
tinyimagenet_2024,/home/elipregerson/nnenum/vnncomp2025_benchmarks/benchmarks/tinyimagenet_2024/onnx/TinyImageNet_resnet_medium.onnx,/home/elipregerson/nnenum/vnncomp2025_benchmarks/benchmarks/tinyimagenet_2024/vnnlib/TinyImageNet_resnet_medium_prop_idx_7365_sidx_3284_eps_0.0039.vnnlib,.006018143,error_exit_code_1,4.466606702
tinyimagenet_2024,/home/elipregerson/nnenum/vnncomp2025_benchmarks/benchmarks/tinyimagenet_2024/onnx/TinyImageNet_resnet_medium.onnx,/home/elipregerson/nnenum/vnncomp2025_benchmarks/benchmarks/tinyimagenet_2024/vnnlib/TinyImageNet_resnet_medium_prop_idx_8684_sidx_9001_eps_0.0039.vnnlib,.006082645,error_exit_code_1,4.471900745
tinyimagenet_2024,/home/elipregerson/nnenum/vnncomp2025_benchmarks/benchmarks/tinyimagenet_2024/onnx/TinyImageNet_resnet_medium.onnx,/home/elipregerson/nnenum/vnncomp2025_benchmarks/benchmarks/tinyimagenet_2024/vnnlib/TinyImageNet_resnet_medium_prop_idx_1706_sidx_4932_eps_0.0039.vnnlib,.006182999,error_exit_code_1,4.421198131
tinyimagenet_2024,/home/elipregerson/nnenum/vnncomp2025_benchmarks/benchmarks/tinyimagenet_2024/onnx/TinyImageNet_resnet_medium.onnx,/home/elipregerson/nnenum/vnncomp2025_benchmarks/benchmarks/tinyimagenet_2024/vnnlib/TinyImageNet_resnet_medium_prop_idx_2755_sidx_193_eps_0.0039.vnnlib,.006172420,error_exit_code_1,4.516456073
tinyimagenet_2024,/home/elipregerson/nnenum/vnncomp2025_benchmarks/benchmarks/tinyimagenet_2024/onnx/TinyImageNet_resnet_medium.onnx,/home/elipregerson/nnenum/vnncomp2025_benchmarks/benchmarks/tinyimagenet_2024/vnnlib/TinyImageNet_resnet_medium_prop_idx_9584_sidx_3691_eps_0.0039.vnnlib,.006372756,error_exit_code_1,4.488255780
tinyimagenet_2024,/home/elipregerson/nnenum/vnncomp2025_benchmarks/benchmarks/tinyimagenet_2024/onnx/TinyImageNet_resnet_medium.onnx,/home/elipregerson/nnenum/vnncomp2025_benchmarks/benchmarks/tinyimagenet_2024/vnnlib/TinyImageNet_resnet_medium_prop_idx_9079_sidx_5823_eps_0.0039.vnnlib,.006260846,error_exit_code_1,4.458261185
tinyimagenet_2024,/home/elipregerson/nnenum/vnncomp2025_benchmarks/benchmarks/tinyimagenet_2024/onnx/TinyImageNet_resnet_medium.onnx,/home/elipregerson/nnenum/vnncomp2025_benchmarks/benchmarks/tinyimagenet_2024/vnnlib/TinyImageNet_resnet_medium_prop_idx_1135_sidx_1928_eps_0.0039.vnnlib,.006256604,error_exit_code_1,4.494756958
tinyimagenet_2024,/home/elipregerson/nnenum/vnncomp2025_benchmarks/benchmarks/tinyimagenet_2024/onnx/TinyImageNet_resnet_medium.onnx,/home/elipregerson/nnenum/vnncomp2025_benchmarks/benchmarks/tinyimagenet_2024/vnnlib/TinyImageNet_resnet_medium_prop_idx_1359_sidx_7221_eps_0.0039.vnnlib,.006087095,error_exit_code_1,4.439178551
tinyimagenet_2024,/home/elipregerson/nnenum/vnncomp2025_benchmarks/benchmarks/tinyimagenet_2024/onnx/TinyImageNet_resnet_medium.onnx,/home/elipregerson/nnenum/vnncomp2025_benchmarks/benchmarks/tinyimagenet_2024/vnnlib/TinyImageNet_resnet_medium_prop_idx_5683_sidx_1212_eps_0.0039.vnnlib,.006165123,error_exit_code_1,4.467142126
tinyimagenet_2024,/home/elipregerson/nnenum/vnncomp2025_benchmarks/benchmarks/tinyimagenet_2024/onnx/TinyImageNet_resnet_medium.onnx,/home/elipregerson/nnenum/vnncomp2025_benchmarks/benchmarks/tinyimagenet_2024/vnnlib/TinyImageNet_resnet_medium_prop_idx_1615_sidx_1065_eps_0.0039.vnnlib,.005942272,error_exit_code_1,4.469186636
tinyimagenet_2024,/home/elipregerson/nnenum/vnncomp2025_benchmarks/benchmarks/tinyimagenet_2024/onnx/TinyImageNet_resnet_medium.onnx,/home/elipregerson/nnenum/vnncomp2025_benchmarks/benchmarks/tinyimagenet_2024/vnnlib/TinyImageNet_resnet_medium_prop_idx_288_sidx_5531_eps_0.0039.vnnlib,.006086027,error_exit_code_1,4.495390971
tinyimagenet_2024,/home/elipregerson/nnenum/vnncomp2025_benchmarks/benchmarks/tinyimagenet_2024/onnx/TinyImageNet_resnet_medium.onnx,/home/elipregerson/nnenum/vnncomp2025_benchmarks/benchmarks/tinyimagenet_2024/vnnlib/TinyImageNet_resnet_medium_prop_idx_6546_sidx_3168_eps_0.0039.vnnlib,.006127648,error_exit_code_1,4.472995751
tinyimagenet_2024,/home/elipregerson/nnenum/vnncomp2025_benchmarks/benchmarks/tinyimagenet_2024/onnx/TinyImageNet_resnet_medium.onnx,/home/elipregerson/nnenum/vnncomp2025_benchmarks/benchmarks/tinyimagenet_2024/vnnlib/TinyImageNet_resnet_medium_prop_idx_2475_sidx_523_eps_0.0039.vnnlib,.006187505,error_exit_code_1,4.462828473
tinyimagenet_2024,/home/elipregerson/nnenum/vnncomp2025_benchmarks/benchmarks/tinyimagenet_2024/onnx/TinyImageNet_resnet_medium.onnx,/home/elipregerson/nnenum/vnncomp2025_benchmarks/benchmarks/tinyimagenet_2024/vnnlib/TinyImageNet_resnet_medium_prop_idx_9476_sidx_5602_eps_0.0039.vnnlib,.005974199,error_exit_code_1,4.450733534
tinyimagenet_2024,/home/elipregerson/nnenum/vnncomp2025_benchmarks/benchmarks/tinyimagenet_2024/onnx/TinyImageNet_resnet_medium.onnx,/home/elipregerson/nnenum/vnncomp2025_benchmarks/benchmarks/tinyimagenet_2024/vnnlib/TinyImageNet_resnet_medium_prop_idx_3782_sidx_1103_eps_0.0039.vnnlib,.006032837,error_exit_code_1,4.467913029
tinyimagenet_2024,/home/elipregerson/nnenum/vnncomp2025_benchmarks/benchmarks/tinyimagenet_2024/onnx/TinyImageNet_resnet_medium.onnx,/home/elipregerson/nnenum/vnncomp2025_benchmarks/benchmarks/tinyimagenet_2024/vnnlib/TinyImageNet_resnet_medium_prop_idx_4463_sidx_4146_eps_0.0039.vnnlib,.006030011,error_exit_code_1,4.482937268
tinyimagenet_2024,/home/elipregerson/nnenum/vnncomp2025_benchmarks/benchmarks/tinyimagenet_2024/onnx/TinyImageNet_resnet_medium.onnx,/home/elipregerson/nnenum/vnncomp2025_benchmarks/benchmarks/tinyimagenet_2024/vnnlib/TinyImageNet_resnet_medium_prop_idx_8257_sidx_5574_eps_0.0039.vnnlib,.005869881,error_exit_code_1,4.520248536
tinyimagenet_2024,/home/elipregerson/nnenum/vnncomp2025_benchmarks/benchmarks/tinyimagenet_2024/onnx/TinyImageNet_resnet_medium.onnx,/home/elipregerson/nnenum/vnncomp2025_benchmarks/benchmarks/tinyimagenet_2024/vnnlib/TinyImageNet_resnet_medium_prop_idx_4438_sidx_6486_eps_0.0039.vnnlib,.006117124,error_exit_code_1,4.437564340
tinyimagenet_2024,/home/elipregerson/nnenum/vnncomp2025_benchmarks/benchmarks/tinyimagenet_2024/onnx/TinyImageNet_resnet_medium.onnx,/home/elipregerson/nnenum/vnncomp2025_benchmarks/benchmarks/tinyimagenet_2024/vnnlib/TinyImageNet_resnet_medium_prop_idx_484_sidx_161_eps_0.0039.vnnlib,.006108355,error_exit_code_1,4.432121897
tinyimagenet_2024,/home/elipregerson/nnenum/vnncomp2025_benchmarks/benchmarks/tinyimagenet_2024/onnx/TinyImageNet_resnet_medium.onnx,/home/elipregerson/nnenum/vnncomp2025_benchmarks/benchmarks/tinyimagenet_2024/vnnlib/TinyImageNet_resnet_medium_prop_idx_9611_sidx_7725_eps_0.0039.vnnlib,.006124979,error_exit_code_1,4.483526089
tinyimagenet_2024,/home/elipregerson/nnenum/vnncomp2025_benchmarks/benchmarks/tinyimagenet_2024/onnx/TinyImageNet_resnet_medium.onnx,/home/elipregerson/nnenum/vnncomp2025_benchmarks/benchmarks/tinyimagenet_2024/vnnlib/TinyImageNet_resnet_medium_prop_idx_3429_sidx_4578_eps_0.0039.vnnlib,.006204433,error_exit_code_1,4.429636303
tinyimagenet_2024,/home/elipregerson/nnenum/vnncomp2025_benchmarks/benchmarks/tinyimagenet_2024/onnx/TinyImageNet_resnet_medium.onnx,/home/elipregerson/nnenum/vnncomp2025_benchmarks/benchmarks/tinyimagenet_2024/vnnlib/TinyImageNet_resnet_medium_prop_idx_5685_sidx_8755_eps_0.0039.vnnlib,.006257051,error_exit_code_1,4.448702468
tinyimagenet_2024,/home/elipregerson/nnenum/vnncomp2025_benchmarks/benchmarks/tinyimagenet_2024/onnx/TinyImageNet_resnet_medium.onnx,/home/elipregerson/nnenum/vnncomp2025_benchmarks/benchmarks/tinyimagenet_2024/vnnlib/TinyImageNet_resnet_medium_prop_idx_5257_sidx_5727_eps_0.0039.vnnlib,.006095029,error_exit_code_1,4.450780246
tinyimagenet_2024,/home/elipregerson/nnenum/vnncomp2025_benchmarks/benchmarks/tinyimagenet_2024/onnx/TinyImageNet_resnet_medium.onnx,/home/elipregerson/nnenum/vnncomp2025_benchmarks/benchmarks/tinyimagenet_2024/vnnlib/TinyImageNet_resnet_medium_prop_idx_9437_sidx_5480_eps_0.0039.vnnlib,.006141248,error_exit_code_1,4.461270761
tinyimagenet_2024,/home/elipregerson/nnenum/vnncomp2025_benchmarks/benchmarks/tinyimagenet_2024/onnx/TinyImageNet_resnet_medium.onnx,/home/elipregerson/nnenum/vnncomp2025_benchmarks/benchmarks/tinyimagenet_2024/vnnlib/TinyImageNet_resnet_medium_prop_idx_4500_sidx_6717_eps_0.0039.vnnlib,.006230214,error_exit_code_1,4.431658230
tinyimagenet_2024,/home/elipregerson/nnenum/vnncomp2025_benchmarks/benchmarks/tinyimagenet_2024/onnx/TinyImageNet_resnet_medium.onnx,/home/elipregerson/nnenum/vnncomp2025_benchmarks/benchmarks/tinyimagenet_2024/vnnlib/TinyImageNet_resnet_medium_prop_idx_4871_sidx_7562_eps_0.0039.vnnlib,.006108228,error_exit_code_1,4.435117337
tinyimagenet_2024,/home/elipregerson/nnenum/vnncomp2025_benchmarks/benchmarks/tinyimagenet_2024/onnx/TinyImageNet_resnet_medium.onnx,/home/elipregerson/nnenum/vnncomp2025_benchmarks/benchmarks/tinyimagenet_2024/vnnlib/TinyImageNet_resnet_medium_prop_idx_2210_sidx_992_eps_0.0039.vnnlib,.006365088,error_exit_code_1,4.449772168
tinyimagenet_2024,/home/elipregerson/nnenum/vnncomp2025_benchmarks/benchmarks/tinyimagenet_2024/onnx/TinyImageNet_resnet_medium.onnx,/home/elipregerson/nnenum/vnncomp2025_benchmarks/benchmarks/tinyimagenet_2024/vnnlib/TinyImageNet_resnet_medium_prop_idx_1651_sidx_3548_eps_0.0039.vnnlib,.006047280,error_exit_code_1,4.463457550
tinyimagenet_2024,/home/elipregerson/nnenum/vnncomp2025_benchmarks/benchmarks/tinyimagenet_2024/onnx/TinyImageNet_resnet_medium.onnx,/home/elipregerson/nnenum/vnncomp2025_benchmarks/benchmarks/tinyimagenet_2024/vnnlib/TinyImageNet_resnet_medium_prop_idx_7183_sidx_4731_eps_0.0039.vnnlib,.005993012,error_exit_code_1,4.460796019
tinyimagenet_2024,/home/elipregerson/nnenum/vnncomp2025_benchmarks/benchmarks/tinyimagenet_2024/onnx/TinyImageNet_resnet_medium.onnx,/home/elipregerson/nnenum/vnncomp2025_benchmarks/benchmarks/tinyimagenet_2024/vnnlib/TinyImageNet_resnet_medium_prop_idx_647_sidx_9608_eps_0.0039.vnnlib,.006105256,error_exit_code_1,4.465840498
tinyimagenet_2024,/home/elipregerson/nnenum/vnncomp2025_benchmarks/benchmarks/tinyimagenet_2024/onnx/TinyImageNet_resnet_medium.onnx,/home/elipregerson/nnenum/vnncomp2025_benchmarks/benchmarks/tinyimagenet_2024/vnnlib/TinyImageNet_resnet_medium_prop_idx_9992_sidx_5063_eps_0.0039.vnnlib,.006132210,error_exit_code_1,4.431874472
tinyimagenet_2024,/home/elipregerson/nnenum/vnncomp2025_benchmarks/benchmarks/tinyimagenet_2024/onnx/TinyImageNet_resnet_medium.onnx,/home/elipregerson/nnenum/vnncomp2025_benchmarks/benchmarks/tinyimagenet_2024/vnnlib/TinyImageNet_resnet_medium_prop_idx_3543_sidx_5527_eps_0.0039.vnnlib,.006282909,error_exit_code_1,4.488498836
tinyimagenet_2024,/home/elipregerson/nnenum/vnncomp2025_benchmarks/benchmarks/tinyimagenet_2024/onnx/TinyImageNet_resnet_medium.onnx,/home/elipregerson/nnenum/vnncomp2025_benchmarks/benchmarks/tinyimagenet_2024/vnnlib/TinyImageNet_resnet_medium_prop_idx_2045_sidx_7367_eps_0.0039.vnnlib,.006030139,error_exit_code_1,4.437070758
tinyimagenet_2024,/home/elipregerson/nnenum/vnncomp2025_benchmarks/benchmarks/tinyimagenet_2024/onnx/TinyImageNet_resnet_medium.onnx,/home/elipregerson/nnenum/vnncomp2025_benchmarks/benchmarks/tinyimagenet_2024/vnnlib/TinyImageNet_resnet_medium_prop_idx_7542_sidx_9873_eps_0.0039.vnnlib,.006144755,error_exit_code_1,4.429501667
tinyimagenet_2024,/home/elipregerson/nnenum/vnncomp2025_benchmarks/benchmarks/tinyimagenet_2024/onnx/TinyImageNet_resnet_medium.onnx,/home/elipregerson/nnenum/vnncomp2025_benchmarks/benchmarks/tinyimagenet_2024/vnnlib/TinyImageNet_resnet_medium_prop_idx_5743_sidx_6569_eps_0.0039.vnnlib,.006041996,error_exit_code_1,4.446369050
tinyimagenet_2024,/home/elipregerson/nnenum/vnncomp2025_benchmarks/benchmarks/tinyimagenet_2024/onnx/TinyImageNet_resnet_medium.onnx,/home/elipregerson/nnenum/vnncomp2025_benchmarks/benchmarks/tinyimagenet_2024/vnnlib/TinyImageNet_resnet_medium_prop_idx_5427_sidx_8226_eps_0.0039.vnnlib,.005981190,error_exit_code_1,4.500888194
tinyimagenet_2024,/home/elipregerson/nnenum/vnncomp2025_benchmarks/benchmarks/tinyimagenet_2024/onnx/TinyImageNet_resnet_medium.onnx,/home/elipregerson/nnenum/vnncomp2025_benchmarks/benchmarks/tinyimagenet_2024/vnnlib/TinyImageNet_resnet_medium_prop_idx_1496_sidx_9465_eps_0.0039.vnnlib,.006119849,error_exit_code_1,4.430691464
tinyimagenet_2024,/home/elipregerson/nnenum/vnncomp2025_benchmarks/benchmarks/tinyimagenet_2024/onnx/TinyImageNet_resnet_medium.onnx,/home/elipregerson/nnenum/vnncomp2025_benchmarks/benchmarks/tinyimagenet_2024/vnnlib/TinyImageNet_resnet_medium_prop_idx_600_sidx_4087_eps_0.0039.vnnlib,.006292416,error_exit_code_1,4.422063607
tinyimagenet_2024,/home/elipregerson/nnenum/vnncomp2025_benchmarks/benchmarks/tinyimagenet_2024/onnx/TinyImageNet_resnet_medium.onnx,/home/elipregerson/nnenum/vnncomp2025_benchmarks/benchmarks/tinyimagenet_2024/vnnlib/TinyImageNet_resnet_medium_prop_idx_6618_sidx_5022_eps_0.0039.vnnlib,.006074818,error_exit_code_1,4.441369732
tinyimagenet_2024,/home/elipregerson/nnenum/vnncomp2025_benchmarks/benchmarks/tinyimagenet_2024/onnx/TinyImageNet_resnet_medium.onnx,/home/elipregerson/nnenum/vnncomp2025_benchmarks/benchmarks/tinyimagenet_2024/vnnlib/TinyImageNet_resnet_medium_prop_idx_6036_sidx_4672_eps_0.0039.vnnlib,.006025808,error_exit_code_1,4.413020111
tinyimagenet_2024,/home/elipregerson/nnenum/vnncomp2025_benchmarks/benchmarks/tinyimagenet_2024/onnx/TinyImageNet_resnet_medium.onnx,/home/elipregerson/nnenum/vnncomp2025_benchmarks/benchmarks/tinyimagenet_2024/vnnlib/TinyImageNet_resnet_medium_prop_idx_3375_sidx_5824_eps_0.0039.vnnlib,.006049659,error_exit_code_1,4.482464498
tinyimagenet_2024,/home/elipregerson/nnenum/vnncomp2025_benchmarks/benchmarks/tinyimagenet_2024/onnx/TinyImageNet_resnet_medium.onnx,/home/elipregerson/nnenum/vnncomp2025_benchmarks/benchmarks/tinyimagenet_2024/vnnlib/TinyImageNet_resnet_medium_prop_idx_4327_sidx_7050_eps_0.0039.vnnlib,.006076670,error_exit_code_1,4.386787336
tinyimagenet_2024,/home/elipregerson/nnenum/vnncomp2025_benchmarks/benchmarks/tinyimagenet_2024/onnx/TinyImageNet_resnet_medium.onnx,/home/elipregerson/nnenum/vnncomp2025_benchmarks/benchmarks/tinyimagenet_2024/vnnlib/TinyImageNet_resnet_medium_prop_idx_4171_sidx_705_eps_0.0039.vnnlib,.006138441,error_exit_code_1,4.430295219
tinyimagenet_2024,/home/elipregerson/nnenum/vnncomp2025_benchmarks/benchmarks/tinyimagenet_2024/onnx/TinyImageNet_resnet_medium.onnx,/home/elipregerson/nnenum/vnncomp2025_benchmarks/benchmarks/tinyimagenet_2024/vnnlib/TinyImageNet_resnet_medium_prop_idx_3677_sidx_3123_eps_0.0039.vnnlib,.005990263,error_exit_code_1,4.514835895
tinyimagenet_2024,/home/elipregerson/nnenum/vnncomp2025_benchmarks/benchmarks/tinyimagenet_2024/onnx/TinyImageNet_resnet_medium.onnx,/home/elipregerson/nnenum/vnncomp2025_benchmarks/benchmarks/tinyimagenet_2024/vnnlib/TinyImageNet_resnet_medium_prop_idx_1093_sidx_4490_eps_0.0039.vnnlib,.006082510,error_exit_code_1,4.455393878
tinyimagenet_2024,/home/elipregerson/nnenum/vnncomp2025_benchmarks/benchmarks/tinyimagenet_2024/onnx/TinyImageNet_resnet_medium.onnx,/home/elipregerson/nnenum/vnncomp2025_benchmarks/benchmarks/tinyimagenet_2024/vnnlib/TinyImageNet_resnet_medium_prop_idx_7473_sidx_6046_eps_0.0039.vnnlib,.006079029,error_exit_code_1,4.446468814
tinyimagenet_2024,/home/elipregerson/nnenum/vnncomp2025_benchmarks/benchmarks/tinyimagenet_2024/onnx/TinyImageNet_resnet_medium.onnx,/home/elipregerson/nnenum/vnncomp2025_benchmarks/benchmarks/tinyimagenet_2024/vnnlib/TinyImageNet_resnet_medium_prop_idx_6049_sidx_4719_eps_0.0039.vnnlib,.006155701,error_exit_code_1,4.487434541
tinyimagenet_2024,/home/elipregerson/nnenum/vnncomp2025_benchmarks/benchmarks/tinyimagenet_2024/onnx/TinyImageNet_resnet_medium.onnx,/home/elipregerson/nnenum/vnncomp2025_benchmarks/benchmarks/tinyimagenet_2024/vnnlib/TinyImageNet_resnet_medium_prop_idx_7525_sidx_3725_eps_0.0039.vnnlib,.006051637,error_exit_code_1,4.447980891
tinyimagenet_2024,/home/elipregerson/nnenum/vnncomp2025_benchmarks/benchmarks/tinyimagenet_2024/onnx/TinyImageNet_resnet_medium.onnx,/home/elipregerson/nnenum/vnncomp2025_benchmarks/benchmarks/tinyimagenet_2024/vnnlib/TinyImageNet_resnet_medium_prop_idx_9729_sidx_1662_eps_0.0039.vnnlib,.006003610,error_exit_code_1,4.448040128
tinyimagenet_2024,/home/elipregerson/nnenum/vnncomp2025_benchmarks/benchmarks/tinyimagenet_2024/onnx/TinyImageNet_resnet_medium.onnx,/home/elipregerson/nnenum/vnncomp2025_benchmarks/benchmarks/tinyimagenet_2024/vnnlib/TinyImageNet_resnet_medium_prop_idx_6412_sidx_6140_eps_0.0039.vnnlib,.006524206,error_exit_code_1,4.479728109
tinyimagenet_2024,/home/elipregerson/nnenum/vnncomp2025_benchmarks/benchmarks/tinyimagenet_2024/onnx/TinyImageNet_resnet_medium.onnx,/home/elipregerson/nnenum/vnncomp2025_benchmarks/benchmarks/tinyimagenet_2024/vnnlib/TinyImageNet_resnet_medium_prop_idx_1024_sidx_5112_eps_0.0039.vnnlib,.006117948,error_exit_code_1,4.495417137
tinyimagenet_2024,/home/elipregerson/nnenum/vnncomp2025_benchmarks/benchmarks/tinyimagenet_2024/onnx/TinyImageNet_resnet_medium.onnx,/home/elipregerson/nnenum/vnncomp2025_benchmarks/benchmarks/tinyimagenet_2024/vnnlib/TinyImageNet_resnet_medium_prop_idx_5634_sidx_9441_eps_0.0039.vnnlib,.006096250,error_exit_code_1,4.459387040
tinyimagenet_2024,/home/elipregerson/nnenum/vnncomp2025_benchmarks/benchmarks/tinyimagenet_2024/onnx/TinyImageNet_resnet_medium.onnx,/home/elipregerson/nnenum/vnncomp2025_benchmarks/benchmarks/tinyimagenet_2024/vnnlib/TinyImageNet_resnet_medium_prop_idx_4004_sidx_9594_eps_0.0039.vnnlib,.006091545,error_exit_code_1,4.429347809
tinyimagenet_2024,/home/elipregerson/nnenum/vnncomp2025_benchmarks/benchmarks/tinyimagenet_2024/onnx/TinyImageNet_resnet_medium.onnx,/home/elipregerson/nnenum/vnncomp2025_benchmarks/benchmarks/tinyimagenet_2024/vnnlib/TinyImageNet_resnet_medium_prop_idx_6628_sidx_8822_eps_0.0039.vnnlib,.005993238,error_exit_code_1,4.458658142
tinyimagenet_2024,/home/elipregerson/nnenum/vnncomp2025_benchmarks/benchmarks/tinyimagenet_2024/onnx/TinyImageNet_resnet_medium.onnx,/home/elipregerson/nnenum/vnncomp2025_benchmarks/benchmarks/tinyimagenet_2024/vnnlib/TinyImageNet_resnet_medium_prop_idx_9025_sidx_9203_eps_0.0039.vnnlib,.006136811,error_exit_code_1,4.460592319
tinyimagenet_2024,/home/elipregerson/nnenum/vnncomp2025_benchmarks/benchmarks/tinyimagenet_2024/onnx/TinyImageNet_resnet_medium.onnx,/home/elipregerson/nnenum/vnncomp2025_benchmarks/benchmarks/tinyimagenet_2024/vnnlib/TinyImageNet_resnet_medium_prop_idx_2798_sidx_4910_eps_0.0039.vnnlib,.006118153,error_exit_code_1,4.456381593
tinyimagenet_2024,/home/elipregerson/nnenum/vnncomp2025_benchmarks/benchmarks/tinyimagenet_2024/onnx/TinyImageNet_resnet_medium.onnx,/home/elipregerson/nnenum/vnncomp2025_benchmarks/benchmarks/tinyimagenet_2024/vnnlib/TinyImageNet_resnet_medium_prop_idx_4776_sidx_19_eps_0.0039.vnnlib,.005998607,error_exit_code_1,4.452897014
tinyimagenet_2024,/home/elipregerson/nnenum/vnncomp2025_benchmarks/benchmarks/tinyimagenet_2024/onnx/TinyImageNet_resnet_medium.onnx,/home/elipregerson/nnenum/vnncomp2025_benchmarks/benchmarks/tinyimagenet_2024/vnnlib/TinyImageNet_resnet_medium_prop_idx_7152_sidx_4185_eps_0.0039.vnnlib,.006129044,error_exit_code_1,4.456314259
tinyimagenet_2024,/home/elipregerson/nnenum/vnncomp2025_benchmarks/benchmarks/tinyimagenet_2024/onnx/TinyImageNet_resnet_medium.onnx,/home/elipregerson/nnenum/vnncomp2025_benchmarks/benchmarks/tinyimagenet_2024/vnnlib/TinyImageNet_resnet_medium_prop_idx_9656_sidx_451_eps_0.0039.vnnlib,.005989965,error_exit_code_1,4.459601204
tinyimagenet_2024,/home/elipregerson/nnenum/vnncomp2025_benchmarks/benchmarks/tinyimagenet_2024/onnx/TinyImageNet_resnet_medium.onnx,/home/elipregerson/nnenum/vnncomp2025_benchmarks/benchmarks/tinyimagenet_2024/vnnlib/TinyImageNet_resnet_medium_prop_idx_4244_sidx_8624_eps_0.0039.vnnlib,.006117221,error_exit_code_1,4.461245639
tinyimagenet_2024,/home/elipregerson/nnenum/vnncomp2025_benchmarks/benchmarks/tinyimagenet_2024/onnx/TinyImageNet_resnet_medium.onnx,/home/elipregerson/nnenum/vnncomp2025_benchmarks/benchmarks/tinyimagenet_2024/vnnlib/TinyImageNet_resnet_medium_prop_idx_4599_sidx_738_eps_0.0039.vnnlib,.006201489,error_exit_code_1,4.506650608
tinyimagenet_2024,/home/elipregerson/nnenum/vnncomp2025_benchmarks/benchmarks/tinyimagenet_2024/onnx/TinyImageNet_resnet_medium.onnx,/home/elipregerson/nnenum/vnncomp2025_benchmarks/benchmarks/tinyimagenet_2024/vnnlib/TinyImageNet_resnet_medium_prop_idx_7749_sidx_8253_eps_0.0039.vnnlib,.006104604,error_exit_code_1,4.432224694
tinyimagenet_2024,/home/elipregerson/nnenum/vnncomp2025_benchmarks/benchmarks/tinyimagenet_2024/onnx/TinyImageNet_resnet_medium.onnx,/home/elipregerson/nnenum/vnncomp2025_benchmarks/benchmarks/tinyimagenet_2024/vnnlib/TinyImageNet_resnet_medium_prop_idx_8310_sidx_4525_eps_0.0039.vnnlib,.006107561,error_exit_code_1,4.450393130
tinyimagenet_2024,/home/elipregerson/nnenum/vnncomp2025_benchmarks/benchmarks/tinyimagenet_2024/onnx/TinyImageNet_resnet_medium.onnx,/home/elipregerson/nnenum/vnncomp2025_benchmarks/benchmarks/tinyimagenet_2024/vnnlib/TinyImageNet_resnet_medium_prop_idx_3328_sidx_278_eps_0.0039.vnnlib,.006011697,error_exit_code_1,4.444181931
tinyimagenet_2024,/home/elipregerson/nnenum/vnncomp2025_benchmarks/benchmarks/tinyimagenet_2024/onnx/TinyImageNet_resnet_medium.onnx,/home/elipregerson/nnenum/vnncomp2025_benchmarks/benchmarks/tinyimagenet_2024/vnnlib/TinyImageNet_resnet_medium_prop_idx_6228_sidx_7979_eps_0.0039.vnnlib,.006117943,error_exit_code_1,4.486405545
tinyimagenet_2024,/home/elipregerson/nnenum/vnncomp2025_benchmarks/benchmarks/tinyimagenet_2024/onnx/TinyImageNet_resnet_medium.onnx,/home/elipregerson/nnenum/vnncomp2025_benchmarks/benchmarks/tinyimagenet_2024/vnnlib/TinyImageNet_resnet_medium_prop_idx_7847_sidx_9927_eps_0.0039.vnnlib,.006008269,error_exit_code_1,4.431691933
tinyimagenet_2024,/home/elipregerson/nnenum/vnncomp2025_benchmarks/benchmarks/tinyimagenet_2024/onnx/TinyImageNet_resnet_medium.onnx,/home/elipregerson/nnenum/vnncomp2025_benchmarks/benchmarks/tinyimagenet_2024/vnnlib/TinyImageNet_resnet_medium_prop_idx_8756_sidx_3958_eps_0.0039.vnnlib,.006222896,error_exit_code_1,4.442480214
tinyimagenet_2024,/home/elipregerson/nnenum/vnncomp2025_benchmarks/benchmarks/tinyimagenet_2024/onnx/TinyImageNet_resnet_medium.onnx,/home/elipregerson/nnenum/vnncomp2025_benchmarks/benchmarks/tinyimagenet_2024/vnnlib/TinyImageNet_resnet_medium_prop_idx_2511_sidx_5059_eps_0.0039.vnnlib,.006092407,error_exit_code_1,4.436052063
tinyimagenet_2024,/home/elipregerson/nnenum/vnncomp2025_benchmarks/benchmarks/tinyimagenet_2024/onnx/TinyImageNet_resnet_medium.onnx,/home/elipregerson/nnenum/vnncomp2025_benchmarks/benchmarks/tinyimagenet_2024/vnnlib/TinyImageNet_resnet_medium_prop_idx_2575_sidx_1066_eps_0.0039.vnnlib,.006114240,error_exit_code_1,4.454903405
tinyimagenet_2024,/home/elipregerson/nnenum/vnncomp2025_benchmarks/benchmarks/tinyimagenet_2024/onnx/TinyImageNet_resnet_medium.onnx,/home/elipregerson/nnenum/vnncomp2025_benchmarks/benchmarks/tinyimagenet_2024/vnnlib/TinyImageNet_resnet_medium_prop_idx_3574_sidx_9710_eps_0.0039.vnnlib,.006178976,error_exit_code_1,4.502936200
tinyimagenet_2024,/home/elipregerson/nnenum/vnncomp2025_benchmarks/benchmarks/tinyimagenet_2024/onnx/TinyImageNet_resnet_medium.onnx,/home/elipregerson/nnenum/vnncomp2025_benchmarks/benchmarks/tinyimagenet_2024/vnnlib/TinyImageNet_resnet_medium_prop_idx_3437_sidx_2708_eps_0.0039.vnnlib,.006117298,error_exit_code_1,4.494891719
tinyimagenet_2024,/home/elipregerson/nnenum/vnncomp2025_benchmarks/benchmarks/tinyimagenet_2024/onnx/TinyImageNet_resnet_medium.onnx,/home/elipregerson/nnenum/vnncomp2025_benchmarks/benchmarks/tinyimagenet_2024/vnnlib/TinyImageNet_resnet_medium_prop_idx_4024_sidx_4810_eps_0.0039.vnnlib,.006223796,error_exit_code_1,4.488088352
tinyimagenet_2024,/home/elipregerson/nnenum/vnncomp2025_benchmarks/benchmarks/tinyimagenet_2024/onnx/TinyImageNet_resnet_medium.onnx,/home/elipregerson/nnenum/vnncomp2025_benchmarks/benchmarks/tinyimagenet_2024/vnnlib/TinyImageNet_resnet_medium_prop_idx_8698_sidx_4012_eps_0.0039.vnnlib,.005970889,error_exit_code_1,4.433854913
tinyimagenet_2024,/home/elipregerson/nnenum/vnncomp2025_benchmarks/benchmarks/tinyimagenet_2024/onnx/TinyImageNet_resnet_medium.onnx,/home/elipregerson/nnenum/vnncomp2025_benchmarks/benchmarks/tinyimagenet_2024/vnnlib/TinyImageNet_resnet_medium_prop_idx_4674_sidx_6718_eps_0.0039.vnnlib,.010369469,error_exit_code_1,4.486687821
tinyimagenet_2024,/home/elipregerson/nnenum/vnncomp2025_benchmarks/benchmarks/tinyimagenet_2024/onnx/TinyImageNet_resnet_medium.onnx,/home/elipregerson/nnenum/vnncomp2025_benchmarks/benchmarks/tinyimagenet_2024/vnnlib/TinyImageNet_resnet_medium_prop_idx_9569_sidx_8561_eps_0.0039.vnnlib,.006169979,error_exit_code_1,4.462140575
tinyimagenet_2024,/home/elipregerson/nnenum/vnncomp2025_benchmarks/benchmarks/tinyimagenet_2024/onnx/TinyImageNet_resnet_medium.onnx,/home/elipregerson/nnenum/vnncomp2025_benchmarks/benchmarks/tinyimagenet_2024/vnnlib/TinyImageNet_resnet_medium_prop_idx_3533_sidx_4891_eps_0.0039.vnnlib,.006019329,error_exit_code_1,4.479932218
tinyimagenet_2024,/home/elipregerson/nnenum/vnncomp2025_benchmarks/benchmarks/tinyimagenet_2024/onnx/TinyImageNet_resnet_medium.onnx,/home/elipregerson/nnenum/vnncomp2025_benchmarks/benchmarks/tinyimagenet_2024/vnnlib/TinyImageNet_resnet_medium_prop_idx_5129_sidx_3656_eps_0.0039.vnnlib,.006120054,error_exit_code_1,4.417576808
tinyimagenet_2024,/home/elipregerson/nnenum/vnncomp2025_benchmarks/benchmarks/tinyimagenet_2024/onnx/TinyImageNet_resnet_medium.onnx,/home/elipregerson/nnenum/vnncomp2025_benchmarks/benchmarks/tinyimagenet_2024/vnnlib/TinyImageNet_resnet_medium_prop_idx_4686_sidx_8792_eps_0.0039.vnnlib,.006178611,error_exit_code_1,4.443683700
tinyimagenet_2024,/home/elipregerson/nnenum/vnncomp2025_benchmarks/benchmarks/tinyimagenet_2024/onnx/TinyImageNet_resnet_medium.onnx,/home/elipregerson/nnenum/vnncomp2025_benchmarks/benchmarks/tinyimagenet_2024/vnnlib/TinyImageNet_resnet_medium_prop_idx_4869_sidx_6523_eps_0.0039.vnnlib,.006048224,error_exit_code_1,4.429704620
tinyimagenet_2024,/home/elipregerson/nnenum/vnncomp2025_benchmarks/benchmarks/tinyimagenet_2024/onnx/TinyImageNet_resnet_medium.onnx,/home/elipregerson/nnenum/vnncomp2025_benchmarks/benchmarks/tinyimagenet_2024/vnnlib/TinyImageNet_resnet_medium_prop_idx_8651_sidx_6574_eps_0.0039.vnnlib,.005971680,error_exit_code_1,4.447492024
tinyimagenet_2024,/home/elipregerson/nnenum/vnncomp2025_benchmarks/benchmarks/tinyimagenet_2024/onnx/TinyImageNet_resnet_medium.onnx,/home/elipregerson/nnenum/vnncomp2025_benchmarks/benchmarks/tinyimagenet_2024/vnnlib/TinyImageNet_resnet_medium_prop_idx_4225_sidx_3038_eps_0.0039.vnnlib,.006120011,error_exit_code_1,4.447400995
tinyimagenet_2024,/home/elipregerson/nnenum/vnncomp2025_benchmarks/benchmarks/tinyimagenet_2024/onnx/TinyImageNet_resnet_medium.onnx,/home/elipregerson/nnenum/vnncomp2025_benchmarks/benchmarks/tinyimagenet_2024/vnnlib/TinyImageNet_resnet_medium_prop_idx_1718_sidx_4924_eps_0.0039.vnnlib,.006055002,error_exit_code_1,4.435808161
tinyimagenet_2024,/home/elipregerson/nnenum/vnncomp2025_benchmarks/benchmarks/tinyimagenet_2024/onnx/TinyImageNet_resnet_medium.onnx,/home/elipregerson/nnenum/vnncomp2025_benchmarks/benchmarks/tinyimagenet_2024/vnnlib/TinyImageNet_resnet_medium_prop_idx_6957_sidx_1178_eps_0.0039.vnnlib,.006026083,error_exit_code_1,4.422028029
tinyimagenet_2024,/home/elipregerson/nnenum/vnncomp2025_benchmarks/benchmarks/tinyimagenet_2024/onnx/TinyImageNet_resnet_medium.onnx,/home/elipregerson/nnenum/vnncomp2025_benchmarks/benchmarks/tinyimagenet_2024/vnnlib/TinyImageNet_resnet_medium_prop_idx_7209_sidx_9753_eps_0.0039.vnnlib,.006262010,error_exit_code_1,4.448818159
tinyimagenet_2024,/home/elipregerson/nnenum/vnncomp2025_benchmarks/benchmarks/tinyimagenet_2024/onnx/TinyImageNet_resnet_medium.onnx,/home/elipregerson/nnenum/vnncomp2025_benchmarks/benchmarks/tinyimagenet_2024/vnnlib/TinyImageNet_resnet_medium_prop_idx_4867_sidx_5259_eps_0.0039.vnnlib,.006021903,error_exit_code_1,4.471206598
tinyimagenet_2024,/home/elipregerson/nnenum/vnncomp2025_benchmarks/benchmarks/tinyimagenet_2024/onnx/TinyImageNet_resnet_medium.onnx,/home/elipregerson/nnenum/vnncomp2025_benchmarks/benchmarks/tinyimagenet_2024/vnnlib/TinyImageNet_resnet_medium_prop_idx_140_sidx_7259_eps_0.0039.vnnlib,.006306861,error_exit_code_1,4.449928411
tinyimagenet_2024,/home/elipregerson/nnenum/vnncomp2025_benchmarks/benchmarks/tinyimagenet_2024/onnx/TinyImageNet_resnet_medium.onnx,/home/elipregerson/nnenum/vnncomp2025_benchmarks/benchmarks/tinyimagenet_2024/vnnlib/TinyImageNet_resnet_medium_prop_idx_8042_sidx_9227_eps_0.0039.vnnlib,.006080674,error_exit_code_1,4.425822542
tinyimagenet_2024,/home/elipregerson/nnenum/vnncomp2025_benchmarks/benchmarks/tinyimagenet_2024/onnx/TinyImageNet_resnet_medium.onnx,/home/elipregerson/nnenum/vnncomp2025_benchmarks/benchmarks/tinyimagenet_2024/vnnlib/TinyImageNet_resnet_medium_prop_idx_216_sidx_6006_eps_0.0039.vnnlib,.006036145,error_exit_code_1,4.547200384
tinyimagenet_2024,/home/elipregerson/nnenum/vnncomp2025_benchmarks/benchmarks/tinyimagenet_2024/onnx/TinyImageNet_resnet_medium.onnx,/home/elipregerson/nnenum/vnncomp2025_benchmarks/benchmarks/tinyimagenet_2024/vnnlib/TinyImageNet_resnet_medium_prop_idx_580_sidx_8894_eps_0.0039.vnnlib,.006060961,error_exit_code_1,4.515421913
tinyimagenet_2024,/home/elipregerson/nnenum/vnncomp2025_benchmarks/benchmarks/tinyimagenet_2024/onnx/TinyImageNet_resnet_medium.onnx,/home/elipregerson/nnenum/vnncomp2025_benchmarks/benchmarks/tinyimagenet_2024/vnnlib/TinyImageNet_resnet_medium_prop_idx_6458_sidx_4978_eps_0.0039.vnnlib,.006041788,error_exit_code_1,4.473818184
tinyimagenet_2024,/home/elipregerson/nnenum/vnncomp2025_benchmarks/benchmarks/tinyimagenet_2024/onnx/TinyImageNet_resnet_medium.onnx,/home/elipregerson/nnenum/vnncomp2025_benchmarks/benchmarks/tinyimagenet_2024/vnnlib/TinyImageNet_resnet_medium_prop_idx_291_sidx_2370_eps_0.0039.vnnlib,.006119297,error_exit_code_1,4.449635259
tinyimagenet_2024,/home/elipregerson/nnenum/vnncomp2025_benchmarks/benchmarks/tinyimagenet_2024/onnx/TinyImageNet_resnet_medium.onnx,/home/elipregerson/nnenum/vnncomp2025_benchmarks/benchmarks/tinyimagenet_2024/vnnlib/TinyImageNet_resnet_medium_prop_idx_62_sidx_313_eps_0.0039.vnnlib,.006154646,error_exit_code_1,4.410237382
tinyimagenet_2024,/home/elipregerson/nnenum/vnncomp2025_benchmarks/benchmarks/tinyimagenet_2024/onnx/TinyImageNet_resnet_medium.onnx,/home/elipregerson/nnenum/vnncomp2025_benchmarks/benchmarks/tinyimagenet_2024/vnnlib/TinyImageNet_resnet_medium_prop_idx_9875_sidx_1510_eps_0.0039.vnnlib,.005984644,error_exit_code_1,4.424285723
tinyimagenet_2024,/home/elipregerson/nnenum/vnncomp2025_benchmarks/benchmarks/tinyimagenet_2024/onnx/TinyImageNet_resnet_medium.onnx,/home/elipregerson/nnenum/vnncomp2025_benchmarks/benchmarks/tinyimagenet_2024/vnnlib/TinyImageNet_resnet_medium_prop_idx_4944_sidx_932_eps_0.0039.vnnlib,.006251582,error_exit_code_1,4.435598880
tinyimagenet_2024,/home/elipregerson/nnenum/vnncomp2025_benchmarks/benchmarks/tinyimagenet_2024/onnx/TinyImageNet_resnet_medium.onnx,/home/elipregerson/nnenum/vnncomp2025_benchmarks/benchmarks/tinyimagenet_2024/vnnlib/TinyImageNet_resnet_medium_prop_idx_4528_sidx_911_eps_0.0039.vnnlib,.006198105,error_exit_code_1,4.381348821
tinyimagenet_2024,/home/elipregerson/nnenum/vnncomp2025_benchmarks/benchmarks/tinyimagenet_2024/onnx/TinyImageNet_resnet_medium.onnx,/home/elipregerson/nnenum/vnncomp2025_benchmarks/benchmarks/tinyimagenet_2024/vnnlib/TinyImageNet_resnet_medium_prop_idx_7689_sidx_3205_eps_0.0039.vnnlib,.006075452,error_exit_code_1,4.463047651
tinyimagenet_2024,/home/elipregerson/nnenum/vnncomp2025_benchmarks/benchmarks/tinyimagenet_2024/onnx/TinyImageNet_resnet_medium.onnx,/home/elipregerson/nnenum/vnncomp2025_benchmarks/benchmarks/tinyimagenet_2024/vnnlib/TinyImageNet_resnet_medium_prop_idx_3558_sidx_7280_eps_0.0039.vnnlib,.006085645,error_exit_code_1,4.448919402
tinyimagenet_2024,/home/elipregerson/nnenum/vnncomp2025_benchmarks/benchmarks/tinyimagenet_2024/onnx/TinyImageNet_resnet_medium.onnx,/home/elipregerson/nnenum/vnncomp2025_benchmarks/benchmarks/tinyimagenet_2024/vnnlib/TinyImageNet_resnet_medium_prop_idx_7277_sidx_8835_eps_0.0039.vnnlib,.006060941,error_exit_code_1,4.440081031
tinyimagenet_2024,/home/elipregerson/nnenum/vnncomp2025_benchmarks/benchmarks/tinyimagenet_2024/onnx/TinyImageNet_resnet_medium.onnx,/home/elipregerson/nnenum/vnncomp2025_benchmarks/benchmarks/tinyimagenet_2024/vnnlib/TinyImageNet_resnet_medium_prop_idx_7946_sidx_1068_eps_0.0039.vnnlib,.006289294,error_exit_code_1,4.485627635
tinyimagenet_2024,/home/elipregerson/nnenum/vnncomp2025_benchmarks/benchmarks/tinyimagenet_2024/onnx/TinyImageNet_resnet_medium.onnx,/home/elipregerson/nnenum/vnncomp2025_benchmarks/benchmarks/tinyimagenet_2024/vnnlib/TinyImageNet_resnet_medium_prop_idx_7889_sidx_4249_eps_0.0039.vnnlib,.006076175,error_exit_code_1,4.405967102
tinyimagenet_2024,/home/elipregerson/nnenum/vnncomp2025_benchmarks/benchmarks/tinyimagenet_2024/onnx/TinyImageNet_resnet_medium.onnx,/home/elipregerson/nnenum/vnncomp2025_benchmarks/benchmarks/tinyimagenet_2024/vnnlib/TinyImageNet_resnet_medium_prop_idx_7600_sidx_1132_eps_0.0039.vnnlib,.006116671,error_exit_code_1,4.495660247
tinyimagenet_2024,/home/elipregerson/nnenum/vnncomp2025_benchmarks/benchmarks/tinyimagenet_2024/onnx/TinyImageNet_resnet_medium.onnx,/home/elipregerson/nnenum/vnncomp2025_benchmarks/benchmarks/tinyimagenet_2024/vnnlib/TinyImageNet_resnet_medium_prop_idx_259_sidx_1412_eps_0.0039.vnnlib,.006068180,error_exit_code_1,4.470200609
tinyimagenet_2024,/home/elipregerson/nnenum/vnncomp2025_benchmarks/benchmarks/tinyimagenet_2024/onnx/TinyImageNet_resnet_medium.onnx,/home/elipregerson/nnenum/vnncomp2025_benchmarks/benchmarks/tinyimagenet_2024/vnnlib/TinyImageNet_resnet_medium_prop_idx_683_sidx_2348_eps_0.0039.vnnlib,.006700809,error_exit_code_1,4.456959221
tinyimagenet_2024,/home/elipregerson/nnenum/vnncomp2025_benchmarks/benchmarks/tinyimagenet_2024/onnx/TinyImageNet_resnet_medium.onnx,/home/elipregerson/nnenum/vnncomp2025_benchmarks/benchmarks/tinyimagenet_2024/vnnlib/TinyImageNet_resnet_medium_prop_idx_9940_sidx_5174_eps_0.0039.vnnlib,.006190004,error_exit_code_1,4.446156974
tinyimagenet_2024,/home/elipregerson/nnenum/vnncomp2025_benchmarks/benchmarks/tinyimagenet_2024/onnx/TinyImageNet_resnet_medium.onnx,/home/elipregerson/nnenum/vnncomp2025_benchmarks/benchmarks/tinyimagenet_2024/vnnlib/TinyImageNet_resnet_medium_prop_idx_164_sidx_1090_eps_0.0039.vnnlib,.006065080,error_exit_code_1,4.431830640
tinyimagenet_2024,/home/elipregerson/nnenum/vnncomp2025_benchmarks/benchmarks/tinyimagenet_2024/onnx/TinyImageNet_resnet_medium.onnx,/home/elipregerson/nnenum/vnncomp2025_benchmarks/benchmarks/tinyimagenet_2024/vnnlib/TinyImageNet_resnet_medium_prop_idx_8372_sidx_8419_eps_0.0039.vnnlib,.006101337,error_exit_code_1,4.466745057
tinyimagenet_2024,/home/elipregerson/nnenum/vnncomp2025_benchmarks/benchmarks/tinyimagenet_2024/onnx/TinyImageNet_resnet_medium.onnx,/home/elipregerson/nnenum/vnncomp2025_benchmarks/benchmarks/tinyimagenet_2024/vnnlib/TinyImageNet_resnet_medium_prop_idx_7403_sidx_8686_eps_0.0039.vnnlib,.006039876,error_exit_code_1,4.492222243
tinyimagenet_2024,/home/elipregerson/nnenum/vnncomp2025_benchmarks/benchmarks/tinyimagenet_2024/onnx/TinyImageNet_resnet_medium.onnx,/home/elipregerson/nnenum/vnncomp2025_benchmarks/benchmarks/tinyimagenet_2024/vnnlib/TinyImageNet_resnet_medium_prop_idx_9600_sidx_3536_eps_0.0039.vnnlib,.006116634,error_exit_code_1,4.434289941
tinyimagenet_2024,/home/elipregerson/nnenum/vnncomp2025_benchmarks/benchmarks/tinyimagenet_2024/onnx/TinyImageNet_resnet_medium.onnx,/home/elipregerson/nnenum/vnncomp2025_benchmarks/benchmarks/tinyimagenet_2024/vnnlib/TinyImageNet_resnet_medium_prop_idx_7390_sidx_2694_eps_0.0039.vnnlib,.006144269,error_exit_code_1,4.403502529
tinyimagenet_2024,/home/elipregerson/nnenum/vnncomp2025_benchmarks/benchmarks/tinyimagenet_2024/onnx/TinyImageNet_resnet_medium.onnx,/home/elipregerson/nnenum/vnncomp2025_benchmarks/benchmarks/tinyimagenet_2024/vnnlib/TinyImageNet_resnet_medium_prop_idx_3115_sidx_671_eps_0.0039.vnnlib,.006147340,error_exit_code_1,4.446076739
tinyimagenet_2024,/home/elipregerson/nnenum/vnncomp2025_benchmarks/benchmarks/tinyimagenet_2024/onnx/TinyImageNet_resnet_medium.onnx,/home/elipregerson/nnenum/vnncomp2025_benchmarks/benchmarks/tinyimagenet_2024/vnnlib/TinyImageNet_resnet_medium_prop_idx_4472_sidx_9477_eps_0.0039.vnnlib,.006069441,error_exit_code_1,4.500387042
tinyimagenet_2024,/home/elipregerson/nnenum/vnncomp2025_benchmarks/benchmarks/tinyimagenet_2024/onnx/TinyImageNet_resnet_medium.onnx,/home/elipregerson/nnenum/vnncomp2025_benchmarks/benchmarks/tinyimagenet_2024/vnnlib/TinyImageNet_resnet_medium_prop_idx_7575_sidx_6502_eps_0.0039.vnnlib,.006123681,error_exit_code_1,4.403401387
tinyimagenet_2024,/home/elipregerson/nnenum/vnncomp2025_benchmarks/benchmarks/tinyimagenet_2024/onnx/TinyImageNet_resnet_medium.onnx,/home/elipregerson/nnenum/vnncomp2025_benchmarks/benchmarks/tinyimagenet_2024/vnnlib/TinyImageNet_resnet_medium_prop_idx_8472_sidx_7499_eps_0.0039.vnnlib,.006206653,error_exit_code_1,4.423254375
tinyimagenet_2024,/home/elipregerson/nnenum/vnncomp2025_benchmarks/benchmarks/tinyimagenet_2024/onnx/TinyImageNet_resnet_medium.onnx,/home/elipregerson/nnenum/vnncomp2025_benchmarks/benchmarks/tinyimagenet_2024/vnnlib/TinyImageNet_resnet_medium_prop_idx_7883_sidx_4184_eps_0.0039.vnnlib,.006033976,error_exit_code_1,4.478111215
tinyimagenet_2024,/home/elipregerson/nnenum/vnncomp2025_benchmarks/benchmarks/tinyimagenet_2024/onnx/TinyImageNet_resnet_medium.onnx,/home/elipregerson/nnenum/vnncomp2025_benchmarks/benchmarks/tinyimagenet_2024/vnnlib/TinyImageNet_resnet_medium_prop_idx_6679_sidx_8279_eps_0.0039.vnnlib,.006111033,error_exit_code_1,4.445054680
tinyimagenet_2024,/home/elipregerson/nnenum/vnncomp2025_benchmarks/benchmarks/tinyimagenet_2024/onnx/TinyImageNet_resnet_medium.onnx,/home/elipregerson/nnenum/vnncomp2025_benchmarks/benchmarks/tinyimagenet_2024/vnnlib/TinyImageNet_resnet_medium_prop_idx_7762_sidx_3616_eps_0.0039.vnnlib,.006043234,error_exit_code_1,4.424182188
tinyimagenet_2024,/home/elipregerson/nnenum/vnncomp2025_benchmarks/benchmarks/tinyimagenet_2024/onnx/TinyImageNet_resnet_medium.onnx,/home/elipregerson/nnenum/vnncomp2025_benchmarks/benchmarks/tinyimagenet_2024/vnnlib/TinyImageNet_resnet_medium_prop_idx_7538_sidx_5076_eps_0.0039.vnnlib,.006133052,error_exit_code_1,4.468149967
tinyimagenet_2024,/home/elipregerson/nnenum/vnncomp2025_benchmarks/benchmarks/tinyimagenet_2024/onnx/TinyImageNet_resnet_medium.onnx,/home/elipregerson/nnenum/vnncomp2025_benchmarks/benchmarks/tinyimagenet_2024/vnnlib/TinyImageNet_resnet_medium_prop_idx_4513_sidx_5588_eps_0.0039.vnnlib,.006260990,error_exit_code_1,4.440113440
tinyimagenet_2024,/home/elipregerson/nnenum/vnncomp2025_benchmarks/benchmarks/tinyimagenet_2024/onnx/TinyImageNet_resnet_medium.onnx,/home/elipregerson/nnenum/vnncomp2025_benchmarks/benchmarks/tinyimagenet_2024/vnnlib/TinyImageNet_resnet_medium_prop_idx_3110_sidx_1017_eps_0.0039.vnnlib,.006083115,error_exit_code_1,4.466310398
tinyimagenet_2024,/home/elipregerson/nnenum/vnncomp2025_benchmarks/benchmarks/tinyimagenet_2024/onnx/TinyImageNet_resnet_medium.onnx,/home/elipregerson/nnenum/vnncomp2025_benchmarks/benchmarks/tinyimagenet_2024/vnnlib/TinyImageNet_resnet_medium_prop_idx_6863_sidx_8059_eps_0.0039.vnnlib,.006465007,error_exit_code_1,4.478624361
tinyimagenet_2024,/home/elipregerson/nnenum/vnncomp2025_benchmarks/benchmarks/tinyimagenet_2024/onnx/TinyImageNet_resnet_medium.onnx,/home/elipregerson/nnenum/vnncomp2025_benchmarks/benchmarks/tinyimagenet_2024/vnnlib/TinyImageNet_resnet_medium_prop_idx_3553_sidx_3392_eps_0.0039.vnnlib,.006089180,error_exit_code_1,4.462129042
tinyimagenet_2024,/home/elipregerson/nnenum/vnncomp2025_benchmarks/benchmarks/tinyimagenet_2024/onnx/TinyImageNet_resnet_medium.onnx,/home/elipregerson/nnenum/vnncomp2025_benchmarks/benchmarks/tinyimagenet_2024/vnnlib/TinyImageNet_resnet_medium_prop_idx_5232_sidx_8001_eps_0.0039.vnnlib,.006161558,error_exit_code_1,4.438946606
tinyimagenet_2024,/home/elipregerson/nnenum/vnncomp2025_benchmarks/benchmarks/tinyimagenet_2024/onnx/TinyImageNet_resnet_medium.onnx,/home/elipregerson/nnenum/vnncomp2025_benchmarks/benchmarks/tinyimagenet_2024/vnnlib/TinyImageNet_resnet_medium_prop_idx_9840_sidx_3444_eps_0.0039.vnnlib,.006075135,error_exit_code_1,4.408775584
tinyimagenet_2024,/home/elipregerson/nnenum/vnncomp2025_benchmarks/benchmarks/tinyimagenet_2024/onnx/TinyImageNet_resnet_medium.onnx,/home/elipregerson/nnenum/vnncomp2025_benchmarks/benchmarks/tinyimagenet_2024/vnnlib/TinyImageNet_resnet_medium_prop_idx_8887_sidx_8800_eps_0.0039.vnnlib,.006030731,error_exit_code_1,4.461921001
tinyimagenet_2024,/home/elipregerson/nnenum/vnncomp2025_benchmarks/benchmarks/tinyimagenet_2024/onnx/TinyImageNet_resnet_medium.onnx,/home/elipregerson/nnenum/vnncomp2025_benchmarks/benchmarks/tinyimagenet_2024/vnnlib/TinyImageNet_resnet_medium_prop_idx_4260_sidx_5004_eps_0.0039.vnnlib,.006257500,error_exit_code_1,4.496179965
tinyimagenet_2024,/home/elipregerson/nnenum/vnncomp2025_benchmarks/benchmarks/tinyimagenet_2024/onnx/TinyImageNet_resnet_medium.onnx,/home/elipregerson/nnenum/vnncomp2025_benchmarks/benchmarks/tinyimagenet_2024/vnnlib/TinyImageNet_resnet_medium_prop_idx_3416_sidx_7951_eps_0.0039.vnnlib,.006178397,error_exit_code_1,4.438554373
tinyimagenet_2024,/home/elipregerson/nnenum/vnncomp2025_benchmarks/benchmarks/tinyimagenet_2024/onnx/TinyImageNet_resnet_medium.onnx,/home/elipregerson/nnenum/vnncomp2025_benchmarks/benchmarks/tinyimagenet_2024/vnnlib/TinyImageNet_resnet_medium_prop_idx_3098_sidx_9528_eps_0.0039.vnnlib,.006004216,error_exit_code_1,4.460545290
tinyimagenet_2024,/home/elipregerson/nnenum/vnncomp2025_benchmarks/benchmarks/tinyimagenet_2024/onnx/TinyImageNet_resnet_medium.onnx,/home/elipregerson/nnenum/vnncomp2025_benchmarks/benchmarks/tinyimagenet_2024/vnnlib/TinyImageNet_resnet_medium_prop_idx_9271_sidx_575_eps_0.0039.vnnlib,.005961013,error_exit_code_1,4.473253161
tinyimagenet_2024,/home/elipregerson/nnenum/vnncomp2025_benchmarks/benchmarks/tinyimagenet_2024/onnx/TinyImageNet_resnet_medium.onnx,/home/elipregerson/nnenum/vnncomp2025_benchmarks/benchmarks/tinyimagenet_2024/vnnlib/TinyImageNet_resnet_medium_prop_idx_4330_sidx_3504_eps_0.0039.vnnlib,.006143804,error_exit_code_1,4.465893406
tinyimagenet_2024,/home/elipregerson/nnenum/vnncomp2025_benchmarks/benchmarks/tinyimagenet_2024/onnx/TinyImageNet_resnet_medium.onnx,/home/elipregerson/nnenum/vnncomp2025_benchmarks/benchmarks/tinyimagenet_2024/vnnlib/TinyImageNet_resnet_medium_prop_idx_9215_sidx_4878_eps_0.0039.vnnlib,.006183696,error_exit_code_1,4.448115844
tinyimagenet_2024,/home/elipregerson/nnenum/vnncomp2025_benchmarks/benchmarks/tinyimagenet_2024/onnx/TinyImageNet_resnet_medium.onnx,/home/elipregerson/nnenum/vnncomp2025_benchmarks/benchmarks/tinyimagenet_2024/vnnlib/TinyImageNet_resnet_medium_prop_idx_2493_sidx_4209_eps_0.0039.vnnlib,.005985940,error_exit_code_1,4.417937459
tinyimagenet_2024,/home/elipregerson/nnenum/vnncomp2025_benchmarks/benchmarks/tinyimagenet_2024/onnx/TinyImageNet_resnet_medium.onnx,/home/elipregerson/nnenum/vnncomp2025_benchmarks/benchmarks/tinyimagenet_2024/vnnlib/TinyImageNet_resnet_medium_prop_idx_5701_sidx_7560_eps_0.0039.vnnlib,.006061726,error_exit_code_1,4.453507725
tinyimagenet_2024,/home/elipregerson/nnenum/vnncomp2025_benchmarks/benchmarks/tinyimagenet_2024/onnx/TinyImageNet_resnet_medium.onnx,/home/elipregerson/nnenum/vnncomp2025_benchmarks/benchmarks/tinyimagenet_2024/vnnlib/TinyImageNet_resnet_medium_prop_idx_6773_sidx_7001_eps_0.0039.vnnlib,.005958077,error_exit_code_1,4.439239206
tinyimagenet_2024,/home/elipregerson/nnenum/vnncomp2025_benchmarks/benchmarks/tinyimagenet_2024/onnx/TinyImageNet_resnet_medium.onnx,/home/elipregerson/nnenum/vnncomp2025_benchmarks/benchmarks/tinyimagenet_2024/vnnlib/TinyImageNet_resnet_medium_prop_idx_670_sidx_7171_eps_0.0039.vnnlib,.006070742,error_exit_code_1,4.439420583
tinyimagenet_2024,/home/elipregerson/nnenum/vnncomp2025_benchmarks/benchmarks/tinyimagenet_2024/onnx/TinyImageNet_resnet_medium.onnx,/home/elipregerson/nnenum/vnncomp2025_benchmarks/benchmarks/tinyimagenet_2024/vnnlib/TinyImageNet_resnet_medium_prop_idx_9419_sidx_9984_eps_0.0039.vnnlib,.006242213,error_exit_code_1,4.454988206
tinyimagenet_2024,/home/elipregerson/nnenum/vnncomp2025_benchmarks/benchmarks/tinyimagenet_2024/onnx/TinyImageNet_resnet_medium.onnx,/home/elipregerson/nnenum/vnncomp2025_benchmarks/benchmarks/tinyimagenet_2024/vnnlib/TinyImageNet_resnet_medium_prop_idx_5442_sidx_6087_eps_0.0039.vnnlib,.006119549,error_exit_code_1,4.467159383
tinyimagenet_2024,/home/elipregerson/nnenum/vnncomp2025_benchmarks/benchmarks/tinyimagenet_2024/onnx/TinyImageNet_resnet_medium.onnx,/home/elipregerson/nnenum/vnncomp2025_benchmarks/benchmarks/tinyimagenet_2024/vnnlib/TinyImageNet_resnet_medium_prop_idx_9825_sidx_6883_eps_0.0039.vnnlib,.006124465,error_exit_code_1,4.490828324
tinyimagenet_2024,/home/elipregerson/nnenum/vnncomp2025_benchmarks/benchmarks/tinyimagenet_2024/onnx/TinyImageNet_resnet_medium.onnx,/home/elipregerson/nnenum/vnncomp2025_benchmarks/benchmarks/tinyimagenet_2024/vnnlib/TinyImageNet_resnet_medium_prop_idx_5676_sidx_9851_eps_0.0039.vnnlib,.006042934,error_exit_code_1,4.432732043
tinyimagenet_2024,/home/elipregerson/nnenum/vnncomp2025_benchmarks/benchmarks/tinyimagenet_2024/onnx/TinyImageNet_resnet_medium.onnx,/home/elipregerson/nnenum/vnncomp2025_benchmarks/benchmarks/tinyimagenet_2024/vnnlib/TinyImageNet_resnet_medium_prop_idx_3452_sidx_862_eps_0.0039.vnnlib,.006090160,error_exit_code_1,4.481779973
tinyimagenet_2024,/home/elipregerson/nnenum/vnncomp2025_benchmarks/benchmarks/tinyimagenet_2024/onnx/TinyImageNet_resnet_medium.onnx,/home/elipregerson/nnenum/vnncomp2025_benchmarks/benchmarks/tinyimagenet_2024/vnnlib/TinyImageNet_resnet_medium_prop_idx_1142_sidx_9106_eps_0.0039.vnnlib,.006123941,error_exit_code_1,4.507390269
tinyimagenet_2024,/home/elipregerson/nnenum/vnncomp2025_benchmarks/benchmarks/tinyimagenet_2024/onnx/TinyImageNet_resnet_medium.onnx,/home/elipregerson/nnenum/vnncomp2025_benchmarks/benchmarks/tinyimagenet_2024/vnnlib/TinyImageNet_resnet_medium_prop_idx_526_sidx_7843_eps_0.0039.vnnlib,.006019747,error_exit_code_1,4.430433045
tinyimagenet_2024,/home/elipregerson/nnenum/vnncomp2025_benchmarks/benchmarks/tinyimagenet_2024/onnx/TinyImageNet_resnet_medium.onnx,/home/elipregerson/nnenum/vnncomp2025_benchmarks/benchmarks/tinyimagenet_2024/vnnlib/TinyImageNet_resnet_medium_prop_idx_2310_sidx_1923_eps_0.0039.vnnlib,.006113220,error_exit_code_1,4.446768542
tinyimagenet_2024,/home/elipregerson/nnenum/vnncomp2025_benchmarks/benchmarks/tinyimagenet_2024/onnx/TinyImageNet_resnet_medium.onnx,/home/elipregerson/nnenum/vnncomp2025_benchmarks/benchmarks/tinyimagenet_2024/vnnlib/TinyImageNet_resnet_medium_prop_idx_9586_sidx_1970_eps_0.0039.vnnlib,.006125490,error_exit_code_1,4.488546348
tinyimagenet_2024,/home/elipregerson/nnenum/vnncomp2025_benchmarks/benchmarks/tinyimagenet_2024/onnx/TinyImageNet_resnet_medium.onnx,/home/elipregerson/nnenum/vnncomp2025_benchmarks/benchmarks/tinyimagenet_2024/vnnlib/TinyImageNet_resnet_medium_prop_idx_1759_sidx_3135_eps_0.0039.vnnlib,.006247043,error_exit_code_1,4.448966869
tinyimagenet_2024,/home/elipregerson/nnenum/vnncomp2025_benchmarks/benchmarks/tinyimagenet_2024/onnx/TinyImageNet_resnet_medium.onnx,/home/elipregerson/nnenum/vnncomp2025_benchmarks/benchmarks/tinyimagenet_2024/vnnlib/TinyImageNet_resnet_medium_prop_idx_974_sidx_2976_eps_0.0039.vnnlib,.005998553,error_exit_code_1,4.462494336
tinyimagenet_2024,/home/elipregerson/nnenum/vnncomp2025_benchmarks/benchmarks/tinyimagenet_2024/onnx/TinyImageNet_resnet_medium.onnx,/home/elipregerson/nnenum/vnncomp2025_benchmarks/benchmarks/tinyimagenet_2024/vnnlib/TinyImageNet_resnet_medium_prop_idx_3891_sidx_62_eps_0.0039.vnnlib,.006167093,error_exit_code_1,4.440043465
tinyimagenet_2024,/home/elipregerson/nnenum/vnncomp2025_benchmarks/benchmarks/tinyimagenet_2024/onnx/TinyImageNet_resnet_medium.onnx,/home/elipregerson/nnenum/vnncomp2025_benchmarks/benchmarks/tinyimagenet_2024/vnnlib/TinyImageNet_resnet_medium_prop_idx_5185_sidx_142_eps_0.0039.vnnlib,.006150409,error_exit_code_1,4.453485813
tinyimagenet_2024,/home/elipregerson/nnenum/vnncomp2025_benchmarks/benchmarks/tinyimagenet_2024/onnx/TinyImageNet_resnet_medium.onnx,/home/elipregerson/nnenum/vnncomp2025_benchmarks/benchmarks/tinyimagenet_2024/vnnlib/TinyImageNet_resnet_medium_prop_idx_6996_sidx_1363_eps_0.0039.vnnlib,.006142997,error_exit_code_1,4.457490454
tinyimagenet_2024,/home/elipregerson/nnenum/vnncomp2025_benchmarks/benchmarks/tinyimagenet_2024/onnx/TinyImageNet_resnet_medium.onnx,/home/elipregerson/nnenum/vnncomp2025_benchmarks/benchmarks/tinyimagenet_2024/vnnlib/TinyImageNet_resnet_medium_prop_idx_1821_sidx_9700_eps_0.0039.vnnlib,.006153046,error_exit_code_1,4.430661386
tinyimagenet_2024,/home/elipregerson/nnenum/vnncomp2025_benchmarks/benchmarks/tinyimagenet_2024/onnx/TinyImageNet_resnet_medium.onnx,/home/elipregerson/nnenum/vnncomp2025_benchmarks/benchmarks/tinyimagenet_2024/vnnlib/TinyImageNet_resnet_medium_prop_idx_4709_sidx_8110_eps_0.0039.vnnlib,.006155448,error_exit_code_1,4.427540236
tinyimagenet_2024,/home/elipregerson/nnenum/vnncomp2025_benchmarks/benchmarks/tinyimagenet_2024/onnx/TinyImageNet_resnet_medium.onnx,/home/elipregerson/nnenum/vnncomp2025_benchmarks/benchmarks/tinyimagenet_2024/vnnlib/TinyImageNet_resnet_medium_prop_idx_8444_sidx_2478_eps_0.0039.vnnlib,.006206542,error_exit_code_1,4.468980970
tinyimagenet_2024,/home/elipregerson/nnenum/vnncomp2025_benchmarks/benchmarks/tinyimagenet_2024/onnx/TinyImageNet_resnet_medium.onnx,/home/elipregerson/nnenum/vnncomp2025_benchmarks/benchmarks/tinyimagenet_2024/vnnlib/TinyImageNet_resnet_medium_prop_idx_5451_sidx_5891_eps_0.0039.vnnlib,.006064563,error_exit_code_1,4.460108997
tinyimagenet_2024,/home/elipregerson/nnenum/vnncomp2025_benchmarks/benchmarks/tinyimagenet_2024/onnx/TinyImageNet_resnet_medium.onnx,/home/elipregerson/nnenum/vnncomp2025_benchmarks/benchmarks/tinyimagenet_2024/vnnlib/TinyImageNet_resnet_medium_prop_idx_5382_sidx_4518_eps_0.0039.vnnlib,.006194465,error_exit_code_1,4.531699632
tinyimagenet_2024,/home/elipregerson/nnenum/vnncomp2025_benchmarks/benchmarks/tinyimagenet_2024/onnx/TinyImageNet_resnet_medium.onnx,/home/elipregerson/nnenum/vnncomp2025_benchmarks/benchmarks/tinyimagenet_2024/vnnlib/TinyImageNet_resnet_medium_prop_idx_3139_sidx_2973_eps_0.0039.vnnlib,.006138783,error_exit_code_1,4.460804069
tinyimagenet_2024,/home/elipregerson/nnenum/vnncomp2025_benchmarks/benchmarks/tinyimagenet_2024/onnx/TinyImageNet_resnet_medium.onnx,/home/elipregerson/nnenum/vnncomp2025_benchmarks/benchmarks/tinyimagenet_2024/vnnlib/TinyImageNet_resnet_medium_prop_idx_8101_sidx_2821_eps_0.0039.vnnlib,.005980377,error_exit_code_1,4.455360221
tinyimagenet_2024,/home/elipregerson/nnenum/vnncomp2025_benchmarks/benchmarks/tinyimagenet_2024/onnx/TinyImageNet_resnet_medium.onnx,/home/elipregerson/nnenum/vnncomp2025_benchmarks/benchmarks/tinyimagenet_2024/vnnlib/TinyImageNet_resnet_medium_prop_idx_1806_sidx_3542_eps_0.0039.vnnlib,.006180581,error_exit_code_1,4.493774003
tinyimagenet_2024,/home/elipregerson/nnenum/vnncomp2025_benchmarks/benchmarks/tinyimagenet_2024/onnx/TinyImageNet_resnet_medium.onnx,/home/elipregerson/nnenum/vnncomp2025_benchmarks/benchmarks/tinyimagenet_2024/vnnlib/TinyImageNet_resnet_medium_prop_idx_233_sidx_127_eps_0.0039.vnnlib,.007867744,error_exit_code_1,4.468281059
tinyimagenet_2024,/home/elipregerson/nnenum/vnncomp2025_benchmarks/benchmarks/tinyimagenet_2024/onnx/TinyImageNet_resnet_medium.onnx,/home/elipregerson/nnenum/vnncomp2025_benchmarks/benchmarks/tinyimagenet_2024/vnnlib/TinyImageNet_resnet_medium_prop_idx_8176_sidx_2705_eps_0.0039.vnnlib,.005959617,error_exit_code_1,4.500302455
tinyimagenet_2024,/home/elipregerson/nnenum/vnncomp2025_benchmarks/benchmarks/tinyimagenet_2024/onnx/TinyImageNet_resnet_medium.onnx,/home/elipregerson/nnenum/vnncomp2025_benchmarks/benchmarks/tinyimagenet_2024/vnnlib/TinyImageNet_resnet_medium_prop_idx_6311_sidx_8892_eps_0.0039.vnnlib,.006237974,error_exit_code_1,4.476696454
tinyimagenet_2024,/home/elipregerson/nnenum/vnncomp2025_benchmarks/benchmarks/tinyimagenet_2024/onnx/TinyImageNet_resnet_medium.onnx,/home/elipregerson/nnenum/vnncomp2025_benchmarks/benchmarks/tinyimagenet_2024/vnnlib/TinyImageNet_resnet_medium_prop_idx_5443_sidx_7316_eps_0.0039.vnnlib,.006159968,error_exit_code_1,4.466242394
tinyimagenet_2024,/home/elipregerson/nnenum/vnncomp2025_benchmarks/benchmarks/tinyimagenet_2024/onnx/TinyImageNet_resnet_medium.onnx,/home/elipregerson/nnenum/vnncomp2025_benchmarks/benchmarks/tinyimagenet_2024/vnnlib/TinyImageNet_resnet_medium_prop_idx_8173_sidx_1641_eps_0.0039.vnnlib,.006124196,error_exit_code_1,4.452145892
tinyimagenet_2024,/home/elipregerson/nnenum/vnncomp2025_benchmarks/benchmarks/tinyimagenet_2024/onnx/TinyImageNet_resnet_medium.onnx,/home/elipregerson/nnenum/vnncomp2025_benchmarks/benchmarks/tinyimagenet_2024/vnnlib/TinyImageNet_resnet_medium_prop_idx_2594_sidx_7029_eps_0.0039.vnnlib,.006084357,error_exit_code_1,4.447660216
tinyimagenet_2024,/home/elipregerson/nnenum/vnncomp2025_benchmarks/benchmarks/tinyimagenet_2024/onnx/TinyImageNet_resnet_medium.onnx,/home/elipregerson/nnenum/vnncomp2025_benchmarks/benchmarks/tinyimagenet_2024/vnnlib/TinyImageNet_resnet_medium_prop_idx_7231_sidx_415_eps_0.0039.vnnlib,.006183489,error_exit_code_1,4.468505829
tinyimagenet_2024,/home/elipregerson/nnenum/vnncomp2025_benchmarks/benchmarks/tinyimagenet_2024/onnx/TinyImageNet_resnet_medium.onnx,/home/elipregerson/nnenum/vnncomp2025_benchmarks/benchmarks/tinyimagenet_2024/vnnlib/TinyImageNet_resnet_medium_prop_idx_1435_sidx_655_eps_0.0039.vnnlib,.006151615,error_exit_code_1,4.479240118
tinyimagenet_2024,/home/elipregerson/nnenum/vnncomp2025_benchmarks/benchmarks/tinyimagenet_2024/onnx/TinyImageNet_resnet_medium.onnx,/home/elipregerson/nnenum/vnncomp2025_benchmarks/benchmarks/tinyimagenet_2024/vnnlib/TinyImageNet_resnet_medium_prop_idx_8005_sidx_2582_eps_0.0039.vnnlib,.006033693,error_exit_code_1,4.428952183
tinyimagenet_2024,/home/elipregerson/nnenum/vnncomp2025_benchmarks/benchmarks/tinyimagenet_2024/onnx/TinyImageNet_resnet_medium.onnx,/home/elipregerson/nnenum/vnncomp2025_benchmarks/benchmarks/tinyimagenet_2024/vnnlib/TinyImageNet_resnet_medium_prop_idx_4057_sidx_8514_eps_0.0039.vnnlib,.005913478,error_exit_code_1,4.444690807
tinyimagenet_2024,/home/elipregerson/nnenum/vnncomp2025_benchmarks/benchmarks/tinyimagenet_2024/onnx/TinyImageNet_resnet_medium.onnx,/home/elipregerson/nnenum/vnncomp2025_benchmarks/benchmarks/tinyimagenet_2024/vnnlib/TinyImageNet_resnet_medium_prop_idx_8288_sidx_307_eps_0.0039.vnnlib,.006095603,error_exit_code_1,4.438875266
tinyimagenet_2024,/home/elipregerson/nnenum/vnncomp2025_benchmarks/benchmarks/tinyimagenet_2024/onnx/TinyImageNet_resnet_medium.onnx,/home/elipregerson/nnenum/vnncomp2025_benchmarks/benchmarks/tinyimagenet_2024/vnnlib/TinyImageNet_resnet_medium_prop_idx_6362_sidx_7345_eps_0.0039.vnnlib,.005988642,error_exit_code_1,4.445932669
tinyimagenet_2024,/home/elipregerson/nnenum/vnncomp2025_benchmarks/benchmarks/tinyimagenet_2024/onnx/TinyImageNet_resnet_medium.onnx,/home/elipregerson/nnenum/vnncomp2025_benchmarks/benchmarks/tinyimagenet_2024/vnnlib/TinyImageNet_resnet_medium_prop_idx_6700_sidx_2455_eps_0.0039.vnnlib,.006050365,error_exit_code_1,4.460334993
tinyimagenet_2024,/home/elipregerson/nnenum/vnncomp2025_benchmarks/benchmarks/tinyimagenet_2024/onnx/TinyImageNet_resnet_medium.onnx,/home/elipregerson/nnenum/vnncomp2025_benchmarks/benchmarks/tinyimagenet_2024/vnnlib/TinyImageNet_resnet_medium_prop_idx_3054_sidx_7502_eps_0.0039.vnnlib,.006167617,error_exit_code_1,4.459377604
tinyimagenet_2024,/home/elipregerson/nnenum/vnncomp2025_benchmarks/benchmarks/tinyimagenet_2024/onnx/TinyImageNet_resnet_medium.onnx,/home/elipregerson/nnenum/vnncomp2025_benchmarks/benchmarks/tinyimagenet_2024/vnnlib/TinyImageNet_resnet_medium_prop_idx_5922_sidx_1989_eps_0.0039.vnnlib,.006026908,error_exit_code_1,4.437971600
tinyimagenet_2024,/home/elipregerson/nnenum/vnncomp2025_benchmarks/benchmarks/tinyimagenet_2024/onnx/TinyImageNet_resnet_medium.onnx,/home/elipregerson/nnenum/vnncomp2025_benchmarks/benchmarks/tinyimagenet_2024/vnnlib/TinyImageNet_resnet_medium_prop_idx_9330_sidx_2275_eps_0.0039.vnnlib,.006152120,error_exit_code_1,4.421344703
tinyimagenet_2024,/home/elipregerson/nnenum/vnncomp2025_benchmarks/benchmarks/tinyimagenet_2024/onnx/TinyImageNet_resnet_medium.onnx,/home/elipregerson/nnenum/vnncomp2025_benchmarks/benchmarks/tinyimagenet_2024/vnnlib/TinyImageNet_resnet_medium_prop_idx_723_sidx_7730_eps_0.0039.vnnlib,.005985369,error_exit_code_1,4.521979580
tinyimagenet_2024,/home/elipregerson/nnenum/vnncomp2025_benchmarks/benchmarks/tinyimagenet_2024/onnx/TinyImageNet_resnet_medium.onnx,/home/elipregerson/nnenum/vnncomp2025_benchmarks/benchmarks/tinyimagenet_2024/vnnlib/TinyImageNet_resnet_medium_prop_idx_2647_sidx_2518_eps_0.0039.vnnlib,.006270942,error_exit_code_1,4.454846621
tinyimagenet_2024,/home/elipregerson/nnenum/vnncomp2025_benchmarks/benchmarks/tinyimagenet_2024/onnx/TinyImageNet_resnet_medium.onnx,/home/elipregerson/nnenum/vnncomp2025_benchmarks/benchmarks/tinyimagenet_2024/vnnlib/TinyImageNet_resnet_medium_prop_idx_3015_sidx_2719_eps_0.0039.vnnlib,.006151384,error_exit_code_1,4.468714238
tinyimagenet_2024,/home/elipregerson/nnenum/vnncomp2025_benchmarks/benchmarks/tinyimagenet_2024/onnx/TinyImageNet_resnet_medium.onnx,/home/elipregerson/nnenum/vnncomp2025_benchmarks/benchmarks/tinyimagenet_2024/vnnlib/TinyImageNet_resnet_medium_prop_idx_6564_sidx_5832_eps_0.0039.vnnlib,.005999103,error_exit_code_1,4.477902256
tinyimagenet_2024,/home/elipregerson/nnenum/vnncomp2025_benchmarks/benchmarks/tinyimagenet_2024/onnx/TinyImageNet_resnet_medium.onnx,/home/elipregerson/nnenum/vnncomp2025_benchmarks/benchmarks/tinyimagenet_2024/vnnlib/TinyImageNet_resnet_medium_prop_idx_9458_sidx_2592_eps_0.0039.vnnlib,.006359044,error_exit_code_1,4.544838960
tinyimagenet_2024,/home/elipregerson/nnenum/vnncomp2025_benchmarks/benchmarks/test/onnx/test_nano.onnx,/home/elipregerson/nnenum/vnncomp2025_benchmarks/benchmarks/test/vnnlib/test_nano.vnnlib,.006415377,unsat,.547229222
tllverifybench_2023,/home/elipregerson/nnenum/vnncomp2025_benchmarks/benchmarks/tllverifybench_2023/onnx/tllBench_n=2_N=M=8_m=1_instance_0_0.onnx,/home/elipregerson/nnenum/vnncomp2025_benchmarks/benchmarks/tllverifybench_2023/vnnlib/property_N=8_0.vnnlib,.005991741,error_exit_code_1,.554735188
tllverifybench_2023,/home/elipregerson/nnenum/vnncomp2025_benchmarks/benchmarks/tllverifybench_2023/onnx/tllBench_n=2_N=M=8_m=1_instance_0_1.onnx,/home/elipregerson/nnenum/vnncomp2025_benchmarks/benchmarks/tllverifybench_2023/vnnlib/property_N=8_1.vnnlib,.006127380,error_exit_code_1,.532684327
tllverifybench_2023,/home/elipregerson/nnenum/vnncomp2025_benchmarks/benchmarks/tllverifybench_2023/onnx/tllBench_n=2_N=M=8_m=1_instance_0_2.onnx,/home/elipregerson/nnenum/vnncomp2025_benchmarks/benchmarks/tllverifybench_2023/vnnlib/property_N=8_2.vnnlib,.006239568,error_exit_code_1,.543537777
tllverifybench_2023,/home/elipregerson/nnenum/vnncomp2025_benchmarks/benchmarks/tllverifybench_2023/onnx/tllBench_n=2_N=M=8_m=1_instance_0_3.onnx,/home/elipregerson/nnenum/vnncomp2025_benchmarks/benchmarks/tllverifybench_2023/vnnlib/property_N=8_3.vnnlib,.006203053,error_exit_code_1,.535209548
tllverifybench_2023,/home/elipregerson/nnenum/vnncomp2025_benchmarks/benchmarks/tllverifybench_2023/onnx/tllBench_n=2_N=M=16_m=1_instance_1_0.onnx,/home/elipregerson/nnenum/vnncomp2025_benchmarks/benchmarks/tllverifybench_2023/vnnlib/property_N=16_0.vnnlib,.006246066,error_exit_code_1,.532813557
tllverifybench_2023,/home/elipregerson/nnenum/vnncomp2025_benchmarks/benchmarks/tllverifybench_2023/onnx/tllBench_n=2_N=M=16_m=1_instance_1_1.onnx,/home/elipregerson/nnenum/vnncomp2025_benchmarks/benchmarks/tllverifybench_2023/vnnlib/property_N=16_1.vnnlib,.006101493,error_exit_code_1,.536221976
tllverifybench_2023,/home/elipregerson/nnenum/vnncomp2025_benchmarks/benchmarks/tllverifybench_2023/onnx/tllBench_n=2_N=M=16_m=1_instance_1_2.onnx,/home/elipregerson/nnenum/vnncomp2025_benchmarks/benchmarks/tllverifybench_2023/vnnlib/property_N=16_2.vnnlib,.006147678,error_exit_code_1,.558202318
tllverifybench_2023,/home/elipregerson/nnenum/vnncomp2025_benchmarks/benchmarks/tllverifybench_2023/onnx/tllBench_n=2_N=M=16_m=1_instance_1_3.onnx,/home/elipregerson/nnenum/vnncomp2025_benchmarks/benchmarks/tllverifybench_2023/vnnlib/property_N=16_3.vnnlib,.006108879,error_exit_code_1,.536923761
tllverifybench_2023,/home/elipregerson/nnenum/vnncomp2025_benchmarks/benchmarks/tllverifybench_2023/onnx/tllBench_n=2_N=M=24_m=1_instance_2_0.onnx,/home/elipregerson/nnenum/vnncomp2025_benchmarks/benchmarks/tllverifybench_2023/vnnlib/property_N=24_0.vnnlib,.006176041,error_exit_code_1,.550002365
tllverifybench_2023,/home/elipregerson/nnenum/vnncomp2025_benchmarks/benchmarks/tllverifybench_2023/onnx/tllBench_n=2_N=M=24_m=1_instance_2_1.onnx,/home/elipregerson/nnenum/vnncomp2025_benchmarks/benchmarks/tllverifybench_2023/vnnlib/property_N=24_1.vnnlib,.006081268,error_exit_code_1,.557051051
tllverifybench_2023,/home/elipregerson/nnenum/vnncomp2025_benchmarks/benchmarks/tllverifybench_2023/onnx/tllBench_n=2_N=M=24_m=1_instance_2_2.onnx,/home/elipregerson/nnenum/vnncomp2025_benchmarks/benchmarks/tllverifybench_2023/vnnlib/property_N=24_2.vnnlib,.005973625,error_exit_code_1,.557476997
tllverifybench_2023,/home/elipregerson/nnenum/vnncomp2025_benchmarks/benchmarks/tllverifybench_2023/onnx/tllBench_n=2_N=M=24_m=1_instance_2_3.onnx,/home/elipregerson/nnenum/vnncomp2025_benchmarks/benchmarks/tllverifybench_2023/vnnlib/property_N=24_3.vnnlib,.006141508,error_exit_code_1,.557204290
tllverifybench_2023,/home/elipregerson/nnenum/vnncomp2025_benchmarks/benchmarks/tllverifybench_2023/onnx/tllBench_n=2_N=M=32_m=1_instance_3_0.onnx,/home/elipregerson/nnenum/vnncomp2025_benchmarks/benchmarks/tllverifybench_2023/vnnlib/property_N=32_0.vnnlib,.006188211,error_exit_code_1,.594833406
tllverifybench_2023,/home/elipregerson/nnenum/vnncomp2025_benchmarks/benchmarks/tllverifybench_2023/onnx/tllBench_n=2_N=M=32_m=1_instance_3_1.onnx,/home/elipregerson/nnenum/vnncomp2025_benchmarks/benchmarks/tllverifybench_2023/vnnlib/property_N=32_1.vnnlib,.006021520,error_exit_code_1,.600626317
tllverifybench_2023,/home/elipregerson/nnenum/vnncomp2025_benchmarks/benchmarks/tllverifybench_2023/onnx/tllBench_n=2_N=M=32_m=1_instance_3_2.onnx,/home/elipregerson/nnenum/vnncomp2025_benchmarks/benchmarks/tllverifybench_2023/vnnlib/property_N=32_2.vnnlib,.006121811,error_exit_code_1,.603837343
tllverifybench_2023,/home/elipregerson/nnenum/vnncomp2025_benchmarks/benchmarks/tllverifybench_2023/onnx/tllBench_n=2_N=M=32_m=1_instance_3_3.onnx,/home/elipregerson/nnenum/vnncomp2025_benchmarks/benchmarks/tllverifybench_2023/vnnlib/property_N=32_3.vnnlib,.005941635,error_exit_code_1,.605294689
tllverifybench_2023,/home/elipregerson/nnenum/vnncomp2025_benchmarks/benchmarks/tllverifybench_2023/onnx/tllBench_n=2_N=M=40_m=1_instance_4_0.onnx,/home/elipregerson/nnenum/vnncomp2025_benchmarks/benchmarks/tllverifybench_2023/vnnlib/property_N=40_0.vnnlib,.005999899,error_exit_code_1,.745363050
tllverifybench_2023,/home/elipregerson/nnenum/vnncomp2025_benchmarks/benchmarks/tllverifybench_2023/onnx/tllBench_n=2_N=M=40_m=1_instance_4_1.onnx,/home/elipregerson/nnenum/vnncomp2025_benchmarks/benchmarks/tllverifybench_2023/vnnlib/property_N=40_1.vnnlib,.006072203,error_exit_code_1,.755285168
tllverifybench_2023,/home/elipregerson/nnenum/vnncomp2025_benchmarks/benchmarks/tllverifybench_2023/onnx/tllBench_n=2_N=M=40_m=1_instance_4_2.onnx,/home/elipregerson/nnenum/vnncomp2025_benchmarks/benchmarks/tllverifybench_2023/vnnlib/property_N=40_2.vnnlib,.006189144,error_exit_code_1,.765109062
tllverifybench_2023,/home/elipregerson/nnenum/vnncomp2025_benchmarks/benchmarks/tllverifybench_2023/onnx/tllBench_n=2_N=M=40_m=1_instance_4_3.onnx,/home/elipregerson/nnenum/vnncomp2025_benchmarks/benchmarks/tllverifybench_2023/vnnlib/property_N=40_3.vnnlib,.006254622,error_exit_code_1,.766556780
tllverifybench_2023,/home/elipregerson/nnenum/vnncomp2025_benchmarks/benchmarks/tllverifybench_2023/onnx/tllBench_n=2_N=M=48_m=1_instance_5_0.onnx,/home/elipregerson/nnenum/vnncomp2025_benchmarks/benchmarks/tllverifybench_2023/vnnlib/property_N=48_0.vnnlib,.006113426,error_exit_code_1,.978227530
tllverifybench_2023,/home/elipregerson/nnenum/vnncomp2025_benchmarks/benchmarks/tllverifybench_2023/onnx/tllBench_n=2_N=M=48_m=1_instance_5_1.onnx,/home/elipregerson/nnenum/vnncomp2025_benchmarks/benchmarks/tllverifybench_2023/vnnlib/property_N=48_1.vnnlib,.006235253,error_exit_code_1,.974230353
tllverifybench_2023,/home/elipregerson/nnenum/vnncomp2025_benchmarks/benchmarks/tllverifybench_2023/onnx/tllBench_n=2_N=M=48_m=1_instance_5_2.onnx,/home/elipregerson/nnenum/vnncomp2025_benchmarks/benchmarks/tllverifybench_2023/vnnlib/property_N=48_2.vnnlib,.005918711,error_exit_code_1,.945611234
tllverifybench_2023,/home/elipregerson/nnenum/vnncomp2025_benchmarks/benchmarks/tllverifybench_2023/onnx/tllBench_n=2_N=M=48_m=1_instance_5_3.onnx,/home/elipregerson/nnenum/vnncomp2025_benchmarks/benchmarks/tllverifybench_2023/vnnlib/property_N=48_3.vnnlib,.006055028,error_exit_code_1,.983576209
tllverifybench_2023,/home/elipregerson/nnenum/vnncomp2025_benchmarks/benchmarks/tllverifybench_2023/onnx/tllBench_n=2_N=M=56_m=1_instance_6_0.onnx,/home/elipregerson/nnenum/vnncomp2025_benchmarks/benchmarks/tllverifybench_2023/vnnlib/property_N=56_0.vnnlib,.006047505,error_exit_code_1,1.351446385
tllverifybench_2023,/home/elipregerson/nnenum/vnncomp2025_benchmarks/benchmarks/tllverifybench_2023/onnx/tllBench_n=2_N=M=56_m=1_instance_6_1.onnx,/home/elipregerson/nnenum/vnncomp2025_benchmarks/benchmarks/tllverifybench_2023/vnnlib/property_N=56_1.vnnlib,.006055562,error_exit_code_1,1.352740348
tllverifybench_2023,/home/elipregerson/nnenum/vnncomp2025_benchmarks/benchmarks/tllverifybench_2023/onnx/tllBench_n=2_N=M=56_m=1_instance_6_2.onnx,/home/elipregerson/nnenum/vnncomp2025_benchmarks/benchmarks/tllverifybench_2023/vnnlib/property_N=56_2.vnnlib,.006541535,error_exit_code_1,1.372955073
tllverifybench_2023,/home/elipregerson/nnenum/vnncomp2025_benchmarks/benchmarks/tllverifybench_2023/onnx/tllBench_n=2_N=M=56_m=1_instance_6_3.onnx,/home/elipregerson/nnenum/vnncomp2025_benchmarks/benchmarks/tllverifybench_2023/vnnlib/property_N=56_3.vnnlib,.006107380,error_exit_code_1,1.359606255
tllverifybench_2023,/home/elipregerson/nnenum/vnncomp2025_benchmarks/benchmarks/tllverifybench_2023/onnx/tllBench_n=2_N=M=64_m=1_instance_7_0.onnx,/home/elipregerson/nnenum/vnncomp2025_benchmarks/benchmarks/tllverifybench_2023/vnnlib/property_N=64_0.vnnlib,.006120682,error_exit_code_1,2.002239728
tllverifybench_2023,/home/elipregerson/nnenum/vnncomp2025_benchmarks/benchmarks/tllverifybench_2023/onnx/tllBench_n=2_N=M=64_m=1_instance_7_1.onnx,/home/elipregerson/nnenum/vnncomp2025_benchmarks/benchmarks/tllverifybench_2023/vnnlib/property_N=64_1.vnnlib,.006049733,error_exit_code_1,2.034290967
tllverifybench_2023,/home/elipregerson/nnenum/vnncomp2025_benchmarks/benchmarks/tllverifybench_2023/onnx/tllBench_n=2_N=M=64_m=1_instance_7_2.onnx,/home/elipregerson/nnenum/vnncomp2025_benchmarks/benchmarks/tllverifybench_2023/vnnlib/property_N=64_2.vnnlib,.006099031,error_exit_code_1,2.031923595
tllverifybench_2023,/home/elipregerson/nnenum/vnncomp2025_benchmarks/benchmarks/tllverifybench_2023/onnx/tllBench_n=2_N=M=64_m=1_instance_7_3.onnx,/home/elipregerson/nnenum/vnncomp2025_benchmarks/benchmarks/tllverifybench_2023/vnnlib/property_N=64_3.vnnlib,.005980501,error_exit_code_1,2.028172860
tllverifybench_2023,/home/elipregerson/nnenum/vnncomp2025_benchmarks/benchmarks/test/onnx/test_nano.onnx,/home/elipregerson/nnenum/vnncomp2025_benchmarks/benchmarks/test/vnnlib/test_nano.vnnlib,.006152380,error_exit_code_1,.526940831
traffic_signs_recognition_2023,/home/elipregerson/nnenum/vnncomp2025_benchmarks/benchmarks/traffic_signs_recognition_2023/onnx/3_30_30_QConv_16_3_QConv_32_2_Dense_43_ep_30.onnx,/home/elipregerson/nnenum/vnncomp2025_benchmarks/benchmarks/traffic_signs_recognition_2023/vnnlib/model_30_idx_7573_eps_1.00000.vnnlib,.006129188,error_exit_code_1,.755043218
traffic_signs_recognition_2023,/home/elipregerson/nnenum/vnncomp2025_benchmarks/benchmarks/traffic_signs_recognition_2023/onnx/3_30_30_QConv_16_3_QConv_32_2_Dense_43_ep_30.onnx,/home/elipregerson/nnenum/vnncomp2025_benchmarks/benchmarks/traffic_signs_recognition_2023/vnnlib/model_30_idx_7573_eps_3.00000.vnnlib,.005951077,error_exit_code_1,.734792651
traffic_signs_recognition_2023,/home/elipregerson/nnenum/vnncomp2025_benchmarks/benchmarks/traffic_signs_recognition_2023/onnx/3_30_30_QConv_16_3_QConv_32_2_Dense_43_ep_30.onnx,/home/elipregerson/nnenum/vnncomp2025_benchmarks/benchmarks/traffic_signs_recognition_2023/vnnlib/model_30_idx_7573_eps_5.00000.vnnlib,.006347624,error_exit_code_1,.746038887
traffic_signs_recognition_2023,/home/elipregerson/nnenum/vnncomp2025_benchmarks/benchmarks/traffic_signs_recognition_2023/onnx/3_30_30_QConv_16_3_QConv_32_2_Dense_43_ep_30.onnx,/home/elipregerson/nnenum/vnncomp2025_benchmarks/benchmarks/traffic_signs_recognition_2023/vnnlib/model_30_idx_7573_eps_10.00000.vnnlib,.006124810,error_exit_code_1,.729430168
traffic_signs_recognition_2023,/home/elipregerson/nnenum/vnncomp2025_benchmarks/benchmarks/traffic_signs_recognition_2023/onnx/3_30_30_QConv_16_3_QConv_32_2_Dense_43_ep_30.onnx,/home/elipregerson/nnenum/vnncomp2025_benchmarks/benchmarks/traffic_signs_recognition_2023/vnnlib/model_30_idx_7573_eps_15.00000.vnnlib,.006239433,error_exit_code_1,.760471461
traffic_signs_recognition_2023,/home/elipregerson/nnenum/vnncomp2025_benchmarks/benchmarks/traffic_signs_recognition_2023/onnx/3_30_30_QConv_16_3_QConv_32_2_Dense_43_ep_30.onnx,/home/elipregerson/nnenum/vnncomp2025_benchmarks/benchmarks/traffic_signs_recognition_2023/vnnlib/model_30_idx_11379_eps_1.00000.vnnlib,.006381608,error_exit_code_1,.733875032
traffic_signs_recognition_2023,/home/elipregerson/nnenum/vnncomp2025_benchmarks/benchmarks/traffic_signs_recognition_2023/onnx/3_30_30_QConv_16_3_QConv_32_2_Dense_43_ep_30.onnx,/home/elipregerson/nnenum/vnncomp2025_benchmarks/benchmarks/traffic_signs_recognition_2023/vnnlib/model_30_idx_11379_eps_3.00000.vnnlib,.006173023,error_exit_code_1,.738641335
traffic_signs_recognition_2023,/home/elipregerson/nnenum/vnncomp2025_benchmarks/benchmarks/traffic_signs_recognition_2023/onnx/3_30_30_QConv_16_3_QConv_32_2_Dense_43_ep_30.onnx,/home/elipregerson/nnenum/vnncomp2025_benchmarks/benchmarks/traffic_signs_recognition_2023/vnnlib/model_30_idx_11379_eps_5.00000.vnnlib,.006225118,error_exit_code_1,.741982023
traffic_signs_recognition_2023,/home/elipregerson/nnenum/vnncomp2025_benchmarks/benchmarks/traffic_signs_recognition_2023/onnx/3_30_30_QConv_16_3_QConv_32_2_Dense_43_ep_30.onnx,/home/elipregerson/nnenum/vnncomp2025_benchmarks/benchmarks/traffic_signs_recognition_2023/vnnlib/model_30_idx_11379_eps_10.00000.vnnlib,.006216030,error_exit_code_1,.756116604
traffic_signs_recognition_2023,/home/elipregerson/nnenum/vnncomp2025_benchmarks/benchmarks/traffic_signs_recognition_2023/onnx/3_30_30_QConv_16_3_QConv_32_2_Dense_43_ep_30.onnx,/home/elipregerson/nnenum/vnncomp2025_benchmarks/benchmarks/traffic_signs_recognition_2023/vnnlib/model_30_idx_11379_eps_15.00000.vnnlib,.006118070,error_exit_code_1,.744524601
traffic_signs_recognition_2023,/home/elipregerson/nnenum/vnncomp2025_benchmarks/benchmarks/traffic_signs_recognition_2023/onnx/3_30_30_QConv_16_3_QConv_32_2_Dense_43_ep_30.onnx,/home/elipregerson/nnenum/vnncomp2025_benchmarks/benchmarks/traffic_signs_recognition_2023/vnnlib/model_30_idx_12375_eps_1.00000.vnnlib,.006156243,error_exit_code_1,.748692115
traffic_signs_recognition_2023,/home/elipregerson/nnenum/vnncomp2025_benchmarks/benchmarks/traffic_signs_recognition_2023/onnx/3_30_30_QConv_16_3_QConv_32_2_Dense_43_ep_30.onnx,/home/elipregerson/nnenum/vnncomp2025_benchmarks/benchmarks/traffic_signs_recognition_2023/vnnlib/model_30_idx_12375_eps_3.00000.vnnlib,.006283276,error_exit_code_1,.747328258
traffic_signs_recognition_2023,/home/elipregerson/nnenum/vnncomp2025_benchmarks/benchmarks/traffic_signs_recognition_2023/onnx/3_30_30_QConv_16_3_QConv_32_2_Dense_43_ep_30.onnx,/home/elipregerson/nnenum/vnncomp2025_benchmarks/benchmarks/traffic_signs_recognition_2023/vnnlib/model_30_idx_12375_eps_5.00000.vnnlib,.006236090,error_exit_code_1,.766409045
traffic_signs_recognition_2023,/home/elipregerson/nnenum/vnncomp2025_benchmarks/benchmarks/traffic_signs_recognition_2023/onnx/3_30_30_QConv_16_3_QConv_32_2_Dense_43_ep_30.onnx,/home/elipregerson/nnenum/vnncomp2025_benchmarks/benchmarks/traffic_signs_recognition_2023/vnnlib/model_30_idx_12375_eps_10.00000.vnnlib,.006204637,error_exit_code_1,.746434364
traffic_signs_recognition_2023,/home/elipregerson/nnenum/vnncomp2025_benchmarks/benchmarks/traffic_signs_recognition_2023/onnx/3_30_30_QConv_16_3_QConv_32_2_Dense_43_ep_30.onnx,/home/elipregerson/nnenum/vnncomp2025_benchmarks/benchmarks/traffic_signs_recognition_2023/vnnlib/model_30_idx_12375_eps_15.00000.vnnlib,.006226741,error_exit_code_1,.735663797
traffic_signs_recognition_2023,/home/elipregerson/nnenum/vnncomp2025_benchmarks/benchmarks/traffic_signs_recognition_2023/onnx/3_48_48_QConv_32_5_MP_2_BN_QConv_64_5_MP_2_BN_QConv_64_3_BN_Dense_256_BN_Dense_43_ep_30.onnx,/home/elipregerson/nnenum/vnncomp2025_benchmarks/benchmarks/traffic_signs_recognition_2023/vnnlib/model_48_idx_10645_eps_1.00000.vnnlib,.006177190,error_exit_code_1,1.053797717
traffic_signs_recognition_2023,/home/elipregerson/nnenum/vnncomp2025_benchmarks/benchmarks/traffic_signs_recognition_2023/onnx/3_48_48_QConv_32_5_MP_2_BN_QConv_64_5_MP_2_BN_QConv_64_3_BN_Dense_256_BN_Dense_43_ep_30.onnx,/home/elipregerson/nnenum/vnncomp2025_benchmarks/benchmarks/traffic_signs_recognition_2023/vnnlib/model_48_idx_10645_eps_3.00000.vnnlib,.006065391,error_exit_code_1,1.041649976
traffic_signs_recognition_2023,/home/elipregerson/nnenum/vnncomp2025_benchmarks/benchmarks/traffic_signs_recognition_2023/onnx/3_48_48_QConv_32_5_MP_2_BN_QConv_64_5_MP_2_BN_QConv_64_3_BN_Dense_256_BN_Dense_43_ep_30.onnx,/home/elipregerson/nnenum/vnncomp2025_benchmarks/benchmarks/traffic_signs_recognition_2023/vnnlib/model_48_idx_10645_eps_5.00000.vnnlib,.006034809,error_exit_code_1,1.060317537
traffic_signs_recognition_2023,/home/elipregerson/nnenum/vnncomp2025_benchmarks/benchmarks/traffic_signs_recognition_2023/onnx/3_48_48_QConv_32_5_MP_2_BN_QConv_64_5_MP_2_BN_QConv_64_3_BN_Dense_256_BN_Dense_43_ep_30.onnx,/home/elipregerson/nnenum/vnncomp2025_benchmarks/benchmarks/traffic_signs_recognition_2023/vnnlib/model_48_idx_10645_eps_10.00000.vnnlib,.006064350,error_exit_code_1,1.042247964
traffic_signs_recognition_2023,/home/elipregerson/nnenum/vnncomp2025_benchmarks/benchmarks/traffic_signs_recognition_2023/onnx/3_48_48_QConv_32_5_MP_2_BN_QConv_64_5_MP_2_BN_QConv_64_3_BN_Dense_256_BN_Dense_43_ep_30.onnx,/home/elipregerson/nnenum/vnncomp2025_benchmarks/benchmarks/traffic_signs_recognition_2023/vnnlib/model_48_idx_10645_eps_15.00000.vnnlib,.006122166,error_exit_code_1,1.039703459
traffic_signs_recognition_2023,/home/elipregerson/nnenum/vnncomp2025_benchmarks/benchmarks/traffic_signs_recognition_2023/onnx/3_48_48_QConv_32_5_MP_2_BN_QConv_64_5_MP_2_BN_QConv_64_3_BN_Dense_256_BN_Dense_43_ep_30.onnx,/home/elipregerson/nnenum/vnncomp2025_benchmarks/benchmarks/traffic_signs_recognition_2023/vnnlib/model_48_idx_10495_eps_1.00000.vnnlib,.006065420,error_exit_code_1,1.044786272
traffic_signs_recognition_2023,/home/elipregerson/nnenum/vnncomp2025_benchmarks/benchmarks/traffic_signs_recognition_2023/onnx/3_48_48_QConv_32_5_MP_2_BN_QConv_64_5_MP_2_BN_QConv_64_3_BN_Dense_256_BN_Dense_43_ep_30.onnx,/home/elipregerson/nnenum/vnncomp2025_benchmarks/benchmarks/traffic_signs_recognition_2023/vnnlib/model_48_idx_10495_eps_3.00000.vnnlib,.006050987,error_exit_code_1,1.042332354
traffic_signs_recognition_2023,/home/elipregerson/nnenum/vnncomp2025_benchmarks/benchmarks/traffic_signs_recognition_2023/onnx/3_48_48_QConv_32_5_MP_2_BN_QConv_64_5_MP_2_BN_QConv_64_3_BN_Dense_256_BN_Dense_43_ep_30.onnx,/home/elipregerson/nnenum/vnncomp2025_benchmarks/benchmarks/traffic_signs_recognition_2023/vnnlib/model_48_idx_10495_eps_5.00000.vnnlib,.006307341,error_exit_code_1,1.049356501
traffic_signs_recognition_2023,/home/elipregerson/nnenum/vnncomp2025_benchmarks/benchmarks/traffic_signs_recognition_2023/onnx/3_48_48_QConv_32_5_MP_2_BN_QConv_64_5_MP_2_BN_QConv_64_3_BN_Dense_256_BN_Dense_43_ep_30.onnx,/home/elipregerson/nnenum/vnncomp2025_benchmarks/benchmarks/traffic_signs_recognition_2023/vnnlib/model_48_idx_10495_eps_10.00000.vnnlib,.006079151,error_exit_code_1,1.046906949
traffic_signs_recognition_2023,/home/elipregerson/nnenum/vnncomp2025_benchmarks/benchmarks/traffic_signs_recognition_2023/onnx/3_48_48_QConv_32_5_MP_2_BN_QConv_64_5_MP_2_BN_QConv_64_3_BN_Dense_256_BN_Dense_43_ep_30.onnx,/home/elipregerson/nnenum/vnncomp2025_benchmarks/benchmarks/traffic_signs_recognition_2023/vnnlib/model_48_idx_10495_eps_15.00000.vnnlib,.009303208,error_exit_code_1,1.062949568
traffic_signs_recognition_2023,/home/elipregerson/nnenum/vnncomp2025_benchmarks/benchmarks/traffic_signs_recognition_2023/onnx/3_48_48_QConv_32_5_MP_2_BN_QConv_64_5_MP_2_BN_QConv_64_3_BN_Dense_256_BN_Dense_43_ep_30.onnx,/home/elipregerson/nnenum/vnncomp2025_benchmarks/benchmarks/traffic_signs_recognition_2023/vnnlib/model_48_idx_9022_eps_1.00000.vnnlib,.006227677,error_exit_code_1,1.044612770
traffic_signs_recognition_2023,/home/elipregerson/nnenum/vnncomp2025_benchmarks/benchmarks/traffic_signs_recognition_2023/onnx/3_48_48_QConv_32_5_MP_2_BN_QConv_64_5_MP_2_BN_QConv_64_3_BN_Dense_256_BN_Dense_43_ep_30.onnx,/home/elipregerson/nnenum/vnncomp2025_benchmarks/benchmarks/traffic_signs_recognition_2023/vnnlib/model_48_idx_9022_eps_3.00000.vnnlib,.006167783,error_exit_code_1,1.045764478
traffic_signs_recognition_2023,/home/elipregerson/nnenum/vnncomp2025_benchmarks/benchmarks/traffic_signs_recognition_2023/onnx/3_48_48_QConv_32_5_MP_2_BN_QConv_64_5_MP_2_BN_QConv_64_3_BN_Dense_256_BN_Dense_43_ep_30.onnx,/home/elipregerson/nnenum/vnncomp2025_benchmarks/benchmarks/traffic_signs_recognition_2023/vnnlib/model_48_idx_9022_eps_5.00000.vnnlib,.006101873,error_exit_code_1,1.076572872
traffic_signs_recognition_2023,/home/elipregerson/nnenum/vnncomp2025_benchmarks/benchmarks/traffic_signs_recognition_2023/onnx/3_48_48_QConv_32_5_MP_2_BN_QConv_64_5_MP_2_BN_QConv_64_3_BN_Dense_256_BN_Dense_43_ep_30.onnx,/home/elipregerson/nnenum/vnncomp2025_benchmarks/benchmarks/traffic_signs_recognition_2023/vnnlib/model_48_idx_9022_eps_10.00000.vnnlib,.006071301,error_exit_code_1,1.045560461
traffic_signs_recognition_2023,/home/elipregerson/nnenum/vnncomp2025_benchmarks/benchmarks/traffic_signs_recognition_2023/onnx/3_48_48_QConv_32_5_MP_2_BN_QConv_64_5_MP_2_BN_QConv_64_3_BN_Dense_256_BN_Dense_43_ep_30.onnx,/home/elipregerson/nnenum/vnncomp2025_benchmarks/benchmarks/traffic_signs_recognition_2023/vnnlib/model_48_idx_9022_eps_15.00000.vnnlib,.006044837,error_exit_code_1,1.037430329
traffic_signs_recognition_2023,/home/elipregerson/nnenum/vnncomp2025_benchmarks/benchmarks/traffic_signs_recognition_2023/onnx/3_64_64_QConv_32_5_MP_2_BN_QConv_64_5_MP_2_BN_QConv_64_3_MP_2_BN_Dense_1024_BN_Dense_43_ep_30.onnx,/home/elipregerson/nnenum/vnncomp2025_benchmarks/benchmarks/traffic_signs_recognition_2023/vnnlib/model_64_idx_10645_eps_1.00000.vnnlib,.006017646,error_exit_code_1,1.475279839
traffic_signs_recognition_2023,/home/elipregerson/nnenum/vnncomp2025_benchmarks/benchmarks/traffic_signs_recognition_2023/onnx/3_64_64_QConv_32_5_MP_2_BN_QConv_64_5_MP_2_BN_QConv_64_3_MP_2_BN_Dense_1024_BN_Dense_43_ep_30.onnx,/home/elipregerson/nnenum/vnncomp2025_benchmarks/benchmarks/traffic_signs_recognition_2023/vnnlib/model_64_idx_10645_eps_3.00000.vnnlib,.006114976,error_exit_code_1,1.494812306
traffic_signs_recognition_2023,/home/elipregerson/nnenum/vnncomp2025_benchmarks/benchmarks/traffic_signs_recognition_2023/onnx/3_64_64_QConv_32_5_MP_2_BN_QConv_64_5_MP_2_BN_QConv_64_3_MP_2_BN_Dense_1024_BN_Dense_43_ep_30.onnx,/home/elipregerson/nnenum/vnncomp2025_benchmarks/benchmarks/traffic_signs_recognition_2023/vnnlib/model_64_idx_10645_eps_5.00000.vnnlib,.006030656,error_exit_code_1,1.476122110
traffic_signs_recognition_2023,/home/elipregerson/nnenum/vnncomp2025_benchmarks/benchmarks/traffic_signs_recognition_2023/onnx/3_64_64_QConv_32_5_MP_2_BN_QConv_64_5_MP_2_BN_QConv_64_3_MP_2_BN_Dense_1024_BN_Dense_43_ep_30.onnx,/home/elipregerson/nnenum/vnncomp2025_benchmarks/benchmarks/traffic_signs_recognition_2023/vnnlib/model_64_idx_10645_eps_10.00000.vnnlib,.006043300,error_exit_code_1,1.479724829
traffic_signs_recognition_2023,/home/elipregerson/nnenum/vnncomp2025_benchmarks/benchmarks/traffic_signs_recognition_2023/onnx/3_64_64_QConv_32_5_MP_2_BN_QConv_64_5_MP_2_BN_QConv_64_3_MP_2_BN_Dense_1024_BN_Dense_43_ep_30.onnx,/home/elipregerson/nnenum/vnncomp2025_benchmarks/benchmarks/traffic_signs_recognition_2023/vnnlib/model_64_idx_10645_eps_15.00000.vnnlib,.006139000,error_exit_code_1,1.470171331
traffic_signs_recognition_2023,/home/elipregerson/nnenum/vnncomp2025_benchmarks/benchmarks/traffic_signs_recognition_2023/onnx/3_64_64_QConv_32_5_MP_2_BN_QConv_64_5_MP_2_BN_QConv_64_3_MP_2_BN_Dense_1024_BN_Dense_43_ep_30.onnx,/home/elipregerson/nnenum/vnncomp2025_benchmarks/benchmarks/traffic_signs_recognition_2023/vnnlib/model_64_idx_10495_eps_1.00000.vnnlib,.006101725,error_exit_code_1,1.458220325
traffic_signs_recognition_2023,/home/elipregerson/nnenum/vnncomp2025_benchmarks/benchmarks/traffic_signs_recognition_2023/onnx/3_64_64_QConv_32_5_MP_2_BN_QConv_64_5_MP_2_BN_QConv_64_3_MP_2_BN_Dense_1024_BN_Dense_43_ep_30.onnx,/home/elipregerson/nnenum/vnncomp2025_benchmarks/benchmarks/traffic_signs_recognition_2023/vnnlib/model_64_idx_10495_eps_3.00000.vnnlib,.006112668,error_exit_code_1,1.479100700
traffic_signs_recognition_2023,/home/elipregerson/nnenum/vnncomp2025_benchmarks/benchmarks/traffic_signs_recognition_2023/onnx/3_64_64_QConv_32_5_MP_2_BN_QConv_64_5_MP_2_BN_QConv_64_3_MP_2_BN_Dense_1024_BN_Dense_43_ep_30.onnx,/home/elipregerson/nnenum/vnncomp2025_benchmarks/benchmarks/traffic_signs_recognition_2023/vnnlib/model_64_idx_10495_eps_5.00000.vnnlib,.005946418,error_exit_code_1,1.468974588
traffic_signs_recognition_2023,/home/elipregerson/nnenum/vnncomp2025_benchmarks/benchmarks/traffic_signs_recognition_2023/onnx/3_64_64_QConv_32_5_MP_2_BN_QConv_64_5_MP_2_BN_QConv_64_3_MP_2_BN_Dense_1024_BN_Dense_43_ep_30.onnx,/home/elipregerson/nnenum/vnncomp2025_benchmarks/benchmarks/traffic_signs_recognition_2023/vnnlib/model_64_idx_10495_eps_10.00000.vnnlib,.006343093,error_exit_code_1,1.474747848
traffic_signs_recognition_2023,/home/elipregerson/nnenum/vnncomp2025_benchmarks/benchmarks/traffic_signs_recognition_2023/onnx/3_64_64_QConv_32_5_MP_2_BN_QConv_64_5_MP_2_BN_QConv_64_3_MP_2_BN_Dense_1024_BN_Dense_43_ep_30.onnx,/home/elipregerson/nnenum/vnncomp2025_benchmarks/benchmarks/traffic_signs_recognition_2023/vnnlib/model_64_idx_10495_eps_15.00000.vnnlib,.006185451,error_exit_code_1,1.473056319
traffic_signs_recognition_2023,/home/elipregerson/nnenum/vnncomp2025_benchmarks/benchmarks/traffic_signs_recognition_2023/onnx/3_64_64_QConv_32_5_MP_2_BN_QConv_64_5_MP_2_BN_QConv_64_3_MP_2_BN_Dense_1024_BN_Dense_43_ep_30.onnx,/home/elipregerson/nnenum/vnncomp2025_benchmarks/benchmarks/traffic_signs_recognition_2023/vnnlib/model_64_idx_9022_eps_1.00000.vnnlib,.006149099,error_exit_code_1,1.481292757
traffic_signs_recognition_2023,/home/elipregerson/nnenum/vnncomp2025_benchmarks/benchmarks/traffic_signs_recognition_2023/onnx/3_64_64_QConv_32_5_MP_2_BN_QConv_64_5_MP_2_BN_QConv_64_3_MP_2_BN_Dense_1024_BN_Dense_43_ep_30.onnx,/home/elipregerson/nnenum/vnncomp2025_benchmarks/benchmarks/traffic_signs_recognition_2023/vnnlib/model_64_idx_9022_eps_3.00000.vnnlib,.006012105,error_exit_code_1,1.477395418
traffic_signs_recognition_2023,/home/elipregerson/nnenum/vnncomp2025_benchmarks/benchmarks/traffic_signs_recognition_2023/onnx/3_64_64_QConv_32_5_MP_2_BN_QConv_64_5_MP_2_BN_QConv_64_3_MP_2_BN_Dense_1024_BN_Dense_43_ep_30.onnx,/home/elipregerson/nnenum/vnncomp2025_benchmarks/benchmarks/traffic_signs_recognition_2023/vnnlib/model_64_idx_9022_eps_5.00000.vnnlib,.006177907,error_exit_code_1,1.474308118
traffic_signs_recognition_2023,/home/elipregerson/nnenum/vnncomp2025_benchmarks/benchmarks/traffic_signs_recognition_2023/onnx/3_64_64_QConv_32_5_MP_2_BN_QConv_64_5_MP_2_BN_QConv_64_3_MP_2_BN_Dense_1024_BN_Dense_43_ep_30.onnx,/home/elipregerson/nnenum/vnncomp2025_benchmarks/benchmarks/traffic_signs_recognition_2023/vnnlib/model_64_idx_9022_eps_10.00000.vnnlib,.006163766,error_exit_code_1,1.481845589
traffic_signs_recognition_2023,/home/elipregerson/nnenum/vnncomp2025_benchmarks/benchmarks/traffic_signs_recognition_2023/onnx/3_64_64_QConv_32_5_MP_2_BN_QConv_64_5_MP_2_BN_QConv_64_3_MP_2_BN_Dense_1024_BN_Dense_43_ep_30.onnx,/home/elipregerson/nnenum/vnncomp2025_benchmarks/benchmarks/traffic_signs_recognition_2023/vnnlib/model_64_idx_9022_eps_15.00000.vnnlib,.005968209,error_exit_code_1,1.468328733
traffic_signs_recognition_2023,/home/elipregerson/nnenum/vnncomp2025_benchmarks/benchmarks/test/onnx/test_nano.onnx,/home/elipregerson/nnenum/vnncomp2025_benchmarks/benchmarks/test/vnnlib/test_nano.vnnlib,.006094349,unsat,.544563275
vggnet16_2022,/home/elipregerson/nnenum/vnncomp2025_benchmarks/benchmarks/vggnet16_2022/onnx/vgg16-7.onnx,/home/elipregerson/nnenum/vnncomp2025_benchmarks/benchmarks/vggnet16_2022/vnnlib/spec0_suit.vnnlib,.005984558,error_exit_code_1,11.316172739
vggnet16_2022,/home/elipregerson/nnenum/vnncomp2025_benchmarks/benchmarks/vggnet16_2022/onnx/vgg16-7.onnx,/home/elipregerson/nnenum/vnncomp2025_benchmarks/benchmarks/vggnet16_2022/vnnlib/spec1_Scottish_deerhound.vnnlib,.005971803,error_exit_code_1,11.347418601
vggnet16_2022,/home/elipregerson/nnenum/vnncomp2025_benchmarks/benchmarks/vggnet16_2022/onnx/vgg16-7.onnx,/home/elipregerson/nnenum/vnncomp2025_benchmarks/benchmarks/vggnet16_2022/vnnlib/spec2_Airedale.vnnlib,.006014381,error_exit_code_1,11.340340415
vggnet16_2022,/home/elipregerson/nnenum/vnncomp2025_benchmarks/benchmarks/vggnet16_2022/onnx/vgg16-7.onnx,/home/elipregerson/nnenum/vnncomp2025_benchmarks/benchmarks/vggnet16_2022/vnnlib/spec3_canoe.vnnlib,.006096708,error_exit_code_1,11.348465554
vggnet16_2022,/home/elipregerson/nnenum/vnncomp2025_benchmarks/benchmarks/vggnet16_2022/onnx/vgg16-7.onnx,/home/elipregerson/nnenum/vnncomp2025_benchmarks/benchmarks/vggnet16_2022/vnnlib/spec4_grille.vnnlib,.006146313,error_exit_code_1,11.390999208
vggnet16_2022,/home/elipregerson/nnenum/vnncomp2025_benchmarks/benchmarks/vggnet16_2022/onnx/vgg16-7.onnx,/home/elipregerson/nnenum/vnncomp2025_benchmarks/benchmarks/vggnet16_2022/vnnlib/spec5_scale.vnnlib,.006007342,error_exit_code_1,11.391059059
vggnet16_2022,/home/elipregerson/nnenum/vnncomp2025_benchmarks/benchmarks/vggnet16_2022/onnx/vgg16-7.onnx,/home/elipregerson/nnenum/vnncomp2025_benchmarks/benchmarks/vggnet16_2022/vnnlib/spec6_folding_chair.vnnlib,.005960510,error_exit_code_1,11.289186672
vggnet16_2022,/home/elipregerson/nnenum/vnncomp2025_benchmarks/benchmarks/vggnet16_2022/onnx/vgg16-7.onnx,/home/elipregerson/nnenum/vnncomp2025_benchmarks/benchmarks/vggnet16_2022/vnnlib/spec7_basketball.vnnlib,.006068808,error_exit_code_1,11.343450753
vggnet16_2022,/home/elipregerson/nnenum/vnncomp2025_benchmarks/benchmarks/vggnet16_2022/onnx/vgg16-7.onnx,/home/elipregerson/nnenum/vnncomp2025_benchmarks/benchmarks/vggnet16_2022/vnnlib/spec8_megalith.vnnlib,.006035362,error_exit_code_1,11.348014105
vggnet16_2022,/home/elipregerson/nnenum/vnncomp2025_benchmarks/benchmarks/vggnet16_2022/onnx/vgg16-7.onnx,/home/elipregerson/nnenum/vnncomp2025_benchmarks/benchmarks/vggnet16_2022/vnnlib/spec9_sidewinder.vnnlib,.006172345,error_exit_code_1,11.329781605
vggnet16_2022,/home/elipregerson/nnenum/vnncomp2025_benchmarks/benchmarks/vggnet16_2022/onnx/vgg16-7.onnx,/home/elipregerson/nnenum/vnncomp2025_benchmarks/benchmarks/vggnet16_2022/vnnlib/spec10_chainlink_fence.vnnlib,.006092816,error_exit_code_1,11.408420615
vggnet16_2022,/home/elipregerson/nnenum/vnncomp2025_benchmarks/benchmarks/vggnet16_2022/onnx/vgg16-7.onnx,/home/elipregerson/nnenum/vnncomp2025_benchmarks/benchmarks/vggnet16_2022/vnnlib/spec11_dock.vnnlib,.006131061,error_exit_code_1,11.332205944
vggnet16_2022,/home/elipregerson/nnenum/vnncomp2025_benchmarks/benchmarks/vggnet16_2022/onnx/vgg16-7.onnx,/home/elipregerson/nnenum/vnncomp2025_benchmarks/benchmarks/vggnet16_2022/vnnlib/spec12_borzoi.vnnlib,.006085025,error_exit_code_1,11.333204413
vggnet16_2022,/home/elipregerson/nnenum/vnncomp2025_benchmarks/benchmarks/vggnet16_2022/onnx/vgg16-7.onnx,/home/elipregerson/nnenum/vnncomp2025_benchmarks/benchmarks/vggnet16_2022/vnnlib/spec13_pillow.vnnlib,.006206261,error_exit_code_1,11.354909242
vggnet16_2022,/home/elipregerson/nnenum/vnncomp2025_benchmarks/benchmarks/vggnet16_2022/onnx/vgg16-7.onnx,/home/elipregerson/nnenum/vnncomp2025_benchmarks/benchmarks/vggnet16_2022/vnnlib/spec14_mink.vnnlib,.006114700,error_exit_code_1,11.384165021
vggnet16_2022,/home/elipregerson/nnenum/vnncomp2025_benchmarks/benchmarks/vggnet16_2022/onnx/vgg16-7.onnx,/home/elipregerson/nnenum/vnncomp2025_benchmarks/benchmarks/vggnet16_2022/vnnlib/spec15_tiger_beetle.vnnlib,.006047874,error_exit_code_1,11.330188127
vggnet16_2022,/home/elipregerson/nnenum/vnncomp2025_benchmarks/benchmarks/vggnet16_2022/onnx/vgg16-7.onnx,/home/elipregerson/nnenum/vnncomp2025_benchmarks/benchmarks/vggnet16_2022/vnnlib/spec16_breastplate.vnnlib,.006033883,error_exit_code_1,11.346085659
vggnet16_2022,/home/elipregerson/nnenum/vnncomp2025_benchmarks/benchmarks/vggnet16_2022/onnx/vgg16-7.onnx,/home/elipregerson/nnenum/vnncomp2025_benchmarks/benchmarks/vggnet16_2022/vnnlib/spec17_paper_towel.vnnlib,.006203909,error_exit_code_1,11.364067810
vggnet16_2022,/home/elipregerson/nnenum/vnncomp2025_benchmarks/benchmarks/test/onnx/test_nano.onnx,/home/elipregerson/nnenum/vnncomp2025_benchmarks/benchmarks/test/vnnlib/test_nano.vnnlib,.006246087,unsat,.604739628
vit_2023,/home/elipregerson/nnenum/vnncomp2025_benchmarks/benchmarks/vit_2023/onnx/pgd_2_3_16.onnx,/home/elipregerson/nnenum/vnncomp2025_benchmarks/benchmarks/vit_2023/vnnlib/pgd_2_3_16_2446.vnnlib,.006070345,error_exit_code_1,.602590150
vit_2023,/home/elipregerson/nnenum/vnncomp2025_benchmarks/benchmarks/vit_2023/onnx/pgd_2_3_16.onnx,/home/elipregerson/nnenum/vnncomp2025_benchmarks/benchmarks/vit_2023/vnnlib/pgd_2_3_16_4509.vnnlib,.006166602,error_exit_code_1,.609054230
vit_2023,/home/elipregerson/nnenum/vnncomp2025_benchmarks/benchmarks/vit_2023/onnx/pgd_2_3_16.onnx,/home/elipregerson/nnenum/vnncomp2025_benchmarks/benchmarks/vit_2023/vnnlib/pgd_2_3_16_6246.vnnlib,.006027270,error_exit_code_1,.601637453
vit_2023,/home/elipregerson/nnenum/vnncomp2025_benchmarks/benchmarks/vit_2023/onnx/pgd_2_3_16.onnx,/home/elipregerson/nnenum/vnncomp2025_benchmarks/benchmarks/vit_2023/vnnlib/pgd_2_3_16_2043.vnnlib,.006338790,error_exit_code_1,.609556947
vit_2023,/home/elipregerson/nnenum/vnncomp2025_benchmarks/benchmarks/vit_2023/onnx/pgd_2_3_16.onnx,/home/elipregerson/nnenum/vnncomp2025_benchmarks/benchmarks/vit_2023/vnnlib/pgd_2_3_16_2203.vnnlib,.006160006,error_exit_code_1,.615150530
vit_2023,/home/elipregerson/nnenum/vnncomp2025_benchmarks/benchmarks/vit_2023/onnx/pgd_2_3_16.onnx,/home/elipregerson/nnenum/vnncomp2025_benchmarks/benchmarks/vit_2023/vnnlib/pgd_2_3_16_3695.vnnlib,.006366044,error_exit_code_1,.620903182
vit_2023,/home/elipregerson/nnenum/vnncomp2025_benchmarks/benchmarks/vit_2023/onnx/pgd_2_3_16.onnx,/home/elipregerson/nnenum/vnncomp2025_benchmarks/benchmarks/vit_2023/vnnlib/pgd_2_3_16_8808.vnnlib,.006368490,error_exit_code_1,.608251782
vit_2023,/home/elipregerson/nnenum/vnncomp2025_benchmarks/benchmarks/vit_2023/onnx/pgd_2_3_16.onnx,/home/elipregerson/nnenum/vnncomp2025_benchmarks/benchmarks/vit_2023/vnnlib/pgd_2_3_16_747.vnnlib,.006174146,error_exit_code_1,.607937935
vit_2023,/home/elipregerson/nnenum/vnncomp2025_benchmarks/benchmarks/vit_2023/onnx/pgd_2_3_16.onnx,/home/elipregerson/nnenum/vnncomp2025_benchmarks/benchmarks/vit_2023/vnnlib/pgd_2_3_16_2209.vnnlib,.005959997,error_exit_code_1,.613667829
vit_2023,/home/elipregerson/nnenum/vnncomp2025_benchmarks/benchmarks/vit_2023/onnx/pgd_2_3_16.onnx,/home/elipregerson/nnenum/vnncomp2025_benchmarks/benchmarks/vit_2023/vnnlib/pgd_2_3_16_8776.vnnlib,.006462577,error_exit_code_1,.601448582
vit_2023,/home/elipregerson/nnenum/vnncomp2025_benchmarks/benchmarks/vit_2023/onnx/pgd_2_3_16.onnx,/home/elipregerson/nnenum/vnncomp2025_benchmarks/benchmarks/vit_2023/vnnlib/pgd_2_3_16_3660.vnnlib,.006139586,error_exit_code_1,.611868828
vit_2023,/home/elipregerson/nnenum/vnncomp2025_benchmarks/benchmarks/vit_2023/onnx/pgd_2_3_16.onnx,/home/elipregerson/nnenum/vnncomp2025_benchmarks/benchmarks/vit_2023/vnnlib/pgd_2_3_16_7086.vnnlib,.006216133,error_exit_code_1,.613346127
vit_2023,/home/elipregerson/nnenum/vnncomp2025_benchmarks/benchmarks/vit_2023/onnx/pgd_2_3_16.onnx,/home/elipregerson/nnenum/vnncomp2025_benchmarks/benchmarks/vit_2023/vnnlib/pgd_2_3_16_1058.vnnlib,.006094447,error_exit_code_1,.602521442
vit_2023,/home/elipregerson/nnenum/vnncomp2025_benchmarks/benchmarks/vit_2023/onnx/pgd_2_3_16.onnx,/home/elipregerson/nnenum/vnncomp2025_benchmarks/benchmarks/vit_2023/vnnlib/pgd_2_3_16_3034.vnnlib,.006240290,error_exit_code_1,.609694383
vit_2023,/home/elipregerson/nnenum/vnncomp2025_benchmarks/benchmarks/vit_2023/onnx/pgd_2_3_16.onnx,/home/elipregerson/nnenum/vnncomp2025_benchmarks/benchmarks/vit_2023/vnnlib/pgd_2_3_16_2296.vnnlib,.006086292,error_exit_code_1,.624980608
vit_2023,/home/elipregerson/nnenum/vnncomp2025_benchmarks/benchmarks/vit_2023/onnx/pgd_2_3_16.onnx,/home/elipregerson/nnenum/vnncomp2025_benchmarks/benchmarks/vit_2023/vnnlib/pgd_2_3_16_9655.vnnlib,.006298420,error_exit_code_1,.604992159
vit_2023,/home/elipregerson/nnenum/vnncomp2025_benchmarks/benchmarks/vit_2023/onnx/pgd_2_3_16.onnx,/home/elipregerson/nnenum/vnncomp2025_benchmarks/benchmarks/vit_2023/vnnlib/pgd_2_3_16_1438.vnnlib,.006057663,error_exit_code_1,.602721954
vit_2023,/home/elipregerson/nnenum/vnncomp2025_benchmarks/benchmarks/vit_2023/onnx/pgd_2_3_16.onnx,/home/elipregerson/nnenum/vnncomp2025_benchmarks/benchmarks/vit_2023/vnnlib/pgd_2_3_16_94.vnnlib,.006069820,error_exit_code_1,.611459932
vit_2023,/home/elipregerson/nnenum/vnncomp2025_benchmarks/benchmarks/vit_2023/onnx/pgd_2_3_16.onnx,/home/elipregerson/nnenum/vnncomp2025_benchmarks/benchmarks/vit_2023/vnnlib/pgd_2_3_16_7664.vnnlib,.006053684,error_exit_code_1,.620666651
vit_2023,/home/elipregerson/nnenum/vnncomp2025_benchmarks/benchmarks/vit_2023/onnx/pgd_2_3_16.onnx,/home/elipregerson/nnenum/vnncomp2025_benchmarks/benchmarks/vit_2023/vnnlib/pgd_2_3_16_5846.vnnlib,.006237889,error_exit_code_1,.605541616
vit_2023,/home/elipregerson/nnenum/vnncomp2025_benchmarks/benchmarks/vit_2023/onnx/pgd_2_3_16.onnx,/home/elipregerson/nnenum/vnncomp2025_benchmarks/benchmarks/vit_2023/vnnlib/pgd_2_3_16_7144.vnnlib,.006093264,error_exit_code_1,.608782368
vit_2023,/home/elipregerson/nnenum/vnncomp2025_benchmarks/benchmarks/vit_2023/onnx/pgd_2_3_16.onnx,/home/elipregerson/nnenum/vnncomp2025_benchmarks/benchmarks/vit_2023/vnnlib/pgd_2_3_16_6578.vnnlib,.006147757,error_exit_code_1,.608720665
vit_2023,/home/elipregerson/nnenum/vnncomp2025_benchmarks/benchmarks/vit_2023/onnx/pgd_2_3_16.onnx,/home/elipregerson/nnenum/vnncomp2025_benchmarks/benchmarks/vit_2023/vnnlib/pgd_2_3_16_7154.vnnlib,.005997449,error_exit_code_1,.622751626
vit_2023,/home/elipregerson/nnenum/vnncomp2025_benchmarks/benchmarks/vit_2023/onnx/pgd_2_3_16.onnx,/home/elipregerson/nnenum/vnncomp2025_benchmarks/benchmarks/vit_2023/vnnlib/pgd_2_3_16_3832.vnnlib,.006252532,error_exit_code_1,.610510878
vit_2023,/home/elipregerson/nnenum/vnncomp2025_benchmarks/benchmarks/vit_2023/onnx/pgd_2_3_16.onnx,/home/elipregerson/nnenum/vnncomp2025_benchmarks/benchmarks/vit_2023/vnnlib/pgd_2_3_16_560.vnnlib,.006032345,error_exit_code_1,.612358026
vit_2023,/home/elipregerson/nnenum/vnncomp2025_benchmarks/benchmarks/vit_2023/onnx/pgd_2_3_16.onnx,/home/elipregerson/nnenum/vnncomp2025_benchmarks/benchmarks/vit_2023/vnnlib/pgd_2_3_16_2593.vnnlib,.005904733,error_exit_code_1,.612508017
vit_2023,/home/elipregerson/nnenum/vnncomp2025_benchmarks/benchmarks/vit_2023/onnx/pgd_2_3_16.onnx,/home/elipregerson/nnenum/vnncomp2025_benchmarks/benchmarks/vit_2023/vnnlib/pgd_2_3_16_988.vnnlib,.006512184,error_exit_code_1,.634631579
vit_2023,/home/elipregerson/nnenum/vnncomp2025_benchmarks/benchmarks/vit_2023/onnx/pgd_2_3_16.onnx,/home/elipregerson/nnenum/vnncomp2025_benchmarks/benchmarks/vit_2023/vnnlib/pgd_2_3_16_7102.vnnlib,.006133145,error_exit_code_1,.614595427
vit_2023,/home/elipregerson/nnenum/vnncomp2025_benchmarks/benchmarks/vit_2023/onnx/pgd_2_3_16.onnx,/home/elipregerson/nnenum/vnncomp2025_benchmarks/benchmarks/vit_2023/vnnlib/pgd_2_3_16_9306.vnnlib,.006225602,error_exit_code_1,.615790424
vit_2023,/home/elipregerson/nnenum/vnncomp2025_benchmarks/benchmarks/vit_2023/onnx/pgd_2_3_16.onnx,/home/elipregerson/nnenum/vnncomp2025_benchmarks/benchmarks/vit_2023/vnnlib/pgd_2_3_16_2113.vnnlib,.006268427,error_exit_code_1,.612960590
vit_2023,/home/elipregerson/nnenum/vnncomp2025_benchmarks/benchmarks/vit_2023/onnx/pgd_2_3_16.onnx,/home/elipregerson/nnenum/vnncomp2025_benchmarks/benchmarks/vit_2023/vnnlib/pgd_2_3_16_2640.vnnlib,.006190197,error_exit_code_1,.625256114
vit_2023,/home/elipregerson/nnenum/vnncomp2025_benchmarks/benchmarks/vit_2023/onnx/pgd_2_3_16.onnx,/home/elipregerson/nnenum/vnncomp2025_benchmarks/benchmarks/vit_2023/vnnlib/pgd_2_3_16_570.vnnlib,.006305556,error_exit_code_1,.607382941
vit_2023,/home/elipregerson/nnenum/vnncomp2025_benchmarks/benchmarks/vit_2023/onnx/pgd_2_3_16.onnx,/home/elipregerson/nnenum/vnncomp2025_benchmarks/benchmarks/vit_2023/vnnlib/pgd_2_3_16_535.vnnlib,.006080478,error_exit_code_1,.605607383
vit_2023,/home/elipregerson/nnenum/vnncomp2025_benchmarks/benchmarks/vit_2023/onnx/pgd_2_3_16.onnx,/home/elipregerson/nnenum/vnncomp2025_benchmarks/benchmarks/vit_2023/vnnlib/pgd_2_3_16_1579.vnnlib,.006111566,error_exit_code_1,.606692202
vit_2023,/home/elipregerson/nnenum/vnncomp2025_benchmarks/benchmarks/vit_2023/onnx/pgd_2_3_16.onnx,/home/elipregerson/nnenum/vnncomp2025_benchmarks/benchmarks/vit_2023/vnnlib/pgd_2_3_16_9785.vnnlib,.006107663,error_exit_code_1,.623001632
vit_2023,/home/elipregerson/nnenum/vnncomp2025_benchmarks/benchmarks/vit_2023/onnx/pgd_2_3_16.onnx,/home/elipregerson/nnenum/vnncomp2025_benchmarks/benchmarks/vit_2023/vnnlib/pgd_2_3_16_6942.vnnlib,.006196171,error_exit_code_1,.603047461
vit_2023,/home/elipregerson/nnenum/vnncomp2025_benchmarks/benchmarks/vit_2023/onnx/pgd_2_3_16.onnx,/home/elipregerson/nnenum/vnncomp2025_benchmarks/benchmarks/vit_2023/vnnlib/pgd_2_3_16_7363.vnnlib,.006032912,error_exit_code_1,.611861915
vit_2023,/home/elipregerson/nnenum/vnncomp2025_benchmarks/benchmarks/vit_2023/onnx/pgd_2_3_16.onnx,/home/elipregerson/nnenum/vnncomp2025_benchmarks/benchmarks/vit_2023/vnnlib/pgd_2_3_16_9825.vnnlib,.005933363,error_exit_code_1,.608401305
vit_2023,/home/elipregerson/nnenum/vnncomp2025_benchmarks/benchmarks/vit_2023/onnx/pgd_2_3_16.onnx,/home/elipregerson/nnenum/vnncomp2025_benchmarks/benchmarks/vit_2023/vnnlib/pgd_2_3_16_425.vnnlib,.005959960,error_exit_code_1,.628146851
vit_2023,/home/elipregerson/nnenum/vnncomp2025_benchmarks/benchmarks/vit_2023/onnx/pgd_2_3_16.onnx,/home/elipregerson/nnenum/vnncomp2025_benchmarks/benchmarks/vit_2023/vnnlib/pgd_2_3_16_722.vnnlib,.006141303,error_exit_code_1,.610582952
vit_2023,/home/elipregerson/nnenum/vnncomp2025_benchmarks/benchmarks/vit_2023/onnx/pgd_2_3_16.onnx,/home/elipregerson/nnenum/vnncomp2025_benchmarks/benchmarks/vit_2023/vnnlib/pgd_2_3_16_646.vnnlib,.006098130,error_exit_code_1,.604405887
vit_2023,/home/elipregerson/nnenum/vnncomp2025_benchmarks/benchmarks/vit_2023/onnx/pgd_2_3_16.onnx,/home/elipregerson/nnenum/vnncomp2025_benchmarks/benchmarks/vit_2023/vnnlib/pgd_2_3_16_183.vnnlib,.006027482,error_exit_code_1,.621679079
vit_2023,/home/elipregerson/nnenum/vnncomp2025_benchmarks/benchmarks/vit_2023/onnx/pgd_2_3_16.onnx,/home/elipregerson/nnenum/vnncomp2025_benchmarks/benchmarks/vit_2023/vnnlib/pgd_2_3_16_4380.vnnlib,.006173161,error_exit_code_1,.608832420
vit_2023,/home/elipregerson/nnenum/vnncomp2025_benchmarks/benchmarks/vit_2023/onnx/pgd_2_3_16.onnx,/home/elipregerson/nnenum/vnncomp2025_benchmarks/benchmarks/vit_2023/vnnlib/pgd_2_3_16_374.vnnlib,.006014003,error_exit_code_1,.623943649
vit_2023,/home/elipregerson/nnenum/vnncomp2025_benchmarks/benchmarks/vit_2023/onnx/pgd_2_3_16.onnx,/home/elipregerson/nnenum/vnncomp2025_benchmarks/benchmarks/vit_2023/vnnlib/pgd_2_3_16_1566.vnnlib,.006298671,error_exit_code_1,.611005715
vit_2023,/home/elipregerson/nnenum/vnncomp2025_benchmarks/benchmarks/vit_2023/onnx/pgd_2_3_16.onnx,/home/elipregerson/nnenum/vnncomp2025_benchmarks/benchmarks/vit_2023/vnnlib/pgd_2_3_16_7869.vnnlib,.006168286,error_exit_code_1,.610094862
vit_2023,/home/elipregerson/nnenum/vnncomp2025_benchmarks/benchmarks/vit_2023/onnx/pgd_2_3_16.onnx,/home/elipregerson/nnenum/vnncomp2025_benchmarks/benchmarks/vit_2023/vnnlib/pgd_2_3_16_953.vnnlib,.006064759,error_exit_code_1,.606706295
vit_2023,/home/elipregerson/nnenum/vnncomp2025_benchmarks/benchmarks/vit_2023/onnx/pgd_2_3_16.onnx,/home/elipregerson/nnenum/vnncomp2025_benchmarks/benchmarks/vit_2023/vnnlib/pgd_2_3_16_6160.vnnlib,.006040980,error_exit_code_1,.608385073
vit_2023,/home/elipregerson/nnenum/vnncomp2025_benchmarks/benchmarks/vit_2023/onnx/pgd_2_3_16.onnx,/home/elipregerson/nnenum/vnncomp2025_benchmarks/benchmarks/vit_2023/vnnlib/pgd_2_3_16_2218.vnnlib,.006081681,error_exit_code_1,.623594202
vit_2023,/home/elipregerson/nnenum/vnncomp2025_benchmarks/benchmarks/vit_2023/onnx/pgd_2_3_16.onnx,/home/elipregerson/nnenum/vnncomp2025_benchmarks/benchmarks/vit_2023/vnnlib/pgd_2_3_16_4714.vnnlib,.006217140,error_exit_code_1,.608600401
vit_2023,/home/elipregerson/nnenum/vnncomp2025_benchmarks/benchmarks/vit_2023/onnx/pgd_2_3_16.onnx,/home/elipregerson/nnenum/vnncomp2025_benchmarks/benchmarks/vit_2023/vnnlib/pgd_2_3_16_5704.vnnlib,.006106957,error_exit_code_1,.619784079
vit_2023,/home/elipregerson/nnenum/vnncomp2025_benchmarks/benchmarks/vit_2023/onnx/pgd_2_3_16.onnx,/home/elipregerson/nnenum/vnncomp2025_benchmarks/benchmarks/vit_2023/vnnlib/pgd_2_3_16_5579.vnnlib,.006489384,error_exit_code_1,.606010801
vit_2023,/home/elipregerson/nnenum/vnncomp2025_benchmarks/benchmarks/vit_2023/onnx/pgd_2_3_16.onnx,/home/elipregerson/nnenum/vnncomp2025_benchmarks/benchmarks/vit_2023/vnnlib/pgd_2_3_16_6805.vnnlib,.006313056,error_exit_code_1,.624886518
vit_2023,/home/elipregerson/nnenum/vnncomp2025_benchmarks/benchmarks/vit_2023/onnx/pgd_2_3_16.onnx,/home/elipregerson/nnenum/vnncomp2025_benchmarks/benchmarks/vit_2023/vnnlib/pgd_2_3_16_8836.vnnlib,.006296222,error_exit_code_1,.616513864
vit_2023,/home/elipregerson/nnenum/vnncomp2025_benchmarks/benchmarks/vit_2023/onnx/pgd_2_3_16.onnx,/home/elipregerson/nnenum/vnncomp2025_benchmarks/benchmarks/vit_2023/vnnlib/pgd_2_3_16_5030.vnnlib,.006286865,error_exit_code_1,.605426449
vit_2023,/home/elipregerson/nnenum/vnncomp2025_benchmarks/benchmarks/vit_2023/onnx/pgd_2_3_16.onnx,/home/elipregerson/nnenum/vnncomp2025_benchmarks/benchmarks/vit_2023/vnnlib/pgd_2_3_16_8341.vnnlib,.006235279,error_exit_code_1,.604397723
vit_2023,/home/elipregerson/nnenum/vnncomp2025_benchmarks/benchmarks/vit_2023/onnx/pgd_2_3_16.onnx,/home/elipregerson/nnenum/vnncomp2025_benchmarks/benchmarks/vit_2023/vnnlib/pgd_2_3_16_9835.vnnlib,.006191969,error_exit_code_1,.613463285
vit_2023,/home/elipregerson/nnenum/vnncomp2025_benchmarks/benchmarks/vit_2023/onnx/pgd_2_3_16.onnx,/home/elipregerson/nnenum/vnncomp2025_benchmarks/benchmarks/vit_2023/vnnlib/pgd_2_3_16_8907.vnnlib,.006028828,error_exit_code_1,.615363728
vit_2023,/home/elipregerson/nnenum/vnncomp2025_benchmarks/benchmarks/vit_2023/onnx/pgd_2_3_16.onnx,/home/elipregerson/nnenum/vnncomp2025_benchmarks/benchmarks/vit_2023/vnnlib/pgd_2_3_16_6427.vnnlib,.006231921,error_exit_code_1,.611380277
vit_2023,/home/elipregerson/nnenum/vnncomp2025_benchmarks/benchmarks/vit_2023/onnx/pgd_2_3_16.onnx,/home/elipregerson/nnenum/vnncomp2025_benchmarks/benchmarks/vit_2023/vnnlib/pgd_2_3_16_5528.vnnlib,.006051299,error_exit_code_1,.611455809
vit_2023,/home/elipregerson/nnenum/vnncomp2025_benchmarks/benchmarks/vit_2023/onnx/pgd_2_3_16.onnx,/home/elipregerson/nnenum/vnncomp2025_benchmarks/benchmarks/vit_2023/vnnlib/pgd_2_3_16_6628.vnnlib,.006009273,error_exit_code_1,.603157828
vit_2023,/home/elipregerson/nnenum/vnncomp2025_benchmarks/benchmarks/vit_2023/onnx/pgd_2_3_16.onnx,/home/elipregerson/nnenum/vnncomp2025_benchmarks/benchmarks/vit_2023/vnnlib/pgd_2_3_16_7403.vnnlib,.006303053,error_exit_code_1,.620095730
vit_2023,/home/elipregerson/nnenum/vnncomp2025_benchmarks/benchmarks/vit_2023/onnx/pgd_2_3_16.onnx,/home/elipregerson/nnenum/vnncomp2025_benchmarks/benchmarks/vit_2023/vnnlib/pgd_2_3_16_2896.vnnlib,.006355363,error_exit_code_1,.605410771
vit_2023,/home/elipregerson/nnenum/vnncomp2025_benchmarks/benchmarks/vit_2023/onnx/pgd_2_3_16.onnx,/home/elipregerson/nnenum/vnncomp2025_benchmarks/benchmarks/vit_2023/vnnlib/pgd_2_3_16_6088.vnnlib,.006195845,error_exit_code_1,.604706339
vit_2023,/home/elipregerson/nnenum/vnncomp2025_benchmarks/benchmarks/vit_2023/onnx/pgd_2_3_16.onnx,/home/elipregerson/nnenum/vnncomp2025_benchmarks/benchmarks/vit_2023/vnnlib/pgd_2_3_16_7065.vnnlib,.006178840,error_exit_code_1,.607507301
vit_2023,/home/elipregerson/nnenum/vnncomp2025_benchmarks/benchmarks/vit_2023/onnx/pgd_2_3_16.onnx,/home/elipregerson/nnenum/vnncomp2025_benchmarks/benchmarks/vit_2023/vnnlib/pgd_2_3_16_2760.vnnlib,.006180526,error_exit_code_1,.604224975
vit_2023,/home/elipregerson/nnenum/vnncomp2025_benchmarks/benchmarks/vit_2023/onnx/pgd_2_3_16.onnx,/home/elipregerson/nnenum/vnncomp2025_benchmarks/benchmarks/vit_2023/vnnlib/pgd_2_3_16_9016.vnnlib,.006135280,error_exit_code_1,.620275538
vit_2023,/home/elipregerson/nnenum/vnncomp2025_benchmarks/benchmarks/vit_2023/onnx/pgd_2_3_16.onnx,/home/elipregerson/nnenum/vnncomp2025_benchmarks/benchmarks/vit_2023/vnnlib/pgd_2_3_16_3727.vnnlib,.006261830,error_exit_code_1,.605273888
vit_2023,/home/elipregerson/nnenum/vnncomp2025_benchmarks/benchmarks/vit_2023/onnx/pgd_2_3_16.onnx,/home/elipregerson/nnenum/vnncomp2025_benchmarks/benchmarks/vit_2023/vnnlib/pgd_2_3_16_9276.vnnlib,.006234434,error_exit_code_1,.619293091
vit_2023,/home/elipregerson/nnenum/vnncomp2025_benchmarks/benchmarks/vit_2023/onnx/pgd_2_3_16.onnx,/home/elipregerson/nnenum/vnncomp2025_benchmarks/benchmarks/vit_2023/vnnlib/pgd_2_3_16_4567.vnnlib,.006350140,error_exit_code_1,.612171681
vit_2023,/home/elipregerson/nnenum/vnncomp2025_benchmarks/benchmarks/vit_2023/onnx/pgd_2_3_16.onnx,/home/elipregerson/nnenum/vnncomp2025_benchmarks/benchmarks/vit_2023/vnnlib/pgd_2_3_16_7724.vnnlib,.006103191,error_exit_code_1,.629287049
vit_2023,/home/elipregerson/nnenum/vnncomp2025_benchmarks/benchmarks/vit_2023/onnx/pgd_2_3_16.onnx,/home/elipregerson/nnenum/vnncomp2025_benchmarks/benchmarks/vit_2023/vnnlib/pgd_2_3_16_1559.vnnlib,.006135743,error_exit_code_1,.608547570
vit_2023,/home/elipregerson/nnenum/vnncomp2025_benchmarks/benchmarks/vit_2023/onnx/pgd_2_3_16.onnx,/home/elipregerson/nnenum/vnncomp2025_benchmarks/benchmarks/vit_2023/vnnlib/pgd_2_3_16_4350.vnnlib,.006193054,error_exit_code_1,.614530272
vit_2023,/home/elipregerson/nnenum/vnncomp2025_benchmarks/benchmarks/vit_2023/onnx/pgd_2_3_16.onnx,/home/elipregerson/nnenum/vnncomp2025_benchmarks/benchmarks/vit_2023/vnnlib/pgd_2_3_16_4049.vnnlib,.006059840,error_exit_code_1,.607083947
vit_2023,/home/elipregerson/nnenum/vnncomp2025_benchmarks/benchmarks/vit_2023/onnx/pgd_2_3_16.onnx,/home/elipregerson/nnenum/vnncomp2025_benchmarks/benchmarks/vit_2023/vnnlib/pgd_2_3_16_1792.vnnlib,.006005969,error_exit_code_1,.614641819
vit_2023,/home/elipregerson/nnenum/vnncomp2025_benchmarks/benchmarks/vit_2023/onnx/pgd_2_3_16.onnx,/home/elipregerson/nnenum/vnncomp2025_benchmarks/benchmarks/vit_2023/vnnlib/pgd_2_3_16_6461.vnnlib,.006269509,error_exit_code_1,.618274951
vit_2023,/home/elipregerson/nnenum/vnncomp2025_benchmarks/benchmarks/vit_2023/onnx/pgd_2_3_16.onnx,/home/elipregerson/nnenum/vnncomp2025_benchmarks/benchmarks/vit_2023/vnnlib/pgd_2_3_16_5201.vnnlib,.006397317,error_exit_code_1,.604835673
vit_2023,/home/elipregerson/nnenum/vnncomp2025_benchmarks/benchmarks/vit_2023/onnx/pgd_2_3_16.onnx,/home/elipregerson/nnenum/vnncomp2025_benchmarks/benchmarks/vit_2023/vnnlib/pgd_2_3_16_2830.vnnlib,.006033919,error_exit_code_1,.608902733
vit_2023,/home/elipregerson/nnenum/vnncomp2025_benchmarks/benchmarks/vit_2023/onnx/pgd_2_3_16.onnx,/home/elipregerson/nnenum/vnncomp2025_benchmarks/benchmarks/vit_2023/vnnlib/pgd_2_3_16_7796.vnnlib,.006035832,error_exit_code_1,.607006003
vit_2023,/home/elipregerson/nnenum/vnncomp2025_benchmarks/benchmarks/vit_2023/onnx/pgd_2_3_16.onnx,/home/elipregerson/nnenum/vnncomp2025_benchmarks/benchmarks/vit_2023/vnnlib/pgd_2_3_16_9719.vnnlib,.006089546,error_exit_code_1,.603966978
vit_2023,/home/elipregerson/nnenum/vnncomp2025_benchmarks/benchmarks/vit_2023/onnx/pgd_2_3_16.onnx,/home/elipregerson/nnenum/vnncomp2025_benchmarks/benchmarks/vit_2023/vnnlib/pgd_2_3_16_160.vnnlib,.006244121,error_exit_code_1,.615174770
vit_2023,/home/elipregerson/nnenum/vnncomp2025_benchmarks/benchmarks/vit_2023/onnx/pgd_2_3_16.onnx,/home/elipregerson/nnenum/vnncomp2025_benchmarks/benchmarks/vit_2023/vnnlib/pgd_2_3_16_3543.vnnlib,.006142744,error_exit_code_1,.604400455
vit_2023,/home/elipregerson/nnenum/vnncomp2025_benchmarks/benchmarks/vit_2023/onnx/pgd_2_3_16.onnx,/home/elipregerson/nnenum/vnncomp2025_benchmarks/benchmarks/vit_2023/vnnlib/pgd_2_3_16_6539.vnnlib,.006113413,error_exit_code_1,.617186439
vit_2023,/home/elipregerson/nnenum/vnncomp2025_benchmarks/benchmarks/vit_2023/onnx/pgd_2_3_16.onnx,/home/elipregerson/nnenum/vnncomp2025_benchmarks/benchmarks/vit_2023/vnnlib/pgd_2_3_16_1197.vnnlib,.006336662,error_exit_code_1,.608038023
vit_2023,/home/elipregerson/nnenum/vnncomp2025_benchmarks/benchmarks/vit_2023/onnx/pgd_2_3_16.onnx,/home/elipregerson/nnenum/vnncomp2025_benchmarks/benchmarks/vit_2023/vnnlib/pgd_2_3_16_9347.vnnlib,.006157583,error_exit_code_1,.608254093
vit_2023,/home/elipregerson/nnenum/vnncomp2025_benchmarks/benchmarks/vit_2023/onnx/pgd_2_3_16.onnx,/home/elipregerson/nnenum/vnncomp2025_benchmarks/benchmarks/vit_2023/vnnlib/pgd_2_3_16_2351.vnnlib,.006033274,error_exit_code_1,.614336431
vit_2023,/home/elipregerson/nnenum/vnncomp2025_benchmarks/benchmarks/vit_2023/onnx/pgd_2_3_16.onnx,/home/elipregerson/nnenum/vnncomp2025_benchmarks/benchmarks/vit_2023/vnnlib/pgd_2_3_16_7579.vnnlib,.006101247,error_exit_code_1,.611173992
vit_2023,/home/elipregerson/nnenum/vnncomp2025_benchmarks/benchmarks/vit_2023/onnx/pgd_2_3_16.onnx,/home/elipregerson/nnenum/vnncomp2025_benchmarks/benchmarks/vit_2023/vnnlib/pgd_2_3_16_8751.vnnlib,.006296903,error_exit_code_1,.612068081
vit_2023,/home/elipregerson/nnenum/vnncomp2025_benchmarks/benchmarks/vit_2023/onnx/pgd_2_3_16.onnx,/home/elipregerson/nnenum/vnncomp2025_benchmarks/benchmarks/vit_2023/vnnlib/pgd_2_3_16_7576.vnnlib,.006227911,error_exit_code_1,.611424475
vit_2023,/home/elipregerson/nnenum/vnncomp2025_benchmarks/benchmarks/vit_2023/onnx/pgd_2_3_16.onnx,/home/elipregerson/nnenum/vnncomp2025_benchmarks/benchmarks/vit_2023/vnnlib/pgd_2_3_16_1087.vnnlib,.006068628,error_exit_code_1,.620821343
vit_2023,/home/elipregerson/nnenum/vnncomp2025_benchmarks/benchmarks/vit_2023/onnx/pgd_2_3_16.onnx,/home/elipregerson/nnenum/vnncomp2025_benchmarks/benchmarks/vit_2023/vnnlib/pgd_2_3_16_6102.vnnlib,.006310755,error_exit_code_1,.608483499
vit_2023,/home/elipregerson/nnenum/vnncomp2025_benchmarks/benchmarks/vit_2023/onnx/pgd_2_3_16.onnx,/home/elipregerson/nnenum/vnncomp2025_benchmarks/benchmarks/vit_2023/vnnlib/pgd_2_3_16_3155.vnnlib,.006146905,error_exit_code_1,.604306198
vit_2023,/home/elipregerson/nnenum/vnncomp2025_benchmarks/benchmarks/vit_2023/onnx/pgd_2_3_16.onnx,/home/elipregerson/nnenum/vnncomp2025_benchmarks/benchmarks/vit_2023/vnnlib/pgd_2_3_16_7209.vnnlib,.006117352,error_exit_code_1,.605646220
vit_2023,/home/elipregerson/nnenum/vnncomp2025_benchmarks/benchmarks/vit_2023/onnx/pgd_2_3_16.onnx,/home/elipregerson/nnenum/vnncomp2025_benchmarks/benchmarks/vit_2023/vnnlib/pgd_2_3_16_4817.vnnlib,.006089999,error_exit_code_1,.612165996
vit_2023,/home/elipregerson/nnenum/vnncomp2025_benchmarks/benchmarks/vit_2023/onnx/pgd_2_3_16.onnx,/home/elipregerson/nnenum/vnncomp2025_benchmarks/benchmarks/vit_2023/vnnlib/pgd_2_3_16_9466.vnnlib,.006074724,error_exit_code_1,.616015972
vit_2023,/home/elipregerson/nnenum/vnncomp2025_benchmarks/benchmarks/vit_2023/onnx/pgd_2_3_16.onnx,/home/elipregerson/nnenum/vnncomp2025_benchmarks/benchmarks/vit_2023/vnnlib/pgd_2_3_16_285.vnnlib,.006925645,error_exit_code_1,.605721938
vit_2023,/home/elipregerson/nnenum/vnncomp2025_benchmarks/benchmarks/vit_2023/onnx/pgd_2_3_16.onnx,/home/elipregerson/nnenum/vnncomp2025_benchmarks/benchmarks/vit_2023/vnnlib/pgd_2_3_16_1949.vnnlib,.006100248,error_exit_code_1,.603750738
vit_2023,/home/elipregerson/nnenum/vnncomp2025_benchmarks/benchmarks/vit_2023/onnx/pgd_2_3_16.onnx,/home/elipregerson/nnenum/vnncomp2025_benchmarks/benchmarks/vit_2023/vnnlib/pgd_2_3_16_3689.vnnlib,.006118674,error_exit_code_1,.611428517
vit_2023,/home/elipregerson/nnenum/vnncomp2025_benchmarks/benchmarks/vit_2023/onnx/pgd_2_3_16.onnx,/home/elipregerson/nnenum/vnncomp2025_benchmarks/benchmarks/vit_2023/vnnlib/pgd_2_3_16_3313.vnnlib,.006115214,error_exit_code_1,.626927076
vit_2023,/home/elipregerson/nnenum/vnncomp2025_benchmarks/benchmarks/vit_2023/onnx/pgd_2_3_16.onnx,/home/elipregerson/nnenum/vnncomp2025_benchmarks/benchmarks/vit_2023/vnnlib/pgd_2_3_16_8164.vnnlib,.006145084,error_exit_code_1,.609449327
vit_2023,/home/elipregerson/nnenum/vnncomp2025_benchmarks/benchmarks/vit_2023/onnx/ibp_3_3_8.onnx,/home/elipregerson/nnenum/vnncomp2025_benchmarks/benchmarks/vit_2023/vnnlib/ibp_3_3_8_3031.vnnlib,.006132482,error_exit_code_1,.608793838
vit_2023,/home/elipregerson/nnenum/vnncomp2025_benchmarks/benchmarks/vit_2023/onnx/ibp_3_3_8.onnx,/home/elipregerson/nnenum/vnncomp2025_benchmarks/benchmarks/vit_2023/vnnlib/ibp_3_3_8_746.vnnlib,.006091470,error_exit_code_1,.615016716
vit_2023,/home/elipregerson/nnenum/vnncomp2025_benchmarks/benchmarks/vit_2023/onnx/ibp_3_3_8.onnx,/home/elipregerson/nnenum/vnncomp2025_benchmarks/benchmarks/vit_2023/vnnlib/ibp_3_3_8_1151.vnnlib,.006095625,error_exit_code_1,.620877661
vit_2023,/home/elipregerson/nnenum/vnncomp2025_benchmarks/benchmarks/vit_2023/onnx/ibp_3_3_8.onnx,/home/elipregerson/nnenum/vnncomp2025_benchmarks/benchmarks/vit_2023/vnnlib/ibp_3_3_8_8369.vnnlib,.007577027,error_exit_code_1,.617797972
vit_2023,/home/elipregerson/nnenum/vnncomp2025_benchmarks/benchmarks/vit_2023/onnx/ibp_3_3_8.onnx,/home/elipregerson/nnenum/vnncomp2025_benchmarks/benchmarks/vit_2023/vnnlib/ibp_3_3_8_7011.vnnlib,.006130360,error_exit_code_1,.610268708
vit_2023,/home/elipregerson/nnenum/vnncomp2025_benchmarks/benchmarks/vit_2023/onnx/ibp_3_3_8.onnx,/home/elipregerson/nnenum/vnncomp2025_benchmarks/benchmarks/vit_2023/vnnlib/ibp_3_3_8_477.vnnlib,.006148906,error_exit_code_1,.610123722
vit_2023,/home/elipregerson/nnenum/vnncomp2025_benchmarks/benchmarks/vit_2023/onnx/ibp_3_3_8.onnx,/home/elipregerson/nnenum/vnncomp2025_benchmarks/benchmarks/vit_2023/vnnlib/ibp_3_3_8_4846.vnnlib,.006102120,error_exit_code_1,.619349318
vit_2023,/home/elipregerson/nnenum/vnncomp2025_benchmarks/benchmarks/vit_2023/onnx/ibp_3_3_8.onnx,/home/elipregerson/nnenum/vnncomp2025_benchmarks/benchmarks/vit_2023/vnnlib/ibp_3_3_8_6263.vnnlib,.006418608,error_exit_code_1,.630877163
vit_2023,/home/elipregerson/nnenum/vnncomp2025_benchmarks/benchmarks/vit_2023/onnx/ibp_3_3_8.onnx,/home/elipregerson/nnenum/vnncomp2025_benchmarks/benchmarks/vit_2023/vnnlib/ibp_3_3_8_2738.vnnlib,.006072696,error_exit_code_1,.621835769
vit_2023,/home/elipregerson/nnenum/vnncomp2025_benchmarks/benchmarks/vit_2023/onnx/ibp_3_3_8.onnx,/home/elipregerson/nnenum/vnncomp2025_benchmarks/benchmarks/vit_2023/vnnlib/ibp_3_3_8_3683.vnnlib,.006274281,error_exit_code_1,.609532747
vit_2023,/home/elipregerson/nnenum/vnncomp2025_benchmarks/benchmarks/vit_2023/onnx/ibp_3_3_8.onnx,/home/elipregerson/nnenum/vnncomp2025_benchmarks/benchmarks/vit_2023/vnnlib/ibp_3_3_8_8325.vnnlib,.006079249,error_exit_code_1,.611812032
vit_2023,/home/elipregerson/nnenum/vnncomp2025_benchmarks/benchmarks/vit_2023/onnx/ibp_3_3_8.onnx,/home/elipregerson/nnenum/vnncomp2025_benchmarks/benchmarks/vit_2023/vnnlib/ibp_3_3_8_8740.vnnlib,.005977543,error_exit_code_1,.609429051
vit_2023,/home/elipregerson/nnenum/vnncomp2025_benchmarks/benchmarks/vit_2023/onnx/ibp_3_3_8.onnx,/home/elipregerson/nnenum/vnncomp2025_benchmarks/benchmarks/vit_2023/vnnlib/ibp_3_3_8_3005.vnnlib,.006172109,error_exit_code_1,.617992825
vit_2023,/home/elipregerson/nnenum/vnncomp2025_benchmarks/benchmarks/vit_2023/onnx/ibp_3_3_8.onnx,/home/elipregerson/nnenum/vnncomp2025_benchmarks/benchmarks/vit_2023/vnnlib/ibp_3_3_8_5899.vnnlib,.006531821,error_exit_code_1,.610408384
vit_2023,/home/elipregerson/nnenum/vnncomp2025_benchmarks/benchmarks/vit_2023/onnx/ibp_3_3_8.onnx,/home/elipregerson/nnenum/vnncomp2025_benchmarks/benchmarks/vit_2023/vnnlib/ibp_3_3_8_8481.vnnlib,.005920072,error_exit_code_1,.613349225
vit_2023,/home/elipregerson/nnenum/vnncomp2025_benchmarks/benchmarks/vit_2023/onnx/ibp_3_3_8.onnx,/home/elipregerson/nnenum/vnncomp2025_benchmarks/benchmarks/vit_2023/vnnlib/ibp_3_3_8_4493.vnnlib,.005966926,error_exit_code_1,.619377267
vit_2023,/home/elipregerson/nnenum/vnncomp2025_benchmarks/benchmarks/vit_2023/onnx/ibp_3_3_8.onnx,/home/elipregerson/nnenum/vnncomp2025_benchmarks/benchmarks/vit_2023/vnnlib/ibp_3_3_8_5535.vnnlib,.006433594,error_exit_code_1,.629075496
vit_2023,/home/elipregerson/nnenum/vnncomp2025_benchmarks/benchmarks/vit_2023/onnx/ibp_3_3_8.onnx,/home/elipregerson/nnenum/vnncomp2025_benchmarks/benchmarks/vit_2023/vnnlib/ibp_3_3_8_9794.vnnlib,.006319705,error_exit_code_1,.618405902
vit_2023,/home/elipregerson/nnenum/vnncomp2025_benchmarks/benchmarks/vit_2023/onnx/ibp_3_3_8.onnx,/home/elipregerson/nnenum/vnncomp2025_benchmarks/benchmarks/vit_2023/vnnlib/ibp_3_3_8_5600.vnnlib,.006346434,error_exit_code_1,.614807076
vit_2023,/home/elipregerson/nnenum/vnncomp2025_benchmarks/benchmarks/vit_2023/onnx/ibp_3_3_8.onnx,/home/elipregerson/nnenum/vnncomp2025_benchmarks/benchmarks/vit_2023/vnnlib/ibp_3_3_8_3949.vnnlib,.006275978,error_exit_code_1,.624238756
vit_2023,/home/elipregerson/nnenum/vnncomp2025_benchmarks/benchmarks/vit_2023/onnx/ibp_3_3_8.onnx,/home/elipregerson/nnenum/vnncomp2025_benchmarks/benchmarks/vit_2023/vnnlib/ibp_3_3_8_1648.vnnlib,.006131195,error_exit_code_1,.619618427
vit_2023,/home/elipregerson/nnenum/vnncomp2025_benchmarks/benchmarks/vit_2023/onnx/ibp_3_3_8.onnx,/home/elipregerson/nnenum/vnncomp2025_benchmarks/benchmarks/vit_2023/vnnlib/ibp_3_3_8_2759.vnnlib,.006464953,error_exit_code_1,.615701362
vit_2023,/home/elipregerson/nnenum/vnncomp2025_benchmarks/benchmarks/vit_2023/onnx/ibp_3_3_8.onnx,/home/elipregerson/nnenum/vnncomp2025_benchmarks/benchmarks/vit_2023/vnnlib/ibp_3_3_8_1767.vnnlib,.006092114,error_exit_code_1,.615476999
vit_2023,/home/elipregerson/nnenum/vnncomp2025_benchmarks/benchmarks/vit_2023/onnx/ibp_3_3_8.onnx,/home/elipregerson/nnenum/vnncomp2025_benchmarks/benchmarks/vit_2023/vnnlib/ibp_3_3_8_260.vnnlib,.006333925,error_exit_code_1,.611498372
vit_2023,/home/elipregerson/nnenum/vnncomp2025_benchmarks/benchmarks/vit_2023/onnx/ibp_3_3_8.onnx,/home/elipregerson/nnenum/vnncomp2025_benchmarks/benchmarks/vit_2023/vnnlib/ibp_3_3_8_9708.vnnlib,.006062932,error_exit_code_1,.618299215
vit_2023,/home/elipregerson/nnenum/vnncomp2025_benchmarks/benchmarks/vit_2023/onnx/ibp_3_3_8.onnx,/home/elipregerson/nnenum/vnncomp2025_benchmarks/benchmarks/vit_2023/vnnlib/ibp_3_3_8_2303.vnnlib,.006515272,error_exit_code_1,.612660567
vit_2023,/home/elipregerson/nnenum/vnncomp2025_benchmarks/benchmarks/vit_2023/onnx/ibp_3_3_8.onnx,/home/elipregerson/nnenum/vnncomp2025_benchmarks/benchmarks/vit_2023/vnnlib/ibp_3_3_8_7671.vnnlib,.005981895,error_exit_code_1,.612339907
vit_2023,/home/elipregerson/nnenum/vnncomp2025_benchmarks/benchmarks/vit_2023/onnx/ibp_3_3_8.onnx,/home/elipregerson/nnenum/vnncomp2025_benchmarks/benchmarks/vit_2023/vnnlib/ibp_3_3_8_1796.vnnlib,.006262914,error_exit_code_1,.615963346
vit_2023,/home/elipregerson/nnenum/vnncomp2025_benchmarks/benchmarks/vit_2023/onnx/ibp_3_3_8.onnx,/home/elipregerson/nnenum/vnncomp2025_benchmarks/benchmarks/vit_2023/vnnlib/ibp_3_3_8_467.vnnlib,.006198905,error_exit_code_1,.613802059
vit_2023,/home/elipregerson/nnenum/vnncomp2025_benchmarks/benchmarks/vit_2023/onnx/ibp_3_3_8.onnx,/home/elipregerson/nnenum/vnncomp2025_benchmarks/benchmarks/vit_2023/vnnlib/ibp_3_3_8_2949.vnnlib,.006093905,error_exit_code_1,.618729217
vit_2023,/home/elipregerson/nnenum/vnncomp2025_benchmarks/benchmarks/vit_2023/onnx/ibp_3_3_8.onnx,/home/elipregerson/nnenum/vnncomp2025_benchmarks/benchmarks/vit_2023/vnnlib/ibp_3_3_8_6300.vnnlib,.006427699,error_exit_code_1,.615621658
vit_2023,/home/elipregerson/nnenum/vnncomp2025_benchmarks/benchmarks/vit_2023/onnx/ibp_3_3_8.onnx,/home/elipregerson/nnenum/vnncomp2025_benchmarks/benchmarks/vit_2023/vnnlib/ibp_3_3_8_9175.vnnlib,.006374097,error_exit_code_1,.614686558
vit_2023,/home/elipregerson/nnenum/vnncomp2025_benchmarks/benchmarks/vit_2023/onnx/ibp_3_3_8.onnx,/home/elipregerson/nnenum/vnncomp2025_benchmarks/benchmarks/vit_2023/vnnlib/ibp_3_3_8_6902.vnnlib,.006133368,error_exit_code_1,.620763566
vit_2023,/home/elipregerson/nnenum/vnncomp2025_benchmarks/benchmarks/vit_2023/onnx/ibp_3_3_8.onnx,/home/elipregerson/nnenum/vnncomp2025_benchmarks/benchmarks/vit_2023/vnnlib/ibp_3_3_8_7116.vnnlib,.006264371,error_exit_code_1,.634515859
vit_2023,/home/elipregerson/nnenum/vnncomp2025_benchmarks/benchmarks/vit_2023/onnx/ibp_3_3_8.onnx,/home/elipregerson/nnenum/vnncomp2025_benchmarks/benchmarks/vit_2023/vnnlib/ibp_3_3_8_9432.vnnlib,.006260486,error_exit_code_1,.613887119
vit_2023,/home/elipregerson/nnenum/vnncomp2025_benchmarks/benchmarks/vit_2023/onnx/ibp_3_3_8.onnx,/home/elipregerson/nnenum/vnncomp2025_benchmarks/benchmarks/vit_2023/vnnlib/ibp_3_3_8_7322.vnnlib,.006196611,error_exit_code_1,.618724348
vit_2023,/home/elipregerson/nnenum/vnncomp2025_benchmarks/benchmarks/vit_2023/onnx/ibp_3_3_8.onnx,/home/elipregerson/nnenum/vnncomp2025_benchmarks/benchmarks/vit_2023/vnnlib/ibp_3_3_8_1264.vnnlib,.006165045,error_exit_code_1,.611340195
vit_2023,/home/elipregerson/nnenum/vnncomp2025_benchmarks/benchmarks/vit_2023/onnx/ibp_3_3_8.onnx,/home/elipregerson/nnenum/vnncomp2025_benchmarks/benchmarks/vit_2023/vnnlib/ibp_3_3_8_8918.vnnlib,.006052953,error_exit_code_1,.608466674
vit_2023,/home/elipregerson/nnenum/vnncomp2025_benchmarks/benchmarks/vit_2023/onnx/ibp_3_3_8.onnx,/home/elipregerson/nnenum/vnncomp2025_benchmarks/benchmarks/vit_2023/vnnlib/ibp_3_3_8_6091.vnnlib,.007228163,error_exit_code_1,.619631021
vit_2023,/home/elipregerson/nnenum/vnncomp2025_benchmarks/benchmarks/vit_2023/onnx/ibp_3_3_8.onnx,/home/elipregerson/nnenum/vnncomp2025_benchmarks/benchmarks/vit_2023/vnnlib/ibp_3_3_8_4027.vnnlib,.006415122,error_exit_code_1,.614009881
vit_2023,/home/elipregerson/nnenum/vnncomp2025_benchmarks/benchmarks/vit_2023/onnx/ibp_3_3_8.onnx,/home/elipregerson/nnenum/vnncomp2025_benchmarks/benchmarks/vit_2023/vnnlib/ibp_3_3_8_1028.vnnlib,.006046477,error_exit_code_1,.613328318
vit_2023,/home/elipregerson/nnenum/vnncomp2025_benchmarks/benchmarks/vit_2023/onnx/ibp_3_3_8.onnx,/home/elipregerson/nnenum/vnncomp2025_benchmarks/benchmarks/vit_2023/vnnlib/ibp_3_3_8_7926.vnnlib,.005995199,error_exit_code_1,.621029693
vit_2023,/home/elipregerson/nnenum/vnncomp2025_benchmarks/benchmarks/vit_2023/onnx/ibp_3_3_8.onnx,/home/elipregerson/nnenum/vnncomp2025_benchmarks/benchmarks/vit_2023/vnnlib/ibp_3_3_8_2157.vnnlib,.006287522,error_exit_code_1,.637664871
vit_2023,/home/elipregerson/nnenum/vnncomp2025_benchmarks/benchmarks/vit_2023/onnx/ibp_3_3_8.onnx,/home/elipregerson/nnenum/vnncomp2025_benchmarks/benchmarks/vit_2023/vnnlib/ibp_3_3_8_9128.vnnlib,.006007267,error_exit_code_1,.607940316
vit_2023,/home/elipregerson/nnenum/vnncomp2025_benchmarks/benchmarks/vit_2023/onnx/ibp_3_3_8.onnx,/home/elipregerson/nnenum/vnncomp2025_benchmarks/benchmarks/vit_2023/vnnlib/ibp_3_3_8_9687.vnnlib,.006079270,error_exit_code_1,.626802232
vit_2023,/home/elipregerson/nnenum/vnncomp2025_benchmarks/benchmarks/vit_2023/onnx/ibp_3_3_8.onnx,/home/elipregerson/nnenum/vnncomp2025_benchmarks/benchmarks/vit_2023/vnnlib/ibp_3_3_8_4861.vnnlib,.006319226,error_exit_code_1,.612866244
vit_2023,/home/elipregerson/nnenum/vnncomp2025_benchmarks/benchmarks/vit_2023/onnx/ibp_3_3_8.onnx,/home/elipregerson/nnenum/vnncomp2025_benchmarks/benchmarks/vit_2023/vnnlib/ibp_3_3_8_9895.vnnlib,.005988489,error_exit_code_1,.628717724
vit_2023,/home/elipregerson/nnenum/vnncomp2025_benchmarks/benchmarks/vit_2023/onnx/ibp_3_3_8.onnx,/home/elipregerson/nnenum/vnncomp2025_benchmarks/benchmarks/vit_2023/vnnlib/ibp_3_3_8_8386.vnnlib,.006052734,error_exit_code_1,.612046318
vit_2023,/home/elipregerson/nnenum/vnncomp2025_benchmarks/benchmarks/vit_2023/onnx/ibp_3_3_8.onnx,/home/elipregerson/nnenum/vnncomp2025_benchmarks/benchmarks/vit_2023/vnnlib/ibp_3_3_8_440.vnnlib,.006219488,error_exit_code_1,.615357281
vit_2023,/home/elipregerson/nnenum/vnncomp2025_benchmarks/benchmarks/vit_2023/onnx/ibp_3_3_8.onnx,/home/elipregerson/nnenum/vnncomp2025_benchmarks/benchmarks/vit_2023/vnnlib/ibp_3_3_8_8783.vnnlib,.006268344,error_exit_code_1,.618885740
vit_2023,/home/elipregerson/nnenum/vnncomp2025_benchmarks/benchmarks/vit_2023/onnx/ibp_3_3_8.onnx,/home/elipregerson/nnenum/vnncomp2025_benchmarks/benchmarks/vit_2023/vnnlib/ibp_3_3_8_9965.vnnlib,.006371667,error_exit_code_1,.617978644
vit_2023,/home/elipregerson/nnenum/vnncomp2025_benchmarks/benchmarks/vit_2023/onnx/ibp_3_3_8.onnx,/home/elipregerson/nnenum/vnncomp2025_benchmarks/benchmarks/vit_2023/vnnlib/ibp_3_3_8_3895.vnnlib,.006561423,error_exit_code_1,.618742327
vit_2023,/home/elipregerson/nnenum/vnncomp2025_benchmarks/benchmarks/vit_2023/onnx/ibp_3_3_8.onnx,/home/elipregerson/nnenum/vnncomp2025_benchmarks/benchmarks/vit_2023/vnnlib/ibp_3_3_8_8146.vnnlib,.006326154,error_exit_code_1,.616849686
vit_2023,/home/elipregerson/nnenum/vnncomp2025_benchmarks/benchmarks/vit_2023/onnx/ibp_3_3_8.onnx,/home/elipregerson/nnenum/vnncomp2025_benchmarks/benchmarks/vit_2023/vnnlib/ibp_3_3_8_8137.vnnlib,.006396334,error_exit_code_1,.627664257
vit_2023,/home/elipregerson/nnenum/vnncomp2025_benchmarks/benchmarks/vit_2023/onnx/ibp_3_3_8.onnx,/home/elipregerson/nnenum/vnncomp2025_benchmarks/benchmarks/vit_2023/vnnlib/ibp_3_3_8_5532.vnnlib,.006175960,error_exit_code_1,.617206908
vit_2023,/home/elipregerson/nnenum/vnncomp2025_benchmarks/benchmarks/vit_2023/onnx/ibp_3_3_8.onnx,/home/elipregerson/nnenum/vnncomp2025_benchmarks/benchmarks/vit_2023/vnnlib/ibp_3_3_8_9430.vnnlib,.006422439,error_exit_code_1,.627432522
vit_2023,/home/elipregerson/nnenum/vnncomp2025_benchmarks/benchmarks/vit_2023/onnx/ibp_3_3_8.onnx,/home/elipregerson/nnenum/vnncomp2025_benchmarks/benchmarks/vit_2023/vnnlib/ibp_3_3_8_2383.vnnlib,.006881234,error_exit_code_1,.616057216
vit_2023,/home/elipregerson/nnenum/vnncomp2025_benchmarks/benchmarks/vit_2023/onnx/ibp_3_3_8.onnx,/home/elipregerson/nnenum/vnncomp2025_benchmarks/benchmarks/vit_2023/vnnlib/ibp_3_3_8_6438.vnnlib,.006185712,error_exit_code_1,.610946423
vit_2023,/home/elipregerson/nnenum/vnncomp2025_benchmarks/benchmarks/vit_2023/onnx/ibp_3_3_8.onnx,/home/elipregerson/nnenum/vnncomp2025_benchmarks/benchmarks/vit_2023/vnnlib/ibp_3_3_8_4703.vnnlib,.006093163,error_exit_code_1,.622495481
vit_2023,/home/elipregerson/nnenum/vnncomp2025_benchmarks/benchmarks/vit_2023/onnx/ibp_3_3_8.onnx,/home/elipregerson/nnenum/vnncomp2025_benchmarks/benchmarks/vit_2023/vnnlib/ibp_3_3_8_5402.vnnlib,.006266202,error_exit_code_1,.617177274
vit_2023,/home/elipregerson/nnenum/vnncomp2025_benchmarks/benchmarks/vit_2023/onnx/ibp_3_3_8.onnx,/home/elipregerson/nnenum/vnncomp2025_benchmarks/benchmarks/vit_2023/vnnlib/ibp_3_3_8_7364.vnnlib,.006702427,error_exit_code_1,.622080728
vit_2023,/home/elipregerson/nnenum/vnncomp2025_benchmarks/benchmarks/vit_2023/onnx/ibp_3_3_8.onnx,/home/elipregerson/nnenum/vnncomp2025_benchmarks/benchmarks/vit_2023/vnnlib/ibp_3_3_8_7227.vnnlib,.006347836,error_exit_code_1,.617742733
vit_2023,/home/elipregerson/nnenum/vnncomp2025_benchmarks/benchmarks/vit_2023/onnx/ibp_3_3_8.onnx,/home/elipregerson/nnenum/vnncomp2025_benchmarks/benchmarks/vit_2023/vnnlib/ibp_3_3_8_4603.vnnlib,.006281057,error_exit_code_1,.613781952
vit_2023,/home/elipregerson/nnenum/vnncomp2025_benchmarks/benchmarks/vit_2023/onnx/ibp_3_3_8.onnx,/home/elipregerson/nnenum/vnncomp2025_benchmarks/benchmarks/vit_2023/vnnlib/ibp_3_3_8_8792.vnnlib,.006306784,error_exit_code_1,.615515243
vit_2023,/home/elipregerson/nnenum/vnncomp2025_benchmarks/benchmarks/vit_2023/onnx/ibp_3_3_8.onnx,/home/elipregerson/nnenum/vnncomp2025_benchmarks/benchmarks/vit_2023/vnnlib/ibp_3_3_8_6025.vnnlib,.006197092,error_exit_code_1,.620266496
vit_2023,/home/elipregerson/nnenum/vnncomp2025_benchmarks/benchmarks/vit_2023/onnx/ibp_3_3_8.onnx,/home/elipregerson/nnenum/vnncomp2025_benchmarks/benchmarks/vit_2023/vnnlib/ibp_3_3_8_236.vnnlib,.006359776,error_exit_code_1,.606481295
vit_2023,/home/elipregerson/nnenum/vnncomp2025_benchmarks/benchmarks/vit_2023/onnx/ibp_3_3_8.onnx,/home/elipregerson/nnenum/vnncomp2025_benchmarks/benchmarks/vit_2023/vnnlib/ibp_3_3_8_7157.vnnlib,.006166178,error_exit_code_1,.616495795
vit_2023,/home/elipregerson/nnenum/vnncomp2025_benchmarks/benchmarks/vit_2023/onnx/ibp_3_3_8.onnx,/home/elipregerson/nnenum/vnncomp2025_benchmarks/benchmarks/vit_2023/vnnlib/ibp_3_3_8_6401.vnnlib,.006213203,error_exit_code_1,.610359703
vit_2023,/home/elipregerson/nnenum/vnncomp2025_benchmarks/benchmarks/vit_2023/onnx/ibp_3_3_8.onnx,/home/elipregerson/nnenum/vnncomp2025_benchmarks/benchmarks/vit_2023/vnnlib/ibp_3_3_8_3850.vnnlib,.006203241,error_exit_code_1,.615934297
vit_2023,/home/elipregerson/nnenum/vnncomp2025_benchmarks/benchmarks/vit_2023/onnx/ibp_3_3_8.onnx,/home/elipregerson/nnenum/vnncomp2025_benchmarks/benchmarks/vit_2023/vnnlib/ibp_3_3_8_4297.vnnlib,.006306833,error_exit_code_1,.619538298
vit_2023,/home/elipregerson/nnenum/vnncomp2025_benchmarks/benchmarks/vit_2023/onnx/ibp_3_3_8.onnx,/home/elipregerson/nnenum/vnncomp2025_benchmarks/benchmarks/vit_2023/vnnlib/ibp_3_3_8_3158.vnnlib,.006302665,error_exit_code_1,.618886716
vit_2023,/home/elipregerson/nnenum/vnncomp2025_benchmarks/benchmarks/vit_2023/onnx/ibp_3_3_8.onnx,/home/elipregerson/nnenum/vnncomp2025_benchmarks/benchmarks/vit_2023/vnnlib/ibp_3_3_8_2671.vnnlib,.006650022,error_exit_code_1,.616955248
vit_2023,/home/elipregerson/nnenum/vnncomp2025_benchmarks/benchmarks/vit_2023/onnx/ibp_3_3_8.onnx,/home/elipregerson/nnenum/vnncomp2025_benchmarks/benchmarks/vit_2023/vnnlib/ibp_3_3_8_3193.vnnlib,.006402234,error_exit_code_1,.617413301
vit_2023,/home/elipregerson/nnenum/vnncomp2025_benchmarks/benchmarks/vit_2023/onnx/ibp_3_3_8.onnx,/home/elipregerson/nnenum/vnncomp2025_benchmarks/benchmarks/vit_2023/vnnlib/ibp_3_3_8_2339.vnnlib,.006265662,error_exit_code_1,.623729885
vit_2023,/home/elipregerson/nnenum/vnncomp2025_benchmarks/benchmarks/vit_2023/onnx/ibp_3_3_8.onnx,/home/elipregerson/nnenum/vnncomp2025_benchmarks/benchmarks/vit_2023/vnnlib/ibp_3_3_8_1656.vnnlib,.006104693,error_exit_code_1,.612901757
vit_2023,/home/elipregerson/nnenum/vnncomp2025_benchmarks/benchmarks/vit_2023/onnx/ibp_3_3_8.onnx,/home/elipregerson/nnenum/vnncomp2025_benchmarks/benchmarks/vit_2023/vnnlib/ibp_3_3_8_4199.vnnlib,.006184671,error_exit_code_1,.612144418
vit_2023,/home/elipregerson/nnenum/vnncomp2025_benchmarks/benchmarks/vit_2023/onnx/ibp_3_3_8.onnx,/home/elipregerson/nnenum/vnncomp2025_benchmarks/benchmarks/vit_2023/vnnlib/ibp_3_3_8_7682.vnnlib,.006098721,error_exit_code_1,.609933007
vit_2023,/home/elipregerson/nnenum/vnncomp2025_benchmarks/benchmarks/vit_2023/onnx/ibp_3_3_8.onnx,/home/elipregerson/nnenum/vnncomp2025_benchmarks/benchmarks/vit_2023/vnnlib/ibp_3_3_8_2429.vnnlib,.006111851,error_exit_code_1,.633578301
vit_2023,/home/elipregerson/nnenum/vnncomp2025_benchmarks/benchmarks/vit_2023/onnx/ibp_3_3_8.onnx,/home/elipregerson/nnenum/vnncomp2025_benchmarks/benchmarks/vit_2023/vnnlib/ibp_3_3_8_7305.vnnlib,.006076389,error_exit_code_1,.632274378
vit_2023,/home/elipregerson/nnenum/vnncomp2025_benchmarks/benchmarks/vit_2023/onnx/ibp_3_3_8.onnx,/home/elipregerson/nnenum/vnncomp2025_benchmarks/benchmarks/vit_2023/vnnlib/ibp_3_3_8_6769.vnnlib,.006089316,error_exit_code_1,.618326481
vit_2023,/home/elipregerson/nnenum/vnncomp2025_benchmarks/benchmarks/vit_2023/onnx/ibp_3_3_8.onnx,/home/elipregerson/nnenum/vnncomp2025_benchmarks/benchmarks/vit_2023/vnnlib/ibp_3_3_8_253.vnnlib,.006290955,error_exit_code_1,.617867115
vit_2023,/home/elipregerson/nnenum/vnncomp2025_benchmarks/benchmarks/vit_2023/onnx/ibp_3_3_8.onnx,/home/elipregerson/nnenum/vnncomp2025_benchmarks/benchmarks/vit_2023/vnnlib/ibp_3_3_8_7132.vnnlib,.006347744,error_exit_code_1,.614054311
vit_2023,/home/elipregerson/nnenum/vnncomp2025_benchmarks/benchmarks/vit_2023/onnx/ibp_3_3_8.onnx,/home/elipregerson/nnenum/vnncomp2025_benchmarks/benchmarks/vit_2023/vnnlib/ibp_3_3_8_4879.vnnlib,.007150695,error_exit_code_1,.620361478
vit_2023,/home/elipregerson/nnenum/vnncomp2025_benchmarks/benchmarks/vit_2023/onnx/ibp_3_3_8.onnx,/home/elipregerson/nnenum/vnncomp2025_benchmarks/benchmarks/vit_2023/vnnlib/ibp_3_3_8_5753.vnnlib,.008003778,error_exit_code_1,.619471106
vit_2023,/home/elipregerson/nnenum/vnncomp2025_benchmarks/benchmarks/vit_2023/onnx/ibp_3_3_8.onnx,/home/elipregerson/nnenum/vnncomp2025_benchmarks/benchmarks/vit_2023/vnnlib/ibp_3_3_8_9481.vnnlib,.006411856,error_exit_code_1,.612939129
vit_2023,/home/elipregerson/nnenum/vnncomp2025_benchmarks/benchmarks/vit_2023/onnx/ibp_3_3_8.onnx,/home/elipregerson/nnenum/vnncomp2025_benchmarks/benchmarks/vit_2023/vnnlib/ibp_3_3_8_996.vnnlib,.005962984,error_exit_code_1,.613605499
vit_2023,/home/elipregerson/nnenum/vnncomp2025_benchmarks/benchmarks/vit_2023/onnx/ibp_3_3_8.onnx,/home/elipregerson/nnenum/vnncomp2025_benchmarks/benchmarks/vit_2023/vnnlib/ibp_3_3_8_9059.vnnlib,.006074445,error_exit_code_1,.621394400
vit_2023,/home/elipregerson/nnenum/vnncomp2025_benchmarks/benchmarks/vit_2023/onnx/ibp_3_3_8.onnx,/home/elipregerson/nnenum/vnncomp2025_benchmarks/benchmarks/vit_2023/vnnlib/ibp_3_3_8_3131.vnnlib,.006090249,error_exit_code_1,.620247067
vit_2023,/home/elipregerson/nnenum/vnncomp2025_benchmarks/benchmarks/vit_2023/onnx/ibp_3_3_8.onnx,/home/elipregerson/nnenum/vnncomp2025_benchmarks/benchmarks/vit_2023/vnnlib/ibp_3_3_8_7624.vnnlib,.006339490,error_exit_code_1,.608804243
vit_2023,/home/elipregerson/nnenum/vnncomp2025_benchmarks/benchmarks/vit_2023/onnx/ibp_3_3_8.onnx,/home/elipregerson/nnenum/vnncomp2025_benchmarks/benchmarks/vit_2023/vnnlib/ibp_3_3_8_6948.vnnlib,.006108478,error_exit_code_1,.613332262
vit_2023,/home/elipregerson/nnenum/vnncomp2025_benchmarks/benchmarks/vit_2023/onnx/ibp_3_3_8.onnx,/home/elipregerson/nnenum/vnncomp2025_benchmarks/benchmarks/vit_2023/vnnlib/ibp_3_3_8_7689.vnnlib,.006096538,error_exit_code_1,.613636612
vit_2023,/home/elipregerson/nnenum/vnncomp2025_benchmarks/benchmarks/vit_2023/onnx/ibp_3_3_8.onnx,/home/elipregerson/nnenum/vnncomp2025_benchmarks/benchmarks/vit_2023/vnnlib/ibp_3_3_8_8694.vnnlib,.006154541,error_exit_code_1,.640469159
vit_2023,/home/elipregerson/nnenum/vnncomp2025_benchmarks/benchmarks/vit_2023/onnx/ibp_3_3_8.onnx,/home/elipregerson/nnenum/vnncomp2025_benchmarks/benchmarks/vit_2023/vnnlib/ibp_3_3_8_2851.vnnlib,.006133150,error_exit_code_1,.615582185
vit_2023,/home/elipregerson/nnenum/vnncomp2025_benchmarks/benchmarks/vit_2023/onnx/ibp_3_3_8.onnx,/home/elipregerson/nnenum/vnncomp2025_benchmarks/benchmarks/vit_2023/vnnlib/ibp_3_3_8_8354.vnnlib,.006239904,error_exit_code_1,.614812005
vit_2023,/home/elipregerson/nnenum/vnncomp2025_benchmarks/benchmarks/vit_2023/onnx/ibp_3_3_8.onnx,/home/elipregerson/nnenum/vnncomp2025_benchmarks/benchmarks/vit_2023/vnnlib/ibp_3_3_8_8900.vnnlib,.006004690,error_exit_code_1,.623057928
vit_2023,/home/elipregerson/nnenum/vnncomp2025_benchmarks/benchmarks/vit_2023/onnx/ibp_3_3_8.onnx,/home/elipregerson/nnenum/vnncomp2025_benchmarks/benchmarks/vit_2023/vnnlib/ibp_3_3_8_3810.vnnlib,.006018576,error_exit_code_1,.605741868
vit_2023,/home/elipregerson/nnenum/vnncomp2025_benchmarks/benchmarks/vit_2023/onnx/ibp_3_3_8.onnx,/home/elipregerson/nnenum/vnncomp2025_benchmarks/benchmarks/vit_2023/vnnlib/ibp_3_3_8_460.vnnlib,.006230203,error_exit_code_1,.637756559
vit_2023,/home/elipregerson/nnenum/vnncomp2025_benchmarks/benchmarks/vit_2023/onnx/ibp_3_3_8.onnx,/home/elipregerson/nnenum/vnncomp2025_benchmarks/benchmarks/vit_2023/vnnlib/ibp_3_3_8_6239.vnnlib,.006074738,error_exit_code_1,.613227197
vit_2023,/home/elipregerson/nnenum/vnncomp2025_benchmarks/benchmarks/vit_2023/onnx/ibp_3_3_8.onnx,/home/elipregerson/nnenum/vnncomp2025_benchmarks/benchmarks/vit_2023/vnnlib/ibp_3_3_8_4831.vnnlib,.005907936,error_exit_code_1,.615654760
vit_2023,/home/elipregerson/nnenum/vnncomp2025_benchmarks/benchmarks/vit_2023/onnx/ibp_3_3_8.onnx,/home/elipregerson/nnenum/vnncomp2025_benchmarks/benchmarks/vit_2023/vnnlib/ibp_3_3_8_8370.vnnlib,.006168479,error_exit_code_1,.619707283
vit_2023,/home/elipregerson/nnenum/vnncomp2025_benchmarks/benchmarks/test/onnx/test_nano.onnx,/home/elipregerson/nnenum/vnncomp2025_benchmarks/benchmarks/test/vnnlib/test_nano.vnnlib,.006439440,unsat,.560705828
yolo_2023,/home/elipregerson/nnenum/vnncomp2025_benchmarks/benchmarks/yolo_2023/onnx/TinyYOLO.onnx,/home/elipregerson/nnenum/vnncomp2025_benchmarks/benchmarks/yolo_2023/vnnlib/TinyYOLO_prop_000005_eps_1_255.vnnlib,.006243653,error_exit_code_1,.617995017
yolo_2023,/home/elipregerson/nnenum/vnncomp2025_benchmarks/benchmarks/yolo_2023/onnx/TinyYOLO.onnx,/home/elipregerson/nnenum/vnncomp2025_benchmarks/benchmarks/yolo_2023/vnnlib/TinyYOLO_prop_000459_eps_1_255.vnnlib,.006400294,error_exit_code_1,.600108288
yolo_2023,/home/elipregerson/nnenum/vnncomp2025_benchmarks/benchmarks/yolo_2023/onnx/TinyYOLO.onnx,/home/elipregerson/nnenum/vnncomp2025_benchmarks/benchmarks/yolo_2023/vnnlib/TinyYOLO_prop_000290_eps_1_255.vnnlib,.006077453,error_exit_code_1,.604024063
yolo_2023,/home/elipregerson/nnenum/vnncomp2025_benchmarks/benchmarks/yolo_2023/onnx/TinyYOLO.onnx,/home/elipregerson/nnenum/vnncomp2025_benchmarks/benchmarks/yolo_2023/vnnlib/TinyYOLO_prop_000257_eps_1_255.vnnlib,.006095459,error_exit_code_1,.601089353
yolo_2023,/home/elipregerson/nnenum/vnncomp2025_benchmarks/benchmarks/yolo_2023/onnx/TinyYOLO.onnx,/home/elipregerson/nnenum/vnncomp2025_benchmarks/benchmarks/yolo_2023/vnnlib/TinyYOLO_prop_000367_eps_1_255.vnnlib,.006033639,error_exit_code_1,.625465876
yolo_2023,/home/elipregerson/nnenum/vnncomp2025_benchmarks/benchmarks/yolo_2023/onnx/TinyYOLO.onnx,/home/elipregerson/nnenum/vnncomp2025_benchmarks/benchmarks/yolo_2023/vnnlib/TinyYOLO_prop_000039_eps_1_255.vnnlib,.006044399,error_exit_code_1,.603396415
yolo_2023,/home/elipregerson/nnenum/vnncomp2025_benchmarks/benchmarks/yolo_2023/onnx/TinyYOLO.onnx,/home/elipregerson/nnenum/vnncomp2025_benchmarks/benchmarks/yolo_2023/vnnlib/TinyYOLO_prop_000082_eps_1_255.vnnlib,.006167981,error_exit_code_1,.610063434
yolo_2023,/home/elipregerson/nnenum/vnncomp2025_benchmarks/benchmarks/yolo_2023/onnx/TinyYOLO.onnx,/home/elipregerson/nnenum/vnncomp2025_benchmarks/benchmarks/yolo_2023/vnnlib/TinyYOLO_prop_000296_eps_1_255.vnnlib,.006101071,error_exit_code_1,.601636598
yolo_2023,/home/elipregerson/nnenum/vnncomp2025_benchmarks/benchmarks/yolo_2023/onnx/TinyYOLO.onnx,/home/elipregerson/nnenum/vnncomp2025_benchmarks/benchmarks/yolo_2023/vnnlib/TinyYOLO_prop_000034_eps_1_255.vnnlib,.006192144,error_exit_code_1,.612555696
yolo_2023,/home/elipregerson/nnenum/vnncomp2025_benchmarks/benchmarks/yolo_2023/onnx/TinyYOLO.onnx,/home/elipregerson/nnenum/vnncomp2025_benchmarks/benchmarks/yolo_2023/vnnlib/TinyYOLO_prop_000448_eps_1_255.vnnlib,.006066393,error_exit_code_1,.600196383
yolo_2023,/home/elipregerson/nnenum/vnncomp2025_benchmarks/benchmarks/yolo_2023/onnx/TinyYOLO.onnx,/home/elipregerson/nnenum/vnncomp2025_benchmarks/benchmarks/yolo_2023/vnnlib/TinyYOLO_prop_000221_eps_1_255.vnnlib,.006094556,error_exit_code_1,.603495841
yolo_2023,/home/elipregerson/nnenum/vnncomp2025_benchmarks/benchmarks/yolo_2023/onnx/TinyYOLO.onnx,/home/elipregerson/nnenum/vnncomp2025_benchmarks/benchmarks/yolo_2023/vnnlib/TinyYOLO_prop_000040_eps_1_255.vnnlib,.006163845,error_exit_code_1,.599991159
yolo_2023,/home/elipregerson/nnenum/vnncomp2025_benchmarks/benchmarks/yolo_2023/onnx/TinyYOLO.onnx,/home/elipregerson/nnenum/vnncomp2025_benchmarks/benchmarks/yolo_2023/vnnlib/TinyYOLO_prop_000118_eps_1_255.vnnlib,.006052690,error_exit_code_1,.603905163
yolo_2023,/home/elipregerson/nnenum/vnncomp2025_benchmarks/benchmarks/yolo_2023/onnx/TinyYOLO.onnx,/home/elipregerson/nnenum/vnncomp2025_benchmarks/benchmarks/yolo_2023/vnnlib/TinyYOLO_prop_000359_eps_1_255.vnnlib,.006112878,error_exit_code_1,.609186236
yolo_2023,/home/elipregerson/nnenum/vnncomp2025_benchmarks/benchmarks/yolo_2023/onnx/TinyYOLO.onnx,/home/elipregerson/nnenum/vnncomp2025_benchmarks/benchmarks/yolo_2023/vnnlib/TinyYOLO_prop_000006_eps_1_255.vnnlib,.006005323,error_exit_code_1,.605051785
yolo_2023,/home/elipregerson/nnenum/vnncomp2025_benchmarks/benchmarks/yolo_2023/onnx/TinyYOLO.onnx,/home/elipregerson/nnenum/vnncomp2025_benchmarks/benchmarks/yolo_2023/vnnlib/TinyYOLO_prop_000004_eps_1_255.vnnlib,.006121565,error_exit_code_1,.607437512
yolo_2023,/home/elipregerson/nnenum/vnncomp2025_benchmarks/benchmarks/yolo_2023/onnx/TinyYOLO.onnx,/home/elipregerson/nnenum/vnncomp2025_benchmarks/benchmarks/yolo_2023/vnnlib/TinyYOLO_prop_000316_eps_1_255.vnnlib,.008027108,error_exit_code_1,.607139455
yolo_2023,/home/elipregerson/nnenum/vnncomp2025_benchmarks/benchmarks/yolo_2023/onnx/TinyYOLO.onnx,/home/elipregerson/nnenum/vnncomp2025_benchmarks/benchmarks/yolo_2023/vnnlib/TinyYOLO_prop_000080_eps_1_255.vnnlib,.006073801,error_exit_code_1,.607014725
yolo_2023,/home/elipregerson/nnenum/vnncomp2025_benchmarks/benchmarks/yolo_2023/onnx/TinyYOLO.onnx,/home/elipregerson/nnenum/vnncomp2025_benchmarks/benchmarks/yolo_2023/vnnlib/TinyYOLO_prop_000161_eps_1_255.vnnlib,.006009704,error_exit_code_1,.614511361
yolo_2023,/home/elipregerson/nnenum/vnncomp2025_benchmarks/benchmarks/yolo_2023/onnx/TinyYOLO.onnx,/home/elipregerson/nnenum/vnncomp2025_benchmarks/benchmarks/yolo_2023/vnnlib/TinyYOLO_prop_000081_eps_1_255.vnnlib,.006078100,error_exit_code_1,.601450550
yolo_2023,/home/elipregerson/nnenum/vnncomp2025_benchmarks/benchmarks/yolo_2023/onnx/TinyYOLO.onnx,/home/elipregerson/nnenum/vnncomp2025_benchmarks/benchmarks/yolo_2023/vnnlib/TinyYOLO_prop_000425_eps_1_255.vnnlib,.006107577,error_exit_code_1,.604516377
yolo_2023,/home/elipregerson/nnenum/vnncomp2025_benchmarks/benchmarks/yolo_2023/onnx/TinyYOLO.onnx,/home/elipregerson/nnenum/vnncomp2025_benchmarks/benchmarks/yolo_2023/vnnlib/TinyYOLO_prop_000324_eps_1_255.vnnlib,.005956646,error_exit_code_1,.595673759
yolo_2023,/home/elipregerson/nnenum/vnncomp2025_benchmarks/benchmarks/yolo_2023/onnx/TinyYOLO.onnx,/home/elipregerson/nnenum/vnncomp2025_benchmarks/benchmarks/yolo_2023/vnnlib/TinyYOLO_prop_000439_eps_1_255.vnnlib,.006083617,error_exit_code_1,.615865249
yolo_2023,/home/elipregerson/nnenum/vnncomp2025_benchmarks/benchmarks/yolo_2023/onnx/TinyYOLO.onnx,/home/elipregerson/nnenum/vnncomp2025_benchmarks/benchmarks/yolo_2023/vnnlib/TinyYOLO_prop_000306_eps_1_255.vnnlib,.006248966,error_exit_code_1,.607002041
yolo_2023,/home/elipregerson/nnenum/vnncomp2025_benchmarks/benchmarks/yolo_2023/onnx/TinyYOLO.onnx,/home/elipregerson/nnenum/vnncomp2025_benchmarks/benchmarks/yolo_2023/vnnlib/TinyYOLO_prop_000302_eps_1_255.vnnlib,.006280705,error_exit_code_1,.606506432
yolo_2023,/home/elipregerson/nnenum/vnncomp2025_benchmarks/benchmarks/yolo_2023/onnx/TinyYOLO.onnx,/home/elipregerson/nnenum/vnncomp2025_benchmarks/benchmarks/yolo_2023/vnnlib/TinyYOLO_prop_000220_eps_1_255.vnnlib,.006055585,error_exit_code_1,.607662291
yolo_2023,/home/elipregerson/nnenum/vnncomp2025_benchmarks/benchmarks/yolo_2023/onnx/TinyYOLO.onnx,/home/elipregerson/nnenum/vnncomp2025_benchmarks/benchmarks/yolo_2023/vnnlib/TinyYOLO_prop_000101_eps_1_255.vnnlib,.006048621,error_exit_code_1,.602349790
yolo_2023,/home/elipregerson/nnenum/vnncomp2025_benchmarks/benchmarks/yolo_2023/onnx/TinyYOLO.onnx,/home/elipregerson/nnenum/vnncomp2025_benchmarks/benchmarks/yolo_2023/vnnlib/TinyYOLO_prop_000420_eps_1_255.vnnlib,.006159782,error_exit_code_1,.616912890
yolo_2023,/home/elipregerson/nnenum/vnncomp2025_benchmarks/benchmarks/yolo_2023/onnx/TinyYOLO.onnx,/home/elipregerson/nnenum/vnncomp2025_benchmarks/benchmarks/yolo_2023/vnnlib/TinyYOLO_prop_000036_eps_1_255.vnnlib,.006240377,error_exit_code_1,.601099968
yolo_2023,/home/elipregerson/nnenum/vnncomp2025_benchmarks/benchmarks/yolo_2023/onnx/TinyYOLO.onnx,/home/elipregerson/nnenum/vnncomp2025_benchmarks/benchmarks/yolo_2023/vnnlib/TinyYOLO_prop_000447_eps_1_255.vnnlib,.006031306,error_exit_code_1,.603969256
yolo_2023,/home/elipregerson/nnenum/vnncomp2025_benchmarks/benchmarks/yolo_2023/onnx/TinyYOLO.onnx,/home/elipregerson/nnenum/vnncomp2025_benchmarks/benchmarks/yolo_2023/vnnlib/TinyYOLO_prop_000103_eps_1_255.vnnlib,.006165306,error_exit_code_1,.607609752
yolo_2023,/home/elipregerson/nnenum/vnncomp2025_benchmarks/benchmarks/yolo_2023/onnx/TinyYOLO.onnx,/home/elipregerson/nnenum/vnncomp2025_benchmarks/benchmarks/yolo_2023/vnnlib/TinyYOLO_prop_000266_eps_1_255.vnnlib,.006259392,error_exit_code_1,.611394407
yolo_2023,/home/elipregerson/nnenum/vnncomp2025_benchmarks/benchmarks/yolo_2023/onnx/TinyYOLO.onnx,/home/elipregerson/nnenum/vnncomp2025_benchmarks/benchmarks/yolo_2023/vnnlib/TinyYOLO_prop_000047_eps_1_255.vnnlib,.006175698,error_exit_code_1,.604230735
yolo_2023,/home/elipregerson/nnenum/vnncomp2025_benchmarks/benchmarks/yolo_2023/onnx/TinyYOLO.onnx,/home/elipregerson/nnenum/vnncomp2025_benchmarks/benchmarks/yolo_2023/vnnlib/TinyYOLO_prop_000015_eps_1_255.vnnlib,.006312042,error_exit_code_1,.609880921
yolo_2023,/home/elipregerson/nnenum/vnncomp2025_benchmarks/benchmarks/yolo_2023/onnx/TinyYOLO.onnx,/home/elipregerson/nnenum/vnncomp2025_benchmarks/benchmarks/yolo_2023/vnnlib/TinyYOLO_prop_000284_eps_1_255.vnnlib,.006052568,error_exit_code_1,.607858282
yolo_2023,/home/elipregerson/nnenum/vnncomp2025_benchmarks/benchmarks/yolo_2023/onnx/TinyYOLO.onnx,/home/elipregerson/nnenum/vnncomp2025_benchmarks/benchmarks/yolo_2023/vnnlib/TinyYOLO_prop_000201_eps_1_255.vnnlib,.006161029,error_exit_code_1,.606851309
yolo_2023,/home/elipregerson/nnenum/vnncomp2025_benchmarks/benchmarks/yolo_2023/onnx/TinyYOLO.onnx,/home/elipregerson/nnenum/vnncomp2025_benchmarks/benchmarks/yolo_2023/vnnlib/TinyYOLO_prop_000323_eps_1_255.vnnlib,.006005110,error_exit_code_1,.609495532
yolo_2023,/home/elipregerson/nnenum/vnncomp2025_benchmarks/benchmarks/yolo_2023/onnx/TinyYOLO.onnx,/home/elipregerson/nnenum/vnncomp2025_benchmarks/benchmarks/yolo_2023/vnnlib/TinyYOLO_prop_000395_eps_1_255.vnnlib,.006211160,error_exit_code_1,.609024882
yolo_2023,/home/elipregerson/nnenum/vnncomp2025_benchmarks/benchmarks/yolo_2023/onnx/TinyYOLO.onnx,/home/elipregerson/nnenum/vnncomp2025_benchmarks/benchmarks/yolo_2023/vnnlib/TinyYOLO_prop_000450_eps_1_255.vnnlib,.006207536,error_exit_code_1,.604010392
yolo_2023,/home/elipregerson/nnenum/vnncomp2025_benchmarks/benchmarks/yolo_2023/onnx/TinyYOLO.onnx,/home/elipregerson/nnenum/vnncomp2025_benchmarks/benchmarks/yolo_2023/vnnlib/TinyYOLO_prop_000308_eps_1_255.vnnlib,.006114680,error_exit_code_1,.607312175
yolo_2023,/home/elipregerson/nnenum/vnncomp2025_benchmarks/benchmarks/yolo_2023/onnx/TinyYOLO.onnx,/home/elipregerson/nnenum/vnncomp2025_benchmarks/benchmarks/yolo_2023/vnnlib/TinyYOLO_prop_000159_eps_1_255.vnnlib,.006026991,error_exit_code_1,.617031129
yolo_2023,/home/elipregerson/nnenum/vnncomp2025_benchmarks/benchmarks/yolo_2023/onnx/TinyYOLO.onnx,/home/elipregerson/nnenum/vnncomp2025_benchmarks/benchmarks/yolo_2023/vnnlib/TinyYOLO_prop_000370_eps_1_255.vnnlib,.006344393,error_exit_code_1,.605143858
yolo_2023,/home/elipregerson/nnenum/vnncomp2025_benchmarks/benchmarks/yolo_2023/onnx/TinyYOLO.onnx,/home/elipregerson/nnenum/vnncomp2025_benchmarks/benchmarks/yolo_2023/vnnlib/TinyYOLO_prop_000217_eps_1_255.vnnlib,.005918928,error_exit_code_1,.599812968
yolo_2023,/home/elipregerson/nnenum/vnncomp2025_benchmarks/benchmarks/yolo_2023/onnx/TinyYOLO.onnx,/home/elipregerson/nnenum/vnncomp2025_benchmarks/benchmarks/yolo_2023/vnnlib/TinyYOLO_prop_000299_eps_1_255.vnnlib,.006159408,error_exit_code_1,.606525927
yolo_2023,/home/elipregerson/nnenum/vnncomp2025_benchmarks/benchmarks/yolo_2023/onnx/TinyYOLO.onnx,/home/elipregerson/nnenum/vnncomp2025_benchmarks/benchmarks/yolo_2023/vnnlib/TinyYOLO_prop_000401_eps_1_255.vnnlib,.006086142,error_exit_code_1,.606202929
yolo_2023,/home/elipregerson/nnenum/vnncomp2025_benchmarks/benchmarks/yolo_2023/onnx/TinyYOLO.onnx,/home/elipregerson/nnenum/vnncomp2025_benchmarks/benchmarks/yolo_2023/vnnlib/TinyYOLO_prop_000046_eps_1_255.vnnlib,.006307999,error_exit_code_1,.615270586
yolo_2023,/home/elipregerson/nnenum/vnncomp2025_benchmarks/benchmarks/yolo_2023/onnx/TinyYOLO.onnx,/home/elipregerson/nnenum/vnncomp2025_benchmarks/benchmarks/yolo_2023/vnnlib/TinyYOLO_prop_000139_eps_1_255.vnnlib,.007078285,error_exit_code_1,.601582592
yolo_2023,/home/elipregerson/nnenum/vnncomp2025_benchmarks/benchmarks/yolo_2023/onnx/TinyYOLO.onnx,/home/elipregerson/nnenum/vnncomp2025_benchmarks/benchmarks/yolo_2023/vnnlib/TinyYOLO_prop_000024_eps_1_255.vnnlib,.006253902,error_exit_code_1,.600259453
yolo_2023,/home/elipregerson/nnenum/vnncomp2025_benchmarks/benchmarks/yolo_2023/onnx/TinyYOLO.onnx,/home/elipregerson/nnenum/vnncomp2025_benchmarks/benchmarks/yolo_2023/vnnlib/TinyYOLO_prop_000249_eps_1_255.vnnlib,.006196386,error_exit_code_1,.603433962
yolo_2023,/home/elipregerson/nnenum/vnncomp2025_benchmarks/benchmarks/yolo_2023/onnx/TinyYOLO.onnx,/home/elipregerson/nnenum/vnncomp2025_benchmarks/benchmarks/yolo_2023/vnnlib/TinyYOLO_prop_000148_eps_1_255.vnnlib,.005978239,error_exit_code_1,.615424780
yolo_2023,/home/elipregerson/nnenum/vnncomp2025_benchmarks/benchmarks/yolo_2023/onnx/TinyYOLO.onnx,/home/elipregerson/nnenum/vnncomp2025_benchmarks/benchmarks/yolo_2023/vnnlib/TinyYOLO_prop_000196_eps_1_255.vnnlib,.006038785,error_exit_code_1,.600461273
yolo_2023,/home/elipregerson/nnenum/vnncomp2025_benchmarks/benchmarks/yolo_2023/onnx/TinyYOLO.onnx,/home/elipregerson/nnenum/vnncomp2025_benchmarks/benchmarks/yolo_2023/vnnlib/TinyYOLO_prop_000277_eps_1_255.vnnlib,.006065274,error_exit_code_1,.601079768
yolo_2023,/home/elipregerson/nnenum/vnncomp2025_benchmarks/benchmarks/yolo_2023/onnx/TinyYOLO.onnx,/home/elipregerson/nnenum/vnncomp2025_benchmarks/benchmarks/yolo_2023/vnnlib/TinyYOLO_prop_000262_eps_1_255.vnnlib,.006003713,error_exit_code_1,.603583875
yolo_2023,/home/elipregerson/nnenum/vnncomp2025_benchmarks/benchmarks/yolo_2023/onnx/TinyYOLO.onnx,/home/elipregerson/nnenum/vnncomp2025_benchmarks/benchmarks/yolo_2023/vnnlib/TinyYOLO_prop_000298_eps_1_255.vnnlib,.006111194,error_exit_code_1,.603675338
yolo_2023,/home/elipregerson/nnenum/vnncomp2025_benchmarks/benchmarks/yolo_2023/onnx/TinyYOLO.onnx,/home/elipregerson/nnenum/vnncomp2025_benchmarks/benchmarks/yolo_2023/vnnlib/TinyYOLO_prop_000336_eps_1_255.vnnlib,.006030544,error_exit_code_1,.614454756
yolo_2023,/home/elipregerson/nnenum/vnncomp2025_benchmarks/benchmarks/yolo_2023/onnx/TinyYOLO.onnx,/home/elipregerson/nnenum/vnncomp2025_benchmarks/benchmarks/yolo_2023/vnnlib/TinyYOLO_prop_000453_eps_1_255.vnnlib,.006014019,error_exit_code_1,.606602064
yolo_2023,/home/elipregerson/nnenum/vnncomp2025_benchmarks/benchmarks/yolo_2023/onnx/TinyYOLO.onnx,/home/elipregerson/nnenum/vnncomp2025_benchmarks/benchmarks/yolo_2023/vnnlib/TinyYOLO_prop_000405_eps_1_255.vnnlib,.006049609,error_exit_code_1,.597986824
yolo_2023,/home/elipregerson/nnenum/vnncomp2025_benchmarks/benchmarks/yolo_2023/onnx/TinyYOLO.onnx,/home/elipregerson/nnenum/vnncomp2025_benchmarks/benchmarks/yolo_2023/vnnlib/TinyYOLO_prop_000062_eps_1_255.vnnlib,.006068394,error_exit_code_1,.606731198
yolo_2023,/home/elipregerson/nnenum/vnncomp2025_benchmarks/benchmarks/yolo_2023/onnx/TinyYOLO.onnx,/home/elipregerson/nnenum/vnncomp2025_benchmarks/benchmarks/yolo_2023/vnnlib/TinyYOLO_prop_000165_eps_1_255.vnnlib,.006246478,error_exit_code_1,.621830854
yolo_2023,/home/elipregerson/nnenum/vnncomp2025_benchmarks/benchmarks/yolo_2023/onnx/TinyYOLO.onnx,/home/elipregerson/nnenum/vnncomp2025_benchmarks/benchmarks/yolo_2023/vnnlib/TinyYOLO_prop_000357_eps_1_255.vnnlib,.006264417,error_exit_code_1,.599751137
yolo_2023,/home/elipregerson/nnenum/vnncomp2025_benchmarks/benchmarks/yolo_2023/onnx/TinyYOLO.onnx,/home/elipregerson/nnenum/vnncomp2025_benchmarks/benchmarks/yolo_2023/vnnlib/TinyYOLO_prop_000037_eps_1_255.vnnlib,.006130389,error_exit_code_1,.602261833
yolo_2023,/home/elipregerson/nnenum/vnncomp2025_benchmarks/benchmarks/yolo_2023/onnx/TinyYOLO.onnx,/home/elipregerson/nnenum/vnncomp2025_benchmarks/benchmarks/yolo_2023/vnnlib/TinyYOLO_prop_000341_eps_1_255.vnnlib,.006223481,error_exit_code_1,.603055588
yolo_2023,/home/elipregerson/nnenum/vnncomp2025_benchmarks/benchmarks/yolo_2023/onnx/TinyYOLO.onnx,/home/elipregerson/nnenum/vnncomp2025_benchmarks/benchmarks/yolo_2023/vnnlib/TinyYOLO_prop_000271_eps_1_255.vnnlib,.005996319,error_exit_code_1,.609388656
yolo_2023,/home/elipregerson/nnenum/vnncomp2025_benchmarks/benchmarks/yolo_2023/onnx/TinyYOLO.onnx,/home/elipregerson/nnenum/vnncomp2025_benchmarks/benchmarks/yolo_2023/vnnlib/TinyYOLO_prop_000144_eps_1_255.vnnlib,.006300014,error_exit_code_1,.605916422
yolo_2023,/home/elipregerson/nnenum/vnncomp2025_benchmarks/benchmarks/yolo_2023/onnx/TinyYOLO.onnx,/home/elipregerson/nnenum/vnncomp2025_benchmarks/benchmarks/yolo_2023/vnnlib/TinyYOLO_prop_000170_eps_1_255.vnnlib,.006260098,error_exit_code_1,.599465262
yolo_2023,/home/elipregerson/nnenum/vnncomp2025_benchmarks/benchmarks/yolo_2023/onnx/TinyYOLO.onnx,/home/elipregerson/nnenum/vnncomp2025_benchmarks/benchmarks/yolo_2023/vnnlib/TinyYOLO_prop_000060_eps_1_255.vnnlib,.005998834,error_exit_code_1,.604176603
yolo_2023,/home/elipregerson/nnenum/vnncomp2025_benchmarks/benchmarks/yolo_2023/onnx/TinyYOLO.onnx,/home/elipregerson/nnenum/vnncomp2025_benchmarks/benchmarks/yolo_2023/vnnlib/TinyYOLO_prop_000129_eps_1_255.vnnlib,.006137966,error_exit_code_1,.617061083
yolo_2023,/home/elipregerson/nnenum/vnncomp2025_benchmarks/benchmarks/yolo_2023/onnx/TinyYOLO.onnx,/home/elipregerson/nnenum/vnncomp2025_benchmarks/benchmarks/yolo_2023/vnnlib/TinyYOLO_prop_000356_eps_1_255.vnnlib,.006151084,error_exit_code_1,.603347173
yolo_2023,/home/elipregerson/nnenum/vnncomp2025_benchmarks/benchmarks/yolo_2023/onnx/TinyYOLO.onnx,/home/elipregerson/nnenum/vnncomp2025_benchmarks/benchmarks/yolo_2023/vnnlib/TinyYOLO_prop_000261_eps_1_255.vnnlib,.005978215,error_exit_code_1,.605209226
yolo_2023,/home/elipregerson/nnenum/vnncomp2025_benchmarks/benchmarks/yolo_2023/onnx/TinyYOLO.onnx,/home/elipregerson/nnenum/vnncomp2025_benchmarks/benchmarks/yolo_2023/vnnlib/TinyYOLO_prop_000225_eps_1_255.vnnlib,.006081260,error_exit_code_1,.610311137
yolo_2023,/home/elipregerson/nnenum/vnncomp2025_benchmarks/benchmarks/yolo_2023/onnx/TinyYOLO.onnx,/home/elipregerson/nnenum/vnncomp2025_benchmarks/benchmarks/yolo_2023/vnnlib/TinyYOLO_prop_000181_eps_1_255.vnnlib,.006040572,error_exit_code_1,.608833407
yolo_2023,/home/elipregerson/nnenum/vnncomp2025_benchmarks/benchmarks/yolo_2023/onnx/TinyYOLO.onnx,/home/elipregerson/nnenum/vnncomp2025_benchmarks/benchmarks/yolo_2023/vnnlib/TinyYOLO_prop_000312_eps_1_255.vnnlib,.006036415,error_exit_code_1,.602054118
yolo_2023,/home/elipregerson/nnenum/vnncomp2025_benchmarks/benchmarks/test/onnx/test_nano.onnx,/home/elipregerson/nnenum/vnncomp2025_benchmarks/benchmarks/test/vnnlib/test_nano.vnnlib,.006093769,unsat,.546566230
