relusplitter,/home/elipregerson/nnenum/vnncomp2025_benchmarks/benchmarks/relusplitter/onnx/mnist_fc_vnncomp2022_mnist-net_256x4.onnx,/home/elipregerson/nnenum/vnncomp2025_benchmarks/benchmarks/relusplitter/vnnlib/mnist_fc_vnncomp2022_prop_5_0.05.vnnlib,.023585185,timeout,30.664445938
relusplitter,/home/elipregerson/nnenum/vnncomp2025_benchmarks/benchmarks/relusplitter/onnx/mnist_fc_vnncomp2022_mnist-net_256x4_RSPLITTER_mnist_fc_vnncomp2022_prop_5_0.05.onnx,/home/elipregerson/nnenum/vnncomp2025_benchmarks/benchmarks/relusplitter/vnnlib/mnist_fc_vnncomp2022_prop_5_0.05.vnnlib,.006536654,timeout,90.966467249
relusplitter,/home/elipregerson/nnenum/vnncomp2025_benchmarks/benchmarks/relusplitter/onnx/mnist_fc_vnncomp2022_mnist-net_256x4.onnx,/home/elipregerson/nnenum/vnncomp2025_benchmarks/benchmarks/relusplitter/vnnlib/mnist_fc_vnncomp2022_prop_3_0.05.vnnlib,.006520382,unsat,2.341356646
relusplitter,/home/elipregerson/nnenum/vnncomp2025_benchmarks/benchmarks/relusplitter/onnx/mnist_fc_vnncomp2022_mnist-net_256x4_RSPLITTER_mnist_fc_vnncomp2022_prop_3_0.05.onnx,/home/elipregerson/nnenum/vnncomp2025_benchmarks/benchmarks/relusplitter/vnnlib/mnist_fc_vnncomp2022_prop_3_0.05.vnnlib,.006539836,timeout,90.950124565
relusplitter,/home/elipregerson/nnenum/vnncomp2025_benchmarks/benchmarks/relusplitter/onnx/mnist_fc_vnncomp2022_mnist-net_256x4.onnx,/home/elipregerson/nnenum/vnncomp2025_benchmarks/benchmarks/relusplitter/vnnlib/mnist_fc_vnncomp2022_prop_6_0.05.vnnlib,.006927741,timeout,30.657516988
relusplitter,/home/elipregerson/nnenum/vnncomp2025_benchmarks/benchmarks/relusplitter/onnx/mnist_fc_vnncomp2022_mnist-net_256x4_RSPLITTER_mnist_fc_vnncomp2022_prop_6_0.05.onnx,/home/elipregerson/nnenum/vnncomp2025_benchmarks/benchmarks/relusplitter/vnnlib/mnist_fc_vnncomp2022_prop_6_0.05.vnnlib,.008453425,timeout,90.813705697
relusplitter,/home/elipregerson/nnenum/vnncomp2025_benchmarks/benchmarks/relusplitter/onnx/mnist_fc_vnncomp2022_mnist-net_256x4.onnx,/home/elipregerson/nnenum/vnncomp2025_benchmarks/benchmarks/relusplitter/vnnlib/mnist_fc_vnncomp2022_prop_0_0.03.vnnlib,.007109860,timeout,30.832475188
relusplitter,/home/elipregerson/nnenum/vnncomp2025_benchmarks/benchmarks/relusplitter/onnx/mnist_fc_vnncomp2022_mnist-net_256x4_RSPLITTER_mnist_fc_vnncomp2022_prop_0_0.03.onnx,/home/elipregerson/nnenum/vnncomp2025_benchmarks/benchmarks/relusplitter/vnnlib/mnist_fc_vnncomp2022_prop_0_0.03.vnnlib,.006511537,timeout,90.842459799
relusplitter,/home/elipregerson/nnenum/vnncomp2025_benchmarks/benchmarks/relusplitter/onnx/mnist_fc_vnncomp2022_mnist-net_256x4.onnx,/home/elipregerson/nnenum/vnncomp2025_benchmarks/benchmarks/relusplitter/vnnlib/mnist_fc_vnncomp2022_prop_4_0.05.vnnlib,.006567575,timeout,30.638892770
relusplitter,/home/elipregerson/nnenum/vnncomp2025_benchmarks/benchmarks/relusplitter/onnx/mnist_fc_vnncomp2022_mnist-net_256x4_RSPLITTER_mnist_fc_vnncomp2022_prop_4_0.05.onnx,/home/elipregerson/nnenum/vnncomp2025_benchmarks/benchmarks/relusplitter/vnnlib/mnist_fc_vnncomp2022_prop_4_0.05.vnnlib,.006632845,timeout,90.905368375
relusplitter,/home/elipregerson/nnenum/vnncomp2025_benchmarks/benchmarks/relusplitter/onnx/mnist_fc_vnncomp2022_mnist-net_256x4.onnx,/home/elipregerson/nnenum/vnncomp2025_benchmarks/benchmarks/relusplitter/vnnlib/mnist_fc_vnncomp2022_prop_0_0.05.vnnlib,.006657473,timeout,30.789559117
relusplitter,/home/elipregerson/nnenum/vnncomp2025_benchmarks/benchmarks/relusplitter/onnx/mnist_fc_vnncomp2022_mnist-net_256x4_RSPLITTER_mnist_fc_vnncomp2022_prop_0_0.05.onnx,/home/elipregerson/nnenum/vnncomp2025_benchmarks/benchmarks/relusplitter/vnnlib/mnist_fc_vnncomp2022_prop_0_0.05.vnnlib,.006610471,timeout,90.954612528
relusplitter,/home/elipregerson/nnenum/vnncomp2025_benchmarks/benchmarks/relusplitter/onnx/mnist_fc_vnncomp2022_mnist-net_256x4.onnx,/home/elipregerson/nnenum/vnncomp2025_benchmarks/benchmarks/relusplitter/vnnlib/mnist_fc_vnncomp2022_prop_12_0.03.vnnlib,.006775129,unsat,.681753036
relusplitter,/home/elipregerson/nnenum/vnncomp2025_benchmarks/benchmarks/relusplitter/onnx/mnist_fc_vnncomp2022_mnist-net_256x4_RSPLITTER_mnist_fc_vnncomp2022_prop_12_0.03.onnx,/home/elipregerson/nnenum/vnncomp2025_benchmarks/benchmarks/relusplitter/vnnlib/mnist_fc_vnncomp2022_prop_12_0.03.vnnlib,.009536603,unsat,3.028955703
relusplitter,/home/elipregerson/nnenum/vnncomp2025_benchmarks/benchmarks/relusplitter/onnx/mnist_fc_vnncomp2022_mnist-net_256x4.onnx,/home/elipregerson/nnenum/vnncomp2025_benchmarks/benchmarks/relusplitter/vnnlib/mnist_fc_vnncomp2022_prop_7_0.03.vnnlib,.007936330,timeout,30.658383757
relusplitter,/home/elipregerson/nnenum/vnncomp2025_benchmarks/benchmarks/relusplitter/onnx/mnist_fc_vnncomp2022_mnist-net_256x4_RSPLITTER_mnist_fc_vnncomp2022_prop_7_0.03.onnx,/home/elipregerson/nnenum/vnncomp2025_benchmarks/benchmarks/relusplitter/vnnlib/mnist_fc_vnncomp2022_prop_7_0.03.vnnlib,.006456245,timeout,90.979776844
relusplitter,/home/elipregerson/nnenum/vnncomp2025_benchmarks/benchmarks/relusplitter/onnx/mnist_fc_vnncomp2022_mnist-net_256x4.onnx,/home/elipregerson/nnenum/vnncomp2025_benchmarks/benchmarks/relusplitter/vnnlib/mnist_fc_vnncomp2022_prop_1_0.05.vnnlib,.006759755,timeout,30.806612794
relusplitter,/home/elipregerson/nnenum/vnncomp2025_benchmarks/benchmarks/relusplitter/onnx/mnist_fc_vnncomp2022_mnist-net_256x4_RSPLITTER_mnist_fc_vnncomp2022_prop_1_0.05.onnx,/home/elipregerson/nnenum/vnncomp2025_benchmarks/benchmarks/relusplitter/vnnlib/mnist_fc_vnncomp2022_prop_1_0.05.vnnlib,.006619790,timeout,91.117782483
relusplitter,/home/elipregerson/nnenum/vnncomp2025_benchmarks/benchmarks/relusplitter/onnx/mnist_fc_vnncomp2022_mnist-net_256x4.onnx,/home/elipregerson/nnenum/vnncomp2025_benchmarks/benchmarks/relusplitter/vnnlib/mnist_fc_vnncomp2022_prop_7_0.05.vnnlib,.006692566,timeout,30.763973054
relusplitter,/home/elipregerson/nnenum/vnncomp2025_benchmarks/benchmarks/relusplitter/onnx/mnist_fc_vnncomp2022_mnist-net_256x4_RSPLITTER_mnist_fc_vnncomp2022_prop_7_0.05.onnx,/home/elipregerson/nnenum/vnncomp2025_benchmarks/benchmarks/relusplitter/vnnlib/mnist_fc_vnncomp2022_prop_7_0.05.vnnlib,.006741461,timeout,90.815045887
relusplitter,/home/elipregerson/nnenum/vnncomp2025_benchmarks/benchmarks/relusplitter/onnx/mnist_fc_vnncomp2022_mnist-net_256x4.onnx,/home/elipregerson/nnenum/vnncomp2025_benchmarks/benchmarks/relusplitter/vnnlib/mnist_fc_vnncomp2022_prop_8_0.05.vnnlib,.006552623,timeout,30.919590308
relusplitter,/home/elipregerson/nnenum/vnncomp2025_benchmarks/benchmarks/relusplitter/onnx/mnist_fc_vnncomp2022_mnist-net_256x4_RSPLITTER_mnist_fc_vnncomp2022_prop_8_0.05.onnx,/home/elipregerson/nnenum/vnncomp2025_benchmarks/benchmarks/relusplitter/vnnlib/mnist_fc_vnncomp2022_prop_8_0.05.vnnlib,.006834657,timeout,91.112826030
relusplitter,/home/elipregerson/nnenum/vnncomp2025_benchmarks/benchmarks/relusplitter/onnx/mnist_fc_vnncomp2022_mnist-net_256x4.onnx,/home/elipregerson/nnenum/vnncomp2025_benchmarks/benchmarks/relusplitter/vnnlib/mnist_fc_vnncomp2022_prop_14_0.03.vnnlib,.006558376,unsat,1.773464707
relusplitter,/home/elipregerson/nnenum/vnncomp2025_benchmarks/benchmarks/relusplitter/onnx/mnist_fc_vnncomp2022_mnist-net_256x4_RSPLITTER_mnist_fc_vnncomp2022_prop_14_0.03.onnx,/home/elipregerson/nnenum/vnncomp2025_benchmarks/benchmarks/relusplitter/vnnlib/mnist_fc_vnncomp2022_prop_14_0.03.vnnlib,.006466052,unsat,3.321052207
relusplitter,/home/elipregerson/nnenum/vnncomp2025_benchmarks/benchmarks/relusplitter/onnx/mnist_fc_vnncomp2022_mnist-net_256x4.onnx,/home/elipregerson/nnenum/vnncomp2025_benchmarks/benchmarks/relusplitter/vnnlib/mnist_fc_vnncomp2022_prop_13_0.03.vnnlib,.006415474,timeout,30.636141568
relusplitter,/home/elipregerson/nnenum/vnncomp2025_benchmarks/benchmarks/relusplitter/onnx/mnist_fc_vnncomp2022_mnist-net_256x4_RSPLITTER_mnist_fc_vnncomp2022_prop_13_0.03.onnx,/home/elipregerson/nnenum/vnncomp2025_benchmarks/benchmarks/relusplitter/vnnlib/mnist_fc_vnncomp2022_prop_13_0.03.vnnlib,.006668964,timeout,90.832191638
relusplitter,/home/elipregerson/nnenum/vnncomp2025_benchmarks/benchmarks/relusplitter/onnx/mnist_fc_vnncomp2022_mnist-net_256x4.onnx,/home/elipregerson/nnenum/vnncomp2025_benchmarks/benchmarks/relusplitter/vnnlib/mnist_fc_vnncomp2022_prop_2_0.05.vnnlib,.006836525,timeout,34.131396612
relusplitter,/home/elipregerson/nnenum/vnncomp2025_benchmarks/benchmarks/relusplitter/onnx/mnist_fc_vnncomp2022_mnist-net_256x4_RSPLITTER_mnist_fc_vnncomp2022_prop_2_0.05.onnx,/home/elipregerson/nnenum/vnncomp2025_benchmarks/benchmarks/relusplitter/vnnlib/mnist_fc_vnncomp2022_prop_2_0.05.vnnlib,.006467174,timeout,90.773237277
relusplitter,/home/elipregerson/nnenum/vnncomp2025_benchmarks/benchmarks/relusplitter/onnx/mnist_fc_vnncomp2022_mnist-net_256x4.onnx,/home/elipregerson/nnenum/vnncomp2025_benchmarks/benchmarks/relusplitter/vnnlib/mnist_fc_vnncomp2022_prop_11_0.03.vnnlib,.006811777,unsat,.782774805
relusplitter,/home/elipregerson/nnenum/vnncomp2025_benchmarks/benchmarks/relusplitter/onnx/mnist_fc_vnncomp2022_mnist-net_256x4_RSPLITTER_mnist_fc_vnncomp2022_prop_11_0.03.onnx,/home/elipregerson/nnenum/vnncomp2025_benchmarks/benchmarks/relusplitter/vnnlib/mnist_fc_vnncomp2022_prop_11_0.03.vnnlib,.006915171,unsat,4.551979556
relusplitter,/home/elipregerson/nnenum/vnncomp2025_benchmarks/benchmarks/relusplitter/onnx/mnist_fc_vnncomp2022_mnist-net_256x4.onnx,/home/elipregerson/nnenum/vnncomp2025_benchmarks/benchmarks/relusplitter/vnnlib/mnist_fc_vnncomp2022_prop_11_0.05.vnnlib,.006568174,timeout,30.780009434
relusplitter,/home/elipregerson/nnenum/vnncomp2025_benchmarks/benchmarks/relusplitter/onnx/mnist_fc_vnncomp2022_mnist-net_256x4_RSPLITTER_mnist_fc_vnncomp2022_prop_11_0.05.onnx,/home/elipregerson/nnenum/vnncomp2025_benchmarks/benchmarks/relusplitter/vnnlib/mnist_fc_vnncomp2022_prop_11_0.05.vnnlib,.006557766,timeout,90.830872018
relusplitter,/home/elipregerson/nnenum/vnncomp2025_benchmarks/benchmarks/relusplitter/onnx/mnist_fc_vnncomp2022_mnist-net_256x4.onnx,/home/elipregerson/nnenum/vnncomp2025_benchmarks/benchmarks/relusplitter/vnnlib/mnist_fc_vnncomp2022_prop_10_0.03.vnnlib,.006857922,unsat,.729208342
relusplitter,/home/elipregerson/nnenum/vnncomp2025_benchmarks/benchmarks/relusplitter/onnx/mnist_fc_vnncomp2022_mnist-net_256x4_RSPLITTER_mnist_fc_vnncomp2022_prop_10_0.03.onnx,/home/elipregerson/nnenum/vnncomp2025_benchmarks/benchmarks/relusplitter/vnnlib/mnist_fc_vnncomp2022_prop_10_0.03.vnnlib,.006903894,unsat,4.288654063
relusplitter,/home/elipregerson/nnenum/vnncomp2025_benchmarks/benchmarks/relusplitter/onnx/mnist_fc_vnncomp2022_mnist-net_256x4.onnx,/home/elipregerson/nnenum/vnncomp2025_benchmarks/benchmarks/relusplitter/vnnlib/mnist_fc_vnncomp2022_prop_9_0.03.vnnlib,.006666527,unsat,2.524530834
relusplitter,/home/elipregerson/nnenum/vnncomp2025_benchmarks/benchmarks/relusplitter/onnx/mnist_fc_vnncomp2022_mnist-net_256x4_RSPLITTER_mnist_fc_vnncomp2022_prop_9_0.03.onnx,/home/elipregerson/nnenum/vnncomp2025_benchmarks/benchmarks/relusplitter/vnnlib/mnist_fc_vnncomp2022_prop_9_0.03.vnnlib,.006816296,unsat,5.077899311
relusplitter,/home/elipregerson/nnenum/vnncomp2025_benchmarks/benchmarks/relusplitter/onnx/mnist_fc_vnncomp2022_mnist-net_256x4.onnx,/home/elipregerson/nnenum/vnncomp2025_benchmarks/benchmarks/relusplitter/vnnlib/mnist_fc_vnncomp2022_prop_10_0.05.vnnlib,.006498151,timeout,30.758615234
relusplitter,/home/elipregerson/nnenum/vnncomp2025_benchmarks/benchmarks/relusplitter/onnx/mnist_fc_vnncomp2022_mnist-net_256x4_RSPLITTER_mnist_fc_vnncomp2022_prop_10_0.05.onnx,/home/elipregerson/nnenum/vnncomp2025_benchmarks/benchmarks/relusplitter/vnnlib/mnist_fc_vnncomp2022_prop_10_0.05.vnnlib,.006631002,timeout,90.926688008
relusplitter,/home/elipregerson/nnenum/vnncomp2025_benchmarks/benchmarks/relusplitter/onnx/mnist_fc_vnncomp2022_mnist-net_256x4.onnx,/home/elipregerson/nnenum/vnncomp2025_benchmarks/benchmarks/relusplitter/vnnlib/mnist_fc_vnncomp2022_prop_4_0.03.vnnlib,.006943508,unsat,13.217757698
relusplitter,/home/elipregerson/nnenum/vnncomp2025_benchmarks/benchmarks/relusplitter/onnx/mnist_fc_vnncomp2022_mnist-net_256x4_RSPLITTER_mnist_fc_vnncomp2022_prop_4_0.03.onnx,/home/elipregerson/nnenum/vnncomp2025_benchmarks/benchmarks/relusplitter/vnnlib/mnist_fc_vnncomp2022_prop_4_0.03.vnnlib,.006493957,timeout,90.775384798
relusplitter,/home/elipregerson/nnenum/vnncomp2025_benchmarks/benchmarks/relusplitter/onnx/mnist_fc_vnncomp2022_mnist-net_256x6.onnx,/home/elipregerson/nnenum/vnncomp2025_benchmarks/benchmarks/relusplitter/vnnlib/mnist_fc_vnncomp2022_prop_7_0.05.vnnlib,.006619208,timeout,30.867193385
relusplitter,/home/elipregerson/nnenum/vnncomp2025_benchmarks/benchmarks/relusplitter/onnx/mnist_fc_vnncomp2022_mnist-net_256x6_RSPLITTER_mnist_fc_vnncomp2022_prop_7_0.05.onnx,/home/elipregerson/nnenum/vnncomp2025_benchmarks/benchmarks/relusplitter/vnnlib/mnist_fc_vnncomp2022_prop_7_0.05.vnnlib,.006870103,timeout,90.958804011
relusplitter,/home/elipregerson/nnenum/vnncomp2025_benchmarks/benchmarks/relusplitter/onnx/mnist_fc_vnncomp2022_mnist-net_256x6.onnx,/home/elipregerson/nnenum/vnncomp2025_benchmarks/benchmarks/relusplitter/vnnlib/mnist_fc_vnncomp2022_prop_4_0.05.vnnlib,.006842690,timeout,30.874786852
relusplitter,/home/elipregerson/nnenum/vnncomp2025_benchmarks/benchmarks/relusplitter/onnx/mnist_fc_vnncomp2022_mnist-net_256x6_RSPLITTER_mnist_fc_vnncomp2022_prop_4_0.05.onnx,/home/elipregerson/nnenum/vnncomp2025_benchmarks/benchmarks/relusplitter/vnnlib/mnist_fc_vnncomp2022_prop_4_0.05.vnnlib,.006789283,timeout,90.940505800
relusplitter,/home/elipregerson/nnenum/vnncomp2025_benchmarks/benchmarks/relusplitter/onnx/mnist_fc_vnncomp2022_mnist-net_256x6.onnx,/home/elipregerson/nnenum/vnncomp2025_benchmarks/benchmarks/relusplitter/vnnlib/mnist_fc_vnncomp2022_prop_3_0.05.vnnlib,.006605447,unsat,4.500841458
relusplitter,/home/elipregerson/nnenum/vnncomp2025_benchmarks/benchmarks/relusplitter/onnx/mnist_fc_vnncomp2022_mnist-net_256x6_RSPLITTER_mnist_fc_vnncomp2022_prop_3_0.05.onnx,/home/elipregerson/nnenum/vnncomp2025_benchmarks/benchmarks/relusplitter/vnnlib/mnist_fc_vnncomp2022_prop_3_0.05.vnnlib,.006659503,unsat,7.678320196
relusplitter,/home/elipregerson/nnenum/vnncomp2025_benchmarks/benchmarks/relusplitter/onnx/mnist_fc_vnncomp2022_mnist-net_256x6.onnx,/home/elipregerson/nnenum/vnncomp2025_benchmarks/benchmarks/relusplitter/vnnlib/mnist_fc_vnncomp2022_prop_3_0.03.vnnlib,.006631105,unsat,.681922715
relusplitter,/home/elipregerson/nnenum/vnncomp2025_benchmarks/benchmarks/relusplitter/onnx/mnist_fc_vnncomp2022_mnist-net_256x6_RSPLITTER_mnist_fc_vnncomp2022_prop_3_0.03.onnx,/home/elipregerson/nnenum/vnncomp2025_benchmarks/benchmarks/relusplitter/vnnlib/mnist_fc_vnncomp2022_prop_3_0.03.vnnlib,.006460359,unsat,.937186664
relusplitter,/home/elipregerson/nnenum/vnncomp2025_benchmarks/benchmarks/relusplitter/onnx/mnist_fc_vnncomp2022_mnist-net_256x6.onnx,/home/elipregerson/nnenum/vnncomp2025_benchmarks/benchmarks/relusplitter/vnnlib/mnist_fc_vnncomp2022_prop_14_0.05.vnnlib,.006562778,timeout,31.103118553
relusplitter,/home/elipregerson/nnenum/vnncomp2025_benchmarks/benchmarks/relusplitter/onnx/mnist_fc_vnncomp2022_mnist-net_256x6_RSPLITTER_mnist_fc_vnncomp2022_prop_14_0.05.onnx,/home/elipregerson/nnenum/vnncomp2025_benchmarks/benchmarks/relusplitter/vnnlib/mnist_fc_vnncomp2022_prop_14_0.05.vnnlib,.006706326,timeout,90.739495696
relusplitter,/home/elipregerson/nnenum/vnncomp2025_benchmarks/benchmarks/relusplitter/onnx/mnist_fc_vnncomp2022_mnist-net_256x6.onnx,/home/elipregerson/nnenum/vnncomp2025_benchmarks/benchmarks/relusplitter/vnnlib/mnist_fc_vnncomp2022_prop_0_0.05.vnnlib,.006792768,timeout,30.870729693
relusplitter,/home/elipregerson/nnenum/vnncomp2025_benchmarks/benchmarks/relusplitter/onnx/mnist_fc_vnncomp2022_mnist-net_256x6_RSPLITTER_mnist_fc_vnncomp2022_prop_0_0.05.onnx,/home/elipregerson/nnenum/vnncomp2025_benchmarks/benchmarks/relusplitter/vnnlib/mnist_fc_vnncomp2022_prop_0_0.05.vnnlib,.006682516,timeout,91.556241214
relusplitter,/home/elipregerson/nnenum/vnncomp2025_benchmarks/benchmarks/relusplitter/onnx/mnist_fc_vnncomp2022_mnist-net_256x6.onnx,/home/elipregerson/nnenum/vnncomp2025_benchmarks/benchmarks/relusplitter/vnnlib/mnist_fc_vnncomp2022_prop_9_0.03.vnnlib,.006668187,unsat,5.361554233
relusplitter,/home/elipregerson/nnenum/vnncomp2025_benchmarks/benchmarks/relusplitter/onnx/mnist_fc_vnncomp2022_mnist-net_256x6_RSPLITTER_mnist_fc_vnncomp2022_prop_9_0.03.onnx,/home/elipregerson/nnenum/vnncomp2025_benchmarks/benchmarks/relusplitter/vnnlib/mnist_fc_vnncomp2022_prop_9_0.03.vnnlib,.006666266,timeout,90.868842257
relusplitter,/home/elipregerson/nnenum/vnncomp2025_benchmarks/benchmarks/relusplitter/onnx/mnist_fc_vnncomp2022_mnist-net_256x6.onnx,/home/elipregerson/nnenum/vnncomp2025_benchmarks/benchmarks/relusplitter/vnnlib/mnist_fc_vnncomp2022_prop_12_0.03.vnnlib,.007250055,timeout,30.626321642
relusplitter,/home/elipregerson/nnenum/vnncomp2025_benchmarks/benchmarks/relusplitter/onnx/mnist_fc_vnncomp2022_mnist-net_256x6_RSPLITTER_mnist_fc_vnncomp2022_prop_12_0.03.onnx,/home/elipregerson/nnenum/vnncomp2025_benchmarks/benchmarks/relusplitter/vnnlib/mnist_fc_vnncomp2022_prop_12_0.03.vnnlib,.006613203,timeout,93.565950166
relusplitter,/home/elipregerson/nnenum/vnncomp2025_benchmarks/benchmarks/relusplitter/onnx/mnist_fc_vnncomp2022_mnist-net_256x6.onnx,/home/elipregerson/nnenum/vnncomp2025_benchmarks/benchmarks/relusplitter/vnnlib/mnist_fc_vnncomp2022_prop_1_0.03.vnnlib,.006484728,timeout,33.926781460
relusplitter,/home/elipregerson/nnenum/vnncomp2025_benchmarks/benchmarks/relusplitter/onnx/mnist_fc_vnncomp2022_mnist-net_256x6_RSPLITTER_mnist_fc_vnncomp2022_prop_1_0.03.onnx,/home/elipregerson/nnenum/vnncomp2025_benchmarks/benchmarks/relusplitter/vnnlib/mnist_fc_vnncomp2022_prop_1_0.03.vnnlib,.006591830,timeout,90.711998238
relusplitter,/home/elipregerson/nnenum/vnncomp2025_benchmarks/benchmarks/relusplitter/onnx/mnist_fc_vnncomp2022_mnist-net_256x6.onnx,/home/elipregerson/nnenum/vnncomp2025_benchmarks/benchmarks/relusplitter/vnnlib/mnist_fc_vnncomp2022_prop_5_0.05.vnnlib,.006577221,timeout,30.962647557
relusplitter,/home/elipregerson/nnenum/vnncomp2025_benchmarks/benchmarks/relusplitter/onnx/mnist_fc_vnncomp2022_mnist-net_256x6_RSPLITTER_mnist_fc_vnncomp2022_prop_5_0.05.onnx,/home/elipregerson/nnenum/vnncomp2025_benchmarks/benchmarks/relusplitter/vnnlib/mnist_fc_vnncomp2022_prop_5_0.05.vnnlib,.006513777,timeout,90.719275256
relusplitter,/home/elipregerson/nnenum/vnncomp2025_benchmarks/benchmarks/relusplitter/onnx/mnist_fc_vnncomp2022_mnist-net_256x6.onnx,/home/elipregerson/nnenum/vnncomp2025_benchmarks/benchmarks/relusplitter/vnnlib/mnist_fc_vnncomp2022_prop_10_0.05.vnnlib,.006626442,timeout,32.390042593
relusplitter,/home/elipregerson/nnenum/vnncomp2025_benchmarks/benchmarks/relusplitter/onnx/mnist_fc_vnncomp2022_mnist-net_256x6_RSPLITTER_mnist_fc_vnncomp2022_prop_10_0.05.onnx,/home/elipregerson/nnenum/vnncomp2025_benchmarks/benchmarks/relusplitter/vnnlib/mnist_fc_vnncomp2022_prop_10_0.05.vnnlib,.006698689,timeout,90.790623955
relusplitter,/home/elipregerson/nnenum/vnncomp2025_benchmarks/benchmarks/relusplitter/onnx/mnist_fc_vnncomp2022_mnist-net_256x6.onnx,/home/elipregerson/nnenum/vnncomp2025_benchmarks/benchmarks/relusplitter/vnnlib/mnist_fc_vnncomp2022_prop_11_0.03.vnnlib,.006839959,unsat,7.137373986
relusplitter,/home/elipregerson/nnenum/vnncomp2025_benchmarks/benchmarks/relusplitter/onnx/mnist_fc_vnncomp2022_mnist-net_256x6_RSPLITTER_mnist_fc_vnncomp2022_prop_11_0.03.onnx,/home/elipregerson/nnenum/vnncomp2025_benchmarks/benchmarks/relusplitter/vnnlib/mnist_fc_vnncomp2022_prop_11_0.03.vnnlib,.006442464,error_exit_code_1,19.847683976
relusplitter,/home/elipregerson/nnenum/vnncomp2025_benchmarks/benchmarks/relusplitter/onnx/mnist_fc_vnncomp2022_mnist-net_256x6.onnx,/home/elipregerson/nnenum/vnncomp2025_benchmarks/benchmarks/relusplitter/vnnlib/mnist_fc_vnncomp2022_prop_6_0.03.vnnlib,.006883443,unsat,.699214843
relusplitter,/home/elipregerson/nnenum/vnncomp2025_benchmarks/benchmarks/relusplitter/onnx/mnist_fc_vnncomp2022_mnist-net_256x6_RSPLITTER_mnist_fc_vnncomp2022_prop_6_0.03.onnx,/home/elipregerson/nnenum/vnncomp2025_benchmarks/benchmarks/relusplitter/vnnlib/mnist_fc_vnncomp2022_prop_6_0.03.vnnlib,.006505832,unsat,7.962583646
relusplitter,/home/elipregerson/nnenum/vnncomp2025_benchmarks/benchmarks/relusplitter/onnx/mnist_fc_vnncomp2022_mnist-net_256x6.onnx,/home/elipregerson/nnenum/vnncomp2025_benchmarks/benchmarks/relusplitter/vnnlib/mnist_fc_vnncomp2022_prop_14_0.03.vnnlib,.006520240,unsat,8.150848342
relusplitter,/home/elipregerson/nnenum/vnncomp2025_benchmarks/benchmarks/relusplitter/onnx/mnist_fc_vnncomp2022_mnist-net_256x6_RSPLITTER_mnist_fc_vnncomp2022_prop_14_0.03.onnx,/home/elipregerson/nnenum/vnncomp2025_benchmarks/benchmarks/relusplitter/vnnlib/mnist_fc_vnncomp2022_prop_14_0.03.vnnlib,.006622056,timeout,90.859219351
relusplitter,/home/elipregerson/nnenum/vnncomp2025_benchmarks/benchmarks/relusplitter/onnx/mnist_fc_vnncomp2022_mnist-net_256x6.onnx,/home/elipregerson/nnenum/vnncomp2025_benchmarks/benchmarks/relusplitter/vnnlib/mnist_fc_vnncomp2022_prop_7_0.03.vnnlib,.006620379,timeout,30.687636452
relusplitter,/home/elipregerson/nnenum/vnncomp2025_benchmarks/benchmarks/relusplitter/onnx/mnist_fc_vnncomp2022_mnist-net_256x6_RSPLITTER_mnist_fc_vnncomp2022_prop_7_0.03.onnx,/home/elipregerson/nnenum/vnncomp2025_benchmarks/benchmarks/relusplitter/vnnlib/mnist_fc_vnncomp2022_prop_7_0.03.vnnlib,.006418750,timeout,92.051900570
relusplitter,/home/elipregerson/nnenum/vnncomp2025_benchmarks/benchmarks/relusplitter/onnx/mnist_fc_vnncomp2022_mnist-net_256x6.onnx,/home/elipregerson/nnenum/vnncomp2025_benchmarks/benchmarks/relusplitter/vnnlib/mnist_fc_vnncomp2022_prop_8_0.05.vnnlib,.007061170,timeout,30.619992690
relusplitter,/home/elipregerson/nnenum/vnncomp2025_benchmarks/benchmarks/relusplitter/onnx/mnist_fc_vnncomp2022_mnist-net_256x6_RSPLITTER_mnist_fc_vnncomp2022_prop_8_0.05.onnx,/home/elipregerson/nnenum/vnncomp2025_benchmarks/benchmarks/relusplitter/vnnlib/mnist_fc_vnncomp2022_prop_8_0.05.vnnlib,.006604812,timeout,90.710191130
relusplitter,/home/elipregerson/nnenum/vnncomp2025_benchmarks/benchmarks/relusplitter/onnx/mnist_fc_vnncomp2022_mnist-net_256x6.onnx,/home/elipregerson/nnenum/vnncomp2025_benchmarks/benchmarks/relusplitter/vnnlib/mnist_fc_vnncomp2022_prop_4_0.03.vnnlib,.006543850,timeout,30.795261842
relusplitter,/home/elipregerson/nnenum/vnncomp2025_benchmarks/benchmarks/relusplitter/onnx/mnist_fc_vnncomp2022_mnist-net_256x6_RSPLITTER_mnist_fc_vnncomp2022_prop_4_0.03.onnx,/home/elipregerson/nnenum/vnncomp2025_benchmarks/benchmarks/relusplitter/vnnlib/mnist_fc_vnncomp2022_prop_4_0.03.vnnlib,.006608487,timeout,90.894946535
relusplitter,/home/elipregerson/nnenum/vnncomp2025_benchmarks/benchmarks/relusplitter/onnx/mnist_fc_vnncomp2022_mnist-net_256x6.onnx,/home/elipregerson/nnenum/vnncomp2025_benchmarks/benchmarks/relusplitter/vnnlib/mnist_fc_vnncomp2022_prop_6_0.05.vnnlib,.006653733,timeout,30.916945230
relusplitter,/home/elipregerson/nnenum/vnncomp2025_benchmarks/benchmarks/relusplitter/onnx/mnist_fc_vnncomp2022_mnist-net_256x6_RSPLITTER_mnist_fc_vnncomp2022_prop_6_0.05.onnx,/home/elipregerson/nnenum/vnncomp2025_benchmarks/benchmarks/relusplitter/vnnlib/mnist_fc_vnncomp2022_prop_6_0.05.vnnlib,.006528769,timeout,90.895653670
relusplitter,/home/elipregerson/nnenum/vnncomp2025_benchmarks/benchmarks/relusplitter/onnx/mnist_fc_vnncomp2022_mnist-net_256x6.onnx,/home/elipregerson/nnenum/vnncomp2025_benchmarks/benchmarks/relusplitter/vnnlib/mnist_fc_vnncomp2022_prop_9_0.05.vnnlib,.006557257,timeout,30.973873358
relusplitter,/home/elipregerson/nnenum/vnncomp2025_benchmarks/benchmarks/relusplitter/onnx/mnist_fc_vnncomp2022_mnist-net_256x6_RSPLITTER_mnist_fc_vnncomp2022_prop_9_0.05.onnx,/home/elipregerson/nnenum/vnncomp2025_benchmarks/benchmarks/relusplitter/vnnlib/mnist_fc_vnncomp2022_prop_9_0.05.vnnlib,.006766808,timeout,90.861854616
relusplitter,/home/elipregerson/nnenum/vnncomp2025_benchmarks/benchmarks/relusplitter/onnx/mnist_fc_vnncomp2022_mnist-net_256x6.onnx,/home/elipregerson/nnenum/vnncomp2025_benchmarks/benchmarks/relusplitter/vnnlib/mnist_fc_vnncomp2022_prop_13_0.03.vnnlib,.007011188,timeout,31.429311234
relusplitter,/home/elipregerson/nnenum/vnncomp2025_benchmarks/benchmarks/relusplitter/onnx/mnist_fc_vnncomp2022_mnist-net_256x6_RSPLITTER_mnist_fc_vnncomp2022_prop_13_0.03.onnx,/home/elipregerson/nnenum/vnncomp2025_benchmarks/benchmarks/relusplitter/vnnlib/mnist_fc_vnncomp2022_prop_13_0.03.vnnlib,.006738075,timeout,90.817855684
relusplitter,/home/elipregerson/nnenum/vnncomp2025_benchmarks/benchmarks/relusplitter/onnx/oval21-benchmark_cifar_base_kw.onnx,/home/elipregerson/nnenum/vnncomp2025_benchmarks/benchmarks/relusplitter/vnnlib/oval21-benchmark_cifar_base_kw-img3365-eps0.0407843137254902.vnnlib,.006922489,timeout,61.518905390
relusplitter,/home/elipregerson/nnenum/vnncomp2025_benchmarks/benchmarks/relusplitter/onnx/oval21-benchmark_cifar_base_kw_RSPLITTER_oval21-benchmark_cifar_base_kw-img3365-eps0.0407843137254902.onnx,/home/elipregerson/nnenum/vnncomp2025_benchmarks/benchmarks/relusplitter/vnnlib/oval21-benchmark_cifar_base_kw-img3365-eps0.0407843137254902.vnnlib,.008647662,timeout,180.836276739
relusplitter,/home/elipregerson/nnenum/vnncomp2025_benchmarks/benchmarks/relusplitter/onnx/oval21-benchmark_cifar_base_kw.onnx,/home/elipregerson/nnenum/vnncomp2025_benchmarks/benchmarks/relusplitter/vnnlib/oval21-benchmark_cifar_base_kw-img2537-eps0.006666666666666667.vnnlib,.006963670,timeout,60.796221087
relusplitter,/home/elipregerson/nnenum/vnncomp2025_benchmarks/benchmarks/relusplitter/onnx/oval21-benchmark_cifar_base_kw_RSPLITTER_oval21-benchmark_cifar_base_kw-img2537-eps0.006666666666666667.onnx,/home/elipregerson/nnenum/vnncomp2025_benchmarks/benchmarks/relusplitter/vnnlib/oval21-benchmark_cifar_base_kw-img2537-eps0.006666666666666667.vnnlib,.006454735,timeout,181.007816377
relusplitter,/home/elipregerson/nnenum/vnncomp2025_benchmarks/benchmarks/relusplitter/onnx/oval21-benchmark_cifar_base_kw.onnx,/home/elipregerson/nnenum/vnncomp2025_benchmarks/benchmarks/relusplitter/vnnlib/oval21-benchmark_cifar_base_kw-img1900-eps0.03934640522875817.vnnlib,.006940518,timeout,61.340427576
relusplitter,/home/elipregerson/nnenum/vnncomp2025_benchmarks/benchmarks/relusplitter/onnx/oval21-benchmark_cifar_base_kw_RSPLITTER_oval21-benchmark_cifar_base_kw-img1900-eps0.03934640522875817.onnx,/home/elipregerson/nnenum/vnncomp2025_benchmarks/benchmarks/relusplitter/vnnlib/oval21-benchmark_cifar_base_kw-img1900-eps0.03934640522875817.vnnlib,.006946807,timeout,182.154697968
relusplitter,/home/elipregerson/nnenum/vnncomp2025_benchmarks/benchmarks/relusplitter/onnx/oval21-benchmark_cifar_base_kw.onnx,/home/elipregerson/nnenum/vnncomp2025_benchmarks/benchmarks/relusplitter/vnnlib/oval21-benchmark_cifar_base_kw-img395-eps0.003790849673202614.vnnlib,.006958267,timeout,60.854666596
relusplitter,/home/elipregerson/nnenum/vnncomp2025_benchmarks/benchmarks/relusplitter/onnx/oval21-benchmark_cifar_base_kw_RSPLITTER_oval21-benchmark_cifar_base_kw-img395-eps0.003790849673202614.onnx,/home/elipregerson/nnenum/vnncomp2025_benchmarks/benchmarks/relusplitter/vnnlib/oval21-benchmark_cifar_base_kw-img395-eps0.003790849673202614.vnnlib,.007110814,timeout,181.069245247
relusplitter,/home/elipregerson/nnenum/vnncomp2025_benchmarks/benchmarks/relusplitter/onnx/oval21-benchmark_cifar_base_kw.onnx,/home/elipregerson/nnenum/vnncomp2025_benchmarks/benchmarks/relusplitter/vnnlib/oval21-benchmark_cifar_base_kw-img6098-eps0.006666666666666666.vnnlib,.006925647,timeout,60.876274146
relusplitter,/home/elipregerson/nnenum/vnncomp2025_benchmarks/benchmarks/relusplitter/onnx/oval21-benchmark_cifar_base_kw_RSPLITTER_oval21-benchmark_cifar_base_kw-img6098-eps0.006666666666666666.onnx,/home/elipregerson/nnenum/vnncomp2025_benchmarks/benchmarks/relusplitter/vnnlib/oval21-benchmark_cifar_base_kw-img6098-eps0.006666666666666666.vnnlib,.006866689,timeout,181.006048848
relusplitter,/home/elipregerson/nnenum/vnncomp2025_benchmarks/benchmarks/relusplitter/onnx/oval21-benchmark_cifar_base_kw.onnx,/home/elipregerson/nnenum/vnncomp2025_benchmarks/benchmarks/relusplitter/vnnlib/oval21-benchmark_cifar_base_kw-img2153-eps0.04196078431372549.vnnlib,.006947412,timeout,61.072414071
relusplitter,/home/elipregerson/nnenum/vnncomp2025_benchmarks/benchmarks/relusplitter/onnx/oval21-benchmark_cifar_base_kw_RSPLITTER_oval21-benchmark_cifar_base_kw-img2153-eps0.04196078431372549.onnx,/home/elipregerson/nnenum/vnncomp2025_benchmarks/benchmarks/relusplitter/vnnlib/oval21-benchmark_cifar_base_kw-img2153-eps0.04196078431372549.vnnlib,.006755481,timeout,182.478731767
relusplitter,/home/elipregerson/nnenum/vnncomp2025_benchmarks/benchmarks/relusplitter/onnx/oval21-benchmark_cifar_base_kw.onnx,/home/elipregerson/nnenum/vnncomp2025_benchmarks/benchmarks/relusplitter/vnnlib/oval21-benchmark_cifar_base_kw-img1204-eps0.024967320261437907.vnnlib,.006753313,timeout,61.099408168
relusplitter,/home/elipregerson/nnenum/vnncomp2025_benchmarks/benchmarks/relusplitter/onnx/oval21-benchmark_cifar_base_kw_RSPLITTER_oval21-benchmark_cifar_base_kw-img1204-eps0.024967320261437907.onnx,/home/elipregerson/nnenum/vnncomp2025_benchmarks/benchmarks/relusplitter/vnnlib/oval21-benchmark_cifar_base_kw-img1204-eps0.024967320261437907.vnnlib,.006749527,timeout,181.588605462
relusplitter,/home/elipregerson/nnenum/vnncomp2025_benchmarks/benchmarks/relusplitter/onnx/oval21-benchmark_cifar_base_kw.onnx,/home/elipregerson/nnenum/vnncomp2025_benchmarks/benchmarks/relusplitter/vnnlib/oval21-benchmark_cifar_base_kw-img2341-eps0.049150326797385624.vnnlib,.006677335,timeout,60.937651959
relusplitter,/home/elipregerson/nnenum/vnncomp2025_benchmarks/benchmarks/relusplitter/onnx/oval21-benchmark_cifar_base_kw_RSPLITTER_oval21-benchmark_cifar_base_kw-img2341-eps0.049150326797385624.onnx,/home/elipregerson/nnenum/vnncomp2025_benchmarks/benchmarks/relusplitter/vnnlib/oval21-benchmark_cifar_base_kw-img2341-eps0.049150326797385624.vnnlib,.006620839,timeout,182.205715913
relusplitter,/home/elipregerson/nnenum/vnncomp2025_benchmarks/benchmarks/relusplitter/onnx/oval21-benchmark_cifar_base_kw.onnx,/home/elipregerson/nnenum/vnncomp2025_benchmarks/benchmarks/relusplitter/vnnlib/oval21-benchmark_cifar_base_kw-img8258-eps0.005620915032679739.vnnlib,.006513547,timeout,60.827867674
relusplitter,/home/elipregerson/nnenum/vnncomp2025_benchmarks/benchmarks/relusplitter/onnx/oval21-benchmark_cifar_base_kw_RSPLITTER_oval21-benchmark_cifar_base_kw-img8258-eps0.005620915032679739.onnx,/home/elipregerson/nnenum/vnncomp2025_benchmarks/benchmarks/relusplitter/vnnlib/oval21-benchmark_cifar_base_kw-img8258-eps0.005620915032679739.vnnlib,.006631950,timeout,180.963786174
relusplitter,/home/elipregerson/nnenum/vnncomp2025_benchmarks/benchmarks/relusplitter/onnx/oval21-benchmark_cifar_base_kw.onnx,/home/elipregerson/nnenum/vnncomp2025_benchmarks/benchmarks/relusplitter/vnnlib/oval21-benchmark_cifar_base_kw-img4386-eps0.011111111111111112.vnnlib,.006483636,timeout,60.820956472
relusplitter,/home/elipregerson/nnenum/vnncomp2025_benchmarks/benchmarks/relusplitter/onnx/oval21-benchmark_cifar_base_kw_RSPLITTER_oval21-benchmark_cifar_base_kw-img4386-eps0.011111111111111112.onnx,/home/elipregerson/nnenum/vnncomp2025_benchmarks/benchmarks/relusplitter/vnnlib/oval21-benchmark_cifar_base_kw-img4386-eps0.011111111111111112.vnnlib,.006883806,timeout,181.072229337
relusplitter,/home/elipregerson/nnenum/vnncomp2025_benchmarks/benchmarks/relusplitter/onnx/oval21-benchmark_cifar_deep_kw.onnx,/home/elipregerson/nnenum/vnncomp2025_benchmarks/benchmarks/relusplitter/vnnlib/oval21-benchmark_cifar_deep_kw-img3039-eps0.035686274509803925.vnnlib,.006674946,timeout,61.277716093
relusplitter,/home/elipregerson/nnenum/vnncomp2025_benchmarks/benchmarks/relusplitter/onnx/oval21-benchmark_cifar_deep_kw_RSPLITTER_oval21-benchmark_cifar_deep_kw-img3039-eps0.035686274509803925.onnx,/home/elipregerson/nnenum/vnncomp2025_benchmarks/benchmarks/relusplitter/vnnlib/oval21-benchmark_cifar_deep_kw-img3039-eps0.035686274509803925.vnnlib,.006725859,timeout,181.180364729
relusplitter,/home/elipregerson/nnenum/vnncomp2025_benchmarks/benchmarks/relusplitter/onnx/oval21-benchmark_cifar_deep_kw.onnx,/home/elipregerson/nnenum/vnncomp2025_benchmarks/benchmarks/relusplitter/vnnlib/oval21-benchmark_cifar_deep_kw-img6995-eps0.00954248366013072.vnnlib,.006479455,timeout,60.897830489
relusplitter,/home/elipregerson/nnenum/vnncomp2025_benchmarks/benchmarks/relusplitter/onnx/oval21-benchmark_cifar_deep_kw_RSPLITTER_oval21-benchmark_cifar_deep_kw-img6995-eps0.00954248366013072.onnx,/home/elipregerson/nnenum/vnncomp2025_benchmarks/benchmarks/relusplitter/vnnlib/oval21-benchmark_cifar_deep_kw-img6995-eps0.00954248366013072.vnnlib,.006549141,timeout,181.067690149
relusplitter,/home/elipregerson/nnenum/vnncomp2025_benchmarks/benchmarks/relusplitter/onnx/oval21-benchmark_cifar_deep_kw.onnx,/home/elipregerson/nnenum/vnncomp2025_benchmarks/benchmarks/relusplitter/vnnlib/oval21-benchmark_cifar_deep_kw-img7358-eps0.03869281045751634.vnnlib,.006525484,timeout,61.533322204
relusplitter,/home/elipregerson/nnenum/vnncomp2025_benchmarks/benchmarks/relusplitter/onnx/oval21-benchmark_cifar_deep_kw_RSPLITTER_oval21-benchmark_cifar_deep_kw-img7358-eps0.03869281045751634.onnx,/home/elipregerson/nnenum/vnncomp2025_benchmarks/benchmarks/relusplitter/vnnlib/oval21-benchmark_cifar_deep_kw-img7358-eps0.03869281045751634.vnnlib,.006635340,timeout,180.932319954
relusplitter,/home/elipregerson/nnenum/vnncomp2025_benchmarks/benchmarks/relusplitter/onnx/oval21-benchmark_cifar_deep_kw.onnx,/home/elipregerson/nnenum/vnncomp2025_benchmarks/benchmarks/relusplitter/vnnlib/oval21-benchmark_cifar_deep_kw-img4387-eps0.04705882352941177.vnnlib,.006691414,timeout,61.880652075
relusplitter,/home/elipregerson/nnenum/vnncomp2025_benchmarks/benchmarks/relusplitter/onnx/oval21-benchmark_cifar_deep_kw_RSPLITTER_oval21-benchmark_cifar_deep_kw-img4387-eps0.04705882352941177.onnx,/home/elipregerson/nnenum/vnncomp2025_benchmarks/benchmarks/relusplitter/vnnlib/oval21-benchmark_cifar_deep_kw-img4387-eps0.04705882352941177.vnnlib,.006550193,timeout,181.193395809
relusplitter,/home/elipregerson/nnenum/vnncomp2025_benchmarks/benchmarks/relusplitter/onnx/oval21-benchmark_cifar_deep_kw.onnx,/home/elipregerson/nnenum/vnncomp2025_benchmarks/benchmarks/relusplitter/vnnlib/oval21-benchmark_cifar_deep_kw-img2920-eps0.014248366013071896.vnnlib,.006887835,timeout,60.904506989
relusplitter,/home/elipregerson/nnenum/vnncomp2025_benchmarks/benchmarks/relusplitter/onnx/oval21-benchmark_cifar_deep_kw_RSPLITTER_oval21-benchmark_cifar_deep_kw-img2920-eps0.014248366013071896.onnx,/home/elipregerson/nnenum/vnncomp2025_benchmarks/benchmarks/relusplitter/vnnlib/oval21-benchmark_cifar_deep_kw-img2920-eps0.014248366013071896.vnnlib,.006476104,timeout,180.948148210
relusplitter,/home/elipregerson/nnenum/vnncomp2025_benchmarks/benchmarks/relusplitter/onnx/oval21-benchmark_cifar_deep_kw.onnx,/home/elipregerson/nnenum/vnncomp2025_benchmarks/benchmarks/relusplitter/vnnlib/oval21-benchmark_cifar_deep_kw-img4740-eps0.01647058823529412.vnnlib,.006535964,timeout,60.949932016
relusplitter,/home/elipregerson/nnenum/vnncomp2025_benchmarks/benchmarks/relusplitter/onnx/oval21-benchmark_cifar_deep_kw_RSPLITTER_oval21-benchmark_cifar_deep_kw-img4740-eps0.01647058823529412.onnx,/home/elipregerson/nnenum/vnncomp2025_benchmarks/benchmarks/relusplitter/vnnlib/oval21-benchmark_cifar_deep_kw-img4740-eps0.01647058823529412.vnnlib,.006857575,timeout,180.807512704
relusplitter,/home/elipregerson/nnenum/vnncomp2025_benchmarks/benchmarks/relusplitter/onnx/oval21-benchmark_cifar_deep_kw.onnx,/home/elipregerson/nnenum/vnncomp2025_benchmarks/benchmarks/relusplitter/vnnlib/oval21-benchmark_cifar_deep_kw-img917-eps0.04235294117647059.vnnlib,.006993139,timeout,61.822995060
relusplitter,/home/elipregerson/nnenum/vnncomp2025_benchmarks/benchmarks/relusplitter/onnx/oval21-benchmark_cifar_deep_kw_RSPLITTER_oval21-benchmark_cifar_deep_kw-img917-eps0.04235294117647059.onnx,/home/elipregerson/nnenum/vnncomp2025_benchmarks/benchmarks/relusplitter/vnnlib/oval21-benchmark_cifar_deep_kw-img917-eps0.04235294117647059.vnnlib,.006520300,timeout,180.831033321
relusplitter,/home/elipregerson/nnenum/vnncomp2025_benchmarks/benchmarks/relusplitter/onnx/oval21-benchmark_cifar_deep_kw.onnx,/home/elipregerson/nnenum/vnncomp2025_benchmarks/benchmarks/relusplitter/vnnlib/oval21-benchmark_cifar_deep_kw-img5988-eps0.037516339869281046.vnnlib,.006526646,timeout,63.981963288
relusplitter,/home/elipregerson/nnenum/vnncomp2025_benchmarks/benchmarks/relusplitter/onnx/oval21-benchmark_cifar_deep_kw_RSPLITTER_oval21-benchmark_cifar_deep_kw-img5988-eps0.037516339869281046.onnx,/home/elipregerson/nnenum/vnncomp2025_benchmarks/benchmarks/relusplitter/vnnlib/oval21-benchmark_cifar_deep_kw-img5988-eps0.037516339869281046.vnnlib,.006702326,timeout,233.428891027
relusplitter,/home/elipregerson/nnenum/vnncomp2025_benchmarks/benchmarks/relusplitter/onnx/oval21-benchmark_cifar_deep_kw.onnx,/home/elipregerson/nnenum/vnncomp2025_benchmarks/benchmarks/relusplitter/vnnlib/oval21-benchmark_cifar_deep_kw-img6254-eps0.013594771241830067.vnnlib,.007421381,timeout,60.719366691
relusplitter,/home/elipregerson/nnenum/vnncomp2025_benchmarks/benchmarks/relusplitter/onnx/oval21-benchmark_cifar_deep_kw_RSPLITTER_oval21-benchmark_cifar_deep_kw-img6254-eps0.013594771241830067.onnx,/home/elipregerson/nnenum/vnncomp2025_benchmarks/benchmarks/relusplitter/vnnlib/oval21-benchmark_cifar_deep_kw-img6254-eps0.013594771241830067.vnnlib,.006546238,timeout,181.482875092
relusplitter,/home/elipregerson/nnenum/vnncomp2025_benchmarks/benchmarks/relusplitter/onnx/oval21-benchmark_cifar_deep_kw.onnx,/home/elipregerson/nnenum/vnncomp2025_benchmarks/benchmarks/relusplitter/vnnlib/oval21-benchmark_cifar_deep_kw-img3782-eps0.053202614379084974.vnnlib,.006751024,timeout,62.753339683
relusplitter,/home/elipregerson/nnenum/vnncomp2025_benchmarks/benchmarks/relusplitter/onnx/oval21-benchmark_cifar_deep_kw_RSPLITTER_oval21-benchmark_cifar_deep_kw-img3782-eps0.053202614379084974.onnx,/home/elipregerson/nnenum/vnncomp2025_benchmarks/benchmarks/relusplitter/vnnlib/oval21-benchmark_cifar_deep_kw-img3782-eps0.053202614379084974.vnnlib,.006621858,run_instance_timeout,240.014398568
relusplitter,/home/elipregerson/nnenum/vnncomp2025_benchmarks/benchmarks/relusplitter/onnx/oval21-benchmark_cifar_wide_kw.onnx,/home/elipregerson/nnenum/vnncomp2025_benchmarks/benchmarks/relusplitter/vnnlib/oval21-benchmark_cifar_wide_kw-img4351-eps0.03633986928104575.vnnlib,.009739698,timeout,61.405814623
relusplitter,/home/elipregerson/nnenum/vnncomp2025_benchmarks/benchmarks/relusplitter/onnx/oval21-benchmark_cifar_wide_kw_RSPLITTER_oval21-benchmark_cifar_wide_kw-img4351-eps0.03633986928104575.onnx,/home/elipregerson/nnenum/vnncomp2025_benchmarks/benchmarks/relusplitter/vnnlib/oval21-benchmark_cifar_wide_kw-img4351-eps0.03633986928104575.vnnlib,.006821592,timeout,200.050528502
relusplitter,/home/elipregerson/nnenum/vnncomp2025_benchmarks/benchmarks/relusplitter/onnx/oval21-benchmark_cifar_wide_kw.onnx,/home/elipregerson/nnenum/vnncomp2025_benchmarks/benchmarks/relusplitter/vnnlib/oval21-benchmark_cifar_wide_kw-img7814-eps0.01738562091503268.vnnlib,.006575943,timeout,63.279260271
relusplitter,/home/elipregerson/nnenum/vnncomp2025_benchmarks/benchmarks/relusplitter/onnx/oval21-benchmark_cifar_wide_kw_RSPLITTER_oval21-benchmark_cifar_wide_kw-img7814-eps0.01738562091503268.onnx,/home/elipregerson/nnenum/vnncomp2025_benchmarks/benchmarks/relusplitter/vnnlib/oval21-benchmark_cifar_wide_kw-img7814-eps0.01738562091503268.vnnlib,.006760222,timeout,181.761643509
relusplitter,/home/elipregerson/nnenum/vnncomp2025_benchmarks/benchmarks/relusplitter/onnx/oval21-benchmark_cifar_wide_kw.onnx,/home/elipregerson/nnenum/vnncomp2025_benchmarks/benchmarks/relusplitter/vnnlib/oval21-benchmark_cifar_wide_kw-img2440-eps0.010588235294117648.vnnlib,.006595900,timeout,60.740244173
relusplitter,/home/elipregerson/nnenum/vnncomp2025_benchmarks/benchmarks/relusplitter/onnx/oval21-benchmark_cifar_wide_kw_RSPLITTER_oval21-benchmark_cifar_wide_kw-img2440-eps0.010588235294117648.onnx,/home/elipregerson/nnenum/vnncomp2025_benchmarks/benchmarks/relusplitter/vnnlib/oval21-benchmark_cifar_wide_kw-img2440-eps0.010588235294117648.vnnlib,.006523317,timeout,182.369994426
relusplitter,/home/elipregerson/nnenum/vnncomp2025_benchmarks/benchmarks/relusplitter/onnx/oval21-benchmark_cifar_wide_kw.onnx,/home/elipregerson/nnenum/vnncomp2025_benchmarks/benchmarks/relusplitter/vnnlib/oval21-benchmark_cifar_wide_kw-img6947-eps0.019084967320261437.vnnlib,.006595426,timeout,60.819300903
relusplitter,/home/elipregerson/nnenum/vnncomp2025_benchmarks/benchmarks/relusplitter/onnx/oval21-benchmark_cifar_wide_kw_RSPLITTER_oval21-benchmark_cifar_wide_kw-img6947-eps0.019084967320261437.onnx,/home/elipregerson/nnenum/vnncomp2025_benchmarks/benchmarks/relusplitter/vnnlib/oval21-benchmark_cifar_wide_kw-img6947-eps0.019084967320261437.vnnlib,.006633360,error_exit_code_1,59.463419597
relusplitter,/home/elipregerson/nnenum/vnncomp2025_benchmarks/benchmarks/relusplitter/onnx/oval21-benchmark_cifar_wide_kw.onnx,/home/elipregerson/nnenum/vnncomp2025_benchmarks/benchmarks/relusplitter/vnnlib/oval21-benchmark_cifar_wide_kw-img4760-eps0.0134640522875817.vnnlib,.006563841,timeout,61.077638674
relusplitter,/home/elipregerson/nnenum/vnncomp2025_benchmarks/benchmarks/relusplitter/onnx/oval21-benchmark_cifar_wide_kw_RSPLITTER_oval21-benchmark_cifar_wide_kw-img4760-eps0.0134640522875817.onnx,/home/elipregerson/nnenum/vnncomp2025_benchmarks/benchmarks/relusplitter/vnnlib/oval21-benchmark_cifar_wide_kw-img4760-eps0.0134640522875817.vnnlib,.006624641,timeout,182.215119708
relusplitter,/home/elipregerson/nnenum/vnncomp2025_benchmarks/benchmarks/relusplitter/onnx/oval21-benchmark_cifar_wide_kw.onnx,/home/elipregerson/nnenum/vnncomp2025_benchmarks/benchmarks/relusplitter/vnnlib/oval21-benchmark_cifar_wide_kw-img4409-eps0.021307189542483663.vnnlib,.006631482,timeout,61.186245571
relusplitter,/home/elipregerson/nnenum/vnncomp2025_benchmarks/benchmarks/relusplitter/onnx/oval21-benchmark_cifar_wide_kw_RSPLITTER_oval21-benchmark_cifar_wide_kw-img4409-eps0.021307189542483663.onnx,/home/elipregerson/nnenum/vnncomp2025_benchmarks/benchmarks/relusplitter/vnnlib/oval21-benchmark_cifar_wide_kw-img4409-eps0.021307189542483663.vnnlib,.006687747,timeout,181.641931487
relusplitter,/home/elipregerson/nnenum/vnncomp2025_benchmarks/benchmarks/relusplitter/onnx/oval21-benchmark_cifar_wide_kw.onnx,/home/elipregerson/nnenum/vnncomp2025_benchmarks/benchmarks/relusplitter/vnnlib/oval21-benchmark_cifar_wide_kw-img773-eps0.0026143790849673205.vnnlib,.006831536,sat,7.904138753
relusplitter,/home/elipregerson/nnenum/vnncomp2025_benchmarks/benchmarks/relusplitter/onnx/oval21-benchmark_cifar_wide_kw_RSPLITTER_oval21-benchmark_cifar_wide_kw-img773-eps0.0026143790849673205.onnx,/home/elipregerson/nnenum/vnncomp2025_benchmarks/benchmarks/relusplitter/vnnlib/oval21-benchmark_cifar_wide_kw-img773-eps0.0026143790849673205.vnnlib,.006605351,sat,15.290686151
relusplitter,/home/elipregerson/nnenum/vnncomp2025_benchmarks/benchmarks/relusplitter/onnx/oval21-benchmark_cifar_wide_kw.onnx,/home/elipregerson/nnenum/vnncomp2025_benchmarks/benchmarks/relusplitter/vnnlib/oval21-benchmark_cifar_wide_kw-img7176-eps0.004183006535947713.vnnlib,.006549936,timeout,61.213432647
relusplitter,/home/elipregerson/nnenum/vnncomp2025_benchmarks/benchmarks/relusplitter/onnx/oval21-benchmark_cifar_wide_kw_RSPLITTER_oval21-benchmark_cifar_wide_kw-img7176-eps0.004183006535947713.onnx,/home/elipregerson/nnenum/vnncomp2025_benchmarks/benchmarks/relusplitter/vnnlib/oval21-benchmark_cifar_wide_kw-img7176-eps0.004183006535947713.vnnlib,.006846538,timeout,182.135886855
relusplitter,/home/elipregerson/nnenum/vnncomp2025_benchmarks/benchmarks/relusplitter/onnx/oval21-benchmark_cifar_wide_kw.onnx,/home/elipregerson/nnenum/vnncomp2025_benchmarks/benchmarks/relusplitter/vnnlib/oval21-benchmark_cifar_wide_kw-img4279-eps0.02143790849673203.vnnlib,.006498739,timeout,61.123954728
relusplitter,/home/elipregerson/nnenum/vnncomp2025_benchmarks/benchmarks/relusplitter/onnx/oval21-benchmark_cifar_wide_kw_RSPLITTER_oval21-benchmark_cifar_wide_kw-img4279-eps0.02143790849673203.onnx,/home/elipregerson/nnenum/vnncomp2025_benchmarks/benchmarks/relusplitter/vnnlib/oval21-benchmark_cifar_wide_kw-img4279-eps0.02143790849673203.vnnlib,.006516412,timeout,183.353528415
relusplitter,/home/elipregerson/nnenum/vnncomp2025_benchmarks/benchmarks/relusplitter/onnx/oval21-benchmark_cifar_wide_kw.onnx,/home/elipregerson/nnenum/vnncomp2025_benchmarks/benchmarks/relusplitter/vnnlib/oval21-benchmark_cifar_wide_kw-img7442-eps0.006666666666666667.vnnlib,.006472264,timeout,61.313305587
relusplitter,/home/elipregerson/nnenum/vnncomp2025_benchmarks/benchmarks/relusplitter/onnx/oval21-benchmark_cifar_wide_kw_RSPLITTER_oval21-benchmark_cifar_wide_kw-img7442-eps0.006666666666666667.onnx,/home/elipregerson/nnenum/vnncomp2025_benchmarks/benchmarks/relusplitter/vnnlib/oval21-benchmark_cifar_wide_kw-img7442-eps0.006666666666666667.vnnlib,.006796447,timeout,180.985659262
relusplitter,/home/elipregerson/nnenum/vnncomp2025_benchmarks/benchmarks/relusplitter/onnx/cifar_biasfield_vnncomp2022_cifar_bias_field_28.onnx,/home/elipregerson/nnenum/vnncomp2025_benchmarks/benchmarks/relusplitter/vnnlib/cifar_biasfield_vnncomp2022_prop_28.vnnlib,.006607435,timeout,60.699379655
relusplitter,/home/elipregerson/nnenum/vnncomp2025_benchmarks/benchmarks/relusplitter/onnx/cifar_biasfield_vnncomp2022_cifar_bias_field_28_RSPLITTER_cifar_biasfield_vnncomp2022_prop_28.onnx,/home/elipregerson/nnenum/vnncomp2025_benchmarks/benchmarks/relusplitter/vnnlib/cifar_biasfield_vnncomp2022_prop_28.vnnlib,.006527863,timeout,180.931204963
relusplitter,/home/elipregerson/nnenum/vnncomp2025_benchmarks/benchmarks/relusplitter/onnx/cifar_biasfield_vnncomp2022_cifar_bias_field_8.onnx,/home/elipregerson/nnenum/vnncomp2025_benchmarks/benchmarks/relusplitter/vnnlib/cifar_biasfield_vnncomp2022_prop_8.vnnlib,.006618405,timeout,63.532302459
relusplitter,/home/elipregerson/nnenum/vnncomp2025_benchmarks/benchmarks/relusplitter/onnx/cifar_biasfield_vnncomp2022_cifar_bias_field_8_RSPLITTER_cifar_biasfield_vnncomp2022_prop_8.onnx,/home/elipregerson/nnenum/vnncomp2025_benchmarks/benchmarks/relusplitter/vnnlib/cifar_biasfield_vnncomp2022_prop_8.vnnlib,.006840719,timeout,180.863450217
relusplitter,/home/elipregerson/nnenum/vnncomp2025_benchmarks/benchmarks/relusplitter/onnx/cifar_biasfield_vnncomp2022_cifar_bias_field_19.onnx,/home/elipregerson/nnenum/vnncomp2025_benchmarks/benchmarks/relusplitter/vnnlib/cifar_biasfield_vnncomp2022_prop_19.vnnlib,.006473258,unsat,2.896504079
relusplitter,/home/elipregerson/nnenum/vnncomp2025_benchmarks/benchmarks/relusplitter/onnx/cifar_biasfield_vnncomp2022_cifar_bias_field_19_RSPLITTER_cifar_biasfield_vnncomp2022_prop_19.onnx,/home/elipregerson/nnenum/vnncomp2025_benchmarks/benchmarks/relusplitter/vnnlib/cifar_biasfield_vnncomp2022_prop_19.vnnlib,.006487736,timeout,181.260446365
relusplitter,/home/elipregerson/nnenum/vnncomp2025_benchmarks/benchmarks/relusplitter/onnx/cifar_biasfield_vnncomp2022_cifar_bias_field_45.onnx,/home/elipregerson/nnenum/vnncomp2025_benchmarks/benchmarks/relusplitter/vnnlib/cifar_biasfield_vnncomp2022_prop_45.vnnlib,.006510517,timeout,60.759303230
relusplitter,/home/elipregerson/nnenum/vnncomp2025_benchmarks/benchmarks/relusplitter/onnx/cifar_biasfield_vnncomp2022_cifar_bias_field_45_RSPLITTER_cifar_biasfield_vnncomp2022_prop_45.onnx,/home/elipregerson/nnenum/vnncomp2025_benchmarks/benchmarks/relusplitter/vnnlib/cifar_biasfield_vnncomp2022_prop_45.vnnlib,.008099563,timeout,180.974968910
relusplitter,/home/elipregerson/nnenum/vnncomp2025_benchmarks/benchmarks/relusplitter/onnx/cifar_biasfield_vnncomp2022_cifar_bias_field_24.onnx,/home/elipregerson/nnenum/vnncomp2025_benchmarks/benchmarks/relusplitter/vnnlib/cifar_biasfield_vnncomp2022_prop_24.vnnlib,.006557444,timeout,63.659043767
relusplitter,/home/elipregerson/nnenum/vnncomp2025_benchmarks/benchmarks/relusplitter/onnx/cifar_biasfield_vnncomp2022_cifar_bias_field_24_RSPLITTER_cifar_biasfield_vnncomp2022_prop_24.onnx,/home/elipregerson/nnenum/vnncomp2025_benchmarks/benchmarks/relusplitter/vnnlib/cifar_biasfield_vnncomp2022_prop_24.vnnlib,.007437266,timeout,180.919900466
relusplitter,/home/elipregerson/nnenum/vnncomp2025_benchmarks/benchmarks/relusplitter/onnx/cifar_biasfield_vnncomp2022_cifar_bias_field_1.onnx,/home/elipregerson/nnenum/vnncomp2025_benchmarks/benchmarks/relusplitter/vnnlib/cifar_biasfield_vnncomp2022_prop_1.vnnlib,.006598136,timeout,60.740585166
relusplitter,/home/elipregerson/nnenum/vnncomp2025_benchmarks/benchmarks/relusplitter/onnx/cifar_biasfield_vnncomp2022_cifar_bias_field_1_RSPLITTER_cifar_biasfield_vnncomp2022_prop_1.onnx,/home/elipregerson/nnenum/vnncomp2025_benchmarks/benchmarks/relusplitter/vnnlib/cifar_biasfield_vnncomp2022_prop_1.vnnlib,.010266365,timeout,180.876694530
relusplitter,/home/elipregerson/nnenum/vnncomp2025_benchmarks/benchmarks/relusplitter/onnx/cifar_biasfield_vnncomp2022_cifar_bias_field_15.onnx,/home/elipregerson/nnenum/vnncomp2025_benchmarks/benchmarks/relusplitter/vnnlib/cifar_biasfield_vnncomp2022_prop_15.vnnlib,.006638384,timeout,60.639144637
relusplitter,/home/elipregerson/nnenum/vnncomp2025_benchmarks/benchmarks/relusplitter/onnx/cifar_biasfield_vnncomp2022_cifar_bias_field_15_RSPLITTER_cifar_biasfield_vnncomp2022_prop_15.onnx,/home/elipregerson/nnenum/vnncomp2025_benchmarks/benchmarks/relusplitter/vnnlib/cifar_biasfield_vnncomp2022_prop_15.vnnlib,.006766684,timeout,181.389142687
relusplitter,/home/elipregerson/nnenum/vnncomp2025_benchmarks/benchmarks/relusplitter/onnx/cifar_biasfield_vnncomp2022_cifar_bias_field_46.onnx,/home/elipregerson/nnenum/vnncomp2025_benchmarks/benchmarks/relusplitter/vnnlib/cifar_biasfield_vnncomp2022_prop_46.vnnlib,.007341588,timeout,60.750884791
relusplitter,/home/elipregerson/nnenum/vnncomp2025_benchmarks/benchmarks/relusplitter/onnx/cifar_biasfield_vnncomp2022_cifar_bias_field_46_RSPLITTER_cifar_biasfield_vnncomp2022_prop_46.onnx,/home/elipregerson/nnenum/vnncomp2025_benchmarks/benchmarks/relusplitter/vnnlib/cifar_biasfield_vnncomp2022_prop_46.vnnlib,.006448459,timeout,181.000181177
relusplitter,/home/elipregerson/nnenum/vnncomp2025_benchmarks/benchmarks/relusplitter/onnx/cifar_biasfield_vnncomp2022_cifar_bias_field_22.onnx,/home/elipregerson/nnenum/vnncomp2025_benchmarks/benchmarks/relusplitter/vnnlib/cifar_biasfield_vnncomp2022_prop_22.vnnlib,.006574729,timeout,61.597631910
relusplitter,/home/elipregerson/nnenum/vnncomp2025_benchmarks/benchmarks/relusplitter/onnx/cifar_biasfield_vnncomp2022_cifar_bias_field_22_RSPLITTER_cifar_biasfield_vnncomp2022_prop_22.onnx,/home/elipregerson/nnenum/vnncomp2025_benchmarks/benchmarks/relusplitter/vnnlib/cifar_biasfield_vnncomp2022_prop_22.vnnlib,.006617488,timeout,180.845588294
relusplitter,/home/elipregerson/nnenum/vnncomp2025_benchmarks/benchmarks/relusplitter/onnx/cifar_biasfield_vnncomp2022_cifar_bias_field_26.onnx,/home/elipregerson/nnenum/vnncomp2025_benchmarks/benchmarks/relusplitter/vnnlib/cifar_biasfield_vnncomp2022_prop_26.vnnlib,.006444116,timeout,60.724033945
relusplitter,/home/elipregerson/nnenum/vnncomp2025_benchmarks/benchmarks/relusplitter/onnx/cifar_biasfield_vnncomp2022_cifar_bias_field_26_RSPLITTER_cifar_biasfield_vnncomp2022_prop_26.onnx,/home/elipregerson/nnenum/vnncomp2025_benchmarks/benchmarks/relusplitter/vnnlib/cifar_biasfield_vnncomp2022_prop_26.vnnlib,.007535783,timeout,180.778968575
relusplitter,/home/elipregerson/nnenum/vnncomp2025_benchmarks/benchmarks/relusplitter/onnx/cifar_biasfield_vnncomp2022_cifar_bias_field_40.onnx,/home/elipregerson/nnenum/vnncomp2025_benchmarks/benchmarks/relusplitter/vnnlib/cifar_biasfield_vnncomp2022_prop_40.vnnlib,.006627195,timeout,60.763520731
relusplitter,/home/elipregerson/nnenum/vnncomp2025_benchmarks/benchmarks/relusplitter/onnx/cifar_biasfield_vnncomp2022_cifar_bias_field_40_RSPLITTER_cifar_biasfield_vnncomp2022_prop_40.onnx,/home/elipregerson/nnenum/vnncomp2025_benchmarks/benchmarks/relusplitter/vnnlib/cifar_biasfield_vnncomp2022_prop_40.vnnlib,.007743293,timeout,180.825577860
relusplitter,/home/elipregerson/nnenum/vnncomp2025_benchmarks/benchmarks/relusplitter/onnx/cifar_biasfield_vnncomp2022_cifar_bias_field_64.onnx,/home/elipregerson/nnenum/vnncomp2025_benchmarks/benchmarks/relusplitter/vnnlib/cifar_biasfield_vnncomp2022_prop_64.vnnlib,.006669938,timeout,60.925304029
relusplitter,/home/elipregerson/nnenum/vnncomp2025_benchmarks/benchmarks/relusplitter/onnx/cifar_biasfield_vnncomp2022_cifar_bias_field_64_RSPLITTER_cifar_biasfield_vnncomp2022_prop_64.onnx,/home/elipregerson/nnenum/vnncomp2025_benchmarks/benchmarks/relusplitter/vnnlib/cifar_biasfield_vnncomp2022_prop_64.vnnlib,.006490433,timeout,181.472289212
relusplitter,/home/elipregerson/nnenum/vnncomp2025_benchmarks/benchmarks/relusplitter/onnx/cifar_biasfield_vnncomp2022_cifar_bias_field_66.onnx,/home/elipregerson/nnenum/vnncomp2025_benchmarks/benchmarks/relusplitter/vnnlib/cifar_biasfield_vnncomp2022_prop_66.vnnlib,.006561857,timeout,62.469526122
relusplitter,/home/elipregerson/nnenum/vnncomp2025_benchmarks/benchmarks/relusplitter/onnx/cifar_biasfield_vnncomp2022_cifar_bias_field_66_RSPLITTER_cifar_biasfield_vnncomp2022_prop_66.onnx,/home/elipregerson/nnenum/vnncomp2025_benchmarks/benchmarks/relusplitter/vnnlib/cifar_biasfield_vnncomp2022_prop_66.vnnlib,.006615065,timeout,183.434743761
relusplitter,/home/elipregerson/nnenum/vnncomp2025_benchmarks/benchmarks/relusplitter/onnx/cifar_biasfield_vnncomp2022_cifar_bias_field_11.onnx,/home/elipregerson/nnenum/vnncomp2025_benchmarks/benchmarks/relusplitter/vnnlib/cifar_biasfield_vnncomp2022_prop_11.vnnlib,.006716915,timeout,60.854053486
relusplitter,/home/elipregerson/nnenum/vnncomp2025_benchmarks/benchmarks/relusplitter/onnx/cifar_biasfield_vnncomp2022_cifar_bias_field_11_RSPLITTER_cifar_biasfield_vnncomp2022_prop_11.onnx,/home/elipregerson/nnenum/vnncomp2025_benchmarks/benchmarks/relusplitter/vnnlib/cifar_biasfield_vnncomp2022_prop_11.vnnlib,.006791617,timeout,180.972470335
relusplitter,/home/elipregerson/nnenum/vnncomp2025_benchmarks/benchmarks/relusplitter/onnx/cifar_biasfield_vnncomp2022_cifar_bias_field_50.onnx,/home/elipregerson/nnenum/vnncomp2025_benchmarks/benchmarks/relusplitter/vnnlib/cifar_biasfield_vnncomp2022_prop_50.vnnlib,.006655533,timeout,61.176300162
relusplitter,/home/elipregerson/nnenum/vnncomp2025_benchmarks/benchmarks/relusplitter/onnx/cifar_biasfield_vnncomp2022_cifar_bias_field_50_RSPLITTER_cifar_biasfield_vnncomp2022_prop_50.onnx,/home/elipregerson/nnenum/vnncomp2025_benchmarks/benchmarks/relusplitter/vnnlib/cifar_biasfield_vnncomp2022_prop_50.vnnlib,.006638765,timeout,199.626330838
relusplitter,/home/elipregerson/nnenum/vnncomp2025_benchmarks/benchmarks/relusplitter/onnx/cifar_biasfield_vnncomp2022_cifar_bias_field_14.onnx,/home/elipregerson/nnenum/vnncomp2025_benchmarks/benchmarks/relusplitter/vnnlib/cifar_biasfield_vnncomp2022_prop_14.vnnlib,.006538964,timeout,65.586092817
relusplitter,/home/elipregerson/nnenum/vnncomp2025_benchmarks/benchmarks/relusplitter/onnx/cifar_biasfield_vnncomp2022_cifar_bias_field_14_RSPLITTER_cifar_biasfield_vnncomp2022_prop_14.onnx,/home/elipregerson/nnenum/vnncomp2025_benchmarks/benchmarks/relusplitter/vnnlib/cifar_biasfield_vnncomp2022_prop_14.vnnlib,.006418241,timeout,180.730925816
relusplitter,/home/elipregerson/nnenum/vnncomp2025_benchmarks/benchmarks/relusplitter/onnx/cifar_biasfield_vnncomp2022_cifar_bias_field_20.onnx,/home/elipregerson/nnenum/vnncomp2025_benchmarks/benchmarks/relusplitter/vnnlib/cifar_biasfield_vnncomp2022_prop_20.vnnlib,.006473341,timeout,61.055251660
relusplitter,/home/elipregerson/nnenum/vnncomp2025_benchmarks/benchmarks/relusplitter/onnx/cifar_biasfield_vnncomp2022_cifar_bias_field_20_RSPLITTER_cifar_biasfield_vnncomp2022_prop_20.onnx,/home/elipregerson/nnenum/vnncomp2025_benchmarks/benchmarks/relusplitter/vnnlib/cifar_biasfield_vnncomp2022_prop_20.vnnlib,.006750255,timeout,180.927089206
relusplitter,/home/elipregerson/nnenum/vnncomp2025_benchmarks/benchmarks/relusplitter/onnx/cifar_biasfield_vnncomp2022_cifar_bias_field_16.onnx,/home/elipregerson/nnenum/vnncomp2025_benchmarks/benchmarks/relusplitter/vnnlib/cifar_biasfield_vnncomp2022_prop_16.vnnlib,.006628417,timeout,61.279918857
relusplitter,/home/elipregerson/nnenum/vnncomp2025_benchmarks/benchmarks/relusplitter/onnx/cifar_biasfield_vnncomp2022_cifar_bias_field_16_RSPLITTER_cifar_biasfield_vnncomp2022_prop_16.onnx,/home/elipregerson/nnenum/vnncomp2025_benchmarks/benchmarks/relusplitter/vnnlib/cifar_biasfield_vnncomp2022_prop_16.vnnlib,.006531308,timeout,185.913179989
relusplitter,/home/elipregerson/nnenum/vnncomp2025_benchmarks/benchmarks/relusplitter/onnx/cifar_biasfield_vnncomp2022_cifar_bias_field_29.onnx,/home/elipregerson/nnenum/vnncomp2025_benchmarks/benchmarks/relusplitter/vnnlib/cifar_biasfield_vnncomp2022_prop_29.vnnlib,.007286636,timeout,60.666451695
relusplitter,/home/elipregerson/nnenum/vnncomp2025_benchmarks/benchmarks/relusplitter/onnx/cifar_biasfield_vnncomp2022_cifar_bias_field_29_RSPLITTER_cifar_biasfield_vnncomp2022_prop_29.onnx,/home/elipregerson/nnenum/vnncomp2025_benchmarks/benchmarks/relusplitter/vnnlib/cifar_biasfield_vnncomp2022_prop_29.vnnlib,.006454511,timeout,180.947332466
relusplitter,/home/elipregerson/nnenum/vnncomp2025_benchmarks/benchmarks/relusplitter/onnx/cifar_biasfield_vnncomp2022_cifar_bias_field_70.onnx,/home/elipregerson/nnenum/vnncomp2025_benchmarks/benchmarks/relusplitter/vnnlib/cifar_biasfield_vnncomp2022_prop_70.vnnlib,.006533427,timeout,60.639539985
relusplitter,/home/elipregerson/nnenum/vnncomp2025_benchmarks/benchmarks/relusplitter/onnx/cifar_biasfield_vnncomp2022_cifar_bias_field_70_RSPLITTER_cifar_biasfield_vnncomp2022_prop_70.onnx,/home/elipregerson/nnenum/vnncomp2025_benchmarks/benchmarks/relusplitter/vnnlib/cifar_biasfield_vnncomp2022_prop_70.vnnlib,.006518315,timeout,180.660616163
relusplitter,/home/elipregerson/nnenum/vnncomp2025_benchmarks/benchmarks/relusplitter/onnx/cifar_biasfield_vnncomp2022_cifar_bias_field_2.onnx,/home/elipregerson/nnenum/vnncomp2025_benchmarks/benchmarks/relusplitter/vnnlib/cifar_biasfield_vnncomp2022_prop_2.vnnlib,.006467349,timeout,60.630382603
relusplitter,/home/elipregerson/nnenum/vnncomp2025_benchmarks/benchmarks/relusplitter/onnx/cifar_biasfield_vnncomp2022_cifar_bias_field_2_RSPLITTER_cifar_biasfield_vnncomp2022_prop_2.onnx,/home/elipregerson/nnenum/vnncomp2025_benchmarks/benchmarks/relusplitter/vnnlib/cifar_biasfield_vnncomp2022_prop_2.vnnlib,.006497720,timeout,195.944278979
relusplitter,/home/elipregerson/nnenum/vnncomp2025_benchmarks/benchmarks/relusplitter/onnx/cifar_biasfield_vnncomp2022_cifar_bias_field_49.onnx,/home/elipregerson/nnenum/vnncomp2025_benchmarks/benchmarks/relusplitter/vnnlib/cifar_biasfield_vnncomp2022_prop_49.vnnlib,.006805783,timeout,63.592412775
relusplitter,/home/elipregerson/nnenum/vnncomp2025_benchmarks/benchmarks/relusplitter/onnx/cifar_biasfield_vnncomp2022_cifar_bias_field_49_RSPLITTER_cifar_biasfield_vnncomp2022_prop_49.onnx,/home/elipregerson/nnenum/vnncomp2025_benchmarks/benchmarks/relusplitter/vnnlib/cifar_biasfield_vnncomp2022_prop_49.vnnlib,.007135801,timeout,180.784293504
relusplitter,/home/elipregerson/nnenum/vnncomp2025_benchmarks/benchmarks/relusplitter/onnx/cifar_biasfield_vnncomp2022_cifar_bias_field_37.onnx,/home/elipregerson/nnenum/vnncomp2025_benchmarks/benchmarks/relusplitter/vnnlib/cifar_biasfield_vnncomp2022_prop_37.vnnlib,.007218342,timeout,60.663741283
relusplitter,/home/elipregerson/nnenum/vnncomp2025_benchmarks/benchmarks/relusplitter/onnx/cifar_biasfield_vnncomp2022_cifar_bias_field_37_RSPLITTER_cifar_biasfield_vnncomp2022_prop_37.onnx,/home/elipregerson/nnenum/vnncomp2025_benchmarks/benchmarks/relusplitter/vnnlib/cifar_biasfield_vnncomp2022_prop_37.vnnlib,.007251831,timeout,181.148851926
relusplitter,/home/elipregerson/nnenum/vnncomp2025_benchmarks/benchmarks/relusplitter/onnx/cifar_biasfield_vnncomp2022_cifar_bias_field_69.onnx,/home/elipregerson/nnenum/vnncomp2025_benchmarks/benchmarks/relusplitter/vnnlib/cifar_biasfield_vnncomp2022_prop_69.vnnlib,.006753237,timeout,61.146867159
relusplitter,/home/elipregerson/nnenum/vnncomp2025_benchmarks/benchmarks/relusplitter/onnx/cifar_biasfield_vnncomp2022_cifar_bias_field_69_RSPLITTER_cifar_biasfield_vnncomp2022_prop_69.onnx,/home/elipregerson/nnenum/vnncomp2025_benchmarks/benchmarks/relusplitter/vnnlib/cifar_biasfield_vnncomp2022_prop_69.vnnlib,.006482154,timeout,181.693601207
relusplitter,/home/elipregerson/nnenum/vnncomp2025_benchmarks/benchmarks/relusplitter/onnx/cifar_biasfield_vnncomp2022_cifar_bias_field_43.onnx,/home/elipregerson/nnenum/vnncomp2025_benchmarks/benchmarks/relusplitter/vnnlib/cifar_biasfield_vnncomp2022_prop_43.vnnlib,.006540929,timeout,60.737967772
relusplitter,/home/elipregerson/nnenum/vnncomp2025_benchmarks/benchmarks/relusplitter/onnx/cifar_biasfield_vnncomp2022_cifar_bias_field_43_RSPLITTER_cifar_biasfield_vnncomp2022_prop_43.onnx,/home/elipregerson/nnenum/vnncomp2025_benchmarks/benchmarks/relusplitter/vnnlib/cifar_biasfield_vnncomp2022_prop_43.vnnlib,.006644238,timeout,180.646406407
relusplitter,/home/elipregerson/nnenum/vnncomp2025_benchmarks/benchmarks/relusplitter/onnx/cifar_biasfield_vnncomp2022_cifar_bias_field_41.onnx,/home/elipregerson/nnenum/vnncomp2025_benchmarks/benchmarks/relusplitter/vnnlib/cifar_biasfield_vnncomp2022_prop_41.vnnlib,.006600992,timeout,60.905810413
relusplitter,/home/elipregerson/nnenum/vnncomp2025_benchmarks/benchmarks/relusplitter/onnx/cifar_biasfield_vnncomp2022_cifar_bias_field_41_RSPLITTER_cifar_biasfield_vnncomp2022_prop_41.onnx,/home/elipregerson/nnenum/vnncomp2025_benchmarks/benchmarks/relusplitter/vnnlib/cifar_biasfield_vnncomp2022_prop_41.vnnlib,.006608647,timeout,180.673077133
relusplitter,/home/elipregerson/nnenum/vnncomp2025_benchmarks/benchmarks/relusplitter/onnx/cifar_biasfield_vnncomp2022_cifar_bias_field_21.onnx,/home/elipregerson/nnenum/vnncomp2025_benchmarks/benchmarks/relusplitter/vnnlib/cifar_biasfield_vnncomp2022_prop_21.vnnlib,.006566888,timeout,60.741574823
relusplitter,/home/elipregerson/nnenum/vnncomp2025_benchmarks/benchmarks/relusplitter/onnx/cifar_biasfield_vnncomp2022_cifar_bias_field_21_RSPLITTER_cifar_biasfield_vnncomp2022_prop_21.onnx,/home/elipregerson/nnenum/vnncomp2025_benchmarks/benchmarks/relusplitter/vnnlib/cifar_biasfield_vnncomp2022_prop_21.vnnlib,.006498444,timeout,181.020759726
relusplitter,/home/elipregerson/nnenum/vnncomp2025_benchmarks/benchmarks/relusplitter/onnx/cifar_biasfield_vnncomp2022_cifar_bias_field_63.onnx,/home/elipregerson/nnenum/vnncomp2025_benchmarks/benchmarks/relusplitter/vnnlib/cifar_biasfield_vnncomp2022_prop_63.vnnlib,.006586038,timeout,60.889120682
relusplitter,/home/elipregerson/nnenum/vnncomp2025_benchmarks/benchmarks/relusplitter/onnx/cifar_biasfield_vnncomp2022_cifar_bias_field_63_RSPLITTER_cifar_biasfield_vnncomp2022_prop_63.onnx,/home/elipregerson/nnenum/vnncomp2025_benchmarks/benchmarks/relusplitter/vnnlib/cifar_biasfield_vnncomp2022_prop_63.vnnlib,.006462992,timeout,180.931857817
relusplitter,/home/elipregerson/nnenum/vnncomp2025_benchmarks/benchmarks/relusplitter/onnx/cifar_biasfield_vnncomp2022_cifar_bias_field_36.onnx,/home/elipregerson/nnenum/vnncomp2025_benchmarks/benchmarks/relusplitter/vnnlib/cifar_biasfield_vnncomp2022_prop_36.vnnlib,.006502551,timeout,65.867545609
relusplitter,/home/elipregerson/nnenum/vnncomp2025_benchmarks/benchmarks/relusplitter/onnx/cifar_biasfield_vnncomp2022_cifar_bias_field_36_RSPLITTER_cifar_biasfield_vnncomp2022_prop_36.onnx,/home/elipregerson/nnenum/vnncomp2025_benchmarks/benchmarks/relusplitter/vnnlib/cifar_biasfield_vnncomp2022_prop_36.vnnlib,.006368488,timeout,180.784438989
relusplitter,/home/elipregerson/nnenum/vnncomp2025_benchmarks/benchmarks/relusplitter/onnx/cifar_biasfield_vnncomp2022_cifar_bias_field_18.onnx,/home/elipregerson/nnenum/vnncomp2025_benchmarks/benchmarks/relusplitter/vnnlib/cifar_biasfield_vnncomp2022_prop_18.vnnlib,.006686296,timeout,65.864333053
relusplitter,/home/elipregerson/nnenum/vnncomp2025_benchmarks/benchmarks/relusplitter/onnx/cifar_biasfield_vnncomp2022_cifar_bias_field_18_RSPLITTER_cifar_biasfield_vnncomp2022_prop_18.onnx,/home/elipregerson/nnenum/vnncomp2025_benchmarks/benchmarks/relusplitter/vnnlib/cifar_biasfield_vnncomp2022_prop_18.vnnlib,.006790290,timeout,180.638076379
relusplitter,/home/elipregerson/nnenum/vnncomp2025_benchmarks/benchmarks/relusplitter/onnx/cifar_biasfield_vnncomp2022_cifar_bias_field_4.onnx,/home/elipregerson/nnenum/vnncomp2025_benchmarks/benchmarks/relusplitter/vnnlib/cifar_biasfield_vnncomp2022_prop_4.vnnlib,.006501430,timeout,61.036888608
relusplitter,/home/elipregerson/nnenum/vnncomp2025_benchmarks/benchmarks/relusplitter/onnx/cifar_biasfield_vnncomp2022_cifar_bias_field_4_RSPLITTER_cifar_biasfield_vnncomp2022_prop_4.onnx,/home/elipregerson/nnenum/vnncomp2025_benchmarks/benchmarks/relusplitter/vnnlib/cifar_biasfield_vnncomp2022_prop_4.vnnlib,.006589229,timeout,180.845326881
relusplitter,/home/elipregerson/nnenum/vnncomp2025_benchmarks/benchmarks/relusplitter/onnx/cifar_biasfield_vnncomp2022_cifar_bias_field_34.onnx,/home/elipregerson/nnenum/vnncomp2025_benchmarks/benchmarks/relusplitter/vnnlib/cifar_biasfield_vnncomp2022_prop_34.vnnlib,.006476387,timeout,60.739280015
relusplitter,/home/elipregerson/nnenum/vnncomp2025_benchmarks/benchmarks/relusplitter/onnx/cifar_biasfield_vnncomp2022_cifar_bias_field_34_RSPLITTER_cifar_biasfield_vnncomp2022_prop_34.onnx,/home/elipregerson/nnenum/vnncomp2025_benchmarks/benchmarks/relusplitter/vnnlib/cifar_biasfield_vnncomp2022_prop_34.vnnlib,.006534142,timeout,180.729488466
relusplitter,/home/elipregerson/nnenum/vnncomp2025_benchmarks/benchmarks/relusplitter/onnx/cifar_biasfield_vnncomp2022_cifar_bias_field_25.onnx,/home/elipregerson/nnenum/vnncomp2025_benchmarks/benchmarks/relusplitter/vnnlib/cifar_biasfield_vnncomp2022_prop_25.vnnlib,.006703478,timeout,60.750044173
relusplitter,/home/elipregerson/nnenum/vnncomp2025_benchmarks/benchmarks/relusplitter/onnx/cifar_biasfield_vnncomp2022_cifar_bias_field_25_RSPLITTER_cifar_biasfield_vnncomp2022_prop_25.onnx,/home/elipregerson/nnenum/vnncomp2025_benchmarks/benchmarks/relusplitter/vnnlib/cifar_biasfield_vnncomp2022_prop_25.vnnlib,.006568401,timeout,181.318193492
relusplitter,/home/elipregerson/nnenum/vnncomp2025_benchmarks/benchmarks/relusplitter/onnx/cifar_biasfield_vnncomp2022_cifar_bias_field_31.onnx,/home/elipregerson/nnenum/vnncomp2025_benchmarks/benchmarks/relusplitter/vnnlib/cifar_biasfield_vnncomp2022_prop_31.vnnlib,.015903677,timeout,60.987855860
relusplitter,/home/elipregerson/nnenum/vnncomp2025_benchmarks/benchmarks/relusplitter/onnx/cifar_biasfield_vnncomp2022_cifar_bias_field_31_RSPLITTER_cifar_biasfield_vnncomp2022_prop_31.onnx,/home/elipregerson/nnenum/vnncomp2025_benchmarks/benchmarks/relusplitter/vnnlib/cifar_biasfield_vnncomp2022_prop_31.vnnlib,.006515318,timeout,181.086873819
relusplitter,/home/elipregerson/nnenum/vnncomp2025_benchmarks/benchmarks/relusplitter/onnx/cifar_biasfield_vnncomp2022_cifar_bias_field_65.onnx,/home/elipregerson/nnenum/vnncomp2025_benchmarks/benchmarks/relusplitter/vnnlib/cifar_biasfield_vnncomp2022_prop_65.vnnlib,.006578649,timeout,60.977420163
relusplitter,/home/elipregerson/nnenum/vnncomp2025_benchmarks/benchmarks/relusplitter/onnx/cifar_biasfield_vnncomp2022_cifar_bias_field_65_RSPLITTER_cifar_biasfield_vnncomp2022_prop_65.onnx,/home/elipregerson/nnenum/vnncomp2025_benchmarks/benchmarks/relusplitter/vnnlib/cifar_biasfield_vnncomp2022_prop_65.vnnlib,.006643018,timeout,181.082546653
relusplitter,/home/elipregerson/nnenum/vnncomp2025_benchmarks/benchmarks/relusplitter/onnx/cifar_biasfield_vnncomp2022_cifar_bias_field_52.onnx,/home/elipregerson/nnenum/vnncomp2025_benchmarks/benchmarks/relusplitter/vnnlib/cifar_biasfield_vnncomp2022_prop_52.vnnlib,.006544863,timeout,61.252520275
relusplitter,/home/elipregerson/nnenum/vnncomp2025_benchmarks/benchmarks/relusplitter/onnx/cifar_biasfield_vnncomp2022_cifar_bias_field_52_RSPLITTER_cifar_biasfield_vnncomp2022_prop_52.onnx,/home/elipregerson/nnenum/vnncomp2025_benchmarks/benchmarks/relusplitter/vnnlib/cifar_biasfield_vnncomp2022_prop_52.vnnlib,.006446364,timeout,181.627930031
relusplitter,/home/elipregerson/nnenum/vnncomp2025_benchmarks/benchmarks/relusplitter/onnx/cifar_biasfield_vnncomp2022_cifar_bias_field_60.onnx,/home/elipregerson/nnenum/vnncomp2025_benchmarks/benchmarks/relusplitter/vnnlib/cifar_biasfield_vnncomp2022_prop_60.vnnlib,.006574898,timeout,65.872492880
relusplitter,/home/elipregerson/nnenum/vnncomp2025_benchmarks/benchmarks/relusplitter/onnx/cifar_biasfield_vnncomp2022_cifar_bias_field_60_RSPLITTER_cifar_biasfield_vnncomp2022_prop_60.onnx,/home/elipregerson/nnenum/vnncomp2025_benchmarks/benchmarks/relusplitter/vnnlib/cifar_biasfield_vnncomp2022_prop_60.vnnlib,.006454055,timeout,181.493831548
relusplitter,/home/elipregerson/nnenum/vnncomp2025_benchmarks/benchmarks/relusplitter/onnx/cifar_biasfield_vnncomp2022_cifar_bias_field_12.onnx,/home/elipregerson/nnenum/vnncomp2025_benchmarks/benchmarks/relusplitter/vnnlib/cifar_biasfield_vnncomp2022_prop_12.vnnlib,.006561417,timeout,62.191339140
relusplitter,/home/elipregerson/nnenum/vnncomp2025_benchmarks/benchmarks/relusplitter/onnx/cifar_biasfield_vnncomp2022_cifar_bias_field_12_RSPLITTER_cifar_biasfield_vnncomp2022_prop_12.onnx,/home/elipregerson/nnenum/vnncomp2025_benchmarks/benchmarks/relusplitter/vnnlib/cifar_biasfield_vnncomp2022_prop_12.vnnlib,.006541661,timeout,181.546585108
relusplitter,/home/elipregerson/nnenum/vnncomp2025_benchmarks/benchmarks/relusplitter/onnx/cifar_biasfield_vnncomp2022_cifar_bias_field_17.onnx,/home/elipregerson/nnenum/vnncomp2025_benchmarks/benchmarks/relusplitter/vnnlib/cifar_biasfield_vnncomp2022_prop_17.vnnlib,.006449754,timeout,61.879530159
relusplitter,/home/elipregerson/nnenum/vnncomp2025_benchmarks/benchmarks/relusplitter/onnx/cifar_biasfield_vnncomp2022_cifar_bias_field_17_RSPLITTER_cifar_biasfield_vnncomp2022_prop_17.onnx,/home/elipregerson/nnenum/vnncomp2025_benchmarks/benchmarks/relusplitter/vnnlib/cifar_biasfield_vnncomp2022_prop_17.vnnlib,.006611540,timeout,181.197290719
relusplitter,/home/elipregerson/nnenum/vnncomp2025_benchmarks/benchmarks/relusplitter/onnx/cifar_biasfield_vnncomp2022_cifar_bias_field_0.onnx,/home/elipregerson/nnenum/vnncomp2025_benchmarks/benchmarks/relusplitter/vnnlib/cifar_biasfield_vnncomp2022_prop_0.vnnlib,.006574177,timeout,61.862092411
relusplitter,/home/elipregerson/nnenum/vnncomp2025_benchmarks/benchmarks/relusplitter/onnx/cifar_biasfield_vnncomp2022_cifar_bias_field_0_RSPLITTER_cifar_biasfield_vnncomp2022_prop_0.onnx,/home/elipregerson/nnenum/vnncomp2025_benchmarks/benchmarks/relusplitter/vnnlib/cifar_biasfield_vnncomp2022_prop_0.vnnlib,.008092422,timeout,180.763063989
relusplitter,/home/elipregerson/nnenum/vnncomp2025_benchmarks/benchmarks/test/onnx/test_nano.onnx,/home/elipregerson/nnenum/vnncomp2025_benchmarks/benchmarks/test/vnnlib/test_nano.vnnlib,.006861288,unsat,.619915047
soundnessbench,/home/elipregerson/nnenum/vnncomp2025_benchmarks/benchmarks/soundnessbench/onnx/model.onnx,/home/elipregerson/nnenum/vnncomp2025_benchmarks/benchmarks/soundnessbench/vnnlib/model_0.vnnlib,.006577270,run_instance_timeout,210.013291406
soundnessbench,/home/elipregerson/nnenum/vnncomp2025_benchmarks/benchmarks/soundnessbench/onnx/model.onnx,/home/elipregerson/nnenum/vnncomp2025_benchmarks/benchmarks/soundnessbench/vnnlib/model_1.vnnlib,.016938104,run_instance_timeout,210.026573349
soundnessbench,/home/elipregerson/nnenum/vnncomp2025_benchmarks/benchmarks/soundnessbench/onnx/model.onnx,/home/elipregerson/nnenum/vnncomp2025_benchmarks/benchmarks/soundnessbench/vnnlib/model_2.vnnlib,.011381997,run_instance_timeout,210.022137327
soundnessbench,/home/elipregerson/nnenum/vnncomp2025_benchmarks/benchmarks/soundnessbench/onnx/model.onnx,/home/elipregerson/nnenum/vnncomp2025_benchmarks/benchmarks/soundnessbench/vnnlib/model_3.vnnlib,.014640548,run_instance_timeout,210.024210939
soundnessbench,/home/elipregerson/nnenum/vnncomp2025_benchmarks/benchmarks/soundnessbench/onnx/model.onnx,/home/elipregerson/nnenum/vnncomp2025_benchmarks/benchmarks/soundnessbench/vnnlib/model_4.vnnlib,.009075306,run_instance_timeout,210.021581834
soundnessbench,/home/elipregerson/nnenum/vnncomp2025_benchmarks/benchmarks/soundnessbench/onnx/model.onnx,/home/elipregerson/nnenum/vnncomp2025_benchmarks/benchmarks/soundnessbench/vnnlib/model_5.vnnlib,.014291213,run_instance_timeout,210.023468683
soundnessbench,/home/elipregerson/nnenum/vnncomp2025_benchmarks/benchmarks/soundnessbench/onnx/model.onnx,/home/elipregerson/nnenum/vnncomp2025_benchmarks/benchmarks/soundnessbench/vnnlib/model_6.vnnlib,.012052496,run_instance_timeout,210.018913796
soundnessbench,/home/elipregerson/nnenum/vnncomp2025_benchmarks/benchmarks/soundnessbench/onnx/model.onnx,/home/elipregerson/nnenum/vnncomp2025_benchmarks/benchmarks/soundnessbench/vnnlib/model_7.vnnlib,.008977751,run_instance_timeout,210.024758747
soundnessbench,/home/elipregerson/nnenum/vnncomp2025_benchmarks/benchmarks/soundnessbench/onnx/model.onnx,/home/elipregerson/nnenum/vnncomp2025_benchmarks/benchmarks/soundnessbench/vnnlib/model_8.vnnlib,.014276643,run_instance_timeout,210.020794787
soundnessbench,/home/elipregerson/nnenum/vnncomp2025_benchmarks/benchmarks/soundnessbench/onnx/model.onnx,/home/elipregerson/nnenum/vnncomp2025_benchmarks/benchmarks/soundnessbench/vnnlib/model_9.vnnlib,.009164453,run_instance_timeout,210.021581051
soundnessbench,/home/elipregerson/nnenum/vnncomp2025_benchmarks/benchmarks/soundnessbench/onnx/model.onnx,/home/elipregerson/nnenum/vnncomp2025_benchmarks/benchmarks/soundnessbench/vnnlib/model_10.vnnlib,.016661923,run_instance_timeout,210.020939078
soundnessbench,/home/elipregerson/nnenum/vnncomp2025_benchmarks/benchmarks/soundnessbench/onnx/model.onnx,/home/elipregerson/nnenum/vnncomp2025_benchmarks/benchmarks/soundnessbench/vnnlib/model_11.vnnlib,.015672449,run_instance_timeout,210.020538671
soundnessbench,/home/elipregerson/nnenum/vnncomp2025_benchmarks/benchmarks/soundnessbench/onnx/model.onnx,/home/elipregerson/nnenum/vnncomp2025_benchmarks/benchmarks/soundnessbench/vnnlib/model_12.vnnlib,.009123519,run_instance_timeout,210.021516809
soundnessbench,/home/elipregerson/nnenum/vnncomp2025_benchmarks/benchmarks/soundnessbench/onnx/model.onnx,/home/elipregerson/nnenum/vnncomp2025_benchmarks/benchmarks/soundnessbench/vnnlib/model_13.vnnlib,.012022850,run_instance_timeout,210.022014465
soundnessbench,/home/elipregerson/nnenum/vnncomp2025_benchmarks/benchmarks/soundnessbench/onnx/model.onnx,/home/elipregerson/nnenum/vnncomp2025_benchmarks/benchmarks/soundnessbench/vnnlib/model_14.vnnlib,.009229379,run_instance_timeout,210.012612618
soundnessbench,/home/elipregerson/nnenum/vnncomp2025_benchmarks/benchmarks/soundnessbench/onnx/model.onnx,/home/elipregerson/nnenum/vnncomp2025_benchmarks/benchmarks/soundnessbench/vnnlib/model_15.vnnlib,.013511891,run_instance_timeout,210.020571600
soundnessbench,/home/elipregerson/nnenum/vnncomp2025_benchmarks/benchmarks/soundnessbench/onnx/model.onnx,/home/elipregerson/nnenum/vnncomp2025_benchmarks/benchmarks/soundnessbench/vnnlib/model_16.vnnlib,.012684891,run_instance_timeout,210.021286297
soundnessbench,/home/elipregerson/nnenum/vnncomp2025_benchmarks/benchmarks/soundnessbench/onnx/model.onnx,/home/elipregerson/nnenum/vnncomp2025_benchmarks/benchmarks/soundnessbench/vnnlib/model_17.vnnlib,.009168458,run_instance_timeout,210.021879527
soundnessbench,/home/elipregerson/nnenum/vnncomp2025_benchmarks/benchmarks/soundnessbench/onnx/model.onnx,/home/elipregerson/nnenum/vnncomp2025_benchmarks/benchmarks/soundnessbench/vnnlib/model_18.vnnlib,.021291023,run_instance_timeout,210.019503439
soundnessbench,/home/elipregerson/nnenum/vnncomp2025_benchmarks/benchmarks/soundnessbench/onnx/model.onnx,/home/elipregerson/nnenum/vnncomp2025_benchmarks/benchmarks/soundnessbench/vnnlib/model_19.vnnlib,.013376949,run_instance_timeout,210.012400902
soundnessbench,/home/elipregerson/nnenum/vnncomp2025_benchmarks/benchmarks/soundnessbench/onnx/model.onnx,/home/elipregerson/nnenum/vnncomp2025_benchmarks/benchmarks/soundnessbench/vnnlib/model_20.vnnlib,.012509493,run_instance_timeout,210.020440265
soundnessbench,/home/elipregerson/nnenum/vnncomp2025_benchmarks/benchmarks/soundnessbench/onnx/model.onnx,/home/elipregerson/nnenum/vnncomp2025_benchmarks/benchmarks/soundnessbench/vnnlib/model_21.vnnlib,.009228723,run_instance_timeout,210.014749525
soundnessbench,/home/elipregerson/nnenum/vnncomp2025_benchmarks/benchmarks/soundnessbench/onnx/model.onnx,/home/elipregerson/nnenum/vnncomp2025_benchmarks/benchmarks/soundnessbench/vnnlib/model_22.vnnlib,.011631286,run_instance_timeout,210.015198954
soundnessbench,/home/elipregerson/nnenum/vnncomp2025_benchmarks/benchmarks/soundnessbench/onnx/model.onnx,/home/elipregerson/nnenum/vnncomp2025_benchmarks/benchmarks/soundnessbench/vnnlib/model_23.vnnlib,.015256313,run_instance_timeout,210.019442488
soundnessbench,/home/elipregerson/nnenum/vnncomp2025_benchmarks/benchmarks/soundnessbench/onnx/model.onnx,/home/elipregerson/nnenum/vnncomp2025_benchmarks/benchmarks/soundnessbench/vnnlib/model_24.vnnlib,.009142489,run_instance_timeout,210.021424580
soundnessbench,/home/elipregerson/nnenum/vnncomp2025_benchmarks/benchmarks/soundnessbench/onnx/model.onnx,/home/elipregerson/nnenum/vnncomp2025_benchmarks/benchmarks/soundnessbench/vnnlib/model_25.vnnlib,.015758147,run_instance_timeout,210.015820012
soundnessbench,/home/elipregerson/nnenum/vnncomp2025_benchmarks/benchmarks/soundnessbench/onnx/model.onnx,/home/elipregerson/nnenum/vnncomp2025_benchmarks/benchmarks/soundnessbench/vnnlib/model_26.vnnlib,.012926693,run_instance_timeout,210.022500091
soundnessbench,/home/elipregerson/nnenum/vnncomp2025_benchmarks/benchmarks/soundnessbench/onnx/model.onnx,/home/elipregerson/nnenum/vnncomp2025_benchmarks/benchmarks/soundnessbench/vnnlib/model_27.vnnlib,.009109787,run_instance_timeout,210.021579738
soundnessbench,/home/elipregerson/nnenum/vnncomp2025_benchmarks/benchmarks/soundnessbench/onnx/model.onnx,/home/elipregerson/nnenum/vnncomp2025_benchmarks/benchmarks/soundnessbench/vnnlib/model_28.vnnlib,.011420766,run_instance_timeout,210.022183777
soundnessbench,/home/elipregerson/nnenum/vnncomp2025_benchmarks/benchmarks/soundnessbench/onnx/model.onnx,/home/elipregerson/nnenum/vnncomp2025_benchmarks/benchmarks/soundnessbench/vnnlib/model_29.vnnlib,.014642852,run_instance_timeout,210.018586726
soundnessbench,/home/elipregerson/nnenum/vnncomp2025_benchmarks/benchmarks/soundnessbench/onnx/model.onnx,/home/elipregerson/nnenum/vnncomp2025_benchmarks/benchmarks/soundnessbench/vnnlib/model_30.vnnlib,.009044640,timeout,153.395249972
soundnessbench,/home/elipregerson/nnenum/vnncomp2025_benchmarks/benchmarks/soundnessbench/onnx/model.onnx,/home/elipregerson/nnenum/vnncomp2025_benchmarks/benchmarks/soundnessbench/vnnlib/model_31.vnnlib,.008998309,run_instance_timeout,210.015631699
soundnessbench,/home/elipregerson/nnenum/vnncomp2025_benchmarks/benchmarks/soundnessbench/onnx/model.onnx,/home/elipregerson/nnenum/vnncomp2025_benchmarks/benchmarks/soundnessbench/vnnlib/model_32.vnnlib,.011421475,run_instance_timeout,210.017797594
soundnessbench,/home/elipregerson/nnenum/vnncomp2025_benchmarks/benchmarks/soundnessbench/onnx/model.onnx,/home/elipregerson/nnenum/vnncomp2025_benchmarks/benchmarks/soundnessbench/vnnlib/model_33.vnnlib,.011660015,run_instance_timeout,210.023784277
soundnessbench,/home/elipregerson/nnenum/vnncomp2025_benchmarks/benchmarks/soundnessbench/onnx/model.onnx,/home/elipregerson/nnenum/vnncomp2025_benchmarks/benchmarks/soundnessbench/vnnlib/model_34.vnnlib,.009151696,run_instance_timeout,210.010706039
soundnessbench,/home/elipregerson/nnenum/vnncomp2025_benchmarks/benchmarks/soundnessbench/onnx/model.onnx,/home/elipregerson/nnenum/vnncomp2025_benchmarks/benchmarks/soundnessbench/vnnlib/model_35.vnnlib,.009233725,run_instance_timeout,210.020481237
soundnessbench,/home/elipregerson/nnenum/vnncomp2025_benchmarks/benchmarks/soundnessbench/onnx/model.onnx,/home/elipregerson/nnenum/vnncomp2025_benchmarks/benchmarks/soundnessbench/vnnlib/model_36.vnnlib,.013160949,run_instance_timeout,210.018953097
soundnessbench,/home/elipregerson/nnenum/vnncomp2025_benchmarks/benchmarks/soundnessbench/onnx/model.onnx,/home/elipregerson/nnenum/vnncomp2025_benchmarks/benchmarks/soundnessbench/vnnlib/model_37.vnnlib,.014099579,run_instance_timeout,210.021480585
soundnessbench,/home/elipregerson/nnenum/vnncomp2025_benchmarks/benchmarks/soundnessbench/onnx/model.onnx,/home/elipregerson/nnenum/vnncomp2025_benchmarks/benchmarks/soundnessbench/vnnlib/model_38.vnnlib,.017217452,run_instance_timeout,210.015557352
soundnessbench,/home/elipregerson/nnenum/vnncomp2025_benchmarks/benchmarks/soundnessbench/onnx/model.onnx,/home/elipregerson/nnenum/vnncomp2025_benchmarks/benchmarks/soundnessbench/vnnlib/model_39.vnnlib,.009170710,run_instance_timeout,210.023075296
soundnessbench,/home/elipregerson/nnenum/vnncomp2025_benchmarks/benchmarks/soundnessbench/onnx/model.onnx,/home/elipregerson/nnenum/vnncomp2025_benchmarks/benchmarks/soundnessbench/vnnlib/model_40.vnnlib,.011378221,run_instance_timeout,210.022820983
soundnessbench,/home/elipregerson/nnenum/vnncomp2025_benchmarks/benchmarks/soundnessbench/onnx/model.onnx,/home/elipregerson/nnenum/vnncomp2025_benchmarks/benchmarks/soundnessbench/vnnlib/model_41.vnnlib,.020446865,run_instance_timeout,210.026320471
soundnessbench,/home/elipregerson/nnenum/vnncomp2025_benchmarks/benchmarks/soundnessbench/onnx/model.onnx,/home/elipregerson/nnenum/vnncomp2025_benchmarks/benchmarks/soundnessbench/vnnlib/model_42.vnnlib,.009127323,run_instance_timeout,210.023426880
soundnessbench,/home/elipregerson/nnenum/vnncomp2025_benchmarks/benchmarks/soundnessbench/onnx/model.onnx,/home/elipregerson/nnenum/vnncomp2025_benchmarks/benchmarks/soundnessbench/vnnlib/model_43.vnnlib,.016350966,run_instance_timeout,210.022407667
soundnessbench,/home/elipregerson/nnenum/vnncomp2025_benchmarks/benchmarks/soundnessbench/onnx/model.onnx,/home/elipregerson/nnenum/vnncomp2025_benchmarks/benchmarks/soundnessbench/vnnlib/model_44.vnnlib,.015143810,run_instance_timeout,210.025799267
soundnessbench,/home/elipregerson/nnenum/vnncomp2025_benchmarks/benchmarks/soundnessbench/onnx/model.onnx,/home/elipregerson/nnenum/vnncomp2025_benchmarks/benchmarks/soundnessbench/vnnlib/model_45.vnnlib,.012448187,run_instance_timeout,210.022692797
soundnessbench,/home/elipregerson/nnenum/vnncomp2025_benchmarks/benchmarks/soundnessbench/onnx/model.onnx,/home/elipregerson/nnenum/vnncomp2025_benchmarks/benchmarks/soundnessbench/vnnlib/model_46.vnnlib,.011337233,run_instance_timeout,210.018030187
soundnessbench,/home/elipregerson/nnenum/vnncomp2025_benchmarks/benchmarks/soundnessbench/onnx/model.onnx,/home/elipregerson/nnenum/vnncomp2025_benchmarks/benchmarks/soundnessbench/vnnlib/model_47.vnnlib,.011384747,run_instance_timeout,210.022813334
soundnessbench,/home/elipregerson/nnenum/vnncomp2025_benchmarks/benchmarks/soundnessbench/onnx/model.onnx,/home/elipregerson/nnenum/vnncomp2025_benchmarks/benchmarks/soundnessbench/vnnlib/model_48.vnnlib,.011463975,run_instance_timeout,210.019564792
soundnessbench,/home/elipregerson/nnenum/vnncomp2025_benchmarks/benchmarks/soundnessbench/onnx/model.onnx,/home/elipregerson/nnenum/vnncomp2025_benchmarks/benchmarks/soundnessbench/vnnlib/model_49.vnnlib,.009039672,run_instance_timeout,210.020788966
soundnessbench,/home/elipregerson/nnenum/vnncomp2025_benchmarks/benchmarks/test/onnx/test_nano.onnx,/home/elipregerson/nnenum/vnncomp2025_benchmarks/benchmarks/test/vnnlib/test_nano.vnnlib,.011438712,unsat,1.182256677
cifar100_2024,/home/elipregerson/nnenum/vnncomp2025_benchmarks/benchmarks/cifar100_2024/onnx/CIFAR100_resnet_medium.onnx,/home/elipregerson/nnenum/vnncomp2025_benchmarks/benchmarks/cifar100_2024/vnnlib/CIFAR100_resnet_medium_prop_idx_7641_sidx_1041_eps_0.0039.vnnlib,.013796491,error_exit_code_1,1.437007566
cifar100_2024,/home/elipregerson/nnenum/vnncomp2025_benchmarks/benchmarks/cifar100_2024/onnx/CIFAR100_resnet_medium.onnx,/home/elipregerson/nnenum/vnncomp2025_benchmarks/benchmarks/cifar100_2024/vnnlib/CIFAR100_resnet_medium_prop_idx_2132_sidx_6868_eps_0.0039.vnnlib,.006519308,error_exit_code_1,1.343339447
cifar100_2024,/home/elipregerson/nnenum/vnncomp2025_benchmarks/benchmarks/cifar100_2024/onnx/CIFAR100_resnet_medium.onnx,/home/elipregerson/nnenum/vnncomp2025_benchmarks/benchmarks/cifar100_2024/vnnlib/CIFAR100_resnet_medium_prop_idx_6232_sidx_3020_eps_0.0039.vnnlib,.006423168,error_exit_code_1,1.373458917
cifar100_2024,/home/elipregerson/nnenum/vnncomp2025_benchmarks/benchmarks/cifar100_2024/onnx/CIFAR100_resnet_medium.onnx,/home/elipregerson/nnenum/vnncomp2025_benchmarks/benchmarks/cifar100_2024/vnnlib/CIFAR100_resnet_medium_prop_idx_9694_sidx_2810_eps_0.0039.vnnlib,.006552927,error_exit_code_1,1.327310522
cifar100_2024,/home/elipregerson/nnenum/vnncomp2025_benchmarks/benchmarks/cifar100_2024/onnx/CIFAR100_resnet_medium.onnx,/home/elipregerson/nnenum/vnncomp2025_benchmarks/benchmarks/cifar100_2024/vnnlib/CIFAR100_resnet_medium_prop_idx_4760_sidx_4651_eps_0.0039.vnnlib,.006595572,error_exit_code_1,1.330816534
cifar100_2024,/home/elipregerson/nnenum/vnncomp2025_benchmarks/benchmarks/cifar100_2024/onnx/CIFAR100_resnet_medium.onnx,/home/elipregerson/nnenum/vnncomp2025_benchmarks/benchmarks/cifar100_2024/vnnlib/CIFAR100_resnet_medium_prop_idx_6135_sidx_4586_eps_0.0039.vnnlib,.006468324,error_exit_code_1,1.339876964
cifar100_2024,/home/elipregerson/nnenum/vnncomp2025_benchmarks/benchmarks/cifar100_2024/onnx/CIFAR100_resnet_medium.onnx,/home/elipregerson/nnenum/vnncomp2025_benchmarks/benchmarks/cifar100_2024/vnnlib/CIFAR100_resnet_medium_prop_idx_4921_sidx_3617_eps_0.0039.vnnlib,.006507385,error_exit_code_1,1.352112554
cifar100_2024,/home/elipregerson/nnenum/vnncomp2025_benchmarks/benchmarks/cifar100_2024/onnx/CIFAR100_resnet_medium.onnx,/home/elipregerson/nnenum/vnncomp2025_benchmarks/benchmarks/cifar100_2024/vnnlib/CIFAR100_resnet_medium_prop_idx_5242_sidx_1208_eps_0.0039.vnnlib,.006467520,error_exit_code_1,1.357675012
cifar100_2024,/home/elipregerson/nnenum/vnncomp2025_benchmarks/benchmarks/cifar100_2024/onnx/CIFAR100_resnet_medium.onnx,/home/elipregerson/nnenum/vnncomp2025_benchmarks/benchmarks/cifar100_2024/vnnlib/CIFAR100_resnet_medium_prop_idx_2176_sidx_3285_eps_0.0039.vnnlib,.006578930,error_exit_code_1,1.337978045
cifar100_2024,/home/elipregerson/nnenum/vnncomp2025_benchmarks/benchmarks/cifar100_2024/onnx/CIFAR100_resnet_medium.onnx,/home/elipregerson/nnenum/vnncomp2025_benchmarks/benchmarks/cifar100_2024/vnnlib/CIFAR100_resnet_medium_prop_idx_8762_sidx_3374_eps_0.0039.vnnlib,.006503424,error_exit_code_1,1.363050532
cifar100_2024,/home/elipregerson/nnenum/vnncomp2025_benchmarks/benchmarks/cifar100_2024/onnx/CIFAR100_resnet_medium.onnx,/home/elipregerson/nnenum/vnncomp2025_benchmarks/benchmarks/cifar100_2024/vnnlib/CIFAR100_resnet_medium_prop_idx_7704_sidx_3701_eps_0.0039.vnnlib,.006475336,error_exit_code_1,1.338856852
cifar100_2024,/home/elipregerson/nnenum/vnncomp2025_benchmarks/benchmarks/cifar100_2024/onnx/CIFAR100_resnet_medium.onnx,/home/elipregerson/nnenum/vnncomp2025_benchmarks/benchmarks/cifar100_2024/vnnlib/CIFAR100_resnet_medium_prop_idx_4752_sidx_1800_eps_0.0039.vnnlib,.006425037,error_exit_code_1,1.328128829
cifar100_2024,/home/elipregerson/nnenum/vnncomp2025_benchmarks/benchmarks/cifar100_2024/onnx/CIFAR100_resnet_medium.onnx,/home/elipregerson/nnenum/vnncomp2025_benchmarks/benchmarks/cifar100_2024/vnnlib/CIFAR100_resnet_medium_prop_idx_6415_sidx_4543_eps_0.0039.vnnlib,.006585481,error_exit_code_1,1.333990155
cifar100_2024,/home/elipregerson/nnenum/vnncomp2025_benchmarks/benchmarks/cifar100_2024/onnx/CIFAR100_resnet_medium.onnx,/home/elipregerson/nnenum/vnncomp2025_benchmarks/benchmarks/cifar100_2024/vnnlib/CIFAR100_resnet_medium_prop_idx_2477_sidx_388_eps_0.0039.vnnlib,.006526052,error_exit_code_1,1.334695316
cifar100_2024,/home/elipregerson/nnenum/vnncomp2025_benchmarks/benchmarks/cifar100_2024/onnx/CIFAR100_resnet_medium.onnx,/home/elipregerson/nnenum/vnncomp2025_benchmarks/benchmarks/cifar100_2024/vnnlib/CIFAR100_resnet_medium_prop_idx_6553_sidx_7265_eps_0.0039.vnnlib,.006357296,error_exit_code_1,1.331076467
cifar100_2024,/home/elipregerson/nnenum/vnncomp2025_benchmarks/benchmarks/cifar100_2024/onnx/CIFAR100_resnet_medium.onnx,/home/elipregerson/nnenum/vnncomp2025_benchmarks/benchmarks/cifar100_2024/vnnlib/CIFAR100_resnet_medium_prop_idx_8600_sidx_2721_eps_0.0039.vnnlib,.006401689,error_exit_code_1,1.338875053
cifar100_2024,/home/elipregerson/nnenum/vnncomp2025_benchmarks/benchmarks/cifar100_2024/onnx/CIFAR100_resnet_medium.onnx,/home/elipregerson/nnenum/vnncomp2025_benchmarks/benchmarks/cifar100_2024/vnnlib/CIFAR100_resnet_medium_prop_idx_7258_sidx_3539_eps_0.0039.vnnlib,.006605339,error_exit_code_1,1.327150524
cifar100_2024,/home/elipregerson/nnenum/vnncomp2025_benchmarks/benchmarks/cifar100_2024/onnx/CIFAR100_resnet_medium.onnx,/home/elipregerson/nnenum/vnncomp2025_benchmarks/benchmarks/cifar100_2024/vnnlib/CIFAR100_resnet_medium_prop_idx_6659_sidx_4583_eps_0.0039.vnnlib,.006519729,error_exit_code_1,1.341012269
cifar100_2024,/home/elipregerson/nnenum/vnncomp2025_benchmarks/benchmarks/cifar100_2024/onnx/CIFAR100_resnet_medium.onnx,/home/elipregerson/nnenum/vnncomp2025_benchmarks/benchmarks/cifar100_2024/vnnlib/CIFAR100_resnet_medium_prop_idx_885_sidx_7654_eps_0.0039.vnnlib,.006423268,error_exit_code_1,1.332338983
cifar100_2024,/home/elipregerson/nnenum/vnncomp2025_benchmarks/benchmarks/cifar100_2024/onnx/CIFAR100_resnet_medium.onnx,/home/elipregerson/nnenum/vnncomp2025_benchmarks/benchmarks/cifar100_2024/vnnlib/CIFAR100_resnet_medium_prop_idx_3006_sidx_928_eps_0.0039.vnnlib,.006405969,error_exit_code_1,1.332586304
cifar100_2024,/home/elipregerson/nnenum/vnncomp2025_benchmarks/benchmarks/cifar100_2024/onnx/CIFAR100_resnet_medium.onnx,/home/elipregerson/nnenum/vnncomp2025_benchmarks/benchmarks/cifar100_2024/vnnlib/CIFAR100_resnet_medium_prop_idx_1588_sidx_6654_eps_0.0039.vnnlib,.006705902,error_exit_code_1,1.329929169
cifar100_2024,/home/elipregerson/nnenum/vnncomp2025_benchmarks/benchmarks/cifar100_2024/onnx/CIFAR100_resnet_medium.onnx,/home/elipregerson/nnenum/vnncomp2025_benchmarks/benchmarks/cifar100_2024/vnnlib/CIFAR100_resnet_medium_prop_idx_8594_sidx_5815_eps_0.0039.vnnlib,.006488126,error_exit_code_1,1.316673156
cifar100_2024,/home/elipregerson/nnenum/vnncomp2025_benchmarks/benchmarks/cifar100_2024/onnx/CIFAR100_resnet_medium.onnx,/home/elipregerson/nnenum/vnncomp2025_benchmarks/benchmarks/cifar100_2024/vnnlib/CIFAR100_resnet_medium_prop_idx_9658_sidx_1660_eps_0.0039.vnnlib,.006487441,error_exit_code_1,1.331993207
cifar100_2024,/home/elipregerson/nnenum/vnncomp2025_benchmarks/benchmarks/cifar100_2024/onnx/CIFAR100_resnet_medium.onnx,/home/elipregerson/nnenum/vnncomp2025_benchmarks/benchmarks/cifar100_2024/vnnlib/CIFAR100_resnet_medium_prop_idx_8505_sidx_1690_eps_0.0039.vnnlib,.006445883,error_exit_code_1,1.350813966
cifar100_2024,/home/elipregerson/nnenum/vnncomp2025_benchmarks/benchmarks/cifar100_2024/onnx/CIFAR100_resnet_medium.onnx,/home/elipregerson/nnenum/vnncomp2025_benchmarks/benchmarks/cifar100_2024/vnnlib/CIFAR100_resnet_medium_prop_idx_8945_sidx_3584_eps_0.0039.vnnlib,.006434933,error_exit_code_1,1.328003296
cifar100_2024,/home/elipregerson/nnenum/vnncomp2025_benchmarks/benchmarks/cifar100_2024/onnx/CIFAR100_resnet_medium.onnx,/home/elipregerson/nnenum/vnncomp2025_benchmarks/benchmarks/cifar100_2024/vnnlib/CIFAR100_resnet_medium_prop_idx_6585_sidx_533_eps_0.0039.vnnlib,.006529062,error_exit_code_1,1.344030940
cifar100_2024,/home/elipregerson/nnenum/vnncomp2025_benchmarks/benchmarks/cifar100_2024/onnx/CIFAR100_resnet_medium.onnx,/home/elipregerson/nnenum/vnncomp2025_benchmarks/benchmarks/cifar100_2024/vnnlib/CIFAR100_resnet_medium_prop_idx_6573_sidx_5525_eps_0.0039.vnnlib,.006430315,error_exit_code_1,1.318503959
cifar100_2024,/home/elipregerson/nnenum/vnncomp2025_benchmarks/benchmarks/cifar100_2024/onnx/CIFAR100_resnet_medium.onnx,/home/elipregerson/nnenum/vnncomp2025_benchmarks/benchmarks/cifar100_2024/vnnlib/CIFAR100_resnet_medium_prop_idx_8619_sidx_4461_eps_0.0039.vnnlib,.006515563,error_exit_code_1,1.343051248
cifar100_2024,/home/elipregerson/nnenum/vnncomp2025_benchmarks/benchmarks/cifar100_2024/onnx/CIFAR100_resnet_medium.onnx,/home/elipregerson/nnenum/vnncomp2025_benchmarks/benchmarks/cifar100_2024/vnnlib/CIFAR100_resnet_medium_prop_idx_54_sidx_9735_eps_0.0039.vnnlib,.006518395,error_exit_code_1,1.340063527
cifar100_2024,/home/elipregerson/nnenum/vnncomp2025_benchmarks/benchmarks/cifar100_2024/onnx/CIFAR100_resnet_medium.onnx,/home/elipregerson/nnenum/vnncomp2025_benchmarks/benchmarks/cifar100_2024/vnnlib/CIFAR100_resnet_medium_prop_idx_4429_sidx_1471_eps_0.0039.vnnlib,.006483045,error_exit_code_1,1.334964239
cifar100_2024,/home/elipregerson/nnenum/vnncomp2025_benchmarks/benchmarks/cifar100_2024/onnx/CIFAR100_resnet_medium.onnx,/home/elipregerson/nnenum/vnncomp2025_benchmarks/benchmarks/cifar100_2024/vnnlib/CIFAR100_resnet_medium_prop_idx_1190_sidx_8846_eps_0.0039.vnnlib,.006840431,error_exit_code_1,1.322080951
cifar100_2024,/home/elipregerson/nnenum/vnncomp2025_benchmarks/benchmarks/cifar100_2024/onnx/CIFAR100_resnet_medium.onnx,/home/elipregerson/nnenum/vnncomp2025_benchmarks/benchmarks/cifar100_2024/vnnlib/CIFAR100_resnet_medium_prop_idx_7569_sidx_2906_eps_0.0039.vnnlib,.006482206,error_exit_code_1,1.314630568
cifar100_2024,/home/elipregerson/nnenum/vnncomp2025_benchmarks/benchmarks/cifar100_2024/onnx/CIFAR100_resnet_medium.onnx,/home/elipregerson/nnenum/vnncomp2025_benchmarks/benchmarks/cifar100_2024/vnnlib/CIFAR100_resnet_medium_prop_idx_9897_sidx_9124_eps_0.0039.vnnlib,.006623307,error_exit_code_1,1.349972186
cifar100_2024,/home/elipregerson/nnenum/vnncomp2025_benchmarks/benchmarks/cifar100_2024/onnx/CIFAR100_resnet_medium.onnx,/home/elipregerson/nnenum/vnncomp2025_benchmarks/benchmarks/cifar100_2024/vnnlib/CIFAR100_resnet_medium_prop_idx_5831_sidx_5506_eps_0.0039.vnnlib,.006510538,error_exit_code_1,1.333789890
cifar100_2024,/home/elipregerson/nnenum/vnncomp2025_benchmarks/benchmarks/cifar100_2024/onnx/CIFAR100_resnet_medium.onnx,/home/elipregerson/nnenum/vnncomp2025_benchmarks/benchmarks/cifar100_2024/vnnlib/CIFAR100_resnet_medium_prop_idx_4169_sidx_9758_eps_0.0039.vnnlib,.006608704,error_exit_code_1,1.351711326
cifar100_2024,/home/elipregerson/nnenum/vnncomp2025_benchmarks/benchmarks/cifar100_2024/onnx/CIFAR100_resnet_medium.onnx,/home/elipregerson/nnenum/vnncomp2025_benchmarks/benchmarks/cifar100_2024/vnnlib/CIFAR100_resnet_medium_prop_idx_8196_sidx_3864_eps_0.0039.vnnlib,.006474944,error_exit_code_1,1.318909731
cifar100_2024,/home/elipregerson/nnenum/vnncomp2025_benchmarks/benchmarks/cifar100_2024/onnx/CIFAR100_resnet_medium.onnx,/home/elipregerson/nnenum/vnncomp2025_benchmarks/benchmarks/cifar100_2024/vnnlib/CIFAR100_resnet_medium_prop_idx_6583_sidx_8860_eps_0.0039.vnnlib,.006580757,error_exit_code_1,1.319998646
cifar100_2024,/home/elipregerson/nnenum/vnncomp2025_benchmarks/benchmarks/cifar100_2024/onnx/CIFAR100_resnet_medium.onnx,/home/elipregerson/nnenum/vnncomp2025_benchmarks/benchmarks/cifar100_2024/vnnlib/CIFAR100_resnet_medium_prop_idx_8523_sidx_9936_eps_0.0039.vnnlib,.006350631,error_exit_code_1,1.309486044
cifar100_2024,/home/elipregerson/nnenum/vnncomp2025_benchmarks/benchmarks/cifar100_2024/onnx/CIFAR100_resnet_medium.onnx,/home/elipregerson/nnenum/vnncomp2025_benchmarks/benchmarks/cifar100_2024/vnnlib/CIFAR100_resnet_medium_prop_idx_3418_sidx_4225_eps_0.0039.vnnlib,.006300189,error_exit_code_1,1.341814294
cifar100_2024,/home/elipregerson/nnenum/vnncomp2025_benchmarks/benchmarks/cifar100_2024/onnx/CIFAR100_resnet_medium.onnx,/home/elipregerson/nnenum/vnncomp2025_benchmarks/benchmarks/cifar100_2024/vnnlib/CIFAR100_resnet_medium_prop_idx_7431_sidx_7329_eps_0.0039.vnnlib,.006570237,error_exit_code_1,1.311924931
cifar100_2024,/home/elipregerson/nnenum/vnncomp2025_benchmarks/benchmarks/cifar100_2024/onnx/CIFAR100_resnet_medium.onnx,/home/elipregerson/nnenum/vnncomp2025_benchmarks/benchmarks/cifar100_2024/vnnlib/CIFAR100_resnet_medium_prop_idx_6010_sidx_5369_eps_0.0039.vnnlib,.006481059,error_exit_code_1,1.328106986
cifar100_2024,/home/elipregerson/nnenum/vnncomp2025_benchmarks/benchmarks/cifar100_2024/onnx/CIFAR100_resnet_medium.onnx,/home/elipregerson/nnenum/vnncomp2025_benchmarks/benchmarks/cifar100_2024/vnnlib/CIFAR100_resnet_medium_prop_idx_5127_sidx_993_eps_0.0039.vnnlib,.006668391,error_exit_code_1,1.311909748
cifar100_2024,/home/elipregerson/nnenum/vnncomp2025_benchmarks/benchmarks/cifar100_2024/onnx/CIFAR100_resnet_medium.onnx,/home/elipregerson/nnenum/vnncomp2025_benchmarks/benchmarks/cifar100_2024/vnnlib/CIFAR100_resnet_medium_prop_idx_6263_sidx_7644_eps_0.0039.vnnlib,.006602803,error_exit_code_1,1.346587284
cifar100_2024,/home/elipregerson/nnenum/vnncomp2025_benchmarks/benchmarks/cifar100_2024/onnx/CIFAR100_resnet_medium.onnx,/home/elipregerson/nnenum/vnncomp2025_benchmarks/benchmarks/cifar100_2024/vnnlib/CIFAR100_resnet_medium_prop_idx_5001_sidx_1154_eps_0.0039.vnnlib,.006470946,error_exit_code_1,1.329682654
cifar100_2024,/home/elipregerson/nnenum/vnncomp2025_benchmarks/benchmarks/cifar100_2024/onnx/CIFAR100_resnet_medium.onnx,/home/elipregerson/nnenum/vnncomp2025_benchmarks/benchmarks/cifar100_2024/vnnlib/CIFAR100_resnet_medium_prop_idx_4597_sidx_282_eps_0.0039.vnnlib,.006626913,error_exit_code_1,1.307902465
cifar100_2024,/home/elipregerson/nnenum/vnncomp2025_benchmarks/benchmarks/cifar100_2024/onnx/CIFAR100_resnet_medium.onnx,/home/elipregerson/nnenum/vnncomp2025_benchmarks/benchmarks/cifar100_2024/vnnlib/CIFAR100_resnet_medium_prop_idx_3184_sidx_9092_eps_0.0039.vnnlib,.006519939,error_exit_code_1,1.345632575
cifar100_2024,/home/elipregerson/nnenum/vnncomp2025_benchmarks/benchmarks/cifar100_2024/onnx/CIFAR100_resnet_medium.onnx,/home/elipregerson/nnenum/vnncomp2025_benchmarks/benchmarks/cifar100_2024/vnnlib/CIFAR100_resnet_medium_prop_idx_3343_sidx_1406_eps_0.0039.vnnlib,.006503994,error_exit_code_1,1.334481448
cifar100_2024,/home/elipregerson/nnenum/vnncomp2025_benchmarks/benchmarks/cifar100_2024/onnx/CIFAR100_resnet_medium.onnx,/home/elipregerson/nnenum/vnncomp2025_benchmarks/benchmarks/cifar100_2024/vnnlib/CIFAR100_resnet_medium_prop_idx_8330_sidx_7593_eps_0.0039.vnnlib,.006289410,error_exit_code_1,1.318654667
cifar100_2024,/home/elipregerson/nnenum/vnncomp2025_benchmarks/benchmarks/cifar100_2024/onnx/CIFAR100_resnet_medium.onnx,/home/elipregerson/nnenum/vnncomp2025_benchmarks/benchmarks/cifar100_2024/vnnlib/CIFAR100_resnet_medium_prop_idx_5634_sidx_9441_eps_0.0039.vnnlib,.006369845,error_exit_code_1,1.315576309
cifar100_2024,/home/elipregerson/nnenum/vnncomp2025_benchmarks/benchmarks/cifar100_2024/onnx/CIFAR100_resnet_medium.onnx,/home/elipregerson/nnenum/vnncomp2025_benchmarks/benchmarks/cifar100_2024/vnnlib/CIFAR100_resnet_medium_prop_idx_7478_sidx_6593_eps_0.0039.vnnlib,.006375327,error_exit_code_1,1.321580514
cifar100_2024,/home/elipregerson/nnenum/vnncomp2025_benchmarks/benchmarks/cifar100_2024/onnx/CIFAR100_resnet_medium.onnx,/home/elipregerson/nnenum/vnncomp2025_benchmarks/benchmarks/cifar100_2024/vnnlib/CIFAR100_resnet_medium_prop_idx_913_sidx_2404_eps_0.0039.vnnlib,.006369124,error_exit_code_1,1.348260714
cifar100_2024,/home/elipregerson/nnenum/vnncomp2025_benchmarks/benchmarks/cifar100_2024/onnx/CIFAR100_resnet_medium.onnx,/home/elipregerson/nnenum/vnncomp2025_benchmarks/benchmarks/cifar100_2024/vnnlib/CIFAR100_resnet_medium_prop_idx_1761_sidx_3933_eps_0.0039.vnnlib,.006395578,error_exit_code_1,1.326891900
cifar100_2024,/home/elipregerson/nnenum/vnncomp2025_benchmarks/benchmarks/cifar100_2024/onnx/CIFAR100_resnet_medium.onnx,/home/elipregerson/nnenum/vnncomp2025_benchmarks/benchmarks/cifar100_2024/vnnlib/CIFAR100_resnet_medium_prop_idx_1798_sidx_1061_eps_0.0039.vnnlib,.006419722,error_exit_code_1,1.329922865
cifar100_2024,/home/elipregerson/nnenum/vnncomp2025_benchmarks/benchmarks/cifar100_2024/onnx/CIFAR100_resnet_medium.onnx,/home/elipregerson/nnenum/vnncomp2025_benchmarks/benchmarks/cifar100_2024/vnnlib/CIFAR100_resnet_medium_prop_idx_8450_sidx_9332_eps_0.0039.vnnlib,.006548810,error_exit_code_1,1.323468975
cifar100_2024,/home/elipregerson/nnenum/vnncomp2025_benchmarks/benchmarks/cifar100_2024/onnx/CIFAR100_resnet_medium.onnx,/home/elipregerson/nnenum/vnncomp2025_benchmarks/benchmarks/cifar100_2024/vnnlib/CIFAR100_resnet_medium_prop_idx_1592_sidx_3741_eps_0.0039.vnnlib,.006612909,error_exit_code_1,1.298626926
cifar100_2024,/home/elipregerson/nnenum/vnncomp2025_benchmarks/benchmarks/cifar100_2024/onnx/CIFAR100_resnet_medium.onnx,/home/elipregerson/nnenum/vnncomp2025_benchmarks/benchmarks/cifar100_2024/vnnlib/CIFAR100_resnet_medium_prop_idx_230_sidx_1968_eps_0.0039.vnnlib,.006521272,error_exit_code_1,1.321414521
cifar100_2024,/home/elipregerson/nnenum/vnncomp2025_benchmarks/benchmarks/cifar100_2024/onnx/CIFAR100_resnet_medium.onnx,/home/elipregerson/nnenum/vnncomp2025_benchmarks/benchmarks/cifar100_2024/vnnlib/CIFAR100_resnet_medium_prop_idx_5791_sidx_5659_eps_0.0039.vnnlib,.006192644,error_exit_code_1,1.319630553
cifar100_2024,/home/elipregerson/nnenum/vnncomp2025_benchmarks/benchmarks/cifar100_2024/onnx/CIFAR100_resnet_medium.onnx,/home/elipregerson/nnenum/vnncomp2025_benchmarks/benchmarks/cifar100_2024/vnnlib/CIFAR100_resnet_medium_prop_idx_4475_sidx_752_eps_0.0039.vnnlib,.006689107,error_exit_code_1,1.312108023
cifar100_2024,/home/elipregerson/nnenum/vnncomp2025_benchmarks/benchmarks/cifar100_2024/onnx/CIFAR100_resnet_medium.onnx,/home/elipregerson/nnenum/vnncomp2025_benchmarks/benchmarks/cifar100_2024/vnnlib/CIFAR100_resnet_medium_prop_idx_3247_sidx_1605_eps_0.0039.vnnlib,.006317621,error_exit_code_1,1.308977481
cifar100_2024,/home/elipregerson/nnenum/vnncomp2025_benchmarks/benchmarks/cifar100_2024/onnx/CIFAR100_resnet_medium.onnx,/home/elipregerson/nnenum/vnncomp2025_benchmarks/benchmarks/cifar100_2024/vnnlib/CIFAR100_resnet_medium_prop_idx_2557_sidx_6196_eps_0.0039.vnnlib,.006516247,error_exit_code_1,1.325633895
cifar100_2024,/home/elipregerson/nnenum/vnncomp2025_benchmarks/benchmarks/cifar100_2024/onnx/CIFAR100_resnet_medium.onnx,/home/elipregerson/nnenum/vnncomp2025_benchmarks/benchmarks/cifar100_2024/vnnlib/CIFAR100_resnet_medium_prop_idx_4191_sidx_3301_eps_0.0039.vnnlib,.006548437,error_exit_code_1,1.314303120
cifar100_2024,/home/elipregerson/nnenum/vnncomp2025_benchmarks/benchmarks/cifar100_2024/onnx/CIFAR100_resnet_medium.onnx,/home/elipregerson/nnenum/vnncomp2025_benchmarks/benchmarks/cifar100_2024/vnnlib/CIFAR100_resnet_medium_prop_idx_2697_sidx_4836_eps_0.0039.vnnlib,.006526322,error_exit_code_1,1.322617011
cifar100_2024,/home/elipregerson/nnenum/vnncomp2025_benchmarks/benchmarks/cifar100_2024/onnx/CIFAR100_resnet_medium.onnx,/home/elipregerson/nnenum/vnncomp2025_benchmarks/benchmarks/cifar100_2024/vnnlib/CIFAR100_resnet_medium_prop_idx_9665_sidx_9074_eps_0.0039.vnnlib,.006417297,error_exit_code_1,1.359123557
cifar100_2024,/home/elipregerson/nnenum/vnncomp2025_benchmarks/benchmarks/cifar100_2024/onnx/CIFAR100_resnet_medium.onnx,/home/elipregerson/nnenum/vnncomp2025_benchmarks/benchmarks/cifar100_2024/vnnlib/CIFAR100_resnet_medium_prop_idx_9518_sidx_9183_eps_0.0039.vnnlib,.006704068,error_exit_code_1,1.326157921
cifar100_2024,/home/elipregerson/nnenum/vnncomp2025_benchmarks/benchmarks/cifar100_2024/onnx/CIFAR100_resnet_medium.onnx,/home/elipregerson/nnenum/vnncomp2025_benchmarks/benchmarks/cifar100_2024/vnnlib/CIFAR100_resnet_medium_prop_idx_5973_sidx_7841_eps_0.0039.vnnlib,.006484548,error_exit_code_1,1.351658178
cifar100_2024,/home/elipregerson/nnenum/vnncomp2025_benchmarks/benchmarks/cifar100_2024/onnx/CIFAR100_resnet_medium.onnx,/home/elipregerson/nnenum/vnncomp2025_benchmarks/benchmarks/cifar100_2024/vnnlib/CIFAR100_resnet_medium_prop_idx_9845_sidx_200_eps_0.0039.vnnlib,.006379528,error_exit_code_1,1.311011542
cifar100_2024,/home/elipregerson/nnenum/vnncomp2025_benchmarks/benchmarks/cifar100_2024/onnx/CIFAR100_resnet_medium.onnx,/home/elipregerson/nnenum/vnncomp2025_benchmarks/benchmarks/cifar100_2024/vnnlib/CIFAR100_resnet_medium_prop_idx_2779_sidx_6416_eps_0.0039.vnnlib,.006778825,error_exit_code_1,1.348713276
cifar100_2024,/home/elipregerson/nnenum/vnncomp2025_benchmarks/benchmarks/cifar100_2024/onnx/CIFAR100_resnet_medium.onnx,/home/elipregerson/nnenum/vnncomp2025_benchmarks/benchmarks/cifar100_2024/vnnlib/CIFAR100_resnet_medium_prop_idx_6292_sidx_5430_eps_0.0039.vnnlib,.007056330,error_exit_code_1,1.330213872
cifar100_2024,/home/elipregerson/nnenum/vnncomp2025_benchmarks/benchmarks/cifar100_2024/onnx/CIFAR100_resnet_medium.onnx,/home/elipregerson/nnenum/vnncomp2025_benchmarks/benchmarks/cifar100_2024/vnnlib/CIFAR100_resnet_medium_prop_idx_8642_sidx_9095_eps_0.0039.vnnlib,.006593975,error_exit_code_1,1.308309483
cifar100_2024,/home/elipregerson/nnenum/vnncomp2025_benchmarks/benchmarks/cifar100_2024/onnx/CIFAR100_resnet_medium.onnx,/home/elipregerson/nnenum/vnncomp2025_benchmarks/benchmarks/cifar100_2024/vnnlib/CIFAR100_resnet_medium_prop_idx_6049_sidx_4719_eps_0.0039.vnnlib,.006410143,error_exit_code_1,1.303400610
cifar100_2024,/home/elipregerson/nnenum/vnncomp2025_benchmarks/benchmarks/cifar100_2024/onnx/CIFAR100_resnet_medium.onnx,/home/elipregerson/nnenum/vnncomp2025_benchmarks/benchmarks/cifar100_2024/vnnlib/CIFAR100_resnet_medium_prop_idx_8739_sidx_1540_eps_0.0039.vnnlib,.006569687,error_exit_code_1,1.310358138
cifar100_2024,/home/elipregerson/nnenum/vnncomp2025_benchmarks/benchmarks/cifar100_2024/onnx/CIFAR100_resnet_medium.onnx,/home/elipregerson/nnenum/vnncomp2025_benchmarks/benchmarks/cifar100_2024/vnnlib/CIFAR100_resnet_medium_prop_idx_7034_sidx_4129_eps_0.0039.vnnlib,.006395763,error_exit_code_1,1.320880604
cifar100_2024,/home/elipregerson/nnenum/vnncomp2025_benchmarks/benchmarks/cifar100_2024/onnx/CIFAR100_resnet_medium.onnx,/home/elipregerson/nnenum/vnncomp2025_benchmarks/benchmarks/cifar100_2024/vnnlib/CIFAR100_resnet_medium_prop_idx_1498_sidx_792_eps_0.0039.vnnlib,.006535952,error_exit_code_1,1.339303249
cifar100_2024,/home/elipregerson/nnenum/vnncomp2025_benchmarks/benchmarks/cifar100_2024/onnx/CIFAR100_resnet_medium.onnx,/home/elipregerson/nnenum/vnncomp2025_benchmarks/benchmarks/cifar100_2024/vnnlib/CIFAR100_resnet_medium_prop_idx_3898_sidx_9109_eps_0.0039.vnnlib,.006383501,error_exit_code_1,1.320207373
cifar100_2024,/home/elipregerson/nnenum/vnncomp2025_benchmarks/benchmarks/cifar100_2024/onnx/CIFAR100_resnet_medium.onnx,/home/elipregerson/nnenum/vnncomp2025_benchmarks/benchmarks/cifar100_2024/vnnlib/CIFAR100_resnet_medium_prop_idx_854_sidx_6893_eps_0.0039.vnnlib,.006399995,error_exit_code_1,1.315671800
cifar100_2024,/home/elipregerson/nnenum/vnncomp2025_benchmarks/benchmarks/cifar100_2024/onnx/CIFAR100_resnet_medium.onnx,/home/elipregerson/nnenum/vnncomp2025_benchmarks/benchmarks/cifar100_2024/vnnlib/CIFAR100_resnet_medium_prop_idx_9502_sidx_7197_eps_0.0039.vnnlib,.006559556,error_exit_code_1,1.323865937
cifar100_2024,/home/elipregerson/nnenum/vnncomp2025_benchmarks/benchmarks/cifar100_2024/onnx/CIFAR100_resnet_medium.onnx,/home/elipregerson/nnenum/vnncomp2025_benchmarks/benchmarks/cifar100_2024/vnnlib/CIFAR100_resnet_medium_prop_idx_2551_sidx_9941_eps_0.0039.vnnlib,.006478203,error_exit_code_1,1.328873769
cifar100_2024,/home/elipregerson/nnenum/vnncomp2025_benchmarks/benchmarks/cifar100_2024/onnx/CIFAR100_resnet_medium.onnx,/home/elipregerson/nnenum/vnncomp2025_benchmarks/benchmarks/cifar100_2024/vnnlib/CIFAR100_resnet_medium_prop_idx_7658_sidx_1537_eps_0.0039.vnnlib,.006392900,error_exit_code_1,1.330537459
cifar100_2024,/home/elipregerson/nnenum/vnncomp2025_benchmarks/benchmarks/cifar100_2024/onnx/CIFAR100_resnet_medium.onnx,/home/elipregerson/nnenum/vnncomp2025_benchmarks/benchmarks/cifar100_2024/vnnlib/CIFAR100_resnet_medium_prop_idx_9726_sidx_4400_eps_0.0039.vnnlib,.006621027,error_exit_code_1,1.329841060
cifar100_2024,/home/elipregerson/nnenum/vnncomp2025_benchmarks/benchmarks/cifar100_2024/onnx/CIFAR100_resnet_medium.onnx,/home/elipregerson/nnenum/vnncomp2025_benchmarks/benchmarks/cifar100_2024/vnnlib/CIFAR100_resnet_medium_prop_idx_9313_sidx_6462_eps_0.0039.vnnlib,.006415494,error_exit_code_1,1.332340356
cifar100_2024,/home/elipregerson/nnenum/vnncomp2025_benchmarks/benchmarks/cifar100_2024/onnx/CIFAR100_resnet_medium.onnx,/home/elipregerson/nnenum/vnncomp2025_benchmarks/benchmarks/cifar100_2024/vnnlib/CIFAR100_resnet_medium_prop_idx_815_sidx_1902_eps_0.0039.vnnlib,.006594905,error_exit_code_1,1.336567474
cifar100_2024,/home/elipregerson/nnenum/vnncomp2025_benchmarks/benchmarks/cifar100_2024/onnx/CIFAR100_resnet_medium.onnx,/home/elipregerson/nnenum/vnncomp2025_benchmarks/benchmarks/cifar100_2024/vnnlib/CIFAR100_resnet_medium_prop_idx_6491_sidx_3620_eps_0.0039.vnnlib,.006639334,error_exit_code_1,1.314638300
cifar100_2024,/home/elipregerson/nnenum/vnncomp2025_benchmarks/benchmarks/cifar100_2024/onnx/CIFAR100_resnet_medium.onnx,/home/elipregerson/nnenum/vnncomp2025_benchmarks/benchmarks/cifar100_2024/vnnlib/CIFAR100_resnet_medium_prop_idx_4605_sidx_6225_eps_0.0039.vnnlib,.006448530,error_exit_code_1,1.328875033
cifar100_2024,/home/elipregerson/nnenum/vnncomp2025_benchmarks/benchmarks/cifar100_2024/onnx/CIFAR100_resnet_medium.onnx,/home/elipregerson/nnenum/vnncomp2025_benchmarks/benchmarks/cifar100_2024/vnnlib/CIFAR100_resnet_medium_prop_idx_2352_sidx_2704_eps_0.0039.vnnlib,.006628166,error_exit_code_1,1.312124128
cifar100_2024,/home/elipregerson/nnenum/vnncomp2025_benchmarks/benchmarks/cifar100_2024/onnx/CIFAR100_resnet_medium.onnx,/home/elipregerson/nnenum/vnncomp2025_benchmarks/benchmarks/cifar100_2024/vnnlib/CIFAR100_resnet_medium_prop_idx_1642_sidx_7494_eps_0.0039.vnnlib,.006451572,error_exit_code_1,1.328961409
cifar100_2024,/home/elipregerson/nnenum/vnncomp2025_benchmarks/benchmarks/cifar100_2024/onnx/CIFAR100_resnet_medium.onnx,/home/elipregerson/nnenum/vnncomp2025_benchmarks/benchmarks/cifar100_2024/vnnlib/CIFAR100_resnet_medium_prop_idx_8502_sidx_2893_eps_0.0039.vnnlib,.006532725,error_exit_code_1,1.313611534
cifar100_2024,/home/elipregerson/nnenum/vnncomp2025_benchmarks/benchmarks/cifar100_2024/onnx/CIFAR100_resnet_medium.onnx,/home/elipregerson/nnenum/vnncomp2025_benchmarks/benchmarks/cifar100_2024/vnnlib/CIFAR100_resnet_medium_prop_idx_4964_sidx_5266_eps_0.0039.vnnlib,.006466142,error_exit_code_1,1.316845405
cifar100_2024,/home/elipregerson/nnenum/vnncomp2025_benchmarks/benchmarks/cifar100_2024/onnx/CIFAR100_resnet_medium.onnx,/home/elipregerson/nnenum/vnncomp2025_benchmarks/benchmarks/cifar100_2024/vnnlib/CIFAR100_resnet_medium_prop_idx_6369_sidx_8824_eps_0.0039.vnnlib,.006486674,error_exit_code_1,1.329837511
cifar100_2024,/home/elipregerson/nnenum/vnncomp2025_benchmarks/benchmarks/cifar100_2024/onnx/CIFAR100_resnet_medium.onnx,/home/elipregerson/nnenum/vnncomp2025_benchmarks/benchmarks/cifar100_2024/vnnlib/CIFAR100_resnet_medium_prop_idx_966_sidx_2330_eps_0.0039.vnnlib,.006544952,error_exit_code_1,1.332421217
cifar100_2024,/home/elipregerson/nnenum/vnncomp2025_benchmarks/benchmarks/cifar100_2024/onnx/CIFAR100_resnet_medium.onnx,/home/elipregerson/nnenum/vnncomp2025_benchmarks/benchmarks/cifar100_2024/vnnlib/CIFAR100_resnet_medium_prop_idx_9162_sidx_4337_eps_0.0039.vnnlib,.006539449,error_exit_code_1,1.293842214
cifar100_2024,/home/elipregerson/nnenum/vnncomp2025_benchmarks/benchmarks/cifar100_2024/onnx/CIFAR100_resnet_medium.onnx,/home/elipregerson/nnenum/vnncomp2025_benchmarks/benchmarks/cifar100_2024/vnnlib/CIFAR100_resnet_medium_prop_idx_425_sidx_9099_eps_0.0039.vnnlib,.006553250,error_exit_code_1,1.334267892
cifar100_2024,/home/elipregerson/nnenum/vnncomp2025_benchmarks/benchmarks/cifar100_2024/onnx/CIFAR100_resnet_medium.onnx,/home/elipregerson/nnenum/vnncomp2025_benchmarks/benchmarks/cifar100_2024/vnnlib/CIFAR100_resnet_medium_prop_idx_4898_sidx_6695_eps_0.0039.vnnlib,.006471239,error_exit_code_1,1.322807840
cifar100_2024,/home/elipregerson/nnenum/vnncomp2025_benchmarks/benchmarks/cifar100_2024/onnx/CIFAR100_resnet_medium.onnx,/home/elipregerson/nnenum/vnncomp2025_benchmarks/benchmarks/cifar100_2024/vnnlib/CIFAR100_resnet_medium_prop_idx_7500_sidx_40_eps_0.0039.vnnlib,.006500103,error_exit_code_1,1.315249084
cifar100_2024,/home/elipregerson/nnenum/vnncomp2025_benchmarks/benchmarks/cifar100_2024/onnx/CIFAR100_resnet_medium.onnx,/home/elipregerson/nnenum/vnncomp2025_benchmarks/benchmarks/cifar100_2024/vnnlib/CIFAR100_resnet_medium_prop_idx_7176_sidx_1522_eps_0.0039.vnnlib,.006662377,error_exit_code_1,1.312104619
cifar100_2024,/home/elipregerson/nnenum/vnncomp2025_benchmarks/benchmarks/cifar100_2024/onnx/CIFAR100_resnet_medium.onnx,/home/elipregerson/nnenum/vnncomp2025_benchmarks/benchmarks/cifar100_2024/vnnlib/CIFAR100_resnet_medium_prop_idx_2050_sidx_8228_eps_0.0039.vnnlib,.006453934,error_exit_code_1,1.309609446
cifar100_2024,/home/elipregerson/nnenum/vnncomp2025_benchmarks/benchmarks/cifar100_2024/onnx/CIFAR100_resnet_medium.onnx,/home/elipregerson/nnenum/vnncomp2025_benchmarks/benchmarks/cifar100_2024/vnnlib/CIFAR100_resnet_medium_prop_idx_7470_sidx_4555_eps_0.0039.vnnlib,.006482378,error_exit_code_1,1.300304545
cifar100_2024,/home/elipregerson/nnenum/vnncomp2025_benchmarks/benchmarks/cifar100_2024/onnx/CIFAR100_resnet_medium.onnx,/home/elipregerson/nnenum/vnncomp2025_benchmarks/benchmarks/cifar100_2024/vnnlib/CIFAR100_resnet_medium_prop_idx_5797_sidx_6343_eps_0.0039.vnnlib,.006548055,error_exit_code_1,1.320434011
cifar100_2024,/home/elipregerson/nnenum/vnncomp2025_benchmarks/benchmarks/cifar100_2024/onnx/CIFAR100_resnet_medium.onnx,/home/elipregerson/nnenum/vnncomp2025_benchmarks/benchmarks/cifar100_2024/vnnlib/CIFAR100_resnet_medium_prop_idx_5894_sidx_5577_eps_0.0039.vnnlib,.006486329,error_exit_code_1,1.326287233
cifar100_2024,/home/elipregerson/nnenum/vnncomp2025_benchmarks/benchmarks/cifar100_2024/onnx/CIFAR100_resnet_medium.onnx,/home/elipregerson/nnenum/vnncomp2025_benchmarks/benchmarks/cifar100_2024/vnnlib/CIFAR100_resnet_medium_prop_idx_3852_sidx_2848_eps_0.0039.vnnlib,.006423335,error_exit_code_1,1.311619733
cifar100_2024,/home/elipregerson/nnenum/vnncomp2025_benchmarks/benchmarks/cifar100_2024/onnx/CIFAR100_resnet_medium.onnx,/home/elipregerson/nnenum/vnncomp2025_benchmarks/benchmarks/cifar100_2024/vnnlib/CIFAR100_resnet_medium_prop_idx_2925_sidx_8815_eps_0.0039.vnnlib,.006451254,error_exit_code_1,1.310307295
cifar100_2024,/home/elipregerson/nnenum/vnncomp2025_benchmarks/benchmarks/cifar100_2024/onnx/CIFAR100_resnet_large.onnx,/home/elipregerson/nnenum/vnncomp2025_benchmarks/benchmarks/cifar100_2024/vnnlib/CIFAR100_resnet_large_prop_idx_496_sidx_1194_eps_0.0039.vnnlib,.006438225,error_exit_code_1,1.346082174
cifar100_2024,/home/elipregerson/nnenum/vnncomp2025_benchmarks/benchmarks/cifar100_2024/onnx/CIFAR100_resnet_large.onnx,/home/elipregerson/nnenum/vnncomp2025_benchmarks/benchmarks/cifar100_2024/vnnlib/CIFAR100_resnet_large_prop_idx_4385_sidx_9116_eps_0.0039.vnnlib,.006533284,error_exit_code_1,1.372572419
cifar100_2024,/home/elipregerson/nnenum/vnncomp2025_benchmarks/benchmarks/cifar100_2024/onnx/CIFAR100_resnet_large.onnx,/home/elipregerson/nnenum/vnncomp2025_benchmarks/benchmarks/cifar100_2024/vnnlib/CIFAR100_resnet_large_prop_idx_5308_sidx_1650_eps_0.0039.vnnlib,.006548114,error_exit_code_1,1.339520807
cifar100_2024,/home/elipregerson/nnenum/vnncomp2025_benchmarks/benchmarks/cifar100_2024/onnx/CIFAR100_resnet_large.onnx,/home/elipregerson/nnenum/vnncomp2025_benchmarks/benchmarks/cifar100_2024/vnnlib/CIFAR100_resnet_large_prop_idx_4757_sidx_803_eps_0.0039.vnnlib,.006415690,error_exit_code_1,1.362107754
cifar100_2024,/home/elipregerson/nnenum/vnncomp2025_benchmarks/benchmarks/cifar100_2024/onnx/CIFAR100_resnet_large.onnx,/home/elipregerson/nnenum/vnncomp2025_benchmarks/benchmarks/cifar100_2024/vnnlib/CIFAR100_resnet_large_prop_idx_4227_sidx_5883_eps_0.0039.vnnlib,.006370566,error_exit_code_1,1.342943691
cifar100_2024,/home/elipregerson/nnenum/vnncomp2025_benchmarks/benchmarks/cifar100_2024/onnx/CIFAR100_resnet_large.onnx,/home/elipregerson/nnenum/vnncomp2025_benchmarks/benchmarks/cifar100_2024/vnnlib/CIFAR100_resnet_large_prop_idx_8589_sidx_3105_eps_0.0039.vnnlib,.006359927,error_exit_code_1,1.344301619
cifar100_2024,/home/elipregerson/nnenum/vnncomp2025_benchmarks/benchmarks/cifar100_2024/onnx/CIFAR100_resnet_large.onnx,/home/elipregerson/nnenum/vnncomp2025_benchmarks/benchmarks/cifar100_2024/vnnlib/CIFAR100_resnet_large_prop_idx_8476_sidx_3906_eps_0.0039.vnnlib,.006535310,error_exit_code_1,1.351196234
cifar100_2024,/home/elipregerson/nnenum/vnncomp2025_benchmarks/benchmarks/cifar100_2024/onnx/CIFAR100_resnet_large.onnx,/home/elipregerson/nnenum/vnncomp2025_benchmarks/benchmarks/cifar100_2024/vnnlib/CIFAR100_resnet_large_prop_idx_1456_sidx_5797_eps_0.0039.vnnlib,.006351108,error_exit_code_1,1.363550924
cifar100_2024,/home/elipregerson/nnenum/vnncomp2025_benchmarks/benchmarks/cifar100_2024/onnx/CIFAR100_resnet_large.onnx,/home/elipregerson/nnenum/vnncomp2025_benchmarks/benchmarks/cifar100_2024/vnnlib/CIFAR100_resnet_large_prop_idx_998_sidx_7605_eps_0.0039.vnnlib,.006385846,error_exit_code_1,1.351969036
cifar100_2024,/home/elipregerson/nnenum/vnncomp2025_benchmarks/benchmarks/cifar100_2024/onnx/CIFAR100_resnet_large.onnx,/home/elipregerson/nnenum/vnncomp2025_benchmarks/benchmarks/cifar100_2024/vnnlib/CIFAR100_resnet_large_prop_idx_9778_sidx_7516_eps_0.0039.vnnlib,.006392312,error_exit_code_1,1.376997836
cifar100_2024,/home/elipregerson/nnenum/vnncomp2025_benchmarks/benchmarks/cifar100_2024/onnx/CIFAR100_resnet_large.onnx,/home/elipregerson/nnenum/vnncomp2025_benchmarks/benchmarks/cifar100_2024/vnnlib/CIFAR100_resnet_large_prop_idx_1063_sidx_7948_eps_0.0039.vnnlib,.006625620,error_exit_code_1,1.365257211
cifar100_2024,/home/elipregerson/nnenum/vnncomp2025_benchmarks/benchmarks/cifar100_2024/onnx/CIFAR100_resnet_large.onnx,/home/elipregerson/nnenum/vnncomp2025_benchmarks/benchmarks/cifar100_2024/vnnlib/CIFAR100_resnet_large_prop_idx_1426_sidx_3855_eps_0.0039.vnnlib,.006573042,error_exit_code_1,1.341795824
cifar100_2024,/home/elipregerson/nnenum/vnncomp2025_benchmarks/benchmarks/cifar100_2024/onnx/CIFAR100_resnet_large.onnx,/home/elipregerson/nnenum/vnncomp2025_benchmarks/benchmarks/cifar100_2024/vnnlib/CIFAR100_resnet_large_prop_idx_3355_sidx_212_eps_0.0039.vnnlib,.006509525,error_exit_code_1,1.354376385
cifar100_2024,/home/elipregerson/nnenum/vnncomp2025_benchmarks/benchmarks/cifar100_2024/onnx/CIFAR100_resnet_large.onnx,/home/elipregerson/nnenum/vnncomp2025_benchmarks/benchmarks/cifar100_2024/vnnlib/CIFAR100_resnet_large_prop_idx_1439_sidx_8354_eps_0.0039.vnnlib,.006381409,error_exit_code_1,1.351853588
cifar100_2024,/home/elipregerson/nnenum/vnncomp2025_benchmarks/benchmarks/cifar100_2024/onnx/CIFAR100_resnet_large.onnx,/home/elipregerson/nnenum/vnncomp2025_benchmarks/benchmarks/cifar100_2024/vnnlib/CIFAR100_resnet_large_prop_idx_3585_sidx_3469_eps_0.0039.vnnlib,.006586607,error_exit_code_1,1.373077571
cifar100_2024,/home/elipregerson/nnenum/vnncomp2025_benchmarks/benchmarks/cifar100_2024/onnx/CIFAR100_resnet_large.onnx,/home/elipregerson/nnenum/vnncomp2025_benchmarks/benchmarks/cifar100_2024/vnnlib/CIFAR100_resnet_large_prop_idx_2636_sidx_1992_eps_0.0039.vnnlib,.006658203,error_exit_code_1,1.359091290
cifar100_2024,/home/elipregerson/nnenum/vnncomp2025_benchmarks/benchmarks/cifar100_2024/onnx/CIFAR100_resnet_large.onnx,/home/elipregerson/nnenum/vnncomp2025_benchmarks/benchmarks/cifar100_2024/vnnlib/CIFAR100_resnet_large_prop_idx_6101_sidx_3593_eps_0.0039.vnnlib,.006573693,error_exit_code_1,1.344625027
cifar100_2024,/home/elipregerson/nnenum/vnncomp2025_benchmarks/benchmarks/cifar100_2024/onnx/CIFAR100_resnet_large.onnx,/home/elipregerson/nnenum/vnncomp2025_benchmarks/benchmarks/cifar100_2024/vnnlib/CIFAR100_resnet_large_prop_idx_1059_sidx_6596_eps_0.0039.vnnlib,.006527330,error_exit_code_1,1.367139885
cifar100_2024,/home/elipregerson/nnenum/vnncomp2025_benchmarks/benchmarks/cifar100_2024/onnx/CIFAR100_resnet_large.onnx,/home/elipregerson/nnenum/vnncomp2025_benchmarks/benchmarks/cifar100_2024/vnnlib/CIFAR100_resnet_large_prop_idx_9773_sidx_3718_eps_0.0039.vnnlib,.006401846,error_exit_code_1,1.362517456
cifar100_2024,/home/elipregerson/nnenum/vnncomp2025_benchmarks/benchmarks/cifar100_2024/onnx/CIFAR100_resnet_large.onnx,/home/elipregerson/nnenum/vnncomp2025_benchmarks/benchmarks/cifar100_2024/vnnlib/CIFAR100_resnet_large_prop_idx_7890_sidx_4421_eps_0.0039.vnnlib,.006601893,error_exit_code_1,1.334880919
cifar100_2024,/home/elipregerson/nnenum/vnncomp2025_benchmarks/benchmarks/cifar100_2024/onnx/CIFAR100_resnet_large.onnx,/home/elipregerson/nnenum/vnncomp2025_benchmarks/benchmarks/cifar100_2024/vnnlib/CIFAR100_resnet_large_prop_idx_2993_sidx_2485_eps_0.0039.vnnlib,.006440734,error_exit_code_1,1.369189702
cifar100_2024,/home/elipregerson/nnenum/vnncomp2025_benchmarks/benchmarks/cifar100_2024/onnx/CIFAR100_resnet_large.onnx,/home/elipregerson/nnenum/vnncomp2025_benchmarks/benchmarks/cifar100_2024/vnnlib/CIFAR100_resnet_large_prop_idx_1105_sidx_9000_eps_0.0039.vnnlib,.006584606,error_exit_code_1,1.350972322
cifar100_2024,/home/elipregerson/nnenum/vnncomp2025_benchmarks/benchmarks/cifar100_2024/onnx/CIFAR100_resnet_large.onnx,/home/elipregerson/nnenum/vnncomp2025_benchmarks/benchmarks/cifar100_2024/vnnlib/CIFAR100_resnet_large_prop_idx_383_sidx_3388_eps_0.0039.vnnlib,.006432038,error_exit_code_1,1.347968365
cifar100_2024,/home/elipregerson/nnenum/vnncomp2025_benchmarks/benchmarks/cifar100_2024/onnx/CIFAR100_resnet_large.onnx,/home/elipregerson/nnenum/vnncomp2025_benchmarks/benchmarks/cifar100_2024/vnnlib/CIFAR100_resnet_large_prop_idx_6341_sidx_3142_eps_0.0039.vnnlib,.016667284,error_exit_code_1,1.369955049
cifar100_2024,/home/elipregerson/nnenum/vnncomp2025_benchmarks/benchmarks/cifar100_2024/onnx/CIFAR100_resnet_large.onnx,/home/elipregerson/nnenum/vnncomp2025_benchmarks/benchmarks/cifar100_2024/vnnlib/CIFAR100_resnet_large_prop_idx_2132_sidx_6868_eps_0.0039.vnnlib,.006492991,error_exit_code_1,1.358507359
cifar100_2024,/home/elipregerson/nnenum/vnncomp2025_benchmarks/benchmarks/cifar100_2024/onnx/CIFAR100_resnet_large.onnx,/home/elipregerson/nnenum/vnncomp2025_benchmarks/benchmarks/cifar100_2024/vnnlib/CIFAR100_resnet_large_prop_idx_3443_sidx_918_eps_0.0039.vnnlib,.006652047,error_exit_code_1,1.348738104
cifar100_2024,/home/elipregerson/nnenum/vnncomp2025_benchmarks/benchmarks/cifar100_2024/onnx/CIFAR100_resnet_large.onnx,/home/elipregerson/nnenum/vnncomp2025_benchmarks/benchmarks/cifar100_2024/vnnlib/CIFAR100_resnet_large_prop_idx_8119_sidx_972_eps_0.0039.vnnlib,.006528625,error_exit_code_1,1.382061741
cifar100_2024,/home/elipregerson/nnenum/vnncomp2025_benchmarks/benchmarks/cifar100_2024/onnx/CIFAR100_resnet_large.onnx,/home/elipregerson/nnenum/vnncomp2025_benchmarks/benchmarks/cifar100_2024/vnnlib/CIFAR100_resnet_large_prop_idx_484_sidx_161_eps_0.0039.vnnlib,.006715420,error_exit_code_1,1.366965153
cifar100_2024,/home/elipregerson/nnenum/vnncomp2025_benchmarks/benchmarks/cifar100_2024/onnx/CIFAR100_resnet_large.onnx,/home/elipregerson/nnenum/vnncomp2025_benchmarks/benchmarks/cifar100_2024/vnnlib/CIFAR100_resnet_large_prop_idx_62_sidx_313_eps_0.0039.vnnlib,.006395451,error_exit_code_1,1.372785440
cifar100_2024,/home/elipregerson/nnenum/vnncomp2025_benchmarks/benchmarks/cifar100_2024/onnx/CIFAR100_resnet_large.onnx,/home/elipregerson/nnenum/vnncomp2025_benchmarks/benchmarks/cifar100_2024/vnnlib/CIFAR100_resnet_large_prop_idx_6269_sidx_6873_eps_0.0039.vnnlib,.006674485,error_exit_code_1,1.352246547
cifar100_2024,/home/elipregerson/nnenum/vnncomp2025_benchmarks/benchmarks/cifar100_2024/onnx/CIFAR100_resnet_large.onnx,/home/elipregerson/nnenum/vnncomp2025_benchmarks/benchmarks/cifar100_2024/vnnlib/CIFAR100_resnet_large_prop_idx_3703_sidx_3842_eps_0.0039.vnnlib,.006431426,error_exit_code_1,1.344806192
cifar100_2024,/home/elipregerson/nnenum/vnncomp2025_benchmarks/benchmarks/cifar100_2024/onnx/CIFAR100_resnet_large.onnx,/home/elipregerson/nnenum/vnncomp2025_benchmarks/benchmarks/cifar100_2024/vnnlib/CIFAR100_resnet_large_prop_idx_2998_sidx_6947_eps_0.0039.vnnlib,.006538611,error_exit_code_1,1.359614660
cifar100_2024,/home/elipregerson/nnenum/vnncomp2025_benchmarks/benchmarks/cifar100_2024/onnx/CIFAR100_resnet_large.onnx,/home/elipregerson/nnenum/vnncomp2025_benchmarks/benchmarks/cifar100_2024/vnnlib/CIFAR100_resnet_large_prop_idx_7926_sidx_589_eps_0.0039.vnnlib,.006483464,error_exit_code_1,1.354483227
cifar100_2024,/home/elipregerson/nnenum/vnncomp2025_benchmarks/benchmarks/cifar100_2024/onnx/CIFAR100_resnet_large.onnx,/home/elipregerson/nnenum/vnncomp2025_benchmarks/benchmarks/cifar100_2024/vnnlib/CIFAR100_resnet_large_prop_idx_3681_sidx_4987_eps_0.0039.vnnlib,.006665615,error_exit_code_1,1.366239875
cifar100_2024,/home/elipregerson/nnenum/vnncomp2025_benchmarks/benchmarks/cifar100_2024/onnx/CIFAR100_resnet_large.onnx,/home/elipregerson/nnenum/vnncomp2025_benchmarks/benchmarks/cifar100_2024/vnnlib/CIFAR100_resnet_large_prop_idx_5410_sidx_2762_eps_0.0039.vnnlib,.006406539,error_exit_code_1,1.333124031
cifar100_2024,/home/elipregerson/nnenum/vnncomp2025_benchmarks/benchmarks/cifar100_2024/onnx/CIFAR100_resnet_large.onnx,/home/elipregerson/nnenum/vnncomp2025_benchmarks/benchmarks/cifar100_2024/vnnlib/CIFAR100_resnet_large_prop_idx_1280_sidx_5310_eps_0.0039.vnnlib,.006481955,error_exit_code_1,1.358737924
cifar100_2024,/home/elipregerson/nnenum/vnncomp2025_benchmarks/benchmarks/cifar100_2024/onnx/CIFAR100_resnet_large.onnx,/home/elipregerson/nnenum/vnncomp2025_benchmarks/benchmarks/cifar100_2024/vnnlib/CIFAR100_resnet_large_prop_idx_7233_sidx_4318_eps_0.0039.vnnlib,.006518283,error_exit_code_1,1.358179856
cifar100_2024,/home/elipregerson/nnenum/vnncomp2025_benchmarks/benchmarks/cifar100_2024/onnx/CIFAR100_resnet_large.onnx,/home/elipregerson/nnenum/vnncomp2025_benchmarks/benchmarks/cifar100_2024/vnnlib/CIFAR100_resnet_large_prop_idx_2724_sidx_6459_eps_0.0039.vnnlib,.006419803,error_exit_code_1,1.337304171
cifar100_2024,/home/elipregerson/nnenum/vnncomp2025_benchmarks/benchmarks/cifar100_2024/onnx/CIFAR100_resnet_large.onnx,/home/elipregerson/nnenum/vnncomp2025_benchmarks/benchmarks/cifar100_2024/vnnlib/CIFAR100_resnet_large_prop_idx_3894_sidx_5803_eps_0.0039.vnnlib,.006301455,error_exit_code_1,1.344636835
cifar100_2024,/home/elipregerson/nnenum/vnncomp2025_benchmarks/benchmarks/cifar100_2024/onnx/CIFAR100_resnet_large.onnx,/home/elipregerson/nnenum/vnncomp2025_benchmarks/benchmarks/cifar100_2024/vnnlib/CIFAR100_resnet_large_prop_idx_3858_sidx_134_eps_0.0039.vnnlib,.006365001,error_exit_code_1,1.355670819
cifar100_2024,/home/elipregerson/nnenum/vnncomp2025_benchmarks/benchmarks/cifar100_2024/onnx/CIFAR100_resnet_large.onnx,/home/elipregerson/nnenum/vnncomp2025_benchmarks/benchmarks/cifar100_2024/vnnlib/CIFAR100_resnet_large_prop_idx_8005_sidx_2582_eps_0.0039.vnnlib,.006533236,error_exit_code_1,1.351343828
cifar100_2024,/home/elipregerson/nnenum/vnncomp2025_benchmarks/benchmarks/cifar100_2024/onnx/CIFAR100_resnet_large.onnx,/home/elipregerson/nnenum/vnncomp2025_benchmarks/benchmarks/cifar100_2024/vnnlib/CIFAR100_resnet_large_prop_idx_1298_sidx_33_eps_0.0039.vnnlib,.006478840,error_exit_code_1,1.353748919
cifar100_2024,/home/elipregerson/nnenum/vnncomp2025_benchmarks/benchmarks/cifar100_2024/onnx/CIFAR100_resnet_large.onnx,/home/elipregerson/nnenum/vnncomp2025_benchmarks/benchmarks/cifar100_2024/vnnlib/CIFAR100_resnet_large_prop_idx_9935_sidx_75_eps_0.0039.vnnlib,.006628098,error_exit_code_1,1.364953665
cifar100_2024,/home/elipregerson/nnenum/vnncomp2025_benchmarks/benchmarks/cifar100_2024/onnx/CIFAR100_resnet_large.onnx,/home/elipregerson/nnenum/vnncomp2025_benchmarks/benchmarks/cifar100_2024/vnnlib/CIFAR100_resnet_large_prop_idx_276_sidx_476_eps_0.0039.vnnlib,.006408850,error_exit_code_1,1.357027392
cifar100_2024,/home/elipregerson/nnenum/vnncomp2025_benchmarks/benchmarks/cifar100_2024/onnx/CIFAR100_resnet_large.onnx,/home/elipregerson/nnenum/vnncomp2025_benchmarks/benchmarks/cifar100_2024/vnnlib/CIFAR100_resnet_large_prop_idx_1913_sidx_2767_eps_0.0039.vnnlib,.006405182,error_exit_code_1,1.352349233
cifar100_2024,/home/elipregerson/nnenum/vnncomp2025_benchmarks/benchmarks/cifar100_2024/onnx/CIFAR100_resnet_large.onnx,/home/elipregerson/nnenum/vnncomp2025_benchmarks/benchmarks/cifar100_2024/vnnlib/CIFAR100_resnet_large_prop_idx_1309_sidx_8525_eps_0.0039.vnnlib,.006357092,error_exit_code_1,1.343682459
cifar100_2024,/home/elipregerson/nnenum/vnncomp2025_benchmarks/benchmarks/cifar100_2024/onnx/CIFAR100_resnet_large.onnx,/home/elipregerson/nnenum/vnncomp2025_benchmarks/benchmarks/cifar100_2024/vnnlib/CIFAR100_resnet_large_prop_idx_4862_sidx_9853_eps_0.0039.vnnlib,.006673105,error_exit_code_1,1.363567109
cifar100_2024,/home/elipregerson/nnenum/vnncomp2025_benchmarks/benchmarks/cifar100_2024/onnx/CIFAR100_resnet_large.onnx,/home/elipregerson/nnenum/vnncomp2025_benchmarks/benchmarks/cifar100_2024/vnnlib/CIFAR100_resnet_large_prop_idx_7554_sidx_8201_eps_0.0039.vnnlib,.006414444,error_exit_code_1,1.353006387
cifar100_2024,/home/elipregerson/nnenum/vnncomp2025_benchmarks/benchmarks/cifar100_2024/onnx/CIFAR100_resnet_large.onnx,/home/elipregerson/nnenum/vnncomp2025_benchmarks/benchmarks/cifar100_2024/vnnlib/CIFAR100_resnet_large_prop_idx_4571_sidx_3801_eps_0.0039.vnnlib,.006665726,error_exit_code_1,1.358104094
cifar100_2024,/home/elipregerson/nnenum/vnncomp2025_benchmarks/benchmarks/cifar100_2024/onnx/CIFAR100_resnet_large.onnx,/home/elipregerson/nnenum/vnncomp2025_benchmarks/benchmarks/cifar100_2024/vnnlib/CIFAR100_resnet_large_prop_idx_5769_sidx_1524_eps_0.0039.vnnlib,.006403774,error_exit_code_1,1.371401592
cifar100_2024,/home/elipregerson/nnenum/vnncomp2025_benchmarks/benchmarks/cifar100_2024/onnx/CIFAR100_resnet_large.onnx,/home/elipregerson/nnenum/vnncomp2025_benchmarks/benchmarks/cifar100_2024/vnnlib/CIFAR100_resnet_large_prop_idx_8748_sidx_4804_eps_0.0039.vnnlib,.006356211,error_exit_code_1,1.346559495
cifar100_2024,/home/elipregerson/nnenum/vnncomp2025_benchmarks/benchmarks/cifar100_2024/onnx/CIFAR100_resnet_large.onnx,/home/elipregerson/nnenum/vnncomp2025_benchmarks/benchmarks/cifar100_2024/vnnlib/CIFAR100_resnet_large_prop_idx_3950_sidx_4217_eps_0.0039.vnnlib,.006363214,error_exit_code_1,1.369245755
cifar100_2024,/home/elipregerson/nnenum/vnncomp2025_benchmarks/benchmarks/cifar100_2024/onnx/CIFAR100_resnet_large.onnx,/home/elipregerson/nnenum/vnncomp2025_benchmarks/benchmarks/cifar100_2024/vnnlib/CIFAR100_resnet_large_prop_idx_7886_sidx_7064_eps_0.0039.vnnlib,.006366125,error_exit_code_1,1.340837452
cifar100_2024,/home/elipregerson/nnenum/vnncomp2025_benchmarks/benchmarks/cifar100_2024/onnx/CIFAR100_resnet_large.onnx,/home/elipregerson/nnenum/vnncomp2025_benchmarks/benchmarks/cifar100_2024/vnnlib/CIFAR100_resnet_large_prop_idx_4652_sidx_1371_eps_0.0039.vnnlib,.006571617,error_exit_code_1,1.360980741
cifar100_2024,/home/elipregerson/nnenum/vnncomp2025_benchmarks/benchmarks/cifar100_2024/onnx/CIFAR100_resnet_large.onnx,/home/elipregerson/nnenum/vnncomp2025_benchmarks/benchmarks/cifar100_2024/vnnlib/CIFAR100_resnet_large_prop_idx_1938_sidx_6556_eps_0.0039.vnnlib,.006612163,error_exit_code_1,1.354631859
cifar100_2024,/home/elipregerson/nnenum/vnncomp2025_benchmarks/benchmarks/cifar100_2024/onnx/CIFAR100_resnet_large.onnx,/home/elipregerson/nnenum/vnncomp2025_benchmarks/benchmarks/cifar100_2024/vnnlib/CIFAR100_resnet_large_prop_idx_8332_sidx_4482_eps_0.0039.vnnlib,.006466373,error_exit_code_1,1.357571209
cifar100_2024,/home/elipregerson/nnenum/vnncomp2025_benchmarks/benchmarks/cifar100_2024/onnx/CIFAR100_resnet_large.onnx,/home/elipregerson/nnenum/vnncomp2025_benchmarks/benchmarks/cifar100_2024/vnnlib/CIFAR100_resnet_large_prop_idx_2302_sidx_3657_eps_0.0039.vnnlib,.006728179,error_exit_code_1,1.350557366
cifar100_2024,/home/elipregerson/nnenum/vnncomp2025_benchmarks/benchmarks/cifar100_2024/onnx/CIFAR100_resnet_large.onnx,/home/elipregerson/nnenum/vnncomp2025_benchmarks/benchmarks/cifar100_2024/vnnlib/CIFAR100_resnet_large_prop_idx_7104_sidx_9469_eps_0.0039.vnnlib,.006425290,error_exit_code_1,1.354489855
cifar100_2024,/home/elipregerson/nnenum/vnncomp2025_benchmarks/benchmarks/cifar100_2024/onnx/CIFAR100_resnet_large.onnx,/home/elipregerson/nnenum/vnncomp2025_benchmarks/benchmarks/cifar100_2024/vnnlib/CIFAR100_resnet_large_prop_idx_2783_sidx_8903_eps_0.0039.vnnlib,.006521648,error_exit_code_1,1.349972739
cifar100_2024,/home/elipregerson/nnenum/vnncomp2025_benchmarks/benchmarks/cifar100_2024/onnx/CIFAR100_resnet_large.onnx,/home/elipregerson/nnenum/vnncomp2025_benchmarks/benchmarks/cifar100_2024/vnnlib/CIFAR100_resnet_large_prop_idx_6491_sidx_3620_eps_0.0039.vnnlib,.006499736,error_exit_code_1,1.381044387
cifar100_2024,/home/elipregerson/nnenum/vnncomp2025_benchmarks/benchmarks/cifar100_2024/onnx/CIFAR100_resnet_large.onnx,/home/elipregerson/nnenum/vnncomp2025_benchmarks/benchmarks/cifar100_2024/vnnlib/CIFAR100_resnet_large_prop_idx_5162_sidx_8126_eps_0.0039.vnnlib,.006679953,error_exit_code_1,1.367677224
cifar100_2024,/home/elipregerson/nnenum/vnncomp2025_benchmarks/benchmarks/cifar100_2024/onnx/CIFAR100_resnet_large.onnx,/home/elipregerson/nnenum/vnncomp2025_benchmarks/benchmarks/cifar100_2024/vnnlib/CIFAR100_resnet_large_prop_idx_8502_sidx_2893_eps_0.0039.vnnlib,.006553554,error_exit_code_1,1.363535747
cifar100_2024,/home/elipregerson/nnenum/vnncomp2025_benchmarks/benchmarks/cifar100_2024/onnx/CIFAR100_resnet_large.onnx,/home/elipregerson/nnenum/vnncomp2025_benchmarks/benchmarks/cifar100_2024/vnnlib/CIFAR100_resnet_large_prop_idx_3143_sidx_9413_eps_0.0039.vnnlib,.006561394,error_exit_code_1,1.340953429
cifar100_2024,/home/elipregerson/nnenum/vnncomp2025_benchmarks/benchmarks/cifar100_2024/onnx/CIFAR100_resnet_large.onnx,/home/elipregerson/nnenum/vnncomp2025_benchmarks/benchmarks/cifar100_2024/vnnlib/CIFAR100_resnet_large_prop_idx_656_sidx_2209_eps_0.0039.vnnlib,.006668921,error_exit_code_1,1.341904245
cifar100_2024,/home/elipregerson/nnenum/vnncomp2025_benchmarks/benchmarks/cifar100_2024/onnx/CIFAR100_resnet_large.onnx,/home/elipregerson/nnenum/vnncomp2025_benchmarks/benchmarks/cifar100_2024/vnnlib/CIFAR100_resnet_large_prop_idx_4322_sidx_9995_eps_0.0039.vnnlib,.006533147,error_exit_code_1,1.379067406
cifar100_2024,/home/elipregerson/nnenum/vnncomp2025_benchmarks/benchmarks/cifar100_2024/onnx/CIFAR100_resnet_large.onnx,/home/elipregerson/nnenum/vnncomp2025_benchmarks/benchmarks/cifar100_2024/vnnlib/CIFAR100_resnet_large_prop_idx_5804_sidx_1885_eps_0.0039.vnnlib,.006360052,error_exit_code_1,1.341209838
cifar100_2024,/home/elipregerson/nnenum/vnncomp2025_benchmarks/benchmarks/cifar100_2024/onnx/CIFAR100_resnet_large.onnx,/home/elipregerson/nnenum/vnncomp2025_benchmarks/benchmarks/cifar100_2024/vnnlib/CIFAR100_resnet_large_prop_idx_2630_sidx_1753_eps_0.0039.vnnlib,.006560082,error_exit_code_1,1.344246935
cifar100_2024,/home/elipregerson/nnenum/vnncomp2025_benchmarks/benchmarks/cifar100_2024/onnx/CIFAR100_resnet_large.onnx,/home/elipregerson/nnenum/vnncomp2025_benchmarks/benchmarks/cifar100_2024/vnnlib/CIFAR100_resnet_large_prop_idx_2461_sidx_2912_eps_0.0039.vnnlib,.006508032,error_exit_code_1,1.350892243
cifar100_2024,/home/elipregerson/nnenum/vnncomp2025_benchmarks/benchmarks/cifar100_2024/onnx/CIFAR100_resnet_large.onnx,/home/elipregerson/nnenum/vnncomp2025_benchmarks/benchmarks/cifar100_2024/vnnlib/CIFAR100_resnet_large_prop_idx_4486_sidx_8828_eps_0.0039.vnnlib,.006581667,error_exit_code_1,1.359410055
cifar100_2024,/home/elipregerson/nnenum/vnncomp2025_benchmarks/benchmarks/cifar100_2024/onnx/CIFAR100_resnet_large.onnx,/home/elipregerson/nnenum/vnncomp2025_benchmarks/benchmarks/cifar100_2024/vnnlib/CIFAR100_resnet_large_prop_idx_5810_sidx_7106_eps_0.0039.vnnlib,.006482159,error_exit_code_1,1.330206494
cifar100_2024,/home/elipregerson/nnenum/vnncomp2025_benchmarks/benchmarks/cifar100_2024/onnx/CIFAR100_resnet_large.onnx,/home/elipregerson/nnenum/vnncomp2025_benchmarks/benchmarks/cifar100_2024/vnnlib/CIFAR100_resnet_large_prop_idx_6343_sidx_1886_eps_0.0039.vnnlib,.006677151,error_exit_code_1,1.359370435
cifar100_2024,/home/elipregerson/nnenum/vnncomp2025_benchmarks/benchmarks/cifar100_2024/onnx/CIFAR100_resnet_large.onnx,/home/elipregerson/nnenum/vnncomp2025_benchmarks/benchmarks/cifar100_2024/vnnlib/CIFAR100_resnet_large_prop_idx_9640_sidx_7273_eps_0.0039.vnnlib,.006608469,error_exit_code_1,1.365687000
cifar100_2024,/home/elipregerson/nnenum/vnncomp2025_benchmarks/benchmarks/cifar100_2024/onnx/CIFAR100_resnet_large.onnx,/home/elipregerson/nnenum/vnncomp2025_benchmarks/benchmarks/cifar100_2024/vnnlib/CIFAR100_resnet_large_prop_idx_5522_sidx_5863_eps_0.0039.vnnlib,.006508610,error_exit_code_1,1.389693174
cifar100_2024,/home/elipregerson/nnenum/vnncomp2025_benchmarks/benchmarks/cifar100_2024/onnx/CIFAR100_resnet_large.onnx,/home/elipregerson/nnenum/vnncomp2025_benchmarks/benchmarks/cifar100_2024/vnnlib/CIFAR100_resnet_large_prop_idx_9460_sidx_4347_eps_0.0039.vnnlib,.006541236,error_exit_code_1,1.358306708
cifar100_2024,/home/elipregerson/nnenum/vnncomp2025_benchmarks/benchmarks/cifar100_2024/onnx/CIFAR100_resnet_large.onnx,/home/elipregerson/nnenum/vnncomp2025_benchmarks/benchmarks/cifar100_2024/vnnlib/CIFAR100_resnet_large_prop_idx_8865_sidx_700_eps_0.0039.vnnlib,.006422194,error_exit_code_1,1.337547547
cifar100_2024,/home/elipregerson/nnenum/vnncomp2025_benchmarks/benchmarks/cifar100_2024/onnx/CIFAR100_resnet_large.onnx,/home/elipregerson/nnenum/vnncomp2025_benchmarks/benchmarks/cifar100_2024/vnnlib/CIFAR100_resnet_large_prop_idx_8395_sidx_8915_eps_0.0039.vnnlib,.006301094,error_exit_code_1,1.354321650
cifar100_2024,/home/elipregerson/nnenum/vnncomp2025_benchmarks/benchmarks/cifar100_2024/onnx/CIFAR100_resnet_large.onnx,/home/elipregerson/nnenum/vnncomp2025_benchmarks/benchmarks/cifar100_2024/vnnlib/CIFAR100_resnet_large_prop_idx_9883_sidx_7162_eps_0.0039.vnnlib,.006410454,error_exit_code_1,1.348942268
cifar100_2024,/home/elipregerson/nnenum/vnncomp2025_benchmarks/benchmarks/cifar100_2024/onnx/CIFAR100_resnet_large.onnx,/home/elipregerson/nnenum/vnncomp2025_benchmarks/benchmarks/cifar100_2024/vnnlib/CIFAR100_resnet_large_prop_idx_3573_sidx_2903_eps_0.0039.vnnlib,.006457556,error_exit_code_1,1.355360443
cifar100_2024,/home/elipregerson/nnenum/vnncomp2025_benchmarks/benchmarks/cifar100_2024/onnx/CIFAR100_resnet_large.onnx,/home/elipregerson/nnenum/vnncomp2025_benchmarks/benchmarks/cifar100_2024/vnnlib/CIFAR100_resnet_large_prop_idx_6418_sidx_7923_eps_0.0039.vnnlib,.006473236,error_exit_code_1,1.380343784
cifar100_2024,/home/elipregerson/nnenum/vnncomp2025_benchmarks/benchmarks/cifar100_2024/onnx/CIFAR100_resnet_large.onnx,/home/elipregerson/nnenum/vnncomp2025_benchmarks/benchmarks/cifar100_2024/vnnlib/CIFAR100_resnet_large_prop_idx_2668_sidx_2652_eps_0.0039.vnnlib,.006916980,error_exit_code_1,1.349514028
cifar100_2024,/home/elipregerson/nnenum/vnncomp2025_benchmarks/benchmarks/cifar100_2024/onnx/CIFAR100_resnet_large.onnx,/home/elipregerson/nnenum/vnncomp2025_benchmarks/benchmarks/cifar100_2024/vnnlib/CIFAR100_resnet_large_prop_idx_1216_sidx_6431_eps_0.0039.vnnlib,.006494908,error_exit_code_1,1.339990980
cifar100_2024,/home/elipregerson/nnenum/vnncomp2025_benchmarks/benchmarks/cifar100_2024/onnx/CIFAR100_resnet_large.onnx,/home/elipregerson/nnenum/vnncomp2025_benchmarks/benchmarks/cifar100_2024/vnnlib/CIFAR100_resnet_large_prop_idx_6583_sidx_8860_eps_0.0039.vnnlib,.006396592,error_exit_code_1,1.355314599
cifar100_2024,/home/elipregerson/nnenum/vnncomp2025_benchmarks/benchmarks/cifar100_2024/onnx/CIFAR100_resnet_large.onnx,/home/elipregerson/nnenum/vnncomp2025_benchmarks/benchmarks/cifar100_2024/vnnlib/CIFAR100_resnet_large_prop_idx_5546_sidx_4338_eps_0.0039.vnnlib,.006349639,error_exit_code_1,1.338057940
cifar100_2024,/home/elipregerson/nnenum/vnncomp2025_benchmarks/benchmarks/cifar100_2024/onnx/CIFAR100_resnet_large.onnx,/home/elipregerson/nnenum/vnncomp2025_benchmarks/benchmarks/cifar100_2024/vnnlib/CIFAR100_resnet_large_prop_idx_9845_sidx_200_eps_0.0039.vnnlib,.006422082,error_exit_code_1,1.368952586
cifar100_2024,/home/elipregerson/nnenum/vnncomp2025_benchmarks/benchmarks/cifar100_2024/onnx/CIFAR100_resnet_large.onnx,/home/elipregerson/nnenum/vnncomp2025_benchmarks/benchmarks/cifar100_2024/vnnlib/CIFAR100_resnet_large_prop_idx_8012_sidx_5910_eps_0.0039.vnnlib,.006374853,error_exit_code_1,1.342845014
cifar100_2024,/home/elipregerson/nnenum/vnncomp2025_benchmarks/benchmarks/cifar100_2024/onnx/CIFAR100_resnet_large.onnx,/home/elipregerson/nnenum/vnncomp2025_benchmarks/benchmarks/cifar100_2024/vnnlib/CIFAR100_resnet_large_prop_idx_7884_sidx_6926_eps_0.0039.vnnlib,.006543224,error_exit_code_1,1.344537821
cifar100_2024,/home/elipregerson/nnenum/vnncomp2025_benchmarks/benchmarks/cifar100_2024/onnx/CIFAR100_resnet_large.onnx,/home/elipregerson/nnenum/vnncomp2025_benchmarks/benchmarks/cifar100_2024/vnnlib/CIFAR100_resnet_large_prop_idx_8381_sidx_4474_eps_0.0039.vnnlib,.006429163,error_exit_code_1,1.364593846
cifar100_2024,/home/elipregerson/nnenum/vnncomp2025_benchmarks/benchmarks/cifar100_2024/onnx/CIFAR100_resnet_large.onnx,/home/elipregerson/nnenum/vnncomp2025_benchmarks/benchmarks/cifar100_2024/vnnlib/CIFAR100_resnet_large_prop_idx_483_sidx_7371_eps_0.0039.vnnlib,.006523930,error_exit_code_1,1.351666724
cifar100_2024,/home/elipregerson/nnenum/vnncomp2025_benchmarks/benchmarks/cifar100_2024/onnx/CIFAR100_resnet_large.onnx,/home/elipregerson/nnenum/vnncomp2025_benchmarks/benchmarks/cifar100_2024/vnnlib/CIFAR100_resnet_large_prop_idx_7640_sidx_9025_eps_0.0039.vnnlib,.006528009,error_exit_code_1,1.362538058
cifar100_2024,/home/elipregerson/nnenum/vnncomp2025_benchmarks/benchmarks/cifar100_2024/onnx/CIFAR100_resnet_large.onnx,/home/elipregerson/nnenum/vnncomp2025_benchmarks/benchmarks/cifar100_2024/vnnlib/CIFAR100_resnet_large_prop_idx_5230_sidx_242_eps_0.0039.vnnlib,.006523749,error_exit_code_1,1.376868744
cifar100_2024,/home/elipregerson/nnenum/vnncomp2025_benchmarks/benchmarks/cifar100_2024/onnx/CIFAR100_resnet_large.onnx,/home/elipregerson/nnenum/vnncomp2025_benchmarks/benchmarks/cifar100_2024/vnnlib/CIFAR100_resnet_large_prop_idx_9476_sidx_5602_eps_0.0039.vnnlib,.006586115,error_exit_code_1,1.360917254
cifar100_2024,/home/elipregerson/nnenum/vnncomp2025_benchmarks/benchmarks/cifar100_2024/onnx/CIFAR100_resnet_large.onnx,/home/elipregerson/nnenum/vnncomp2025_benchmarks/benchmarks/cifar100_2024/vnnlib/CIFAR100_resnet_large_prop_idx_7866_sidx_7980_eps_0.0039.vnnlib,.006326370,error_exit_code_1,1.323564949
cifar100_2024,/home/elipregerson/nnenum/vnncomp2025_benchmarks/benchmarks/cifar100_2024/onnx/CIFAR100_resnet_large.onnx,/home/elipregerson/nnenum/vnncomp2025_benchmarks/benchmarks/cifar100_2024/vnnlib/CIFAR100_resnet_large_prop_idx_7436_sidx_5742_eps_0.0039.vnnlib,.006466670,error_exit_code_1,1.338718115
cifar100_2024,/home/elipregerson/nnenum/vnncomp2025_benchmarks/benchmarks/cifar100_2024/onnx/CIFAR100_resnet_large.onnx,/home/elipregerson/nnenum/vnncomp2025_benchmarks/benchmarks/cifar100_2024/vnnlib/CIFAR100_resnet_large_prop_idx_2624_sidx_917_eps_0.0039.vnnlib,.006499429,error_exit_code_1,1.350280365
cifar100_2024,/home/elipregerson/nnenum/vnncomp2025_benchmarks/benchmarks/cifar100_2024/onnx/CIFAR100_resnet_large.onnx,/home/elipregerson/nnenum/vnncomp2025_benchmarks/benchmarks/cifar100_2024/vnnlib/CIFAR100_resnet_large_prop_idx_1241_sidx_5679_eps_0.0039.vnnlib,.006561419,error_exit_code_1,1.371249850
cifar100_2024,/home/elipregerson/nnenum/vnncomp2025_benchmarks/benchmarks/cifar100_2024/onnx/CIFAR100_resnet_large.onnx,/home/elipregerson/nnenum/vnncomp2025_benchmarks/benchmarks/cifar100_2024/vnnlib/CIFAR100_resnet_large_prop_idx_3812_sidx_8477_eps_0.0039.vnnlib,.007122548,error_exit_code_1,1.362209186
cifar100_2024,/home/elipregerson/nnenum/vnncomp2025_benchmarks/benchmarks/cifar100_2024/onnx/CIFAR100_resnet_large.onnx,/home/elipregerson/nnenum/vnncomp2025_benchmarks/benchmarks/cifar100_2024/vnnlib/CIFAR100_resnet_large_prop_idx_9372_sidx_3515_eps_0.0039.vnnlib,.006602121,error_exit_code_1,1.364184334
cifar100_2024,/home/elipregerson/nnenum/vnncomp2025_benchmarks/benchmarks/cifar100_2024/onnx/CIFAR100_resnet_large.onnx,/home/elipregerson/nnenum/vnncomp2025_benchmarks/benchmarks/cifar100_2024/vnnlib/CIFAR100_resnet_large_prop_idx_1590_sidx_2858_eps_0.0039.vnnlib,.006580628,error_exit_code_1,1.383973525
cifar100_2024,/home/elipregerson/nnenum/vnncomp2025_benchmarks/benchmarks/cifar100_2024/onnx/CIFAR100_resnet_large.onnx,/home/elipregerson/nnenum/vnncomp2025_benchmarks/benchmarks/cifar100_2024/vnnlib/CIFAR100_resnet_large_prop_idx_6337_sidx_2381_eps_0.0039.vnnlib,.006412863,error_exit_code_1,1.351573511
cifar100_2024,/home/elipregerson/nnenum/vnncomp2025_benchmarks/benchmarks/cifar100_2024/onnx/CIFAR100_resnet_large.onnx,/home/elipregerson/nnenum/vnncomp2025_benchmarks/benchmarks/cifar100_2024/vnnlib/CIFAR100_resnet_large_prop_idx_6757_sidx_2400_eps_0.0039.vnnlib,.006487108,error_exit_code_1,1.349437965
cifar100_2024,/home/elipregerson/nnenum/vnncomp2025_benchmarks/benchmarks/test/onnx/test_nano.onnx,/home/elipregerson/nnenum/vnncomp2025_benchmarks/benchmarks/test/vnnlib/test_nano.vnnlib,.006637072,unsat,.546267594
